<?xml version="1.0"?>
<gpx xmlns="http://www.topografix.com/GPX/1/1" xmlns:xsi="http://www.w3.org/2001/XMLSchema-instance" version="1.1" creator="AllTrails.com" xsi:schemaLocation="http://www.topografix.com/GPX/1/1 http://www.topografix.com/GPX/1/1/gpx.xsd">
  <metadata>
    <name><![CDATA[Grand Brûlé to Pic White]]></name>
    <desc><![CDATA[]]></desc>
    <link href="http://www.alltrails.com">
      <text>AllTrails, LLC</text>
    </link>
    <bounds minlat="46.208" minlon="-74.58519" maxlat="46.22" maxlon="-74.54793"/>
  </metadata>
  <wpt lat="46.21209" lon="-74.57645">
    <name><![CDATA[Chaises pour se reposer]]></name>
    <desc><![CDATA[]]></desc>
  </wpt>
  <wpt lat="46.21021" lon="-74.56135">
    <name><![CDATA[Point de vue]]></name>
    <desc><![CDATA[]]></desc>
  </wpt>
  <wpt lat="46.22019" lon="-74.55292">
    <name><![CDATA[Chalet du Grand Brûlé]]></name>
    <desc><![CDATA[]]></desc>
  </wpt>
  <wpt lat="46.22199" lon="-74.55584">
    <name><![CDATA[Plateforme pour point de vue]]></name>
    <desc><![CDATA[]]></desc>
  </wpt>
  <trk>
    <name><![CDATA[Grand Brûlé to Pic White]]></name>
    <src>AllTrails</src>
    <trkseg>
      <trkpt lat="46.21337" lon="-74.58519">
        <ele>263.19</ele>
      </trkpt>
      <trkpt lat="46.21336" lon="-74.58494">
        <ele>261.35</ele>
      </trkpt>
      <trkpt lat="46.21336" lon="-74.58487">
        <ele>260.6</ele>
      </trkpt>
      <trkpt lat="46.21336" lon="-74.5848">
        <ele>259.84</ele>
      </trkpt>
      <trkpt lat="46.21336" lon="-74.58472">
        <ele>259.02</ele>
      </trkpt>
      <trkpt lat="46.21335" lon="-74.58465">
        <ele>259.67</ele>
      </trkpt>
      <trkpt lat="46.21336" lon="-74.58458">
        <ele>260.19</ele>
      </trkpt>
      <trkpt lat="46.21336" lon="-74.58451">
        <ele>260.78</ele>
      </trkpt>
      <trkpt lat="46.21337" lon="-74.58444">
        <ele>261.03</ele>
      </trkpt>
      <trkpt lat="46.21338" lon="-74.58438">
        <ele>260.17</ele>
      </trkpt>
      <trkpt lat="46.21339" lon="-74.58431">
        <ele>259.33</ele>
      </trkpt>
      <trkpt lat="46.21339" lon="-74.58424">
        <ele>258.68</ele>
      </trkpt>
      <trkpt lat="46.21339" lon="-74.58417">
        <ele>258.03</ele>
      </trkpt>
      <trkpt lat="46.21337" lon="-74.5841">
        <ele>257.79</ele>
      </trkpt>
      <trkpt lat="46.21336" lon="-74.58404">
        <ele>257.59</ele>
      </trkpt>
      <trkpt lat="46.21334" lon="-74.58397">
        <ele>257.31</ele>
      </trkpt>
      <trkpt lat="46.21334" lon="-74.58391">
        <ele>257.1</ele>
      </trkpt>
      <trkpt lat="46.21334" lon="-74.58384">
        <ele>257.03</ele>
      </trkpt>
      <trkpt lat="46.21335" lon="-74.5838">
        <ele>257.1</ele>
      </trkpt>
      <trkpt lat="46.21339" lon="-74.58373">
        <ele>257.44</ele>
      </trkpt>
      <trkpt lat="46.21342" lon="-74.58368">
        <ele>257.78</ele>
      </trkpt>
      <trkpt lat="46.21346" lon="-74.58363">
        <ele>258.31</ele>
      </trkpt>
      <trkpt lat="46.21347" lon="-74.58356">
        <ele>259.39</ele>
      </trkpt>
      <trkpt lat="46.21348" lon="-74.58349">
        <ele>260.79</ele>
      </trkpt>
      <trkpt lat="46.21349" lon="-74.58342">
        <ele>262.22</ele>
      </trkpt>
      <trkpt lat="46.21348" lon="-74.58335">
        <ele>263.34</ele>
      </trkpt>
      <trkpt lat="46.21347" lon="-74.58328">
        <ele>265.09</ele>
      </trkpt>
      <trkpt lat="46.21346" lon="-74.58322">
        <ele>266.77</ele>
      </trkpt>
      <trkpt lat="46.21345" lon="-74.58314">
        <ele>269.07</ele>
      </trkpt>
      <trkpt lat="46.21346" lon="-74.58308">
        <ele>271.07</ele>
      </trkpt>
      <trkpt lat="46.21345" lon="-74.583">
        <ele>272.83</ele>
      </trkpt>
      <trkpt lat="46.21343" lon="-74.58294">
        <ele>273.87</ele>
      </trkpt>
      <trkpt lat="46.21342" lon="-74.58286">
        <ele>275.52</ele>
      </trkpt>
      <trkpt lat="46.21342" lon="-74.5828">
        <ele>276.83</ele>
      </trkpt>
      <trkpt lat="46.21342" lon="-74.58279">
        <ele>277.05</ele>
      </trkpt>
      <trkpt lat="46.21344" lon="-74.58267">
        <ele>278.04</ele>
      </trkpt>
      <trkpt lat="46.21347" lon="-74.58262">
        <ele>278.88</ele>
      </trkpt>
      <trkpt lat="46.21352" lon="-74.58261">
        <ele>279.91</ele>
      </trkpt>
      <trkpt lat="46.21356" lon="-74.58262">
        <ele>280.49</ele>
      </trkpt>
      <trkpt lat="46.21361" lon="-74.58263">
        <ele>281.17</ele>
      </trkpt>
      <trkpt lat="46.21366" lon="-74.58261">
        <ele>282.05</ele>
      </trkpt>
      <trkpt lat="46.2137" lon="-74.5826">
        <ele>282.66</ele>
      </trkpt>
      <trkpt lat="46.21375" lon="-74.58258">
        <ele>283.7</ele>
      </trkpt>
      <trkpt lat="46.21379" lon="-74.58257">
        <ele>284.41</ele>
      </trkpt>
      <trkpt lat="46.21384" lon="-74.58253">
        <ele>286.29</ele>
      </trkpt>
      <trkpt lat="46.21387" lon="-74.58249">
        <ele>287.94</ele>
      </trkpt>
      <trkpt lat="46.21392" lon="-74.58246">
        <ele>289.82</ele>
      </trkpt>
      <trkpt lat="46.21395" lon="-74.58241">
        <ele>291.71</ele>
      </trkpt>
      <trkpt lat="46.21397" lon="-74.58236">
        <ele>293.21</ele>
      </trkpt>
      <trkpt lat="46.21398" lon="-74.58229">
        <ele>294.74</ele>
      </trkpt>
      <trkpt lat="46.21397" lon="-74.58222">
        <ele>295.83</ele>
      </trkpt>
      <trkpt lat="46.21396" lon="-74.58216">
        <ele>297.66</ele>
      </trkpt>
      <trkpt lat="46.21395" lon="-74.58212">
        <ele>298.84</ele>
      </trkpt>
      <trkpt lat="46.21394" lon="-74.58207">
        <ele>300.38</ele>
      </trkpt>
      <trkpt lat="46.21395" lon="-74.58201">
        <ele>302.62</ele>
      </trkpt>
      <trkpt lat="46.21398" lon="-74.58195">
        <ele>305.13</ele>
      </trkpt>
      <trkpt lat="46.21403" lon="-74.58194">
        <ele>306.19</ele>
      </trkpt>
      <trkpt lat="46.21408" lon="-74.58193">
        <ele>307.25</ele>
      </trkpt>
      <trkpt lat="46.21412" lon="-74.58193">
        <ele>307.81</ele>
      </trkpt>
      <trkpt lat="46.21417" lon="-74.58193">
        <ele>308.6</ele>
      </trkpt>
      <trkpt lat="46.21422" lon="-74.58191">
        <ele>311.06</ele>
      </trkpt>
      <trkpt lat="46.21424" lon="-74.58185">
        <ele>313.34</ele>
      </trkpt>
      <trkpt lat="46.21425" lon="-74.58179">
        <ele>315.14</ele>
      </trkpt>
      <trkpt lat="46.21429" lon="-74.58174">
        <ele>317.22</ele>
      </trkpt>
      <trkpt lat="46.21434" lon="-74.58173">
        <ele>318.44</ele>
      </trkpt>
      <trkpt lat="46.21438" lon="-74.58173">
        <ele>319.25</ele>
      </trkpt>
      <trkpt lat="46.21443" lon="-74.58174">
        <ele>320.17</ele>
      </trkpt>
      <trkpt lat="46.21447" lon="-74.58171">
        <ele>321.15</ele>
      </trkpt>
      <trkpt lat="46.21452" lon="-74.58169">
        <ele>322.19</ele>
      </trkpt>
      <trkpt lat="46.21456" lon="-74.58167">
        <ele>323.06</ele>
      </trkpt>
      <trkpt lat="46.21458" lon="-74.58166">
        <ele>323.55</ele>
      </trkpt>
      <trkpt lat="46.21459" lon="-74.58165">
        <ele>323.89</ele>
      </trkpt>
      <trkpt lat="46.21462" lon="-74.58158">
        <ele>325.52</ele>
      </trkpt>
      <trkpt lat="46.21465" lon="-74.58151">
        <ele>327.1</ele>
      </trkpt>
      <trkpt lat="46.21465" lon="-74.58143">
        <ele>328.33</ele>
      </trkpt>
      <trkpt lat="46.21461" lon="-74.58137">
        <ele>328.62</ele>
      </trkpt>
      <trkpt lat="46.21456" lon="-74.58131">
        <ele>328.68</ele>
      </trkpt>
      <trkpt lat="46.2145" lon="-74.58128">
        <ele>328.29</ele>
      </trkpt>
      <trkpt lat="46.21444" lon="-74.58124">
        <ele>328.17</ele>
      </trkpt>
      <trkpt lat="46.21439" lon="-74.58124">
        <ele>328.45</ele>
      </trkpt>
      <trkpt lat="46.21433" lon="-74.58122">
        <ele>329.09</ele>
      </trkpt>
      <trkpt lat="46.21427" lon="-74.58123">
        <ele>329.28</ele>
      </trkpt>
      <trkpt lat="46.21422" lon="-74.58122">
        <ele>329.73</ele>
      </trkpt>
      <trkpt lat="46.21416" lon="-74.58126">
        <ele>329.32</ele>
      </trkpt>
      <trkpt lat="46.2141" lon="-74.58129">
        <ele>328.85</ele>
      </trkpt>
      <trkpt lat="46.21404" lon="-74.58134">
        <ele>328.18</ele>
      </trkpt>
      <trkpt lat="46.21398" lon="-74.58138">
        <ele>327.79</ele>
      </trkpt>
      <trkpt lat="46.21392" lon="-74.58143">
        <ele>326.01</ele>
      </trkpt>
      <trkpt lat="46.21387" lon="-74.58145">
        <ele>324.82</ele>
      </trkpt>
      <trkpt lat="46.21381" lon="-74.58149">
        <ele>322.18</ele>
      </trkpt>
      <trkpt lat="46.21375" lon="-74.58149">
        <ele>321.36</ele>
      </trkpt>
      <trkpt lat="46.21369" lon="-74.58149">
        <ele>320.54</ele>
      </trkpt>
      <trkpt lat="46.21365" lon="-74.58145">
        <ele>321.12</ele>
      </trkpt>
      <trkpt lat="46.21364" lon="-74.58138">
        <ele>322.83</ele>
      </trkpt>
      <trkpt lat="46.21363" lon="-74.5813">
        <ele>324.56</ele>
      </trkpt>
      <trkpt lat="46.21358" lon="-74.58127">
        <ele>324.61</ele>
      </trkpt>
      <trkpt lat="46.21354" lon="-74.58125">
        <ele>324.73</ele>
      </trkpt>
      <trkpt lat="46.21352" lon="-74.58117">
        <ele>327.1</ele>
      </trkpt>
      <trkpt lat="46.21349" lon="-74.5811">
        <ele>329.26</ele>
      </trkpt>
      <trkpt lat="46.21347" lon="-74.58102">
        <ele>331.13</ele>
      </trkpt>
      <trkpt lat="46.21344" lon="-74.58094">
        <ele>332.93</ele>
      </trkpt>
      <trkpt lat="46.21344" lon="-74.58085">
        <ele>335.0</ele>
      </trkpt>
      <trkpt lat="46.21342" lon="-74.58077">
        <ele>336.01</ele>
      </trkpt>
      <trkpt lat="46.21341" lon="-74.58068">
        <ele>337.03</ele>
      </trkpt>
      <trkpt lat="46.21339" lon="-74.5806">
        <ele>338.05</ele>
      </trkpt>
      <trkpt lat="46.21339" lon="-74.58052">
        <ele>338.64</ele>
      </trkpt>
      <trkpt lat="46.21343" lon="-74.58045">
        <ele>338.57</ele>
      </trkpt>
      <trkpt lat="46.21345" lon="-74.58038">
        <ele>338.69</ele>
      </trkpt>
      <trkpt lat="46.21349" lon="-74.58031">
        <ele>338.87</ele>
      </trkpt>
      <trkpt lat="46.21352" lon="-74.58024">
        <ele>339.5</ele>
      </trkpt>
      <trkpt lat="46.21356" lon="-74.58018">
        <ele>340.19</ele>
      </trkpt>
      <trkpt lat="46.2136" lon="-74.58012">
        <ele>340.75</ele>
      </trkpt>
      <trkpt lat="46.21362" lon="-74.58003">
        <ele>341.76</ele>
      </trkpt>
      <trkpt lat="46.21361" lon="-74.57994">
        <ele>343.73</ele>
      </trkpt>
      <trkpt lat="46.21358" lon="-74.57989">
        <ele>345.21</ele>
      </trkpt>
      <trkpt lat="46.2135" lon="-74.57982">
        <ele>346.95</ele>
      </trkpt>
      <trkpt lat="46.21345" lon="-74.57981">
        <ele>347.05</ele>
      </trkpt>
      <trkpt lat="46.21341" lon="-74.5798">
        <ele>347.12</ele>
      </trkpt>
      <trkpt lat="46.21338" lon="-74.57974">
        <ele>348.04</ele>
      </trkpt>
      <trkpt lat="46.21337" lon="-74.57968">
        <ele>349.02</ele>
      </trkpt>
      <trkpt lat="46.21335" lon="-74.57961">
        <ele>350.14</ele>
      </trkpt>
      <trkpt lat="46.21331" lon="-74.57956">
        <ele>351.17</ele>
      </trkpt>
      <trkpt lat="46.21328" lon="-74.57952">
        <ele>352.34</ele>
      </trkpt>
      <trkpt lat="46.21324" lon="-74.57948">
        <ele>353.82</ele>
      </trkpt>
      <trkpt lat="46.2132" lon="-74.57944">
        <ele>355.48</ele>
      </trkpt>
      <trkpt lat="46.21317" lon="-74.5794">
        <ele>356.71</ele>
      </trkpt>
      <trkpt lat="46.21312" lon="-74.57938">
        <ele>357.88</ele>
      </trkpt>
      <trkpt lat="46.2131" lon="-74.57937">
        <ele>358.36</ele>
      </trkpt>
      <trkpt lat="46.213" lon="-74.57936">
        <ele>358.26</ele>
      </trkpt>
      <trkpt lat="46.21296" lon="-74.57935">
        <ele>357.76</ele>
      </trkpt>
      <trkpt lat="46.2129" lon="-74.57935">
        <ele>356.76</ele>
      </trkpt>
      <trkpt lat="46.21285" lon="-74.57934">
        <ele>356.18</ele>
      </trkpt>
      <trkpt lat="46.21281" lon="-74.57932">
        <ele>356.07</ele>
      </trkpt>
      <trkpt lat="46.21276" lon="-74.57929">
        <ele>355.77</ele>
      </trkpt>
      <trkpt lat="46.21271" lon="-74.57926">
        <ele>354.71</ele>
      </trkpt>
      <trkpt lat="46.21267" lon="-74.57922">
        <ele>354.27</ele>
      </trkpt>
      <trkpt lat="46.21264" lon="-74.57917">
        <ele>354.45</ele>
      </trkpt>
      <trkpt lat="46.21263" lon="-74.57911">
        <ele>354.98</ele>
      </trkpt>
      <trkpt lat="46.21264" lon="-74.57904">
        <ele>356.36</ele>
      </trkpt>
      <trkpt lat="46.21266" lon="-74.57898">
        <ele>357.92</ele>
      </trkpt>
      <trkpt lat="46.2127" lon="-74.57895">
        <ele>359.7</ele>
      </trkpt>
      <trkpt lat="46.21275" lon="-74.57898">
        <ele>361.05</ele>
      </trkpt>
      <trkpt lat="46.21279" lon="-74.57901">
        <ele>361.9</ele>
      </trkpt>
      <trkpt lat="46.21283" lon="-74.57905">
        <ele>362.03</ele>
      </trkpt>
      <trkpt lat="46.21288" lon="-74.57906">
        <ele>362.59</ele>
      </trkpt>
      <trkpt lat="46.21293" lon="-74.57906">
        <ele>363.3</ele>
      </trkpt>
      <trkpt lat="46.21296" lon="-74.57901">
        <ele>364.85</ele>
      </trkpt>
      <trkpt lat="46.21296" lon="-74.57895">
        <ele>366.21</ele>
      </trkpt>
      <trkpt lat="46.21294" lon="-74.5789">
        <ele>366.85</ele>
      </trkpt>
      <trkpt lat="46.21289" lon="-74.57885">
        <ele>367.17</ele>
      </trkpt>
      <trkpt lat="46.21287" lon="-74.5788">
        <ele>368.42</ele>
      </trkpt>
      <trkpt lat="46.21285" lon="-74.57872">
        <ele>370.74</ele>
      </trkpt>
      <trkpt lat="46.21281" lon="-74.57865">
        <ele>372.31</ele>
      </trkpt>
      <trkpt lat="46.21279" lon="-74.57857">
        <ele>374.59</ele>
      </trkpt>
      <trkpt lat="46.21274" lon="-74.57851">
        <ele>374.97</ele>
      </trkpt>
      <trkpt lat="46.21269" lon="-74.57845">
        <ele>375.24</ele>
      </trkpt>
      <trkpt lat="46.21264" lon="-74.5784">
        <ele>375.26</ele>
      </trkpt>
      <trkpt lat="46.21259" lon="-74.57834">
        <ele>375.68</ele>
      </trkpt>
      <trkpt lat="46.21255" lon="-74.57828">
        <ele>375.98</ele>
      </trkpt>
      <trkpt lat="46.21251" lon="-74.57822">
        <ele>376.51</ele>
      </trkpt>
      <trkpt lat="46.21246" lon="-74.57815">
        <ele>377.37</ele>
      </trkpt>
      <trkpt lat="46.21242" lon="-74.57809">
        <ele>378.24</ele>
      </trkpt>
      <trkpt lat="46.21236" lon="-74.57804">
        <ele>378.37</ele>
      </trkpt>
      <trkpt lat="46.21232" lon="-74.57798">
        <ele>379.1</ele>
      </trkpt>
      <trkpt lat="46.21227" lon="-74.57792">
        <ele>379.77</ele>
      </trkpt>
      <trkpt lat="46.21223" lon="-74.57786">
        <ele>380.76</ele>
      </trkpt>
      <trkpt lat="46.21219" lon="-74.57779">
        <ele>382.78</ele>
      </trkpt>
      <trkpt lat="46.21214" lon="-74.57773">
        <ele>384.47</ele>
      </trkpt>
      <trkpt lat="46.21209" lon="-74.57768">
        <ele>385.62</ele>
      </trkpt>
      <trkpt lat="46.21203" lon="-74.57763">
        <ele>386.48</ele>
      </trkpt>
      <trkpt lat="46.21199" lon="-74.57757">
        <ele>387.32</ele>
      </trkpt>
      <trkpt lat="46.21194" lon="-74.57751">
        <ele>387.94</ele>
      </trkpt>
      <trkpt lat="46.2119" lon="-74.57744">
        <ele>390.39</ele>
      </trkpt>
      <trkpt lat="46.21187" lon="-74.57737">
        <ele>392.58</ele>
      </trkpt>
      <trkpt lat="46.21183" lon="-74.5773">
        <ele>394.63</ele>
      </trkpt>
      <trkpt lat="46.2118" lon="-74.57723">
        <ele>396.35</ele>
      </trkpt>
      <trkpt lat="46.21177" lon="-74.57716">
        <ele>397.24</ele>
      </trkpt>
      <trkpt lat="46.21174" lon="-74.57708">
        <ele>398.03</ele>
      </trkpt>
      <trkpt lat="46.21169" lon="-74.57703">
        <ele>398.42</ele>
      </trkpt>
      <trkpt lat="46.21165" lon="-74.57697">
        <ele>399.05</ele>
      </trkpt>
      <trkpt lat="46.21163" lon="-74.57695">
        <ele>399.49</ele>
      </trkpt>
      <trkpt lat="46.21158" lon="-74.57689">
        <ele>401.09</ele>
      </trkpt>
      <trkpt lat="46.21156" lon="-74.57683">
        <ele>402.34</ele>
      </trkpt>
      <trkpt lat="46.21155" lon="-74.57677">
        <ele>403.46</ele>
      </trkpt>
      <trkpt lat="46.21155" lon="-74.5767">
        <ele>404.57</ele>
      </trkpt>
      <trkpt lat="46.21157" lon="-74.57664">
        <ele>405.25</ele>
      </trkpt>
      <trkpt lat="46.21161" lon="-74.57659">
        <ele>405.56</ele>
      </trkpt>
      <trkpt lat="46.21165" lon="-74.57656">
        <ele>405.56</ele>
      </trkpt>
      <trkpt lat="46.21169" lon="-74.57654">
        <ele>405.87</ele>
      </trkpt>
      <trkpt lat="46.21174" lon="-74.57651">
        <ele>406.76</ele>
      </trkpt>
      <trkpt lat="46.21178" lon="-74.57648">
        <ele>407.57</ele>
      </trkpt>
      <trkpt lat="46.21182" lon="-74.57646">
        <ele>408.16</ele>
      </trkpt>
      <trkpt lat="46.21187" lon="-74.57646">
        <ele>408.38</ele>
      </trkpt>
      <trkpt lat="46.21192" lon="-74.57644">
        <ele>408.98</ele>
      </trkpt>
      <trkpt lat="46.21196" lon="-74.57644">
        <ele>409.45</ele>
      </trkpt>
      <trkpt lat="46.21197" lon="-74.57644">
        <ele>409.69</ele>
      </trkpt>
      <trkpt lat="46.21199" lon="-74.57643">
        <ele>410.36</ele>
      </trkpt>
      <trkpt lat="46.21199" lon="-74.57636">
        <ele>411.88</ele>
      </trkpt>
      <trkpt lat="46.21195" lon="-74.57632">
        <ele>411.88</ele>
      </trkpt>
      <trkpt lat="46.21192" lon="-74.57627">
        <ele>413.02</ele>
      </trkpt>
      <trkpt lat="46.21191" lon="-74.57625">
        <ele>413.56</ele>
      </trkpt>
      <trkpt lat="46.21187" lon="-74.57618">
        <ele>415.6</ele>
      </trkpt>
      <trkpt lat="46.21184" lon="-74.57614">
        <ele>416.91</ele>
      </trkpt>
      <trkpt lat="46.21181" lon="-74.57607">
        <ele>418.78</ele>
      </trkpt>
      <trkpt lat="46.21177" lon="-74.57601">
        <ele>420.21</ele>
      </trkpt>
      <trkpt lat="46.21173" lon="-74.57594">
        <ele>421.76</ele>
      </trkpt>
      <trkpt lat="46.2117" lon="-74.57587">
        <ele>423.2</ele>
      </trkpt>
      <trkpt lat="46.21166" lon="-74.57581">
        <ele>424.17</ele>
      </trkpt>
      <trkpt lat="46.21161" lon="-74.57574">
        <ele>424.74</ele>
      </trkpt>
      <trkpt lat="46.21158" lon="-74.57569">
        <ele>425.19</ele>
      </trkpt>
      <trkpt lat="46.21153" lon="-74.57563">
        <ele>425.82</ele>
      </trkpt>
      <trkpt lat="46.2115" lon="-74.57559">
        <ele>426.28</ele>
      </trkpt>
      <trkpt lat="46.21146" lon="-74.57555">
        <ele>426.76</ele>
      </trkpt>
      <trkpt lat="46.21142" lon="-74.57552">
        <ele>427.02</ele>
      </trkpt>
      <trkpt lat="46.21138" lon="-74.57549">
        <ele>427.26</ele>
      </trkpt>
      <trkpt lat="46.21134" lon="-74.57546">
        <ele>427.46</ele>
      </trkpt>
      <trkpt lat="46.21129" lon="-74.57544">
        <ele>427.62</ele>
      </trkpt>
      <trkpt lat="46.21125" lon="-74.57542">
        <ele>427.74</ele>
      </trkpt>
      <trkpt lat="46.2112" lon="-74.57541">
        <ele>427.85</ele>
      </trkpt>
      <trkpt lat="46.21115" lon="-74.57539">
        <ele>427.94</ele>
      </trkpt>
      <trkpt lat="46.21111" lon="-74.57537">
        <ele>427.99</ele>
      </trkpt>
      <trkpt lat="46.21109" lon="-74.57536">
        <ele>427.91</ele>
      </trkpt>
      <trkpt lat="46.21104" lon="-74.57534">
        <ele>427.77</ele>
      </trkpt>
      <trkpt lat="46.21103" lon="-74.57533">
        <ele>427.78</ele>
      </trkpt>
      <trkpt lat="46.211" lon="-74.57532">
        <ele>427.76</ele>
      </trkpt>
      <trkpt lat="46.21097" lon="-74.57529">
        <ele>427.91</ele>
      </trkpt>
      <trkpt lat="46.21094" lon="-74.57524">
        <ele>428.3</ele>
      </trkpt>
      <trkpt lat="46.21091" lon="-74.5752">
        <ele>428.69</ele>
      </trkpt>
      <trkpt lat="46.21087" lon="-74.57515">
        <ele>429.26</ele>
      </trkpt>
      <trkpt lat="46.21086" lon="-74.57508">
        <ele>430.0</ele>
      </trkpt>
      <trkpt lat="46.21086" lon="-74.57501">
        <ele>430.71</ele>
      </trkpt>
      <trkpt lat="46.21088" lon="-74.57495">
        <ele>431.29</ele>
      </trkpt>
      <trkpt lat="46.21089" lon="-74.57489">
        <ele>431.93</ele>
      </trkpt>
      <trkpt lat="46.21091" lon="-74.57482">
        <ele>432.5</ele>
      </trkpt>
      <trkpt lat="46.21093" lon="-74.57476">
        <ele>432.86</ele>
      </trkpt>
      <trkpt lat="46.21097" lon="-74.57473">
        <ele>432.47</ele>
      </trkpt>
      <trkpt lat="46.21103" lon="-74.5746">
        <ele>432.34</ele>
      </trkpt>
      <trkpt lat="46.21104" lon="-74.57458">
        <ele>432.3</ele>
      </trkpt>
      <trkpt lat="46.21105" lon="-74.57455">
        <ele>432.34</ele>
      </trkpt>
      <trkpt lat="46.21108" lon="-74.5745">
        <ele>432.16</ele>
      </trkpt>
      <trkpt lat="46.2111" lon="-74.57444">
        <ele>432.26</ele>
      </trkpt>
      <trkpt lat="46.2111" lon="-74.57437">
        <ele>433.26</ele>
      </trkpt>
      <trkpt lat="46.21111" lon="-74.5743">
        <ele>434.1</ele>
      </trkpt>
      <trkpt lat="46.2111" lon="-74.57424">
        <ele>435.11</ele>
      </trkpt>
      <trkpt lat="46.21109" lon="-74.57417">
        <ele>436.26</ele>
      </trkpt>
      <trkpt lat="46.21107" lon="-74.57411">
        <ele>436.88</ele>
      </trkpt>
      <trkpt lat="46.21106" lon="-74.57404">
        <ele>437.31</ele>
      </trkpt>
      <trkpt lat="46.21104" lon="-74.57398">
        <ele>437.68</ele>
      </trkpt>
      <trkpt lat="46.21103" lon="-74.57392">
        <ele>437.91</ele>
      </trkpt>
      <trkpt lat="46.21103" lon="-74.57392">
        <ele>437.91</ele>
      </trkpt>
      <trkpt lat="46.21098" lon="-74.57372">
        <ele>435.57</ele>
      </trkpt>
      <trkpt lat="46.21097" lon="-74.57366">
        <ele>434.7</ele>
      </trkpt>
      <trkpt lat="46.21095" lon="-74.57359">
        <ele>433.63</ele>
      </trkpt>
      <trkpt lat="46.21095" lon="-74.57358">
        <ele>433.46</ele>
      </trkpt>
      <trkpt lat="46.21093" lon="-74.57352">
        <ele>432.46</ele>
      </trkpt>
      <trkpt lat="46.21092" lon="-74.5735">
        <ele>432.15</ele>
      </trkpt>
      <trkpt lat="46.21089" lon="-74.57343">
        <ele>431.13</ele>
      </trkpt>
      <trkpt lat="46.21086" lon="-74.57336">
        <ele>430.21</ele>
      </trkpt>
      <trkpt lat="46.21081" lon="-74.5733">
        <ele>430.01</ele>
      </trkpt>
      <trkpt lat="46.21077" lon="-74.57323">
        <ele>429.94</ele>
      </trkpt>
      <trkpt lat="46.21074" lon="-74.57316">
        <ele>429.76</ele>
      </trkpt>
      <trkpt lat="46.21069" lon="-74.57311">
        <ele>429.94</ele>
      </trkpt>
      <trkpt lat="46.21068" lon="-74.57306">
        <ele>429.69</ele>
      </trkpt>
      <trkpt lat="46.21067" lon="-74.57299">
        <ele>430.28</ele>
      </trkpt>
      <trkpt lat="46.21066" lon="-74.57292">
        <ele>430.97</ele>
      </trkpt>
      <trkpt lat="46.21068" lon="-74.57286">
        <ele>431.14</ele>
      </trkpt>
      <trkpt lat="46.2107" lon="-74.5728">
        <ele>431.24</ele>
      </trkpt>
      <trkpt lat="46.21072" lon="-74.57274">
        <ele>430.8</ele>
      </trkpt>
      <trkpt lat="46.21074" lon="-74.57268">
        <ele>429.98</ele>
      </trkpt>
      <trkpt lat="46.21075" lon="-74.57261">
        <ele>429.23</ele>
      </trkpt>
      <trkpt lat="46.21074" lon="-74.57254">
        <ele>428.97</ele>
      </trkpt>
      <trkpt lat="46.21074" lon="-74.57248">
        <ele>428.66</ele>
      </trkpt>
      <trkpt lat="46.21072" lon="-74.57241">
        <ele>429.13</ele>
      </trkpt>
      <trkpt lat="46.21071" lon="-74.57234">
        <ele>429.3</ele>
      </trkpt>
      <trkpt lat="46.21069" lon="-74.57227">
        <ele>429.7</ele>
      </trkpt>
      <trkpt lat="46.21068" lon="-74.57221">
        <ele>429.89</ele>
      </trkpt>
      <trkpt lat="46.21067" lon="-74.57218">
        <ele>430.21</ele>
      </trkpt>
      <trkpt lat="46.21065" lon="-74.57212">
        <ele>430.86</ele>
      </trkpt>
      <trkpt lat="46.21064" lon="-74.57205">
        <ele>431.3</ele>
      </trkpt>
      <trkpt lat="46.21065" lon="-74.57198">
        <ele>431.2</ele>
      </trkpt>
      <trkpt lat="46.21067" lon="-74.57192">
        <ele>430.93</ele>
      </trkpt>
      <trkpt lat="46.21067" lon="-74.57185">
        <ele>431.58</ele>
      </trkpt>
      <trkpt lat="46.21069" lon="-74.57179">
        <ele>431.53</ele>
      </trkpt>
      <trkpt lat="46.21071" lon="-74.57173">
        <ele>431.44</ele>
      </trkpt>
      <trkpt lat="46.21072" lon="-74.57171">
        <ele>431.3</ele>
      </trkpt>
      <trkpt lat="46.21075" lon="-74.57164">
        <ele>430.99</ele>
      </trkpt>
      <trkpt lat="46.21076" lon="-74.57159">
        <ele>431.2</ele>
      </trkpt>
      <trkpt lat="46.21078" lon="-74.57153">
        <ele>431.2</ele>
      </trkpt>
      <trkpt lat="46.21083" lon="-74.57144">
        <ele>430.56</ele>
      </trkpt>
      <trkpt lat="46.21087" lon="-74.57139">
        <ele>430.72</ele>
      </trkpt>
      <trkpt lat="46.2109" lon="-74.57134">
        <ele>431.09</ele>
      </trkpt>
      <trkpt lat="46.21093" lon="-74.5713">
        <ele>431.38</ele>
      </trkpt>
      <trkpt lat="46.21096" lon="-74.57126">
        <ele>431.69</ele>
      </trkpt>
      <trkpt lat="46.211" lon="-74.57119">
        <ele>432.38</ele>
      </trkpt>
      <trkpt lat="46.21104" lon="-74.57114">
        <ele>432.87</ele>
      </trkpt>
      <trkpt lat="46.21107" lon="-74.57109">
        <ele>433.3</ele>
      </trkpt>
      <trkpt lat="46.21118" lon="-74.571">
        <ele>434.4</ele>
      </trkpt>
      <trkpt lat="46.21122" lon="-74.57096">
        <ele>435.09</ele>
      </trkpt>
      <trkpt lat="46.21126" lon="-74.57095">
        <ele>435.54</ele>
      </trkpt>
      <trkpt lat="46.21131" lon="-74.57096">
        <ele>435.91</ele>
      </trkpt>
      <trkpt lat="46.21135" lon="-74.571">
        <ele>435.86</ele>
      </trkpt>
      <trkpt lat="46.21139" lon="-74.57103">
        <ele>435.88</ele>
      </trkpt>
      <trkpt lat="46.21144" lon="-74.57103">
        <ele>435.98</ele>
      </trkpt>
      <trkpt lat="46.21149" lon="-74.57103">
        <ele>436.09</ele>
      </trkpt>
      <trkpt lat="46.21153" lon="-74.57102">
        <ele>436.32</ele>
      </trkpt>
      <trkpt lat="46.21158" lon="-74.57102">
        <ele>436.44</ele>
      </trkpt>
      <trkpt lat="46.21162" lon="-74.57104">
        <ele>436.19</ele>
      </trkpt>
      <trkpt lat="46.21166" lon="-74.57108">
        <ele>435.55</ele>
      </trkpt>
      <trkpt lat="46.21169" lon="-74.57113">
        <ele>434.74</ele>
      </trkpt>
      <trkpt lat="46.21173" lon="-74.57118">
        <ele>433.93</ele>
      </trkpt>
      <trkpt lat="46.21176" lon="-74.57123">
        <ele>433.05</ele>
      </trkpt>
      <trkpt lat="46.2118" lon="-74.57126">
        <ele>432.54</ele>
      </trkpt>
      <trkpt lat="46.21185" lon="-74.57126">
        <ele>432.63</ele>
      </trkpt>
      <trkpt lat="46.2119" lon="-74.57124">
        <ele>433.13</ele>
      </trkpt>
      <trkpt lat="46.21194" lon="-74.5712">
        <ele>434.07</ele>
      </trkpt>
      <trkpt lat="46.21197" lon="-74.57116">
        <ele>434.67</ele>
      </trkpt>
      <trkpt lat="46.21199" lon="-74.5711">
        <ele>435.44</ele>
      </trkpt>
      <trkpt lat="46.21199" lon="-74.57103">
        <ele>436.02</ele>
      </trkpt>
      <trkpt lat="46.21199" lon="-74.57097">
        <ele>436.53</ele>
      </trkpt>
      <trkpt lat="46.21199" lon="-74.57097">
        <ele>436.53</ele>
      </trkpt>
      <trkpt lat="46.212" lon="-74.57078">
        <ele>437.52</ele>
      </trkpt>
      <trkpt lat="46.212" lon="-74.57073">
        <ele>437.45</ele>
      </trkpt>
      <trkpt lat="46.212" lon="-74.57063">
        <ele>437.31</ele>
      </trkpt>
      <trkpt lat="46.212" lon="-74.57053">
        <ele>437.57</ele>
      </trkpt>
      <trkpt lat="46.21201" lon="-74.57044">
        <ele>438.97</ele>
      </trkpt>
      <trkpt lat="46.21201" lon="-74.57034">
        <ele>440.48</ele>
      </trkpt>
      <trkpt lat="46.21201" lon="-74.57024">
        <ele>441.94</ele>
      </trkpt>
      <trkpt lat="46.21202" lon="-74.57014">
        <ele>443.44</ele>
      </trkpt>
      <trkpt lat="46.21202" lon="-74.57004">
        <ele>444.75</ele>
      </trkpt>
      <trkpt lat="46.21203" lon="-74.56995">
        <ele>445.49</ele>
      </trkpt>
      <trkpt lat="46.21205" lon="-74.56987">
        <ele>445.85</ele>
      </trkpt>
      <trkpt lat="46.21206" lon="-74.56978">
        <ele>446.21</ele>
      </trkpt>
      <trkpt lat="46.21207" lon="-74.56969">
        <ele>447.03</ele>
      </trkpt>
      <trkpt lat="46.21209" lon="-74.5696">
        <ele>448.72</ele>
      </trkpt>
      <trkpt lat="46.21209" lon="-74.56951">
        <ele>450.34</ele>
      </trkpt>
      <trkpt lat="46.2121" lon="-74.56942">
        <ele>452.0</ele>
      </trkpt>
      <trkpt lat="46.21212" lon="-74.56933">
        <ele>453.69</ele>
      </trkpt>
      <trkpt lat="46.21213" lon="-74.56924">
        <ele>455.35</ele>
      </trkpt>
      <trkpt lat="46.21215" lon="-74.56915">
        <ele>457.1</ele>
      </trkpt>
      <trkpt lat="46.21216" lon="-74.56906">
        <ele>459.08</ele>
      </trkpt>
      <trkpt lat="46.21216" lon="-74.56897">
        <ele>461.02</ele>
      </trkpt>
      <trkpt lat="46.21218" lon="-74.56888">
        <ele>463.08</ele>
      </trkpt>
      <trkpt lat="46.21219" lon="-74.56879">
        <ele>465.42</ele>
      </trkpt>
      <trkpt lat="46.21221" lon="-74.5687">
        <ele>467.75</ele>
      </trkpt>
      <trkpt lat="46.21223" lon="-74.56863">
        <ele>469.53</ele>
      </trkpt>
      <trkpt lat="46.21225" lon="-74.56855">
        <ele>471.3</ele>
      </trkpt>
      <trkpt lat="46.21228" lon="-74.56847">
        <ele>472.94</ele>
      </trkpt>
      <trkpt lat="46.21232" lon="-74.5684">
        <ele>474.29</ele>
      </trkpt>
      <trkpt lat="46.21234" lon="-74.56835">
        <ele>475.24</ele>
      </trkpt>
      <trkpt lat="46.21239" lon="-74.56826">
        <ele>476.45</ele>
      </trkpt>
      <trkpt lat="46.21242" lon="-74.56821">
        <ele>477.06</ele>
      </trkpt>
      <trkpt lat="46.21245" lon="-74.56815">
        <ele>477.82</ele>
      </trkpt>
      <trkpt lat="46.21245" lon="-74.56808">
        <ele>478.83</ele>
      </trkpt>
      <trkpt lat="46.21244" lon="-74.56801">
        <ele>480.07</ele>
      </trkpt>
      <trkpt lat="46.21241" lon="-74.56796">
        <ele>481.16</ele>
      </trkpt>
      <trkpt lat="46.21237" lon="-74.56792">
        <ele>482.14</ele>
      </trkpt>
      <trkpt lat="46.21233" lon="-74.56789">
        <ele>482.96</ele>
      </trkpt>
      <trkpt lat="46.21228" lon="-74.56786">
        <ele>483.87</ele>
      </trkpt>
      <trkpt lat="46.21224" lon="-74.56783">
        <ele>484.76</ele>
      </trkpt>
      <trkpt lat="46.2122" lon="-74.5678">
        <ele>485.69</ele>
      </trkpt>
      <trkpt lat="46.21215" lon="-74.56777">
        <ele>486.69</ele>
      </trkpt>
      <trkpt lat="46.2121" lon="-74.56775">
        <ele>487.4</ele>
      </trkpt>
      <trkpt lat="46.21206" lon="-74.56773">
        <ele>487.97</ele>
      </trkpt>
      <trkpt lat="46.21202" lon="-74.56769">
        <ele>488.75</ele>
      </trkpt>
      <trkpt lat="46.21199" lon="-74.56764">
        <ele>489.49</ele>
      </trkpt>
      <trkpt lat="46.21198" lon="-74.56757">
        <ele>490.37</ele>
      </trkpt>
      <trkpt lat="46.21197" lon="-74.5675">
        <ele>491.18</ele>
      </trkpt>
      <trkpt lat="46.21195" lon="-74.56743">
        <ele>492.29</ele>
      </trkpt>
      <trkpt lat="46.21193" lon="-74.56736">
        <ele>493.42</ele>
      </trkpt>
      <trkpt lat="46.21191" lon="-74.56733">
        <ele>493.78</ele>
      </trkpt>
      <trkpt lat="46.21187" lon="-74.56727">
        <ele>494.43</ele>
      </trkpt>
      <trkpt lat="46.21185" lon="-74.5672">
        <ele>495.27</ele>
      </trkpt>
      <trkpt lat="46.21181" lon="-74.56712">
        <ele>496.01</ele>
      </trkpt>
      <trkpt lat="46.21178" lon="-74.56705">
        <ele>496.82</ele>
      </trkpt>
      <trkpt lat="46.21176" lon="-74.56697">
        <ele>497.94</ele>
      </trkpt>
      <trkpt lat="46.21173" lon="-74.5669">
        <ele>498.73</ele>
      </trkpt>
      <trkpt lat="46.21169" lon="-74.56684">
        <ele>498.99</ele>
      </trkpt>
      <trkpt lat="46.21164" lon="-74.56678">
        <ele>499.2</ele>
      </trkpt>
      <trkpt lat="46.2116" lon="-74.56672">
        <ele>499.76</ele>
      </trkpt>
      <trkpt lat="46.21154" lon="-74.56667">
        <ele>500.42</ele>
      </trkpt>
      <trkpt lat="46.2115" lon="-74.56661">
        <ele>501.42</ele>
      </trkpt>
      <trkpt lat="46.21145" lon="-74.56654">
        <ele>502.19</ele>
      </trkpt>
      <trkpt lat="46.21141" lon="-74.56648">
        <ele>502.52</ele>
      </trkpt>
      <trkpt lat="46.21137" lon="-74.56642">
        <ele>502.96</ele>
      </trkpt>
      <trkpt lat="46.21133" lon="-74.56635">
        <ele>504.42</ele>
      </trkpt>
      <trkpt lat="46.21129" lon="-74.56629">
        <ele>505.95</ele>
      </trkpt>
      <trkpt lat="46.21125" lon="-74.56623">
        <ele>507.36</ele>
      </trkpt>
      <trkpt lat="46.2112" lon="-74.56617">
        <ele>508.7</ele>
      </trkpt>
      <trkpt lat="46.21116" lon="-74.5661">
        <ele>510.04</ele>
      </trkpt>
      <trkpt lat="46.2111" lon="-74.56605">
        <ele>510.51</ele>
      </trkpt>
      <trkpt lat="46.21105" lon="-74.566">
        <ele>510.41</ele>
      </trkpt>
      <trkpt lat="46.21099" lon="-74.56595">
        <ele>510.25</ele>
      </trkpt>
      <trkpt lat="46.21093" lon="-74.56589">
        <ele>510.3</ele>
      </trkpt>
      <trkpt lat="46.21089" lon="-74.56583">
        <ele>510.67</ele>
      </trkpt>
      <trkpt lat="46.21085" lon="-74.56577">
        <ele>511.15</ele>
      </trkpt>
      <trkpt lat="46.2108" lon="-74.56573">
        <ele>510.92</ele>
      </trkpt>
      <trkpt lat="46.21077" lon="-74.56568">
        <ele>511.04</ele>
      </trkpt>
      <trkpt lat="46.21074" lon="-74.56563">
        <ele>511.09</ele>
      </trkpt>
      <trkpt lat="46.21069" lon="-74.56559">
        <ele>510.54</ele>
      </trkpt>
      <trkpt lat="46.21065" lon="-74.56554">
        <ele>510.54</ele>
      </trkpt>
      <trkpt lat="46.2106" lon="-74.56548">
        <ele>511.55</ele>
      </trkpt>
      <trkpt lat="46.21055" lon="-74.56543">
        <ele>512.54</ele>
      </trkpt>
      <trkpt lat="46.21049" lon="-74.56538">
        <ele>514.43</ele>
      </trkpt>
      <trkpt lat="46.21045" lon="-74.56532">
        <ele>516.33</ele>
      </trkpt>
      <trkpt lat="46.2104" lon="-74.56525">
        <ele>517.92</ele>
      </trkpt>
      <trkpt lat="46.21036" lon="-74.56519">
        <ele>518.62</ele>
      </trkpt>
      <trkpt lat="46.21032" lon="-74.56513">
        <ele>519.07</ele>
      </trkpt>
      <trkpt lat="46.21027" lon="-74.56507">
        <ele>519.42</ele>
      </trkpt>
      <trkpt lat="46.21022" lon="-74.56502">
        <ele>521.2</ele>
      </trkpt>
      <trkpt lat="46.21016" lon="-74.56497">
        <ele>523.45</ele>
      </trkpt>
      <trkpt lat="46.2101" lon="-74.56491">
        <ele>525.5</ele>
      </trkpt>
      <trkpt lat="46.21006" lon="-74.56485">
        <ele>526.73</ele>
      </trkpt>
      <trkpt lat="46.21002" lon="-74.56479">
        <ele>527.58</ele>
      </trkpt>
      <trkpt lat="46.20997" lon="-74.56473">
        <ele>527.44</ele>
      </trkpt>
      <trkpt lat="46.20993" lon="-74.56467">
        <ele>528.9</ele>
      </trkpt>
      <trkpt lat="46.2099" lon="-74.5646">
        <ele>530.97</ele>
      </trkpt>
      <trkpt lat="46.20984" lon="-74.56454">
        <ele>531.38</ele>
      </trkpt>
      <trkpt lat="46.20982" lon="-74.56446">
        <ele>533.36</ele>
      </trkpt>
      <trkpt lat="46.20979" lon="-74.56439">
        <ele>533.04</ele>
      </trkpt>
      <trkpt lat="46.20977" lon="-74.56431">
        <ele>533.08</ele>
      </trkpt>
      <trkpt lat="46.20975" lon="-74.56423">
        <ele>533.49</ele>
      </trkpt>
      <trkpt lat="46.20973" lon="-74.56415">
        <ele>534.3</ele>
      </trkpt>
      <trkpt lat="46.2097" lon="-74.56407">
        <ele>535.42</ele>
      </trkpt>
      <trkpt lat="46.2097" lon="-74.56398">
        <ele>536.74</ele>
      </trkpt>
      <trkpt lat="46.20968" lon="-74.56391">
        <ele>537.84</ele>
      </trkpt>
      <trkpt lat="46.20964" lon="-74.56383">
        <ele>539.8</ele>
      </trkpt>
      <trkpt lat="46.20962" lon="-74.56375">
        <ele>541.82</ele>
      </trkpt>
      <trkpt lat="46.20959" lon="-74.56368">
        <ele>543.42</ele>
      </trkpt>
      <trkpt lat="46.20955" lon="-74.56361">
        <ele>544.78</ele>
      </trkpt>
      <trkpt lat="46.20951" lon="-74.56358">
        <ele>545.06</ele>
      </trkpt>
      <trkpt lat="46.20946" lon="-74.56356">
        <ele>545.04</ele>
      </trkpt>
      <trkpt lat="46.2094" lon="-74.56353">
        <ele>545.35</ele>
      </trkpt>
      <trkpt lat="46.20934" lon="-74.56351">
        <ele>545.58</ele>
      </trkpt>
      <trkpt lat="46.20929" lon="-74.56348">
        <ele>546.07</ele>
      </trkpt>
      <trkpt lat="46.20923" lon="-74.56345">
        <ele>546.58</ele>
      </trkpt>
      <trkpt lat="46.20917" lon="-74.56341">
        <ele>547.35</ele>
      </trkpt>
      <trkpt lat="46.20912" lon="-74.56338">
        <ele>547.46</ele>
      </trkpt>
      <trkpt lat="46.20906" lon="-74.56333">
        <ele>547.91</ele>
      </trkpt>
      <trkpt lat="46.20901" lon="-74.56328">
        <ele>548.14</ele>
      </trkpt>
      <trkpt lat="46.20896" lon="-74.56322">
        <ele>548.31</ele>
      </trkpt>
      <trkpt lat="46.20892" lon="-74.56315">
        <ele>548.54</ele>
      </trkpt>
      <trkpt lat="46.20887" lon="-74.56309">
        <ele>548.42</ele>
      </trkpt>
      <trkpt lat="46.20884" lon="-74.56302">
        <ele>549.13</ele>
      </trkpt>
      <trkpt lat="46.20881" lon="-74.56295">
        <ele>550.16</ele>
      </trkpt>
      <trkpt lat="46.20877" lon="-74.56289">
        <ele>550.95</ele>
      </trkpt>
      <trkpt lat="46.20872" lon="-74.56283">
        <ele>551.73</ele>
      </trkpt>
      <trkpt lat="46.20868" lon="-74.56277">
        <ele>552.61</ele>
      </trkpt>
      <trkpt lat="46.20862" lon="-74.56271">
        <ele>552.83</ele>
      </trkpt>
      <trkpt lat="46.20857" lon="-74.56266">
        <ele>552.68</ele>
      </trkpt>
      <trkpt lat="46.20852" lon="-74.5626">
        <ele>552.61</ele>
      </trkpt>
      <trkpt lat="46.20847" lon="-74.56255">
        <ele>552.43</ele>
      </trkpt>
      <trkpt lat="46.20845" lon="-74.56247">
        <ele>552.57</ele>
      </trkpt>
      <trkpt lat="46.20841" lon="-74.5624">
        <ele>551.74</ele>
      </trkpt>
      <trkpt lat="46.20839" lon="-74.56232">
        <ele>551.17</ele>
      </trkpt>
      <trkpt lat="46.20836" lon="-74.56224">
        <ele>550.45</ele>
      </trkpt>
      <trkpt lat="46.20836" lon="-74.56215">
        <ele>550.64</ele>
      </trkpt>
      <trkpt lat="46.20834" lon="-74.56207">
        <ele>550.64</ele>
      </trkpt>
      <trkpt lat="46.20834" lon="-74.56197">
        <ele>551.0</ele>
      </trkpt>
      <trkpt lat="46.20829" lon="-74.56192">
        <ele>550.23</ele>
      </trkpt>
      <trkpt lat="46.20826" lon="-74.56185">
        <ele>549.77</ele>
      </trkpt>
      <trkpt lat="46.20821" lon="-74.56179">
        <ele>549.03</ele>
      </trkpt>
      <trkpt lat="46.20817" lon="-74.56172">
        <ele>548.54</ele>
      </trkpt>
      <trkpt lat="46.20814" lon="-74.56165">
        <ele>548.24</ele>
      </trkpt>
      <trkpt lat="46.2081" lon="-74.56158">
        <ele>547.85</ele>
      </trkpt>
      <trkpt lat="46.20807" lon="-74.56151">
        <ele>547.71</ele>
      </trkpt>
      <trkpt lat="46.20804" lon="-74.56145">
        <ele>547.61</ele>
      </trkpt>
      <trkpt lat="46.20801" lon="-74.56133">
        <ele>547.37</ele>
      </trkpt>
      <trkpt lat="46.208" lon="-74.56126">
        <ele>547.12</ele>
      </trkpt>
      <trkpt lat="46.20802" lon="-74.5612">
        <ele>547.11</ele>
      </trkpt>
      <trkpt lat="46.20804" lon="-74.56113">
        <ele>547.0</ele>
      </trkpt>
      <trkpt lat="46.20807" lon="-74.56108">
        <ele>547.2</ele>
      </trkpt>
      <trkpt lat="46.2081" lon="-74.56104">
        <ele>547.56</ele>
      </trkpt>
      <trkpt lat="46.20814" lon="-74.56099">
        <ele>547.95</ele>
      </trkpt>
      <trkpt lat="46.20816" lon="-74.56093">
        <ele>548.01</ele>
      </trkpt>
      <trkpt lat="46.20817" lon="-74.56088">
        <ele>547.96</ele>
      </trkpt>
      <trkpt lat="46.2082" lon="-74.5608">
        <ele>547.87</ele>
      </trkpt>
      <trkpt lat="46.2082" lon="-74.5608">
        <ele>547.87</ele>
      </trkpt>
      <trkpt lat="46.20822" lon="-74.56072">
        <ele>547.68</ele>
      </trkpt>
      <trkpt lat="46.20825" lon="-74.56064">
        <ele>547.77</ele>
      </trkpt>
      <trkpt lat="46.20828" lon="-74.56058">
        <ele>548.09</ele>
      </trkpt>
      <trkpt lat="46.20831" lon="-74.5605">
        <ele>548.55</ele>
      </trkpt>
      <trkpt lat="46.20832" lon="-74.56041">
        <ele>548.71</ele>
      </trkpt>
      <trkpt lat="46.20834" lon="-74.56033">
        <ele>549.28</ele>
      </trkpt>
      <trkpt lat="46.20836" lon="-74.56025">
        <ele>550.16</ele>
      </trkpt>
      <trkpt lat="46.20837" lon="-74.56016">
        <ele>550.35</ele>
      </trkpt>
      <trkpt lat="46.20839" lon="-74.56007">
        <ele>551.06</ele>
      </trkpt>
      <trkpt lat="46.20841" lon="-74.55999">
        <ele>551.88</ele>
      </trkpt>
      <trkpt lat="46.20844" lon="-74.55992">
        <ele>553.44</ele>
      </trkpt>
      <trkpt lat="46.20845" lon="-74.55983">
        <ele>553.98</ele>
      </trkpt>
      <trkpt lat="46.20847" lon="-74.55974">
        <ele>554.9</ele>
      </trkpt>
      <trkpt lat="46.20848" lon="-74.55965">
        <ele>554.66</ele>
      </trkpt>
      <trkpt lat="46.20848" lon="-74.55955">
        <ele>553.73</ele>
      </trkpt>
      <trkpt lat="46.20849" lon="-74.55946">
        <ele>553.23</ele>
      </trkpt>
      <trkpt lat="46.2085" lon="-74.55937">
        <ele>552.54</ele>
      </trkpt>
      <trkpt lat="46.20855" lon="-74.55931">
        <ele>553.3</ele>
      </trkpt>
      <trkpt lat="46.20861" lon="-74.55927">
        <ele>554.46</ele>
      </trkpt>
      <trkpt lat="46.20866" lon="-74.55926">
        <ele>556.04</ele>
      </trkpt>
      <trkpt lat="46.20872" lon="-74.55923">
        <ele>557.74</ele>
      </trkpt>
      <trkpt lat="46.20878" lon="-74.55921">
        <ele>559.61</ele>
      </trkpt>
      <trkpt lat="46.20884" lon="-74.55918">
        <ele>561.39</ele>
      </trkpt>
      <trkpt lat="46.2089" lon="-74.55913">
        <ele>563.09</ele>
      </trkpt>
      <trkpt lat="46.20895" lon="-74.55909">
        <ele>564.07</ele>
      </trkpt>
      <trkpt lat="46.20901" lon="-74.55904">
        <ele>565.52</ele>
      </trkpt>
      <trkpt lat="46.20907" lon="-74.559">
        <ele>567.22</ele>
      </trkpt>
      <trkpt lat="46.20913" lon="-74.55897">
        <ele>569.09</ele>
      </trkpt>
      <trkpt lat="46.20919" lon="-74.55893">
        <ele>571.17</ele>
      </trkpt>
      <trkpt lat="46.20924" lon="-74.55894">
        <ele>572.39</ele>
      </trkpt>
      <trkpt lat="46.2093" lon="-74.55893">
        <ele>574.06</ele>
      </trkpt>
      <trkpt lat="46.20936" lon="-74.55894">
        <ele>575.58</ele>
      </trkpt>
      <trkpt lat="46.20942" lon="-74.55894">
        <ele>577.17</ele>
      </trkpt>
      <trkpt lat="46.20947" lon="-74.55899">
        <ele>578.44</ele>
      </trkpt>
      <trkpt lat="46.20953" lon="-74.55902">
        <ele>580.28</ele>
      </trkpt>
      <trkpt lat="46.20958" lon="-74.55907">
        <ele>581.89</ele>
      </trkpt>
      <trkpt lat="46.20963" lon="-74.55914">
        <ele>583.65</ele>
      </trkpt>
      <trkpt lat="46.20963" lon="-74.55923">
        <ele>584.67</ele>
      </trkpt>
      <trkpt lat="46.20965" lon="-74.55931">
        <ele>586.6</ele>
      </trkpt>
      <trkpt lat="46.20965" lon="-74.55941">
        <ele>588.13</ele>
      </trkpt>
      <trkpt lat="46.20968" lon="-74.55948">
        <ele>590.07</ele>
      </trkpt>
      <trkpt lat="46.2097" lon="-74.55956">
        <ele>591.63</ele>
      </trkpt>
      <trkpt lat="46.20973" lon="-74.55963">
        <ele>593.14</ele>
      </trkpt>
      <trkpt lat="46.20974" lon="-74.55972">
        <ele>594.36</ele>
      </trkpt>
      <trkpt lat="46.20973" lon="-74.55982">
        <ele>594.87</ele>
      </trkpt>
      <trkpt lat="46.20972" lon="-74.5599">
        <ele>595.23</ele>
      </trkpt>
      <trkpt lat="46.20968" lon="-74.55997">
        <ele>594.74</ele>
      </trkpt>
      <trkpt lat="46.20966" lon="-74.56005">
        <ele>594.83</ele>
      </trkpt>
      <trkpt lat="46.20964" lon="-74.56009">
        <ele>594.67</ele>
      </trkpt>
      <trkpt lat="46.20961" lon="-74.56018">
        <ele>594.73</ele>
      </trkpt>
      <trkpt lat="46.20959" lon="-74.56024">
        <ele>594.81</ele>
      </trkpt>
      <trkpt lat="46.20959" lon="-74.56031">
        <ele>595.32</ele>
      </trkpt>
      <trkpt lat="46.2096" lon="-74.56037">
        <ele>595.84</ele>
      </trkpt>
      <trkpt lat="46.20963" lon="-74.56042">
        <ele>596.69</ele>
      </trkpt>
      <trkpt lat="46.20968" lon="-74.56044">
        <ele>597.76</ele>
      </trkpt>
      <trkpt lat="46.20972" lon="-74.56045">
        <ele>598.58</ele>
      </trkpt>
      <trkpt lat="46.20977" lon="-74.56047">
        <ele>600.02</ele>
      </trkpt>
      <trkpt lat="46.20978" lon="-74.56047">
        <ele>600.29</ele>
      </trkpt>
      <trkpt lat="46.20979" lon="-74.56047">
        <ele>600.57</ele>
      </trkpt>
      <trkpt lat="46.20985" lon="-74.56046">
        <ele>602.18</ele>
      </trkpt>
      <trkpt lat="46.20996" lon="-74.56055">
        <ele>605.81</ele>
      </trkpt>
      <trkpt lat="46.20998" lon="-74.56058">
        <ele>606.67</ele>
      </trkpt>
      <trkpt lat="46.21001" lon="-74.56066">
        <ele>608.42</ele>
      </trkpt>
      <trkpt lat="46.21002" lon="-74.56072">
        <ele>609.34</ele>
      </trkpt>
      <trkpt lat="46.21002" lon="-74.56079">
        <ele>610.06</ele>
      </trkpt>
      <trkpt lat="46.21001" lon="-74.56086">
        <ele>610.06</ele>
      </trkpt>
      <trkpt lat="46.21003" lon="-74.56093">
        <ele>610.1</ele>
      </trkpt>
      <trkpt lat="46.21006" lon="-74.56101">
        <ele>610.38</ele>
      </trkpt>
      <trkpt lat="46.21008" lon="-74.56108">
        <ele>610.5</ele>
      </trkpt>
      <trkpt lat="46.21007" lon="-74.56115">
        <ele>609.11</ele>
      </trkpt>
      <trkpt lat="46.21007" lon="-74.56122">
        <ele>607.47</ele>
      </trkpt>
      <trkpt lat="46.21009" lon="-74.56127">
        <ele>606.79</ele>
      </trkpt>
      <trkpt lat="46.21015" lon="-74.56132">
        <ele>607.0</ele>
      </trkpt>
      <trkpt lat="46.21021" lon="-74.56137">
        <ele>607.05</ele>
      </trkpt>
      <trkpt lat="46.21026" lon="-74.5614">
        <ele>607.65</ele>
      </trkpt>
      <trkpt lat="46.21032" lon="-74.56138">
        <ele>610.19</ele>
      </trkpt>
      <trkpt lat="46.21038" lon="-74.56137">
        <ele>613.1</ele>
      </trkpt>
      <trkpt lat="46.21043" lon="-74.56137">
        <ele>615.33</ele>
      </trkpt>
      <trkpt lat="46.21049" lon="-74.56138">
        <ele>617.97</ele>
      </trkpt>
      <trkpt lat="46.21055" lon="-74.56139">
        <ele>620.74</ele>
      </trkpt>
      <trkpt lat="46.2106" lon="-74.5614">
        <ele>622.28</ele>
      </trkpt>
      <trkpt lat="46.21066" lon="-74.56144">
        <ele>624.01</ele>
      </trkpt>
      <trkpt lat="46.21072" lon="-74.56147">
        <ele>625.74</ele>
      </trkpt>
      <trkpt lat="46.21077" lon="-74.56148">
        <ele>627.18</ele>
      </trkpt>
      <trkpt lat="46.21083" lon="-74.56153">
        <ele>628.9</ele>
      </trkpt>
      <trkpt lat="46.21089" lon="-74.56153">
        <ele>629.92</ele>
      </trkpt>
      <trkpt lat="46.21094" lon="-74.56154">
        <ele>630.71</ele>
      </trkpt>
      <trkpt lat="46.211" lon="-74.56151">
        <ele>631.74</ele>
      </trkpt>
      <trkpt lat="46.21106" lon="-74.56147">
        <ele>632.84</ele>
      </trkpt>
      <trkpt lat="46.21111" lon="-74.56141">
        <ele>633.9</ele>
      </trkpt>
      <trkpt lat="46.21112" lon="-74.56132">
        <ele>633.98</ele>
      </trkpt>
      <trkpt lat="46.21115" lon="-74.56125">
        <ele>634.0</ele>
      </trkpt>
      <trkpt lat="46.21117" lon="-74.56117">
        <ele>634.12</ele>
      </trkpt>
      <trkpt lat="46.21118" lon="-74.56116">
        <ele>634.16</ele>
      </trkpt>
      <trkpt lat="46.2112" lon="-74.56107">
        <ele>634.27</ele>
      </trkpt>
      <trkpt lat="46.21123" lon="-74.56102">
        <ele>634.29</ele>
      </trkpt>
      <trkpt lat="46.21126" lon="-74.56098">
        <ele>634.28</ele>
      </trkpt>
      <trkpt lat="46.21131" lon="-74.56094">
        <ele>634.27</ele>
      </trkpt>
      <trkpt lat="46.21135" lon="-74.56093">
        <ele>634.3</ele>
      </trkpt>
      <trkpt lat="46.21138" lon="-74.56092">
        <ele>634.3</ele>
      </trkpt>
      <trkpt lat="46.21145" lon="-74.56092">
        <ele>634.39</ele>
      </trkpt>
      <trkpt lat="46.2115" lon="-74.56092">
        <ele>634.46</ele>
      </trkpt>
      <trkpt lat="46.21153" lon="-74.56093">
        <ele>634.5</ele>
      </trkpt>
      <trkpt lat="46.21158" lon="-74.56096">
        <ele>634.52</ele>
      </trkpt>
      <trkpt lat="46.21159" lon="-74.56096">
        <ele>634.52</ele>
      </trkpt>
      <trkpt lat="46.21165" lon="-74.56097">
        <ele>634.51</ele>
      </trkpt>
      <trkpt lat="46.2117" lon="-74.561">
        <ele>634.66</ele>
      </trkpt>
      <trkpt lat="46.21176" lon="-74.56101">
        <ele>635.13</ele>
      </trkpt>
      <trkpt lat="46.21182" lon="-74.56103">
        <ele>635.63</ele>
      </trkpt>
      <trkpt lat="46.21187" lon="-74.56104">
        <ele>636.08</ele>
      </trkpt>
      <trkpt lat="46.21193" lon="-74.56105">
        <ele>636.65</ele>
      </trkpt>
      <trkpt lat="46.21199" lon="-74.56105">
        <ele>637.66</ele>
      </trkpt>
      <trkpt lat="46.21205" lon="-74.56106">
        <ele>638.89</ele>
      </trkpt>
      <trkpt lat="46.2121" lon="-74.56105">
        <ele>639.77</ele>
      </trkpt>
      <trkpt lat="46.21216" lon="-74.56105">
        <ele>640.92</ele>
      </trkpt>
      <trkpt lat="46.21222" lon="-74.56104">
        <ele>641.93</ele>
      </trkpt>
      <trkpt lat="46.21228" lon="-74.56103">
        <ele>642.04</ele>
      </trkpt>
      <trkpt lat="46.21233" lon="-74.56103">
        <ele>642.22</ele>
      </trkpt>
      <trkpt lat="46.21234" lon="-74.56103">
        <ele>642.26</ele>
      </trkpt>
      <trkpt lat="46.21248" lon="-74.56111">
        <ele>643.91</ele>
      </trkpt>
      <trkpt lat="46.21252" lon="-74.56115">
        <ele>644.36</ele>
      </trkpt>
      <trkpt lat="46.21257" lon="-74.56118">
        <ele>644.55</ele>
      </trkpt>
      <trkpt lat="46.21261" lon="-74.56121">
        <ele>644.81</ele>
      </trkpt>
      <trkpt lat="46.21266" lon="-74.56122">
        <ele>644.83</ele>
      </trkpt>
      <trkpt lat="46.2127" lon="-74.56122">
        <ele>644.74</ele>
      </trkpt>
      <trkpt lat="46.21275" lon="-74.56121">
        <ele>644.49</ele>
      </trkpt>
      <trkpt lat="46.21279" lon="-74.56118">
        <ele>643.99</ele>
      </trkpt>
      <trkpt lat="46.21283" lon="-74.56116">
        <ele>643.7</ele>
      </trkpt>
      <trkpt lat="46.21288" lon="-74.56116">
        <ele>643.7</ele>
      </trkpt>
      <trkpt lat="46.21292" lon="-74.56118">
        <ele>643.99</ele>
      </trkpt>
      <trkpt lat="46.21297" lon="-74.56121">
        <ele>644.42</ele>
      </trkpt>
      <trkpt lat="46.21301" lon="-74.56124">
        <ele>644.86</ele>
      </trkpt>
      <trkpt lat="46.21309" lon="-74.56127">
        <ele>645.08</ele>
      </trkpt>
      <trkpt lat="46.21314" lon="-74.56128">
        <ele>644.88</ele>
      </trkpt>
      <trkpt lat="46.21318" lon="-74.56127">
        <ele>644.52</ele>
      </trkpt>
      <trkpt lat="46.21321" lon="-74.56126">
        <ele>644.25</ele>
      </trkpt>
      <trkpt lat="46.21328" lon="-74.56128">
        <ele>643.96</ele>
      </trkpt>
      <trkpt lat="46.21334" lon="-74.5613">
        <ele>643.7</ele>
      </trkpt>
      <trkpt lat="46.21338" lon="-74.56132">
        <ele>643.84</ele>
      </trkpt>
      <trkpt lat="46.21344" lon="-74.56134">
        <ele>643.96</ele>
      </trkpt>
      <trkpt lat="46.21348" lon="-74.56137">
        <ele>644.0</ele>
      </trkpt>
      <trkpt lat="46.21353" lon="-74.56139">
        <ele>644.01</ele>
      </trkpt>
      <trkpt lat="46.21357" lon="-74.56138">
        <ele>644.02</ele>
      </trkpt>
      <trkpt lat="46.2136" lon="-74.56134">
        <ele>644.16</ele>
      </trkpt>
      <trkpt lat="46.21362" lon="-74.56127">
        <ele>644.59</ele>
      </trkpt>
      <trkpt lat="46.21363" lon="-74.5612">
        <ele>645.0</ele>
      </trkpt>
      <trkpt lat="46.21361" lon="-74.56114">
        <ele>644.89</ele>
      </trkpt>
      <trkpt lat="46.2136" lon="-74.56107">
        <ele>645.08</ele>
      </trkpt>
      <trkpt lat="46.21364" lon="-74.56102">
        <ele>645.78</ele>
      </trkpt>
      <trkpt lat="46.21368" lon="-74.56102">
        <ele>646.4</ele>
      </trkpt>
      <trkpt lat="46.21373" lon="-74.561">
        <ele>647.28</ele>
      </trkpt>
      <trkpt lat="46.21377" lon="-74.56099">
        <ele>647.97</ele>
      </trkpt>
      <trkpt lat="46.21382" lon="-74.56098">
        <ele>648.83</ele>
      </trkpt>
      <trkpt lat="46.21385" lon="-74.56093">
        <ele>649.65</ele>
      </trkpt>
      <trkpt lat="46.21384" lon="-74.56085">
        <ele>650.01</ele>
      </trkpt>
      <trkpt lat="46.21382" lon="-74.5608">
        <ele>650.57</ele>
      </trkpt>
      <trkpt lat="46.21381" lon="-74.56076">
        <ele>651.35</ele>
      </trkpt>
      <trkpt lat="46.21375" lon="-74.56046">
        <ele>656.38</ele>
      </trkpt>
      <trkpt lat="46.21375" lon="-74.56039">
        <ele>657.38</ele>
      </trkpt>
      <trkpt lat="46.21375" lon="-74.56031">
        <ele>658.54</ele>
      </trkpt>
      <trkpt lat="46.21375" lon="-74.56025">
        <ele>659.8</ele>
      </trkpt>
      <trkpt lat="46.21375" lon="-74.56017">
        <ele>662.1</ele>
      </trkpt>
      <trkpt lat="46.21374" lon="-74.5601">
        <ele>663.88</ele>
      </trkpt>
      <trkpt lat="46.21374" lon="-74.56003">
        <ele>665.91</ele>
      </trkpt>
      <trkpt lat="46.21375" lon="-74.55995">
        <ele>667.45</ele>
      </trkpt>
      <trkpt lat="46.21376" lon="-74.55989">
        <ele>668.19</ele>
      </trkpt>
      <trkpt lat="46.21377" lon="-74.55982">
        <ele>669.01</ele>
      </trkpt>
      <trkpt lat="46.2138" lon="-74.55977">
        <ele>670.0</ele>
      </trkpt>
      <trkpt lat="46.21383" lon="-74.55971">
        <ele>670.76</ele>
      </trkpt>
      <trkpt lat="46.21387" lon="-74.55967">
        <ele>670.77</ele>
      </trkpt>
      <trkpt lat="46.21391" lon="-74.55964">
        <ele>670.44</ele>
      </trkpt>
      <trkpt lat="46.21396" lon="-74.55961">
        <ele>669.78</ele>
      </trkpt>
      <trkpt lat="46.21396" lon="-74.5596">
        <ele>669.63</ele>
      </trkpt>
      <trkpt lat="46.21401" lon="-74.55953">
        <ele>668.57</ele>
      </trkpt>
      <trkpt lat="46.21405" lon="-74.55949">
        <ele>668.11</ele>
      </trkpt>
      <trkpt lat="46.21409" lon="-74.55946">
        <ele>667.88</ele>
      </trkpt>
      <trkpt lat="46.21414" lon="-74.55942">
        <ele>667.72</ele>
      </trkpt>
      <trkpt lat="46.21417" lon="-74.55938">
        <ele>667.55</ele>
      </trkpt>
      <trkpt lat="46.21421" lon="-74.55934">
        <ele>667.46</ele>
      </trkpt>
      <trkpt lat="46.21423" lon="-74.55927">
        <ele>667.12</ele>
      </trkpt>
      <trkpt lat="46.21422" lon="-74.55921">
        <ele>666.67</ele>
      </trkpt>
      <trkpt lat="46.2142" lon="-74.55914">
        <ele>666.18</ele>
      </trkpt>
      <trkpt lat="46.21417" lon="-74.55908">
        <ele>665.72</ele>
      </trkpt>
      <trkpt lat="46.21414" lon="-74.55902">
        <ele>665.13</ele>
      </trkpt>
      <trkpt lat="46.21411" lon="-74.55896">
        <ele>664.39</ele>
      </trkpt>
      <trkpt lat="46.21412" lon="-74.5589">
        <ele>664.22</ele>
      </trkpt>
      <trkpt lat="46.21413" lon="-74.55883">
        <ele>665.27</ele>
      </trkpt>
      <trkpt lat="46.21414" lon="-74.55876">
        <ele>666.51</ele>
      </trkpt>
      <trkpt lat="46.21415" lon="-74.55868">
        <ele>667.84</ele>
      </trkpt>
      <trkpt lat="46.21415" lon="-74.55861">
        <ele>668.89</ele>
      </trkpt>
      <trkpt lat="46.21415" lon="-74.5586">
        <ele>669.01</ele>
      </trkpt>
      <trkpt lat="46.21415" lon="-74.55849">
        <ele>670.29</ele>
      </trkpt>
      <trkpt lat="46.21412" lon="-74.55844">
        <ele>670.93</ele>
      </trkpt>
      <trkpt lat="46.2141" lon="-74.55837">
        <ele>671.96</ele>
      </trkpt>
      <trkpt lat="46.21409" lon="-74.5583">
        <ele>672.47</ele>
      </trkpt>
      <trkpt lat="46.21409" lon="-74.55823">
        <ele>672.31</ele>
      </trkpt>
      <trkpt lat="46.21409" lon="-74.55816">
        <ele>672.14</ele>
      </trkpt>
      <trkpt lat="46.21409" lon="-74.55808">
        <ele>671.95</ele>
      </trkpt>
      <trkpt lat="46.2141" lon="-74.558">
        <ele>672.74</ele>
      </trkpt>
      <trkpt lat="46.2141" lon="-74.55792">
        <ele>673.76</ele>
      </trkpt>
      <trkpt lat="46.2141" lon="-74.55785">
        <ele>674.64</ele>
      </trkpt>
      <trkpt lat="46.21411" lon="-74.55778">
        <ele>675.75</ele>
      </trkpt>
      <trkpt lat="46.21412" lon="-74.55772">
        <ele>677.62</ele>
      </trkpt>
      <trkpt lat="46.21413" lon="-74.55765">
        <ele>679.83</ele>
      </trkpt>
      <trkpt lat="46.21415" lon="-74.5576">
        <ele>681.72</ele>
      </trkpt>
      <trkpt lat="46.21419" lon="-74.55756">
        <ele>683.33</ele>
      </trkpt>
      <trkpt lat="46.21424" lon="-74.55757">
        <ele>683.18</ele>
      </trkpt>
      <trkpt lat="46.21427" lon="-74.55762">
        <ele>682.03</ele>
      </trkpt>
      <trkpt lat="46.2143" lon="-74.55767">
        <ele>680.99</ele>
      </trkpt>
      <trkpt lat="46.21434" lon="-74.55771">
        <ele>680.37</ele>
      </trkpt>
      <trkpt lat="46.21439" lon="-74.55773">
        <ele>680.37</ele>
      </trkpt>
      <trkpt lat="46.21443" lon="-74.55773">
        <ele>680.73</ele>
      </trkpt>
      <trkpt lat="46.21448" lon="-74.55773">
        <ele>680.94</ele>
      </trkpt>
      <trkpt lat="46.21452" lon="-74.55775">
        <ele>680.72</ele>
      </trkpt>
      <trkpt lat="46.21456" lon="-74.5578">
        <ele>680.16</ele>
      </trkpt>
      <trkpt lat="46.21459" lon="-74.55786">
        <ele>679.65</ele>
      </trkpt>
      <trkpt lat="46.21461" lon="-74.55791">
        <ele>679.26</ele>
      </trkpt>
      <trkpt lat="46.21465" lon="-74.55795">
        <ele>679.18</ele>
      </trkpt>
      <trkpt lat="46.2147" lon="-74.55798">
        <ele>679.35</ele>
      </trkpt>
      <trkpt lat="46.21474" lon="-74.55801">
        <ele>679.39</ele>
      </trkpt>
      <trkpt lat="46.21479" lon="-74.55801">
        <ele>679.57</ele>
      </trkpt>
      <trkpt lat="46.21483" lon="-74.55801">
        <ele>679.72</ele>
      </trkpt>
      <trkpt lat="46.21488" lon="-74.55802">
        <ele>679.82</ele>
      </trkpt>
      <trkpt lat="46.21493" lon="-74.55801">
        <ele>680.08</ele>
      </trkpt>
      <trkpt lat="46.21497" lon="-74.55799">
        <ele>680.36</ele>
      </trkpt>
      <trkpt lat="46.21502" lon="-74.558">
        <ele>680.72</ele>
      </trkpt>
      <trkpt lat="46.21507" lon="-74.55802">
        <ele>681.33</ele>
      </trkpt>
      <trkpt lat="46.21512" lon="-74.55803">
        <ele>681.99</ele>
      </trkpt>
      <trkpt lat="46.21516" lon="-74.55804">
        <ele>682.48</ele>
      </trkpt>
      <trkpt lat="46.21521" lon="-74.55803">
        <ele>683.35</ele>
      </trkpt>
      <trkpt lat="46.21525" lon="-74.55799">
        <ele>684.5</ele>
      </trkpt>
      <trkpt lat="46.21527" lon="-74.55793">
        <ele>685.67</ele>
      </trkpt>
      <trkpt lat="46.21527" lon="-74.55786">
        <ele>686.66</ele>
      </trkpt>
      <trkpt lat="46.21527" lon="-74.55779">
        <ele>687.66</ele>
      </trkpt>
      <trkpt lat="46.21527" lon="-74.55772">
        <ele>688.66</ele>
      </trkpt>
      <trkpt lat="46.21527" lon="-74.55765">
        <ele>689.67</ele>
      </trkpt>
      <trkpt lat="46.21525" lon="-74.55758">
        <ele>690.25</ele>
      </trkpt>
      <trkpt lat="46.21521" lon="-74.55755">
        <ele>689.82</ele>
      </trkpt>
      <trkpt lat="46.21518" lon="-74.5575">
        <ele>689.89</ele>
      </trkpt>
      <trkpt lat="46.21516" lon="-74.55744">
        <ele>690.99</ele>
      </trkpt>
      <trkpt lat="46.21514" lon="-74.55738">
        <ele>692.26</ele>
      </trkpt>
      <trkpt lat="46.21512" lon="-74.55732">
        <ele>693.67</ele>
      </trkpt>
      <trkpt lat="46.21509" lon="-74.55726">
        <ele>695.18</ele>
      </trkpt>
      <trkpt lat="46.21507" lon="-74.55721">
        <ele>696.11</ele>
      </trkpt>
      <trkpt lat="46.21505" lon="-74.55714">
        <ele>695.24</ele>
      </trkpt>
      <trkpt lat="46.21506" lon="-74.55708">
        <ele>694.57</ele>
      </trkpt>
      <trkpt lat="46.21509" lon="-74.55702">
        <ele>693.9</ele>
      </trkpt>
      <trkpt lat="46.21513" lon="-74.55698">
        <ele>693.44</ele>
      </trkpt>
      <trkpt lat="46.21517" lon="-74.55694">
        <ele>693.02</ele>
      </trkpt>
      <trkpt lat="46.21519" lon="-74.55688">
        <ele>693.29</ele>
      </trkpt>
      <trkpt lat="46.21519" lon="-74.55681">
        <ele>693.61</ele>
      </trkpt>
      <trkpt lat="46.21518" lon="-74.55675">
        <ele>693.99</ele>
      </trkpt>
      <trkpt lat="46.21518" lon="-74.55674">
        <ele>694.04</ele>
      </trkpt>
      <trkpt lat="46.21519" lon="-74.55666">
        <ele>694.45</ele>
      </trkpt>
      <trkpt lat="46.21519" lon="-74.5566">
        <ele>696.1</ele>
      </trkpt>
      <trkpt lat="46.21518" lon="-74.55652">
        <ele>698.48</ele>
      </trkpt>
      <trkpt lat="46.21517" lon="-74.55646">
        <ele>700.34</ele>
      </trkpt>
      <trkpt lat="46.21514" lon="-74.55641">
        <ele>702.37</ele>
      </trkpt>
      <trkpt lat="46.2151" lon="-74.55635">
        <ele>704.16</ele>
      </trkpt>
      <trkpt lat="46.21507" lon="-74.5563">
        <ele>704.82</ele>
      </trkpt>
      <trkpt lat="46.21503" lon="-74.55626">
        <ele>705.03</ele>
      </trkpt>
      <trkpt lat="46.21499" lon="-74.55621">
        <ele>704.61</ele>
      </trkpt>
      <trkpt lat="46.21496" lon="-74.55616">
        <ele>704.08</ele>
      </trkpt>
      <trkpt lat="46.21493" lon="-74.55612">
        <ele>703.77</ele>
      </trkpt>
      <trkpt lat="46.21489" lon="-74.55607">
        <ele>703.67</ele>
      </trkpt>
      <trkpt lat="46.21485" lon="-74.55603">
        <ele>703.41</ele>
      </trkpt>
      <trkpt lat="46.21482" lon="-74.55598">
        <ele>703.07</ele>
      </trkpt>
      <trkpt lat="46.21481" lon="-74.55598">
        <ele>702.97</ele>
      </trkpt>
      <trkpt lat="46.21475" lon="-74.55593">
        <ele>702.06</ele>
      </trkpt>
      <trkpt lat="46.2147" lon="-74.55592">
        <ele>702.04</ele>
      </trkpt>
      <trkpt lat="46.21465" lon="-74.5559">
        <ele>703.0</ele>
      </trkpt>
      <trkpt lat="46.2146" lon="-74.55588">
        <ele>704.19</ele>
      </trkpt>
      <trkpt lat="46.21456" lon="-74.55586">
        <ele>705.36</ele>
      </trkpt>
      <trkpt lat="46.21451" lon="-74.55584">
        <ele>706.99</ele>
      </trkpt>
      <trkpt lat="46.21447" lon="-74.5558">
        <ele>708.72</ele>
      </trkpt>
      <trkpt lat="46.21444" lon="-74.55576">
        <ele>709.63</ele>
      </trkpt>
      <trkpt lat="46.21441" lon="-74.55571">
        <ele>709.23</ele>
      </trkpt>
      <trkpt lat="46.2144" lon="-74.55564">
        <ele>709.95</ele>
      </trkpt>
      <trkpt lat="46.21442" lon="-74.55558">
        <ele>711.24</ele>
      </trkpt>
      <trkpt lat="46.21444" lon="-74.55552">
        <ele>712.7</ele>
      </trkpt>
      <trkpt lat="46.21447" lon="-74.55545">
        <ele>714.41</ele>
      </trkpt>
      <trkpt lat="46.21448" lon="-74.55538">
        <ele>716.0</ele>
      </trkpt>
      <trkpt lat="46.2145" lon="-74.55532">
        <ele>717.46</ele>
      </trkpt>
      <trkpt lat="46.21452" lon="-74.55526">
        <ele>718.88</ele>
      </trkpt>
      <trkpt lat="46.21454" lon="-74.5552">
        <ele>720.18</ele>
      </trkpt>
      <trkpt lat="46.21456" lon="-74.55514">
        <ele>721.52</ele>
      </trkpt>
      <trkpt lat="46.21458" lon="-74.55508">
        <ele>722.88</ele>
      </trkpt>
      <trkpt lat="46.21461" lon="-74.55503">
        <ele>724.18</ele>
      </trkpt>
      <trkpt lat="46.21464" lon="-74.55498">
        <ele>725.21</ele>
      </trkpt>
      <trkpt lat="46.21469" lon="-74.55493">
        <ele>725.93</ele>
      </trkpt>
      <trkpt lat="46.21473" lon="-74.5549">
        <ele>726.51</ele>
      </trkpt>
      <trkpt lat="46.21478" lon="-74.55487">
        <ele>727.76</ele>
      </trkpt>
      <trkpt lat="46.21482" lon="-74.55485">
        <ele>728.95</ele>
      </trkpt>
      <trkpt lat="46.21486" lon="-74.55483">
        <ele>730.34</ele>
      </trkpt>
      <trkpt lat="46.21491" lon="-74.55481">
        <ele>732.2</ele>
      </trkpt>
      <trkpt lat="46.21496" lon="-74.55481">
        <ele>733.67</ele>
      </trkpt>
      <trkpt lat="46.21501" lon="-74.55482">
        <ele>734.45</ele>
      </trkpt>
      <trkpt lat="46.21506" lon="-74.55482">
        <ele>734.29</ele>
      </trkpt>
      <trkpt lat="46.2151" lon="-74.55483">
        <ele>733.88</ele>
      </trkpt>
      <trkpt lat="46.21514" lon="-74.55483">
        <ele>733.78</ele>
      </trkpt>
      <trkpt lat="46.2152" lon="-74.55478">
        <ele>734.66</ele>
      </trkpt>
      <trkpt lat="46.21523" lon="-74.55474">
        <ele>735.19</ele>
      </trkpt>
      <trkpt lat="46.21525" lon="-74.55468">
        <ele>735.97</ele>
      </trkpt>
      <trkpt lat="46.21526" lon="-74.55462">
        <ele>736.89</ele>
      </trkpt>
      <trkpt lat="46.21525" lon="-74.55455">
        <ele>738.03</ele>
      </trkpt>
      <trkpt lat="46.21522" lon="-74.55449">
        <ele>738.76</ele>
      </trkpt>
      <trkpt lat="46.21522" lon="-74.55442">
        <ele>739.53</ele>
      </trkpt>
      <trkpt lat="46.21524" lon="-74.55436">
        <ele>740.16</ele>
      </trkpt>
      <trkpt lat="46.21525" lon="-74.5543">
        <ele>740.69</ele>
      </trkpt>
      <trkpt lat="46.21524" lon="-74.55424">
        <ele>740.96</ele>
      </trkpt>
      <trkpt lat="46.21522" lon="-74.55417">
        <ele>741.15</ele>
      </trkpt>
      <trkpt lat="46.21522" lon="-74.5541">
        <ele>742.18</ele>
      </trkpt>
      <trkpt lat="46.21523" lon="-74.55404">
        <ele>743.21</ele>
      </trkpt>
      <trkpt lat="46.21525" lon="-74.55398">
        <ele>744.36</ele>
      </trkpt>
      <trkpt lat="46.21526" lon="-74.55392">
        <ele>745.35</ele>
      </trkpt>
      <trkpt lat="46.21527" lon="-74.55391">
        <ele>745.61</ele>
      </trkpt>
      <trkpt lat="46.21529" lon="-74.55385">
        <ele>746.37</ele>
      </trkpt>
      <trkpt lat="46.21533" lon="-74.5538">
        <ele>747.32</ele>
      </trkpt>
      <trkpt lat="46.21536" lon="-74.55375">
        <ele>748.13</ele>
      </trkpt>
      <trkpt lat="46.2154" lon="-74.55371">
        <ele>749.13</ele>
      </trkpt>
      <trkpt lat="46.21542" lon="-74.55365">
        <ele>749.86</ele>
      </trkpt>
      <trkpt lat="46.21541" lon="-74.55358">
        <ele>749.91</ele>
      </trkpt>
      <trkpt lat="46.2154" lon="-74.55351">
        <ele>749.84</ele>
      </trkpt>
      <trkpt lat="46.21539" lon="-74.55345">
        <ele>749.77</ele>
      </trkpt>
      <trkpt lat="46.21539" lon="-74.55338">
        <ele>749.92</ele>
      </trkpt>
      <trkpt lat="46.2154" lon="-74.55332">
        <ele>750.38</ele>
      </trkpt>
      <trkpt lat="46.21541" lon="-74.55325">
        <ele>751.45</ele>
      </trkpt>
      <trkpt lat="46.21543" lon="-74.55318">
        <ele>752.59</ele>
      </trkpt>
      <trkpt lat="46.21544" lon="-74.55313">
        <ele>753.3</ele>
      </trkpt>
      <trkpt lat="46.21547" lon="-74.55302">
        <ele>754.55</ele>
      </trkpt>
      <trkpt lat="46.21549" lon="-74.55295">
        <ele>755.0</ele>
      </trkpt>
      <trkpt lat="46.21551" lon="-74.55289">
        <ele>755.37</ele>
      </trkpt>
      <trkpt lat="46.21554" lon="-74.55283">
        <ele>755.75</ele>
      </trkpt>
      <trkpt lat="46.21556" lon="-74.55278">
        <ele>756.06</ele>
      </trkpt>
      <trkpt lat="46.21557" lon="-74.55271">
        <ele>757.15</ele>
      </trkpt>
      <trkpt lat="46.21558" lon="-74.55263">
        <ele>758.34</ele>
      </trkpt>
      <trkpt lat="46.21558" lon="-74.55256">
        <ele>759.28</ele>
      </trkpt>
      <trkpt lat="46.21559" lon="-74.5525">
        <ele>760.12</ele>
      </trkpt>
      <trkpt lat="46.2156" lon="-74.55243">
        <ele>761.0</ele>
      </trkpt>
      <trkpt lat="46.2156" lon="-74.55243">
        <ele>761.0</ele>
      </trkpt>
      <trkpt lat="46.2156" lon="-74.55229">
        <ele>762.67</ele>
      </trkpt>
      <trkpt lat="46.21557" lon="-74.55223">
        <ele>763.07</ele>
      </trkpt>
      <trkpt lat="46.21555" lon="-74.55217">
        <ele>763.92</ele>
      </trkpt>
      <trkpt lat="46.21552" lon="-74.55212">
        <ele>764.56</ele>
      </trkpt>
      <trkpt lat="46.2155" lon="-74.55205">
        <ele>765.36</ele>
      </trkpt>
      <trkpt lat="46.21549" lon="-74.55198">
        <ele>766.13</ele>
      </trkpt>
      <trkpt lat="46.21548" lon="-74.55192">
        <ele>766.2</ele>
      </trkpt>
      <trkpt lat="46.21546" lon="-74.55185">
        <ele>765.38</ele>
      </trkpt>
      <trkpt lat="46.21543" lon="-74.55178">
        <ele>764.58</ele>
      </trkpt>
      <trkpt lat="46.21542" lon="-74.55176">
        <ele>764.38</ele>
      </trkpt>
      <trkpt lat="46.21539" lon="-74.55167">
        <ele>763.82</ele>
      </trkpt>
      <trkpt lat="46.21536" lon="-74.55163">
        <ele>763.59</ele>
      </trkpt>
      <trkpt lat="46.21532" lon="-74.55159">
        <ele>763.3</ele>
      </trkpt>
      <trkpt lat="46.21528" lon="-74.55154">
        <ele>763.02</ele>
      </trkpt>
      <trkpt lat="46.21525" lon="-74.55149">
        <ele>762.6</ele>
      </trkpt>
      <trkpt lat="46.21523" lon="-74.55144">
        <ele>762.31</ele>
      </trkpt>
      <trkpt lat="46.21521" lon="-74.55137">
        <ele>762.01</ele>
      </trkpt>
      <trkpt lat="46.21521" lon="-74.55131">
        <ele>761.95</ele>
      </trkpt>
      <trkpt lat="46.21522" lon="-74.55124">
        <ele>762.06</ele>
      </trkpt>
      <trkpt lat="46.21523" lon="-74.55117">
        <ele>762.18</ele>
      </trkpt>
      <trkpt lat="46.21523" lon="-74.55109">
        <ele>762.14</ele>
      </trkpt>
      <trkpt lat="46.21523" lon="-74.55101">
        <ele>762.14</ele>
      </trkpt>
      <trkpt lat="46.21524" lon="-74.55095">
        <ele>762.32</ele>
      </trkpt>
      <trkpt lat="46.21526" lon="-74.55088">
        <ele>762.68</ele>
      </trkpt>
      <trkpt lat="46.21527" lon="-74.55081">
        <ele>762.95</ele>
      </trkpt>
      <trkpt lat="46.21527" lon="-74.55074">
        <ele>763.22</ele>
      </trkpt>
      <trkpt lat="46.21526" lon="-74.55066">
        <ele>763.42</ele>
      </trkpt>
      <trkpt lat="46.21525" lon="-74.55063">
        <ele>763.45</ele>
      </trkpt>
      <trkpt lat="46.21527" lon="-74.55058">
        <ele>763.85</ele>
      </trkpt>
      <trkpt lat="46.2153" lon="-74.55053">
        <ele>764.86</ele>
      </trkpt>
      <trkpt lat="46.21534" lon="-74.55049">
        <ele>766.31</ele>
      </trkpt>
      <trkpt lat="46.21538" lon="-74.55046">
        <ele>767.67</ele>
      </trkpt>
      <trkpt lat="46.21542" lon="-74.55042">
        <ele>768.88</ele>
      </trkpt>
      <trkpt lat="46.21546" lon="-74.55038">
        <ele>769.97</ele>
      </trkpt>
      <trkpt lat="46.2155" lon="-74.55033">
        <ele>770.85</ele>
      </trkpt>
      <trkpt lat="46.21553" lon="-74.55028">
        <ele>771.29</ele>
      </trkpt>
      <trkpt lat="46.21556" lon="-74.55022">
        <ele>771.92</ele>
      </trkpt>
      <trkpt lat="46.21558" lon="-74.55016">
        <ele>772.32</ele>
      </trkpt>
      <trkpt lat="46.21561" lon="-74.55009">
        <ele>773.02</ele>
      </trkpt>
      <trkpt lat="46.21563" lon="-74.55002">
        <ele>773.46</ele>
      </trkpt>
      <trkpt lat="46.21566" lon="-74.54996">
        <ele>774.33</ele>
      </trkpt>
      <trkpt lat="46.21569" lon="-74.54991">
        <ele>775.2</ele>
      </trkpt>
      <trkpt lat="46.21572" lon="-74.54985">
        <ele>776.01</ele>
      </trkpt>
      <trkpt lat="46.21574" lon="-74.54982">
        <ele>776.55</ele>
      </trkpt>
      <trkpt lat="46.21579" lon="-74.54973">
        <ele>777.78</ele>
      </trkpt>
      <trkpt lat="46.21583" lon="-74.54968">
        <ele>778.91</ele>
      </trkpt>
      <trkpt lat="46.21587" lon="-74.54964">
        <ele>780.24</ele>
      </trkpt>
      <trkpt lat="46.21591" lon="-74.54961">
        <ele>781.54</ele>
      </trkpt>
      <trkpt lat="46.21595" lon="-74.54959">
        <ele>782.8</ele>
      </trkpt>
      <trkpt lat="46.216" lon="-74.54957">
        <ele>784.34</ele>
      </trkpt>
      <trkpt lat="46.21604" lon="-74.54954">
        <ele>785.46</ele>
      </trkpt>
      <trkpt lat="46.21609" lon="-74.5495">
        <ele>786.76</ele>
      </trkpt>
      <trkpt lat="46.21613" lon="-74.54946">
        <ele>787.53</ele>
      </trkpt>
      <trkpt lat="46.21617" lon="-74.54944">
        <ele>788.2</ele>
      </trkpt>
      <trkpt lat="46.21622" lon="-74.54943">
        <ele>789.12</ele>
      </trkpt>
      <trkpt lat="46.21627" lon="-74.54943">
        <ele>790.19</ele>
      </trkpt>
      <trkpt lat="46.21631" lon="-74.54945">
        <ele>791.36</ele>
      </trkpt>
      <trkpt lat="46.21636" lon="-74.54944">
        <ele>792.3</ele>
      </trkpt>
      <trkpt lat="46.2164" lon="-74.54942">
        <ele>792.64</ele>
      </trkpt>
      <trkpt lat="46.21644" lon="-74.54941">
        <ele>792.75</ele>
      </trkpt>
      <trkpt lat="46.21649" lon="-74.54935">
        <ele>792.03</ele>
      </trkpt>
      <trkpt lat="46.21653" lon="-74.54931">
        <ele>791.6</ele>
      </trkpt>
      <trkpt lat="46.21657" lon="-74.54926">
        <ele>790.98</ele>
      </trkpt>
      <trkpt lat="46.21662" lon="-74.54923">
        <ele>790.8</ele>
      </trkpt>
      <trkpt lat="46.21666" lon="-74.5492">
        <ele>790.55</ele>
      </trkpt>
      <trkpt lat="46.21671" lon="-74.54921">
        <ele>791.25</ele>
      </trkpt>
      <trkpt lat="46.21675" lon="-74.54922">
        <ele>791.86</ele>
      </trkpt>
      <trkpt lat="46.2168" lon="-74.5492">
        <ele>792.04</ele>
      </trkpt>
      <trkpt lat="46.21685" lon="-74.54918">
        <ele>792.22</ele>
      </trkpt>
      <trkpt lat="46.21689" lon="-74.54916">
        <ele>792.2</ele>
      </trkpt>
      <trkpt lat="46.21693" lon="-74.54912">
        <ele>791.22</ele>
      </trkpt>
      <trkpt lat="46.21697" lon="-74.54908">
        <ele>790.09</ele>
      </trkpt>
      <trkpt lat="46.217" lon="-74.54903">
        <ele>788.67</ele>
      </trkpt>
      <trkpt lat="46.21704" lon="-74.549">
        <ele>788.17</ele>
      </trkpt>
      <trkpt lat="46.21711" lon="-74.54895">
        <ele>787.66</ele>
      </trkpt>
      <trkpt lat="46.21715" lon="-74.54892">
        <ele>787.49</ele>
      </trkpt>
      <trkpt lat="46.21719" lon="-74.54887">
        <ele>786.92</ele>
      </trkpt>
      <trkpt lat="46.21722" lon="-74.54883">
        <ele>786.27</ele>
      </trkpt>
      <trkpt lat="46.21726" lon="-74.54878">
        <ele>784.7</ele>
      </trkpt>
      <trkpt lat="46.2173" lon="-74.54875">
        <ele>783.72</ele>
      </trkpt>
      <trkpt lat="46.21733" lon="-74.5487">
        <ele>782.31</ele>
      </trkpt>
      <trkpt lat="46.21735" lon="-74.54863">
        <ele>780.48</ele>
      </trkpt>
      <trkpt lat="46.21735" lon="-74.54856">
        <ele>779.09</ele>
      </trkpt>
      <trkpt lat="46.21735" lon="-74.5485">
        <ele>778.03</ele>
      </trkpt>
      <trkpt lat="46.21736" lon="-74.54844">
        <ele>776.92</ele>
      </trkpt>
      <trkpt lat="46.21739" lon="-74.54838">
        <ele>775.67</ele>
      </trkpt>
      <trkpt lat="46.21739" lon="-74.54838">
        <ele>775.67</ele>
      </trkpt>
      <trkpt lat="46.21743" lon="-74.54831">
        <ele>774.19</ele>
      </trkpt>
      <trkpt lat="46.21746" lon="-74.54825">
        <ele>773.26</ele>
      </trkpt>
      <trkpt lat="46.2175" lon="-74.54821">
        <ele>772.67</ele>
      </trkpt>
      <trkpt lat="46.21754" lon="-74.54817">
        <ele>772.7</ele>
      </trkpt>
      <trkpt lat="46.21758" lon="-74.54814">
        <ele>772.75</ele>
      </trkpt>
      <trkpt lat="46.21762" lon="-74.5481">
        <ele>772.55</ele>
      </trkpt>
      <trkpt lat="46.21765" lon="-74.54805">
        <ele>772.03</ele>
      </trkpt>
      <trkpt lat="46.21768" lon="-74.548">
        <ele>771.83</ele>
      </trkpt>
      <trkpt lat="46.21771" lon="-74.54795">
        <ele>771.66</ele>
      </trkpt>
      <trkpt lat="46.21776" lon="-74.54793">
        <ele>771.94</ele>
      </trkpt>
      <trkpt lat="46.2178" lon="-74.54796">
        <ele>772.26</ele>
      </trkpt>
      <trkpt lat="46.21783" lon="-74.54801">
        <ele>772.61</ele>
      </trkpt>
      <trkpt lat="46.21785" lon="-74.54807">
        <ele>773.37</ele>
      </trkpt>
      <trkpt lat="46.21787" lon="-74.54813">
        <ele>774.96</ele>
      </trkpt>
      <trkpt lat="46.2179" lon="-74.54819">
        <ele>776.76</ele>
      </trkpt>
      <trkpt lat="46.21792" lon="-74.54825">
        <ele>778.63</ele>
      </trkpt>
      <trkpt lat="46.21795" lon="-74.5483">
        <ele>780.46</ele>
      </trkpt>
      <trkpt lat="46.218" lon="-74.54833">
        <ele>782.09</ele>
      </trkpt>
      <trkpt lat="46.21805" lon="-74.54834">
        <ele>782.94</ele>
      </trkpt>
      <trkpt lat="46.21809" lon="-74.54833">
        <ele>782.51</ele>
      </trkpt>
      <trkpt lat="46.21814" lon="-74.54832">
        <ele>781.67</ele>
      </trkpt>
      <trkpt lat="46.21819" lon="-74.5483">
        <ele>780.58</ele>
      </trkpt>
      <trkpt lat="46.21823" lon="-74.54826">
        <ele>779.14</ele>
      </trkpt>
      <trkpt lat="46.21827" lon="-74.54822">
        <ele>777.86</ele>
      </trkpt>
      <trkpt lat="46.2183" lon="-74.54819">
        <ele>777.02</ele>
      </trkpt>
      <trkpt lat="46.21835" lon="-74.54816">
        <ele>776.41</ele>
      </trkpt>
      <trkpt lat="46.21839" lon="-74.54817">
        <ele>777.0</ele>
      </trkpt>
      <trkpt lat="46.21842" lon="-74.54822">
        <ele>778.3</ele>
      </trkpt>
      <trkpt lat="46.21844" lon="-74.54828">
        <ele>779.69</ele>
      </trkpt>
      <trkpt lat="46.21844" lon="-74.54835">
        <ele>781.08</ele>
      </trkpt>
      <trkpt lat="46.21842" lon="-74.54842">
        <ele>782.16</ele>
      </trkpt>
      <trkpt lat="46.2184" lon="-74.54848">
        <ele>782.97</ele>
      </trkpt>
      <trkpt lat="46.21838" lon="-74.54854">
        <ele>783.69</ele>
      </trkpt>
      <trkpt lat="46.21835" lon="-74.5486">
        <ele>784.13</ele>
      </trkpt>
      <trkpt lat="46.21822" lon="-74.54888">
        <ele>789.99</ele>
      </trkpt>
      <trkpt lat="46.21819" lon="-74.54894">
        <ele>791.52</ele>
      </trkpt>
      <trkpt lat="46.21816" lon="-74.54901">
        <ele>793.3</ele>
      </trkpt>
      <trkpt lat="46.21814" lon="-74.54907">
        <ele>794.77</ele>
      </trkpt>
      <trkpt lat="46.21812" lon="-74.54914">
        <ele>796.42</ele>
      </trkpt>
      <trkpt lat="46.21811" lon="-74.5492">
        <ele>797.99</ele>
      </trkpt>
      <trkpt lat="46.2181" lon="-74.54927">
        <ele>799.97</ele>
      </trkpt>
      <trkpt lat="46.2181" lon="-74.54934">
        <ele>802.12</ele>
      </trkpt>
      <trkpt lat="46.21809" lon="-74.5494">
        <ele>803.87</ele>
      </trkpt>
      <trkpt lat="46.21809" lon="-74.54947">
        <ele>805.64</ele>
      </trkpt>
      <trkpt lat="46.21808" lon="-74.54954">
        <ele>806.61</ele>
      </trkpt>
      <trkpt lat="46.21811" lon="-74.5496">
        <ele>807.85</ele>
      </trkpt>
      <trkpt lat="46.21815" lon="-74.54963">
        <ele>808.81</ele>
      </trkpt>
      <trkpt lat="46.2182" lon="-74.54963">
        <ele>809.41</ele>
      </trkpt>
      <trkpt lat="46.21825" lon="-74.54963">
        <ele>810.01</ele>
      </trkpt>
      <trkpt lat="46.2183" lon="-74.54962">
        <ele>810.4</ele>
      </trkpt>
      <trkpt lat="46.21835" lon="-74.54962">
        <ele>811.09</ele>
      </trkpt>
      <trkpt lat="46.21839" lon="-74.54962">
        <ele>811.81</ele>
      </trkpt>
      <trkpt lat="46.21844" lon="-74.54964">
        <ele>813.14</ele>
      </trkpt>
      <trkpt lat="46.21848" lon="-74.54967">
        <ele>814.51</ele>
      </trkpt>
      <trkpt lat="46.21852" lon="-74.54968">
        <ele>815.45</ele>
      </trkpt>
      <trkpt lat="46.21857" lon="-74.54969">
        <ele>816.56</ele>
      </trkpt>
      <trkpt lat="46.21861" lon="-74.54972">
        <ele>817.93</ele>
      </trkpt>
      <trkpt lat="46.21863" lon="-74.54978">
        <ele>819.37</ele>
      </trkpt>
      <trkpt lat="46.21863" lon="-74.54985">
        <ele>820.86</ele>
      </trkpt>
      <trkpt lat="46.21861" lon="-74.54991">
        <ele>822.04</ele>
      </trkpt>
      <trkpt lat="46.21858" lon="-74.54997">
        <ele>822.99</ele>
      </trkpt>
      <trkpt lat="46.21856" lon="-74.55003">
        <ele>824.28</ele>
      </trkpt>
      <trkpt lat="46.21853" lon="-74.55011">
        <ele>826.36</ele>
      </trkpt>
      <trkpt lat="46.21852" lon="-74.55018">
        <ele>828.4</ele>
      </trkpt>
      <trkpt lat="46.21851" lon="-74.55021">
        <ele>829.3</ele>
      </trkpt>
      <trkpt lat="46.21845" lon="-74.55037">
        <ele>834.48</ele>
      </trkpt>
      <trkpt lat="46.21842" lon="-74.55042">
        <ele>836.33</ele>
      </trkpt>
      <trkpt lat="46.21841" lon="-74.55049">
        <ele>838.73</ele>
      </trkpt>
      <trkpt lat="46.2184" lon="-74.55056">
        <ele>841.08</ele>
      </trkpt>
      <trkpt lat="46.21839" lon="-74.55063">
        <ele>841.83</ele>
      </trkpt>
      <trkpt lat="46.21838" lon="-74.55069">
        <ele>842.38</ele>
      </trkpt>
      <trkpt lat="46.21837" lon="-74.55079">
        <ele>843.1</ele>
      </trkpt>
      <trkpt lat="46.21836" lon="-74.5509">
        <ele>843.77</ele>
      </trkpt>
      <trkpt lat="46.21835" lon="-74.55096">
        <ele>844.09</ele>
      </trkpt>
      <trkpt lat="46.21833" lon="-74.55104">
        <ele>844.45</ele>
      </trkpt>
      <trkpt lat="46.21832" lon="-74.55111">
        <ele>844.85</ele>
      </trkpt>
      <trkpt lat="46.21832" lon="-74.55118">
        <ele>845.14</ele>
      </trkpt>
      <trkpt lat="46.21832" lon="-74.55125">
        <ele>845.43</ele>
      </trkpt>
      <trkpt lat="46.21832" lon="-74.55132">
        <ele>845.72</ele>
      </trkpt>
      <trkpt lat="46.21832" lon="-74.55138">
        <ele>845.96</ele>
      </trkpt>
      <trkpt lat="46.21833" lon="-74.55145">
        <ele>847.31</ele>
      </trkpt>
      <trkpt lat="46.21836" lon="-74.55153">
        <ele>849.09</ele>
      </trkpt>
      <trkpt lat="46.21837" lon="-74.55157">
        <ele>849.88</ele>
      </trkpt>
      <trkpt lat="46.21841" lon="-74.55166">
        <ele>851.34</ele>
      </trkpt>
      <trkpt lat="46.21848" lon="-74.5517">
        <ele>851.29</ele>
      </trkpt>
      <trkpt lat="46.21852" lon="-74.55171">
        <ele>851.02</ele>
      </trkpt>
      <trkpt lat="46.21857" lon="-74.55174">
        <ele>850.72</ele>
      </trkpt>
      <trkpt lat="46.21862" lon="-74.55175">
        <ele>850.19</ele>
      </trkpt>
      <trkpt lat="46.21867" lon="-74.55176">
        <ele>849.63</ele>
      </trkpt>
      <trkpt lat="46.21871" lon="-74.55177">
        <ele>849.17</ele>
      </trkpt>
      <trkpt lat="46.21876" lon="-74.55177">
        <ele>848.56</ele>
      </trkpt>
      <trkpt lat="46.21882" lon="-74.55176">
        <ele>847.83</ele>
      </trkpt>
      <trkpt lat="46.21887" lon="-74.55175">
        <ele>847.22</ele>
      </trkpt>
      <trkpt lat="46.21892" lon="-74.55174">
        <ele>846.92</ele>
      </trkpt>
      <trkpt lat="46.21897" lon="-74.55174">
        <ele>846.79</ele>
      </trkpt>
      <trkpt lat="46.21902" lon="-74.55173">
        <ele>846.64</ele>
      </trkpt>
      <trkpt lat="46.21906" lon="-74.55172">
        <ele>846.5</ele>
      </trkpt>
      <trkpt lat="46.21909" lon="-74.55171">
        <ele>846.39</ele>
      </trkpt>
      <trkpt lat="46.21919" lon="-74.55168">
        <ele>846.38</ele>
      </trkpt>
      <trkpt lat="46.21923" lon="-74.55166">
        <ele>846.92</ele>
      </trkpt>
      <trkpt lat="46.21928" lon="-74.55164">
        <ele>847.61</ele>
      </trkpt>
      <trkpt lat="46.21932" lon="-74.55161">
        <ele>848.07</ele>
      </trkpt>
      <trkpt lat="46.21936" lon="-74.55156">
        <ele>848.37</ele>
      </trkpt>
      <trkpt lat="46.21939" lon="-74.55151">
        <ele>848.42</ele>
      </trkpt>
      <trkpt lat="46.21943" lon="-74.55147">
        <ele>848.49</ele>
      </trkpt>
      <trkpt lat="46.21947" lon="-74.55144">
        <ele>849.09</ele>
      </trkpt>
      <trkpt lat="46.21952" lon="-74.55142">
        <ele>850.37</ele>
      </trkpt>
      <trkpt lat="46.21956" lon="-74.55142">
        <ele>851.51</ele>
      </trkpt>
      <trkpt lat="46.21961" lon="-74.55144">
        <ele>853.03</ele>
      </trkpt>
      <trkpt lat="46.21965" lon="-74.55148">
        <ele>854.33</ele>
      </trkpt>
      <trkpt lat="46.21969" lon="-74.55152">
        <ele>855.6</ele>
      </trkpt>
      <trkpt lat="46.21972" lon="-74.55158">
        <ele>856.63</ele>
      </trkpt>
      <trkpt lat="46.21974" lon="-74.55165">
        <ele>857.38</ele>
      </trkpt>
      <trkpt lat="46.21976" lon="-74.5517">
        <ele>858.25</ele>
      </trkpt>
      <trkpt lat="46.21978" lon="-74.55177">
        <ele>859.26</ele>
      </trkpt>
      <trkpt lat="46.21979" lon="-74.55183">
        <ele>859.9</ele>
      </trkpt>
      <trkpt lat="46.2198" lon="-74.5519">
        <ele>860.54</ele>
      </trkpt>
      <trkpt lat="46.21982" lon="-74.55197">
        <ele>860.79</ele>
      </trkpt>
      <trkpt lat="46.21984" lon="-74.55203">
        <ele>860.43</ele>
      </trkpt>
      <trkpt lat="46.21987" lon="-74.55209">
        <ele>860.34</ele>
      </trkpt>
      <trkpt lat="46.21989" lon="-74.55213">
        <ele>860.35</ele>
      </trkpt>
      <trkpt lat="46.21994" lon="-74.55225">
        <ele>860.39</ele>
      </trkpt>
      <trkpt lat="46.21997" lon="-74.55231">
        <ele>860.22</ele>
      </trkpt>
      <trkpt lat="46.22" lon="-74.55236">
        <ele>860.02</ele>
      </trkpt>
      <trkpt lat="46.22" lon="-74.55238">
        <ele>859.73</ele>
      </trkpt>
      <trkpt lat="46.22" lon="-74.55236">
        <ele>860.02</ele>
      </trkpt>
      <trkpt lat="46.21997" lon="-74.55231">
        <ele>860.22</ele>
      </trkpt>
      <trkpt lat="46.21994" lon="-74.55225">
        <ele>860.39</ele>
      </trkpt>
      <trkpt lat="46.21989" lon="-74.55213">
        <ele>860.35</ele>
      </trkpt>
      <trkpt lat="46.21987" lon="-74.55209">
        <ele>860.34</ele>
      </trkpt>
      <trkpt lat="46.21984" lon="-74.55203">
        <ele>860.43</ele>
      </trkpt>
      <trkpt lat="46.21982" lon="-74.55197">
        <ele>860.79</ele>
      </trkpt>
      <trkpt lat="46.2198" lon="-74.5519">
        <ele>860.54</ele>
      </trkpt>
      <trkpt lat="46.21979" lon="-74.55183">
        <ele>859.9</ele>
      </trkpt>
      <trkpt lat="46.21978" lon="-74.55177">
        <ele>859.26</ele>
      </trkpt>
      <trkpt lat="46.21976" lon="-74.5517">
        <ele>858.25</ele>
      </trkpt>
      <trkpt lat="46.21974" lon="-74.55165">
        <ele>857.38</ele>
      </trkpt>
      <trkpt lat="46.21972" lon="-74.55158">
        <ele>856.63</ele>
      </trkpt>
      <trkpt lat="46.21969" lon="-74.55152">
        <ele>855.6</ele>
      </trkpt>
      <trkpt lat="46.21965" lon="-74.55148">
        <ele>854.33</ele>
      </trkpt>
      <trkpt lat="46.21961" lon="-74.55144">
        <ele>853.03</ele>
      </trkpt>
      <trkpt lat="46.21956" lon="-74.55142">
        <ele>851.51</ele>
      </trkpt>
      <trkpt lat="46.21952" lon="-74.55142">
        <ele>850.37</ele>
      </trkpt>
      <trkpt lat="46.21947" lon="-74.55144">
        <ele>849.09</ele>
      </trkpt>
      <trkpt lat="46.21943" lon="-74.55147">
        <ele>848.49</ele>
      </trkpt>
      <trkpt lat="46.21939" lon="-74.55151">
        <ele>848.42</ele>
      </trkpt>
      <trkpt lat="46.21936" lon="-74.55156">
        <ele>848.37</ele>
      </trkpt>
      <trkpt lat="46.21932" lon="-74.55161">
        <ele>848.07</ele>
      </trkpt>
      <trkpt lat="46.21928" lon="-74.55164">
        <ele>847.61</ele>
      </trkpt>
      <trkpt lat="46.21923" lon="-74.55166">
        <ele>846.92</ele>
      </trkpt>
      <trkpt lat="46.21919" lon="-74.55168">
        <ele>846.38</ele>
      </trkpt>
      <trkpt lat="46.21909" lon="-74.55171">
        <ele>846.39</ele>
      </trkpt>
      <trkpt lat="46.21906" lon="-74.55172">
        <ele>846.5</ele>
      </trkpt>
      <trkpt lat="46.21902" lon="-74.55173">
        <ele>846.64</ele>
      </trkpt>
      <trkpt lat="46.21897" lon="-74.55174">
        <ele>846.79</ele>
      </trkpt>
      <trkpt lat="46.21892" lon="-74.55174">
        <ele>846.92</ele>
      </trkpt>
      <trkpt lat="46.21887" lon="-74.55175">
        <ele>847.22</ele>
      </trkpt>
      <trkpt lat="46.21882" lon="-74.55176">
        <ele>847.83</ele>
      </trkpt>
      <trkpt lat="46.21876" lon="-74.55177">
        <ele>848.56</ele>
      </trkpt>
      <trkpt lat="46.21871" lon="-74.55177">
        <ele>849.17</ele>
      </trkpt>
      <trkpt lat="46.21867" lon="-74.55176">
        <ele>849.63</ele>
      </trkpt>
      <trkpt lat="46.21862" lon="-74.55175">
        <ele>850.19</ele>
      </trkpt>
      <trkpt lat="46.21857" lon="-74.55174">
        <ele>850.72</ele>
      </trkpt>
      <trkpt lat="46.21852" lon="-74.55171">
        <ele>851.02</ele>
      </trkpt>
      <trkpt lat="46.21848" lon="-74.5517">
        <ele>851.29</ele>
      </trkpt>
      <trkpt lat="46.21841" lon="-74.55166">
        <ele>851.34</ele>
      </trkpt>
      <trkpt lat="46.21837" lon="-74.55157">
        <ele>849.88</ele>
      </trkpt>
      <trkpt lat="46.21836" lon="-74.55153">
        <ele>849.09</ele>
      </trkpt>
      <trkpt lat="46.21833" lon="-74.55145">
        <ele>847.31</ele>
      </trkpt>
      <trkpt lat="46.21832" lon="-74.55138">
        <ele>845.96</ele>
      </trkpt>
      <trkpt lat="46.21832" lon="-74.55132">
        <ele>845.72</ele>
      </trkpt>
      <trkpt lat="46.21832" lon="-74.55125">
        <ele>845.43</ele>
      </trkpt>
      <trkpt lat="46.21832" lon="-74.55118">
        <ele>845.14</ele>
      </trkpt>
      <trkpt lat="46.21832" lon="-74.55111">
        <ele>844.85</ele>
      </trkpt>
      <trkpt lat="46.21833" lon="-74.55104">
        <ele>844.45</ele>
      </trkpt>
      <trkpt lat="46.21835" lon="-74.55096">
        <ele>844.09</ele>
      </trkpt>
      <trkpt lat="46.21836" lon="-74.5509">
        <ele>843.77</ele>
      </trkpt>
      <trkpt lat="46.21837" lon="-74.55079">
        <ele>843.1</ele>
      </trkpt>
      <trkpt lat="46.21838" lon="-74.55069">
        <ele>842.38</ele>
      </trkpt>
      <trkpt lat="46.21839" lon="-74.55063">
        <ele>841.83</ele>
      </trkpt>
      <trkpt lat="46.2184" lon="-74.55056">
        <ele>841.08</ele>
      </trkpt>
      <trkpt lat="46.21841" lon="-74.55049">
        <ele>838.73</ele>
      </trkpt>
      <trkpt lat="46.21842" lon="-74.55042">
        <ele>836.33</ele>
      </trkpt>
      <trkpt lat="46.21845" lon="-74.55037">
        <ele>834.48</ele>
      </trkpt>
      <trkpt lat="46.21851" lon="-74.55021">
        <ele>829.3</ele>
      </trkpt>
      <trkpt lat="46.21852" lon="-74.55018">
        <ele>828.4</ele>
      </trkpt>
      <trkpt lat="46.21853" lon="-74.55011">
        <ele>826.36</ele>
      </trkpt>
      <trkpt lat="46.21856" lon="-74.55003">
        <ele>824.28</ele>
      </trkpt>
      <trkpt lat="46.21858" lon="-74.54997">
        <ele>822.99</ele>
      </trkpt>
      <trkpt lat="46.21861" lon="-74.54991">
        <ele>822.04</ele>
      </trkpt>
      <trkpt lat="46.21863" lon="-74.54985">
        <ele>820.86</ele>
      </trkpt>
      <trkpt lat="46.21863" lon="-74.54978">
        <ele>819.37</ele>
      </trkpt>
      <trkpt lat="46.21861" lon="-74.54972">
        <ele>817.93</ele>
      </trkpt>
      <trkpt lat="46.21857" lon="-74.54969">
        <ele>816.56</ele>
      </trkpt>
      <trkpt lat="46.21852" lon="-74.54968">
        <ele>815.45</ele>
      </trkpt>
      <trkpt lat="46.21848" lon="-74.54967">
        <ele>814.51</ele>
      </trkpt>
      <trkpt lat="46.21844" lon="-74.54964">
        <ele>813.14</ele>
      </trkpt>
      <trkpt lat="46.21839" lon="-74.54962">
        <ele>811.81</ele>
      </trkpt>
      <trkpt lat="46.21835" lon="-74.54962">
        <ele>811.09</ele>
      </trkpt>
      <trkpt lat="46.2183" lon="-74.54962">
        <ele>810.4</ele>
      </trkpt>
      <trkpt lat="46.21825" lon="-74.54963">
        <ele>810.01</ele>
      </trkpt>
      <trkpt lat="46.2182" lon="-74.54963">
        <ele>809.41</ele>
      </trkpt>
      <trkpt lat="46.21815" lon="-74.54963">
        <ele>808.81</ele>
      </trkpt>
      <trkpt lat="46.21811" lon="-74.5496">
        <ele>807.85</ele>
      </trkpt>
      <trkpt lat="46.21808" lon="-74.54954">
        <ele>806.61</ele>
      </trkpt>
      <trkpt lat="46.21809" lon="-74.54947">
        <ele>805.64</ele>
      </trkpt>
      <trkpt lat="46.21809" lon="-74.5494">
        <ele>803.87</ele>
      </trkpt>
      <trkpt lat="46.2181" lon="-74.54934">
        <ele>802.12</ele>
      </trkpt>
      <trkpt lat="46.2181" lon="-74.54927">
        <ele>799.97</ele>
      </trkpt>
      <trkpt lat="46.21811" lon="-74.5492">
        <ele>797.99</ele>
      </trkpt>
      <trkpt lat="46.21812" lon="-74.54914">
        <ele>796.42</ele>
      </trkpt>
      <trkpt lat="46.21814" lon="-74.54907">
        <ele>794.77</ele>
      </trkpt>
      <trkpt lat="46.21816" lon="-74.54901">
        <ele>793.3</ele>
      </trkpt>
      <trkpt lat="46.21819" lon="-74.54894">
        <ele>791.52</ele>
      </trkpt>
      <trkpt lat="46.21822" lon="-74.54888">
        <ele>789.99</ele>
      </trkpt>
      <trkpt lat="46.21835" lon="-74.5486">
        <ele>784.13</ele>
      </trkpt>
      <trkpt lat="46.21838" lon="-74.54854">
        <ele>783.69</ele>
      </trkpt>
      <trkpt lat="46.2184" lon="-74.54848">
        <ele>782.97</ele>
      </trkpt>
      <trkpt lat="46.21842" lon="-74.54842">
        <ele>782.16</ele>
      </trkpt>
      <trkpt lat="46.21844" lon="-74.54835">
        <ele>781.08</ele>
      </trkpt>
      <trkpt lat="46.21844" lon="-74.54828">
        <ele>779.69</ele>
      </trkpt>
      <trkpt lat="46.21842" lon="-74.54822">
        <ele>778.3</ele>
      </trkpt>
      <trkpt lat="46.21839" lon="-74.54817">
        <ele>777.0</ele>
      </trkpt>
      <trkpt lat="46.21835" lon="-74.54816">
        <ele>776.41</ele>
      </trkpt>
      <trkpt lat="46.2183" lon="-74.54819">
        <ele>777.02</ele>
      </trkpt>
      <trkpt lat="46.21827" lon="-74.54822">
        <ele>777.86</ele>
      </trkpt>
      <trkpt lat="46.21823" lon="-74.54826">
        <ele>779.14</ele>
      </trkpt>
      <trkpt lat="46.21819" lon="-74.5483">
        <ele>780.58</ele>
      </trkpt>
      <trkpt lat="46.21814" lon="-74.54832">
        <ele>781.67</ele>
      </trkpt>
      <trkpt lat="46.21809" lon="-74.54833">
        <ele>782.51</ele>
      </trkpt>
      <trkpt lat="46.21805" lon="-74.54834">
        <ele>782.94</ele>
      </trkpt>
      <trkpt lat="46.218" lon="-74.54833">
        <ele>782.09</ele>
      </trkpt>
      <trkpt lat="46.21795" lon="-74.5483">
        <ele>780.46</ele>
      </trkpt>
      <trkpt lat="46.21792" lon="-74.54825">
        <ele>778.63</ele>
      </trkpt>
      <trkpt lat="46.2179" lon="-74.54819">
        <ele>776.76</ele>
      </trkpt>
      <trkpt lat="46.21787" lon="-74.54813">
        <ele>774.96</ele>
      </trkpt>
      <trkpt lat="46.21785" lon="-74.54807">
        <ele>773.37</ele>
      </trkpt>
      <trkpt lat="46.21783" lon="-74.54801">
        <ele>772.61</ele>
      </trkpt>
      <trkpt lat="46.2178" lon="-74.54796">
        <ele>772.26</ele>
      </trkpt>
      <trkpt lat="46.21776" lon="-74.54793">
        <ele>771.94</ele>
      </trkpt>
      <trkpt lat="46.21771" lon="-74.54795">
        <ele>771.66</ele>
      </trkpt>
      <trkpt lat="46.21768" lon="-74.548">
        <ele>771.83</ele>
      </trkpt>
      <trkpt lat="46.21765" lon="-74.54805">
        <ele>772.03</ele>
      </trkpt>
      <trkpt lat="46.21762" lon="-74.5481">
        <ele>772.55</ele>
      </trkpt>
      <trkpt lat="46.21758" lon="-74.54814">
        <ele>772.75</ele>
      </trkpt>
      <trkpt lat="46.21754" lon="-74.54817">
        <ele>772.7</ele>
      </trkpt>
      <trkpt lat="46.2175" lon="-74.54821">
        <ele>772.67</ele>
      </trkpt>
      <trkpt lat="46.21746" lon="-74.54825">
        <ele>773.26</ele>
      </trkpt>
      <trkpt lat="46.21743" lon="-74.54831">
        <ele>774.19</ele>
      </trkpt>
      <trkpt lat="46.21739" lon="-74.54838">
        <ele>775.67</ele>
      </trkpt>
      <trkpt lat="46.21739" lon="-74.54838">
        <ele>775.67</ele>
      </trkpt>
      <trkpt lat="46.21736" lon="-74.54844">
        <ele>776.92</ele>
      </trkpt>
      <trkpt lat="46.21735" lon="-74.5485">
        <ele>778.03</ele>
      </trkpt>
      <trkpt lat="46.21735" lon="-74.54856">
        <ele>779.09</ele>
      </trkpt>
      <trkpt lat="46.21735" lon="-74.54863">
        <ele>780.48</ele>
      </trkpt>
      <trkpt lat="46.21733" lon="-74.5487">
        <ele>782.31</ele>
      </trkpt>
      <trkpt lat="46.2173" lon="-74.54875">
        <ele>783.72</ele>
      </trkpt>
      <trkpt lat="46.21726" lon="-74.54878">
        <ele>784.7</ele>
      </trkpt>
      <trkpt lat="46.21722" lon="-74.54883">
        <ele>786.27</ele>
      </trkpt>
      <trkpt lat="46.21719" lon="-74.54887">
        <ele>786.92</ele>
      </trkpt>
      <trkpt lat="46.21715" lon="-74.54892">
        <ele>787.49</ele>
      </trkpt>
      <trkpt lat="46.21711" lon="-74.54895">
        <ele>787.66</ele>
      </trkpt>
      <trkpt lat="46.21704" lon="-74.549">
        <ele>788.17</ele>
      </trkpt>
      <trkpt lat="46.217" lon="-74.54903">
        <ele>788.67</ele>
      </trkpt>
      <trkpt lat="46.21697" lon="-74.54908">
        <ele>790.09</ele>
      </trkpt>
      <trkpt lat="46.21693" lon="-74.54912">
        <ele>791.22</ele>
      </trkpt>
      <trkpt lat="46.21689" lon="-74.54916">
        <ele>792.2</ele>
      </trkpt>
      <trkpt lat="46.21685" lon="-74.54918">
        <ele>792.22</ele>
      </trkpt>
      <trkpt lat="46.2168" lon="-74.5492">
        <ele>792.04</ele>
      </trkpt>
      <trkpt lat="46.21675" lon="-74.54922">
        <ele>791.86</ele>
      </trkpt>
      <trkpt lat="46.21671" lon="-74.54921">
        <ele>791.25</ele>
      </trkpt>
      <trkpt lat="46.21666" lon="-74.5492">
        <ele>790.55</ele>
      </trkpt>
      <trkpt lat="46.21662" lon="-74.54923">
        <ele>790.8</ele>
      </trkpt>
      <trkpt lat="46.21657" lon="-74.54926">
        <ele>790.98</ele>
      </trkpt>
      <trkpt lat="46.21653" lon="-74.54931">
        <ele>791.6</ele>
      </trkpt>
      <trkpt lat="46.21649" lon="-74.54935">
        <ele>792.03</ele>
      </trkpt>
      <trkpt lat="46.21644" lon="-74.54941">
        <ele>792.75</ele>
      </trkpt>
      <trkpt lat="46.2164" lon="-74.54942">
        <ele>792.64</ele>
      </trkpt>
      <trkpt lat="46.21636" lon="-74.54944">
        <ele>792.3</ele>
      </trkpt>
      <trkpt lat="46.21631" lon="-74.54945">
        <ele>791.36</ele>
      </trkpt>
      <trkpt lat="46.21627" lon="-74.54943">
        <ele>790.19</ele>
      </trkpt>
      <trkpt lat="46.21622" lon="-74.54943">
        <ele>789.12</ele>
      </trkpt>
      <trkpt lat="46.21617" lon="-74.54944">
        <ele>788.2</ele>
      </trkpt>
      <trkpt lat="46.21613" lon="-74.54946">
        <ele>787.53</ele>
      </trkpt>
      <trkpt lat="46.21609" lon="-74.5495">
        <ele>786.76</ele>
      </trkpt>
      <trkpt lat="46.21604" lon="-74.54954">
        <ele>785.46</ele>
      </trkpt>
      <trkpt lat="46.216" lon="-74.54957">
        <ele>784.34</ele>
      </trkpt>
      <trkpt lat="46.21595" lon="-74.54959">
        <ele>782.8</ele>
      </trkpt>
      <trkpt lat="46.21591" lon="-74.54961">
        <ele>781.54</ele>
      </trkpt>
      <trkpt lat="46.21587" lon="-74.54964">
        <ele>780.24</ele>
      </trkpt>
      <trkpt lat="46.21583" lon="-74.54968">
        <ele>778.91</ele>
      </trkpt>
      <trkpt lat="46.21579" lon="-74.54973">
        <ele>777.78</ele>
      </trkpt>
      <trkpt lat="46.21574" lon="-74.54982">
        <ele>776.55</ele>
      </trkpt>
      <trkpt lat="46.21572" lon="-74.54985">
        <ele>776.01</ele>
      </trkpt>
      <trkpt lat="46.21569" lon="-74.54991">
        <ele>775.2</ele>
      </trkpt>
      <trkpt lat="46.21566" lon="-74.54996">
        <ele>774.33</ele>
      </trkpt>
      <trkpt lat="46.21563" lon="-74.55002">
        <ele>773.46</ele>
      </trkpt>
      <trkpt lat="46.21561" lon="-74.55009">
        <ele>773.02</ele>
      </trkpt>
      <trkpt lat="46.21558" lon="-74.55016">
        <ele>772.32</ele>
      </trkpt>
      <trkpt lat="46.21556" lon="-74.55022">
        <ele>771.92</ele>
      </trkpt>
      <trkpt lat="46.21553" lon="-74.55028">
        <ele>771.29</ele>
      </trkpt>
      <trkpt lat="46.2155" lon="-74.55033">
        <ele>770.85</ele>
      </trkpt>
      <trkpt lat="46.21546" lon="-74.55038">
        <ele>769.97</ele>
      </trkpt>
      <trkpt lat="46.21542" lon="-74.55042">
        <ele>768.88</ele>
      </trkpt>
      <trkpt lat="46.21538" lon="-74.55046">
        <ele>767.67</ele>
      </trkpt>
      <trkpt lat="46.21534" lon="-74.55049">
        <ele>766.31</ele>
      </trkpt>
      <trkpt lat="46.2153" lon="-74.55053">
        <ele>764.86</ele>
      </trkpt>
      <trkpt lat="46.21527" lon="-74.55058">
        <ele>763.85</ele>
      </trkpt>
      <trkpt lat="46.21525" lon="-74.55063">
        <ele>763.45</ele>
      </trkpt>
      <trkpt lat="46.21526" lon="-74.55066">
        <ele>763.42</ele>
      </trkpt>
      <trkpt lat="46.21527" lon="-74.55074">
        <ele>763.22</ele>
      </trkpt>
      <trkpt lat="46.21527" lon="-74.55081">
        <ele>762.95</ele>
      </trkpt>
      <trkpt lat="46.21526" lon="-74.55088">
        <ele>762.68</ele>
      </trkpt>
      <trkpt lat="46.21524" lon="-74.55095">
        <ele>762.32</ele>
      </trkpt>
      <trkpt lat="46.21523" lon="-74.55101">
        <ele>762.14</ele>
      </trkpt>
      <trkpt lat="46.21523" lon="-74.55109">
        <ele>762.14</ele>
      </trkpt>
      <trkpt lat="46.21523" lon="-74.55117">
        <ele>762.18</ele>
      </trkpt>
      <trkpt lat="46.21522" lon="-74.55124">
        <ele>762.06</ele>
      </trkpt>
      <trkpt lat="46.21521" lon="-74.55131">
        <ele>761.95</ele>
      </trkpt>
      <trkpt lat="46.21521" lon="-74.55137">
        <ele>762.01</ele>
      </trkpt>
      <trkpt lat="46.21523" lon="-74.55144">
        <ele>762.31</ele>
      </trkpt>
      <trkpt lat="46.21525" lon="-74.55149">
        <ele>762.6</ele>
      </trkpt>
      <trkpt lat="46.21528" lon="-74.55154">
        <ele>763.02</ele>
      </trkpt>
      <trkpt lat="46.21532" lon="-74.55159">
        <ele>763.3</ele>
      </trkpt>
      <trkpt lat="46.21536" lon="-74.55163">
        <ele>763.59</ele>
      </trkpt>
      <trkpt lat="46.21539" lon="-74.55167">
        <ele>763.82</ele>
      </trkpt>
      <trkpt lat="46.21542" lon="-74.55176">
        <ele>764.38</ele>
      </trkpt>
      <trkpt lat="46.21543" lon="-74.55178">
        <ele>764.58</ele>
      </trkpt>
      <trkpt lat="46.21546" lon="-74.55185">
        <ele>765.38</ele>
      </trkpt>
      <trkpt lat="46.21548" lon="-74.55192">
        <ele>766.2</ele>
      </trkpt>
      <trkpt lat="46.21549" lon="-74.55198">
        <ele>766.13</ele>
      </trkpt>
      <trkpt lat="46.2155" lon="-74.55205">
        <ele>765.36</ele>
      </trkpt>
      <trkpt lat="46.21552" lon="-74.55212">
        <ele>764.56</ele>
      </trkpt>
      <trkpt lat="46.21555" lon="-74.55217">
        <ele>763.92</ele>
      </trkpt>
      <trkpt lat="46.21557" lon="-74.55223">
        <ele>763.07</ele>
      </trkpt>
      <trkpt lat="46.2156" lon="-74.55229">
        <ele>762.67</ele>
      </trkpt>
      <trkpt lat="46.2156" lon="-74.55243">
        <ele>761.0</ele>
      </trkpt>
      <trkpt lat="46.2156" lon="-74.55243">
        <ele>761.0</ele>
      </trkpt>
      <trkpt lat="46.21559" lon="-74.5525">
        <ele>760.12</ele>
      </trkpt>
      <trkpt lat="46.21558" lon="-74.55256">
        <ele>759.28</ele>
      </trkpt>
      <trkpt lat="46.21558" lon="-74.55263">
        <ele>758.34</ele>
      </trkpt>
      <trkpt lat="46.21557" lon="-74.55271">
        <ele>757.15</ele>
      </trkpt>
      <trkpt lat="46.21556" lon="-74.55278">
        <ele>756.06</ele>
      </trkpt>
      <trkpt lat="46.21554" lon="-74.55283">
        <ele>755.75</ele>
      </trkpt>
      <trkpt lat="46.21551" lon="-74.55289">
        <ele>755.37</ele>
      </trkpt>
      <trkpt lat="46.21549" lon="-74.55295">
        <ele>755.0</ele>
      </trkpt>
      <trkpt lat="46.21547" lon="-74.55302">
        <ele>754.55</ele>
      </trkpt>
      <trkpt lat="46.21544" lon="-74.55313">
        <ele>753.3</ele>
      </trkpt>
      <trkpt lat="46.21543" lon="-74.55318">
        <ele>752.59</ele>
      </trkpt>
      <trkpt lat="46.21541" lon="-74.55325">
        <ele>751.45</ele>
      </trkpt>
      <trkpt lat="46.2154" lon="-74.55332">
        <ele>750.38</ele>
      </trkpt>
      <trkpt lat="46.21539" lon="-74.55338">
        <ele>749.92</ele>
      </trkpt>
      <trkpt lat="46.21539" lon="-74.55345">
        <ele>749.77</ele>
      </trkpt>
      <trkpt lat="46.2154" lon="-74.55351">
        <ele>749.84</ele>
      </trkpt>
      <trkpt lat="46.21541" lon="-74.55358">
        <ele>749.91</ele>
      </trkpt>
      <trkpt lat="46.21542" lon="-74.55365">
        <ele>749.86</ele>
      </trkpt>
      <trkpt lat="46.2154" lon="-74.55371">
        <ele>749.13</ele>
      </trkpt>
      <trkpt lat="46.21536" lon="-74.55375">
        <ele>748.13</ele>
      </trkpt>
      <trkpt lat="46.21533" lon="-74.5538">
        <ele>747.32</ele>
      </trkpt>
      <trkpt lat="46.21529" lon="-74.55385">
        <ele>746.37</ele>
      </trkpt>
      <trkpt lat="46.21527" lon="-74.55391">
        <ele>745.61</ele>
      </trkpt>
      <trkpt lat="46.21526" lon="-74.55392">
        <ele>745.35</ele>
      </trkpt>
      <trkpt lat="46.21525" lon="-74.55398">
        <ele>744.36</ele>
      </trkpt>
      <trkpt lat="46.21523" lon="-74.55404">
        <ele>743.21</ele>
      </trkpt>
      <trkpt lat="46.21522" lon="-74.5541">
        <ele>742.18</ele>
      </trkpt>
      <trkpt lat="46.21522" lon="-74.55417">
        <ele>741.15</ele>
      </trkpt>
      <trkpt lat="46.21524" lon="-74.55424">
        <ele>740.96</ele>
      </trkpt>
      <trkpt lat="46.21525" lon="-74.5543">
        <ele>740.69</ele>
      </trkpt>
      <trkpt lat="46.21524" lon="-74.55436">
        <ele>740.16</ele>
      </trkpt>
      <trkpt lat="46.21522" lon="-74.55442">
        <ele>739.53</ele>
      </trkpt>
      <trkpt lat="46.21522" lon="-74.55449">
        <ele>738.76</ele>
      </trkpt>
      <trkpt lat="46.21525" lon="-74.55455">
        <ele>738.03</ele>
      </trkpt>
      <trkpt lat="46.21526" lon="-74.55462">
        <ele>736.89</ele>
      </trkpt>
      <trkpt lat="46.21525" lon="-74.55468">
        <ele>735.97</ele>
      </trkpt>
      <trkpt lat="46.21523" lon="-74.55474">
        <ele>735.19</ele>
      </trkpt>
      <trkpt lat="46.2152" lon="-74.55478">
        <ele>734.66</ele>
      </trkpt>
      <trkpt lat="46.21514" lon="-74.55483">
        <ele>733.78</ele>
      </trkpt>
      <trkpt lat="46.2151" lon="-74.55483">
        <ele>733.88</ele>
      </trkpt>
      <trkpt lat="46.21506" lon="-74.55482">
        <ele>734.29</ele>
      </trkpt>
      <trkpt lat="46.21501" lon="-74.55482">
        <ele>734.45</ele>
      </trkpt>
      <trkpt lat="46.21496" lon="-74.55481">
        <ele>733.67</ele>
      </trkpt>
      <trkpt lat="46.21491" lon="-74.55481">
        <ele>732.2</ele>
      </trkpt>
      <trkpt lat="46.21486" lon="-74.55483">
        <ele>730.34</ele>
      </trkpt>
      <trkpt lat="46.21482" lon="-74.55485">
        <ele>728.95</ele>
      </trkpt>
      <trkpt lat="46.21478" lon="-74.55487">
        <ele>727.76</ele>
      </trkpt>
      <trkpt lat="46.21473" lon="-74.5549">
        <ele>726.51</ele>
      </trkpt>
      <trkpt lat="46.21469" lon="-74.55493">
        <ele>725.93</ele>
      </trkpt>
      <trkpt lat="46.21464" lon="-74.55498">
        <ele>725.21</ele>
      </trkpt>
      <trkpt lat="46.21461" lon="-74.55503">
        <ele>724.18</ele>
      </trkpt>
      <trkpt lat="46.21458" lon="-74.55508">
        <ele>722.88</ele>
      </trkpt>
      <trkpt lat="46.21456" lon="-74.55514">
        <ele>721.52</ele>
      </trkpt>
      <trkpt lat="46.21454" lon="-74.5552">
        <ele>720.18</ele>
      </trkpt>
      <trkpt lat="46.21452" lon="-74.55526">
        <ele>718.88</ele>
      </trkpt>
      <trkpt lat="46.2145" lon="-74.55532">
        <ele>717.46</ele>
      </trkpt>
      <trkpt lat="46.21448" lon="-74.55538">
        <ele>716.0</ele>
      </trkpt>
      <trkpt lat="46.21447" lon="-74.55545">
        <ele>714.41</ele>
      </trkpt>
      <trkpt lat="46.21444" lon="-74.55552">
        <ele>712.7</ele>
      </trkpt>
      <trkpt lat="46.21442" lon="-74.55558">
        <ele>711.24</ele>
      </trkpt>
      <trkpt lat="46.2144" lon="-74.55564">
        <ele>709.95</ele>
      </trkpt>
      <trkpt lat="46.21441" lon="-74.55571">
        <ele>709.23</ele>
      </trkpt>
      <trkpt lat="46.21444" lon="-74.55576">
        <ele>709.63</ele>
      </trkpt>
      <trkpt lat="46.21447" lon="-74.5558">
        <ele>708.72</ele>
      </trkpt>
      <trkpt lat="46.21451" lon="-74.55584">
        <ele>706.99</ele>
      </trkpt>
      <trkpt lat="46.21456" lon="-74.55586">
        <ele>705.36</ele>
      </trkpt>
      <trkpt lat="46.2146" lon="-74.55588">
        <ele>704.19</ele>
      </trkpt>
      <trkpt lat="46.21465" lon="-74.5559">
        <ele>703.0</ele>
      </trkpt>
      <trkpt lat="46.2147" lon="-74.55592">
        <ele>702.04</ele>
      </trkpt>
      <trkpt lat="46.21475" lon="-74.55593">
        <ele>702.06</ele>
      </trkpt>
      <trkpt lat="46.21481" lon="-74.55598">
        <ele>702.97</ele>
      </trkpt>
      <trkpt lat="46.21482" lon="-74.55598">
        <ele>703.07</ele>
      </trkpt>
      <trkpt lat="46.21485" lon="-74.55603">
        <ele>703.41</ele>
      </trkpt>
      <trkpt lat="46.21489" lon="-74.55607">
        <ele>703.67</ele>
      </trkpt>
      <trkpt lat="46.21493" lon="-74.55612">
        <ele>703.77</ele>
      </trkpt>
      <trkpt lat="46.21496" lon="-74.55616">
        <ele>704.08</ele>
      </trkpt>
      <trkpt lat="46.21499" lon="-74.55621">
        <ele>704.61</ele>
      </trkpt>
      <trkpt lat="46.21503" lon="-74.55626">
        <ele>705.03</ele>
      </trkpt>
      <trkpt lat="46.21507" lon="-74.5563">
        <ele>704.82</ele>
      </trkpt>
      <trkpt lat="46.2151" lon="-74.55635">
        <ele>704.16</ele>
      </trkpt>
      <trkpt lat="46.21514" lon="-74.55641">
        <ele>702.37</ele>
      </trkpt>
      <trkpt lat="46.21517" lon="-74.55646">
        <ele>700.34</ele>
      </trkpt>
      <trkpt lat="46.21518" lon="-74.55652">
        <ele>698.48</ele>
      </trkpt>
      <trkpt lat="46.21519" lon="-74.5566">
        <ele>696.1</ele>
      </trkpt>
      <trkpt lat="46.21519" lon="-74.55666">
        <ele>694.45</ele>
      </trkpt>
      <trkpt lat="46.21518" lon="-74.55674">
        <ele>694.04</ele>
      </trkpt>
      <trkpt lat="46.21518" lon="-74.55675">
        <ele>693.99</ele>
      </trkpt>
      <trkpt lat="46.21519" lon="-74.55681">
        <ele>693.61</ele>
      </trkpt>
      <trkpt lat="46.21519" lon="-74.55688">
        <ele>693.29</ele>
      </trkpt>
      <trkpt lat="46.21517" lon="-74.55694">
        <ele>693.02</ele>
      </trkpt>
      <trkpt lat="46.21513" lon="-74.55698">
        <ele>693.44</ele>
      </trkpt>
      <trkpt lat="46.21509" lon="-74.55702">
        <ele>693.9</ele>
      </trkpt>
      <trkpt lat="46.21506" lon="-74.55708">
        <ele>694.57</ele>
      </trkpt>
      <trkpt lat="46.21505" lon="-74.55714">
        <ele>695.24</ele>
      </trkpt>
      <trkpt lat="46.21507" lon="-74.55721">
        <ele>696.11</ele>
      </trkpt>
      <trkpt lat="46.21509" lon="-74.55726">
        <ele>695.18</ele>
      </trkpt>
      <trkpt lat="46.21512" lon="-74.55732">
        <ele>693.67</ele>
      </trkpt>
      <trkpt lat="46.21514" lon="-74.55738">
        <ele>692.26</ele>
      </trkpt>
      <trkpt lat="46.21516" lon="-74.55744">
        <ele>690.99</ele>
      </trkpt>
      <trkpt lat="46.21518" lon="-74.5575">
        <ele>689.89</ele>
      </trkpt>
      <trkpt lat="46.21521" lon="-74.55755">
        <ele>689.82</ele>
      </trkpt>
      <trkpt lat="46.21525" lon="-74.55758">
        <ele>690.25</ele>
      </trkpt>
      <trkpt lat="46.21527" lon="-74.55765">
        <ele>689.67</ele>
      </trkpt>
      <trkpt lat="46.21527" lon="-74.55772">
        <ele>688.66</ele>
      </trkpt>
      <trkpt lat="46.21527" lon="-74.55779">
        <ele>687.66</ele>
      </trkpt>
      <trkpt lat="46.21527" lon="-74.55786">
        <ele>686.66</ele>
      </trkpt>
      <trkpt lat="46.21527" lon="-74.55793">
        <ele>685.67</ele>
      </trkpt>
      <trkpt lat="46.21525" lon="-74.55799">
        <ele>684.5</ele>
      </trkpt>
      <trkpt lat="46.21521" lon="-74.55803">
        <ele>683.35</ele>
      </trkpt>
      <trkpt lat="46.21516" lon="-74.55804">
        <ele>682.48</ele>
      </trkpt>
      <trkpt lat="46.21512" lon="-74.55803">
        <ele>681.99</ele>
      </trkpt>
      <trkpt lat="46.21507" lon="-74.55802">
        <ele>681.33</ele>
      </trkpt>
      <trkpt lat="46.21502" lon="-74.558">
        <ele>680.72</ele>
      </trkpt>
      <trkpt lat="46.21497" lon="-74.55799">
        <ele>680.36</ele>
      </trkpt>
      <trkpt lat="46.21493" lon="-74.55801">
        <ele>680.08</ele>
      </trkpt>
      <trkpt lat="46.21488" lon="-74.55802">
        <ele>679.82</ele>
      </trkpt>
      <trkpt lat="46.21483" lon="-74.55801">
        <ele>679.72</ele>
      </trkpt>
      <trkpt lat="46.21479" lon="-74.55801">
        <ele>679.57</ele>
      </trkpt>
      <trkpt lat="46.21474" lon="-74.55801">
        <ele>679.39</ele>
      </trkpt>
      <trkpt lat="46.2147" lon="-74.55798">
        <ele>679.35</ele>
      </trkpt>
      <trkpt lat="46.21465" lon="-74.55795">
        <ele>679.18</ele>
      </trkpt>
      <trkpt lat="46.21461" lon="-74.55791">
        <ele>679.26</ele>
      </trkpt>
      <trkpt lat="46.21459" lon="-74.55786">
        <ele>679.65</ele>
      </trkpt>
      <trkpt lat="46.21456" lon="-74.5578">
        <ele>680.16</ele>
      </trkpt>
      <trkpt lat="46.21452" lon="-74.55775">
        <ele>680.72</ele>
      </trkpt>
      <trkpt lat="46.21448" lon="-74.55773">
        <ele>680.94</ele>
      </trkpt>
      <trkpt lat="46.21443" lon="-74.55773">
        <ele>680.73</ele>
      </trkpt>
      <trkpt lat="46.21439" lon="-74.55773">
        <ele>680.37</ele>
      </trkpt>
      <trkpt lat="46.21434" lon="-74.55771">
        <ele>680.37</ele>
      </trkpt>
      <trkpt lat="46.2143" lon="-74.55767">
        <ele>680.99</ele>
      </trkpt>
      <trkpt lat="46.21427" lon="-74.55762">
        <ele>682.03</ele>
      </trkpt>
      <trkpt lat="46.21424" lon="-74.55757">
        <ele>683.18</ele>
      </trkpt>
      <trkpt lat="46.21419" lon="-74.55756">
        <ele>683.33</ele>
      </trkpt>
      <trkpt lat="46.21415" lon="-74.5576">
        <ele>681.72</ele>
      </trkpt>
      <trkpt lat="46.21413" lon="-74.55765">
        <ele>679.83</ele>
      </trkpt>
      <trkpt lat="46.21412" lon="-74.55772">
        <ele>677.62</ele>
      </trkpt>
      <trkpt lat="46.21411" lon="-74.55778">
        <ele>675.75</ele>
      </trkpt>
      <trkpt lat="46.2141" lon="-74.55785">
        <ele>674.64</ele>
      </trkpt>
      <trkpt lat="46.2141" lon="-74.55792">
        <ele>673.76</ele>
      </trkpt>
      <trkpt lat="46.2141" lon="-74.558">
        <ele>672.74</ele>
      </trkpt>
      <trkpt lat="46.21409" lon="-74.55808">
        <ele>671.95</ele>
      </trkpt>
      <trkpt lat="46.21409" lon="-74.55816">
        <ele>672.14</ele>
      </trkpt>
      <trkpt lat="46.21409" lon="-74.55823">
        <ele>672.31</ele>
      </trkpt>
      <trkpt lat="46.21409" lon="-74.5583">
        <ele>672.47</ele>
      </trkpt>
      <trkpt lat="46.2141" lon="-74.55837">
        <ele>671.96</ele>
      </trkpt>
      <trkpt lat="46.21412" lon="-74.55844">
        <ele>670.93</ele>
      </trkpt>
      <trkpt lat="46.21415" lon="-74.55849">
        <ele>670.29</ele>
      </trkpt>
      <trkpt lat="46.21415" lon="-74.5586">
        <ele>669.01</ele>
      </trkpt>
      <trkpt lat="46.21415" lon="-74.55861">
        <ele>668.89</ele>
      </trkpt>
      <trkpt lat="46.21415" lon="-74.55868">
        <ele>667.84</ele>
      </trkpt>
      <trkpt lat="46.21414" lon="-74.55876">
        <ele>666.51</ele>
      </trkpt>
      <trkpt lat="46.21413" lon="-74.55883">
        <ele>665.27</ele>
      </trkpt>
      <trkpt lat="46.21412" lon="-74.5589">
        <ele>664.22</ele>
      </trkpt>
      <trkpt lat="46.21411" lon="-74.55896">
        <ele>664.39</ele>
      </trkpt>
      <trkpt lat="46.21414" lon="-74.55902">
        <ele>665.13</ele>
      </trkpt>
      <trkpt lat="46.21417" lon="-74.55908">
        <ele>665.72</ele>
      </trkpt>
      <trkpt lat="46.2142" lon="-74.55914">
        <ele>666.18</ele>
      </trkpt>
      <trkpt lat="46.21422" lon="-74.55921">
        <ele>666.67</ele>
      </trkpt>
      <trkpt lat="46.21423" lon="-74.55927">
        <ele>667.12</ele>
      </trkpt>
      <trkpt lat="46.21421" lon="-74.55934">
        <ele>667.46</ele>
      </trkpt>
      <trkpt lat="46.21417" lon="-74.55938">
        <ele>667.55</ele>
      </trkpt>
      <trkpt lat="46.21414" lon="-74.55942">
        <ele>667.72</ele>
      </trkpt>
      <trkpt lat="46.21409" lon="-74.55946">
        <ele>667.88</ele>
      </trkpt>
      <trkpt lat="46.21405" lon="-74.55949">
        <ele>668.11</ele>
      </trkpt>
      <trkpt lat="46.21401" lon="-74.55953">
        <ele>668.57</ele>
      </trkpt>
      <trkpt lat="46.21396" lon="-74.5596">
        <ele>669.63</ele>
      </trkpt>
      <trkpt lat="46.21396" lon="-74.55961">
        <ele>669.78</ele>
      </trkpt>
      <trkpt lat="46.21391" lon="-74.55964">
        <ele>670.44</ele>
      </trkpt>
      <trkpt lat="46.21387" lon="-74.55967">
        <ele>670.77</ele>
      </trkpt>
      <trkpt lat="46.21383" lon="-74.55971">
        <ele>670.76</ele>
      </trkpt>
      <trkpt lat="46.2138" lon="-74.55977">
        <ele>670.0</ele>
      </trkpt>
      <trkpt lat="46.21377" lon="-74.55982">
        <ele>669.01</ele>
      </trkpt>
      <trkpt lat="46.21376" lon="-74.55989">
        <ele>668.19</ele>
      </trkpt>
      <trkpt lat="46.21375" lon="-74.55995">
        <ele>667.45</ele>
      </trkpt>
      <trkpt lat="46.21374" lon="-74.56003">
        <ele>665.91</ele>
      </trkpt>
      <trkpt lat="46.21374" lon="-74.5601">
        <ele>663.88</ele>
      </trkpt>
      <trkpt lat="46.21375" lon="-74.56017">
        <ele>662.1</ele>
      </trkpt>
      <trkpt lat="46.21375" lon="-74.56025">
        <ele>659.8</ele>
      </trkpt>
      <trkpt lat="46.21375" lon="-74.56031">
        <ele>658.54</ele>
      </trkpt>
      <trkpt lat="46.21375" lon="-74.56039">
        <ele>657.38</ele>
      </trkpt>
      <trkpt lat="46.21375" lon="-74.56046">
        <ele>656.38</ele>
      </trkpt>
      <trkpt lat="46.21381" lon="-74.56076">
        <ele>651.35</ele>
      </trkpt>
      <trkpt lat="46.21382" lon="-74.5608">
        <ele>650.57</ele>
      </trkpt>
      <trkpt lat="46.21384" lon="-74.56085">
        <ele>650.01</ele>
      </trkpt>
      <trkpt lat="46.21385" lon="-74.56093">
        <ele>649.65</ele>
      </trkpt>
      <trkpt lat="46.21382" lon="-74.56098">
        <ele>648.83</ele>
      </trkpt>
      <trkpt lat="46.21377" lon="-74.56099">
        <ele>647.97</ele>
      </trkpt>
      <trkpt lat="46.21373" lon="-74.561">
        <ele>647.28</ele>
      </trkpt>
      <trkpt lat="46.21368" lon="-74.56102">
        <ele>646.4</ele>
      </trkpt>
      <trkpt lat="46.21364" lon="-74.56102">
        <ele>645.78</ele>
      </trkpt>
      <trkpt lat="46.2136" lon="-74.56107">
        <ele>645.08</ele>
      </trkpt>
      <trkpt lat="46.21361" lon="-74.56114">
        <ele>644.89</ele>
      </trkpt>
      <trkpt lat="46.21363" lon="-74.5612">
        <ele>645.0</ele>
      </trkpt>
      <trkpt lat="46.21362" lon="-74.56127">
        <ele>644.59</ele>
      </trkpt>
      <trkpt lat="46.2136" lon="-74.56134">
        <ele>644.16</ele>
      </trkpt>
      <trkpt lat="46.21357" lon="-74.56138">
        <ele>644.02</ele>
      </trkpt>
      <trkpt lat="46.21353" lon="-74.56139">
        <ele>644.01</ele>
      </trkpt>
      <trkpt lat="46.21348" lon="-74.56137">
        <ele>644.0</ele>
      </trkpt>
      <trkpt lat="46.21344" lon="-74.56134">
        <ele>643.96</ele>
      </trkpt>
      <trkpt lat="46.21338" lon="-74.56132">
        <ele>643.84</ele>
      </trkpt>
      <trkpt lat="46.21334" lon="-74.5613">
        <ele>643.7</ele>
      </trkpt>
      <trkpt lat="46.21328" lon="-74.56128">
        <ele>643.96</ele>
      </trkpt>
      <trkpt lat="46.21321" lon="-74.56126">
        <ele>644.25</ele>
      </trkpt>
      <trkpt lat="46.21318" lon="-74.56127">
        <ele>644.52</ele>
      </trkpt>
      <trkpt lat="46.21314" lon="-74.56128">
        <ele>644.88</ele>
      </trkpt>
      <trkpt lat="46.21309" lon="-74.56127">
        <ele>645.08</ele>
      </trkpt>
      <trkpt lat="46.21301" lon="-74.56124">
        <ele>644.86</ele>
      </trkpt>
      <trkpt lat="46.21297" lon="-74.56121">
        <ele>644.42</ele>
      </trkpt>
      <trkpt lat="46.21292" lon="-74.56118">
        <ele>643.99</ele>
      </trkpt>
      <trkpt lat="46.21288" lon="-74.56116">
        <ele>643.7</ele>
      </trkpt>
      <trkpt lat="46.21283" lon="-74.56116">
        <ele>643.7</ele>
      </trkpt>
      <trkpt lat="46.21279" lon="-74.56118">
        <ele>643.99</ele>
      </trkpt>
      <trkpt lat="46.21275" lon="-74.56121">
        <ele>644.49</ele>
      </trkpt>
      <trkpt lat="46.2127" lon="-74.56122">
        <ele>644.74</ele>
      </trkpt>
      <trkpt lat="46.21266" lon="-74.56122">
        <ele>644.83</ele>
      </trkpt>
      <trkpt lat="46.21261" lon="-74.56121">
        <ele>644.81</ele>
      </trkpt>
      <trkpt lat="46.21257" lon="-74.56118">
        <ele>644.55</ele>
      </trkpt>
      <trkpt lat="46.21252" lon="-74.56115">
        <ele>644.36</ele>
      </trkpt>
      <trkpt lat="46.21248" lon="-74.56111">
        <ele>643.91</ele>
      </trkpt>
      <trkpt lat="46.21234" lon="-74.56103">
        <ele>642.26</ele>
      </trkpt>
      <trkpt lat="46.21233" lon="-74.56103">
        <ele>642.22</ele>
      </trkpt>
      <trkpt lat="46.21228" lon="-74.56103">
        <ele>642.04</ele>
      </trkpt>
      <trkpt lat="46.21222" lon="-74.56104">
        <ele>641.93</ele>
      </trkpt>
      <trkpt lat="46.21216" lon="-74.56105">
        <ele>640.92</ele>
      </trkpt>
      <trkpt lat="46.2121" lon="-74.56105">
        <ele>639.77</ele>
      </trkpt>
      <trkpt lat="46.21205" lon="-74.56106">
        <ele>638.89</ele>
      </trkpt>
      <trkpt lat="46.21199" lon="-74.56105">
        <ele>637.66</ele>
      </trkpt>
      <trkpt lat="46.21193" lon="-74.56105">
        <ele>636.65</ele>
      </trkpt>
      <trkpt lat="46.21187" lon="-74.56104">
        <ele>636.08</ele>
      </trkpt>
      <trkpt lat="46.21182" lon="-74.56103">
        <ele>635.63</ele>
      </trkpt>
      <trkpt lat="46.21176" lon="-74.56101">
        <ele>635.13</ele>
      </trkpt>
      <trkpt lat="46.2117" lon="-74.561">
        <ele>634.66</ele>
      </trkpt>
      <trkpt lat="46.21165" lon="-74.56097">
        <ele>634.51</ele>
      </trkpt>
      <trkpt lat="46.21159" lon="-74.56096">
        <ele>634.52</ele>
      </trkpt>
      <trkpt lat="46.21158" lon="-74.56096">
        <ele>634.52</ele>
      </trkpt>
      <trkpt lat="46.21153" lon="-74.56093">
        <ele>634.5</ele>
      </trkpt>
      <trkpt lat="46.2115" lon="-74.56092">
        <ele>634.46</ele>
      </trkpt>
      <trkpt lat="46.21145" lon="-74.56092">
        <ele>634.39</ele>
      </trkpt>
      <trkpt lat="46.21138" lon="-74.56092">
        <ele>634.3</ele>
      </trkpt>
      <trkpt lat="46.21135" lon="-74.56093">
        <ele>634.3</ele>
      </trkpt>
      <trkpt lat="46.21131" lon="-74.56094">
        <ele>634.27</ele>
      </trkpt>
      <trkpt lat="46.21126" lon="-74.56098">
        <ele>634.28</ele>
      </trkpt>
      <trkpt lat="46.21123" lon="-74.56102">
        <ele>634.29</ele>
      </trkpt>
      <trkpt lat="46.2112" lon="-74.56107">
        <ele>634.27</ele>
      </trkpt>
      <trkpt lat="46.21118" lon="-74.56116">
        <ele>634.16</ele>
      </trkpt>
      <trkpt lat="46.21117" lon="-74.56117">
        <ele>634.12</ele>
      </trkpt>
      <trkpt lat="46.21115" lon="-74.56125">
        <ele>634.0</ele>
      </trkpt>
      <trkpt lat="46.21112" lon="-74.56132">
        <ele>633.98</ele>
      </trkpt>
      <trkpt lat="46.21111" lon="-74.56141">
        <ele>633.9</ele>
      </trkpt>
      <trkpt lat="46.21106" lon="-74.56147">
        <ele>632.84</ele>
      </trkpt>
      <trkpt lat="46.211" lon="-74.56151">
        <ele>631.74</ele>
      </trkpt>
      <trkpt lat="46.21094" lon="-74.56154">
        <ele>630.71</ele>
      </trkpt>
      <trkpt lat="46.21089" lon="-74.56153">
        <ele>629.92</ele>
      </trkpt>
      <trkpt lat="46.21083" lon="-74.56153">
        <ele>628.9</ele>
      </trkpt>
      <trkpt lat="46.21077" lon="-74.56148">
        <ele>627.18</ele>
      </trkpt>
      <trkpt lat="46.21072" lon="-74.56147">
        <ele>625.74</ele>
      </trkpt>
      <trkpt lat="46.21066" lon="-74.56144">
        <ele>624.01</ele>
      </trkpt>
      <trkpt lat="46.2106" lon="-74.5614">
        <ele>622.28</ele>
      </trkpt>
      <trkpt lat="46.21055" lon="-74.56139">
        <ele>620.74</ele>
      </trkpt>
      <trkpt lat="46.21049" lon="-74.56138">
        <ele>617.97</ele>
      </trkpt>
      <trkpt lat="46.21043" lon="-74.56137">
        <ele>615.33</ele>
      </trkpt>
      <trkpt lat="46.21038" lon="-74.56137">
        <ele>613.1</ele>
      </trkpt>
      <trkpt lat="46.21032" lon="-74.56138">
        <ele>610.19</ele>
      </trkpt>
      <trkpt lat="46.21026" lon="-74.5614">
        <ele>607.65</ele>
      </trkpt>
      <trkpt lat="46.21021" lon="-74.56137">
        <ele>607.05</ele>
      </trkpt>
      <trkpt lat="46.21015" lon="-74.56132">
        <ele>607.0</ele>
      </trkpt>
      <trkpt lat="46.21009" lon="-74.56127">
        <ele>606.79</ele>
      </trkpt>
      <trkpt lat="46.21007" lon="-74.56122">
        <ele>607.47</ele>
      </trkpt>
      <trkpt lat="46.21007" lon="-74.56115">
        <ele>609.11</ele>
      </trkpt>
      <trkpt lat="46.21008" lon="-74.56108">
        <ele>610.5</ele>
      </trkpt>
      <trkpt lat="46.21006" lon="-74.56101">
        <ele>610.38</ele>
      </trkpt>
      <trkpt lat="46.21003" lon="-74.56093">
        <ele>610.1</ele>
      </trkpt>
      <trkpt lat="46.21001" lon="-74.56086">
        <ele>610.06</ele>
      </trkpt>
      <trkpt lat="46.21002" lon="-74.56079">
        <ele>610.06</ele>
      </trkpt>
      <trkpt lat="46.21002" lon="-74.56072">
        <ele>609.34</ele>
      </trkpt>
      <trkpt lat="46.21001" lon="-74.56066">
        <ele>608.42</ele>
      </trkpt>
      <trkpt lat="46.20998" lon="-74.56058">
        <ele>606.67</ele>
      </trkpt>
      <trkpt lat="46.20996" lon="-74.56055">
        <ele>605.81</ele>
      </trkpt>
      <trkpt lat="46.20985" lon="-74.56046">
        <ele>602.18</ele>
      </trkpt>
      <trkpt lat="46.20979" lon="-74.56047">
        <ele>600.57</ele>
      </trkpt>
      <trkpt lat="46.20978" lon="-74.56047">
        <ele>600.29</ele>
      </trkpt>
      <trkpt lat="46.20977" lon="-74.56047">
        <ele>600.02</ele>
      </trkpt>
      <trkpt lat="46.20972" lon="-74.56045">
        <ele>598.58</ele>
      </trkpt>
      <trkpt lat="46.20968" lon="-74.56044">
        <ele>597.76</ele>
      </trkpt>
      <trkpt lat="46.20963" lon="-74.56042">
        <ele>596.69</ele>
      </trkpt>
      <trkpt lat="46.2096" lon="-74.56037">
        <ele>595.84</ele>
      </trkpt>
      <trkpt lat="46.20959" lon="-74.56031">
        <ele>595.32</ele>
      </trkpt>
      <trkpt lat="46.20959" lon="-74.56024">
        <ele>594.81</ele>
      </trkpt>
      <trkpt lat="46.20961" lon="-74.56018">
        <ele>594.73</ele>
      </trkpt>
      <trkpt lat="46.20964" lon="-74.56009">
        <ele>594.67</ele>
      </trkpt>
      <trkpt lat="46.20966" lon="-74.56005">
        <ele>594.83</ele>
      </trkpt>
      <trkpt lat="46.20968" lon="-74.55997">
        <ele>594.74</ele>
      </trkpt>
      <trkpt lat="46.20972" lon="-74.5599">
        <ele>595.23</ele>
      </trkpt>
      <trkpt lat="46.20973" lon="-74.55982">
        <ele>594.87</ele>
      </trkpt>
      <trkpt lat="46.20974" lon="-74.55972">
        <ele>594.36</ele>
      </trkpt>
      <trkpt lat="46.20973" lon="-74.55963">
        <ele>593.14</ele>
      </trkpt>
      <trkpt lat="46.2097" lon="-74.55956">
        <ele>591.63</ele>
      </trkpt>
      <trkpt lat="46.20968" lon="-74.55948">
        <ele>590.07</ele>
      </trkpt>
      <trkpt lat="46.20965" lon="-74.55941">
        <ele>588.13</ele>
      </trkpt>
      <trkpt lat="46.20965" lon="-74.55931">
        <ele>586.6</ele>
      </trkpt>
      <trkpt lat="46.20963" lon="-74.55923">
        <ele>584.67</ele>
      </trkpt>
      <trkpt lat="46.20963" lon="-74.55914">
        <ele>583.65</ele>
      </trkpt>
      <trkpt lat="46.20958" lon="-74.55907">
        <ele>581.89</ele>
      </trkpt>
      <trkpt lat="46.20953" lon="-74.55902">
        <ele>580.28</ele>
      </trkpt>
      <trkpt lat="46.20947" lon="-74.55899">
        <ele>578.44</ele>
      </trkpt>
      <trkpt lat="46.20942" lon="-74.55894">
        <ele>577.17</ele>
      </trkpt>
      <trkpt lat="46.20936" lon="-74.55894">
        <ele>575.58</ele>
      </trkpt>
      <trkpt lat="46.2093" lon="-74.55893">
        <ele>574.06</ele>
      </trkpt>
      <trkpt lat="46.20924" lon="-74.55894">
        <ele>572.39</ele>
      </trkpt>
      <trkpt lat="46.20919" lon="-74.55893">
        <ele>571.17</ele>
      </trkpt>
      <trkpt lat="46.20913" lon="-74.55897">
        <ele>569.09</ele>
      </trkpt>
      <trkpt lat="46.20907" lon="-74.559">
        <ele>567.22</ele>
      </trkpt>
      <trkpt lat="46.20901" lon="-74.55904">
        <ele>565.52</ele>
      </trkpt>
      <trkpt lat="46.20895" lon="-74.55909">
        <ele>564.07</ele>
      </trkpt>
      <trkpt lat="46.2089" lon="-74.55913">
        <ele>563.09</ele>
      </trkpt>
      <trkpt lat="46.20884" lon="-74.55918">
        <ele>561.39</ele>
      </trkpt>
      <trkpt lat="46.20878" lon="-74.55921">
        <ele>559.61</ele>
      </trkpt>
      <trkpt lat="46.20872" lon="-74.55923">
        <ele>557.74</ele>
      </trkpt>
      <trkpt lat="46.20866" lon="-74.55926">
        <ele>556.04</ele>
      </trkpt>
      <trkpt lat="46.20861" lon="-74.55927">
        <ele>554.46</ele>
      </trkpt>
      <trkpt lat="46.20855" lon="-74.55931">
        <ele>553.3</ele>
      </trkpt>
      <trkpt lat="46.2085" lon="-74.55937">
        <ele>552.54</ele>
      </trkpt>
      <trkpt lat="46.20849" lon="-74.55946">
        <ele>553.23</ele>
      </trkpt>
      <trkpt lat="46.20848" lon="-74.55955">
        <ele>553.73</ele>
      </trkpt>
      <trkpt lat="46.20848" lon="-74.55965">
        <ele>554.66</ele>
      </trkpt>
      <trkpt lat="46.20847" lon="-74.55974">
        <ele>554.9</ele>
      </trkpt>
      <trkpt lat="46.20845" lon="-74.55983">
        <ele>553.98</ele>
      </trkpt>
      <trkpt lat="46.20844" lon="-74.55992">
        <ele>553.44</ele>
      </trkpt>
      <trkpt lat="46.20841" lon="-74.55999">
        <ele>551.88</ele>
      </trkpt>
      <trkpt lat="46.20839" lon="-74.56007">
        <ele>551.06</ele>
      </trkpt>
      <trkpt lat="46.20837" lon="-74.56016">
        <ele>550.35</ele>
      </trkpt>
      <trkpt lat="46.20836" lon="-74.56025">
        <ele>550.16</ele>
      </trkpt>
      <trkpt lat="46.20834" lon="-74.56033">
        <ele>549.28</ele>
      </trkpt>
      <trkpt lat="46.20832" lon="-74.56041">
        <ele>548.71</ele>
      </trkpt>
      <trkpt lat="46.20831" lon="-74.5605">
        <ele>548.55</ele>
      </trkpt>
      <trkpt lat="46.20828" lon="-74.56058">
        <ele>548.09</ele>
      </trkpt>
      <trkpt lat="46.20825" lon="-74.56064">
        <ele>547.77</ele>
      </trkpt>
      <trkpt lat="46.20822" lon="-74.56072">
        <ele>547.68</ele>
      </trkpt>
      <trkpt lat="46.2082" lon="-74.5608">
        <ele>547.87</ele>
      </trkpt>
      <trkpt lat="46.2082" lon="-74.5608">
        <ele>547.87</ele>
      </trkpt>
      <trkpt lat="46.20817" lon="-74.56088">
        <ele>547.96</ele>
      </trkpt>
      <trkpt lat="46.20816" lon="-74.56093">
        <ele>548.01</ele>
      </trkpt>
      <trkpt lat="46.20814" lon="-74.56099">
        <ele>547.95</ele>
      </trkpt>
      <trkpt lat="46.2081" lon="-74.56104">
        <ele>547.56</ele>
      </trkpt>
      <trkpt lat="46.20807" lon="-74.56108">
        <ele>547.2</ele>
      </trkpt>
      <trkpt lat="46.20804" lon="-74.56113">
        <ele>547.0</ele>
      </trkpt>
      <trkpt lat="46.20802" lon="-74.5612">
        <ele>547.11</ele>
      </trkpt>
      <trkpt lat="46.208" lon="-74.56126">
        <ele>547.12</ele>
      </trkpt>
      <trkpt lat="46.20801" lon="-74.56133">
        <ele>547.37</ele>
      </trkpt>
      <trkpt lat="46.20804" lon="-74.56145">
        <ele>547.61</ele>
      </trkpt>
      <trkpt lat="46.20807" lon="-74.56151">
        <ele>547.71</ele>
      </trkpt>
      <trkpt lat="46.2081" lon="-74.56158">
        <ele>547.85</ele>
      </trkpt>
      <trkpt lat="46.20814" lon="-74.56165">
        <ele>548.24</ele>
      </trkpt>
      <trkpt lat="46.20817" lon="-74.56172">
        <ele>548.54</ele>
      </trkpt>
      <trkpt lat="46.20821" lon="-74.56179">
        <ele>549.03</ele>
      </trkpt>
      <trkpt lat="46.20826" lon="-74.56185">
        <ele>549.77</ele>
      </trkpt>
      <trkpt lat="46.20829" lon="-74.56192">
        <ele>550.23</ele>
      </trkpt>
      <trkpt lat="46.20834" lon="-74.56197">
        <ele>551.0</ele>
      </trkpt>
      <trkpt lat="46.20834" lon="-74.56207">
        <ele>550.64</ele>
      </trkpt>
      <trkpt lat="46.20836" lon="-74.56215">
        <ele>550.64</ele>
      </trkpt>
      <trkpt lat="46.20836" lon="-74.56224">
        <ele>550.45</ele>
      </trkpt>
      <trkpt lat="46.20839" lon="-74.56232">
        <ele>551.17</ele>
      </trkpt>
      <trkpt lat="46.20841" lon="-74.5624">
        <ele>551.74</ele>
      </trkpt>
      <trkpt lat="46.20845" lon="-74.56247">
        <ele>552.57</ele>
      </trkpt>
      <trkpt lat="46.20847" lon="-74.56255">
        <ele>552.43</ele>
      </trkpt>
      <trkpt lat="46.20852" lon="-74.5626">
        <ele>552.61</ele>
      </trkpt>
      <trkpt lat="46.20857" lon="-74.56266">
        <ele>552.68</ele>
      </trkpt>
      <trkpt lat="46.20862" lon="-74.56271">
        <ele>552.83</ele>
      </trkpt>
      <trkpt lat="46.20868" lon="-74.56277">
        <ele>552.61</ele>
      </trkpt>
      <trkpt lat="46.20872" lon="-74.56283">
        <ele>551.73</ele>
      </trkpt>
      <trkpt lat="46.20877" lon="-74.56289">
        <ele>550.95</ele>
      </trkpt>
      <trkpt lat="46.20881" lon="-74.56295">
        <ele>550.16</ele>
      </trkpt>
      <trkpt lat="46.20884" lon="-74.56302">
        <ele>549.13</ele>
      </trkpt>
      <trkpt lat="46.20887" lon="-74.56309">
        <ele>548.42</ele>
      </trkpt>
      <trkpt lat="46.20892" lon="-74.56315">
        <ele>548.54</ele>
      </trkpt>
      <trkpt lat="46.20896" lon="-74.56322">
        <ele>548.31</ele>
      </trkpt>
      <trkpt lat="46.20901" lon="-74.56328">
        <ele>548.14</ele>
      </trkpt>
      <trkpt lat="46.20906" lon="-74.56333">
        <ele>547.91</ele>
      </trkpt>
      <trkpt lat="46.20912" lon="-74.56338">
        <ele>547.46</ele>
      </trkpt>
      <trkpt lat="46.20917" lon="-74.56341">
        <ele>547.35</ele>
      </trkpt>
      <trkpt lat="46.20923" lon="-74.56345">
        <ele>546.58</ele>
      </trkpt>
      <trkpt lat="46.20929" lon="-74.56348">
        <ele>546.07</ele>
      </trkpt>
      <trkpt lat="46.20934" lon="-74.56351">
        <ele>545.58</ele>
      </trkpt>
      <trkpt lat="46.2094" lon="-74.56353">
        <ele>545.35</ele>
      </trkpt>
      <trkpt lat="46.20946" lon="-74.56356">
        <ele>545.04</ele>
      </trkpt>
      <trkpt lat="46.20951" lon="-74.56358">
        <ele>545.06</ele>
      </trkpt>
      <trkpt lat="46.20955" lon="-74.56361">
        <ele>544.78</ele>
      </trkpt>
      <trkpt lat="46.20959" lon="-74.56368">
        <ele>543.42</ele>
      </trkpt>
      <trkpt lat="46.20962" lon="-74.56375">
        <ele>541.82</ele>
      </trkpt>
      <trkpt lat="46.20964" lon="-74.56383">
        <ele>539.8</ele>
      </trkpt>
      <trkpt lat="46.20968" lon="-74.56391">
        <ele>537.84</ele>
      </trkpt>
      <trkpt lat="46.2097" lon="-74.56398">
        <ele>536.74</ele>
      </trkpt>
      <trkpt lat="46.2097" lon="-74.56407">
        <ele>535.42</ele>
      </trkpt>
      <trkpt lat="46.20973" lon="-74.56415">
        <ele>534.3</ele>
      </trkpt>
      <trkpt lat="46.20975" lon="-74.56423">
        <ele>533.49</ele>
      </trkpt>
      <trkpt lat="46.20977" lon="-74.56431">
        <ele>533.08</ele>
      </trkpt>
      <trkpt lat="46.20979" lon="-74.56439">
        <ele>533.04</ele>
      </trkpt>
      <trkpt lat="46.20982" lon="-74.56446">
        <ele>533.36</ele>
      </trkpt>
      <trkpt lat="46.20984" lon="-74.56454">
        <ele>531.38</ele>
      </trkpt>
      <trkpt lat="46.2099" lon="-74.5646">
        <ele>530.97</ele>
      </trkpt>
      <trkpt lat="46.20993" lon="-74.56467">
        <ele>528.9</ele>
      </trkpt>
      <trkpt lat="46.20997" lon="-74.56473">
        <ele>527.44</ele>
      </trkpt>
      <trkpt lat="46.21002" lon="-74.56479">
        <ele>527.58</ele>
      </trkpt>
      <trkpt lat="46.21006" lon="-74.56485">
        <ele>526.73</ele>
      </trkpt>
      <trkpt lat="46.2101" lon="-74.56491">
        <ele>525.5</ele>
      </trkpt>
      <trkpt lat="46.21016" lon="-74.56497">
        <ele>523.45</ele>
      </trkpt>
      <trkpt lat="46.21022" lon="-74.56502">
        <ele>521.2</ele>
      </trkpt>
      <trkpt lat="46.21027" lon="-74.56507">
        <ele>519.42</ele>
      </trkpt>
      <trkpt lat="46.21032" lon="-74.56513">
        <ele>519.07</ele>
      </trkpt>
      <trkpt lat="46.21036" lon="-74.56519">
        <ele>518.62</ele>
      </trkpt>
      <trkpt lat="46.2104" lon="-74.56525">
        <ele>517.92</ele>
      </trkpt>
      <trkpt lat="46.21045" lon="-74.56532">
        <ele>516.33</ele>
      </trkpt>
      <trkpt lat="46.21049" lon="-74.56538">
        <ele>514.43</ele>
      </trkpt>
      <trkpt lat="46.21055" lon="-74.56543">
        <ele>512.54</ele>
      </trkpt>
      <trkpt lat="46.2106" lon="-74.56548">
        <ele>511.55</ele>
      </trkpt>
      <trkpt lat="46.21065" lon="-74.56554">
        <ele>510.54</ele>
      </trkpt>
      <trkpt lat="46.21069" lon="-74.56559">
        <ele>510.54</ele>
      </trkpt>
      <trkpt lat="46.21074" lon="-74.56563">
        <ele>511.09</ele>
      </trkpt>
      <trkpt lat="46.21077" lon="-74.56568">
        <ele>511.04</ele>
      </trkpt>
      <trkpt lat="46.2108" lon="-74.56573">
        <ele>510.92</ele>
      </trkpt>
      <trkpt lat="46.21085" lon="-74.56577">
        <ele>511.15</ele>
      </trkpt>
      <trkpt lat="46.21089" lon="-74.56583">
        <ele>510.67</ele>
      </trkpt>
      <trkpt lat="46.21093" lon="-74.56589">
        <ele>510.3</ele>
      </trkpt>
      <trkpt lat="46.21099" lon="-74.56595">
        <ele>510.25</ele>
      </trkpt>
      <trkpt lat="46.21105" lon="-74.566">
        <ele>510.41</ele>
      </trkpt>
      <trkpt lat="46.2111" lon="-74.56605">
        <ele>510.51</ele>
      </trkpt>
      <trkpt lat="46.21116" lon="-74.5661">
        <ele>510.04</ele>
      </trkpt>
      <trkpt lat="46.2112" lon="-74.56617">
        <ele>508.7</ele>
      </trkpt>
      <trkpt lat="46.21125" lon="-74.56623">
        <ele>507.36</ele>
      </trkpt>
      <trkpt lat="46.21129" lon="-74.56629">
        <ele>505.95</ele>
      </trkpt>
      <trkpt lat="46.21133" lon="-74.56635">
        <ele>504.42</ele>
      </trkpt>
      <trkpt lat="46.21137" lon="-74.56642">
        <ele>502.96</ele>
      </trkpt>
      <trkpt lat="46.21141" lon="-74.56648">
        <ele>502.52</ele>
      </trkpt>
      <trkpt lat="46.21145" lon="-74.56654">
        <ele>502.19</ele>
      </trkpt>
      <trkpt lat="46.2115" lon="-74.56661">
        <ele>501.42</ele>
      </trkpt>
      <trkpt lat="46.21154" lon="-74.56667">
        <ele>500.42</ele>
      </trkpt>
      <trkpt lat="46.2116" lon="-74.56672">
        <ele>499.76</ele>
      </trkpt>
      <trkpt lat="46.21164" lon="-74.56678">
        <ele>499.2</ele>
      </trkpt>
      <trkpt lat="46.21169" lon="-74.56684">
        <ele>498.99</ele>
      </trkpt>
      <trkpt lat="46.21173" lon="-74.5669">
        <ele>498.73</ele>
      </trkpt>
      <trkpt lat="46.21176" lon="-74.56697">
        <ele>497.94</ele>
      </trkpt>
      <trkpt lat="46.21178" lon="-74.56705">
        <ele>496.82</ele>
      </trkpt>
      <trkpt lat="46.21181" lon="-74.56712">
        <ele>496.01</ele>
      </trkpt>
      <trkpt lat="46.21185" lon="-74.5672">
        <ele>495.27</ele>
      </trkpt>
      <trkpt lat="46.21187" lon="-74.56727">
        <ele>494.43</ele>
      </trkpt>
      <trkpt lat="46.21191" lon="-74.56733">
        <ele>493.78</ele>
      </trkpt>
      <trkpt lat="46.21193" lon="-74.56736">
        <ele>493.42</ele>
      </trkpt>
      <trkpt lat="46.21195" lon="-74.56743">
        <ele>492.29</ele>
      </trkpt>
      <trkpt lat="46.21197" lon="-74.5675">
        <ele>491.18</ele>
      </trkpt>
      <trkpt lat="46.21198" lon="-74.56757">
        <ele>490.37</ele>
      </trkpt>
      <trkpt lat="46.21199" lon="-74.56764">
        <ele>489.49</ele>
      </trkpt>
      <trkpt lat="46.21202" lon="-74.56769">
        <ele>488.75</ele>
      </trkpt>
      <trkpt lat="46.21206" lon="-74.56773">
        <ele>487.97</ele>
      </trkpt>
      <trkpt lat="46.2121" lon="-74.56775">
        <ele>487.4</ele>
      </trkpt>
      <trkpt lat="46.21215" lon="-74.56777">
        <ele>486.69</ele>
      </trkpt>
      <trkpt lat="46.2122" lon="-74.5678">
        <ele>485.69</ele>
      </trkpt>
      <trkpt lat="46.21224" lon="-74.56783">
        <ele>484.76</ele>
      </trkpt>
      <trkpt lat="46.21228" lon="-74.56786">
        <ele>483.87</ele>
      </trkpt>
      <trkpt lat="46.21233" lon="-74.56789">
        <ele>482.96</ele>
      </trkpt>
      <trkpt lat="46.21237" lon="-74.56792">
        <ele>482.14</ele>
      </trkpt>
      <trkpt lat="46.21241" lon="-74.56796">
        <ele>481.16</ele>
      </trkpt>
      <trkpt lat="46.21244" lon="-74.56801">
        <ele>480.07</ele>
      </trkpt>
      <trkpt lat="46.21245" lon="-74.56808">
        <ele>478.83</ele>
      </trkpt>
      <trkpt lat="46.21245" lon="-74.56815">
        <ele>477.82</ele>
      </trkpt>
      <trkpt lat="46.21242" lon="-74.56821">
        <ele>477.06</ele>
      </trkpt>
      <trkpt lat="46.21239" lon="-74.56826">
        <ele>476.45</ele>
      </trkpt>
      <trkpt lat="46.21234" lon="-74.56835">
        <ele>475.24</ele>
      </trkpt>
      <trkpt lat="46.21232" lon="-74.5684">
        <ele>474.29</ele>
      </trkpt>
      <trkpt lat="46.21228" lon="-74.56847">
        <ele>472.94</ele>
      </trkpt>
      <trkpt lat="46.21225" lon="-74.56855">
        <ele>471.3</ele>
      </trkpt>
      <trkpt lat="46.21223" lon="-74.56863">
        <ele>469.53</ele>
      </trkpt>
      <trkpt lat="46.21221" lon="-74.5687">
        <ele>467.75</ele>
      </trkpt>
      <trkpt lat="46.21219" lon="-74.56879">
        <ele>465.42</ele>
      </trkpt>
      <trkpt lat="46.21218" lon="-74.56888">
        <ele>463.08</ele>
      </trkpt>
      <trkpt lat="46.21216" lon="-74.56897">
        <ele>461.02</ele>
      </trkpt>
      <trkpt lat="46.21216" lon="-74.56906">
        <ele>459.08</ele>
      </trkpt>
      <trkpt lat="46.21215" lon="-74.56915">
        <ele>457.1</ele>
      </trkpt>
      <trkpt lat="46.21213" lon="-74.56924">
        <ele>455.35</ele>
      </trkpt>
      <trkpt lat="46.21212" lon="-74.56933">
        <ele>453.69</ele>
      </trkpt>
      <trkpt lat="46.2121" lon="-74.56942">
        <ele>452.0</ele>
      </trkpt>
      <trkpt lat="46.21209" lon="-74.56951">
        <ele>450.34</ele>
      </trkpt>
      <trkpt lat="46.21209" lon="-74.5696">
        <ele>448.72</ele>
      </trkpt>
      <trkpt lat="46.21207" lon="-74.56969">
        <ele>447.03</ele>
      </trkpt>
      <trkpt lat="46.21206" lon="-74.56978">
        <ele>446.21</ele>
      </trkpt>
      <trkpt lat="46.21205" lon="-74.56987">
        <ele>445.85</ele>
      </trkpt>
      <trkpt lat="46.21203" lon="-74.56995">
        <ele>445.49</ele>
      </trkpt>
      <trkpt lat="46.21202" lon="-74.57004">
        <ele>444.75</ele>
      </trkpt>
      <trkpt lat="46.21202" lon="-74.57014">
        <ele>443.44</ele>
      </trkpt>
      <trkpt lat="46.21201" lon="-74.57024">
        <ele>441.94</ele>
      </trkpt>
      <trkpt lat="46.21201" lon="-74.57034">
        <ele>440.48</ele>
      </trkpt>
      <trkpt lat="46.21201" lon="-74.57044">
        <ele>438.97</ele>
      </trkpt>
      <trkpt lat="46.212" lon="-74.57053">
        <ele>437.57</ele>
      </trkpt>
      <trkpt lat="46.212" lon="-74.57063">
        <ele>437.31</ele>
      </trkpt>
      <trkpt lat="46.212" lon="-74.57073">
        <ele>437.45</ele>
      </trkpt>
      <trkpt lat="46.212" lon="-74.57078">
        <ele>437.52</ele>
      </trkpt>
      <trkpt lat="46.21199" lon="-74.57097">
        <ele>436.53</ele>
      </trkpt>
      <trkpt lat="46.21199" lon="-74.57097">
        <ele>436.53</ele>
      </trkpt>
      <trkpt lat="46.21199" lon="-74.57103">
        <ele>436.02</ele>
      </trkpt>
      <trkpt lat="46.21199" lon="-74.5711">
        <ele>435.44</ele>
      </trkpt>
      <trkpt lat="46.21197" lon="-74.57116">
        <ele>434.67</ele>
      </trkpt>
      <trkpt lat="46.21194" lon="-74.5712">
        <ele>434.07</ele>
      </trkpt>
      <trkpt lat="46.2119" lon="-74.57124">
        <ele>433.13</ele>
      </trkpt>
      <trkpt lat="46.21185" lon="-74.57126">
        <ele>432.63</ele>
      </trkpt>
      <trkpt lat="46.2118" lon="-74.57126">
        <ele>432.54</ele>
      </trkpt>
      <trkpt lat="46.21176" lon="-74.57123">
        <ele>433.05</ele>
      </trkpt>
      <trkpt lat="46.21173" lon="-74.57118">
        <ele>433.93</ele>
      </trkpt>
      <trkpt lat="46.21169" lon="-74.57113">
        <ele>434.74</ele>
      </trkpt>
      <trkpt lat="46.21166" lon="-74.57108">
        <ele>435.55</ele>
      </trkpt>
      <trkpt lat="46.21162" lon="-74.57104">
        <ele>436.19</ele>
      </trkpt>
      <trkpt lat="46.21158" lon="-74.57102">
        <ele>436.44</ele>
      </trkpt>
      <trkpt lat="46.21153" lon="-74.57102">
        <ele>436.32</ele>
      </trkpt>
      <trkpt lat="46.21149" lon="-74.57103">
        <ele>436.09</ele>
      </trkpt>
      <trkpt lat="46.21144" lon="-74.57103">
        <ele>435.98</ele>
      </trkpt>
      <trkpt lat="46.21139" lon="-74.57103">
        <ele>435.88</ele>
      </trkpt>
      <trkpt lat="46.21135" lon="-74.571">
        <ele>435.86</ele>
      </trkpt>
      <trkpt lat="46.21131" lon="-74.57096">
        <ele>435.91</ele>
      </trkpt>
      <trkpt lat="46.21126" lon="-74.57095">
        <ele>435.54</ele>
      </trkpt>
      <trkpt lat="46.21122" lon="-74.57096">
        <ele>435.09</ele>
      </trkpt>
      <trkpt lat="46.21118" lon="-74.571">
        <ele>434.4</ele>
      </trkpt>
      <trkpt lat="46.21107" lon="-74.57109">
        <ele>433.3</ele>
      </trkpt>
      <trkpt lat="46.21104" lon="-74.57114">
        <ele>432.87</ele>
      </trkpt>
      <trkpt lat="46.211" lon="-74.57119">
        <ele>432.38</ele>
      </trkpt>
      <trkpt lat="46.21096" lon="-74.57126">
        <ele>431.69</ele>
      </trkpt>
      <trkpt lat="46.21093" lon="-74.5713">
        <ele>431.38</ele>
      </trkpt>
      <trkpt lat="46.2109" lon="-74.57134">
        <ele>431.09</ele>
      </trkpt>
      <trkpt lat="46.21087" lon="-74.57139">
        <ele>430.72</ele>
      </trkpt>
      <trkpt lat="46.21083" lon="-74.57144">
        <ele>430.56</ele>
      </trkpt>
      <trkpt lat="46.21078" lon="-74.57153">
        <ele>431.2</ele>
      </trkpt>
      <trkpt lat="46.21076" lon="-74.57159">
        <ele>431.2</ele>
      </trkpt>
      <trkpt lat="46.21075" lon="-74.57164">
        <ele>430.99</ele>
      </trkpt>
      <trkpt lat="46.21072" lon="-74.57171">
        <ele>431.3</ele>
      </trkpt>
      <trkpt lat="46.21071" lon="-74.57173">
        <ele>431.44</ele>
      </trkpt>
      <trkpt lat="46.21069" lon="-74.57179">
        <ele>431.53</ele>
      </trkpt>
      <trkpt lat="46.21067" lon="-74.57185">
        <ele>431.58</ele>
      </trkpt>
      <trkpt lat="46.21067" lon="-74.57192">
        <ele>430.93</ele>
      </trkpt>
      <trkpt lat="46.21065" lon="-74.57198">
        <ele>431.2</ele>
      </trkpt>
      <trkpt lat="46.21064" lon="-74.57205">
        <ele>431.3</ele>
      </trkpt>
      <trkpt lat="46.21065" lon="-74.57212">
        <ele>430.86</ele>
      </trkpt>
      <trkpt lat="46.21067" lon="-74.57218">
        <ele>430.21</ele>
      </trkpt>
      <trkpt lat="46.21068" lon="-74.57221">
        <ele>429.89</ele>
      </trkpt>
      <trkpt lat="46.21069" lon="-74.57227">
        <ele>429.7</ele>
      </trkpt>
      <trkpt lat="46.21071" lon="-74.57234">
        <ele>429.3</ele>
      </trkpt>
      <trkpt lat="46.21072" lon="-74.57241">
        <ele>429.13</ele>
      </trkpt>
      <trkpt lat="46.21074" lon="-74.57248">
        <ele>428.66</ele>
      </trkpt>
      <trkpt lat="46.21074" lon="-74.57254">
        <ele>428.97</ele>
      </trkpt>
      <trkpt lat="46.21075" lon="-74.57261">
        <ele>429.23</ele>
      </trkpt>
      <trkpt lat="46.21074" lon="-74.57268">
        <ele>429.98</ele>
      </trkpt>
      <trkpt lat="46.21072" lon="-74.57274">
        <ele>430.8</ele>
      </trkpt>
      <trkpt lat="46.2107" lon="-74.5728">
        <ele>431.24</ele>
      </trkpt>
      <trkpt lat="46.21068" lon="-74.57286">
        <ele>431.14</ele>
      </trkpt>
      <trkpt lat="46.21066" lon="-74.57292">
        <ele>430.97</ele>
      </trkpt>
      <trkpt lat="46.21067" lon="-74.57299">
        <ele>430.28</ele>
      </trkpt>
      <trkpt lat="46.21068" lon="-74.57306">
        <ele>429.69</ele>
      </trkpt>
      <trkpt lat="46.21069" lon="-74.57311">
        <ele>429.94</ele>
      </trkpt>
      <trkpt lat="46.21074" lon="-74.57316">
        <ele>429.76</ele>
      </trkpt>
      <trkpt lat="46.21077" lon="-74.57323">
        <ele>429.94</ele>
      </trkpt>
      <trkpt lat="46.21081" lon="-74.5733">
        <ele>430.01</ele>
      </trkpt>
      <trkpt lat="46.21086" lon="-74.57336">
        <ele>430.21</ele>
      </trkpt>
      <trkpt lat="46.21089" lon="-74.57343">
        <ele>431.13</ele>
      </trkpt>
      <trkpt lat="46.21092" lon="-74.5735">
        <ele>432.15</ele>
      </trkpt>
      <trkpt lat="46.21093" lon="-74.57352">
        <ele>432.46</ele>
      </trkpt>
      <trkpt lat="46.21095" lon="-74.57358">
        <ele>433.46</ele>
      </trkpt>
      <trkpt lat="46.21095" lon="-74.57359">
        <ele>433.63</ele>
      </trkpt>
      <trkpt lat="46.21097" lon="-74.57366">
        <ele>434.7</ele>
      </trkpt>
      <trkpt lat="46.21098" lon="-74.57372">
        <ele>435.57</ele>
      </trkpt>
      <trkpt lat="46.21103" lon="-74.57392">
        <ele>437.91</ele>
      </trkpt>
      <trkpt lat="46.21103" lon="-74.57392">
        <ele>437.91</ele>
      </trkpt>
      <trkpt lat="46.21104" lon="-74.57398">
        <ele>437.68</ele>
      </trkpt>
      <trkpt lat="46.21106" lon="-74.57404">
        <ele>437.31</ele>
      </trkpt>
      <trkpt lat="46.21107" lon="-74.57411">
        <ele>436.88</ele>
      </trkpt>
      <trkpt lat="46.21109" lon="-74.57417">
        <ele>436.26</ele>
      </trkpt>
      <trkpt lat="46.2111" lon="-74.57424">
        <ele>435.11</ele>
      </trkpt>
      <trkpt lat="46.21111" lon="-74.5743">
        <ele>434.1</ele>
      </trkpt>
      <trkpt lat="46.2111" lon="-74.57437">
        <ele>433.26</ele>
      </trkpt>
      <trkpt lat="46.2111" lon="-74.57444">
        <ele>432.26</ele>
      </trkpt>
      <trkpt lat="46.21108" lon="-74.5745">
        <ele>432.16</ele>
      </trkpt>
      <trkpt lat="46.21105" lon="-74.57455">
        <ele>432.34</ele>
      </trkpt>
      <trkpt lat="46.21104" lon="-74.57458">
        <ele>432.3</ele>
      </trkpt>
      <trkpt lat="46.21103" lon="-74.5746">
        <ele>432.34</ele>
      </trkpt>
      <trkpt lat="46.21097" lon="-74.57473">
        <ele>432.47</ele>
      </trkpt>
      <trkpt lat="46.21093" lon="-74.57476">
        <ele>432.86</ele>
      </trkpt>
      <trkpt lat="46.21091" lon="-74.57482">
        <ele>432.5</ele>
      </trkpt>
      <trkpt lat="46.21089" lon="-74.57489">
        <ele>431.93</ele>
      </trkpt>
      <trkpt lat="46.21088" lon="-74.57495">
        <ele>431.29</ele>
      </trkpt>
      <trkpt lat="46.21086" lon="-74.57501">
        <ele>430.71</ele>
      </trkpt>
      <trkpt lat="46.21086" lon="-74.57508">
        <ele>430.0</ele>
      </trkpt>
      <trkpt lat="46.21087" lon="-74.57515">
        <ele>429.26</ele>
      </trkpt>
      <trkpt lat="46.21091" lon="-74.5752">
        <ele>428.69</ele>
      </trkpt>
      <trkpt lat="46.21094" lon="-74.57524">
        <ele>428.3</ele>
      </trkpt>
      <trkpt lat="46.21097" lon="-74.57529">
        <ele>427.91</ele>
      </trkpt>
      <trkpt lat="46.211" lon="-74.57532">
        <ele>427.76</ele>
      </trkpt>
      <trkpt lat="46.21103" lon="-74.57533">
        <ele>427.78</ele>
      </trkpt>
      <trkpt lat="46.21104" lon="-74.57534">
        <ele>427.77</ele>
      </trkpt>
      <trkpt lat="46.21109" lon="-74.57536">
        <ele>427.91</ele>
      </trkpt>
      <trkpt lat="46.21111" lon="-74.57537">
        <ele>427.99</ele>
      </trkpt>
      <trkpt lat="46.21115" lon="-74.57539">
        <ele>427.94</ele>
      </trkpt>
      <trkpt lat="46.2112" lon="-74.57541">
        <ele>427.85</ele>
      </trkpt>
      <trkpt lat="46.21125" lon="-74.57542">
        <ele>427.74</ele>
      </trkpt>
      <trkpt lat="46.21129" lon="-74.57544">
        <ele>427.62</ele>
      </trkpt>
      <trkpt lat="46.21134" lon="-74.57546">
        <ele>427.46</ele>
      </trkpt>
      <trkpt lat="46.21138" lon="-74.57549">
        <ele>427.26</ele>
      </trkpt>
      <trkpt lat="46.21142" lon="-74.57552">
        <ele>427.02</ele>
      </trkpt>
      <trkpt lat="46.21146" lon="-74.57555">
        <ele>426.76</ele>
      </trkpt>
      <trkpt lat="46.2115" lon="-74.57559">
        <ele>426.28</ele>
      </trkpt>
      <trkpt lat="46.21153" lon="-74.57563">
        <ele>425.82</ele>
      </trkpt>
      <trkpt lat="46.21158" lon="-74.57569">
        <ele>425.19</ele>
      </trkpt>
      <trkpt lat="46.21161" lon="-74.57574">
        <ele>424.74</ele>
      </trkpt>
      <trkpt lat="46.21166" lon="-74.57581">
        <ele>424.17</ele>
      </trkpt>
      <trkpt lat="46.2117" lon="-74.57587">
        <ele>423.2</ele>
      </trkpt>
      <trkpt lat="46.21173" lon="-74.57594">
        <ele>421.76</ele>
      </trkpt>
      <trkpt lat="46.21177" lon="-74.57601">
        <ele>420.21</ele>
      </trkpt>
      <trkpt lat="46.21181" lon="-74.57607">
        <ele>418.78</ele>
      </trkpt>
      <trkpt lat="46.21184" lon="-74.57614">
        <ele>416.91</ele>
      </trkpt>
      <trkpt lat="46.21187" lon="-74.57618">
        <ele>415.6</ele>
      </trkpt>
      <trkpt lat="46.21191" lon="-74.57625">
        <ele>413.56</ele>
      </trkpt>
      <trkpt lat="46.21192" lon="-74.57627">
        <ele>413.02</ele>
      </trkpt>
      <trkpt lat="46.21195" lon="-74.57632">
        <ele>411.88</ele>
      </trkpt>
      <trkpt lat="46.21199" lon="-74.57636">
        <ele>411.88</ele>
      </trkpt>
      <trkpt lat="46.21199" lon="-74.57643">
        <ele>410.36</ele>
      </trkpt>
      <trkpt lat="46.21197" lon="-74.57644">
        <ele>409.69</ele>
      </trkpt>
      <trkpt lat="46.21196" lon="-74.57644">
        <ele>409.45</ele>
      </trkpt>
      <trkpt lat="46.21192" lon="-74.57644">
        <ele>408.98</ele>
      </trkpt>
      <trkpt lat="46.21187" lon="-74.57646">
        <ele>408.38</ele>
      </trkpt>
      <trkpt lat="46.21182" lon="-74.57646">
        <ele>408.16</ele>
      </trkpt>
      <trkpt lat="46.21178" lon="-74.57648">
        <ele>407.57</ele>
      </trkpt>
      <trkpt lat="46.21174" lon="-74.57651">
        <ele>406.76</ele>
      </trkpt>
      <trkpt lat="46.21169" lon="-74.57654">
        <ele>405.87</ele>
      </trkpt>
      <trkpt lat="46.21165" lon="-74.57656">
        <ele>405.56</ele>
      </trkpt>
      <trkpt lat="46.21161" lon="-74.57659">
        <ele>405.56</ele>
      </trkpt>
      <trkpt lat="46.21157" lon="-74.57664">
        <ele>405.25</ele>
      </trkpt>
      <trkpt lat="46.21155" lon="-74.5767">
        <ele>404.57</ele>
      </trkpt>
      <trkpt lat="46.21155" lon="-74.57677">
        <ele>403.46</ele>
      </trkpt>
      <trkpt lat="46.21156" lon="-74.57683">
        <ele>402.34</ele>
      </trkpt>
      <trkpt lat="46.21158" lon="-74.57689">
        <ele>401.09</ele>
      </trkpt>
      <trkpt lat="46.21163" lon="-74.57695">
        <ele>399.49</ele>
      </trkpt>
      <trkpt lat="46.21165" lon="-74.57697">
        <ele>399.05</ele>
      </trkpt>
      <trkpt lat="46.21169" lon="-74.57703">
        <ele>398.42</ele>
      </trkpt>
      <trkpt lat="46.21174" lon="-74.57708">
        <ele>398.03</ele>
      </trkpt>
      <trkpt lat="46.21177" lon="-74.57716">
        <ele>397.24</ele>
      </trkpt>
      <trkpt lat="46.2118" lon="-74.57723">
        <ele>396.35</ele>
      </trkpt>
      <trkpt lat="46.21183" lon="-74.5773">
        <ele>394.63</ele>
      </trkpt>
      <trkpt lat="46.21187" lon="-74.57737">
        <ele>392.58</ele>
      </trkpt>
      <trkpt lat="46.2119" lon="-74.57744">
        <ele>390.39</ele>
      </trkpt>
      <trkpt lat="46.21194" lon="-74.57751">
        <ele>387.94</ele>
      </trkpt>
      <trkpt lat="46.21199" lon="-74.57757">
        <ele>387.32</ele>
      </trkpt>
      <trkpt lat="46.21203" lon="-74.57763">
        <ele>386.48</ele>
      </trkpt>
      <trkpt lat="46.21209" lon="-74.57768">
        <ele>385.62</ele>
      </trkpt>
      <trkpt lat="46.21214" lon="-74.57773">
        <ele>384.47</ele>
      </trkpt>
      <trkpt lat="46.21219" lon="-74.57779">
        <ele>382.78</ele>
      </trkpt>
      <trkpt lat="46.21223" lon="-74.57786">
        <ele>380.76</ele>
      </trkpt>
      <trkpt lat="46.21227" lon="-74.57792">
        <ele>379.77</ele>
      </trkpt>
      <trkpt lat="46.21232" lon="-74.57798">
        <ele>379.1</ele>
      </trkpt>
      <trkpt lat="46.21236" lon="-74.57804">
        <ele>378.37</ele>
      </trkpt>
      <trkpt lat="46.21242" lon="-74.57809">
        <ele>378.24</ele>
      </trkpt>
      <trkpt lat="46.21246" lon="-74.57815">
        <ele>377.37</ele>
      </trkpt>
      <trkpt lat="46.21251" lon="-74.57822">
        <ele>376.51</ele>
      </trkpt>
      <trkpt lat="46.21255" lon="-74.57828">
        <ele>375.98</ele>
      </trkpt>
      <trkpt lat="46.21259" lon="-74.57834">
        <ele>375.68</ele>
      </trkpt>
      <trkpt lat="46.21264" lon="-74.5784">
        <ele>375.26</ele>
      </trkpt>
      <trkpt lat="46.21269" lon="-74.57845">
        <ele>375.24</ele>
      </trkpt>
      <trkpt lat="46.21274" lon="-74.57851">
        <ele>374.97</ele>
      </trkpt>
      <trkpt lat="46.21279" lon="-74.57857">
        <ele>374.59</ele>
      </trkpt>
      <trkpt lat="46.21281" lon="-74.57865">
        <ele>372.31</ele>
      </trkpt>
      <trkpt lat="46.21285" lon="-74.57872">
        <ele>370.74</ele>
      </trkpt>
      <trkpt lat="46.21287" lon="-74.5788">
        <ele>368.42</ele>
      </trkpt>
      <trkpt lat="46.21289" lon="-74.57885">
        <ele>367.17</ele>
      </trkpt>
      <trkpt lat="46.21294" lon="-74.5789">
        <ele>366.85</ele>
      </trkpt>
      <trkpt lat="46.21296" lon="-74.57895">
        <ele>366.21</ele>
      </trkpt>
      <trkpt lat="46.21296" lon="-74.57901">
        <ele>364.85</ele>
      </trkpt>
      <trkpt lat="46.21293" lon="-74.57906">
        <ele>363.3</ele>
      </trkpt>
      <trkpt lat="46.21288" lon="-74.57906">
        <ele>362.59</ele>
      </trkpt>
      <trkpt lat="46.21283" lon="-74.57905">
        <ele>362.03</ele>
      </trkpt>
      <trkpt lat="46.21279" lon="-74.57901">
        <ele>361.9</ele>
      </trkpt>
      <trkpt lat="46.21275" lon="-74.57898">
        <ele>361.05</ele>
      </trkpt>
      <trkpt lat="46.2127" lon="-74.57895">
        <ele>359.7</ele>
      </trkpt>
      <trkpt lat="46.21266" lon="-74.57898">
        <ele>357.92</ele>
      </trkpt>
      <trkpt lat="46.21264" lon="-74.57904">
        <ele>356.36</ele>
      </trkpt>
      <trkpt lat="46.21263" lon="-74.57911">
        <ele>354.98</ele>
      </trkpt>
      <trkpt lat="46.21264" lon="-74.57917">
        <ele>354.45</ele>
      </trkpt>
      <trkpt lat="46.21267" lon="-74.57922">
        <ele>354.27</ele>
      </trkpt>
      <trkpt lat="46.21271" lon="-74.57926">
        <ele>354.71</ele>
      </trkpt>
      <trkpt lat="46.21276" lon="-74.57929">
        <ele>355.77</ele>
      </trkpt>
      <trkpt lat="46.21281" lon="-74.57932">
        <ele>356.07</ele>
      </trkpt>
      <trkpt lat="46.21285" lon="-74.57934">
        <ele>356.18</ele>
      </trkpt>
      <trkpt lat="46.2129" lon="-74.57935">
        <ele>356.76</ele>
      </trkpt>
      <trkpt lat="46.21296" lon="-74.57935">
        <ele>357.76</ele>
      </trkpt>
      <trkpt lat="46.213" lon="-74.57936">
        <ele>358.26</ele>
      </trkpt>
      <trkpt lat="46.2131" lon="-74.57937">
        <ele>358.36</ele>
      </trkpt>
      <trkpt lat="46.21312" lon="-74.57938">
        <ele>357.88</ele>
      </trkpt>
      <trkpt lat="46.21317" lon="-74.5794">
        <ele>356.71</ele>
      </trkpt>
      <trkpt lat="46.2132" lon="-74.57944">
        <ele>355.48</ele>
      </trkpt>
      <trkpt lat="46.21324" lon="-74.57948">
        <ele>353.82</ele>
      </trkpt>
      <trkpt lat="46.21328" lon="-74.57952">
        <ele>352.34</ele>
      </trkpt>
      <trkpt lat="46.21331" lon="-74.57956">
        <ele>351.17</ele>
      </trkpt>
      <trkpt lat="46.21335" lon="-74.57961">
        <ele>350.14</ele>
      </trkpt>
      <trkpt lat="46.21337" lon="-74.57968">
        <ele>349.02</ele>
      </trkpt>
      <trkpt lat="46.21338" lon="-74.57974">
        <ele>348.04</ele>
      </trkpt>
      <trkpt lat="46.21341" lon="-74.5798">
        <ele>347.12</ele>
      </trkpt>
      <trkpt lat="46.21345" lon="-74.57981">
        <ele>347.05</ele>
      </trkpt>
      <trkpt lat="46.2135" lon="-74.57982">
        <ele>346.95</ele>
      </trkpt>
      <trkpt lat="46.21358" lon="-74.57989">
        <ele>345.21</ele>
      </trkpt>
      <trkpt lat="46.21361" lon="-74.57994">
        <ele>343.73</ele>
      </trkpt>
      <trkpt lat="46.21362" lon="-74.58003">
        <ele>341.76</ele>
      </trkpt>
      <trkpt lat="46.2136" lon="-74.58012">
        <ele>340.75</ele>
      </trkpt>
      <trkpt lat="46.21356" lon="-74.58018">
        <ele>340.19</ele>
      </trkpt>
      <trkpt lat="46.21352" lon="-74.58024">
        <ele>339.5</ele>
      </trkpt>
      <trkpt lat="46.21349" lon="-74.58031">
        <ele>338.87</ele>
      </trkpt>
      <trkpt lat="46.21345" lon="-74.58038">
        <ele>338.69</ele>
      </trkpt>
      <trkpt lat="46.21343" lon="-74.58045">
        <ele>338.57</ele>
      </trkpt>
      <trkpt lat="46.21339" lon="-74.58052">
        <ele>338.64</ele>
      </trkpt>
      <trkpt lat="46.21339" lon="-74.5806">
        <ele>338.05</ele>
      </trkpt>
      <trkpt lat="46.21341" lon="-74.58068">
        <ele>337.03</ele>
      </trkpt>
      <trkpt lat="46.21342" lon="-74.58077">
        <ele>336.01</ele>
      </trkpt>
      <trkpt lat="46.21344" lon="-74.58085">
        <ele>335.0</ele>
      </trkpt>
      <trkpt lat="46.21344" lon="-74.58094">
        <ele>332.93</ele>
      </trkpt>
      <trkpt lat="46.21347" lon="-74.58102">
        <ele>331.13</ele>
      </trkpt>
      <trkpt lat="46.21349" lon="-74.5811">
        <ele>329.26</ele>
      </trkpt>
      <trkpt lat="46.21352" lon="-74.58117">
        <ele>327.1</ele>
      </trkpt>
      <trkpt lat="46.21354" lon="-74.58125">
        <ele>324.73</ele>
      </trkpt>
      <trkpt lat="46.21358" lon="-74.58127">
        <ele>324.61</ele>
      </trkpt>
      <trkpt lat="46.21363" lon="-74.5813">
        <ele>324.56</ele>
      </trkpt>
      <trkpt lat="46.21364" lon="-74.58138">
        <ele>322.83</ele>
      </trkpt>
      <trkpt lat="46.21365" lon="-74.58145">
        <ele>321.12</ele>
      </trkpt>
      <trkpt lat="46.21369" lon="-74.58149">
        <ele>320.54</ele>
      </trkpt>
      <trkpt lat="46.21375" lon="-74.58149">
        <ele>321.36</ele>
      </trkpt>
      <trkpt lat="46.21381" lon="-74.58149">
        <ele>322.18</ele>
      </trkpt>
      <trkpt lat="46.21387" lon="-74.58145">
        <ele>324.82</ele>
      </trkpt>
      <trkpt lat="46.21392" lon="-74.58143">
        <ele>326.01</ele>
      </trkpt>
      <trkpt lat="46.21398" lon="-74.58138">
        <ele>327.79</ele>
      </trkpt>
      <trkpt lat="46.21404" lon="-74.58134">
        <ele>328.18</ele>
      </trkpt>
      <trkpt lat="46.2141" lon="-74.58129">
        <ele>328.85</ele>
      </trkpt>
      <trkpt lat="46.21416" lon="-74.58126">
        <ele>329.32</ele>
      </trkpt>
      <trkpt lat="46.21422" lon="-74.58122">
        <ele>329.73</ele>
      </trkpt>
      <trkpt lat="46.21427" lon="-74.58123">
        <ele>329.28</ele>
      </trkpt>
      <trkpt lat="46.21433" lon="-74.58122">
        <ele>329.09</ele>
      </trkpt>
      <trkpt lat="46.21439" lon="-74.58124">
        <ele>328.45</ele>
      </trkpt>
      <trkpt lat="46.21444" lon="-74.58124">
        <ele>328.17</ele>
      </trkpt>
      <trkpt lat="46.2145" lon="-74.58128">
        <ele>328.29</ele>
      </trkpt>
      <trkpt lat="46.21456" lon="-74.58131">
        <ele>328.68</ele>
      </trkpt>
      <trkpt lat="46.21461" lon="-74.58137">
        <ele>328.62</ele>
      </trkpt>
      <trkpt lat="46.21465" lon="-74.58143">
        <ele>328.33</ele>
      </trkpt>
      <trkpt lat="46.21465" lon="-74.58151">
        <ele>327.1</ele>
      </trkpt>
      <trkpt lat="46.21462" lon="-74.58158">
        <ele>325.52</ele>
      </trkpt>
      <trkpt lat="46.21459" lon="-74.58165">
        <ele>323.89</ele>
      </trkpt>
      <trkpt lat="46.21458" lon="-74.58166">
        <ele>323.55</ele>
      </trkpt>
      <trkpt lat="46.21456" lon="-74.58167">
        <ele>323.06</ele>
      </trkpt>
      <trkpt lat="46.21452" lon="-74.58169">
        <ele>322.19</ele>
      </trkpt>
      <trkpt lat="46.21447" lon="-74.58171">
        <ele>321.15</ele>
      </trkpt>
      <trkpt lat="46.21443" lon="-74.58174">
        <ele>320.17</ele>
      </trkpt>
      <trkpt lat="46.21438" lon="-74.58173">
        <ele>319.25</ele>
      </trkpt>
      <trkpt lat="46.21434" lon="-74.58173">
        <ele>318.44</ele>
      </trkpt>
      <trkpt lat="46.21429" lon="-74.58174">
        <ele>317.22</ele>
      </trkpt>
      <trkpt lat="46.21425" lon="-74.58179">
        <ele>315.14</ele>
      </trkpt>
      <trkpt lat="46.21424" lon="-74.58185">
        <ele>313.34</ele>
      </trkpt>
      <trkpt lat="46.21422" lon="-74.58191">
        <ele>311.06</ele>
      </trkpt>
      <trkpt lat="46.21417" lon="-74.58193">
        <ele>308.6</ele>
      </trkpt>
      <trkpt lat="46.21412" lon="-74.58193">
        <ele>307.81</ele>
      </trkpt>
      <trkpt lat="46.21408" lon="-74.58193">
        <ele>307.25</ele>
      </trkpt>
      <trkpt lat="46.21403" lon="-74.58194">
        <ele>306.19</ele>
      </trkpt>
      <trkpt lat="46.21398" lon="-74.58195">
        <ele>305.13</ele>
      </trkpt>
      <trkpt lat="46.21395" lon="-74.58201">
        <ele>302.62</ele>
      </trkpt>
      <trkpt lat="46.21394" lon="-74.58207">
        <ele>300.38</ele>
      </trkpt>
      <trkpt lat="46.21395" lon="-74.58212">
        <ele>298.84</ele>
      </trkpt>
      <trkpt lat="46.21396" lon="-74.58216">
        <ele>297.66</ele>
      </trkpt>
      <trkpt lat="46.21397" lon="-74.58222">
        <ele>295.83</ele>
      </trkpt>
      <trkpt lat="46.21398" lon="-74.58229">
        <ele>294.74</ele>
      </trkpt>
      <trkpt lat="46.21397" lon="-74.58236">
        <ele>293.21</ele>
      </trkpt>
      <trkpt lat="46.21395" lon="-74.58241">
        <ele>291.71</ele>
      </trkpt>
      <trkpt lat="46.21392" lon="-74.58246">
        <ele>289.82</ele>
      </trkpt>
      <trkpt lat="46.21387" lon="-74.58249">
        <ele>287.94</ele>
      </trkpt>
      <trkpt lat="46.21384" lon="-74.58253">
        <ele>286.29</ele>
      </trkpt>
      <trkpt lat="46.21379" lon="-74.58257">
        <ele>284.41</ele>
      </trkpt>
      <trkpt lat="46.21375" lon="-74.58258">
        <ele>283.7</ele>
      </trkpt>
      <trkpt lat="46.2137" lon="-74.5826">
        <ele>282.66</ele>
      </trkpt>
      <trkpt lat="46.21366" lon="-74.58261">
        <ele>282.05</ele>
      </trkpt>
      <trkpt lat="46.21361" lon="-74.58263">
        <ele>281.17</ele>
      </trkpt>
      <trkpt lat="46.21356" lon="-74.58262">
        <ele>280.49</ele>
      </trkpt>
      <trkpt lat="46.21352" lon="-74.58261">
        <ele>279.91</ele>
      </trkpt>
      <trkpt lat="46.21347" lon="-74.58262">
        <ele>278.88</ele>
      </trkpt>
      <trkpt lat="46.21344" lon="-74.58267">
        <ele>278.04</ele>
      </trkpt>
      <trkpt lat="46.21342" lon="-74.58279">
        <ele>277.05</ele>
      </trkpt>
      <trkpt lat="46.21342" lon="-74.5828">
        <ele>276.83</ele>
      </trkpt>
      <trkpt lat="46.21342" lon="-74.58286">
        <ele>275.52</ele>
      </trkpt>
      <trkpt lat="46.21343" lon="-74.58294">
        <ele>273.87</ele>
      </trkpt>
      <trkpt lat="46.21345" lon="-74.583">
        <ele>272.83</ele>
      </trkpt>
      <trkpt lat="46.21346" lon="-74.58308">
        <ele>271.07</ele>
      </trkpt>
      <trkpt lat="46.21345" lon="-74.58314">
        <ele>269.07</ele>
      </trkpt>
      <trkpt lat="46.21346" lon="-74.58322">
        <ele>266.77</ele>
      </trkpt>
      <trkpt lat="46.21347" lon="-74.58328">
        <ele>265.09</ele>
      </trkpt>
      <trkpt lat="46.21348" lon="-74.58335">
        <ele>263.34</ele>
      </trkpt>
      <trkpt lat="46.21349" lon="-74.58342">
        <ele>262.22</ele>
      </trkpt>
      <trkpt lat="46.21348" lon="-74.58349">
        <ele>260.79</ele>
      </trkpt>
      <trkpt lat="46.21347" lon="-74.58356">
        <ele>259.39</ele>
      </trkpt>
      <trkpt lat="46.21346" lon="-74.58363">
        <ele>258.31</ele>
      </trkpt>
      <trkpt lat="46.21342" lon="-74.58368">
        <ele>257.78</ele>
      </trkpt>
      <trkpt lat="46.21339" lon="-74.58373">
        <ele>257.44</ele>
      </trkpt>
      <trkpt lat="46.21335" lon="-74.5838">
        <ele>257.1</ele>
      </trkpt>
      <trkpt lat="46.21334" lon="-74.58384">
        <ele>257.03</ele>
      </trkpt>
      <trkpt lat="46.21334" lon="-74.58391">
        <ele>257.1</ele>
      </trkpt>
      <trkpt lat="46.21334" lon="-74.58397">
        <ele>257.31</ele>
      </trkpt>
      <trkpt lat="46.21336" lon="-74.58404">
        <ele>257.59</ele>
      </trkpt>
      <trkpt lat="46.21337" lon="-74.5841">
        <ele>257.79</ele>
      </trkpt>
      <trkpt lat="46.21339" lon="-74.58417">
        <ele>258.03</ele>
      </trkpt>
      <trkpt lat="46.21339" lon="-74.58424">
        <ele>258.68</ele>
      </trkpt>
      <trkpt lat="46.21339" lon="-74.58431">
        <ele>259.33</ele>
      </trkpt>
      <trkpt lat="46.21338" lon="-74.58438">
        <ele>260.17</ele>
      </trkpt>
      <trkpt lat="46.21337" lon="-74.58444">
        <ele>261.03</ele>
      </trkpt>
      <trkpt lat="46.21336" lon="-74.58451">
        <ele>260.78</ele>
      </trkpt>
      <trkpt lat="46.21336" lon="-74.58458">
        <ele>260.19</ele>
      </trkpt>
      <trkpt lat="46.21335" lon="-74.58465">
        <ele>259.67</ele>
      </trkpt>
      <trkpt lat="46.21336" lon="-74.58472">
        <ele>259.02</ele>
      </trkpt>
      <trkpt lat="46.21336" lon="-74.5848">
        <ele>259.84</ele>
      </trkpt>
      <trkpt lat="46.21336" lon="-74.58487">
        <ele>260.6</ele>
      </trkpt>
      <trkpt lat="46.21336" lon="-74.58494">
        <ele>261.35</ele>
      </trkpt>
      <trkpt lat="46.21337" lon="-74.58519">
        <ele>263.19</ele>
      </trkpt>
    </trkseg>
  </trk>
</gpx>
