<?xml version="1.0" encoding="UTF-8"?>
<gpx xmlns:xsi="http://www.w3.org/2001/XMLSchema-instance" xmlns:gpxdata="http://www.cluetrust.com/XML/GPXDATA/1/0" xmlns="http://www.topografix.com/GPX/1/0" xsi:schemaLocation="http://www.topografix.com/GPX/1/0 http://www.topografix.com/GPX/1/0/gpx.xsd http://www.cluetrust.com/XML/GPXDATA/1/0 http://www.cluetrust.com/Schemas/gpxdata10.xsd" version="1.0" creator="http://ridewithgps.com/">
  <author>RideWithGPS LLC</author>
  <url>https://ridewithgps.com/routes/25446543</url>
  <time>2017-09-20T20:36:23Z</time>
  <trk>
    <name>Els Àngels, Girona loop</name>
    <trkseg>
      <trkpt lat="41.98545" lon="2.82348">
        <ele>74.6</ele>
      </trkpt>
      <trkpt lat="41.9854" lon="2.82349">
        <ele>74.6</ele>
      </trkpt>
      <trkpt lat="41.98466" lon="2.82346">
        <ele>74.7</ele>
      </trkpt>
      <trkpt lat="41.98427" lon="2.82333">
        <ele>74.3</ele>
      </trkpt>
      <trkpt lat="41.9839" lon="2.82321">
        <ele>74</ele>
      </trkpt>
      <trkpt lat="41.98388" lon="2.8232">
        <ele>74</ele>
      </trkpt>
      <trkpt lat="41.98353" lon="2.82308">
        <ele>74.2</ele>
      </trkpt>
      <trkpt lat="41.98352" lon="2.82308">
        <ele>74.1</ele>
      </trkpt>
      <trkpt lat="41.98351" lon="2.82308">
        <ele>74.1</ele>
      </trkpt>
      <trkpt lat="41.98348" lon="2.82307">
        <ele>74.1</ele>
      </trkpt>
      <trkpt lat="41.98336" lon="2.82301">
        <ele>74.5</ele>
      </trkpt>
      <trkpt lat="41.98287" lon="2.82285">
        <ele>77.9</ele>
      </trkpt>
      <trkpt lat="41.98271" lon="2.82281">
        <ele>78.9</ele>
      </trkpt>
      <trkpt lat="41.98271" lon="2.82281">
        <ele>78.9</ele>
      </trkpt>
      <trkpt lat="41.98271" lon="2.82283">
        <ele>78.7</ele>
      </trkpt>
      <trkpt lat="41.98273" lon="2.82332">
        <ele>73.3</ele>
      </trkpt>
      <trkpt lat="41.98275" lon="2.82379">
        <ele>75.3</ele>
      </trkpt>
      <trkpt lat="41.98275" lon="2.82379">
        <ele>75.3</ele>
      </trkpt>
      <trkpt lat="41.98265" lon="2.82379">
        <ele>75.7</ele>
      </trkpt>
      <trkpt lat="41.98256" lon="2.82378">
        <ele>75.9</ele>
      </trkpt>
      <trkpt lat="41.9825" lon="2.82378">
        <ele>76.1</ele>
      </trkpt>
      <trkpt lat="41.98239" lon="2.82375">
        <ele>75.9</ele>
      </trkpt>
      <trkpt lat="41.98235" lon="2.82374">
        <ele>75.9</ele>
      </trkpt>
      <trkpt lat="41.98233" lon="2.82373">
        <ele>75.8</ele>
      </trkpt>
      <trkpt lat="41.98232" lon="2.82372">
        <ele>75.7</ele>
      </trkpt>
      <trkpt lat="41.98229" lon="2.82368">
        <ele>75.5</ele>
      </trkpt>
      <trkpt lat="41.98225" lon="2.82365">
        <ele>75.3</ele>
      </trkpt>
      <trkpt lat="41.98223" lon="2.82361">
        <ele>75.1</ele>
      </trkpt>
      <trkpt lat="41.98221" lon="2.82348">
        <ele>74.4</ele>
      </trkpt>
      <trkpt lat="41.98219" lon="2.82323">
        <ele>74.6</ele>
      </trkpt>
      <trkpt lat="41.98218" lon="2.82311">
        <ele>75.6</ele>
      </trkpt>
      <trkpt lat="41.98219" lon="2.82302">
        <ele>76.5</ele>
      </trkpt>
      <trkpt lat="41.98219" lon="2.82302">
        <ele>76.5</ele>
      </trkpt>
      <trkpt lat="41.98178" lon="2.82309">
        <ele>74.8</ele>
      </trkpt>
      <trkpt lat="41.98119" lon="2.8232">
        <ele>75.5</ele>
      </trkpt>
      <trkpt lat="41.98097" lon="2.82328">
        <ele>76.3</ele>
      </trkpt>
      <trkpt lat="41.98064" lon="2.8234">
        <ele>76.2</ele>
      </trkpt>
      <trkpt lat="41.98054" lon="2.82344">
        <ele>75.8</ele>
      </trkpt>
      <trkpt lat="41.98053" lon="2.82344">
        <ele>75.7</ele>
      </trkpt>
      <trkpt lat="41.98046" lon="2.82346">
        <ele>75.5</ele>
      </trkpt>
      <trkpt lat="41.98037" lon="2.8235">
        <ele>75.2</ele>
      </trkpt>
      <trkpt lat="41.98035" lon="2.8235">
        <ele>75.1</ele>
      </trkpt>
      <trkpt lat="41.98027" lon="2.82352">
        <ele>74.8</ele>
      </trkpt>
      <trkpt lat="41.98005" lon="2.82356">
        <ele>74.1</ele>
      </trkpt>
      <trkpt lat="41.97985" lon="2.82359">
        <ele>74.4</ele>
      </trkpt>
      <trkpt lat="41.97981" lon="2.8236">
        <ele>74.5</ele>
      </trkpt>
      <trkpt lat="41.97888" lon="2.82372">
        <ele>77.2</ele>
      </trkpt>
      <trkpt lat="41.97888" lon="2.82372">
        <ele>77.2</ele>
      </trkpt>
      <trkpt lat="41.97887" lon="2.82382">
        <ele>76.8</ele>
      </trkpt>
      <trkpt lat="41.97884" lon="2.82391">
        <ele>76.5</ele>
      </trkpt>
      <trkpt lat="41.97881" lon="2.82396">
        <ele>76.3</ele>
      </trkpt>
      <trkpt lat="41.97879" lon="2.82398">
        <ele>76.3</ele>
      </trkpt>
      <trkpt lat="41.978811" lon="2.824005">
        <ele>76.1</ele>
      </trkpt>
      <trkpt lat="41.97875" lon="2.8241">
        <ele>74</ele>
      </trkpt>
      <trkpt lat="41.97863" lon="2.82426">
        <ele>75</ele>
      </trkpt>
      <trkpt lat="41.97841" lon="2.82439">
        <ele>75</ele>
      </trkpt>
      <trkpt lat="41.977041" lon="2.82426">
        <ele>73.7</ele>
      </trkpt>
      <trkpt lat="41.97704" lon="2.82425">
        <ele>73.6</ele>
      </trkpt>
      <trkpt lat="41.97693" lon="2.82424">
        <ele>73.7</ele>
      </trkpt>
      <trkpt lat="41.97688" lon="2.82423">
        <ele>73.8</ele>
      </trkpt>
      <trkpt lat="41.97668" lon="2.82422">
        <ele>74</ele>
      </trkpt>
      <trkpt lat="41.97662" lon="2.82422">
        <ele>74.1</ele>
      </trkpt>
      <trkpt lat="41.97659" lon="2.82422">
        <ele>74.1</ele>
      </trkpt>
      <trkpt lat="41.97644" lon="2.82424">
        <ele>74.3</ele>
      </trkpt>
      <trkpt lat="41.97633" lon="2.82427">
        <ele>74.5</ele>
      </trkpt>
      <trkpt lat="41.97622" lon="2.8243">
        <ele>74.6</ele>
      </trkpt>
      <trkpt lat="41.97612" lon="2.82434">
        <ele>74.8</ele>
      </trkpt>
      <trkpt lat="41.97597" lon="2.82443">
        <ele>75.1</ele>
      </trkpt>
      <trkpt lat="41.97585" lon="2.82451">
        <ele>75.4</ele>
      </trkpt>
      <trkpt lat="41.9758" lon="2.82455">
        <ele>75.4</ele>
      </trkpt>
      <trkpt lat="41.97576" lon="2.82458">
        <ele>75.4</ele>
      </trkpt>
      <trkpt lat="41.97568" lon="2.82465">
        <ele>75.4</ele>
      </trkpt>
      <trkpt lat="41.97559" lon="2.82475">
        <ele>75.4</ele>
      </trkpt>
      <trkpt lat="41.97549" lon="2.82483">
        <ele>75.4</ele>
      </trkpt>
      <trkpt lat="41.97549" lon="2.82483">
        <ele>75.4</ele>
      </trkpt>
      <trkpt lat="41.97522" lon="2.82515">
        <ele>75.7</ele>
      </trkpt>
      <trkpt lat="41.9752" lon="2.82519">
        <ele>75.8</ele>
      </trkpt>
      <trkpt lat="41.97514" lon="2.82529">
        <ele>76.1</ele>
      </trkpt>
      <trkpt lat="41.97514" lon="2.82529">
        <ele>76.1</ele>
      </trkpt>
      <trkpt lat="41.97513" lon="2.82518">
        <ele>75.7</ele>
      </trkpt>
      <trkpt lat="41.97511" lon="2.82514">
        <ele>75.6</ele>
      </trkpt>
      <trkpt lat="41.9751" lon="2.82512">
        <ele>75.5</ele>
      </trkpt>
      <trkpt lat="41.97496" lon="2.82497">
        <ele>75</ele>
      </trkpt>
      <trkpt lat="41.97471" lon="2.82478">
        <ele>74.9</ele>
      </trkpt>
      <trkpt lat="41.97458" lon="2.82469">
        <ele>75</ele>
      </trkpt>
      <trkpt lat="41.9744" lon="2.82456">
        <ele>75.2</ele>
      </trkpt>
      <trkpt lat="41.9744" lon="2.82456">
        <ele>75.2</ele>
      </trkpt>
      <trkpt lat="41.9744" lon="2.82454">
        <ele>75.2</ele>
      </trkpt>
      <trkpt lat="41.97439" lon="2.82452">
        <ele>75.3</ele>
      </trkpt>
      <trkpt lat="41.97439" lon="2.8245">
        <ele>75.3</ele>
      </trkpt>
      <trkpt lat="41.97439" lon="2.82448">
        <ele>75.3</ele>
      </trkpt>
      <trkpt lat="41.97438" lon="2.82446">
        <ele>75.3</ele>
      </trkpt>
      <trkpt lat="41.97438" lon="2.82444">
        <ele>75.3</ele>
      </trkpt>
      <trkpt lat="41.97437" lon="2.82443">
        <ele>75.4</ele>
      </trkpt>
      <trkpt lat="41.97437" lon="2.82441">
        <ele>75.4</ele>
      </trkpt>
      <trkpt lat="41.97436" lon="2.82438">
        <ele>75.4</ele>
      </trkpt>
      <trkpt lat="41.97434" lon="2.82435">
        <ele>75.5</ele>
      </trkpt>
      <trkpt lat="41.97433" lon="2.82433">
        <ele>75.5</ele>
      </trkpt>
      <trkpt lat="41.97431" lon="2.82431">
        <ele>75.5</ele>
      </trkpt>
      <trkpt lat="41.97429" lon="2.82429">
        <ele>75.6</ele>
      </trkpt>
      <trkpt lat="41.97427" lon="2.82427">
        <ele>75.7</ele>
      </trkpt>
      <trkpt lat="41.97425" lon="2.82425">
        <ele>75.7</ele>
      </trkpt>
      <trkpt lat="41.97423" lon="2.82424">
        <ele>75.8</ele>
      </trkpt>
      <trkpt lat="41.97422" lon="2.82424">
        <ele>75.8</ele>
      </trkpt>
      <trkpt lat="41.97421" lon="2.82423">
        <ele>75.8</ele>
      </trkpt>
      <trkpt lat="41.9742" lon="2.82423">
        <ele>75.8</ele>
      </trkpt>
      <trkpt lat="41.97419" lon="2.82422">
        <ele>75.9</ele>
      </trkpt>
      <trkpt lat="41.97418" lon="2.82422">
        <ele>75.9</ele>
      </trkpt>
      <trkpt lat="41.97417" lon="2.82422">
        <ele>75.9</ele>
      </trkpt>
      <trkpt lat="41.97416" lon="2.82422">
        <ele>75.9</ele>
      </trkpt>
      <trkpt lat="41.97415" lon="2.82422">
        <ele>76</ele>
      </trkpt>
      <trkpt lat="41.9741" lon="2.82422">
        <ele>76</ele>
      </trkpt>
      <trkpt lat="41.97407" lon="2.82423">
        <ele>76</ele>
      </trkpt>
      <trkpt lat="41.97404" lon="2.82424">
        <ele>76.1</ele>
      </trkpt>
      <trkpt lat="41.97401" lon="2.82426">
        <ele>76.1</ele>
      </trkpt>
      <trkpt lat="41.97398" lon="2.82428">
        <ele>76.1</ele>
      </trkpt>
      <trkpt lat="41.97396" lon="2.82431">
        <ele>76.1</ele>
      </trkpt>
      <trkpt lat="41.97394" lon="2.82434">
        <ele>76.1</ele>
      </trkpt>
      <trkpt lat="41.97392" lon="2.82437">
        <ele>76.1</ele>
      </trkpt>
      <trkpt lat="41.9739" lon="2.8244">
        <ele>76.1</ele>
      </trkpt>
      <trkpt lat="41.9739" lon="2.82442">
        <ele>76.1</ele>
      </trkpt>
      <trkpt lat="41.97389" lon="2.82443">
        <ele>76.1</ele>
      </trkpt>
      <trkpt lat="41.97389" lon="2.82444">
        <ele>76.1</ele>
      </trkpt>
      <trkpt lat="41.97388" lon="2.82446">
        <ele>76.1</ele>
      </trkpt>
      <trkpt lat="41.97388" lon="2.82447">
        <ele>76.1</ele>
      </trkpt>
      <trkpt lat="41.97388" lon="2.82449">
        <ele>76.1</ele>
      </trkpt>
      <trkpt lat="41.97387" lon="2.8245">
        <ele>76.1</ele>
      </trkpt>
      <trkpt lat="41.97387" lon="2.82452">
        <ele>76.1</ele>
      </trkpt>
      <trkpt lat="41.97387" lon="2.82457">
        <ele>76</ele>
      </trkpt>
      <trkpt lat="41.97387" lon="2.82461">
        <ele>76</ele>
      </trkpt>
      <trkpt lat="41.97388" lon="2.82465">
        <ele>76</ele>
      </trkpt>
      <trkpt lat="41.97389" lon="2.82469">
        <ele>75.9</ele>
      </trkpt>
      <trkpt lat="41.9739" lon="2.82473">
        <ele>75.9</ele>
      </trkpt>
      <trkpt lat="41.97391" lon="2.82476">
        <ele>75.8</ele>
      </trkpt>
      <trkpt lat="41.97393" lon="2.8248">
        <ele>75.7</ele>
      </trkpt>
      <trkpt lat="41.97395" lon="2.82483">
        <ele>75.7</ele>
      </trkpt>
      <trkpt lat="41.97398" lon="2.82485">
        <ele>75.6</ele>
      </trkpt>
      <trkpt lat="41.97394" lon="2.82513">
        <ele>75.7</ele>
      </trkpt>
      <trkpt lat="41.9738" lon="2.8258">
        <ele>77.3</ele>
      </trkpt>
      <trkpt lat="41.97371" lon="2.82623">
        <ele>77.6</ele>
      </trkpt>
      <trkpt lat="41.97364" lon="2.82663">
        <ele>77.6</ele>
      </trkpt>
      <trkpt lat="41.97363" lon="2.8267">
        <ele>77.7</ele>
      </trkpt>
      <trkpt lat="41.97358" lon="2.827">
        <ele>78.7</ele>
      </trkpt>
      <trkpt lat="41.97351" lon="2.82752">
        <ele>80.3</ele>
      </trkpt>
      <trkpt lat="41.9735" lon="2.82757">
        <ele>80.2</ele>
      </trkpt>
      <trkpt lat="41.97347" lon="2.82779">
        <ele>79.8</ele>
      </trkpt>
      <trkpt lat="41.97343" lon="2.8282">
        <ele>79</ele>
      </trkpt>
      <trkpt lat="41.97341" lon="2.82836">
        <ele>78.8</ele>
      </trkpt>
      <trkpt lat="41.9734" lon="2.82856">
        <ele>79.3</ele>
      </trkpt>
      <trkpt lat="41.97339" lon="2.82867">
        <ele>79.6</ele>
      </trkpt>
      <trkpt lat="41.97338" lon="2.82937">
        <ele>80.9</ele>
      </trkpt>
      <trkpt lat="41.97337" lon="2.82972">
        <ele>81</ele>
      </trkpt>
      <trkpt lat="41.97337" lon="2.83009">
        <ele>80.8</ele>
      </trkpt>
      <trkpt lat="41.97335" lon="2.83032">
        <ele>80.3</ele>
      </trkpt>
      <trkpt lat="41.97333" lon="2.83063">
        <ele>79.5</ele>
      </trkpt>
      <trkpt lat="41.97329" lon="2.83101">
        <ele>79.6</ele>
      </trkpt>
      <trkpt lat="41.97327" lon="2.83116">
        <ele>79.8</ele>
      </trkpt>
      <trkpt lat="41.97326" lon="2.83124">
        <ele>79.9</ele>
      </trkpt>
      <trkpt lat="41.97321" lon="2.83139">
        <ele>80.9</ele>
      </trkpt>
      <trkpt lat="41.9732" lon="2.83143">
        <ele>81.1</ele>
      </trkpt>
      <trkpt lat="41.97319" lon="2.83146">
        <ele>81.4</ele>
      </trkpt>
      <trkpt lat="41.97318" lon="2.83153">
        <ele>81.6</ele>
      </trkpt>
      <trkpt lat="41.97316" lon="2.8316">
        <ele>82</ele>
      </trkpt>
      <trkpt lat="41.97313" lon="2.83167">
        <ele>82.9</ele>
      </trkpt>
      <trkpt lat="41.9731" lon="2.83174">
        <ele>83.6</ele>
      </trkpt>
      <trkpt lat="41.97308" lon="2.83179">
        <ele>84.1</ele>
      </trkpt>
      <trkpt lat="41.97307" lon="2.83183">
        <ele>84.3</ele>
      </trkpt>
      <trkpt lat="41.97305" lon="2.83187">
        <ele>84.7</ele>
      </trkpt>
      <trkpt lat="41.97301" lon="2.83195">
        <ele>85.5</ele>
      </trkpt>
      <trkpt lat="41.973" lon="2.83197">
        <ele>85.7</ele>
      </trkpt>
      <trkpt lat="41.97297" lon="2.83203">
        <ele>86.2</ele>
      </trkpt>
      <trkpt lat="41.97292" lon="2.83212">
        <ele>87</ele>
      </trkpt>
      <trkpt lat="41.97285" lon="2.83229">
        <ele>87.6</ele>
      </trkpt>
      <trkpt lat="41.97275" lon="2.83247">
        <ele>88.3</ele>
      </trkpt>
      <trkpt lat="41.97268" lon="2.83261">
        <ele>88.3</ele>
      </trkpt>
      <trkpt lat="41.97254" lon="2.83286">
        <ele>87</ele>
      </trkpt>
      <trkpt lat="41.97249" lon="2.83296">
        <ele>86.3</ele>
      </trkpt>
      <trkpt lat="41.97241" lon="2.83312">
        <ele>87.6</ele>
      </trkpt>
      <trkpt lat="41.97235" lon="2.83328">
        <ele>88.3</ele>
      </trkpt>
      <trkpt lat="41.9723" lon="2.83342">
        <ele>89.3</ele>
      </trkpt>
      <trkpt lat="41.97226" lon="2.83356">
        <ele>89.9</ele>
      </trkpt>
      <trkpt lat="41.97218" lon="2.83377">
        <ele>91.1</ele>
      </trkpt>
      <trkpt lat="41.97212" lon="2.83399">
        <ele>90.9</ele>
      </trkpt>
      <trkpt lat="41.97204" lon="2.83424">
        <ele>90.4</ele>
      </trkpt>
      <trkpt lat="41.97196" lon="2.83449">
        <ele>89.5</ele>
      </trkpt>
      <trkpt lat="41.97191" lon="2.83464">
        <ele>88.5</ele>
      </trkpt>
      <trkpt lat="41.97179" lon="2.83496">
        <ele>85.6</ele>
      </trkpt>
      <trkpt lat="41.97173" lon="2.83511">
        <ele>84.2</ele>
      </trkpt>
      <trkpt lat="41.97167" lon="2.83522">
        <ele>83.3</ele>
      </trkpt>
      <trkpt lat="41.97161" lon="2.83532">
        <ele>83.4</ele>
      </trkpt>
      <trkpt lat="41.97155" lon="2.8354">
        <ele>83.4</ele>
      </trkpt>
      <trkpt lat="41.97148" lon="2.83547">
        <ele>83.6</ele>
      </trkpt>
      <trkpt lat="41.97141" lon="2.83554">
        <ele>83.4</ele>
      </trkpt>
      <trkpt lat="41.97133" lon="2.83558">
        <ele>83.8</ele>
      </trkpt>
      <trkpt lat="41.97124" lon="2.83563">
        <ele>83.9</ele>
      </trkpt>
      <trkpt lat="41.97114" lon="2.83568">
        <ele>83.8</ele>
      </trkpt>
      <trkpt lat="41.97103" lon="2.83572">
        <ele>83.9</ele>
      </trkpt>
      <trkpt lat="41.97093" lon="2.83574">
        <ele>84.3</ele>
      </trkpt>
      <trkpt lat="41.97082" lon="2.83576">
        <ele>84.7</ele>
      </trkpt>
      <trkpt lat="41.9707" lon="2.83579">
        <ele>84.7</ele>
      </trkpt>
      <trkpt lat="41.97061" lon="2.8358">
        <ele>85.1</ele>
      </trkpt>
      <trkpt lat="41.97039" lon="2.83583">
        <ele>85.9</ele>
      </trkpt>
      <trkpt lat="41.9695" lon="2.83583">
        <ele>91.6</ele>
      </trkpt>
      <trkpt lat="41.96941" lon="2.83584">
        <ele>91.7</ele>
      </trkpt>
      <trkpt lat="41.96932" lon="2.83586">
        <ele>91.8</ele>
      </trkpt>
      <trkpt lat="41.96924" lon="2.83588">
        <ele>91.8</ele>
      </trkpt>
      <trkpt lat="41.96916" lon="2.8359">
        <ele>91.8</ele>
      </trkpt>
      <trkpt lat="41.96907" lon="2.83594">
        <ele>91.6</ele>
      </trkpt>
      <trkpt lat="41.96898" lon="2.83598">
        <ele>91.4</ele>
      </trkpt>
      <trkpt lat="41.96893" lon="2.83601">
        <ele>91.1</ele>
      </trkpt>
      <trkpt lat="41.96873" lon="2.83612">
        <ele>89.9</ele>
      </trkpt>
      <trkpt lat="41.96849" lon="2.83632">
        <ele>86.9</ele>
      </trkpt>
      <trkpt lat="41.96828" lon="2.83652">
        <ele>83.3</ele>
      </trkpt>
      <trkpt lat="41.96802" lon="2.83682">
        <ele>80.1</ele>
      </trkpt>
      <trkpt lat="41.96786" lon="2.83707">
        <ele>79.1</ele>
      </trkpt>
      <trkpt lat="41.96768" lon="2.83737">
        <ele>77.9</ele>
      </trkpt>
      <trkpt lat="41.96764" lon="2.83745">
        <ele>77.6</ele>
      </trkpt>
      <trkpt lat="41.96751" lon="2.8377">
        <ele>77.7</ele>
      </trkpt>
      <trkpt lat="41.96749" lon="2.83773">
        <ele>77.8</ele>
      </trkpt>
      <trkpt lat="41.96731" lon="2.83805">
        <ele>79</ele>
      </trkpt>
      <trkpt lat="41.9673" lon="2.83805">
        <ele>79.1</ele>
      </trkpt>
      <trkpt lat="41.96728" lon="2.83805">
        <ele>79.3</ele>
      </trkpt>
      <trkpt lat="41.96726" lon="2.83806">
        <ele>79.4</ele>
      </trkpt>
      <trkpt lat="41.96724" lon="2.83807">
        <ele>79.6</ele>
      </trkpt>
      <trkpt lat="41.96722" lon="2.83808">
        <ele>79.8</ele>
      </trkpt>
      <trkpt lat="41.9672" lon="2.8381">
        <ele>80</ele>
      </trkpt>
      <trkpt lat="41.96718" lon="2.83811">
        <ele>80.1</ele>
      </trkpt>
      <trkpt lat="41.96717" lon="2.83813">
        <ele>80.2</ele>
      </trkpt>
      <trkpt lat="41.96715" lon="2.83817">
        <ele>80.4</ele>
      </trkpt>
      <trkpt lat="41.96714" lon="2.83818">
        <ele>80.5</ele>
      </trkpt>
      <trkpt lat="41.96713" lon="2.83819">
        <ele>80.6</ele>
      </trkpt>
      <trkpt lat="41.96713" lon="2.8382">
        <ele>80.6</ele>
      </trkpt>
      <trkpt lat="41.96713" lon="2.83821">
        <ele>80.6</ele>
      </trkpt>
      <trkpt lat="41.96712" lon="2.83822">
        <ele>80.7</ele>
      </trkpt>
      <trkpt lat="41.96712" lon="2.83823">
        <ele>80.7</ele>
      </trkpt>
      <trkpt lat="41.96712" lon="2.83824">
        <ele>80.7</ele>
      </trkpt>
      <trkpt lat="41.96711" lon="2.83825">
        <ele>80.7</ele>
      </trkpt>
      <trkpt lat="41.96711" lon="2.83827">
        <ele>80.7</ele>
      </trkpt>
      <trkpt lat="41.96711" lon="2.83828">
        <ele>80.7</ele>
      </trkpt>
      <trkpt lat="41.96711" lon="2.8383">
        <ele>80.7</ele>
      </trkpt>
      <trkpt lat="41.9671" lon="2.83831">
        <ele>80.8</ele>
      </trkpt>
      <trkpt lat="41.9671" lon="2.83833">
        <ele>80.8</ele>
      </trkpt>
      <trkpt lat="41.9671" lon="2.83834">
        <ele>80.8</ele>
      </trkpt>
      <trkpt lat="41.9671" lon="2.83836">
        <ele>80.8</ele>
      </trkpt>
      <trkpt lat="41.9671" lon="2.83837">
        <ele>80.8</ele>
      </trkpt>
      <trkpt lat="41.96711" lon="2.8384">
        <ele>80.7</ele>
      </trkpt>
      <trkpt lat="41.96711" lon="2.83842">
        <ele>80.6</ele>
      </trkpt>
      <trkpt lat="41.96712" lon="2.83845">
        <ele>80.5</ele>
      </trkpt>
      <trkpt lat="41.96713" lon="2.83847">
        <ele>80.4</ele>
      </trkpt>
      <trkpt lat="41.96714" lon="2.8385">
        <ele>80.3</ele>
      </trkpt>
      <trkpt lat="41.96715" lon="2.83852">
        <ele>80.1</ele>
      </trkpt>
      <trkpt lat="41.96717" lon="2.83854">
        <ele>79.9</ele>
      </trkpt>
      <trkpt lat="41.96719" lon="2.83855">
        <ele>79.7</ele>
      </trkpt>
      <trkpt lat="41.9672" lon="2.83856">
        <ele>79.6</ele>
      </trkpt>
      <trkpt lat="41.96721" lon="2.83857">
        <ele>79.5</ele>
      </trkpt>
      <trkpt lat="41.96722" lon="2.8386">
        <ele>79.4</ele>
      </trkpt>
      <trkpt lat="41.96717" lon="2.83888">
        <ele>79.5</ele>
      </trkpt>
      <trkpt lat="41.96713" lon="2.839">
        <ele>79.8</ele>
      </trkpt>
      <trkpt lat="41.96683" lon="2.84026">
        <ele>76.5</ele>
      </trkpt>
      <trkpt lat="41.96658" lon="2.84109">
        <ele>74.6</ele>
      </trkpt>
      <trkpt lat="41.96639" lon="2.84146">
        <ele>73.9</ele>
      </trkpt>
      <trkpt lat="41.96622" lon="2.84175">
        <ele>73.6</ele>
      </trkpt>
      <trkpt lat="41.96546" lon="2.84257">
        <ele>76.3</ele>
      </trkpt>
      <trkpt lat="41.96451" lon="2.84337">
        <ele>77.3</ele>
      </trkpt>
      <trkpt lat="41.9643" lon="2.84351">
        <ele>78.2</ele>
      </trkpt>
      <trkpt lat="41.9643" lon="2.84351">
        <ele>78.2</ele>
      </trkpt>
      <trkpt lat="41.96429" lon="2.8435">
        <ele>78.2</ele>
      </trkpt>
      <trkpt lat="41.96427" lon="2.84349">
        <ele>78.2</ele>
      </trkpt>
      <trkpt lat="41.96425" lon="2.84348">
        <ele>78.3</ele>
      </trkpt>
      <trkpt lat="41.96423" lon="2.84348">
        <ele>78.3</ele>
      </trkpt>
      <trkpt lat="41.96422" lon="2.84348">
        <ele>78.4</ele>
      </trkpt>
      <trkpt lat="41.9642" lon="2.84348">
        <ele>78.4</ele>
      </trkpt>
      <trkpt lat="41.96418" lon="2.84348">
        <ele>78.5</ele>
      </trkpt>
      <trkpt lat="41.96416" lon="2.84348">
        <ele>78.6</ele>
      </trkpt>
      <trkpt lat="41.96414" lon="2.84349">
        <ele>78.7</ele>
      </trkpt>
      <trkpt lat="41.96413" lon="2.8435">
        <ele>78.8</ele>
      </trkpt>
      <trkpt lat="41.96411" lon="2.84351">
        <ele>79</ele>
      </trkpt>
      <trkpt lat="41.96409" lon="2.84352">
        <ele>79.2</ele>
      </trkpt>
      <trkpt lat="41.96408" lon="2.84353">
        <ele>79.3</ele>
      </trkpt>
      <trkpt lat="41.96406" lon="2.84355">
        <ele>79.5</ele>
      </trkpt>
      <trkpt lat="41.96401" lon="2.84367">
        <ele>80.3</ele>
      </trkpt>
      <trkpt lat="41.96401" lon="2.84368">
        <ele>80.3</ele>
      </trkpt>
      <trkpt lat="41.964" lon="2.84371">
        <ele>80.5</ele>
      </trkpt>
      <trkpt lat="41.964" lon="2.84373">
        <ele>80.6</ele>
      </trkpt>
      <trkpt lat="41.964" lon="2.84376">
        <ele>80.7</ele>
      </trkpt>
      <trkpt lat="41.964" lon="2.84378">
        <ele>80.8</ele>
      </trkpt>
      <trkpt lat="41.964" lon="2.84381">
        <ele>80.9</ele>
      </trkpt>
      <trkpt lat="41.96401" lon="2.84383">
        <ele>81</ele>
      </trkpt>
      <trkpt lat="41.96402" lon="2.84385">
        <ele>81</ele>
      </trkpt>
      <trkpt lat="41.96402" lon="2.84389">
        <ele>81.1</ele>
      </trkpt>
      <trkpt lat="41.96385" lon="2.84411">
        <ele>83.4</ele>
      </trkpt>
      <trkpt lat="41.96364" lon="2.84427">
        <ele>85.9</ele>
      </trkpt>
      <trkpt lat="41.96352" lon="2.84435">
        <ele>87.2</ele>
      </trkpt>
      <trkpt lat="41.96337" lon="2.84446">
        <ele>88.5</ele>
      </trkpt>
      <trkpt lat="41.96333" lon="2.84449">
        <ele>88.8</ele>
      </trkpt>
      <trkpt lat="41.963325" lon="2.84449">
        <ele>88.8</ele>
      </trkpt>
      <trkpt lat="41.96253" lon="2.8451">
        <ele>95</ele>
      </trkpt>
      <trkpt lat="41.96183" lon="2.84597">
        <ele>98</ele>
      </trkpt>
      <trkpt lat="41.96117" lon="2.84722">
        <ele>103</ele>
      </trkpt>
      <trkpt lat="41.96045" lon="2.84812">
        <ele>108</ele>
      </trkpt>
      <trkpt lat="41.96026" lon="2.84851">
        <ele>108</ele>
      </trkpt>
      <trkpt lat="41.96024" lon="2.84874">
        <ele>108</ele>
      </trkpt>
      <trkpt lat="41.96034" lon="2.84926">
        <ele>107</ele>
      </trkpt>
      <trkpt lat="41.96054" lon="2.84982">
        <ele>112</ele>
      </trkpt>
      <trkpt lat="41.96064" lon="2.84999">
        <ele>115</ele>
      </trkpt>
      <trkpt lat="41.96093" lon="2.85027">
        <ele>121</ele>
      </trkpt>
      <trkpt lat="41.96139" lon="2.85053">
        <ele>124</ele>
      </trkpt>
      <trkpt lat="41.96163" lon="2.85081">
        <ele>125</ele>
      </trkpt>
      <trkpt lat="41.96196" lon="2.85133">
        <ele>129</ele>
      </trkpt>
      <trkpt lat="41.96244" lon="2.8516">
        <ele>133</ele>
      </trkpt>
      <trkpt lat="41.96253" lon="2.85179">
        <ele>132</ele>
      </trkpt>
      <trkpt lat="41.96252" lon="2.85209">
        <ele>130</ele>
      </trkpt>
      <trkpt lat="41.96297" lon="2.85285">
        <ele>127</ele>
      </trkpt>
      <trkpt lat="41.96308" lon="2.85297">
        <ele>127</ele>
      </trkpt>
      <trkpt lat="41.96465" lon="2.85344">
        <ele>139</ele>
      </trkpt>
      <trkpt lat="41.96521" lon="2.85373">
        <ele>133</ele>
      </trkpt>
      <trkpt lat="41.96538" lon="2.85388">
        <ele>134</ele>
      </trkpt>
      <trkpt lat="41.96551" lon="2.85408">
        <ele>136</ele>
      </trkpt>
      <trkpt lat="41.96562" lon="2.85433">
        <ele>139</ele>
      </trkpt>
      <trkpt lat="41.96568" lon="2.85463">
        <ele>142</ele>
      </trkpt>
      <trkpt lat="41.96593" lon="2.8551">
        <ele>147</ele>
      </trkpt>
      <trkpt lat="41.96657" lon="2.85599">
        <ele>151</ele>
      </trkpt>
      <trkpt lat="41.9676" lon="2.85689">
        <ele>150</ele>
      </trkpt>
      <trkpt lat="41.96826" lon="2.85696">
        <ele>153</ele>
      </trkpt>
      <trkpt lat="41.96839" lon="2.85699">
        <ele>153</ele>
      </trkpt>
      <trkpt lat="41.96845" lon="2.85706">
        <ele>153</ele>
      </trkpt>
      <trkpt lat="41.96849" lon="2.85731">
        <ele>153</ele>
      </trkpt>
      <trkpt lat="41.9684" lon="2.85746">
        <ele>153</ele>
      </trkpt>
      <trkpt lat="41.9679" lon="2.85756">
        <ele>154</ele>
      </trkpt>
      <trkpt lat="41.96734" lon="2.85752">
        <ele>157</ele>
      </trkpt>
      <trkpt lat="41.96692" lon="2.85743">
        <ele>161</ele>
      </trkpt>
      <trkpt lat="41.96655" lon="2.85723">
        <ele>161</ele>
      </trkpt>
      <trkpt lat="41.96609" lon="2.85725">
        <ele>155</ele>
      </trkpt>
      <trkpt lat="41.96549" lon="2.85689">
        <ele>153</ele>
      </trkpt>
      <trkpt lat="41.96536" lon="2.85674">
        <ele>155</ele>
      </trkpt>
      <trkpt lat="41.96521" lon="2.85669">
        <ele>156</ele>
      </trkpt>
      <trkpt lat="41.96512" lon="2.85675">
        <ele>157</ele>
      </trkpt>
      <trkpt lat="41.9651" lon="2.85692">
        <ele>158</ele>
      </trkpt>
      <trkpt lat="41.96521" lon="2.8578">
        <ele>170</ele>
      </trkpt>
      <trkpt lat="41.96515" lon="2.85826">
        <ele>174</ele>
      </trkpt>
      <trkpt lat="41.96519" lon="2.85874">
        <ele>177</ele>
      </trkpt>
      <trkpt lat="41.96518" lon="2.85897">
        <ele>178</ele>
      </trkpt>
      <trkpt lat="41.96505" lon="2.85966">
        <ele>185</ele>
      </trkpt>
      <trkpt lat="41.96514" lon="2.86022">
        <ele>193</ele>
      </trkpt>
      <trkpt lat="41.96503" lon="2.86049">
        <ele>197</ele>
      </trkpt>
      <trkpt lat="41.9649" lon="2.86107">
        <ele>199</ele>
      </trkpt>
      <trkpt lat="41.96489" lon="2.86132">
        <ele>200</ele>
      </trkpt>
      <trkpt lat="41.96501" lon="2.86175">
        <ele>204</ele>
      </trkpt>
      <trkpt lat="41.9653" lon="2.8623">
        <ele>214</ele>
      </trkpt>
      <trkpt lat="41.96552" lon="2.86256">
        <ele>220</ele>
      </trkpt>
      <trkpt lat="41.96605" lon="2.863">
        <ele>220</ele>
      </trkpt>
      <trkpt lat="41.96616" lon="2.86315">
        <ele>220</ele>
      </trkpt>
      <trkpt lat="41.96617" lon="2.86323">
        <ele>220</ele>
      </trkpt>
      <trkpt lat="41.96612" lon="2.86336">
        <ele>220</ele>
      </trkpt>
      <trkpt lat="41.966" lon="2.86342">
        <ele>220</ele>
      </trkpt>
      <trkpt lat="41.96521" lon="2.86339">
        <ele>224</ele>
      </trkpt>
      <trkpt lat="41.96495" lon="2.86325">
        <ele>225</ele>
      </trkpt>
      <trkpt lat="41.96449" lon="2.86315">
        <ele>226</ele>
      </trkpt>
      <trkpt lat="41.96412" lon="2.86301">
        <ele>227</ele>
      </trkpt>
      <trkpt lat="41.96403" lon="2.8631">
        <ele>227</ele>
      </trkpt>
      <trkpt lat="41.96398" lon="2.86325">
        <ele>227</ele>
      </trkpt>
      <trkpt lat="41.96404" lon="2.8634">
        <ele>227</ele>
      </trkpt>
      <trkpt lat="41.9649" lon="2.86375">
        <ele>230</ele>
      </trkpt>
      <trkpt lat="41.96522" lon="2.86405">
        <ele>233</ele>
      </trkpt>
      <trkpt lat="41.96555" lon="2.86476">
        <ele>240</ele>
      </trkpt>
      <trkpt lat="41.96594" lon="2.86518">
        <ele>236</ele>
      </trkpt>
      <trkpt lat="41.96603" lon="2.86553">
        <ele>233</ele>
      </trkpt>
      <trkpt lat="41.96613" lon="2.86565">
        <ele>231</ele>
      </trkpt>
      <trkpt lat="41.9668" lon="2.86572">
        <ele>246</ele>
      </trkpt>
      <trkpt lat="41.96687" lon="2.86578">
        <ele>248</ele>
      </trkpt>
      <trkpt lat="41.96693" lon="2.86612">
        <ele>253</ele>
      </trkpt>
      <trkpt lat="41.96705" lon="2.86634">
        <ele>253</ele>
      </trkpt>
      <trkpt lat="41.96782" lon="2.86648">
        <ele>255</ele>
      </trkpt>
      <trkpt lat="41.96827" lon="2.8667">
        <ele>265</ele>
      </trkpt>
      <trkpt lat="41.96859" lon="2.86702">
        <ele>271</ele>
      </trkpt>
      <trkpt lat="41.9691" lon="2.86738">
        <ele>274</ele>
      </trkpt>
      <trkpt lat="41.96931" lon="2.86759">
        <ele>276</ele>
      </trkpt>
      <trkpt lat="41.96943" lon="2.86782">
        <ele>279</ele>
      </trkpt>
      <trkpt lat="41.96971" lon="2.86867">
        <ele>290</ele>
      </trkpt>
      <trkpt lat="41.9699" lon="2.86912">
        <ele>287</ele>
      </trkpt>
      <trkpt lat="41.97001" lon="2.86927">
        <ele>286</ele>
      </trkpt>
      <trkpt lat="41.97024" lon="2.86943">
        <ele>285</ele>
      </trkpt>
      <trkpt lat="41.97158" lon="2.86938">
        <ele>297</ele>
      </trkpt>
      <trkpt lat="41.97167" lon="2.86933">
        <ele>298</ele>
      </trkpt>
      <trkpt lat="41.9719" lon="2.86889">
        <ele>300</ele>
      </trkpt>
      <trkpt lat="41.97209" lon="2.86867">
        <ele>299</ele>
      </trkpt>
      <trkpt lat="41.97224" lon="2.86857">
        <ele>299</ele>
      </trkpt>
      <trkpt lat="41.97266" lon="2.86842">
        <ele>297</ele>
      </trkpt>
      <trkpt lat="41.97295" lon="2.86811">
        <ele>297</ele>
      </trkpt>
      <trkpt lat="41.97316" lon="2.8678">
        <ele>297</ele>
      </trkpt>
      <trkpt lat="41.97326" lon="2.86772">
        <ele>297</ele>
      </trkpt>
      <trkpt lat="41.97359" lon="2.86761">
        <ele>294</ele>
      </trkpt>
      <trkpt lat="41.9739" lon="2.86769">
        <ele>291</ele>
      </trkpt>
      <trkpt lat="41.97443" lon="2.86814">
        <ele>288</ele>
      </trkpt>
      <trkpt lat="41.97473" lon="2.8682">
        <ele>291</ele>
      </trkpt>
      <trkpt lat="41.9755" lon="2.86801">
        <ele>294</ele>
      </trkpt>
      <trkpt lat="41.9763" lon="2.86772">
        <ele>293</ele>
      </trkpt>
      <trkpt lat="41.9768" lon="2.8677">
        <ele>293</ele>
      </trkpt>
      <trkpt lat="41.97731" lon="2.86757">
        <ele>294</ele>
      </trkpt>
      <trkpt lat="41.97774" lon="2.86781">
        <ele>295</ele>
      </trkpt>
      <trkpt lat="41.97788" lon="2.86781">
        <ele>297</ele>
      </trkpt>
      <trkpt lat="41.97851" lon="2.86763">
        <ele>304</ele>
      </trkpt>
      <trkpt lat="41.97864" lon="2.86772">
        <ele>304</ele>
      </trkpt>
      <trkpt lat="41.97881" lon="2.86823">
        <ele>301</ele>
      </trkpt>
      <trkpt lat="41.97889" lon="2.86832">
        <ele>300</ele>
      </trkpt>
      <trkpt lat="41.97909" lon="2.86833">
        <ele>299</ele>
      </trkpt>
      <trkpt lat="41.9793" lon="2.86818">
        <ele>300</ele>
      </trkpt>
      <trkpt lat="41.97952" lon="2.86815">
        <ele>303</ele>
      </trkpt>
      <trkpt lat="41.97985" lon="2.86836">
        <ele>307</ele>
      </trkpt>
      <trkpt lat="41.97996" lon="2.8685">
        <ele>309</ele>
      </trkpt>
      <trkpt lat="41.9801" lon="2.86882">
        <ele>309</ele>
      </trkpt>
      <trkpt lat="41.9802" lon="2.86894">
        <ele>310</ele>
      </trkpt>
      <trkpt lat="41.98031" lon="2.86898">
        <ele>310</ele>
      </trkpt>
      <trkpt lat="41.9805" lon="2.86897">
        <ele>311</ele>
      </trkpt>
      <trkpt lat="41.98059" lon="2.8689">
        <ele>311</ele>
      </trkpt>
      <trkpt lat="41.98081" lon="2.86836">
        <ele>314</ele>
      </trkpt>
      <trkpt lat="41.98103" lon="2.86816">
        <ele>316</ele>
      </trkpt>
      <trkpt lat="41.98128" lon="2.86828">
        <ele>317</ele>
      </trkpt>
      <trkpt lat="41.98136" lon="2.86844">
        <ele>316</ele>
      </trkpt>
      <trkpt lat="41.98153" lon="2.86906">
        <ele>310</ele>
      </trkpt>
      <trkpt lat="41.98168" lon="2.86928">
        <ele>308</ele>
      </trkpt>
      <trkpt lat="41.98188" lon="2.8693">
        <ele>308</ele>
      </trkpt>
      <trkpt lat="41.98206" lon="2.86925">
        <ele>308</ele>
      </trkpt>
      <trkpt lat="41.98248" lon="2.86892">
        <ele>309</ele>
      </trkpt>
      <trkpt lat="41.98267" lon="2.86894">
        <ele>309</ele>
      </trkpt>
      <trkpt lat="41.98273" lon="2.86905">
        <ele>308</ele>
      </trkpt>
      <trkpt lat="41.98274" lon="2.8695">
        <ele>306</ele>
      </trkpt>
      <trkpt lat="41.98279" lon="2.86979">
        <ele>304</ele>
      </trkpt>
      <trkpt lat="41.98257" lon="2.87026">
        <ele>304</ele>
      </trkpt>
      <trkpt lat="41.98248" lon="2.87084">
        <ele>305</ele>
      </trkpt>
      <trkpt lat="41.98239" lon="2.87099">
        <ele>305</ele>
      </trkpt>
      <trkpt lat="41.98189" lon="2.87135">
        <ele>305</ele>
      </trkpt>
      <trkpt lat="41.98159" lon="2.87163">
        <ele>305</ele>
      </trkpt>
      <trkpt lat="41.98145" lon="2.87195">
        <ele>306</ele>
      </trkpt>
      <trkpt lat="41.98148" lon="2.87261">
        <ele>308</ele>
      </trkpt>
      <trkpt lat="41.98136" lon="2.87273">
        <ele>308</ele>
      </trkpt>
      <trkpt lat="41.98106" lon="2.8728">
        <ele>306</ele>
      </trkpt>
      <trkpt lat="41.98093" lon="2.87296">
        <ele>305</ele>
      </trkpt>
      <trkpt lat="41.98087" lon="2.87346">
        <ele>302</ele>
      </trkpt>
      <trkpt lat="41.98059" lon="2.87377">
        <ele>299</ele>
      </trkpt>
      <trkpt lat="41.98055" lon="2.87387">
        <ele>298</ele>
      </trkpt>
      <trkpt lat="41.98053" lon="2.87401">
        <ele>297</ele>
      </trkpt>
      <trkpt lat="41.98067" lon="2.8743">
        <ele>295</ele>
      </trkpt>
      <trkpt lat="41.98067" lon="2.87442">
        <ele>295</ele>
      </trkpt>
      <trkpt lat="41.9805" lon="2.87469">
        <ele>296</ele>
      </trkpt>
      <trkpt lat="41.98048" lon="2.8751">
        <ele>298</ele>
      </trkpt>
      <trkpt lat="41.98042" lon="2.87522">
        <ele>299</ele>
      </trkpt>
      <trkpt lat="41.98012" lon="2.87548">
        <ele>298</ele>
      </trkpt>
      <trkpt lat="41.97975" lon="2.87545">
        <ele>292</ele>
      </trkpt>
      <trkpt lat="41.97962" lon="2.8755">
        <ele>289</ele>
      </trkpt>
      <trkpt lat="41.97954" lon="2.8756">
        <ele>288</ele>
      </trkpt>
      <trkpt lat="41.9795" lon="2.87579">
        <ele>286</ele>
      </trkpt>
      <trkpt lat="41.97951" lon="2.87598">
        <ele>286</ele>
      </trkpt>
      <trkpt lat="41.97961" lon="2.87655">
        <ele>288</ele>
      </trkpt>
      <trkpt lat="41.97983" lon="2.87692">
        <ele>289</ele>
      </trkpt>
      <trkpt lat="41.98038" lon="2.87728">
        <ele>287</ele>
      </trkpt>
      <trkpt lat="41.98048" lon="2.8774">
        <ele>286</ele>
      </trkpt>
      <trkpt lat="41.98051" lon="2.87757">
        <ele>286</ele>
      </trkpt>
      <trkpt lat="41.98045" lon="2.87794">
        <ele>288</ele>
      </trkpt>
      <trkpt lat="41.9805" lon="2.87823">
        <ele>290</ele>
      </trkpt>
      <trkpt lat="41.98077" lon="2.8789">
        <ele>293</ele>
      </trkpt>
      <trkpt lat="41.98083" lon="2.87948">
        <ele>292</ele>
      </trkpt>
      <trkpt lat="41.98114" lon="2.88019">
        <ele>295</ele>
      </trkpt>
      <trkpt lat="41.98184" lon="2.88085">
        <ele>304</ele>
      </trkpt>
      <trkpt lat="41.98206" lon="2.88115">
        <ele>306</ele>
      </trkpt>
      <trkpt lat="41.98222" lon="2.88129">
        <ele>307</ele>
      </trkpt>
      <trkpt lat="41.98245" lon="2.88168">
        <ele>309</ele>
      </trkpt>
      <trkpt lat="41.98247" lon="2.88197">
        <ele>311</ele>
      </trkpt>
      <trkpt lat="41.98237" lon="2.883">
        <ele>316</ele>
      </trkpt>
      <trkpt lat="41.98221" lon="2.88311">
        <ele>317</ele>
      </trkpt>
      <trkpt lat="41.98213" lon="2.88306">
        <ele>317</ele>
      </trkpt>
      <trkpt lat="41.98178" lon="2.88237">
        <ele>319</ele>
      </trkpt>
      <trkpt lat="41.98169" lon="2.88227">
        <ele>320</ele>
      </trkpt>
      <trkpt lat="41.9816" lon="2.88225">
        <ele>320</ele>
      </trkpt>
      <trkpt lat="41.98143" lon="2.8823">
        <ele>320</ele>
      </trkpt>
      <trkpt lat="41.981" lon="2.8827">
        <ele>325</ele>
      </trkpt>
      <trkpt lat="41.98087" lon="2.88274">
        <ele>326</ele>
      </trkpt>
      <trkpt lat="41.98057" lon="2.8827">
        <ele>330</ele>
      </trkpt>
      <trkpt lat="41.9805" lon="2.88287">
        <ele>330</ele>
      </trkpt>
      <trkpt lat="41.98061" lon="2.8834">
        <ele>329</ele>
      </trkpt>
      <trkpt lat="41.98065" lon="2.88382">
        <ele>329</ele>
      </trkpt>
      <trkpt lat="41.98068" lon="2.88393">
        <ele>329</ele>
      </trkpt>
      <trkpt lat="41.98122" lon="2.88457">
        <ele>341</ele>
      </trkpt>
      <trkpt lat="41.98159" lon="2.88524">
        <ele>340</ele>
      </trkpt>
      <trkpt lat="41.98174" lon="2.88564">
        <ele>336</ele>
      </trkpt>
      <trkpt lat="41.98192" lon="2.88633">
        <ele>335</ele>
      </trkpt>
      <trkpt lat="41.98204" lon="2.88661">
        <ele>335</ele>
      </trkpt>
      <trkpt lat="41.98253" lon="2.88727">
        <ele>327</ele>
      </trkpt>
      <trkpt lat="41.98294" lon="2.88765">
        <ele>319</ele>
      </trkpt>
      <trkpt lat="41.98302" lon="2.88783">
        <ele>324</ele>
      </trkpt>
      <trkpt lat="41.98304" lon="2.88815">
        <ele>331</ele>
      </trkpt>
      <trkpt lat="41.98254" lon="2.88914">
        <ele>349</ele>
      </trkpt>
      <trkpt lat="41.98247" lon="2.88954">
        <ele>351</ele>
      </trkpt>
      <trkpt lat="41.98249" lon="2.88972">
        <ele>351</ele>
      </trkpt>
      <trkpt lat="41.98274" lon="2.89001">
        <ele>344</ele>
      </trkpt>
      <trkpt lat="41.9828" lon="2.89016">
        <ele>341</ele>
      </trkpt>
      <trkpt lat="41.98282" lon="2.89041">
        <ele>336</ele>
      </trkpt>
      <trkpt lat="41.98292" lon="2.89064">
        <ele>332</ele>
      </trkpt>
      <trkpt lat="41.98327" lon="2.89117">
        <ele>332</ele>
      </trkpt>
      <trkpt lat="41.98354" lon="2.89207">
        <ele>335</ele>
      </trkpt>
      <trkpt lat="41.98407" lon="2.89289">
        <ele>336</ele>
      </trkpt>
      <trkpt lat="41.9843" lon="2.89371">
        <ele>340</ele>
      </trkpt>
      <trkpt lat="41.98441" lon="2.89393">
        <ele>345</ele>
      </trkpt>
      <trkpt lat="41.98444" lon="2.89448">
        <ele>359</ele>
      </trkpt>
      <trkpt lat="41.98455" lon="2.89481">
        <ele>368</ele>
      </trkpt>
      <trkpt lat="41.98495" lon="2.89526">
        <ele>373</ele>
      </trkpt>
      <trkpt lat="41.98502" lon="2.89554">
        <ele>374</ele>
      </trkpt>
      <trkpt lat="41.98495" lon="2.89562">
        <ele>375</ele>
      </trkpt>
      <trkpt lat="41.98433" lon="2.89584">
        <ele>369</ele>
      </trkpt>
      <trkpt lat="41.98419" lon="2.89595">
        <ele>367</ele>
      </trkpt>
      <trkpt lat="41.98406" lon="2.8962">
        <ele>364</ele>
      </trkpt>
      <trkpt lat="41.98397" lon="2.89621">
        <ele>363</ele>
      </trkpt>
      <trkpt lat="41.98353" lon="2.89598">
        <ele>361</ele>
      </trkpt>
      <trkpt lat="41.98317" lon="2.89533">
        <ele>360</ele>
      </trkpt>
      <trkpt lat="41.98284" lon="2.89511">
        <ele>361</ele>
      </trkpt>
      <trkpt lat="41.98269" lon="2.89495">
        <ele>361</ele>
      </trkpt>
      <trkpt lat="41.98251" lon="2.89465">
        <ele>362</ele>
      </trkpt>
      <trkpt lat="41.98235" lon="2.89457">
        <ele>363</ele>
      </trkpt>
      <trkpt lat="41.98226" lon="2.89461">
        <ele>364</ele>
      </trkpt>
      <trkpt lat="41.98201" lon="2.89512">
        <ele>366</ele>
      </trkpt>
      <trkpt lat="41.98208" lon="2.89548">
        <ele>372</ele>
      </trkpt>
      <trkpt lat="41.98223" lon="2.89587">
        <ele>380</ele>
      </trkpt>
      <trkpt lat="41.98231" lon="2.896">
        <ele>383</ele>
      </trkpt>
      <trkpt lat="41.98262" lon="2.89606">
        <ele>387</ele>
      </trkpt>
      <trkpt lat="41.98272" lon="2.89614">
        <ele>387</ele>
      </trkpt>
      <trkpt lat="41.9828" lon="2.89632">
        <ele>387</ele>
      </trkpt>
      <trkpt lat="41.98361" lon="2.89756">
        <ele>381</ele>
      </trkpt>
      <trkpt lat="41.98365" lon="2.89772">
        <ele>381</ele>
      </trkpt>
      <trkpt lat="41.98363" lon="2.89788">
        <ele>382</ele>
      </trkpt>
      <trkpt lat="41.98333" lon="2.89824">
        <ele>388</ele>
      </trkpt>
      <trkpt lat="41.98326" lon="2.89851">
        <ele>391</ele>
      </trkpt>
      <trkpt lat="41.98325" lon="2.89882">
        <ele>393</ele>
      </trkpt>
      <trkpt lat="41.98338" lon="2.89918">
        <ele>391</ele>
      </trkpt>
      <trkpt lat="41.98337" lon="2.89942">
        <ele>390</ele>
      </trkpt>
      <trkpt lat="41.98327" lon="2.89956">
        <ele>389</ele>
      </trkpt>
      <trkpt lat="41.98317" lon="2.89959">
        <ele>388</ele>
      </trkpt>
      <trkpt lat="41.9828" lon="2.89941">
        <ele>393</ele>
      </trkpt>
      <trkpt lat="41.98253" lon="2.89945">
        <ele>399</ele>
      </trkpt>
      <trkpt lat="41.98237" lon="2.89975">
        <ele>404</ele>
      </trkpt>
      <trkpt lat="41.98223" lon="2.89983">
        <ele>406</ele>
      </trkpt>
      <trkpt lat="41.9821" lon="2.90005">
        <ele>406</ele>
      </trkpt>
      <trkpt lat="41.98223" lon="2.90074">
        <ele>407</ele>
      </trkpt>
      <trkpt lat="41.98217" lon="2.9009">
        <ele>408</ele>
      </trkpt>
      <trkpt lat="41.98187" lon="2.90101">
        <ele>412</ele>
      </trkpt>
      <trkpt lat="41.98174" lon="2.90112">
        <ele>414</ele>
      </trkpt>
      <trkpt lat="41.98164" lon="2.90134">
        <ele>416</ele>
      </trkpt>
      <trkpt lat="41.98143" lon="2.90149">
        <ele>419</ele>
      </trkpt>
      <trkpt lat="41.98099" lon="2.90144">
        <ele>419</ele>
      </trkpt>
      <trkpt lat="41.98084" lon="2.90151">
        <ele>419</ele>
      </trkpt>
      <trkpt lat="41.98078" lon="2.90192">
        <ele>419</ele>
      </trkpt>
      <trkpt lat="41.98083" lon="2.90226">
        <ele>419</ele>
      </trkpt>
      <trkpt lat="41.9808" lon="2.90274">
        <ele>419</ele>
      </trkpt>
      <trkpt lat="41.98088" lon="2.90295">
        <ele>419</ele>
      </trkpt>
      <trkpt lat="41.9813" lon="2.90337">
        <ele>428</ele>
      </trkpt>
      <trkpt lat="41.98145" lon="2.90362">
        <ele>433</ele>
      </trkpt>
      <trkpt lat="41.98148" lon="2.90374">
        <ele>435</ele>
      </trkpt>
      <trkpt lat="41.98143" lon="2.90405">
        <ele>437</ele>
      </trkpt>
      <trkpt lat="41.98145" lon="2.9042">
        <ele>438</ele>
      </trkpt>
      <trkpt lat="41.98169" lon="2.90477">
        <ele>441</ele>
      </trkpt>
      <trkpt lat="41.98198" lon="2.90522">
        <ele>440</ele>
      </trkpt>
      <trkpt lat="41.98205" lon="2.90559">
        <ele>438</ele>
      </trkpt>
      <trkpt lat="41.98229" lon="2.90613">
        <ele>441</ele>
      </trkpt>
      <trkpt lat="41.98236" lon="2.9066">
        <ele>451</ele>
      </trkpt>
      <trkpt lat="41.98265" lon="2.90752">
        <ele>460</ele>
      </trkpt>
      <trkpt lat="41.98267" lon="2.90767">
        <ele>460</ele>
      </trkpt>
      <trkpt lat="41.98251" lon="2.90822">
        <ele>459</ele>
      </trkpt>
      <trkpt lat="41.98268" lon="2.90983">
        <ele>466</ele>
      </trkpt>
      <trkpt lat="41.98266" lon="2.90997">
        <ele>466</ele>
      </trkpt>
      <trkpt lat="41.98254" lon="2.91008">
        <ele>467</ele>
      </trkpt>
      <trkpt lat="41.98252" lon="2.91018">
        <ele>467</ele>
      </trkpt>
      <trkpt lat="41.98255" lon="2.91026">
        <ele>467</ele>
      </trkpt>
      <trkpt lat="41.9827" lon="2.91037">
        <ele>467</ele>
      </trkpt>
      <trkpt lat="41.98301" lon="2.91045">
        <ele>469</ele>
      </trkpt>
      <trkpt lat="41.984" lon="2.91042">
        <ele>467</ele>
      </trkpt>
      <trkpt lat="41.98411" lon="2.91047">
        <ele>465</ele>
      </trkpt>
      <trkpt lat="41.98465" lon="2.91098">
        <ele>457</ele>
      </trkpt>
      <trkpt lat="41.98538" lon="2.91147">
        <ele>447</ele>
      </trkpt>
      <trkpt lat="41.9855" lon="2.91176">
        <ele>443</ele>
      </trkpt>
      <trkpt lat="41.98537" lon="2.91254">
        <ele>437</ele>
      </trkpt>
      <trkpt lat="41.98542" lon="2.91294">
        <ele>439</ele>
      </trkpt>
      <trkpt lat="41.98541" lon="2.91317">
        <ele>439</ele>
      </trkpt>
      <trkpt lat="41.9852" lon="2.91414">
        <ele>440</ele>
      </trkpt>
      <trkpt lat="41.98507" lon="2.91532">
        <ele>434</ele>
      </trkpt>
      <trkpt lat="41.98488" lon="2.91605">
        <ele>427</ele>
      </trkpt>
      <trkpt lat="41.98475" lon="2.91622">
        <ele>425</ele>
      </trkpt>
      <trkpt lat="41.98462" lon="2.91653">
        <ele>421</ele>
      </trkpt>
      <trkpt lat="41.98466" lon="2.91693">
        <ele>417</ele>
      </trkpt>
      <trkpt lat="41.98493" lon="2.91841">
        <ele>421</ele>
      </trkpt>
      <trkpt lat="41.98495" lon="2.91872">
        <ele>421</ele>
      </trkpt>
      <trkpt lat="41.98492" lon="2.91908">
        <ele>421</ele>
      </trkpt>
      <trkpt lat="41.98452" lon="2.92016">
        <ele>440</ele>
      </trkpt>
      <trkpt lat="41.98447" lon="2.92044">
        <ele>444</ele>
      </trkpt>
      <trkpt lat="41.98452" lon="2.92074">
        <ele>441</ele>
      </trkpt>
      <trkpt lat="41.98471" lon="2.9213">
        <ele>436</ele>
      </trkpt>
      <trkpt lat="41.98471" lon="2.92144">
        <ele>434</ele>
      </trkpt>
      <trkpt lat="41.98461" lon="2.92165">
        <ele>432</ele>
      </trkpt>
      <trkpt lat="41.9842" lon="2.92193">
        <ele>424</ele>
      </trkpt>
      <trkpt lat="41.9841" lon="2.92208">
        <ele>422</ele>
      </trkpt>
      <trkpt lat="41.98408" lon="2.92225">
        <ele>420</ele>
      </trkpt>
      <trkpt lat="41.98413" lon="2.92266">
        <ele>417</ele>
      </trkpt>
      <trkpt lat="41.98408" lon="2.92287">
        <ele>416</ele>
      </trkpt>
      <trkpt lat="41.9839" lon="2.92303">
        <ele>414</ele>
      </trkpt>
      <trkpt lat="41.98352" lon="2.92305">
        <ele>412</ele>
      </trkpt>
      <trkpt lat="41.98328" lon="2.92312">
        <ele>412</ele>
      </trkpt>
      <trkpt lat="41.98316" lon="2.92322">
        <ele>411</ele>
      </trkpt>
      <trkpt lat="41.98307" lon="2.92334">
        <ele>411</ele>
      </trkpt>
      <trkpt lat="41.98294" lon="2.92374">
        <ele>409</ele>
      </trkpt>
      <trkpt lat="41.98284" lon="2.92389">
        <ele>407</ele>
      </trkpt>
      <trkpt lat="41.98246" lon="2.92425">
        <ele>400</ele>
      </trkpt>
      <trkpt lat="41.98228" lon="2.92472">
        <ele>399</ele>
      </trkpt>
      <trkpt lat="41.98197" lon="2.92501">
        <ele>401</ele>
      </trkpt>
      <trkpt lat="41.98194" lon="2.92526">
        <ele>403</ele>
      </trkpt>
      <trkpt lat="41.98197" lon="2.92541">
        <ele>403</ele>
      </trkpt>
      <trkpt lat="41.98215" lon="2.92572">
        <ele>399</ele>
      </trkpt>
      <trkpt lat="41.98224" lon="2.92625">
        <ele>393</ele>
      </trkpt>
      <trkpt lat="41.98235" lon="2.92652">
        <ele>389</ele>
      </trkpt>
      <trkpt lat="41.98275" lon="2.92691">
        <ele>386</ele>
      </trkpt>
      <trkpt lat="41.98288" lon="2.9271">
        <ele>384</ele>
      </trkpt>
      <trkpt lat="41.98346" lon="2.92752">
        <ele>368</ele>
      </trkpt>
      <trkpt lat="41.98372" lon="2.9279">
        <ele>356</ele>
      </trkpt>
      <trkpt lat="41.98382" lon="2.92797">
        <ele>354</ele>
      </trkpt>
      <trkpt lat="41.98416" lon="2.92802">
        <ele>349</ele>
      </trkpt>
      <trkpt lat="41.98431" lon="2.92811">
        <ele>346</ele>
      </trkpt>
      <trkpt lat="41.98472" lon="2.9287">
        <ele>347</ele>
      </trkpt>
      <trkpt lat="41.98485" lon="2.92896">
        <ele>352</ele>
      </trkpt>
      <trkpt lat="41.98495" lon="2.92938">
        <ele>359</ele>
      </trkpt>
      <trkpt lat="41.98522" lon="2.93015">
        <ele>340</ele>
      </trkpt>
      <trkpt lat="41.98533" lon="2.93026">
        <ele>335</ele>
      </trkpt>
      <trkpt lat="41.98571" lon="2.93042">
        <ele>329</ele>
      </trkpt>
      <trkpt lat="41.98585" lon="2.93061">
        <ele>331</ele>
      </trkpt>
      <trkpt lat="41.98588" lon="2.93077">
        <ele>332</ele>
      </trkpt>
      <trkpt lat="41.98582" lon="2.93101">
        <ele>334</ele>
      </trkpt>
      <trkpt lat="41.9857" lon="2.9312">
        <ele>335</ele>
      </trkpt>
      <trkpt lat="41.98502" lon="2.9314">
        <ele>338</ele>
      </trkpt>
      <trkpt lat="41.98492" lon="2.93149">
        <ele>338</ele>
      </trkpt>
      <trkpt lat="41.98488" lon="2.93162">
        <ele>338</ele>
      </trkpt>
      <trkpt lat="41.98489" lon="2.93182">
        <ele>338</ele>
      </trkpt>
      <trkpt lat="41.98531" lon="2.93243">
        <ele>337</ele>
      </trkpt>
      <trkpt lat="41.98534" lon="2.93256">
        <ele>337</ele>
      </trkpt>
      <trkpt lat="41.98536" lon="2.93285">
        <ele>329</ele>
      </trkpt>
      <trkpt lat="41.98525" lon="2.93337">
        <ele>314</ele>
      </trkpt>
      <trkpt lat="41.9851" lon="2.93375">
        <ele>304</ele>
      </trkpt>
      <trkpt lat="41.98498" lon="2.9339">
        <ele>304</ele>
      </trkpt>
      <trkpt lat="41.98459" lon="2.93432">
        <ele>304</ele>
      </trkpt>
      <trkpt lat="41.98427" lon="2.93454">
        <ele>302</ele>
      </trkpt>
      <trkpt lat="41.98413" lon="2.93449">
        <ele>299</ele>
      </trkpt>
      <trkpt lat="41.98405" lon="2.93438">
        <ele>297</ele>
      </trkpt>
      <trkpt lat="41.98397" lon="2.93401">
        <ele>291</ele>
      </trkpt>
      <trkpt lat="41.98389" lon="2.93382">
        <ele>288</ele>
      </trkpt>
      <trkpt lat="41.98355" lon="2.93341">
        <ele>296</ele>
      </trkpt>
      <trkpt lat="41.98334" lon="2.93283">
        <ele>305</ele>
      </trkpt>
      <trkpt lat="41.98327" lon="2.93273">
        <ele>304</ele>
      </trkpt>
      <trkpt lat="41.98276" lon="2.93246">
        <ele>297</ele>
      </trkpt>
      <trkpt lat="41.98267" lon="2.93233">
        <ele>295</ele>
      </trkpt>
      <trkpt lat="41.98244" lon="2.93172">
        <ele>286</ele>
      </trkpt>
      <trkpt lat="41.98231" lon="2.93167">
        <ele>284</ele>
      </trkpt>
      <trkpt lat="41.98212" lon="2.93178">
        <ele>280</ele>
      </trkpt>
      <trkpt lat="41.98176" lon="2.93241">
        <ele>270</ele>
      </trkpt>
      <trkpt lat="41.9817" lon="2.93302">
        <ele>263</ele>
      </trkpt>
      <trkpt lat="41.98176" lon="2.93438">
        <ele>259</ele>
      </trkpt>
      <trkpt lat="41.98181" lon="2.93475">
        <ele>259</ele>
      </trkpt>
      <trkpt lat="41.98209" lon="2.93558">
        <ele>258</ele>
      </trkpt>
      <trkpt lat="41.98212" lon="2.93582">
        <ele>256</ele>
      </trkpt>
      <trkpt lat="41.98207" lon="2.93605">
        <ele>253</ele>
      </trkpt>
      <trkpt lat="41.98184" lon="2.93657">
        <ele>247</ele>
      </trkpt>
      <trkpt lat="41.98178" lon="2.93687">
        <ele>245</ele>
      </trkpt>
      <trkpt lat="41.98176" lon="2.93788">
        <ele>237</ele>
      </trkpt>
      <trkpt lat="41.9818" lon="2.93828">
        <ele>236</ele>
      </trkpt>
      <trkpt lat="41.98198" lon="2.93899">
        <ele>233</ele>
      </trkpt>
      <trkpt lat="41.98196" lon="2.9392">
        <ele>231</ele>
      </trkpt>
      <trkpt lat="41.98184" lon="2.93951">
        <ele>228</ele>
      </trkpt>
      <trkpt lat="41.98147" lon="2.93985">
        <ele>225</ele>
      </trkpt>
      <trkpt lat="41.98145" lon="2.93997">
        <ele>225</ele>
      </trkpt>
      <trkpt lat="41.98148" lon="2.94015">
        <ele>225</ele>
      </trkpt>
      <trkpt lat="41.98158" lon="2.94031">
        <ele>225</ele>
      </trkpt>
      <trkpt lat="41.98177" lon="2.94042">
        <ele>225</ele>
      </trkpt>
      <trkpt lat="41.98247" lon="2.94063">
        <ele>212</ele>
      </trkpt>
      <trkpt lat="41.98309" lon="2.94099">
        <ele>202</ele>
      </trkpt>
      <trkpt lat="41.98318" lon="2.9411">
        <ele>203</ele>
      </trkpt>
      <trkpt lat="41.9833" lon="2.94142">
        <ele>204</ele>
      </trkpt>
      <trkpt lat="41.98327" lon="2.94174">
        <ele>204</ele>
      </trkpt>
      <trkpt lat="41.98317" lon="2.94207">
        <ele>204</ele>
      </trkpt>
      <trkpt lat="41.98274" lon="2.94268">
        <ele>202</ele>
      </trkpt>
      <trkpt lat="41.98274" lon="2.94325">
        <ele>198</ele>
      </trkpt>
      <trkpt lat="41.98248" lon="2.94479">
        <ele>191</ele>
      </trkpt>
      <trkpt lat="41.98251" lon="2.94492">
        <ele>191</ele>
      </trkpt>
      <trkpt lat="41.98281" lon="2.94523">
        <ele>186</ele>
      </trkpt>
      <trkpt lat="41.98313" lon="2.94548">
        <ele>179</ele>
      </trkpt>
      <trkpt lat="41.98334" lon="2.94571">
        <ele>175</ele>
      </trkpt>
      <trkpt lat="41.98342" lon="2.94589">
        <ele>175</ele>
      </trkpt>
      <trkpt lat="41.98345" lon="2.94625">
        <ele>173</ele>
      </trkpt>
      <trkpt lat="41.9834" lon="2.94685">
        <ele>171</ele>
      </trkpt>
      <trkpt lat="41.98341" lon="2.94704">
        <ele>170</ele>
      </trkpt>
      <trkpt lat="41.98349" lon="2.94734">
        <ele>167</ele>
      </trkpt>
      <trkpt lat="41.98385" lon="2.94762">
        <ele>162</ele>
      </trkpt>
      <trkpt lat="41.98521" lon="2.94849">
        <ele>156</ele>
      </trkpt>
      <trkpt lat="41.9861" lon="2.94936">
        <ele>149</ele>
      </trkpt>
      <trkpt lat="41.98671" lon="2.94958">
        <ele>145</ele>
      </trkpt>
      <trkpt lat="41.98704" lon="2.94977">
        <ele>144</ele>
      </trkpt>
      <trkpt lat="41.98717" lon="2.9499">
        <ele>143</ele>
      </trkpt>
      <trkpt lat="41.9873" lon="2.95024">
        <ele>143</ele>
      </trkpt>
      <trkpt lat="41.98737" lon="2.95069">
        <ele>143</ele>
      </trkpt>
      <trkpt lat="41.98745" lon="2.9518">
        <ele>149</ele>
      </trkpt>
      <trkpt lat="41.98755" lon="2.95235">
        <ele>151</ele>
      </trkpt>
      <trkpt lat="41.9881" lon="2.95332">
        <ele>149</ele>
      </trkpt>
      <trkpt lat="41.98884" lon="2.95414">
        <ele>154</ele>
      </trkpt>
      <trkpt lat="41.9886" lon="2.95433">
        <ele>155</ele>
      </trkpt>
      <trkpt lat="41.9886" lon="2.95433">
        <ele>155</ele>
      </trkpt>
      <trkpt lat="41.98842" lon="2.95459">
        <ele>156</ele>
      </trkpt>
      <trkpt lat="41.98788" lon="2.95606">
        <ele>161</ele>
      </trkpt>
      <trkpt lat="41.98758" lon="2.95666">
        <ele>158</ele>
      </trkpt>
      <trkpt lat="41.98724" lon="2.95785">
        <ele>153</ele>
      </trkpt>
      <trkpt lat="41.98723" lon="2.95829">
        <ele>152</ele>
      </trkpt>
      <trkpt lat="41.98733" lon="2.9591">
        <ele>150</ele>
      </trkpt>
      <trkpt lat="41.98724" lon="2.95948">
        <ele>147</ele>
      </trkpt>
      <trkpt lat="41.9868" lon="2.96055">
        <ele>141</ele>
      </trkpt>
      <trkpt lat="41.9865" lon="2.9611">
        <ele>141</ele>
      </trkpt>
      <trkpt lat="41.98575" lon="2.96213">
        <ele>152</ele>
      </trkpt>
      <trkpt lat="41.9854" lon="2.9625">
        <ele>152</ele>
      </trkpt>
      <trkpt lat="41.9851" lon="2.96296">
        <ele>152</ele>
      </trkpt>
      <trkpt lat="41.98469" lon="2.964">
        <ele>154</ele>
      </trkpt>
      <trkpt lat="41.98319" lon="2.97019">
        <ele>133</ele>
      </trkpt>
      <trkpt lat="41.9832" lon="2.97055">
        <ele>134</ele>
      </trkpt>
      <trkpt lat="41.98348" lon="2.9715">
        <ele>136</ele>
      </trkpt>
      <trkpt lat="41.98362" lon="2.97184">
        <ele>137</ele>
      </trkpt>
      <trkpt lat="41.98411" lon="2.97494">
        <ele>127</ele>
      </trkpt>
      <trkpt lat="41.98431" lon="2.977">
        <ele>125</ele>
      </trkpt>
      <trkpt lat="41.98454" lon="2.97783">
        <ele>119</ele>
      </trkpt>
      <trkpt lat="41.98456" lon="2.97803">
        <ele>117</ele>
      </trkpt>
      <trkpt lat="41.98435" lon="2.97952">
        <ele>104</ele>
      </trkpt>
      <trkpt lat="41.98432" lon="2.98003">
        <ele>102</ele>
      </trkpt>
      <trkpt lat="41.98396" lon="2.98173">
        <ele>101</ele>
      </trkpt>
      <trkpt lat="41.98384" lon="2.98193">
        <ele>101</ele>
      </trkpt>
      <trkpt lat="41.98346" lon="2.98229">
        <ele>101</ele>
      </trkpt>
      <trkpt lat="41.98295" lon="2.98266">
        <ele>99</ele>
      </trkpt>
      <trkpt lat="41.98231" lon="2.98332">
        <ele>95</ele>
      </trkpt>
      <trkpt lat="41.98181" lon="2.98404">
        <ele>88</ele>
      </trkpt>
      <trkpt lat="41.97954" lon="2.98763">
        <ele>68</ele>
      </trkpt>
      <trkpt lat="41.9794" lon="2.98791">
        <ele>67</ele>
      </trkpt>
      <trkpt lat="41.97936" lon="2.98839">
        <ele>67</ele>
      </trkpt>
      <trkpt lat="41.97931" lon="2.98855">
        <ele>66</ele>
      </trkpt>
      <trkpt lat="41.97807" lon="2.98981">
        <ele>63</ele>
      </trkpt>
      <trkpt lat="41.97776" lon="2.99031">
        <ele>65</ele>
      </trkpt>
      <trkpt lat="41.97751" lon="2.99122">
        <ele>69</ele>
      </trkpt>
      <trkpt lat="41.97733" lon="2.9916">
        <ele>71</ele>
      </trkpt>
      <trkpt lat="41.97704" lon="2.99195">
        <ele>72</ele>
      </trkpt>
      <trkpt lat="41.97664" lon="2.99232">
        <ele>69</ele>
      </trkpt>
      <trkpt lat="41.97654" lon="2.99248">
        <ele>68</ele>
      </trkpt>
      <trkpt lat="41.976278" lon="2.993198">
        <ele>70.4</ele>
      </trkpt>
      <trkpt lat="41.97624" lon="2.99318">
        <ele>70.1</ele>
      </trkpt>
      <trkpt lat="41.97621" lon="2.99326">
        <ele>69.8</ele>
      </trkpt>
      <trkpt lat="41.97617" lon="2.99339">
        <ele>69.1</ele>
      </trkpt>
      <trkpt lat="41.97605" lon="2.99373">
        <ele>66.5</ele>
      </trkpt>
      <trkpt lat="41.97597" lon="2.99397">
        <ele>64.8</ele>
      </trkpt>
      <trkpt lat="41.97594" lon="2.99408">
        <ele>64.1</ele>
      </trkpt>
      <trkpt lat="41.97589" lon="2.99422">
        <ele>63.1</ele>
      </trkpt>
      <trkpt lat="41.97584" lon="2.99437">
        <ele>62.1</ele>
      </trkpt>
      <trkpt lat="41.97572" lon="2.99471">
        <ele>60</ele>
      </trkpt>
      <trkpt lat="41.97566" lon="2.9949">
        <ele>58.9</ele>
      </trkpt>
      <trkpt lat="41.9756" lon="2.99509">
        <ele>57.8</ele>
      </trkpt>
      <trkpt lat="41.97555" lon="2.99522">
        <ele>57.2</ele>
      </trkpt>
      <trkpt lat="41.97553" lon="2.99528">
        <ele>56.9</ele>
      </trkpt>
      <trkpt lat="41.97549" lon="2.9954">
        <ele>56.3</ele>
      </trkpt>
      <trkpt lat="41.97548" lon="2.99543">
        <ele>56.2</ele>
      </trkpt>
      <trkpt lat="41.97545" lon="2.99553">
        <ele>55.7</ele>
      </trkpt>
      <trkpt lat="41.97543" lon="2.99557">
        <ele>55.5</ele>
      </trkpt>
      <trkpt lat="41.97538" lon="2.99572">
        <ele>54.8</ele>
      </trkpt>
      <trkpt lat="41.97533" lon="2.99584">
        <ele>54.2</ele>
      </trkpt>
      <trkpt lat="41.97528" lon="2.99597">
        <ele>54.1</ele>
      </trkpt>
      <trkpt lat="41.97523" lon="2.99607">
        <ele>54</ele>
      </trkpt>
      <trkpt lat="41.97518" lon="2.99621">
        <ele>53.9</ele>
      </trkpt>
      <trkpt lat="41.97516" lon="2.99625">
        <ele>53.9</ele>
      </trkpt>
      <trkpt lat="41.97509" lon="2.99642">
        <ele>53.9</ele>
      </trkpt>
      <trkpt lat="41.97506" lon="2.9965">
        <ele>53.9</ele>
      </trkpt>
      <trkpt lat="41.97505" lon="2.99655">
        <ele>53.9</ele>
      </trkpt>
      <trkpt lat="41.97503" lon="2.99661">
        <ele>54</ele>
      </trkpt>
      <trkpt lat="41.97502" lon="2.99664">
        <ele>54</ele>
      </trkpt>
      <trkpt lat="41.97502" lon="2.99669">
        <ele>53.9</ele>
      </trkpt>
      <trkpt lat="41.97502" lon="2.99673">
        <ele>53.7</ele>
      </trkpt>
      <trkpt lat="41.97502" lon="2.99677">
        <ele>53.5</ele>
      </trkpt>
      <trkpt lat="41.97503" lon="2.99681">
        <ele>53.4</ele>
      </trkpt>
      <trkpt lat="41.97503" lon="2.99681">
        <ele>53.4</ele>
      </trkpt>
      <trkpt lat="41.97496" lon="2.99686">
        <ele>52.8</ele>
      </trkpt>
      <trkpt lat="41.97489" lon="2.99691">
        <ele>52.2</ele>
      </trkpt>
      <trkpt lat="41.97481" lon="2.99701">
        <ele>51.3</ele>
      </trkpt>
      <trkpt lat="41.97468" lon="2.99717">
        <ele>50</ele>
      </trkpt>
      <trkpt lat="41.97457" lon="2.99732">
        <ele>49</ele>
      </trkpt>
      <trkpt lat="41.97452" lon="2.99739">
        <ele>48.6</ele>
      </trkpt>
      <trkpt lat="41.97449" lon="2.99743">
        <ele>48.3</ele>
      </trkpt>
      <trkpt lat="41.97447" lon="2.99747">
        <ele>48.2</ele>
      </trkpt>
      <trkpt lat="41.97446" lon="2.99749">
        <ele>48.1</ele>
      </trkpt>
      <trkpt lat="41.97444" lon="2.99752">
        <ele>48</ele>
      </trkpt>
      <trkpt lat="41.97443" lon="2.99755">
        <ele>48.1</ele>
      </trkpt>
      <trkpt lat="41.97443" lon="2.99755">
        <ele>48.1</ele>
      </trkpt>
      <trkpt lat="41.97449" lon="2.99759">
        <ele>48.4</ele>
      </trkpt>
      <trkpt lat="41.97449" lon="2.99759">
        <ele>48.4</ele>
      </trkpt>
      <trkpt lat="41.97449" lon="2.99767">
        <ele>48.6</ele>
      </trkpt>
      <trkpt lat="41.97448" lon="2.99773">
        <ele>48.7</ele>
      </trkpt>
      <trkpt lat="41.97447" lon="2.99778">
        <ele>48.8</ele>
      </trkpt>
      <trkpt lat="41.97446" lon="2.99783">
        <ele>48.9</ele>
      </trkpt>
      <trkpt lat="41.97445" lon="2.99795">
        <ele>49.3</ele>
      </trkpt>
      <trkpt lat="41.97442" lon="2.99807">
        <ele>49.6</ele>
      </trkpt>
      <trkpt lat="41.9744" lon="2.99814">
        <ele>49.8</ele>
      </trkpt>
      <trkpt lat="41.97439" lon="2.99818">
        <ele>50</ele>
      </trkpt>
      <trkpt lat="41.97438" lon="2.9982">
        <ele>50.1</ele>
      </trkpt>
      <trkpt lat="41.97435" lon="2.99824">
        <ele>50.2</ele>
      </trkpt>
      <trkpt lat="41.97431" lon="2.99827">
        <ele>50.4</ele>
      </trkpt>
      <trkpt lat="41.97427" lon="2.9983">
        <ele>50.6</ele>
      </trkpt>
      <trkpt lat="41.97419" lon="2.99835">
        <ele>51.1</ele>
      </trkpt>
      <trkpt lat="41.97411" lon="2.99838">
        <ele>51.8</ele>
      </trkpt>
      <trkpt lat="41.97407" lon="2.9984">
        <ele>52.2</ele>
      </trkpt>
      <trkpt lat="41.97404" lon="2.99842">
        <ele>52.6</ele>
      </trkpt>
      <trkpt lat="41.97401" lon="2.99846">
        <ele>53.1</ele>
      </trkpt>
      <trkpt lat="41.974" lon="2.99847">
        <ele>53.2</ele>
      </trkpt>
      <trkpt lat="41.97386" lon="2.9986">
        <ele>55.1</ele>
      </trkpt>
      <trkpt lat="41.97374" lon="2.99875">
        <ele>56.8</ele>
      </trkpt>
      <trkpt lat="41.97369" lon="2.99882">
        <ele>57.5</ele>
      </trkpt>
      <trkpt lat="41.97363" lon="2.9989">
        <ele>58.3</ele>
      </trkpt>
      <trkpt lat="41.9736" lon="2.99894">
        <ele>58.7</ele>
      </trkpt>
      <trkpt lat="41.973604" lon="2.998936">
        <ele>58.6</ele>
      </trkpt>
      <trkpt lat="41.97331" lon="2.99934">
        <ele>60</ele>
      </trkpt>
      <trkpt lat="41.97311" lon="2.99954">
        <ele>60</ele>
      </trkpt>
      <trkpt lat="41.97277" lon="2.99977">
        <ele>59</ele>
      </trkpt>
      <trkpt lat="41.9728" lon="3.00039">
        <ele>60</ele>
      </trkpt>
      <trkpt lat="41.97238" lon="3.00062">
        <ele>62</ele>
      </trkpt>
      <trkpt lat="41.97066" lon="3.00214">
        <ele>76</ele>
      </trkpt>
      <trkpt lat="41.97021" lon="3.00279">
        <ele>72</ele>
      </trkpt>
      <trkpt lat="41.97009" lon="3.00286">
        <ele>72</ele>
      </trkpt>
      <trkpt lat="41.96909" lon="3.00293">
        <ele>73</ele>
      </trkpt>
      <trkpt lat="41.969" lon="3.0029">
        <ele>73</ele>
      </trkpt>
      <trkpt lat="41.96843" lon="3.00241">
        <ele>73</ele>
      </trkpt>
      <trkpt lat="41.96786" lon="3.00227">
        <ele>75</ele>
      </trkpt>
      <trkpt lat="41.96741" lon="3.00224">
        <ele>75</ele>
      </trkpt>
      <trkpt lat="41.96677" lon="3.00275">
        <ele>75</ele>
      </trkpt>
      <trkpt lat="41.96579" lon="3.00366">
        <ele>80</ele>
      </trkpt>
      <trkpt lat="41.96519" lon="3.00439">
        <ele>85</ele>
      </trkpt>
      <trkpt lat="41.96504" lon="3.00444">
        <ele>85</ele>
      </trkpt>
      <trkpt lat="41.96466" lon="3.00445">
        <ele>87</ele>
      </trkpt>
      <trkpt lat="41.96428" lon="3.00455">
        <ele>90</ele>
      </trkpt>
      <trkpt lat="41.96397" lon="3.00467">
        <ele>92</ele>
      </trkpt>
      <trkpt lat="41.96361" lon="3.00497">
        <ele>95</ele>
      </trkpt>
      <trkpt lat="41.96288" lon="3.0057">
        <ele>100</ele>
      </trkpt>
      <trkpt lat="41.96194" lon="3.00756">
        <ele>92</ele>
      </trkpt>
      <trkpt lat="41.96183" lon="3.00769">
        <ele>91</ele>
      </trkpt>
      <trkpt lat="41.96164" lon="3.00788">
        <ele>90</ele>
      </trkpt>
      <trkpt lat="41.96006" lon="3.009">
        <ele>84</ele>
      </trkpt>
      <trkpt lat="41.95945" lon="3.00952">
        <ele>80</ele>
      </trkpt>
      <trkpt lat="41.95874" lon="3.00988">
        <ele>81</ele>
      </trkpt>
      <trkpt lat="41.95798" lon="3.01046">
        <ele>78</ele>
      </trkpt>
      <trkpt lat="41.957948" lon="3.010529">
        <ele>80.8</ele>
      </trkpt>
      <trkpt lat="41.95793" lon="3.01051">
        <ele>80.7</ele>
      </trkpt>
      <trkpt lat="41.95793" lon="3.01052">
        <ele>80.7</ele>
      </trkpt>
      <trkpt lat="41.95791" lon="3.01056">
        <ele>80.6</ele>
      </trkpt>
      <trkpt lat="41.9579" lon="3.01059">
        <ele>80.6</ele>
      </trkpt>
      <trkpt lat="41.95789" lon="3.01064">
        <ele>80.5</ele>
      </trkpt>
      <trkpt lat="41.95788" lon="3.0107">
        <ele>80.5</ele>
      </trkpt>
      <trkpt lat="41.95787" lon="3.01078">
        <ele>80.4</ele>
      </trkpt>
      <trkpt lat="41.95786" lon="3.01085">
        <ele>80.2</ele>
      </trkpt>
      <trkpt lat="41.95784" lon="3.01091">
        <ele>79.9</ele>
      </trkpt>
      <trkpt lat="41.95781" lon="3.01097">
        <ele>79.5</ele>
      </trkpt>
      <trkpt lat="41.95777" lon="3.01102">
        <ele>79.1</ele>
      </trkpt>
      <trkpt lat="41.95776" lon="3.01102">
        <ele>79</ele>
      </trkpt>
      <trkpt lat="41.95771" lon="3.01106">
        <ele>78.6</ele>
      </trkpt>
      <trkpt lat="41.95762" lon="3.0111">
        <ele>78</ele>
      </trkpt>
      <trkpt lat="41.95748" lon="3.01115">
        <ele>77.1</ele>
      </trkpt>
      <trkpt lat="41.95733" lon="3.01121">
        <ele>76.7</ele>
      </trkpt>
      <trkpt lat="41.95715" lon="3.01129">
        <ele>76.3</ele>
      </trkpt>
      <trkpt lat="41.95696" lon="3.01139">
        <ele>75.7</ele>
      </trkpt>
      <trkpt lat="41.95674" lon="3.0115">
        <ele>75</ele>
      </trkpt>
      <trkpt lat="41.9566" lon="3.01157">
        <ele>74.7</ele>
      </trkpt>
      <trkpt lat="41.95659" lon="3.01157">
        <ele>74.7</ele>
      </trkpt>
      <trkpt lat="41.95654" lon="3.0116">
        <ele>74.6</ele>
      </trkpt>
      <trkpt lat="41.95652" lon="3.01161">
        <ele>74.6</ele>
      </trkpt>
      <trkpt lat="41.95646" lon="3.01166">
        <ele>74.5</ele>
      </trkpt>
      <trkpt lat="41.95637" lon="3.01175">
        <ele>73.9</ele>
      </trkpt>
      <trkpt lat="41.95622" lon="3.01187">
        <ele>73.1</ele>
      </trkpt>
      <trkpt lat="41.95611" lon="3.01196">
        <ele>72.5</ele>
      </trkpt>
      <trkpt lat="41.95602" lon="3.01201">
        <ele>72.3</ele>
      </trkpt>
      <trkpt lat="41.95595" lon="3.01204">
        <ele>72.1</ele>
      </trkpt>
      <trkpt lat="41.95593" lon="3.01205">
        <ele>72.1</ele>
      </trkpt>
      <trkpt lat="41.9559" lon="3.01206">
        <ele>72.1</ele>
      </trkpt>
      <trkpt lat="41.95583" lon="3.01208">
        <ele>72</ele>
      </trkpt>
      <trkpt lat="41.95581" lon="3.01208">
        <ele>71.9</ele>
      </trkpt>
      <trkpt lat="41.95574" lon="3.01208">
        <ele>71.5</ele>
      </trkpt>
      <trkpt lat="41.95566" lon="3.01208">
        <ele>71.1</ele>
      </trkpt>
      <trkpt lat="41.95559" lon="3.01207">
        <ele>70.8</ele>
      </trkpt>
      <trkpt lat="41.95553" lon="3.01205">
        <ele>70.7</ele>
      </trkpt>
      <trkpt lat="41.95549" lon="3.01202">
        <ele>70.7</ele>
      </trkpt>
      <trkpt lat="41.95543" lon="3.01196">
        <ele>70.9</ele>
      </trkpt>
      <trkpt lat="41.9554" lon="3.01192">
        <ele>71.1</ele>
      </trkpt>
      <trkpt lat="41.95539" lon="3.0119">
        <ele>71.2</ele>
      </trkpt>
      <trkpt lat="41.95535" lon="3.01185">
        <ele>71.5</ele>
      </trkpt>
      <trkpt lat="41.95532" lon="3.01178">
        <ele>71.9</ele>
      </trkpt>
      <trkpt lat="41.95529" lon="3.0117">
        <ele>72.4</ele>
      </trkpt>
      <trkpt lat="41.95527" lon="3.0116">
        <ele>72.4</ele>
      </trkpt>
      <trkpt lat="41.95525" lon="3.01146">
        <ele>71.8</ele>
      </trkpt>
      <trkpt lat="41.95525" lon="3.01137">
        <ele>71.5</ele>
      </trkpt>
      <trkpt lat="41.95525" lon="3.01129">
        <ele>71.3</ele>
      </trkpt>
      <trkpt lat="41.95526" lon="3.01121">
        <ele>71.1</ele>
      </trkpt>
      <trkpt lat="41.95527" lon="3.01117">
        <ele>71</ele>
      </trkpt>
      <trkpt lat="41.95528" lon="3.01112">
        <ele>70.9</ele>
      </trkpt>
      <trkpt lat="41.95532" lon="3.01104">
        <ele>71</ele>
      </trkpt>
      <trkpt lat="41.95534" lon="3.01097">
        <ele>70.9</ele>
      </trkpt>
      <trkpt lat="41.95538" lon="3.01088">
        <ele>70.9</ele>
      </trkpt>
      <trkpt lat="41.9554" lon="3.01084">
        <ele>70.9</ele>
      </trkpt>
      <trkpt lat="41.95543" lon="3.01075">
        <ele>70.5</ele>
      </trkpt>
      <trkpt lat="41.95545" lon="3.01072">
        <ele>70.4</ele>
      </trkpt>
      <trkpt lat="41.95545" lon="3.01072">
        <ele>70.4</ele>
      </trkpt>
      <trkpt lat="41.95555" lon="3.0107">
        <ele>71</ele>
      </trkpt>
      <trkpt lat="41.95568" lon="3.01068">
        <ele>71.8</ele>
      </trkpt>
      <trkpt lat="41.95581" lon="3.01067">
        <ele>72.7</ele>
      </trkpt>
      <trkpt lat="41.95586" lon="3.01066">
        <ele>72.9</ele>
      </trkpt>
      <trkpt lat="41.95587" lon="3.01065">
        <ele>72.9</ele>
      </trkpt>
      <trkpt lat="41.95589" lon="3.01065">
        <ele>73.1</ele>
      </trkpt>
      <trkpt lat="41.95592" lon="3.01064">
        <ele>73.2</ele>
      </trkpt>
      <trkpt lat="41.95596" lon="3.01061">
        <ele>73.2</ele>
      </trkpt>
      <trkpt lat="41.95608" lon="3.01054">
        <ele>73.6</ele>
      </trkpt>
      <trkpt lat="41.95622" lon="3.01047">
        <ele>74.1</ele>
      </trkpt>
      <trkpt lat="41.95629" lon="3.01044">
        <ele>74.4</ele>
      </trkpt>
      <trkpt lat="41.95634" lon="3.01043">
        <ele>74.7</ele>
      </trkpt>
      <trkpt lat="41.95638" lon="3.01042">
        <ele>75</ele>
      </trkpt>
      <trkpt lat="41.95642" lon="3.01042">
        <ele>75.2</ele>
      </trkpt>
      <trkpt lat="41.95644" lon="3.01042">
        <ele>75.4</ele>
      </trkpt>
      <trkpt lat="41.95646" lon="3.01043">
        <ele>75.6</ele>
      </trkpt>
      <trkpt lat="41.95647" lon="3.01043">
        <ele>75.7</ele>
      </trkpt>
      <trkpt lat="41.95647" lon="3.01043">
        <ele>75.7</ele>
      </trkpt>
      <trkpt lat="41.95652" lon="3.01035">
        <ele>75.6</ele>
      </trkpt>
      <trkpt lat="41.95655" lon="3.0103">
        <ele>75.6</ele>
      </trkpt>
      <trkpt lat="41.95659" lon="3.01021">
        <ele>75.4</ele>
      </trkpt>
      <trkpt lat="41.95662" lon="3.01016">
        <ele>75.4</ele>
      </trkpt>
      <trkpt lat="41.95665" lon="3.01011">
        <ele>75.4</ele>
      </trkpt>
      <trkpt lat="41.95669" lon="3.01005">
        <ele>75.4</ele>
      </trkpt>
      <trkpt lat="41.95673" lon="3.01">
        <ele>75.4</ele>
      </trkpt>
      <trkpt lat="41.95679" lon="3.00991">
        <ele>75</ele>
      </trkpt>
      <trkpt lat="41.95683" lon="3.00985">
        <ele>74.7</ele>
      </trkpt>
      <trkpt lat="41.95688" lon="3.00977">
        <ele>74.3</ele>
      </trkpt>
      <trkpt lat="41.95692" lon="3.00971">
        <ele>74</ele>
      </trkpt>
      <trkpt lat="41.95697" lon="3.00964">
        <ele>73.6</ele>
      </trkpt>
      <trkpt lat="41.95701" lon="3.0096">
        <ele>73.5</ele>
      </trkpt>
      <trkpt lat="41.95704" lon="3.00956">
        <ele>73.3</ele>
      </trkpt>
      <trkpt lat="41.95708" lon="3.00953">
        <ele>73.3</ele>
      </trkpt>
      <trkpt lat="41.95713" lon="3.00949">
        <ele>73.2</ele>
      </trkpt>
      <trkpt lat="41.9572" lon="3.00943">
        <ele>73</ele>
      </trkpt>
      <trkpt lat="41.95725" lon="3.00939">
        <ele>72.9</ele>
      </trkpt>
      <trkpt lat="41.95732" lon="3.00934">
        <ele>72.8</ele>
      </trkpt>
      <trkpt lat="41.95737" lon="3.0093">
        <ele>72.6</ele>
      </trkpt>
      <trkpt lat="41.95739" lon="3.00926">
        <ele>72.4</ele>
      </trkpt>
      <trkpt lat="41.95742" lon="3.00922">
        <ele>72.1</ele>
      </trkpt>
      <trkpt lat="41.95746" lon="3.00916">
        <ele>71.8</ele>
      </trkpt>
      <trkpt lat="41.95748" lon="3.0091">
        <ele>72.1</ele>
      </trkpt>
      <trkpt lat="41.95748" lon="3.0091">
        <ele>72.1</ele>
      </trkpt>
      <trkpt lat="41.95751" lon="3.00909">
        <ele>72.3</ele>
      </trkpt>
      <trkpt lat="41.95759" lon="3.00908">
        <ele>72.7</ele>
      </trkpt>
      <trkpt lat="41.95761" lon="3.00908">
        <ele>72.8</ele>
      </trkpt>
      <trkpt lat="41.95771" lon="3.00907">
        <ele>73.3</ele>
      </trkpt>
      <trkpt lat="41.95774" lon="3.00907">
        <ele>73.4</ele>
      </trkpt>
      <trkpt lat="41.957737" lon="3.009135">
        <ele>73.2</ele>
      </trkpt>
      <trkpt lat="41.95774" lon="3.00907">
        <ele>73.4</ele>
      </trkpt>
      <trkpt lat="41.95779" lon="3.00907">
        <ele>73.7</ele>
      </trkpt>
      <trkpt lat="41.95789" lon="3.00909">
        <ele>74.1</ele>
      </trkpt>
      <trkpt lat="41.95801" lon="3.00911">
        <ele>74.6</ele>
      </trkpt>
      <trkpt lat="41.95816" lon="3.00913">
        <ele>75.2</ele>
      </trkpt>
      <trkpt lat="41.95831" lon="3.00915">
        <ele>75.9</ele>
      </trkpt>
      <trkpt lat="41.95842" lon="3.00916">
        <ele>76.4</ele>
      </trkpt>
      <trkpt lat="41.95851" lon="3.00915">
        <ele>76.9</ele>
      </trkpt>
      <trkpt lat="41.95859" lon="3.00913">
        <ele>77.2</ele>
      </trkpt>
      <trkpt lat="41.95863" lon="3.00911">
        <ele>77.4</ele>
      </trkpt>
      <trkpt lat="41.95868" lon="3.00908">
        <ele>77.6</ele>
      </trkpt>
      <trkpt lat="41.9588" lon="3.009">
        <ele>78.1</ele>
      </trkpt>
      <trkpt lat="41.95898" lon="3.00889">
        <ele>78.7</ele>
      </trkpt>
      <trkpt lat="41.95909" lon="3.00882">
        <ele>78.9</ele>
      </trkpt>
      <trkpt lat="41.95919" lon="3.00875">
        <ele>79.2</ele>
      </trkpt>
      <trkpt lat="41.95923" lon="3.00871">
        <ele>79.3</ele>
      </trkpt>
      <trkpt lat="41.95926" lon="3.00866">
        <ele>79.4</ele>
      </trkpt>
      <trkpt lat="41.9593" lon="3.00859">
        <ele>79.4</ele>
      </trkpt>
      <trkpt lat="41.95932" lon="3.00853">
        <ele>79.3</ele>
      </trkpt>
      <trkpt lat="41.95932" lon="3.00848">
        <ele>79.2</ele>
      </trkpt>
      <trkpt lat="41.95933" lon="3.00842">
        <ele>79.1</ele>
      </trkpt>
      <trkpt lat="41.95932" lon="3.00836">
        <ele>78.8</ele>
      </trkpt>
      <trkpt lat="41.95931" lon="3.0083">
        <ele>78.9</ele>
      </trkpt>
      <trkpt lat="41.95929" lon="3.00825">
        <ele>79.1</ele>
      </trkpt>
      <trkpt lat="41.95927" lon="3.00818">
        <ele>79.4</ele>
      </trkpt>
      <trkpt lat="41.95918" lon="3.00799">
        <ele>80.1</ele>
      </trkpt>
      <trkpt lat="41.95904" lon="3.00773">
        <ele>81.6</ele>
      </trkpt>
      <trkpt lat="41.95891" lon="3.00746">
        <ele>83.2</ele>
      </trkpt>
      <trkpt lat="41.95888" lon="3.00737">
        <ele>83.7</ele>
      </trkpt>
      <trkpt lat="41.95887" lon="3.00732">
        <ele>83.9</ele>
      </trkpt>
      <trkpt lat="41.95885" lon="3.00727">
        <ele>84.2</ele>
      </trkpt>
      <trkpt lat="41.95883" lon="3.00722">
        <ele>84.4</ele>
      </trkpt>
      <trkpt lat="41.95882" lon="3.00713">
        <ele>84.9</ele>
      </trkpt>
      <trkpt lat="41.95882" lon="3.00709">
        <ele>85.1</ele>
      </trkpt>
      <trkpt lat="41.95882" lon="3.00704">
        <ele>85.3</ele>
      </trkpt>
      <trkpt lat="41.95883" lon="3.00698">
        <ele>85.6</ele>
      </trkpt>
      <trkpt lat="41.95885" lon="3.00691">
        <ele>86</ele>
      </trkpt>
      <trkpt lat="41.95887" lon="3.00682">
        <ele>86.5</ele>
      </trkpt>
      <trkpt lat="41.95893" lon="3.00663">
        <ele>87.4</ele>
      </trkpt>
      <trkpt lat="41.959" lon="3.0064">
        <ele>87.4</ele>
      </trkpt>
      <trkpt lat="41.95908" lon="3.00613">
        <ele>87.6</ele>
      </trkpt>
      <trkpt lat="41.95909" lon="3.00613">
        <ele>87.6</ele>
      </trkpt>
      <trkpt lat="41.95915" lon="3.00591">
        <ele>87.9</ele>
      </trkpt>
      <trkpt lat="41.95922" lon="3.00569">
        <ele>87.9</ele>
      </trkpt>
      <trkpt lat="41.95929" lon="3.00548">
        <ele>87.7</ele>
      </trkpt>
      <trkpt lat="41.95936" lon="3.00524">
        <ele>87.4</ele>
      </trkpt>
      <trkpt lat="41.95945" lon="3.00496">
        <ele>87.3</ele>
      </trkpt>
      <trkpt lat="41.95959" lon="3.00451">
        <ele>88</ele>
      </trkpt>
      <trkpt lat="41.95968" lon="3.00424">
        <ele>88.2</ele>
      </trkpt>
      <trkpt lat="41.95972" lon="3.00408">
        <ele>88.5</ele>
      </trkpt>
      <trkpt lat="41.95975" lon="3.00397">
        <ele>88.9</ele>
      </trkpt>
      <trkpt lat="41.95976" lon="3.00391">
        <ele>89</ele>
      </trkpt>
      <trkpt lat="41.95976" lon="3.00386">
        <ele>89.1</ele>
      </trkpt>
      <trkpt lat="41.95976" lon="3.00381">
        <ele>89.2</ele>
      </trkpt>
      <trkpt lat="41.95975" lon="3.00375">
        <ele>89.3</ele>
      </trkpt>
      <trkpt lat="41.95974" lon="3.00369">
        <ele>89.4</ele>
      </trkpt>
      <trkpt lat="41.95972" lon="3.00362">
        <ele>89.4</ele>
      </trkpt>
      <trkpt lat="41.95968" lon="3.00354">
        <ele>89.4</ele>
      </trkpt>
      <trkpt lat="41.95961" lon="3.00341">
        <ele>89.4</ele>
      </trkpt>
      <trkpt lat="41.95952" lon="3.00322">
        <ele>89.6</ele>
      </trkpt>
      <trkpt lat="41.95893" lon="3.00206">
        <ele>94.4</ele>
      </trkpt>
      <trkpt lat="41.95881" lon="3.00181">
        <ele>95.8</ele>
      </trkpt>
      <trkpt lat="41.9588" lon="3.00178">
        <ele>95.9</ele>
      </trkpt>
      <trkpt lat="41.95878" lon="3.00175">
        <ele>96.1</ele>
      </trkpt>
      <trkpt lat="41.95864" lon="3.00149">
        <ele>96.6</ele>
      </trkpt>
      <trkpt lat="41.95855" lon="3.0013">
        <ele>96.6</ele>
      </trkpt>
      <trkpt lat="41.95852" lon="3.0012">
        <ele>96.5</ele>
      </trkpt>
      <trkpt lat="41.95849" lon="3.0011">
        <ele>96.3</ele>
      </trkpt>
      <trkpt lat="41.95846" lon="3.00098">
        <ele>96.1</ele>
      </trkpt>
      <trkpt lat="41.95844" lon="3.00082">
        <ele>95.8</ele>
      </trkpt>
      <trkpt lat="41.95838" lon="3.00045">
        <ele>94.6</ele>
      </trkpt>
      <trkpt lat="41.95831" lon="2.99997">
        <ele>93.1</ele>
      </trkpt>
      <trkpt lat="41.95822" lon="2.99938">
        <ele>93.2</ele>
      </trkpt>
      <trkpt lat="41.95819" lon="2.99915">
        <ele>93</ele>
      </trkpt>
      <trkpt lat="41.95817" lon="2.99903">
        <ele>92.8</ele>
      </trkpt>
      <trkpt lat="41.95814" lon="2.99884">
        <ele>92.5</ele>
      </trkpt>
      <trkpt lat="41.95812" lon="2.99866">
        <ele>92.3</ele>
      </trkpt>
      <trkpt lat="41.95808" lon="2.99841">
        <ele>92</ele>
      </trkpt>
      <trkpt lat="41.95805" lon="2.99824">
        <ele>92.2</ele>
      </trkpt>
      <trkpt lat="41.95803" lon="2.99815">
        <ele>92.6</ele>
      </trkpt>
      <trkpt lat="41.95802" lon="2.99812">
        <ele>92.7</ele>
      </trkpt>
      <trkpt lat="41.95802" lon="2.99812">
        <ele>92.7</ele>
      </trkpt>
      <trkpt lat="41.95802" lon="2.99799">
        <ele>93</ele>
      </trkpt>
      <trkpt lat="41.95802" lon="2.99783">
        <ele>93.4</ele>
      </trkpt>
      <trkpt lat="41.95802" lon="2.99782">
        <ele>93.4</ele>
      </trkpt>
      <trkpt lat="41.95802" lon="2.99767">
        <ele>93.8</ele>
      </trkpt>
      <trkpt lat="41.95803" lon="2.9975">
        <ele>94.2</ele>
      </trkpt>
      <trkpt lat="41.95803" lon="2.99733">
        <ele>96.2</ele>
      </trkpt>
      <trkpt lat="41.95803" lon="2.99716">
        <ele>98.3</ele>
      </trkpt>
      <trkpt lat="41.95803" lon="2.99706">
        <ele>99.5</ele>
      </trkpt>
      <trkpt lat="41.95804" lon="2.99697">
        <ele>100.5</ele>
      </trkpt>
      <trkpt lat="41.95805" lon="2.99693">
        <ele>100.9</ele>
      </trkpt>
      <trkpt lat="41.95806" lon="2.9969">
        <ele>101.2</ele>
      </trkpt>
      <trkpt lat="41.95807" lon="2.99686">
        <ele>101.5</ele>
      </trkpt>
      <trkpt lat="41.9581" lon="2.99682">
        <ele>101.7</ele>
      </trkpt>
      <trkpt lat="41.95813" lon="2.99678">
        <ele>101.9</ele>
      </trkpt>
      <trkpt lat="41.95816" lon="2.99674">
        <ele>102</ele>
      </trkpt>
      <trkpt lat="41.95822" lon="2.99669">
        <ele>102</ele>
      </trkpt>
      <trkpt lat="41.95828" lon="2.99664">
        <ele>101.9</ele>
      </trkpt>
      <trkpt lat="41.95838" lon="2.99656">
        <ele>102</ele>
      </trkpt>
      <trkpt lat="41.95845" lon="2.99649">
        <ele>102.4</ele>
      </trkpt>
      <trkpt lat="41.95856" lon="2.99642">
        <ele>102.6</ele>
      </trkpt>
      <trkpt lat="41.95868" lon="2.99633">
        <ele>103.2</ele>
      </trkpt>
      <trkpt lat="41.9588" lon="2.99624">
        <ele>103.9</ele>
      </trkpt>
      <trkpt lat="41.95891" lon="2.99616">
        <ele>104.6</ele>
      </trkpt>
      <trkpt lat="41.95902" lon="2.99608">
        <ele>105.4</ele>
      </trkpt>
      <trkpt lat="41.95915" lon="2.996">
        <ele>106.3</ele>
      </trkpt>
      <trkpt lat="41.95915" lon="2.996">
        <ele>106.3</ele>
      </trkpt>
      <trkpt lat="41.959" lon="2.99598">
        <ele>107.1</ele>
      </trkpt>
      <trkpt lat="41.95883" lon="2.99594">
        <ele>108.2</ele>
      </trkpt>
      <trkpt lat="41.95854" lon="2.99584">
        <ele>110.4</ele>
      </trkpt>
      <trkpt lat="41.95846" lon="2.99581">
        <ele>110.7</ele>
      </trkpt>
      <trkpt lat="41.95843" lon="2.99579">
        <ele>110.8</ele>
      </trkpt>
      <trkpt lat="41.95839" lon="2.99577">
        <ele>110.9</ele>
      </trkpt>
      <trkpt lat="41.95837" lon="2.99576">
        <ele>110.9</ele>
      </trkpt>
      <trkpt lat="41.95835" lon="2.99575">
        <ele>111</ele>
      </trkpt>
      <trkpt lat="41.95832" lon="2.99572">
        <ele>111</ele>
      </trkpt>
      <trkpt lat="41.9583" lon="2.99569">
        <ele>111</ele>
      </trkpt>
      <trkpt lat="41.95829" lon="2.99567">
        <ele>111</ele>
      </trkpt>
      <trkpt lat="41.95828" lon="2.99565">
        <ele>111</ele>
      </trkpt>
      <trkpt lat="41.95826" lon="2.99561">
        <ele>111</ele>
      </trkpt>
      <trkpt lat="41.95824" lon="2.99555">
        <ele>111</ele>
      </trkpt>
      <trkpt lat="41.95822" lon="2.99548">
        <ele>111</ele>
      </trkpt>
      <trkpt lat="41.95819" lon="2.99538">
        <ele>110.9</ele>
      </trkpt>
      <trkpt lat="41.95807" lon="2.99501">
        <ele>110.4</ele>
      </trkpt>
      <trkpt lat="41.95801" lon="2.99481">
        <ele>110.5</ele>
      </trkpt>
      <trkpt lat="41.95797" lon="2.99468">
        <ele>110.5</ele>
      </trkpt>
      <trkpt lat="41.95793" lon="2.99454">
        <ele>110.6</ele>
      </trkpt>
      <trkpt lat="41.9579" lon="2.99445">
        <ele>110.6</ele>
      </trkpt>
      <trkpt lat="41.95788" lon="2.99437">
        <ele>110.7</ele>
      </trkpt>
      <trkpt lat="41.95787" lon="2.9943">
        <ele>110.7</ele>
      </trkpt>
      <trkpt lat="41.95787" lon="2.9943">
        <ele>110.7</ele>
      </trkpt>
      <trkpt lat="41.95778" lon="2.99426">
        <ele>110.6</ele>
      </trkpt>
      <trkpt lat="41.95771" lon="2.99424">
        <ele>110.4</ele>
      </trkpt>
      <trkpt lat="41.95762" lon="2.99422">
        <ele>110.2</ele>
      </trkpt>
      <trkpt lat="41.95762" lon="2.99422">
        <ele>110.2</ele>
      </trkpt>
      <trkpt lat="41.95761" lon="2.99419">
        <ele>110.2</ele>
      </trkpt>
      <trkpt lat="41.9576" lon="2.99415">
        <ele>110.3</ele>
      </trkpt>
      <trkpt lat="41.95759" lon="2.99409">
        <ele>110.6</ele>
      </trkpt>
      <trkpt lat="41.95756" lon="2.99404">
        <ele>110.7</ele>
      </trkpt>
      <trkpt lat="41.95754" lon="2.99398">
        <ele>111</ele>
      </trkpt>
      <trkpt lat="41.9575" lon="2.99392">
        <ele>111.2</ele>
      </trkpt>
      <trkpt lat="41.95744" lon="2.99384">
        <ele>111.2</ele>
      </trkpt>
      <trkpt lat="41.95737" lon="2.99377">
        <ele>111</ele>
      </trkpt>
      <trkpt lat="41.95727" lon="2.99368">
        <ele>110.8</ele>
      </trkpt>
      <trkpt lat="41.9571" lon="2.99354">
        <ele>110.2</ele>
      </trkpt>
      <trkpt lat="41.95693" lon="2.9934">
        <ele>109.6</ele>
      </trkpt>
      <trkpt lat="41.95685" lon="2.99331">
        <ele>109.4</ele>
      </trkpt>
      <trkpt lat="41.9568" lon="2.99324">
        <ele>109.3</ele>
      </trkpt>
      <trkpt lat="41.95675" lon="2.99316">
        <ele>109.3</ele>
      </trkpt>
      <trkpt lat="41.9567" lon="2.99303">
        <ele>109.6</ele>
      </trkpt>
      <trkpt lat="41.95665" lon="2.99291">
        <ele>109.9</ele>
      </trkpt>
      <trkpt lat="41.95654" lon="2.99256">
        <ele>111.1</ele>
      </trkpt>
      <trkpt lat="41.95649" lon="2.99241">
        <ele>111.4</ele>
      </trkpt>
      <trkpt lat="41.95646" lon="2.99234">
        <ele>111.4</ele>
      </trkpt>
      <trkpt lat="41.95644" lon="2.99231">
        <ele>111.4</ele>
      </trkpt>
      <trkpt lat="41.95642" lon="2.99229">
        <ele>111.4</ele>
      </trkpt>
      <trkpt lat="41.95641" lon="2.99227">
        <ele>111.4</ele>
      </trkpt>
      <trkpt lat="41.95638" lon="2.99225">
        <ele>111.3</ele>
      </trkpt>
      <trkpt lat="41.95637" lon="2.99224">
        <ele>111.3</ele>
      </trkpt>
      <trkpt lat="41.95636" lon="2.99223">
        <ele>111.3</ele>
      </trkpt>
      <trkpt lat="41.95634" lon="2.99222">
        <ele>111.3</ele>
      </trkpt>
      <trkpt lat="41.95632" lon="2.99221">
        <ele>111.3</ele>
      </trkpt>
      <trkpt lat="41.9563" lon="2.99221">
        <ele>111.2</ele>
      </trkpt>
      <trkpt lat="41.95625" lon="2.9922">
        <ele>111.1</ele>
      </trkpt>
      <trkpt lat="41.95619" lon="2.9922">
        <ele>110.9</ele>
      </trkpt>
      <trkpt lat="41.95611" lon="2.9922">
        <ele>110.6</ele>
      </trkpt>
      <trkpt lat="41.95587" lon="2.99222">
        <ele>109.8</ele>
      </trkpt>
      <trkpt lat="41.95528" lon="2.99225">
        <ele>108.8</ele>
      </trkpt>
      <trkpt lat="41.95519" lon="2.99225">
        <ele>108.7</ele>
      </trkpt>
      <trkpt lat="41.9551" lon="2.99225">
        <ele>108.6</ele>
      </trkpt>
      <trkpt lat="41.95505" lon="2.99225">
        <ele>108.6</ele>
      </trkpt>
      <trkpt lat="41.955" lon="2.99225">
        <ele>108.5</ele>
      </trkpt>
      <trkpt lat="41.95495" lon="2.99224">
        <ele>108.6</ele>
      </trkpt>
      <trkpt lat="41.95489" lon="2.99221">
        <ele>108.9</ele>
      </trkpt>
      <trkpt lat="41.95486" lon="2.99219">
        <ele>109</ele>
      </trkpt>
      <trkpt lat="41.95483" lon="2.99217">
        <ele>109.1</ele>
      </trkpt>
      <trkpt lat="41.95481" lon="2.99215">
        <ele>109.3</ele>
      </trkpt>
      <trkpt lat="41.95479" lon="2.99211">
        <ele>109.5</ele>
      </trkpt>
      <trkpt lat="41.95476" lon="2.99208">
        <ele>109.7</ele>
      </trkpt>
      <trkpt lat="41.95474" lon="2.99203">
        <ele>109.9</ele>
      </trkpt>
      <trkpt lat="41.95472" lon="2.99198">
        <ele>110.2</ele>
      </trkpt>
      <trkpt lat="41.9547" lon="2.99192">
        <ele>110.4</ele>
      </trkpt>
      <trkpt lat="41.95469" lon="2.99186">
        <ele>110.7</ele>
      </trkpt>
      <trkpt lat="41.95468" lon="2.9918">
        <ele>111</ele>
      </trkpt>
      <trkpt lat="41.95467" lon="2.99175">
        <ele>111.2</ele>
      </trkpt>
      <trkpt lat="41.95467" lon="2.99174">
        <ele>111.3</ele>
      </trkpt>
      <trkpt lat="41.95467" lon="2.99167">
        <ele>111.6</ele>
      </trkpt>
      <trkpt lat="41.95467" lon="2.99165">
        <ele>111.6</ele>
      </trkpt>
      <trkpt lat="41.95466" lon="2.99157">
        <ele>111.4</ele>
      </trkpt>
      <trkpt lat="41.95464" lon="2.99116">
        <ele>110.7</ele>
      </trkpt>
      <trkpt lat="41.95461" lon="2.99068">
        <ele>109.9</ele>
      </trkpt>
      <trkpt lat="41.95461" lon="2.99065">
        <ele>109.8</ele>
      </trkpt>
      <trkpt lat="41.95459" lon="2.99026">
        <ele>109.3</ele>
      </trkpt>
      <trkpt lat="41.95456" lon="2.98978">
        <ele>109.3</ele>
      </trkpt>
      <trkpt lat="41.95454" lon="2.98944">
        <ele>109.7</ele>
      </trkpt>
      <trkpt lat="41.95453" lon="2.98929">
        <ele>110</ele>
      </trkpt>
      <trkpt lat="41.95452" lon="2.98918">
        <ele>110.1</ele>
      </trkpt>
      <trkpt lat="41.95452" lon="2.98911">
        <ele>110.7</ele>
      </trkpt>
      <trkpt lat="41.95452" lon="2.98905">
        <ele>111.2</ele>
      </trkpt>
      <trkpt lat="41.95452" lon="2.989">
        <ele>111.7</ele>
      </trkpt>
      <trkpt lat="41.95452" lon="2.98896">
        <ele>112.1</ele>
      </trkpt>
      <trkpt lat="41.95453" lon="2.98892">
        <ele>112.5</ele>
      </trkpt>
      <trkpt lat="41.95453" lon="2.98888">
        <ele>112.8</ele>
      </trkpt>
      <trkpt lat="41.95454" lon="2.98885">
        <ele>113.1</ele>
      </trkpt>
      <trkpt lat="41.95454" lon="2.98882">
        <ele>113.4</ele>
      </trkpt>
      <trkpt lat="41.95455" lon="2.98878">
        <ele>113.8</ele>
      </trkpt>
      <trkpt lat="41.95456" lon="2.98874">
        <ele>114.1</ele>
      </trkpt>
      <trkpt lat="41.95457" lon="2.98872">
        <ele>114.3</ele>
      </trkpt>
      <trkpt lat="41.95458" lon="2.98868">
        <ele>114.7</ele>
      </trkpt>
      <trkpt lat="41.9546" lon="2.98865">
        <ele>114.9</ele>
      </trkpt>
      <trkpt lat="41.95461" lon="2.98863">
        <ele>115.1</ele>
      </trkpt>
      <trkpt lat="41.95465" lon="2.98859">
        <ele>115.5</ele>
      </trkpt>
      <trkpt lat="41.95469" lon="2.98854">
        <ele>116</ele>
      </trkpt>
      <trkpt lat="41.95474" lon="2.9885">
        <ele>116.3</ele>
      </trkpt>
      <trkpt lat="41.95475" lon="2.98849">
        <ele>116.4</ele>
      </trkpt>
      <trkpt lat="41.95481" lon="2.98847">
        <ele>116.6</ele>
      </trkpt>
      <trkpt lat="41.95491" lon="2.98844">
        <ele>116.9</ele>
      </trkpt>
      <trkpt lat="41.95506" lon="2.98841">
        <ele>116.8</ele>
      </trkpt>
      <trkpt lat="41.95523" lon="2.98838">
        <ele>115.9</ele>
      </trkpt>
      <trkpt lat="41.95535" lon="2.98836">
        <ele>115.2</ele>
      </trkpt>
      <trkpt lat="41.95557" lon="2.98832">
        <ele>114</ele>
      </trkpt>
      <trkpt lat="41.95563" lon="2.98831">
        <ele>113.7</ele>
      </trkpt>
      <trkpt lat="41.95567" lon="2.98829">
        <ele>113.6</ele>
      </trkpt>
      <trkpt lat="41.9557" lon="2.98828">
        <ele>113.4</ele>
      </trkpt>
      <trkpt lat="41.95574" lon="2.98825">
        <ele>113.4</ele>
      </trkpt>
      <trkpt lat="41.95582" lon="2.98817">
        <ele>113.5</ele>
      </trkpt>
      <trkpt lat="41.95587" lon="2.9881">
        <ele>113.4</ele>
      </trkpt>
      <trkpt lat="41.95595" lon="2.98798">
        <ele>113.1</ele>
      </trkpt>
      <trkpt lat="41.956" lon="2.9879">
        <ele>112.9</ele>
      </trkpt>
      <trkpt lat="41.95603" lon="2.98784">
        <ele>112.8</ele>
      </trkpt>
      <trkpt lat="41.95604" lon="2.9878">
        <ele>113</ele>
      </trkpt>
      <trkpt lat="41.95605" lon="2.98777">
        <ele>113</ele>
      </trkpt>
      <trkpt lat="41.95605" lon="2.98774">
        <ele>113.2</ele>
      </trkpt>
      <trkpt lat="41.95605" lon="2.9877">
        <ele>113.5</ele>
      </trkpt>
      <trkpt lat="41.95605" lon="2.98766">
        <ele>113.7</ele>
      </trkpt>
      <trkpt lat="41.95605" lon="2.98761">
        <ele>114.1</ele>
      </trkpt>
      <trkpt lat="41.95604" lon="2.98756">
        <ele>114.6</ele>
      </trkpt>
      <trkpt lat="41.95601" lon="2.98747">
        <ele>115.7</ele>
      </trkpt>
      <trkpt lat="41.95597" lon="2.98738">
        <ele>116.6</ele>
      </trkpt>
      <trkpt lat="41.95589" lon="2.9872">
        <ele>118.4</ele>
      </trkpt>
      <trkpt lat="41.95577" lon="2.98691">
        <ele>120.2</ele>
      </trkpt>
      <trkpt lat="41.95575" lon="2.98687">
        <ele>120.4</ele>
      </trkpt>
      <trkpt lat="41.95573" lon="2.98682">
        <ele>120.6</ele>
      </trkpt>
      <trkpt lat="41.95571" lon="2.98678">
        <ele>120.8</ele>
      </trkpt>
      <trkpt lat="41.9557" lon="2.98674">
        <ele>120.9</ele>
      </trkpt>
      <trkpt lat="41.9557" lon="2.98672">
        <ele>120.9</ele>
      </trkpt>
      <trkpt lat="41.95569" lon="2.98668">
        <ele>121</ele>
      </trkpt>
      <trkpt lat="41.95569" lon="2.98664">
        <ele>121.1</ele>
      </trkpt>
      <trkpt lat="41.95569" lon="2.98659">
        <ele>121.2</ele>
      </trkpt>
      <trkpt lat="41.95569" lon="2.98655">
        <ele>121.3</ele>
      </trkpt>
      <trkpt lat="41.9557" lon="2.98651">
        <ele>121.3</ele>
      </trkpt>
      <trkpt lat="41.95572" lon="2.98646">
        <ele>121.2</ele>
      </trkpt>
      <trkpt lat="41.95573" lon="2.98642">
        <ele>121.3</ele>
      </trkpt>
      <trkpt lat="41.95576" lon="2.98638">
        <ele>121.2</ele>
      </trkpt>
      <trkpt lat="41.9558" lon="2.98633">
        <ele>121</ele>
      </trkpt>
      <trkpt lat="41.95587" lon="2.98625">
        <ele>120.6</ele>
      </trkpt>
      <trkpt lat="41.95593" lon="2.98619">
        <ele>120</ele>
      </trkpt>
      <trkpt lat="41.95595" lon="2.98615">
        <ele>119.9</ele>
      </trkpt>
      <trkpt lat="41.95597" lon="2.98612">
        <ele>119.7</ele>
      </trkpt>
      <trkpt lat="41.95598" lon="2.98608">
        <ele>119.7</ele>
      </trkpt>
      <trkpt lat="41.95603" lon="2.98598">
        <ele>119.4</ele>
      </trkpt>
      <trkpt lat="41.95606" lon="2.9859">
        <ele>119.3</ele>
      </trkpt>
      <trkpt lat="41.9561" lon="2.98579">
        <ele>119.2</ele>
      </trkpt>
      <trkpt lat="41.95613" lon="2.98569">
        <ele>118.9</ele>
      </trkpt>
      <trkpt lat="41.95616" lon="2.98558">
        <ele>118.7</ele>
      </trkpt>
      <trkpt lat="41.95619" lon="2.98548">
        <ele>118.5</ele>
      </trkpt>
      <trkpt lat="41.9562" lon="2.98542">
        <ele>118.5</ele>
      </trkpt>
      <trkpt lat="41.95621" lon="2.98534">
        <ele>118.5</ele>
      </trkpt>
      <trkpt lat="41.95621" lon="2.98529">
        <ele>118.5</ele>
      </trkpt>
      <trkpt lat="41.95621" lon="2.98525">
        <ele>118.6</ele>
      </trkpt>
      <trkpt lat="41.9562" lon="2.98518">
        <ele>118.7</ele>
      </trkpt>
      <trkpt lat="41.95619" lon="2.9851">
        <ele>118.9</ele>
      </trkpt>
      <trkpt lat="41.95617" lon="2.98496">
        <ele>119.1</ele>
      </trkpt>
      <trkpt lat="41.95613" lon="2.98475">
        <ele>118.9</ele>
      </trkpt>
      <trkpt lat="41.95607" lon="2.98434">
        <ele>118.3</ele>
      </trkpt>
      <trkpt lat="41.95586" lon="2.98311">
        <ele>115.7</ele>
      </trkpt>
      <trkpt lat="41.95552" lon="2.98103">
        <ele>121.1</ele>
      </trkpt>
      <trkpt lat="41.9555" lon="2.98095">
        <ele>121.4</ele>
      </trkpt>
      <trkpt lat="41.95527" lon="2.97949">
        <ele>119.9</ele>
      </trkpt>
      <trkpt lat="41.95517" lon="2.97889">
        <ele>118.6</ele>
      </trkpt>
      <trkpt lat="41.95508" lon="2.97831">
        <ele>119</ele>
      </trkpt>
      <trkpt lat="41.95506" lon="2.97821">
        <ele>119.2</ele>
      </trkpt>
      <trkpt lat="41.95504" lon="2.97811">
        <ele>119.3</ele>
      </trkpt>
      <trkpt lat="41.95502" lon="2.97803">
        <ele>119.4</ele>
      </trkpt>
      <trkpt lat="41.95501" lon="2.978">
        <ele>119.4</ele>
      </trkpt>
      <trkpt lat="41.955" lon="2.97796">
        <ele>119.4</ele>
      </trkpt>
      <trkpt lat="41.95499" lon="2.97793">
        <ele>119.4</ele>
      </trkpt>
      <trkpt lat="41.95497" lon="2.97789">
        <ele>119.4</ele>
      </trkpt>
      <trkpt lat="41.95496" lon="2.97787">
        <ele>119.4</ele>
      </trkpt>
      <trkpt lat="41.95495" lon="2.97785">
        <ele>119.4</ele>
      </trkpt>
      <trkpt lat="41.95493" lon="2.97783">
        <ele>119.3</ele>
      </trkpt>
      <trkpt lat="41.95491" lon="2.97782">
        <ele>119.3</ele>
      </trkpt>
      <trkpt lat="41.9549" lon="2.9778">
        <ele>119.3</ele>
      </trkpt>
      <trkpt lat="41.95487" lon="2.97778">
        <ele>119.2</ele>
      </trkpt>
      <trkpt lat="41.95484" lon="2.97776">
        <ele>119.1</ele>
      </trkpt>
      <trkpt lat="41.95481" lon="2.97774">
        <ele>119.1</ele>
      </trkpt>
      <trkpt lat="41.95479" lon="2.97773">
        <ele>119</ele>
      </trkpt>
      <trkpt lat="41.95476" lon="2.97772">
        <ele>118.9</ele>
      </trkpt>
      <trkpt lat="41.95473" lon="2.97771">
        <ele>118.9</ele>
      </trkpt>
      <trkpt lat="41.95468" lon="2.97771">
        <ele>118.7</ele>
      </trkpt>
      <trkpt lat="41.95465" lon="2.9777">
        <ele>118.6</ele>
      </trkpt>
      <trkpt lat="41.95394" lon="2.97768">
        <ele>117.1</ele>
      </trkpt>
      <trkpt lat="41.9539" lon="2.97768">
        <ele>117.1</ele>
      </trkpt>
      <trkpt lat="41.95383" lon="2.97767">
        <ele>117.1</ele>
      </trkpt>
      <trkpt lat="41.9538" lon="2.97766">
        <ele>117.1</ele>
      </trkpt>
      <trkpt lat="41.95378" lon="2.97766">
        <ele>117.1</ele>
      </trkpt>
      <trkpt lat="41.95376" lon="2.97765">
        <ele>117.1</ele>
      </trkpt>
      <trkpt lat="41.95374" lon="2.97764">
        <ele>117.2</ele>
      </trkpt>
      <trkpt lat="41.95371" lon="2.97762">
        <ele>117.2</ele>
      </trkpt>
      <trkpt lat="41.95368" lon="2.9776">
        <ele>117.2</ele>
      </trkpt>
      <trkpt lat="41.95359" lon="2.97751">
        <ele>117.3</ele>
      </trkpt>
      <trkpt lat="41.9535" lon="2.9774">
        <ele>116.9</ele>
      </trkpt>
      <trkpt lat="41.95317" lon="2.97697">
        <ele>114.8</ele>
      </trkpt>
      <trkpt lat="41.95312" lon="2.9769">
        <ele>114.3</ele>
      </trkpt>
      <trkpt lat="41.95301" lon="2.97676">
        <ele>113.1</ele>
      </trkpt>
      <trkpt lat="41.95289" lon="2.97662">
        <ele>111.6</ele>
      </trkpt>
      <trkpt lat="41.95284" lon="2.97658">
        <ele>111.1</ele>
      </trkpt>
      <trkpt lat="41.9528" lon="2.97655">
        <ele>110.8</ele>
      </trkpt>
      <trkpt lat="41.95275" lon="2.97652">
        <ele>110.4</ele>
      </trkpt>
      <trkpt lat="41.95271" lon="2.9765">
        <ele>110.1</ele>
      </trkpt>
      <trkpt lat="41.95263" lon="2.97647">
        <ele>109.5</ele>
      </trkpt>
      <trkpt lat="41.95254" lon="2.97645">
        <ele>109</ele>
      </trkpt>
      <trkpt lat="41.95239" lon="2.97642">
        <ele>108</ele>
      </trkpt>
      <trkpt lat="41.95201" lon="2.97634">
        <ele>105.7</ele>
      </trkpt>
      <trkpt lat="41.95122" lon="2.97618">
        <ele>103.2</ele>
      </trkpt>
      <trkpt lat="41.95103" lon="2.97614">
        <ele>103</ele>
      </trkpt>
      <trkpt lat="41.95075" lon="2.97607">
        <ele>102.5</ele>
      </trkpt>
      <trkpt lat="41.95055" lon="2.976">
        <ele>102.2</ele>
      </trkpt>
      <trkpt lat="41.95027" lon="2.97589">
        <ele>101.5</ele>
      </trkpt>
      <trkpt lat="41.94982" lon="2.97569">
        <ele>98.5</ele>
      </trkpt>
      <trkpt lat="41.94929" lon="2.97548">
        <ele>92.7</ele>
      </trkpt>
      <trkpt lat="41.94878" lon="2.97528">
        <ele>88.3</ele>
      </trkpt>
      <trkpt lat="41.94837" lon="2.97511">
        <ele>86.5</ele>
      </trkpt>
      <trkpt lat="41.94829" lon="2.97506">
        <ele>86.4</ele>
      </trkpt>
      <trkpt lat="41.94826" lon="2.97502">
        <ele>86.4</ele>
      </trkpt>
      <trkpt lat="41.94823" lon="2.97496">
        <ele>86.4</ele>
      </trkpt>
      <trkpt lat="41.94821" lon="2.97485">
        <ele>86.4</ele>
      </trkpt>
      <trkpt lat="41.9482" lon="2.97481">
        <ele>86.4</ele>
      </trkpt>
      <trkpt lat="41.9482" lon="2.97474">
        <ele>86.4</ele>
      </trkpt>
      <trkpt lat="41.94821" lon="2.9746">
        <ele>86.4</ele>
      </trkpt>
      <trkpt lat="41.94823" lon="2.97431">
        <ele>86.3</ele>
      </trkpt>
      <trkpt lat="41.94826" lon="2.97369">
        <ele>86.9</ele>
      </trkpt>
      <trkpt lat="41.94828" lon="2.97327">
        <ele>87.3</ele>
      </trkpt>
      <trkpt lat="41.94827" lon="2.97312">
        <ele>86.6</ele>
      </trkpt>
      <trkpt lat="41.94825" lon="2.97298">
        <ele>85.9</ele>
      </trkpt>
      <trkpt lat="41.9482" lon="2.97281">
        <ele>85</ele>
      </trkpt>
      <trkpt lat="41.94813" lon="2.97253">
        <ele>83.9</ele>
      </trkpt>
      <trkpt lat="41.94809" lon="2.97239">
        <ele>84.2</ele>
      </trkpt>
      <trkpt lat="41.94802" lon="2.97216">
        <ele>84.9</ele>
      </trkpt>
      <trkpt lat="41.94793" lon="2.97184">
        <ele>85.9</ele>
      </trkpt>
      <trkpt lat="41.94784" lon="2.97153">
        <ele>86.9</ele>
      </trkpt>
      <trkpt lat="41.94779" lon="2.97136">
        <ele>87.3</ele>
      </trkpt>
      <trkpt lat="41.94764" lon="2.97086">
        <ele>87.1</ele>
      </trkpt>
      <trkpt lat="41.9475" lon="2.97035">
        <ele>88.5</ele>
      </trkpt>
      <trkpt lat="41.94731" lon="2.9697">
        <ele>88.7</ele>
      </trkpt>
      <trkpt lat="41.94726" lon="2.96952">
        <ele>87.9</ele>
      </trkpt>
      <trkpt lat="41.94725" lon="2.96949">
        <ele>87.7</ele>
      </trkpt>
      <trkpt lat="41.94721" lon="2.96938">
        <ele>87.2</ele>
      </trkpt>
      <trkpt lat="41.94715" lon="2.96927">
        <ele>86.6</ele>
      </trkpt>
      <trkpt lat="41.94709" lon="2.96918">
        <ele>86.1</ele>
      </trkpt>
      <trkpt lat="41.947" lon="2.9691">
        <ele>86</ele>
      </trkpt>
      <trkpt lat="41.94688" lon="2.96902">
        <ele>85.8</ele>
      </trkpt>
      <trkpt lat="41.94584" lon="2.96833">
        <ele>83.1</ele>
      </trkpt>
      <trkpt lat="41.94446" lon="2.96741">
        <ele>85.7</ele>
      </trkpt>
      <trkpt lat="41.94348" lon="2.96677">
        <ele>92.6</ele>
      </trkpt>
      <trkpt lat="41.94335" lon="2.9667">
        <ele>93.6</ele>
      </trkpt>
      <trkpt lat="41.94323" lon="2.96664">
        <ele>94.7</ele>
      </trkpt>
      <trkpt lat="41.94314" lon="2.96663">
        <ele>95.1</ele>
      </trkpt>
      <trkpt lat="41.94305" lon="2.96662">
        <ele>95.6</ele>
      </trkpt>
      <trkpt lat="41.94296" lon="2.96663">
        <ele>95.6</ele>
      </trkpt>
      <trkpt lat="41.94287" lon="2.96664">
        <ele>95.7</ele>
      </trkpt>
      <trkpt lat="41.94275" lon="2.96668">
        <ele>95.2</ele>
      </trkpt>
      <trkpt lat="41.94249" lon="2.96676">
        <ele>95.1</ele>
      </trkpt>
      <trkpt lat="41.94212" lon="2.96688">
        <ele>98.3</ele>
      </trkpt>
      <trkpt lat="41.94201" lon="2.96693">
        <ele>98.9</ele>
      </trkpt>
      <trkpt lat="41.94195" lon="2.96698">
        <ele>98.8</ele>
      </trkpt>
      <trkpt lat="41.94188" lon="2.96703">
        <ele>98.7</ele>
      </trkpt>
      <trkpt lat="41.94183" lon="2.96708">
        <ele>98.4</ele>
      </trkpt>
      <trkpt lat="41.9417" lon="2.96717">
        <ele>98</ele>
      </trkpt>
      <trkpt lat="41.94164" lon="2.96721">
        <ele>97.8</ele>
      </trkpt>
      <trkpt lat="41.94156" lon="2.96724">
        <ele>98</ele>
      </trkpt>
      <trkpt lat="41.94132" lon="2.9673">
        <ele>98.9</ele>
      </trkpt>
      <trkpt lat="41.94109" lon="2.96735">
        <ele>99.8</ele>
      </trkpt>
      <trkpt lat="41.94097" lon="2.96736">
        <ele>100.5</ele>
      </trkpt>
      <trkpt lat="41.94084" lon="2.96735">
        <ele>101.9</ele>
      </trkpt>
      <trkpt lat="41.9406" lon="2.9673">
        <ele>103.8</ele>
      </trkpt>
      <trkpt lat="41.94016" lon="2.96725">
        <ele>105.5</ele>
      </trkpt>
      <trkpt lat="41.93994" lon="2.9672">
        <ele>105.8</ele>
      </trkpt>
      <trkpt lat="41.93986" lon="2.96718">
        <ele>105.3</ele>
      </trkpt>
      <trkpt lat="41.93985" lon="2.96717">
        <ele>105.3</ele>
      </trkpt>
      <trkpt lat="41.93979" lon="2.96713">
        <ele>105.2</ele>
      </trkpt>
      <trkpt lat="41.93975" lon="2.96709">
        <ele>105.2</ele>
      </trkpt>
      <trkpt lat="41.93975" lon="2.96708">
        <ele>105.3</ele>
      </trkpt>
      <trkpt lat="41.93974" lon="2.96707">
        <ele>105.3</ele>
      </trkpt>
      <trkpt lat="41.93972" lon="2.96701">
        <ele>105.6</ele>
      </trkpt>
      <trkpt lat="41.93971" lon="2.96698">
        <ele>105.7</ele>
      </trkpt>
      <trkpt lat="41.9397" lon="2.96696">
        <ele>105.8</ele>
      </trkpt>
      <trkpt lat="41.9397" lon="2.96691">
        <ele>106.1</ele>
      </trkpt>
      <trkpt lat="41.93969" lon="2.96685">
        <ele>106.5</ele>
      </trkpt>
      <trkpt lat="41.9397" lon="2.96677">
        <ele>107.2</ele>
      </trkpt>
      <trkpt lat="41.93971" lon="2.96663">
        <ele>108.3</ele>
      </trkpt>
      <trkpt lat="41.93973" lon="2.96647">
        <ele>109.4</ele>
      </trkpt>
      <trkpt lat="41.93976" lon="2.96619">
        <ele>111.1</ele>
      </trkpt>
      <trkpt lat="41.93978" lon="2.9661">
        <ele>111.8</ele>
      </trkpt>
      <trkpt lat="41.93981" lon="2.96598">
        <ele>112.8</ele>
      </trkpt>
      <trkpt lat="41.93985" lon="2.96586">
        <ele>113.9</ele>
      </trkpt>
      <trkpt lat="41.93987" lon="2.96578">
        <ele>114.4</ele>
      </trkpt>
      <trkpt lat="41.93989" lon="2.96569">
        <ele>114.8</ele>
      </trkpt>
      <trkpt lat="41.93989" lon="2.96565">
        <ele>114.9</ele>
      </trkpt>
      <trkpt lat="41.9399" lon="2.96551">
        <ele>115.3</ele>
      </trkpt>
      <trkpt lat="41.93989" lon="2.9652">
        <ele>115.8</ele>
      </trkpt>
      <trkpt lat="41.93988" lon="2.96499">
        <ele>116.1</ele>
      </trkpt>
      <trkpt lat="41.93987" lon="2.96494">
        <ele>116.3</ele>
      </trkpt>
      <trkpt lat="41.93986" lon="2.96491">
        <ele>116.4</ele>
      </trkpt>
      <trkpt lat="41.93984" lon="2.96487">
        <ele>116.4</ele>
      </trkpt>
      <trkpt lat="41.93983" lon="2.96484">
        <ele>116.4</ele>
      </trkpt>
      <trkpt lat="41.93973" lon="2.96469">
        <ele>115.7</ele>
      </trkpt>
      <trkpt lat="41.93963" lon="2.96454">
        <ele>114.7</ele>
      </trkpt>
      <trkpt lat="41.93946" lon="2.9643">
        <ele>112.4</ele>
      </trkpt>
      <trkpt lat="41.93935" lon="2.96415">
        <ele>110.5</ele>
      </trkpt>
      <trkpt lat="41.93921" lon="2.96394">
        <ele>108.4</ele>
      </trkpt>
      <trkpt lat="41.93916" lon="2.96384">
        <ele>108</ele>
      </trkpt>
      <trkpt lat="41.93913" lon="2.96376">
        <ele>108.6</ele>
      </trkpt>
      <trkpt lat="41.93912" lon="2.96366">
        <ele>109.2</ele>
      </trkpt>
      <trkpt lat="41.93911" lon="2.96355">
        <ele>109.9</ele>
      </trkpt>
      <trkpt lat="41.93911" lon="2.96346">
        <ele>110.3</ele>
      </trkpt>
      <trkpt lat="41.93911" lon="2.96334">
        <ele>111</ele>
      </trkpt>
      <trkpt lat="41.93911" lon="2.96322">
        <ele>111</ele>
      </trkpt>
      <trkpt lat="41.93912" lon="2.96315">
        <ele>111</ele>
      </trkpt>
      <trkpt lat="41.93913" lon="2.96309">
        <ele>111.1</ele>
      </trkpt>
      <trkpt lat="41.93915" lon="2.96304">
        <ele>111</ele>
      </trkpt>
      <trkpt lat="41.93916" lon="2.96301">
        <ele>111</ele>
      </trkpt>
      <trkpt lat="41.93921" lon="2.96292">
        <ele>112</ele>
      </trkpt>
      <trkpt lat="41.93926" lon="2.96285">
        <ele>113.2</ele>
      </trkpt>
      <trkpt lat="41.93935" lon="2.96268">
        <ele>115.4</ele>
      </trkpt>
      <trkpt lat="41.93937" lon="2.96264">
        <ele>115.8</ele>
      </trkpt>
      <trkpt lat="41.93938" lon="2.96261">
        <ele>116.1</ele>
      </trkpt>
      <trkpt lat="41.93938" lon="2.96258">
        <ele>116.1</ele>
      </trkpt>
      <trkpt lat="41.93939" lon="2.96253">
        <ele>116.4</ele>
      </trkpt>
      <trkpt lat="41.93939" lon="2.96246">
        <ele>116.2</ele>
      </trkpt>
      <trkpt lat="41.9394" lon="2.96226">
        <ele>115.9</ele>
      </trkpt>
      <trkpt lat="41.93941" lon="2.96216">
        <ele>115.8</ele>
      </trkpt>
      <trkpt lat="41.93945" lon="2.96204">
        <ele>116.3</ele>
      </trkpt>
      <trkpt lat="41.93948" lon="2.96197">
        <ele>116.8</ele>
      </trkpt>
      <trkpt lat="41.93949" lon="2.96192">
        <ele>116.8</ele>
      </trkpt>
      <trkpt lat="41.93949" lon="2.96187">
        <ele>116.7</ele>
      </trkpt>
      <trkpt lat="41.93948" lon="2.96182">
        <ele>116.3</ele>
      </trkpt>
      <trkpt lat="41.93943" lon="2.96171">
        <ele>114.8</ele>
      </trkpt>
      <trkpt lat="41.93932" lon="2.96148">
        <ele>113.2</ele>
      </trkpt>
      <trkpt lat="41.93923" lon="2.96127">
        <ele>112.2</ele>
      </trkpt>
      <trkpt lat="41.93909" lon="2.96098">
        <ele>112.8</ele>
      </trkpt>
      <trkpt lat="41.93894" lon="2.96068">
        <ele>115.2</ele>
      </trkpt>
      <trkpt lat="41.93859" lon="2.95991">
        <ele>114.6</ele>
      </trkpt>
      <trkpt lat="41.93849" lon="2.95976">
        <ele>113.4</ele>
      </trkpt>
      <trkpt lat="41.93839" lon="2.95964">
        <ele>112.2</ele>
      </trkpt>
      <trkpt lat="41.93829" lon="2.95952">
        <ele>112.1</ele>
      </trkpt>
      <trkpt lat="41.93818" lon="2.95934">
        <ele>113.1</ele>
      </trkpt>
      <trkpt lat="41.93812" lon="2.95918">
        <ele>113.3</ele>
      </trkpt>
      <trkpt lat="41.93807" lon="2.95903">
        <ele>112.6</ele>
      </trkpt>
      <trkpt lat="41.93806" lon="2.95896">
        <ele>112.2</ele>
      </trkpt>
      <trkpt lat="41.93805" lon="2.9589">
        <ele>111.8</ele>
      </trkpt>
      <trkpt lat="41.93805" lon="2.95886">
        <ele>111.6</ele>
      </trkpt>
      <trkpt lat="41.93806" lon="2.95882">
        <ele>111.4</ele>
      </trkpt>
      <trkpt lat="41.93806" lon="2.95879">
        <ele>111.2</ele>
      </trkpt>
      <trkpt lat="41.93808" lon="2.95875">
        <ele>111</ele>
      </trkpt>
      <trkpt lat="41.93818" lon="2.95844">
        <ele>109.4</ele>
      </trkpt>
      <trkpt lat="41.93823" lon="2.95831">
        <ele>108.8</ele>
      </trkpt>
      <trkpt lat="41.93828" lon="2.95815">
        <ele>108.1</ele>
      </trkpt>
      <trkpt lat="41.93832" lon="2.95805">
        <ele>107.6</ele>
      </trkpt>
      <trkpt lat="41.93838" lon="2.95793">
        <ele>107.4</ele>
      </trkpt>
      <trkpt lat="41.93845" lon="2.95787">
        <ele>107.5</ele>
      </trkpt>
      <trkpt lat="41.93854" lon="2.95782">
        <ele>107.8</ele>
      </trkpt>
      <trkpt lat="41.93871" lon="2.95776">
        <ele>108.3</ele>
      </trkpt>
      <trkpt lat="41.93888" lon="2.9577">
        <ele>108.7</ele>
      </trkpt>
      <trkpt lat="41.93894" lon="2.95768">
        <ele>108.8</ele>
      </trkpt>
      <trkpt lat="41.93908" lon="2.95763">
        <ele>109</ele>
      </trkpt>
      <trkpt lat="41.93919" lon="2.95757">
        <ele>108.8</ele>
      </trkpt>
      <trkpt lat="41.93924" lon="2.9575">
        <ele>108.2</ele>
      </trkpt>
      <trkpt lat="41.93928" lon="2.95739">
        <ele>109.2</ele>
      </trkpt>
      <trkpt lat="41.93928" lon="2.95731">
        <ele>109.9</ele>
      </trkpt>
      <trkpt lat="41.93927" lon="2.95722">
        <ele>110.7</ele>
      </trkpt>
      <trkpt lat="41.93925" lon="2.95716">
        <ele>111.2</ele>
      </trkpt>
      <trkpt lat="41.93923" lon="2.95708">
        <ele>112</ele>
      </trkpt>
      <trkpt lat="41.93921" lon="2.95701">
        <ele>112.6</ele>
      </trkpt>
      <trkpt lat="41.93917" lon="2.95696">
        <ele>113.2</ele>
      </trkpt>
      <trkpt lat="41.93913" lon="2.95693">
        <ele>113.3</ele>
      </trkpt>
      <trkpt lat="41.93907" lon="2.95689">
        <ele>113.5</ele>
      </trkpt>
      <trkpt lat="41.93895" lon="2.95685">
        <ele>113.5</ele>
      </trkpt>
      <trkpt lat="41.93886" lon="2.95683">
        <ele>113.3</ele>
      </trkpt>
      <trkpt lat="41.93878" lon="2.95682">
        <ele>113.1</ele>
      </trkpt>
      <trkpt lat="41.93871" lon="2.95681">
        <ele>113</ele>
      </trkpt>
      <trkpt lat="41.93866" lon="2.95681">
        <ele>112.8</ele>
      </trkpt>
      <trkpt lat="41.93857" lon="2.95682">
        <ele>112.4</ele>
      </trkpt>
      <trkpt lat="41.93834" lon="2.95686">
        <ele>111.2</ele>
      </trkpt>
      <trkpt lat="41.93823" lon="2.95688">
        <ele>110.4</ele>
      </trkpt>
      <trkpt lat="41.93807" lon="2.95685">
        <ele>109.8</ele>
      </trkpt>
      <trkpt lat="41.93795" lon="2.95678">
        <ele>109.5</ele>
      </trkpt>
      <trkpt lat="41.93778" lon="2.9566">
        <ele>109.4</ele>
      </trkpt>
      <trkpt lat="41.93749" lon="2.95631">
        <ele>108.7</ele>
      </trkpt>
      <trkpt lat="41.93706" lon="2.95588">
        <ele>108.3</ele>
      </trkpt>
      <trkpt lat="41.93669" lon="2.95553">
        <ele>109.4</ele>
      </trkpt>
      <trkpt lat="41.9366" lon="2.95542">
        <ele>110.6</ele>
      </trkpt>
      <trkpt lat="41.93655" lon="2.95535">
        <ele>111.3</ele>
      </trkpt>
      <trkpt lat="41.93647" lon="2.95519">
        <ele>112.5</ele>
      </trkpt>
      <trkpt lat="41.9364" lon="2.95504">
        <ele>113.2</ele>
      </trkpt>
      <trkpt lat="41.93639" lon="2.95503">
        <ele>113.2</ele>
      </trkpt>
      <trkpt lat="41.93634" lon="2.95492">
        <ele>113.3</ele>
      </trkpt>
      <trkpt lat="41.93629" lon="2.95482">
        <ele>113.3</ele>
      </trkpt>
      <trkpt lat="41.93624" lon="2.95472">
        <ele>113.3</ele>
      </trkpt>
      <trkpt lat="41.93619" lon="2.95461">
        <ele>113.1</ele>
      </trkpt>
      <trkpt lat="41.93616" lon="2.95454">
        <ele>113</ele>
      </trkpt>
      <trkpt lat="41.93615" lon="2.95446">
        <ele>113.1</ele>
      </trkpt>
      <trkpt lat="41.93614" lon="2.95439">
        <ele>113.2</ele>
      </trkpt>
      <trkpt lat="41.93614" lon="2.95431">
        <ele>113.4</ele>
      </trkpt>
      <trkpt lat="41.93616" lon="2.95414">
        <ele>114</ele>
      </trkpt>
      <trkpt lat="41.93617" lon="2.95399">
        <ele>114.4</ele>
      </trkpt>
      <trkpt lat="41.93618" lon="2.95388">
        <ele>114.7</ele>
      </trkpt>
      <trkpt lat="41.93619" lon="2.95376">
        <ele>115</ele>
      </trkpt>
      <trkpt lat="41.9362" lon="2.95364">
        <ele>115.4</ele>
      </trkpt>
      <trkpt lat="41.93621" lon="2.95354">
        <ele>115.7</ele>
      </trkpt>
      <trkpt lat="41.93622" lon="2.95343">
        <ele>116</ele>
      </trkpt>
      <trkpt lat="41.93623" lon="2.95326">
        <ele>116.4</ele>
      </trkpt>
      <trkpt lat="41.93624" lon="2.95317">
        <ele>116.6</ele>
      </trkpt>
      <trkpt lat="41.93626" lon="2.95312">
        <ele>116.8</ele>
      </trkpt>
      <trkpt lat="41.93626" lon="2.95309">
        <ele>116.8</ele>
      </trkpt>
      <trkpt lat="41.93627" lon="2.95307">
        <ele>116.9</ele>
      </trkpt>
      <trkpt lat="41.93629" lon="2.95303">
        <ele>117</ele>
      </trkpt>
      <trkpt lat="41.93632" lon="2.95297">
        <ele>117.1</ele>
      </trkpt>
      <trkpt lat="41.93635" lon="2.95293">
        <ele>117.1</ele>
      </trkpt>
      <trkpt lat="41.93639" lon="2.95287">
        <ele>117.1</ele>
      </trkpt>
      <trkpt lat="41.93647" lon="2.95278">
        <ele>116.7</ele>
      </trkpt>
      <trkpt lat="41.93657" lon="2.95266">
        <ele>115.8</ele>
      </trkpt>
      <trkpt lat="41.93665" lon="2.95257">
        <ele>114.7</ele>
      </trkpt>
      <trkpt lat="41.93671" lon="2.9525">
        <ele>114.8</ele>
      </trkpt>
      <trkpt lat="41.93677" lon="2.95245">
        <ele>115.6</ele>
      </trkpt>
      <trkpt lat="41.93681" lon="2.95242">
        <ele>116.1</ele>
      </trkpt>
      <trkpt lat="41.93684" lon="2.95241">
        <ele>116.5</ele>
      </trkpt>
      <trkpt lat="41.93688" lon="2.9524">
        <ele>117.1</ele>
      </trkpt>
      <trkpt lat="41.93692" lon="2.9524">
        <ele>117.8</ele>
      </trkpt>
      <trkpt lat="41.93696" lon="2.95241">
        <ele>118.6</ele>
      </trkpt>
      <trkpt lat="41.93702" lon="2.95241">
        <ele>119.6</ele>
      </trkpt>
      <trkpt lat="41.9371" lon="2.95241">
        <ele>121</ele>
      </trkpt>
      <trkpt lat="41.93716" lon="2.9524">
        <ele>121.9</ele>
      </trkpt>
      <trkpt lat="41.93722" lon="2.95237">
        <ele>122.6</ele>
      </trkpt>
      <trkpt lat="41.93729" lon="2.95233">
        <ele>123.3</ele>
      </trkpt>
      <trkpt lat="41.93743" lon="2.95223">
        <ele>124.4</ele>
      </trkpt>
      <trkpt lat="41.93748" lon="2.95218">
        <ele>124.5</ele>
      </trkpt>
      <trkpt lat="41.93754" lon="2.95214">
        <ele>124.9</ele>
      </trkpt>
      <trkpt lat="41.93759" lon="2.95208">
        <ele>125</ele>
      </trkpt>
      <trkpt lat="41.93762" lon="2.95203">
        <ele>124.9</ele>
      </trkpt>
      <trkpt lat="41.93765" lon="2.95196">
        <ele>124.5</ele>
      </trkpt>
      <trkpt lat="41.9377" lon="2.95171">
        <ele>122.4</ele>
      </trkpt>
      <trkpt lat="41.93773" lon="2.95156">
        <ele>121.9</ele>
      </trkpt>
      <trkpt lat="41.93775" lon="2.95147">
        <ele>121.8</ele>
      </trkpt>
      <trkpt lat="41.93777" lon="2.95137">
        <ele>121.7</ele>
      </trkpt>
      <trkpt lat="41.93779" lon="2.95126">
        <ele>121.4</ele>
      </trkpt>
      <trkpt lat="41.9378" lon="2.9512">
        <ele>121.3</ele>
      </trkpt>
      <trkpt lat="41.93782" lon="2.95114">
        <ele>121.3</ele>
      </trkpt>
      <trkpt lat="41.93784" lon="2.9511">
        <ele>121.4</ele>
      </trkpt>
      <trkpt lat="41.93786" lon="2.95106">
        <ele>121.5</ele>
      </trkpt>
      <trkpt lat="41.93789" lon="2.951">
        <ele>121.6</ele>
      </trkpt>
      <trkpt lat="41.93794" lon="2.95092">
        <ele>121.9</ele>
      </trkpt>
      <trkpt lat="41.93801" lon="2.95081">
        <ele>122.3</ele>
      </trkpt>
      <trkpt lat="41.93805" lon="2.95072">
        <ele>122.7</ele>
      </trkpt>
      <trkpt lat="41.93807" lon="2.95066">
        <ele>122.9</ele>
      </trkpt>
      <trkpt lat="41.93811" lon="2.95046">
        <ele>122.9</ele>
      </trkpt>
      <trkpt lat="41.93813" lon="2.95037">
        <ele>122.8</ele>
      </trkpt>
      <trkpt lat="41.93813" lon="2.95031">
        <ele>122.6</ele>
      </trkpt>
      <trkpt lat="41.93815" lon="2.9502">
        <ele>122.4</ele>
      </trkpt>
      <trkpt lat="41.93816" lon="2.95006">
        <ele>122</ele>
      </trkpt>
      <trkpt lat="41.93818" lon="2.94992">
        <ele>122.5</ele>
      </trkpt>
      <trkpt lat="41.9382" lon="2.94983">
        <ele>123.3</ele>
      </trkpt>
      <trkpt lat="41.93821" lon="2.9498">
        <ele>123.6</ele>
      </trkpt>
      <trkpt lat="41.93822" lon="2.94978">
        <ele>123.8</ele>
      </trkpt>
      <trkpt lat="41.93824" lon="2.94974">
        <ele>124.1</ele>
      </trkpt>
      <trkpt lat="41.93826" lon="2.94972">
        <ele>124.3</ele>
      </trkpt>
      <trkpt lat="41.93828" lon="2.9497">
        <ele>124.5</ele>
      </trkpt>
      <trkpt lat="41.9383" lon="2.94968">
        <ele>124.7</ele>
      </trkpt>
      <trkpt lat="41.93833" lon="2.94966">
        <ele>124.9</ele>
      </trkpt>
      <trkpt lat="41.93836" lon="2.94964">
        <ele>125.1</ele>
      </trkpt>
      <trkpt lat="41.9384" lon="2.94962">
        <ele>125.4</ele>
      </trkpt>
      <trkpt lat="41.93849" lon="2.94957">
        <ele>126</ele>
      </trkpt>
      <trkpt lat="41.93864" lon="2.9495">
        <ele>126.5</ele>
      </trkpt>
      <trkpt lat="41.93878" lon="2.94943">
        <ele>126.7</ele>
      </trkpt>
      <trkpt lat="41.9388" lon="2.94942">
        <ele>126.7</ele>
      </trkpt>
      <trkpt lat="41.93884" lon="2.94939">
        <ele>126.6</ele>
      </trkpt>
      <trkpt lat="41.93886" lon="2.94937">
        <ele>126.6</ele>
      </trkpt>
      <trkpt lat="41.93888" lon="2.94934">
        <ele>126.6</ele>
      </trkpt>
      <trkpt lat="41.9389" lon="2.9493">
        <ele>126.5</ele>
      </trkpt>
      <trkpt lat="41.93892" lon="2.94925">
        <ele>126.3</ele>
      </trkpt>
      <trkpt lat="41.93893" lon="2.9492">
        <ele>126.2</ele>
      </trkpt>
      <trkpt lat="41.93894" lon="2.94917">
        <ele>126.1</ele>
      </trkpt>
      <trkpt lat="41.93894" lon="2.94914">
        <ele>126.8</ele>
      </trkpt>
      <trkpt lat="41.93894" lon="2.9491">
        <ele>127.9</ele>
      </trkpt>
      <trkpt lat="41.93893" lon="2.94907">
        <ele>128.8</ele>
      </trkpt>
      <trkpt lat="41.93892" lon="2.94904">
        <ele>129.6</ele>
      </trkpt>
      <trkpt lat="41.93891" lon="2.94902">
        <ele>130.2</ele>
      </trkpt>
      <trkpt lat="41.93889" lon="2.949">
        <ele>130.8</ele>
      </trkpt>
      <trkpt lat="41.93886" lon="2.94898">
        <ele>131.4</ele>
      </trkpt>
      <trkpt lat="41.93883" lon="2.94897">
        <ele>131.8</ele>
      </trkpt>
      <trkpt lat="41.93877" lon="2.94894">
        <ele>132.8</ele>
      </trkpt>
      <trkpt lat="41.93874" lon="2.94893">
        <ele>133.1</ele>
      </trkpt>
      <trkpt lat="41.93871" lon="2.94893">
        <ele>133.2</ele>
      </trkpt>
      <trkpt lat="41.93867" lon="2.94892">
        <ele>133.6</ele>
      </trkpt>
      <trkpt lat="41.93864" lon="2.94892">
        <ele>133.7</ele>
      </trkpt>
      <trkpt lat="41.93861" lon="2.94892">
        <ele>133.8</ele>
      </trkpt>
      <trkpt lat="41.93859" lon="2.94892">
        <ele>133.8</ele>
      </trkpt>
      <trkpt lat="41.93856" lon="2.94893">
        <ele>133.7</ele>
      </trkpt>
      <trkpt lat="41.93855" lon="2.94894">
        <ele>133.5</ele>
      </trkpt>
      <trkpt lat="41.93854" lon="2.94894">
        <ele>133.5</ele>
      </trkpt>
      <trkpt lat="41.93849" lon="2.94897">
        <ele>133</ele>
      </trkpt>
      <trkpt lat="41.93846" lon="2.949">
        <ele>132.3</ele>
      </trkpt>
      <trkpt lat="41.93844" lon="2.94901">
        <ele>132.2</ele>
      </trkpt>
      <trkpt lat="41.93841" lon="2.94904">
        <ele>131.6</ele>
      </trkpt>
      <trkpt lat="41.93837" lon="2.94907">
        <ele>131.1</ele>
      </trkpt>
      <trkpt lat="41.93834" lon="2.9491">
        <ele>130.5</ele>
      </trkpt>
      <trkpt lat="41.9383" lon="2.94912">
        <ele>130.1</ele>
      </trkpt>
      <trkpt lat="41.93829" lon="2.94913">
        <ele>129.9</ele>
      </trkpt>
      <trkpt lat="41.93827" lon="2.94914">
        <ele>129.6</ele>
      </trkpt>
      <trkpt lat="41.93817" lon="2.94917">
        <ele>129.2</ele>
      </trkpt>
      <trkpt lat="41.93802" lon="2.9492">
        <ele>129.1</ele>
      </trkpt>
      <trkpt lat="41.93798" lon="2.94922">
        <ele>128.9</ele>
      </trkpt>
      <trkpt lat="41.93793" lon="2.94925">
        <ele>128.7</ele>
      </trkpt>
      <trkpt lat="41.93785" lon="2.94932">
        <ele>128.1</ele>
      </trkpt>
      <trkpt lat="41.93774" lon="2.94946">
        <ele>126.7</ele>
      </trkpt>
      <trkpt lat="41.9377" lon="2.94951">
        <ele>126.2</ele>
      </trkpt>
      <trkpt lat="41.93767" lon="2.94953">
        <ele>126</ele>
      </trkpt>
      <trkpt lat="41.93766" lon="2.94955">
        <ele>125.8</ele>
      </trkpt>
      <trkpt lat="41.93765" lon="2.94955">
        <ele>125.8</ele>
      </trkpt>
      <trkpt lat="41.93764" lon="2.94956">
        <ele>125.7</ele>
      </trkpt>
      <trkpt lat="41.93762" lon="2.94957">
        <ele>125.6</ele>
      </trkpt>
      <trkpt lat="41.93759" lon="2.94957">
        <ele>125.6</ele>
      </trkpt>
      <trkpt lat="41.93755" lon="2.94957">
        <ele>125.6</ele>
      </trkpt>
      <trkpt lat="41.93751" lon="2.94956">
        <ele>125.8</ele>
      </trkpt>
      <trkpt lat="41.9375" lon="2.94956">
        <ele>125.8</ele>
      </trkpt>
      <trkpt lat="41.93748" lon="2.94954">
        <ele>125.8</ele>
      </trkpt>
      <trkpt lat="41.93746" lon="2.94952">
        <ele>125.8</ele>
      </trkpt>
      <trkpt lat="41.93744" lon="2.94949">
        <ele>125.9</ele>
      </trkpt>
      <trkpt lat="41.93742" lon="2.94943">
        <ele>126.2</ele>
      </trkpt>
      <trkpt lat="41.93739" lon="2.94934">
        <ele>126.8</ele>
      </trkpt>
      <trkpt lat="41.93738" lon="2.9493">
        <ele>127</ele>
      </trkpt>
      <trkpt lat="41.93737" lon="2.94922">
        <ele>127.6</ele>
      </trkpt>
      <trkpt lat="41.93736" lon="2.94919">
        <ele>127.8</ele>
      </trkpt>
      <trkpt lat="41.93736" lon="2.94913">
        <ele>128.1</ele>
      </trkpt>
      <trkpt lat="41.93736" lon="2.94907">
        <ele>128.4</ele>
      </trkpt>
      <trkpt lat="41.93736" lon="2.94901">
        <ele>128.6</ele>
      </trkpt>
      <trkpt lat="41.93737" lon="2.94889">
        <ele>129.2</ele>
      </trkpt>
      <trkpt lat="41.93738" lon="2.94879">
        <ele>129.8</ele>
      </trkpt>
      <trkpt lat="41.93739" lon="2.94869">
        <ele>130.4</ele>
      </trkpt>
      <trkpt lat="41.93741" lon="2.94858">
        <ele>131.2</ele>
      </trkpt>
      <trkpt lat="41.93744" lon="2.9485">
        <ele>132.1</ele>
      </trkpt>
      <trkpt lat="41.93749" lon="2.9484">
        <ele>133.5</ele>
      </trkpt>
      <trkpt lat="41.93754" lon="2.94834">
        <ele>134.6</ele>
      </trkpt>
      <trkpt lat="41.93758" lon="2.94827">
        <ele>135.1</ele>
      </trkpt>
      <trkpt lat="41.93759" lon="2.94825">
        <ele>135.2</ele>
      </trkpt>
      <trkpt lat="41.9376" lon="2.94822">
        <ele>135.3</ele>
      </trkpt>
      <trkpt lat="41.93761" lon="2.94819">
        <ele>135.4</ele>
      </trkpt>
      <trkpt lat="41.93761" lon="2.94816">
        <ele>135.3</ele>
      </trkpt>
      <trkpt lat="41.9376" lon="2.94809">
        <ele>134.9</ele>
      </trkpt>
      <trkpt lat="41.9376" lon="2.94807">
        <ele>134.8</ele>
      </trkpt>
      <trkpt lat="41.9376" lon="2.94805">
        <ele>134.8</ele>
      </trkpt>
      <trkpt lat="41.93759" lon="2.94801">
        <ele>134.5</ele>
      </trkpt>
      <trkpt lat="41.93757" lon="2.94795">
        <ele>133.9</ele>
      </trkpt>
      <trkpt lat="41.93755" lon="2.94788">
        <ele>133.3</ele>
      </trkpt>
      <trkpt lat="41.93754" lon="2.94787">
        <ele>133.1</ele>
      </trkpt>
      <trkpt lat="41.93754" lon="2.94785">
        <ele>133</ele>
      </trkpt>
      <trkpt lat="41.93754" lon="2.94783">
        <ele>132.9</ele>
      </trkpt>
      <trkpt lat="41.93754" lon="2.9478">
        <ele>132.8</ele>
      </trkpt>
      <trkpt lat="41.93754" lon="2.94779">
        <ele>132.8</ele>
      </trkpt>
      <trkpt lat="41.93756" lon="2.94773">
        <ele>133</ele>
      </trkpt>
      <trkpt lat="41.93757" lon="2.94769">
        <ele>133.1</ele>
      </trkpt>
      <trkpt lat="41.93759" lon="2.94767">
        <ele>133.4</ele>
      </trkpt>
      <trkpt lat="41.93761" lon="2.94764">
        <ele>133.7</ele>
      </trkpt>
      <trkpt lat="41.93765" lon="2.94761">
        <ele>134.4</ele>
      </trkpt>
      <trkpt lat="41.93765" lon="2.9476">
        <ele>134.4</ele>
      </trkpt>
      <trkpt lat="41.93766" lon="2.9476">
        <ele>134.6</ele>
      </trkpt>
      <trkpt lat="41.93769" lon="2.94759">
        <ele>135.1</ele>
      </trkpt>
      <trkpt lat="41.9377" lon="2.94758">
        <ele>135.3</ele>
      </trkpt>
      <trkpt lat="41.93773" lon="2.94758">
        <ele>135.9</ele>
      </trkpt>
      <trkpt lat="41.93783" lon="2.94759">
        <ele>137.9</ele>
      </trkpt>
      <trkpt lat="41.93792" lon="2.9476">
        <ele>139.7</ele>
      </trkpt>
      <trkpt lat="41.93794" lon="2.9476">
        <ele>140.1</ele>
      </trkpt>
      <trkpt lat="41.93796" lon="2.9476">
        <ele>140.5</ele>
      </trkpt>
      <trkpt lat="41.93799" lon="2.94759">
        <ele>141.1</ele>
      </trkpt>
      <trkpt lat="41.93802" lon="2.94759">
        <ele>141.7</ele>
      </trkpt>
      <trkpt lat="41.93808" lon="2.94757">
        <ele>142.9</ele>
      </trkpt>
      <trkpt lat="41.93813" lon="2.94752">
        <ele>143.9</ele>
      </trkpt>
      <trkpt lat="41.93818" lon="2.94747">
        <ele>144.8</ele>
      </trkpt>
      <trkpt lat="41.93827" lon="2.94738">
        <ele>146.4</ele>
      </trkpt>
      <trkpt lat="41.93835" lon="2.94734">
        <ele>147.9</ele>
      </trkpt>
      <trkpt lat="41.93842" lon="2.94732">
        <ele>149</ele>
      </trkpt>
      <trkpt lat="41.93848" lon="2.94728">
        <ele>149.9</ele>
      </trkpt>
      <trkpt lat="41.93851" lon="2.94725">
        <ele>150.4</ele>
      </trkpt>
      <trkpt lat="41.93853" lon="2.94722">
        <ele>150.7</ele>
      </trkpt>
      <trkpt lat="41.93855" lon="2.9472">
        <ele>151</ele>
      </trkpt>
      <trkpt lat="41.93857" lon="2.94718">
        <ele>151.4</ele>
      </trkpt>
      <trkpt lat="41.93858" lon="2.94715">
        <ele>151.5</ele>
      </trkpt>
      <trkpt lat="41.9386" lon="2.94711">
        <ele>151.8</ele>
      </trkpt>
      <trkpt lat="41.93861" lon="2.94708">
        <ele>152</ele>
      </trkpt>
      <trkpt lat="41.93862" lon="2.94703">
        <ele>152.1</ele>
      </trkpt>
      <trkpt lat="41.93865" lon="2.94695">
        <ele>152.6</ele>
      </trkpt>
      <trkpt lat="41.93866" lon="2.94691">
        <ele>152.8</ele>
      </trkpt>
      <trkpt lat="41.93868" lon="2.94689">
        <ele>153.2</ele>
      </trkpt>
      <trkpt lat="41.93873" lon="2.94684">
        <ele>154.1</ele>
      </trkpt>
      <trkpt lat="41.93881" lon="2.94678">
        <ele>155.7</ele>
      </trkpt>
      <trkpt lat="41.93887" lon="2.94672">
        <ele>156.9</ele>
      </trkpt>
      <trkpt lat="41.9389" lon="2.94668">
        <ele>157.5</ele>
      </trkpt>
      <trkpt lat="41.93892" lon="2.94665">
        <ele>158.1</ele>
      </trkpt>
      <trkpt lat="41.93893" lon="2.94663">
        <ele>158.4</ele>
      </trkpt>
      <trkpt lat="41.93894" lon="2.94661">
        <ele>158.8</ele>
      </trkpt>
      <trkpt lat="41.93894" lon="2.94659">
        <ele>158.9</ele>
      </trkpt>
      <trkpt lat="41.93894" lon="2.94658">
        <ele>159</ele>
      </trkpt>
      <trkpt lat="41.93895" lon="2.94654">
        <ele>159.4</ele>
      </trkpt>
      <trkpt lat="41.93895" lon="2.94651">
        <ele>159.6</ele>
      </trkpt>
      <trkpt lat="41.93895" lon="2.94648">
        <ele>159.8</ele>
      </trkpt>
      <trkpt lat="41.93894" lon="2.94645">
        <ele>159.8</ele>
      </trkpt>
      <trkpt lat="41.93894" lon="2.94642">
        <ele>160</ele>
      </trkpt>
      <trkpt lat="41.93893" lon="2.9464">
        <ele>160</ele>
      </trkpt>
      <trkpt lat="41.9389" lon="2.94632">
        <ele>159.9</ele>
      </trkpt>
      <trkpt lat="41.93888" lon="2.94624">
        <ele>160.1</ele>
      </trkpt>
      <trkpt lat="41.93885" lon="2.94617">
        <ele>160</ele>
      </trkpt>
      <trkpt lat="41.93883" lon="2.94611">
        <ele>160</ele>
      </trkpt>
      <trkpt lat="41.93883" lon="2.94601">
        <ele>160.7</ele>
      </trkpt>
      <trkpt lat="41.93882" lon="2.94589">
        <ele>161.4</ele>
      </trkpt>
      <trkpt lat="41.93882" lon="2.94582">
        <ele>161.9</ele>
      </trkpt>
      <trkpt lat="41.9388" lon="2.94577">
        <ele>162.1</ele>
      </trkpt>
      <trkpt lat="41.93879" lon="2.94574">
        <ele>162.2</ele>
      </trkpt>
      <trkpt lat="41.93877" lon="2.94571">
        <ele>162.2</ele>
      </trkpt>
      <trkpt lat="41.93875" lon="2.9457">
        <ele>162</ele>
      </trkpt>
      <trkpt lat="41.93873" lon="2.94569">
        <ele>161.8</ele>
      </trkpt>
      <trkpt lat="41.93872" lon="2.94568">
        <ele>161.8</ele>
      </trkpt>
      <trkpt lat="41.93871" lon="2.94568">
        <ele>161.6</ele>
      </trkpt>
      <trkpt lat="41.93869" lon="2.94567">
        <ele>161.4</ele>
      </trkpt>
      <trkpt lat="41.93868" lon="2.94567">
        <ele>161.2</ele>
      </trkpt>
      <trkpt lat="41.93866" lon="2.94567">
        <ele>160.9</ele>
      </trkpt>
      <trkpt lat="41.93864" lon="2.94567">
        <ele>160.6</ele>
      </trkpt>
      <trkpt lat="41.93862" lon="2.94568">
        <ele>160.1</ele>
      </trkpt>
      <trkpt lat="41.93861" lon="2.94569">
        <ele>159.8</ele>
      </trkpt>
      <trkpt lat="41.93856" lon="2.94571">
        <ele>158.7</ele>
      </trkpt>
      <trkpt lat="41.93854" lon="2.94572">
        <ele>158.3</ele>
      </trkpt>
      <trkpt lat="41.93853" lon="2.94573">
        <ele>157.9</ele>
      </trkpt>
      <trkpt lat="41.9385" lon="2.94573">
        <ele>157.4</ele>
      </trkpt>
      <trkpt lat="41.93848" lon="2.94573">
        <ele>157.1</ele>
      </trkpt>
      <trkpt lat="41.93846" lon="2.94572">
        <ele>156.9</ele>
      </trkpt>
      <trkpt lat="41.93842" lon="2.9457">
        <ele>156.5</ele>
      </trkpt>
      <trkpt lat="41.93838" lon="2.94566">
        <ele>156.5</ele>
      </trkpt>
      <trkpt lat="41.93835" lon="2.94562">
        <ele>156.6</ele>
      </trkpt>
      <trkpt lat="41.93832" lon="2.94554">
        <ele>157.1</ele>
      </trkpt>
      <trkpt lat="41.9383" lon="2.94548">
        <ele>157.4</ele>
      </trkpt>
      <trkpt lat="41.93827" lon="2.94534">
        <ele>158.5</ele>
      </trkpt>
      <trkpt lat="41.93819" lon="2.94503">
        <ele>160.2</ele>
      </trkpt>
      <trkpt lat="41.93815" lon="2.94488">
        <ele>159.7</ele>
      </trkpt>
      <trkpt lat="41.93812" lon="2.94474">
        <ele>159.2</ele>
      </trkpt>
      <trkpt lat="41.9381" lon="2.94468">
        <ele>158.8</ele>
      </trkpt>
      <trkpt lat="41.93808" lon="2.94458">
        <ele>158.5</ele>
      </trkpt>
      <trkpt lat="41.93808" lon="2.94454">
        <ele>158.7</ele>
      </trkpt>
      <trkpt lat="41.93808" lon="2.94452">
        <ele>158.8</ele>
      </trkpt>
      <trkpt lat="41.93808" lon="2.94448">
        <ele>159</ele>
      </trkpt>
      <trkpt lat="41.93809" lon="2.94442">
        <ele>159.6</ele>
      </trkpt>
      <trkpt lat="41.93811" lon="2.94438">
        <ele>160.5</ele>
      </trkpt>
      <trkpt lat="41.93813" lon="2.94432">
        <ele>161.5</ele>
      </trkpt>
      <trkpt lat="41.93818" lon="2.94426">
        <ele>163.5</ele>
      </trkpt>
      <trkpt lat="41.93825" lon="2.94418">
        <ele>166.1</ele>
      </trkpt>
      <trkpt lat="41.93827" lon="2.94415">
        <ele>166.9</ele>
      </trkpt>
      <trkpt lat="41.93828" lon="2.94412">
        <ele>167.3</ele>
      </trkpt>
      <trkpt lat="41.9383" lon="2.94408">
        <ele>168.1</ele>
      </trkpt>
      <trkpt lat="41.93831" lon="2.94405">
        <ele>168.5</ele>
      </trkpt>
      <trkpt lat="41.93832" lon="2.94402">
        <ele>168.9</ele>
      </trkpt>
      <trkpt lat="41.93832" lon="2.94398">
        <ele>169</ele>
      </trkpt>
      <trkpt lat="41.93832" lon="2.94396">
        <ele>169.1</ele>
      </trkpt>
      <trkpt lat="41.93831" lon="2.94393">
        <ele>168.8</ele>
      </trkpt>
      <trkpt lat="41.9383" lon="2.94384">
        <ele>168.7</ele>
      </trkpt>
      <trkpt lat="41.93829" lon="2.94377">
        <ele>168.6</ele>
      </trkpt>
      <trkpt lat="41.93828" lon="2.94373">
        <ele>168.4</ele>
      </trkpt>
      <trkpt lat="41.93828" lon="2.94368">
        <ele>168.5</ele>
      </trkpt>
      <trkpt lat="41.93829" lon="2.94365">
        <ele>168.9</ele>
      </trkpt>
      <trkpt lat="41.93829" lon="2.9436">
        <ele>169</ele>
      </trkpt>
      <trkpt lat="41.93831" lon="2.94353">
        <ele>169.8</ele>
      </trkpt>
      <trkpt lat="41.93835" lon="2.94344">
        <ele>170.9</ele>
      </trkpt>
      <trkpt lat="41.93838" lon="2.9434">
        <ele>171.2</ele>
      </trkpt>
      <trkpt lat="41.93839" lon="2.94336">
        <ele>171.3</ele>
      </trkpt>
      <trkpt lat="41.93841" lon="2.94332">
        <ele>171.7</ele>
      </trkpt>
      <trkpt lat="41.93842" lon="2.94328">
        <ele>172.3</ele>
      </trkpt>
      <trkpt lat="41.93842" lon="2.94324">
        <ele>172.8</ele>
      </trkpt>
      <trkpt lat="41.93843" lon="2.9432">
        <ele>173.3</ele>
      </trkpt>
      <trkpt lat="41.93842" lon="2.94316">
        <ele>173.7</ele>
      </trkpt>
      <trkpt lat="41.93842" lon="2.94311">
        <ele>174.3</ele>
      </trkpt>
      <trkpt lat="41.9384" lon="2.94308">
        <ele>174.5</ele>
      </trkpt>
      <trkpt lat="41.93839" lon="2.94304">
        <ele>175</ele>
      </trkpt>
      <trkpt lat="41.93837" lon="2.94299">
        <ele>175.4</ele>
      </trkpt>
      <trkpt lat="41.93834" lon="2.94295">
        <ele>175.7</ele>
      </trkpt>
      <trkpt lat="41.93829" lon="2.94285">
        <ele>175.5</ele>
      </trkpt>
      <trkpt lat="41.93824" lon="2.94278">
        <ele>174.8</ele>
      </trkpt>
      <trkpt lat="41.9382" lon="2.94269">
        <ele>174.6</ele>
      </trkpt>
      <trkpt lat="41.93814" lon="2.94259">
        <ele>173.9</ele>
      </trkpt>
      <trkpt lat="41.93813" lon="2.94256">
        <ele>174</ele>
      </trkpt>
      <trkpt lat="41.93811" lon="2.94251">
        <ele>173.9</ele>
      </trkpt>
      <trkpt lat="41.9381" lon="2.94246">
        <ele>173.6</ele>
      </trkpt>
      <trkpt lat="41.9381" lon="2.94241">
        <ele>173.4</ele>
      </trkpt>
      <trkpt lat="41.9381" lon="2.94234">
        <ele>173.1</ele>
      </trkpt>
      <trkpt lat="41.93811" lon="2.94228">
        <ele>173.2</ele>
      </trkpt>
      <trkpt lat="41.93814" lon="2.9422">
        <ele>173.9</ele>
      </trkpt>
      <trkpt lat="41.93818" lon="2.94214">
        <ele>174.9</ele>
      </trkpt>
      <trkpt lat="41.93823" lon="2.94206">
        <ele>176.2</ele>
      </trkpt>
      <trkpt lat="41.93828" lon="2.94198">
        <ele>177.5</ele>
      </trkpt>
      <trkpt lat="41.93832" lon="2.94192">
        <ele>178.5</ele>
      </trkpt>
      <trkpt lat="41.93836" lon="2.94186">
        <ele>179.1</ele>
      </trkpt>
      <trkpt lat="41.93843" lon="2.94176">
        <ele>180</ele>
      </trkpt>
      <trkpt lat="41.93851" lon="2.94165">
        <ele>181.1</ele>
      </trkpt>
      <trkpt lat="41.93865" lon="2.94143">
        <ele>182.9</ele>
      </trkpt>
      <trkpt lat="41.93872" lon="2.94133">
        <ele>183.9</ele>
      </trkpt>
      <trkpt lat="41.93877" lon="2.94126">
        <ele>184.7</ele>
      </trkpt>
      <trkpt lat="41.93881" lon="2.94119">
        <ele>185.3</ele>
      </trkpt>
      <trkpt lat="41.93885" lon="2.94112">
        <ele>185.9</ele>
      </trkpt>
      <trkpt lat="41.93887" lon="2.94106">
        <ele>186.2</ele>
      </trkpt>
      <trkpt lat="41.9389" lon="2.94099">
        <ele>186.6</ele>
      </trkpt>
      <trkpt lat="41.9389" lon="2.94097">
        <ele>186.6</ele>
      </trkpt>
      <trkpt lat="41.93891" lon="2.94092">
        <ele>186.7</ele>
      </trkpt>
      <trkpt lat="41.93892" lon="2.9409">
        <ele>186.8</ele>
      </trkpt>
      <trkpt lat="41.93892" lon="2.94084">
        <ele>186.7</ele>
      </trkpt>
      <trkpt lat="41.93894" lon="2.94075">
        <ele>187.3</ele>
      </trkpt>
      <trkpt lat="41.93896" lon="2.94058">
        <ele>188.2</ele>
      </trkpt>
      <trkpt lat="41.93899" lon="2.94038">
        <ele>189.6</ele>
      </trkpt>
      <trkpt lat="41.939" lon="2.94029">
        <ele>190.1</ele>
      </trkpt>
      <trkpt lat="41.939" lon="2.94022">
        <ele>190.3</ele>
      </trkpt>
      <trkpt lat="41.939" lon="2.94017">
        <ele>190.5</ele>
      </trkpt>
      <trkpt lat="41.939" lon="2.94014">
        <ele>190.6</ele>
      </trkpt>
      <trkpt lat="41.93899" lon="2.9401">
        <ele>190.4</ele>
      </trkpt>
      <trkpt lat="41.93898" lon="2.94004">
        <ele>190.3</ele>
      </trkpt>
      <trkpt lat="41.93896" lon="2.93995">
        <ele>190</ele>
      </trkpt>
      <trkpt lat="41.93893" lon="2.93982">
        <ele>189.7</ele>
      </trkpt>
      <trkpt lat="41.93891" lon="2.93974">
        <ele>189.5</ele>
      </trkpt>
      <trkpt lat="41.9389" lon="2.9397">
        <ele>189.3</ele>
      </trkpt>
      <trkpt lat="41.9389" lon="2.93964">
        <ele>189.6</ele>
      </trkpt>
      <trkpt lat="41.9389" lon="2.9396">
        <ele>189.8</ele>
      </trkpt>
      <trkpt lat="41.9389" lon="2.93954">
        <ele>190.1</ele>
      </trkpt>
      <trkpt lat="41.93891" lon="2.93947">
        <ele>190.7</ele>
      </trkpt>
      <trkpt lat="41.93892" lon="2.93943">
        <ele>191.2</ele>
      </trkpt>
      <trkpt lat="41.93895" lon="2.9393">
        <ele>192.8</ele>
      </trkpt>
      <trkpt lat="41.93898" lon="2.93917">
        <ele>194.5</ele>
      </trkpt>
      <trkpt lat="41.93901" lon="2.93905">
        <ele>196.2</ele>
      </trkpt>
      <trkpt lat="41.93904" lon="2.93895">
        <ele>197.9</ele>
      </trkpt>
      <trkpt lat="41.93907" lon="2.93883">
        <ele>199.7</ele>
      </trkpt>
      <trkpt lat="41.93909" lon="2.93874">
        <ele>200.9</ele>
      </trkpt>
      <trkpt lat="41.9391" lon="2.93861">
        <ele>202</ele>
      </trkpt>
      <trkpt lat="41.9391" lon="2.93852">
        <ele>202.6</ele>
      </trkpt>
      <trkpt lat="41.9391" lon="2.93845">
        <ele>203</ele>
      </trkpt>
      <trkpt lat="41.9391" lon="2.93839">
        <ele>203.3</ele>
      </trkpt>
      <trkpt lat="41.93909" lon="2.93835">
        <ele>203.2</ele>
      </trkpt>
      <trkpt lat="41.93907" lon="2.93825">
        <ele>203.3</ele>
      </trkpt>
      <trkpt lat="41.93905" lon="2.93817">
        <ele>203.2</ele>
      </trkpt>
      <trkpt lat="41.93902" lon="2.93808">
        <ele>202.9</ele>
      </trkpt>
      <trkpt lat="41.939" lon="2.93801">
        <ele>202.8</ele>
      </trkpt>
      <trkpt lat="41.93898" lon="2.93792">
        <ele>202.9</ele>
      </trkpt>
      <trkpt lat="41.93896" lon="2.93782">
        <ele>203.1</ele>
      </trkpt>
      <trkpt lat="41.93896" lon="2.9378">
        <ele>203.3</ele>
      </trkpt>
      <trkpt lat="41.93896" lon="2.9377">
        <ele>204.1</ele>
      </trkpt>
      <trkpt lat="41.93896" lon="2.93767">
        <ele>204.4</ele>
      </trkpt>
      <trkpt lat="41.93897" lon="2.93762">
        <ele>205.1</ele>
      </trkpt>
      <trkpt lat="41.93898" lon="2.93758">
        <ele>205.7</ele>
      </trkpt>
      <trkpt lat="41.93899" lon="2.93752">
        <ele>206.5</ele>
      </trkpt>
      <trkpt lat="41.93901" lon="2.93746">
        <ele>207.4</ele>
      </trkpt>
      <trkpt lat="41.93902" lon="2.93741">
        <ele>207.8</ele>
      </trkpt>
      <trkpt lat="41.93904" lon="2.93736">
        <ele>208.4</ele>
      </trkpt>
      <trkpt lat="41.93904" lon="2.93729">
        <ele>208.5</ele>
      </trkpt>
      <trkpt lat="41.93905" lon="2.93721">
        <ele>208.9</ele>
      </trkpt>
      <trkpt lat="41.93905" lon="2.93708">
        <ele>209.1</ele>
      </trkpt>
      <trkpt lat="41.93905" lon="2.93691">
        <ele>209.4</ele>
      </trkpt>
      <trkpt lat="41.93905" lon="2.93673">
        <ele>209.7</ele>
      </trkpt>
      <trkpt lat="41.93905" lon="2.93658">
        <ele>209.7</ele>
      </trkpt>
      <trkpt lat="41.93905" lon="2.93643">
        <ele>209.5</ele>
      </trkpt>
      <trkpt lat="41.93905" lon="2.93636">
        <ele>209.4</ele>
      </trkpt>
      <trkpt lat="41.93906" lon="2.9363">
        <ele>209.4</ele>
      </trkpt>
      <trkpt lat="41.93906" lon="2.93626">
        <ele>209.4</ele>
      </trkpt>
      <trkpt lat="41.93907" lon="2.93621">
        <ele>209.4</ele>
      </trkpt>
      <trkpt lat="41.93907" lon="2.93616">
        <ele>209.3</ele>
      </trkpt>
      <trkpt lat="41.93908" lon="2.93613">
        <ele>209.3</ele>
      </trkpt>
      <trkpt lat="41.9391" lon="2.93609">
        <ele>209.4</ele>
      </trkpt>
      <trkpt lat="41.93912" lon="2.93605">
        <ele>209.5</ele>
      </trkpt>
      <trkpt lat="41.93913" lon="2.93603">
        <ele>209.5</ele>
      </trkpt>
      <trkpt lat="41.93916" lon="2.936">
        <ele>209.6</ele>
      </trkpt>
      <trkpt lat="41.93918" lon="2.93597">
        <ele>209.6</ele>
      </trkpt>
      <trkpt lat="41.93921" lon="2.93595">
        <ele>209.7</ele>
      </trkpt>
      <trkpt lat="41.93923" lon="2.93593">
        <ele>209.7</ele>
      </trkpt>
      <trkpt lat="41.93927" lon="2.93591">
        <ele>209.9</ele>
      </trkpt>
      <trkpt lat="41.93936" lon="2.93586">
        <ele>210.4</ele>
      </trkpt>
      <trkpt lat="41.9394" lon="2.93584">
        <ele>210.7</ele>
      </trkpt>
      <trkpt lat="41.93943" lon="2.93582">
        <ele>210.9</ele>
      </trkpt>
      <trkpt lat="41.93946" lon="2.93579">
        <ele>211.1</ele>
      </trkpt>
      <trkpt lat="41.9395" lon="2.93576">
        <ele>211.3</ele>
      </trkpt>
      <trkpt lat="41.93952" lon="2.93572">
        <ele>211.4</ele>
      </trkpt>
      <trkpt lat="41.93954" lon="2.9357">
        <ele>211.5</ele>
      </trkpt>
      <trkpt lat="41.93956" lon="2.93565">
        <ele>211.5</ele>
      </trkpt>
      <trkpt lat="41.93958" lon="2.93562">
        <ele>211.6</ele>
      </trkpt>
      <trkpt lat="41.93961" lon="2.93556">
        <ele>211.6</ele>
      </trkpt>
      <trkpt lat="41.93962" lon="2.93551">
        <ele>211.6</ele>
      </trkpt>
      <trkpt lat="41.93964" lon="2.93545">
        <ele>211.5</ele>
      </trkpt>
      <trkpt lat="41.93965" lon="2.93539">
        <ele>211.4</ele>
      </trkpt>
      <trkpt lat="41.93966" lon="2.93533">
        <ele>211.3</ele>
      </trkpt>
      <trkpt lat="41.93967" lon="2.93527">
        <ele>211.1</ele>
      </trkpt>
      <trkpt lat="41.93967" lon="2.93522">
        <ele>211</ele>
      </trkpt>
      <trkpt lat="41.93966" lon="2.93515">
        <ele>210.8</ele>
      </trkpt>
      <trkpt lat="41.93965" lon="2.9351">
        <ele>210.7</ele>
      </trkpt>
      <trkpt lat="41.93963" lon="2.93505">
        <ele>210.6</ele>
      </trkpt>
      <trkpt lat="41.93962" lon="2.93502">
        <ele>210.5</ele>
      </trkpt>
      <trkpt lat="41.93959" lon="2.93497">
        <ele>210.3</ele>
      </trkpt>
      <trkpt lat="41.93955" lon="2.93489">
        <ele>210</ele>
      </trkpt>
      <trkpt lat="41.93943" lon="2.93467">
        <ele>209.7</ele>
      </trkpt>
      <trkpt lat="41.93935" lon="2.93452">
        <ele>210.2</ele>
      </trkpt>
      <trkpt lat="41.93928" lon="2.93441">
        <ele>210.9</ele>
      </trkpt>
      <trkpt lat="41.93916" lon="2.9342">
        <ele>212.9</ele>
      </trkpt>
      <trkpt lat="41.93908" lon="2.93406">
        <ele>213.2</ele>
      </trkpt>
      <trkpt lat="41.93899" lon="2.9339">
        <ele>213.6</ele>
      </trkpt>
      <trkpt lat="41.93891" lon="2.93376">
        <ele>213.9</ele>
      </trkpt>
      <trkpt lat="41.93884" lon="2.93361">
        <ele>214.3</ele>
      </trkpt>
      <trkpt lat="41.93878" lon="2.9335">
        <ele>214.6</ele>
      </trkpt>
      <trkpt lat="41.93875" lon="2.93345">
        <ele>214.8</ele>
      </trkpt>
      <trkpt lat="41.93873" lon="2.9334">
        <ele>214.9</ele>
      </trkpt>
      <trkpt lat="41.93871" lon="2.93335">
        <ele>215.1</ele>
      </trkpt>
      <trkpt lat="41.93869" lon="2.93327">
        <ele>215.8</ele>
      </trkpt>
      <trkpt lat="41.93867" lon="2.9332">
        <ele>216.4</ele>
      </trkpt>
      <trkpt lat="41.93865" lon="2.93313">
        <ele>217.1</ele>
      </trkpt>
      <trkpt lat="41.93864" lon="2.93306">
        <ele>217.7</ele>
      </trkpt>
      <trkpt lat="41.93863" lon="2.93298">
        <ele>218.5</ele>
      </trkpt>
      <trkpt lat="41.93861" lon="2.93286">
        <ele>219.5</ele>
      </trkpt>
      <trkpt lat="41.9386" lon="2.93275">
        <ele>220.4</ele>
      </trkpt>
      <trkpt lat="41.9386" lon="2.93266">
        <ele>221.2</ele>
      </trkpt>
      <trkpt lat="41.9386" lon="2.93261">
        <ele>221.6</ele>
      </trkpt>
      <trkpt lat="41.93859" lon="2.93251">
        <ele>222.5</ele>
      </trkpt>
      <trkpt lat="41.93857" lon="2.93239">
        <ele>223.6</ele>
      </trkpt>
      <trkpt lat="41.93857" lon="2.93229">
        <ele>224.7</ele>
      </trkpt>
      <trkpt lat="41.93856" lon="2.93221">
        <ele>225.5</ele>
      </trkpt>
      <trkpt lat="41.93856" lon="2.93214">
        <ele>226.3</ele>
      </trkpt>
      <trkpt lat="41.93855" lon="2.93205">
        <ele>227.2</ele>
      </trkpt>
      <trkpt lat="41.93854" lon="2.93194">
        <ele>228.3</ele>
      </trkpt>
      <trkpt lat="41.93853" lon="2.93186">
        <ele>229</ele>
      </trkpt>
      <trkpt lat="41.93853" lon="2.93176">
        <ele>230.1</ele>
      </trkpt>
      <trkpt lat="41.93852" lon="2.9317">
        <ele>230.7</ele>
      </trkpt>
      <trkpt lat="41.93852" lon="2.93165">
        <ele>231.2</ele>
      </trkpt>
      <trkpt lat="41.93851" lon="2.93162">
        <ele>231.4</ele>
      </trkpt>
      <trkpt lat="41.9385" lon="2.93159">
        <ele>231.7</ele>
      </trkpt>
      <trkpt lat="41.93849" lon="2.93156">
        <ele>231.9</ele>
      </trkpt>
      <trkpt lat="41.93848" lon="2.93152">
        <ele>232.3</ele>
      </trkpt>
      <trkpt lat="41.93845" lon="2.93146">
        <ele>232.7</ele>
      </trkpt>
      <trkpt lat="41.93843" lon="2.9314">
        <ele>233.2</ele>
      </trkpt>
      <trkpt lat="41.93838" lon="2.93132">
        <ele>233.6</ele>
      </trkpt>
      <trkpt lat="41.93831" lon="2.9312">
        <ele>234.4</ele>
      </trkpt>
      <trkpt lat="41.93826" lon="2.93111">
        <ele>235</ele>
      </trkpt>
      <trkpt lat="41.9382" lon="2.93101">
        <ele>235.6</ele>
      </trkpt>
      <trkpt lat="41.93815" lon="2.93093">
        <ele>236</ele>
      </trkpt>
      <trkpt lat="41.93812" lon="2.93087">
        <ele>236.3</ele>
      </trkpt>
      <trkpt lat="41.93809" lon="2.93083">
        <ele>236.4</ele>
      </trkpt>
      <trkpt lat="41.93806" lon="2.9308">
        <ele>236.2</ele>
      </trkpt>
      <trkpt lat="41.93804" lon="2.93077">
        <ele>236.1</ele>
      </trkpt>
      <trkpt lat="41.93803" lon="2.93076">
        <ele>236.1</ele>
      </trkpt>
      <trkpt lat="41.93801" lon="2.93075">
        <ele>235.9</ele>
      </trkpt>
      <trkpt lat="41.938" lon="2.93073">
        <ele>235.9</ele>
      </trkpt>
      <trkpt lat="41.93798" lon="2.93072">
        <ele>235.7</ele>
      </trkpt>
      <trkpt lat="41.93795" lon="2.93072">
        <ele>235.4</ele>
      </trkpt>
      <trkpt lat="41.93793" lon="2.93072">
        <ele>235.2</ele>
      </trkpt>
      <trkpt lat="41.93789" lon="2.93072">
        <ele>234.8</ele>
      </trkpt>
      <trkpt lat="41.93786" lon="2.93074">
        <ele>234.3</ele>
      </trkpt>
      <trkpt lat="41.93783" lon="2.93075">
        <ele>234</ele>
      </trkpt>
      <trkpt lat="41.9378" lon="2.93078">
        <ele>233.5</ele>
      </trkpt>
      <trkpt lat="41.9378" lon="2.9308">
        <ele>233.4</ele>
      </trkpt>
      <trkpt lat="41.93779" lon="2.93081">
        <ele>233.2</ele>
      </trkpt>
      <trkpt lat="41.93778" lon="2.93085">
        <ele>232.9</ele>
      </trkpt>
      <trkpt lat="41.93777" lon="2.93089">
        <ele>232.5</ele>
      </trkpt>
      <trkpt lat="41.93777" lon="2.93094">
        <ele>232.1</ele>
      </trkpt>
      <trkpt lat="41.93776" lon="2.93097">
        <ele>231.7</ele>
      </trkpt>
      <trkpt lat="41.93775" lon="2.93102">
        <ele>231.2</ele>
      </trkpt>
      <trkpt lat="41.93774" lon="2.93104">
        <ele>231</ele>
      </trkpt>
      <trkpt lat="41.93773" lon="2.93107">
        <ele>230.7</ele>
      </trkpt>
      <trkpt lat="41.93772" lon="2.93109">
        <ele>230.4</ele>
      </trkpt>
      <trkpt lat="41.93771" lon="2.93111">
        <ele>230.2</ele>
      </trkpt>
      <trkpt lat="41.93768" lon="2.93113">
        <ele>229.8</ele>
      </trkpt>
      <trkpt lat="41.93766" lon="2.93115">
        <ele>229.5</ele>
      </trkpt>
      <trkpt lat="41.93765" lon="2.93116">
        <ele>229.3</ele>
      </trkpt>
      <trkpt lat="41.93762" lon="2.93116">
        <ele>229.1</ele>
      </trkpt>
      <trkpt lat="41.93759" lon="2.93117">
        <ele>228.7</ele>
      </trkpt>
      <trkpt lat="41.93757" lon="2.93118">
        <ele>228.5</ele>
      </trkpt>
      <trkpt lat="41.93755" lon="2.93118">
        <ele>228.3</ele>
      </trkpt>
      <trkpt lat="41.93753" lon="2.93117">
        <ele>228.2</ele>
      </trkpt>
      <trkpt lat="41.9375" lon="2.93117">
        <ele>228</ele>
      </trkpt>
      <trkpt lat="41.93747" lon="2.93116">
        <ele>227.3</ele>
      </trkpt>
      <trkpt lat="41.93745" lon="2.93116">
        <ele>226.8</ele>
      </trkpt>
      <trkpt lat="41.93743" lon="2.93114">
        <ele>226.5</ele>
      </trkpt>
      <trkpt lat="41.93741" lon="2.93113">
        <ele>226.1</ele>
      </trkpt>
      <trkpt lat="41.93739" lon="2.93112">
        <ele>225.6</ele>
      </trkpt>
      <trkpt lat="41.93737" lon="2.93111">
        <ele>225.2</ele>
      </trkpt>
      <trkpt lat="41.93735" lon="2.93108">
        <ele>224.9</ele>
      </trkpt>
      <trkpt lat="41.93733" lon="2.93105">
        <ele>224.6</ele>
      </trkpt>
      <trkpt lat="41.93731" lon="2.93103">
        <ele>224.3</ele>
      </trkpt>
      <trkpt lat="41.93729" lon="2.93098">
        <ele>224.1</ele>
      </trkpt>
      <trkpt lat="41.93728" lon="2.93095">
        <ele>224</ele>
      </trkpt>
      <trkpt lat="41.93727" lon="2.9309">
        <ele>224.1</ele>
      </trkpt>
      <trkpt lat="41.93726" lon="2.93086">
        <ele>224.1</ele>
      </trkpt>
      <trkpt lat="41.93726" lon="2.93082">
        <ele>224.3</ele>
      </trkpt>
      <trkpt lat="41.93725" lon="2.93077">
        <ele>224.2</ele>
      </trkpt>
      <trkpt lat="41.93726" lon="2.93072">
        <ele>224.7</ele>
      </trkpt>
      <trkpt lat="41.93726" lon="2.93067">
        <ele>224.9</ele>
      </trkpt>
      <trkpt lat="41.93727" lon="2.93062">
        <ele>225.3</ele>
      </trkpt>
      <trkpt lat="41.93728" lon="2.93057">
        <ele>225.7</ele>
      </trkpt>
      <trkpt lat="41.93729" lon="2.93052">
        <ele>226.2</ele>
      </trkpt>
      <trkpt lat="41.9373" lon="2.93048">
        <ele>226.6</ele>
      </trkpt>
      <trkpt lat="41.93731" lon="2.93042">
        <ele>227.1</ele>
      </trkpt>
      <trkpt lat="41.93733" lon="2.93035">
        <ele>227.9</ele>
      </trkpt>
      <trkpt lat="41.93736" lon="2.93027">
        <ele>229</ele>
      </trkpt>
      <trkpt lat="41.93737" lon="2.9302">
        <ele>229.6</ele>
      </trkpt>
      <trkpt lat="41.93738" lon="2.93013">
        <ele>230.1</ele>
      </trkpt>
      <trkpt lat="41.93739" lon="2.93008">
        <ele>230.6</ele>
      </trkpt>
      <trkpt lat="41.93739" lon="2.93003">
        <ele>230.8</ele>
      </trkpt>
      <trkpt lat="41.93739" lon="2.92997">
        <ele>231.3</ele>
      </trkpt>
      <trkpt lat="41.93739" lon="2.92992">
        <ele>232</ele>
      </trkpt>
      <trkpt lat="41.93737" lon="2.92987">
        <ele>232</ele>
      </trkpt>
      <trkpt lat="41.93736" lon="2.92982">
        <ele>232.4</ele>
      </trkpt>
      <trkpt lat="41.93734" lon="2.92978">
        <ele>232.3</ele>
      </trkpt>
      <trkpt lat="41.93731" lon="2.92973">
        <ele>232</ele>
      </trkpt>
      <trkpt lat="41.93729" lon="2.92968">
        <ele>232</ele>
      </trkpt>
      <trkpt lat="41.93725" lon="2.92959">
        <ele>231.9</ele>
      </trkpt>
      <trkpt lat="41.93722" lon="2.92953">
        <ele>231.7</ele>
      </trkpt>
      <trkpt lat="41.9372" lon="2.92949">
        <ele>231.6</ele>
      </trkpt>
      <trkpt lat="41.93719" lon="2.92946">
        <ele>231.6</ele>
      </trkpt>
      <trkpt lat="41.93717" lon="2.92943">
        <ele>231.3</ele>
      </trkpt>
      <trkpt lat="41.93716" lon="2.92939">
        <ele>231.5</ele>
      </trkpt>
      <trkpt lat="41.93715" lon="2.92935">
        <ele>231.6</ele>
      </trkpt>
      <trkpt lat="41.93714" lon="2.92932">
        <ele>231.6</ele>
      </trkpt>
      <trkpt lat="41.93714" lon="2.92929">
        <ele>232</ele>
      </trkpt>
      <trkpt lat="41.93714" lon="2.92924">
        <ele>232.5</ele>
      </trkpt>
      <trkpt lat="41.93714" lon="2.92921">
        <ele>232.9</ele>
      </trkpt>
      <trkpt lat="41.93714" lon="2.92917">
        <ele>233.3</ele>
      </trkpt>
      <trkpt lat="41.93715" lon="2.92914">
        <ele>234</ele>
      </trkpt>
      <trkpt lat="41.93716" lon="2.92911">
        <ele>234.8</ele>
      </trkpt>
      <trkpt lat="41.93716" lon="2.92908">
        <ele>235.2</ele>
      </trkpt>
      <trkpt lat="41.93717" lon="2.92903">
        <ele>236.2</ele>
      </trkpt>
      <trkpt lat="41.93717" lon="2.92899">
        <ele>236.8</ele>
      </trkpt>
      <trkpt lat="41.93717" lon="2.92896">
        <ele>237.2</ele>
      </trkpt>
      <trkpt lat="41.93716" lon="2.92892">
        <ele>237.5</ele>
      </trkpt>
      <trkpt lat="41.93715" lon="2.92889">
        <ele>237.6</ele>
      </trkpt>
      <trkpt lat="41.93714" lon="2.92886">
        <ele>237.6</ele>
      </trkpt>
      <trkpt lat="41.93713" lon="2.92883">
        <ele>237.7</ele>
      </trkpt>
      <trkpt lat="41.93712" lon="2.92881">
        <ele>237.7</ele>
      </trkpt>
      <trkpt lat="41.9371" lon="2.9288">
        <ele>237.1</ele>
      </trkpt>
      <trkpt lat="41.93708" lon="2.92877">
        <ele>236.9</ele>
      </trkpt>
      <trkpt lat="41.93706" lon="2.92874">
        <ele>236.6</ele>
      </trkpt>
      <trkpt lat="41.93704" lon="2.92871">
        <ele>236.3</ele>
      </trkpt>
      <trkpt lat="41.93702" lon="2.9287">
        <ele>235.8</ele>
      </trkpt>
      <trkpt lat="41.93701" lon="2.92867">
        <ele>235.8</ele>
      </trkpt>
      <trkpt lat="41.93699" lon="2.92864">
        <ele>235.5</ele>
      </trkpt>
      <trkpt lat="41.93697" lon="2.9286">
        <ele>235.4</ele>
      </trkpt>
      <trkpt lat="41.93696" lon="2.92856">
        <ele>235.6</ele>
      </trkpt>
      <trkpt lat="41.93695" lon="2.92851">
        <ele>235.9</ele>
      </trkpt>
      <trkpt lat="41.93693" lon="2.92846">
        <ele>235.8</ele>
      </trkpt>
      <trkpt lat="41.93691" lon="2.92838">
        <ele>236.2</ele>
      </trkpt>
      <trkpt lat="41.93689" lon="2.9283">
        <ele>236.5</ele>
      </trkpt>
      <trkpt lat="41.93686" lon="2.92819">
        <ele>236.8</ele>
      </trkpt>
      <trkpt lat="41.93684" lon="2.92812">
        <ele>237</ele>
      </trkpt>
      <trkpt lat="41.93683" lon="2.92806">
        <ele>237.4</ele>
      </trkpt>
      <trkpt lat="41.93682" lon="2.928">
        <ele>237.8</ele>
      </trkpt>
      <trkpt lat="41.93682" lon="2.92796">
        <ele>238.4</ele>
      </trkpt>
      <trkpt lat="41.93683" lon="2.92791">
        <ele>239.4</ele>
      </trkpt>
      <trkpt lat="41.93684" lon="2.92788">
        <ele>240.1</ele>
      </trkpt>
      <trkpt lat="41.93686" lon="2.92785">
        <ele>241.2</ele>
      </trkpt>
      <trkpt lat="41.93689" lon="2.92779">
        <ele>243</ele>
      </trkpt>
      <trkpt lat="41.93692" lon="2.92775">
        <ele>244.6</ele>
      </trkpt>
      <trkpt lat="41.93694" lon="2.92771">
        <ele>245.8</ele>
      </trkpt>
      <trkpt lat="41.93695" lon="2.92768">
        <ele>246.6</ele>
      </trkpt>
      <trkpt lat="41.93696" lon="2.92763">
        <ele>247.5</ele>
      </trkpt>
      <trkpt lat="41.93696" lon="2.92759">
        <ele>248.1</ele>
      </trkpt>
      <trkpt lat="41.93696" lon="2.92754">
        <ele>248.7</ele>
      </trkpt>
      <trkpt lat="41.93695" lon="2.92751">
        <ele>248.7</ele>
      </trkpt>
      <trkpt lat="41.93694" lon="2.92748">
        <ele>248.9</ele>
      </trkpt>
      <trkpt lat="41.93692" lon="2.92745">
        <ele>248.9</ele>
      </trkpt>
      <trkpt lat="41.93689" lon="2.92743">
        <ele>248.3</ele>
      </trkpt>
      <trkpt lat="41.93686" lon="2.9274">
        <ele>248</ele>
      </trkpt>
      <trkpt lat="41.93682" lon="2.92738">
        <ele>247.1</ele>
      </trkpt>
      <trkpt lat="41.93679" lon="2.92737">
        <ele>246.3</ele>
      </trkpt>
      <trkpt lat="41.93674" lon="2.92735">
        <ele>245.1</ele>
      </trkpt>
      <trkpt lat="41.9367" lon="2.92734">
        <ele>244</ele>
      </trkpt>
      <trkpt lat="41.93665" lon="2.92733">
        <ele>242.9</ele>
      </trkpt>
      <trkpt lat="41.93662" lon="2.92732">
        <ele>242.7</ele>
      </trkpt>
      <trkpt lat="41.93658" lon="2.92732">
        <ele>242.2</ele>
      </trkpt>
      <trkpt lat="41.93655" lon="2.9273">
        <ele>242.3</ele>
      </trkpt>
      <trkpt lat="41.93653" lon="2.92728">
        <ele>242.5</ele>
      </trkpt>
      <trkpt lat="41.9365" lon="2.92727">
        <ele>242.3</ele>
      </trkpt>
      <trkpt lat="41.93648" lon="2.92725">
        <ele>242.5</ele>
      </trkpt>
      <trkpt lat="41.93645" lon="2.92722">
        <ele>242.8</ele>
      </trkpt>
      <trkpt lat="41.93643" lon="2.92719">
        <ele>243.1</ele>
      </trkpt>
      <trkpt lat="41.93641" lon="2.92716">
        <ele>243.5</ele>
      </trkpt>
      <trkpt lat="41.93639" lon="2.92711">
        <ele>244.3</ele>
      </trkpt>
      <trkpt lat="41.93639" lon="2.92707">
        <ele>245.1</ele>
      </trkpt>
      <trkpt lat="41.93638" lon="2.92703">
        <ele>245.8</ele>
      </trkpt>
      <trkpt lat="41.93638" lon="2.927">
        <ele>246.5</ele>
      </trkpt>
      <trkpt lat="41.93638" lon="2.92695">
        <ele>247.5</ele>
      </trkpt>
      <trkpt lat="41.93638" lon="2.92691">
        <ele>248.4</ele>
      </trkpt>
      <trkpt lat="41.93638" lon="2.92687">
        <ele>249.2</ele>
      </trkpt>
      <trkpt lat="41.93636" lon="2.92682">
        <ele>249.9</ele>
      </trkpt>
      <trkpt lat="41.93635" lon="2.92678">
        <ele>250.6</ele>
      </trkpt>
      <trkpt lat="41.93632" lon="2.92674">
        <ele>250.8</ele>
      </trkpt>
      <trkpt lat="41.9363" lon="2.92672">
        <ele>250.9</ele>
      </trkpt>
      <trkpt lat="41.93626" lon="2.92669">
        <ele>250.7</ele>
      </trkpt>
      <trkpt lat="41.93622" lon="2.92666">
        <ele>250.6</ele>
      </trkpt>
      <trkpt lat="41.93619" lon="2.92661">
        <ele>251.1</ele>
      </trkpt>
      <trkpt lat="41.93617" lon="2.92659">
        <ele>251.1</ele>
      </trkpt>
      <trkpt lat="41.93615" lon="2.92657">
        <ele>251.1</ele>
      </trkpt>
      <trkpt lat="41.93611" lon="2.9265">
        <ele>251.8</ele>
      </trkpt>
      <trkpt lat="41.93608" lon="2.92645">
        <ele>252.3</ele>
      </trkpt>
      <trkpt lat="41.93605" lon="2.92638">
        <ele>253.2</ele>
      </trkpt>
      <trkpt lat="41.93602" lon="2.9263">
        <ele>254.3</ele>
      </trkpt>
      <trkpt lat="41.93598" lon="2.92623">
        <ele>254.9</ele>
      </trkpt>
      <trkpt lat="41.93596" lon="2.92617">
        <ele>255.7</ele>
      </trkpt>
      <trkpt lat="41.93593" lon="2.92613">
        <ele>256</ele>
      </trkpt>
      <trkpt lat="41.93591" lon="2.9261">
        <ele>256.2</ele>
      </trkpt>
      <trkpt lat="41.93589" lon="2.92608">
        <ele>256.2</ele>
      </trkpt>
      <trkpt lat="41.93586" lon="2.92605">
        <ele>256.1</ele>
      </trkpt>
      <trkpt lat="41.93583" lon="2.92603">
        <ele>256</ele>
      </trkpt>
      <trkpt lat="41.9358" lon="2.92603">
        <ele>256.6</ele>
      </trkpt>
      <trkpt lat="41.93577" lon="2.92602">
        <ele>257.3</ele>
      </trkpt>
      <trkpt lat="41.93574" lon="2.92603">
        <ele>257.6</ele>
      </trkpt>
      <trkpt lat="41.9357" lon="2.92605">
        <ele>257.9</ele>
      </trkpt>
      <trkpt lat="41.93568" lon="2.92608">
        <ele>257.7</ele>
      </trkpt>
      <trkpt lat="41.93565" lon="2.92611">
        <ele>257.7</ele>
      </trkpt>
      <trkpt lat="41.93563" lon="2.92615">
        <ele>257.3</ele>
      </trkpt>
      <trkpt lat="41.9356" lon="2.92619">
        <ele>257.1</ele>
      </trkpt>
      <trkpt lat="41.93557" lon="2.92624">
        <ele>256.7</ele>
      </trkpt>
      <trkpt lat="41.93554" lon="2.92628">
        <ele>256.6</ele>
      </trkpt>
      <trkpt lat="41.93551" lon="2.92634">
        <ele>256.1</ele>
      </trkpt>
      <trkpt lat="41.9355" lon="2.92639">
        <ele>255.4</ele>
      </trkpt>
      <trkpt lat="41.93549" lon="2.92643">
        <ele>255</ele>
      </trkpt>
      <trkpt lat="41.93548" lon="2.92647">
        <ele>254.5</ele>
      </trkpt>
      <trkpt lat="41.93548" lon="2.92651">
        <ele>253.8</ele>
      </trkpt>
      <trkpt lat="41.93548" lon="2.92658">
        <ele>252.6</ele>
      </trkpt>
      <trkpt lat="41.93548" lon="2.92664">
        <ele>251.5</ele>
      </trkpt>
      <trkpt lat="41.93548" lon="2.92669">
        <ele>250.6</ele>
      </trkpt>
      <trkpt lat="41.93547" lon="2.92675">
        <ele>249.5</ele>
      </trkpt>
      <trkpt lat="41.93547" lon="2.92679">
        <ele>248.7</ele>
      </trkpt>
      <trkpt lat="41.93545" lon="2.92685">
        <ele>247.9</ele>
      </trkpt>
      <trkpt lat="41.93544" lon="2.92692">
        <ele>246.6</ele>
      </trkpt>
      <trkpt lat="41.93541" lon="2.92698">
        <ele>245.8</ele>
      </trkpt>
      <trkpt lat="41.93539" lon="2.92707">
        <ele>244.2</ele>
      </trkpt>
      <trkpt lat="41.93537" lon="2.92712">
        <ele>243.5</ele>
      </trkpt>
      <trkpt lat="41.93535" lon="2.92715">
        <ele>243.1</ele>
      </trkpt>
      <trkpt lat="41.93532" lon="2.92718">
        <ele>242.9</ele>
      </trkpt>
      <trkpt lat="41.9353" lon="2.92721">
        <ele>242.5</ele>
      </trkpt>
      <trkpt lat="41.93527" lon="2.92722">
        <ele>242.7</ele>
      </trkpt>
      <trkpt lat="41.93524" lon="2.92723">
        <ele>242.9</ele>
      </trkpt>
      <trkpt lat="41.9352" lon="2.92723">
        <ele>243.5</ele>
      </trkpt>
      <trkpt lat="41.93516" lon="2.92722">
        <ele>244.4</ele>
      </trkpt>
      <trkpt lat="41.93512" lon="2.9272">
        <ele>245.5</ele>
      </trkpt>
      <trkpt lat="41.93504" lon="2.92718">
        <ele>247.2</ele>
      </trkpt>
      <trkpt lat="41.93497" lon="2.92715">
        <ele>248.5</ele>
      </trkpt>
      <trkpt lat="41.9349" lon="2.92712">
        <ele>248.9</ele>
      </trkpt>
      <trkpt lat="41.93484" lon="2.9271">
        <ele>249.1</ele>
      </trkpt>
      <trkpt lat="41.93479" lon="2.92708">
        <ele>249.3</ele>
      </trkpt>
      <trkpt lat="41.93475" lon="2.92706">
        <ele>249.6</ele>
      </trkpt>
      <trkpt lat="41.9347" lon="2.92704">
        <ele>249.8</ele>
      </trkpt>
      <trkpt lat="41.93465" lon="2.92702">
        <ele>250</ele>
      </trkpt>
      <trkpt lat="41.9346" lon="2.927">
        <ele>250.1</ele>
      </trkpt>
      <trkpt lat="41.93455" lon="2.92698">
        <ele>250.2</ele>
      </trkpt>
      <trkpt lat="41.93451" lon="2.92696">
        <ele>250.4</ele>
      </trkpt>
      <trkpt lat="41.93446" lon="2.92694">
        <ele>250.5</ele>
      </trkpt>
      <trkpt lat="41.93442" lon="2.92693">
        <ele>250.5</ele>
      </trkpt>
      <trkpt lat="41.93438" lon="2.92692">
        <ele>250.4</ele>
      </trkpt>
      <trkpt lat="41.93433" lon="2.9269">
        <ele>250.5</ele>
      </trkpt>
      <trkpt lat="41.93429" lon="2.92688">
        <ele>250.6</ele>
      </trkpt>
      <trkpt lat="41.93426" lon="2.92686">
        <ele>250.8</ele>
      </trkpt>
      <trkpt lat="41.93422" lon="2.92684">
        <ele>250.9</ele>
      </trkpt>
      <trkpt lat="41.9342" lon="2.92682">
        <ele>251.1</ele>
      </trkpt>
      <trkpt lat="41.93416" lon="2.92678">
        <ele>251.6</ele>
      </trkpt>
      <trkpt lat="41.93414" lon="2.92675">
        <ele>252</ele>
      </trkpt>
      <trkpt lat="41.93411" lon="2.9267">
        <ele>252.7</ele>
      </trkpt>
      <trkpt lat="41.93408" lon="2.92665">
        <ele>253.3</ele>
      </trkpt>
      <trkpt lat="41.93406" lon="2.92661">
        <ele>253.7</ele>
      </trkpt>
      <trkpt lat="41.93404" lon="2.92658">
        <ele>254</ele>
      </trkpt>
      <trkpt lat="41.93402" lon="2.92652">
        <ele>254.9</ele>
      </trkpt>
      <trkpt lat="41.93401" lon="2.92649">
        <ele>255.3</ele>
      </trkpt>
      <trkpt lat="41.93399" lon="2.92644">
        <ele>256</ele>
      </trkpt>
      <trkpt lat="41.93398" lon="2.92636">
        <ele>257.3</ele>
      </trkpt>
      <trkpt lat="41.93397" lon="2.92628">
        <ele>258.6</ele>
      </trkpt>
      <trkpt lat="41.93397" lon="2.92619">
        <ele>260.2</ele>
      </trkpt>
      <trkpt lat="41.93397" lon="2.92612">
        <ele>261.5</ele>
      </trkpt>
      <trkpt lat="41.93396" lon="2.92606">
        <ele>262.4</ele>
      </trkpt>
      <trkpt lat="41.93396" lon="2.92599">
        <ele>263.7</ele>
      </trkpt>
      <trkpt lat="41.93395" lon="2.92594">
        <ele>264.5</ele>
      </trkpt>
      <trkpt lat="41.93393" lon="2.9259">
        <ele>265</ele>
      </trkpt>
      <trkpt lat="41.9339" lon="2.92586">
        <ele>265.3</ele>
      </trkpt>
      <trkpt lat="41.93387" lon="2.92583">
        <ele>265.5</ele>
      </trkpt>
      <trkpt lat="41.93384" lon="2.92582">
        <ele>265.3</ele>
      </trkpt>
      <trkpt lat="41.93381" lon="2.92581">
        <ele>265.2</ele>
      </trkpt>
      <trkpt lat="41.93378" lon="2.92581">
        <ele>264.8</ele>
      </trkpt>
      <trkpt lat="41.93376" lon="2.92582">
        <ele>264.4</ele>
      </trkpt>
      <trkpt lat="41.93372" lon="2.92583">
        <ele>263.7</ele>
      </trkpt>
      <trkpt lat="41.93369" lon="2.92585">
        <ele>263</ele>
      </trkpt>
      <trkpt lat="41.93365" lon="2.92589">
        <ele>261.8</ele>
      </trkpt>
      <trkpt lat="41.9336" lon="2.92593">
        <ele>260.5</ele>
      </trkpt>
      <trkpt lat="41.93357" lon="2.92596">
        <ele>259.6</ele>
      </trkpt>
      <trkpt lat="41.93353" lon="2.92599">
        <ele>258.5</ele>
      </trkpt>
      <trkpt lat="41.9335" lon="2.92601">
        <ele>257.8</ele>
      </trkpt>
      <trkpt lat="41.93348" lon="2.92602">
        <ele>257.4</ele>
      </trkpt>
      <trkpt lat="41.93345" lon="2.92603">
        <ele>256.9</ele>
      </trkpt>
      <trkpt lat="41.93343" lon="2.92603">
        <ele>256.6</ele>
      </trkpt>
      <trkpt lat="41.9334" lon="2.92603">
        <ele>256.3</ele>
      </trkpt>
      <trkpt lat="41.93336" lon="2.92603">
        <ele>255.8</ele>
      </trkpt>
      <trkpt lat="41.93332" lon="2.926">
        <ele>255.7</ele>
      </trkpt>
      <trkpt lat="41.93327" lon="2.92597">
        <ele>255.2</ele>
      </trkpt>
      <trkpt lat="41.93322" lon="2.92592">
        <ele>255</ele>
      </trkpt>
      <trkpt lat="41.93317" lon="2.92588">
        <ele>254.5</ele>
      </trkpt>
      <trkpt lat="41.93313" lon="2.92584">
        <ele>254.3</ele>
      </trkpt>
      <trkpt lat="41.93309" lon="2.92581">
        <ele>254</ele>
      </trkpt>
      <trkpt lat="41.93303" lon="2.92576">
        <ele>253.8</ele>
      </trkpt>
      <trkpt lat="41.93298" lon="2.92571">
        <ele>253.8</ele>
      </trkpt>
      <trkpt lat="41.93296" lon="2.92568">
        <ele>254.1</ele>
      </trkpt>
      <trkpt lat="41.93294" lon="2.92566">
        <ele>254.1</ele>
      </trkpt>
      <trkpt lat="41.93291" lon="2.92562">
        <ele>254.3</ele>
      </trkpt>
      <trkpt lat="41.9329" lon="2.92559">
        <ele>254.8</ele>
      </trkpt>
      <trkpt lat="41.93288" lon="2.92555">
        <ele>255.3</ele>
      </trkpt>
      <trkpt lat="41.93287" lon="2.9255">
        <ele>256.3</ele>
      </trkpt>
      <trkpt lat="41.93286" lon="2.92546">
        <ele>257</ele>
      </trkpt>
      <trkpt lat="41.93285" lon="2.9254">
        <ele>258.2</ele>
      </trkpt>
      <trkpt lat="41.93284" lon="2.92534">
        <ele>259.3</ele>
      </trkpt>
      <trkpt lat="41.93284" lon="2.92528">
        <ele>260.8</ele>
      </trkpt>
      <trkpt lat="41.93283" lon="2.92523">
        <ele>261.7</ele>
      </trkpt>
      <trkpt lat="41.93282" lon="2.92518">
        <ele>262.7</ele>
      </trkpt>
      <trkpt lat="41.9328" lon="2.92514">
        <ele>263.2</ele>
      </trkpt>
      <trkpt lat="41.93279" lon="2.92511">
        <ele>263.7</ele>
      </trkpt>
      <trkpt lat="41.93277" lon="2.92508">
        <ele>263.9</ele>
      </trkpt>
      <trkpt lat="41.93273" lon="2.92503">
        <ele>264.3</ele>
      </trkpt>
      <trkpt lat="41.9327" lon="2.925">
        <ele>264.3</ele>
      </trkpt>
      <trkpt lat="41.93266" lon="2.92499">
        <ele>263.6</ele>
      </trkpt>
      <trkpt lat="41.93263" lon="2.92497">
        <ele>263.4</ele>
      </trkpt>
      <trkpt lat="41.93259" lon="2.92495">
        <ele>262.9</ele>
      </trkpt>
      <trkpt lat="41.93255" lon="2.92494">
        <ele>262.2</ele>
      </trkpt>
      <trkpt lat="41.93251" lon="2.92492">
        <ele>261.7</ele>
      </trkpt>
      <trkpt lat="41.93248" lon="2.92491">
        <ele>261.5</ele>
      </trkpt>
      <trkpt lat="41.93244" lon="2.92489">
        <ele>261.6</ele>
      </trkpt>
      <trkpt lat="41.93242" lon="2.92487">
        <ele>261.8</ele>
      </trkpt>
      <trkpt lat="41.9324" lon="2.92485">
        <ele>262</ele>
      </trkpt>
      <trkpt lat="41.93238" lon="2.92481">
        <ele>262.6</ele>
      </trkpt>
      <trkpt lat="41.93236" lon="2.92478">
        <ele>263</ele>
      </trkpt>
      <trkpt lat="41.93235" lon="2.92475">
        <ele>263.5</ele>
      </trkpt>
      <trkpt lat="41.93234" lon="2.92467">
        <ele>264.9</ele>
      </trkpt>
      <trkpt lat="41.93234" lon="2.92462">
        <ele>265.8</ele>
      </trkpt>
      <trkpt lat="41.93235" lon="2.92457">
        <ele>266.8</ele>
      </trkpt>
      <trkpt lat="41.93235" lon="2.92453">
        <ele>267.5</ele>
      </trkpt>
      <trkpt lat="41.93236" lon="2.9245">
        <ele>268.1</ele>
      </trkpt>
      <trkpt lat="41.93237" lon="2.92446">
        <ele>268.9</ele>
      </trkpt>
      <trkpt lat="41.93239" lon="2.92441">
        <ele>269.9</ele>
      </trkpt>
      <trkpt lat="41.9324" lon="2.92437">
        <ele>270.7</ele>
      </trkpt>
      <trkpt lat="41.93241" lon="2.92432">
        <ele>271.7</ele>
      </trkpt>
      <trkpt lat="41.93241" lon="2.92426">
        <ele>272.8</ele>
      </trkpt>
      <trkpt lat="41.93239" lon="2.9242">
        <ele>273.7</ele>
      </trkpt>
      <trkpt lat="41.93238" lon="2.92416">
        <ele>274.4</ele>
      </trkpt>
      <trkpt lat="41.93235" lon="2.92412">
        <ele>275.3</ele>
      </trkpt>
      <trkpt lat="41.93232" lon="2.92407">
        <ele>276.4</ele>
      </trkpt>
      <trkpt lat="41.93229" lon="2.92403">
        <ele>277.2</ele>
      </trkpt>
      <trkpt lat="41.93226" lon="2.92398">
        <ele>278.2</ele>
      </trkpt>
      <trkpt lat="41.93222" lon="2.92394">
        <ele>278.9</ele>
      </trkpt>
      <trkpt lat="41.93219" lon="2.92391">
        <ele>279.5</ele>
      </trkpt>
      <trkpt lat="41.93216" lon="2.92389">
        <ele>279.7</ele>
      </trkpt>
      <trkpt lat="41.93214" lon="2.92388">
        <ele>279.8</ele>
      </trkpt>
      <trkpt lat="41.93212" lon="2.92387">
        <ele>279.9</ele>
      </trkpt>
      <trkpt lat="41.93209" lon="2.92387">
        <ele>279.7</ele>
      </trkpt>
      <trkpt lat="41.93207" lon="2.92387">
        <ele>279.5</ele>
      </trkpt>
      <trkpt lat="41.93205" lon="2.92387">
        <ele>279.4</ele>
      </trkpt>
      <trkpt lat="41.93203" lon="2.92388">
        <ele>279</ele>
      </trkpt>
      <trkpt lat="41.932" lon="2.92389">
        <ele>278.5</ele>
      </trkpt>
      <trkpt lat="41.93198" lon="2.9239">
        <ele>278.1</ele>
      </trkpt>
      <trkpt lat="41.93195" lon="2.92392">
        <ele>277.4</ele>
      </trkpt>
      <trkpt lat="41.93193" lon="2.92393">
        <ele>277</ele>
      </trkpt>
      <trkpt lat="41.93191" lon="2.92395">
        <ele>276.4</ele>
      </trkpt>
      <trkpt lat="41.93189" lon="2.92396">
        <ele>276.1</ele>
      </trkpt>
      <trkpt lat="41.93186" lon="2.92399">
        <ele>275.2</ele>
      </trkpt>
      <trkpt lat="41.93183" lon="2.92402">
        <ele>274.3</ele>
      </trkpt>
      <trkpt lat="41.93181" lon="2.92404">
        <ele>273.7</ele>
      </trkpt>
      <trkpt lat="41.9318" lon="2.92405">
        <ele>273.4</ele>
      </trkpt>
      <trkpt lat="41.93177" lon="2.92409">
        <ele>272.3</ele>
      </trkpt>
      <trkpt lat="41.93174" lon="2.92413">
        <ele>271.2</ele>
      </trkpt>
      <trkpt lat="41.93172" lon="2.92417">
        <ele>270.3</ele>
      </trkpt>
      <trkpt lat="41.93168" lon="2.92422">
        <ele>269.1</ele>
      </trkpt>
      <trkpt lat="41.93166" lon="2.92426">
        <ele>268.1</ele>
      </trkpt>
      <trkpt lat="41.93164" lon="2.9243">
        <ele>267.1</ele>
      </trkpt>
      <trkpt lat="41.93162" lon="2.92433">
        <ele>266.3</ele>
      </trkpt>
      <trkpt lat="41.9316" lon="2.92437">
        <ele>265.3</ele>
      </trkpt>
      <trkpt lat="41.93157" lon="2.92441">
        <ele>264.1</ele>
      </trkpt>
      <trkpt lat="41.93154" lon="2.92443">
        <ele>263.4</ele>
      </trkpt>
      <trkpt lat="41.93151" lon="2.92445">
        <ele>262.6</ele>
      </trkpt>
      <trkpt lat="41.93149" lon="2.92446">
        <ele>262.2</ele>
      </trkpt>
      <trkpt lat="41.93147" lon="2.92446">
        <ele>261.9</ele>
      </trkpt>
      <trkpt lat="41.93145" lon="2.92446">
        <ele>261.7</ele>
      </trkpt>
      <trkpt lat="41.93143" lon="2.92446">
        <ele>261.4</ele>
      </trkpt>
      <trkpt lat="41.9314" lon="2.92445">
        <ele>261.2</ele>
      </trkpt>
      <trkpt lat="41.93137" lon="2.92443">
        <ele>261.3</ele>
      </trkpt>
      <trkpt lat="41.93136" lon="2.92442">
        <ele>261.4</ele>
      </trkpt>
      <trkpt lat="41.93134" lon="2.9244">
        <ele>261.6</ele>
      </trkpt>
      <trkpt lat="41.93133" lon="2.92438">
        <ele>261.9</ele>
      </trkpt>
      <trkpt lat="41.93131" lon="2.92435">
        <ele>262.2</ele>
      </trkpt>
      <trkpt lat="41.9313" lon="2.92431">
        <ele>263</ele>
      </trkpt>
      <trkpt lat="41.93129" lon="2.92426">
        <ele>263.9</ele>
      </trkpt>
      <trkpt lat="41.93128" lon="2.92417">
        <ele>265.8</ele>
      </trkpt>
      <trkpt lat="41.93127" lon="2.9241">
        <ele>267</ele>
      </trkpt>
      <trkpt lat="41.93127" lon="2.92407">
        <ele>267.6</ele>
      </trkpt>
      <trkpt lat="41.93127" lon="2.92405">
        <ele>268</ele>
      </trkpt>
      <trkpt lat="41.93126" lon="2.92401">
        <ele>268.7</ele>
      </trkpt>
      <trkpt lat="41.93126" lon="2.92399">
        <ele>269.1</ele>
      </trkpt>
      <trkpt lat="41.93125" lon="2.92396">
        <ele>269.6</ele>
      </trkpt>
      <trkpt lat="41.93125" lon="2.92393">
        <ele>270.2</ele>
      </trkpt>
      <trkpt lat="41.93124" lon="2.9239">
        <ele>270.7</ele>
      </trkpt>
      <trkpt lat="41.93123" lon="2.92387">
        <ele>271.1</ele>
      </trkpt>
      <trkpt lat="41.93122" lon="2.92382">
        <ele>272</ele>
      </trkpt>
      <trkpt lat="41.93119" lon="2.92377">
        <ele>272.6</ele>
      </trkpt>
      <trkpt lat="41.93117" lon="2.92373">
        <ele>273.1</ele>
      </trkpt>
      <trkpt lat="41.93114" lon="2.92369">
        <ele>273.5</ele>
      </trkpt>
      <trkpt lat="41.93111" lon="2.92365">
        <ele>273.9</ele>
      </trkpt>
      <trkpt lat="41.93106" lon="2.92361">
        <ele>274</ele>
      </trkpt>
      <trkpt lat="41.93101" lon="2.92356">
        <ele>274.3</ele>
      </trkpt>
      <trkpt lat="41.93096" lon="2.92351">
        <ele>274.5</ele>
      </trkpt>
      <trkpt lat="41.93087" lon="2.92344">
        <ele>274.6</ele>
      </trkpt>
      <trkpt lat="41.93083" lon="2.92339">
        <ele>274.9</ele>
      </trkpt>
      <trkpt lat="41.9308" lon="2.92336">
        <ele>274.8</ele>
      </trkpt>
      <trkpt lat="41.93077" lon="2.92333">
        <ele>274.6</ele>
      </trkpt>
      <trkpt lat="41.93073" lon="2.9233">
        <ele>274.1</ele>
      </trkpt>
      <trkpt lat="41.9307" lon="2.92326">
        <ele>274</ele>
      </trkpt>
      <trkpt lat="41.93068" lon="2.92323">
        <ele>273.9</ele>
      </trkpt>
      <trkpt lat="41.93065" lon="2.9232">
        <ele>273.6</ele>
      </trkpt>
      <trkpt lat="41.93063" lon="2.92316">
        <ele>273.7</ele>
      </trkpt>
      <trkpt lat="41.93062" lon="2.92313">
        <ele>273.9</ele>
      </trkpt>
      <trkpt lat="41.9306" lon="2.92309">
        <ele>273.9</ele>
      </trkpt>
      <trkpt lat="41.93059" lon="2.92304">
        <ele>274.4</ele>
      </trkpt>
      <trkpt lat="41.93057" lon="2.92299">
        <ele>274.5</ele>
      </trkpt>
      <trkpt lat="41.93056" lon="2.92292">
        <ele>275.2</ele>
      </trkpt>
      <trkpt lat="41.93055" lon="2.92284">
        <ele>276</ele>
      </trkpt>
      <trkpt lat="41.93054" lon="2.92278">
        <ele>276.6</ele>
      </trkpt>
      <trkpt lat="41.93053" lon="2.92273">
        <ele>277</ele>
      </trkpt>
      <trkpt lat="41.93052" lon="2.92266">
        <ele>277.6</ele>
      </trkpt>
      <trkpt lat="41.93051" lon="2.9226">
        <ele>278.2</ele>
      </trkpt>
      <trkpt lat="41.9305" lon="2.92254">
        <ele>278.7</ele>
      </trkpt>
      <trkpt lat="41.93049" lon="2.92247">
        <ele>279.3</ele>
      </trkpt>
      <trkpt lat="41.93048" lon="2.92242">
        <ele>279.6</ele>
      </trkpt>
      <trkpt lat="41.93047" lon="2.92237">
        <ele>279.9</ele>
      </trkpt>
      <trkpt lat="41.93046" lon="2.9223">
        <ele>280.4</ele>
      </trkpt>
      <trkpt lat="41.93045" lon="2.92225">
        <ele>280.6</ele>
      </trkpt>
      <trkpt lat="41.93044" lon="2.92221">
        <ele>280.8</ele>
      </trkpt>
      <trkpt lat="41.93043" lon="2.92217">
        <ele>280.9</ele>
      </trkpt>
      <trkpt lat="41.93042" lon="2.92214">
        <ele>281</ele>
      </trkpt>
      <trkpt lat="41.93041" lon="2.9221">
        <ele>281.1</ele>
      </trkpt>
      <trkpt lat="41.9304" lon="2.92207">
        <ele>281.2</ele>
      </trkpt>
      <trkpt lat="41.93039" lon="2.92205">
        <ele>281.1</ele>
      </trkpt>
      <trkpt lat="41.93038" lon="2.92201">
        <ele>281.2</ele>
      </trkpt>
      <trkpt lat="41.93035" lon="2.92196">
        <ele>280.9</ele>
      </trkpt>
      <trkpt lat="41.93033" lon="2.92191">
        <ele>280.8</ele>
      </trkpt>
      <trkpt lat="41.9303" lon="2.92186">
        <ele>280.4</ele>
      </trkpt>
      <trkpt lat="41.93028" lon="2.92181">
        <ele>280.3</ele>
      </trkpt>
      <trkpt lat="41.93025" lon="2.92176">
        <ele>279.9</ele>
      </trkpt>
      <trkpt lat="41.93023" lon="2.92172">
        <ele>279.7</ele>
      </trkpt>
      <trkpt lat="41.93021" lon="2.92168">
        <ele>279.4</ele>
      </trkpt>
      <trkpt lat="41.93019" lon="2.92163">
        <ele>279.1</ele>
      </trkpt>
      <trkpt lat="41.93017" lon="2.92159">
        <ele>278.6</ele>
      </trkpt>
      <trkpt lat="41.93016" lon="2.92155">
        <ele>278.5</ele>
      </trkpt>
      <trkpt lat="41.93014" lon="2.92151">
        <ele>278</ele>
      </trkpt>
      <trkpt lat="41.93013" lon="2.92146">
        <ele>277.9</ele>
      </trkpt>
      <trkpt lat="41.93012" lon="2.92143">
        <ele>277.7</ele>
      </trkpt>
      <trkpt lat="41.93011" lon="2.92139">
        <ele>277.6</ele>
      </trkpt>
      <trkpt lat="41.9301" lon="2.92134">
        <ele>277.4</ele>
      </trkpt>
      <trkpt lat="41.9301" lon="2.92132">
        <ele>277.5</ele>
      </trkpt>
      <trkpt lat="41.9301" lon="2.9213">
        <ele>277.6</ele>
      </trkpt>
      <trkpt lat="41.9301" lon="2.92127">
        <ele>277.7</ele>
      </trkpt>
      <trkpt lat="41.93011" lon="2.92123">
        <ele>278.2</ele>
      </trkpt>
      <trkpt lat="41.93011" lon="2.92121">
        <ele>278.3</ele>
      </trkpt>
      <trkpt lat="41.93013" lon="2.92116">
        <ele>279.2</ele>
      </trkpt>
      <trkpt lat="41.93016" lon="2.92112">
        <ele>280.3</ele>
      </trkpt>
      <trkpt lat="41.93018" lon="2.92108">
        <ele>281.2</ele>
      </trkpt>
      <trkpt lat="41.93022" lon="2.92104">
        <ele>282.7</ele>
      </trkpt>
      <trkpt lat="41.93025" lon="2.921">
        <ele>283.9</ele>
      </trkpt>
      <trkpt lat="41.93027" lon="2.92098">
        <ele>284.7</ele>
      </trkpt>
      <trkpt lat="41.93029" lon="2.92095">
        <ele>285.5</ele>
      </trkpt>
      <trkpt lat="41.9303" lon="2.92091">
        <ele>286.1</ele>
      </trkpt>
      <trkpt lat="41.93031" lon="2.92088">
        <ele>286.6</ele>
      </trkpt>
      <trkpt lat="41.93031" lon="2.92084">
        <ele>286.8</ele>
      </trkpt>
      <trkpt lat="41.93032" lon="2.9208">
        <ele>287.3</ele>
      </trkpt>
      <trkpt lat="41.93032" lon="2.92074">
        <ele>287.5</ele>
      </trkpt>
      <trkpt lat="41.93031" lon="2.92068">
        <ele>287.4</ele>
      </trkpt>
      <trkpt lat="41.93031" lon="2.92062">
        <ele>287.7</ele>
      </trkpt>
      <trkpt lat="41.93031" lon="2.92056">
        <ele>287.9</ele>
      </trkpt>
      <trkpt lat="41.9303" lon="2.92049">
        <ele>287.8</ele>
      </trkpt>
      <trkpt lat="41.9303" lon="2.92043">
        <ele>288.1</ele>
      </trkpt>
      <trkpt lat="41.9303" lon="2.92038">
        <ele>288.3</ele>
      </trkpt>
      <trkpt lat="41.93029" lon="2.92033">
        <ele>288.1</ele>
      </trkpt>
      <trkpt lat="41.93029" lon="2.92027">
        <ele>288.4</ele>
      </trkpt>
      <trkpt lat="41.93029" lon="2.92022">
        <ele>288.6</ele>
      </trkpt>
      <trkpt lat="41.93029" lon="2.92016">
        <ele>288.8</ele>
      </trkpt>
      <trkpt lat="41.93029" lon="2.92011">
        <ele>289</ele>
      </trkpt>
      <trkpt lat="41.93028" lon="2.92007">
        <ele>288.8</ele>
      </trkpt>
      <trkpt lat="41.93028" lon="2.92002">
        <ele>289</ele>
      </trkpt>
      <trkpt lat="41.93028" lon="2.91997">
        <ele>289.4</ele>
      </trkpt>
      <trkpt lat="41.93028" lon="2.91994">
        <ele>289.7</ele>
      </trkpt>
      <trkpt lat="41.93028" lon="2.9199">
        <ele>290.2</ele>
      </trkpt>
      <trkpt lat="41.93028" lon="2.91986">
        <ele>290.6</ele>
      </trkpt>
      <trkpt lat="41.93028" lon="2.91983">
        <ele>290.9</ele>
      </trkpt>
      <trkpt lat="41.93029" lon="2.9198">
        <ele>291.6</ele>
      </trkpt>
      <trkpt lat="41.9303" lon="2.91974">
        <ele>292.6</ele>
      </trkpt>
      <trkpt lat="41.93032" lon="2.91968">
        <ele>294</ele>
      </trkpt>
      <trkpt lat="41.93035" lon="2.91959">
        <ele>296</ele>
      </trkpt>
      <trkpt lat="41.93036" lon="2.91955">
        <ele>296.8</ele>
      </trkpt>
      <trkpt lat="41.93037" lon="2.91948">
        <ele>297.9</ele>
      </trkpt>
      <trkpt lat="41.93038" lon="2.91943">
        <ele>298.8</ele>
      </trkpt>
      <trkpt lat="41.93039" lon="2.91935">
        <ele>300.1</ele>
      </trkpt>
      <trkpt lat="41.93039" lon="2.91927">
        <ele>300.9</ele>
      </trkpt>
      <trkpt lat="41.93038" lon="2.91917">
        <ele>301.6</ele>
      </trkpt>
      <trkpt lat="41.93037" lon="2.91911">
        <ele>302.5</ele>
      </trkpt>
      <trkpt lat="41.93037" lon="2.91908">
        <ele>303.1</ele>
      </trkpt>
      <trkpt lat="41.93035" lon="2.91905">
        <ele>303</ele>
      </trkpt>
      <trkpt lat="41.93034" lon="2.919">
        <ele>303.7</ele>
      </trkpt>
      <trkpt lat="41.93032" lon="2.91897">
        <ele>303.7</ele>
      </trkpt>
      <trkpt lat="41.9303" lon="2.91894">
        <ele>303.7</ele>
      </trkpt>
      <trkpt lat="41.93028" lon="2.91891">
        <ele>303.7</ele>
      </trkpt>
      <trkpt lat="41.93026" lon="2.9189">
        <ele>303.3</ele>
      </trkpt>
      <trkpt lat="41.93023" lon="2.91888">
        <ele>302.8</ele>
      </trkpt>
      <trkpt lat="41.93021" lon="2.91887">
        <ele>302.4</ele>
      </trkpt>
      <trkpt lat="41.93017" lon="2.91886">
        <ele>301.4</ele>
      </trkpt>
      <trkpt lat="41.93014" lon="2.91885">
        <ele>300.7</ele>
      </trkpt>
      <trkpt lat="41.9301" lon="2.91884">
        <ele>299.7</ele>
      </trkpt>
      <trkpt lat="41.93006" lon="2.91884">
        <ele>298.5</ele>
      </trkpt>
      <trkpt lat="41.93002" lon="2.91883">
        <ele>297.5</ele>
      </trkpt>
      <trkpt lat="41.92999" lon="2.91882">
        <ele>297.2</ele>
      </trkpt>
      <trkpt lat="41.92996" lon="2.9188">
        <ele>297.8</ele>
      </trkpt>
      <trkpt lat="41.92992" lon="2.91878">
        <ele>298.5</ele>
      </trkpt>
      <trkpt lat="41.92988" lon="2.91877">
        <ele>299</ele>
      </trkpt>
      <trkpt lat="41.92986" lon="2.91875">
        <ele>299.6</ele>
      </trkpt>
      <trkpt lat="41.92984" lon="2.91873">
        <ele>300.2</ele>
      </trkpt>
      <trkpt lat="41.92983" lon="2.91872">
        <ele>300.5</ele>
      </trkpt>
      <trkpt lat="41.92979" lon="2.91867">
        <ele>302</ele>
      </trkpt>
      <trkpt lat="41.92975" lon="2.91861">
        <ele>303.8</ele>
      </trkpt>
      <trkpt lat="41.92972" lon="2.91851">
        <ele>306.6</ele>
      </trkpt>
      <trkpt lat="41.92968" lon="2.91842">
        <ele>309.2</ele>
      </trkpt>
      <trkpt lat="41.92965" lon="2.91834">
        <ele>311.5</ele>
      </trkpt>
      <trkpt lat="41.92963" lon="2.91831">
        <ele>312.4</ele>
      </trkpt>
      <trkpt lat="41.92961" lon="2.91827">
        <ele>313.6</ele>
      </trkpt>
      <trkpt lat="41.92959" lon="2.91824">
        <ele>314.5</ele>
      </trkpt>
      <trkpt lat="41.92956" lon="2.91823">
        <ele>314.9</ele>
      </trkpt>
      <trkpt lat="41.92954" lon="2.91822">
        <ele>315.3</ele>
      </trkpt>
      <trkpt lat="41.92951" lon="2.91822">
        <ele>315.4</ele>
      </trkpt>
      <trkpt lat="41.92948" lon="2.91822">
        <ele>315.5</ele>
      </trkpt>
      <trkpt lat="41.92946" lon="2.91822">
        <ele>315.6</ele>
      </trkpt>
      <trkpt lat="41.92943" lon="2.91824">
        <ele>315.1</ele>
      </trkpt>
      <trkpt lat="41.92941" lon="2.91826">
        <ele>314.7</ele>
      </trkpt>
      <trkpt lat="41.92939" lon="2.91827">
        <ele>314.5</ele>
      </trkpt>
      <trkpt lat="41.92937" lon="2.9183">
        <ele>313.9</ele>
      </trkpt>
      <trkpt lat="41.92935" lon="2.91833">
        <ele>313.2</ele>
      </trkpt>
      <trkpt lat="41.92932" lon="2.91837">
        <ele>312.3</ele>
      </trkpt>
      <trkpt lat="41.92931" lon="2.91839">
        <ele>311.8</ele>
      </trkpt>
      <trkpt lat="41.92929" lon="2.91842">
        <ele>311</ele>
      </trkpt>
      <trkpt lat="41.92928" lon="2.91845">
        <ele>310.3</ele>
      </trkpt>
      <trkpt lat="41.92925" lon="2.9185">
        <ele>309</ele>
      </trkpt>
      <trkpt lat="41.92923" lon="2.91854">
        <ele>308</ele>
      </trkpt>
      <trkpt lat="41.92922" lon="2.91858">
        <ele>307</ele>
      </trkpt>
      <trkpt lat="41.92921" lon="2.91861">
        <ele>306.2</ele>
      </trkpt>
      <trkpt lat="41.9292" lon="2.91867">
        <ele>304.6</ele>
      </trkpt>
      <trkpt lat="41.92919" lon="2.91871">
        <ele>303.5</ele>
      </trkpt>
      <trkpt lat="41.92918" lon="2.91875">
        <ele>302.4</ele>
      </trkpt>
      <trkpt lat="41.92916" lon="2.91881">
        <ele>301</ele>
      </trkpt>
      <trkpt lat="41.92914" lon="2.91884">
        <ele>300.7</ele>
      </trkpt>
      <trkpt lat="41.92912" lon="2.91889">
        <ele>299.8</ele>
      </trkpt>
      <trkpt lat="41.92909" lon="2.91892">
        <ele>299.8</ele>
      </trkpt>
      <trkpt lat="41.92905" lon="2.91895">
        <ele>300</ele>
      </trkpt>
      <trkpt lat="41.92901" lon="2.91899">
        <ele>299.9</ele>
      </trkpt>
      <trkpt lat="41.92898" lon="2.91901">
        <ele>300.2</ele>
      </trkpt>
      <trkpt lat="41.92894" lon="2.91905">
        <ele>300.1</ele>
      </trkpt>
      <trkpt lat="41.92889" lon="2.91908">
        <ele>300.6</ele>
      </trkpt>
      <trkpt lat="41.92884" lon="2.91912">
        <ele>300.9</ele>
      </trkpt>
      <trkpt lat="41.92879" lon="2.91917">
        <ele>300.9</ele>
      </trkpt>
      <trkpt lat="41.92875" lon="2.9192">
        <ele>301.2</ele>
      </trkpt>
      <trkpt lat="41.92871" lon="2.91924">
        <ele>301.4</ele>
      </trkpt>
      <trkpt lat="41.92868" lon="2.91926">
        <ele>301.7</ele>
      </trkpt>
      <trkpt lat="41.92866" lon="2.91928">
        <ele>301.8</ele>
      </trkpt>
      <trkpt lat="41.92863" lon="2.9193">
        <ele>302.1</ele>
      </trkpt>
      <trkpt lat="41.9286" lon="2.91933">
        <ele>302.2</ele>
      </trkpt>
      <trkpt lat="41.92857" lon="2.91936">
        <ele>302.3</ele>
      </trkpt>
      <trkpt lat="41.92855" lon="2.91938">
        <ele>302.4</ele>
      </trkpt>
      <trkpt lat="41.92853" lon="2.91942">
        <ele>302</ele>
      </trkpt>
      <trkpt lat="41.9285" lon="2.91945">
        <ele>302.1</ele>
      </trkpt>
      <trkpt lat="41.92849" lon="2.91948">
        <ele>301.7</ele>
      </trkpt>
      <trkpt lat="41.92847" lon="2.9195">
        <ele>301.8</ele>
      </trkpt>
      <trkpt lat="41.92845" lon="2.91953">
        <ele>301.6</ele>
      </trkpt>
      <trkpt lat="41.92844" lon="2.91956">
        <ele>301.2</ele>
      </trkpt>
      <trkpt lat="41.92841" lon="2.9196">
        <ele>301.1</ele>
      </trkpt>
      <trkpt lat="41.92839" lon="2.91962">
        <ele>301.2</ele>
      </trkpt>
      <trkpt lat="41.92838" lon="2.91964">
        <ele>301</ele>
      </trkpt>
      <trkpt lat="41.92835" lon="2.91967">
        <ele>301.1</ele>
      </trkpt>
      <trkpt lat="41.92834" lon="2.91969">
        <ele>300.9</ele>
      </trkpt>
      <trkpt lat="41.92832" lon="2.9197">
        <ele>300.8</ele>
      </trkpt>
      <trkpt lat="41.92829" lon="2.91972">
        <ele>300.4</ele>
      </trkpt>
      <trkpt lat="41.92827" lon="2.91973">
        <ele>300.1</ele>
      </trkpt>
      <trkpt lat="41.92824" lon="2.91974">
        <ele>299.9</ele>
      </trkpt>
      <trkpt lat="41.92821" lon="2.91974">
        <ele>299.9</ele>
      </trkpt>
      <trkpt lat="41.92817" lon="2.91973">
        <ele>300.1</ele>
      </trkpt>
      <trkpt lat="41.92814" lon="2.91972">
        <ele>300.3</ele>
      </trkpt>
      <trkpt lat="41.92812" lon="2.91971">
        <ele>300.5</ele>
      </trkpt>
      <trkpt lat="41.9281" lon="2.91968">
        <ele>301.1</ele>
      </trkpt>
      <trkpt lat="41.92807" lon="2.91965">
        <ele>301.8</ele>
      </trkpt>
      <trkpt lat="41.92804" lon="2.91961">
        <ele>302.6</ele>
      </trkpt>
      <trkpt lat="41.92802" lon="2.91958">
        <ele>303.2</ele>
      </trkpt>
      <trkpt lat="41.928" lon="2.91957">
        <ele>303.4</ele>
      </trkpt>
      <trkpt lat="41.92798" lon="2.91955">
        <ele>303.8</ele>
      </trkpt>
      <trkpt lat="41.92797" lon="2.91954">
        <ele>304</ele>
      </trkpt>
      <trkpt lat="41.92794" lon="2.91953">
        <ele>304.1</ele>
      </trkpt>
      <trkpt lat="41.92791" lon="2.91952">
        <ele>304.3</ele>
      </trkpt>
      <trkpt lat="41.92788" lon="2.91952">
        <ele>304.2</ele>
      </trkpt>
      <trkpt lat="41.92785" lon="2.91952">
        <ele>304.2</ele>
      </trkpt>
      <trkpt lat="41.92782" lon="2.91952">
        <ele>304.1</ele>
      </trkpt>
      <trkpt lat="41.92778" lon="2.91952">
        <ele>304.1</ele>
      </trkpt>
      <trkpt lat="41.92775" lon="2.91951">
        <ele>304.2</ele>
      </trkpt>
      <trkpt lat="41.92771" lon="2.91951">
        <ele>304.2</ele>
      </trkpt>
      <trkpt lat="41.92768" lon="2.91949">
        <ele>304.5</ele>
      </trkpt>
      <trkpt lat="41.92765" lon="2.91947">
        <ele>304.8</ele>
      </trkpt>
      <trkpt lat="41.92758" lon="2.91938">
        <ele>306.3</ele>
      </trkpt>
      <trkpt lat="41.92753" lon="2.91929">
        <ele>307.9</ele>
      </trkpt>
      <trkpt lat="41.92749" lon="2.9192">
        <ele>309</ele>
      </trkpt>
      <trkpt lat="41.92745" lon="2.91913">
        <ele>308.8</ele>
      </trkpt>
      <trkpt lat="41.92743" lon="2.91906">
        <ele>309.1</ele>
      </trkpt>
      <trkpt lat="41.9274" lon="2.91899">
        <ele>309.1</ele>
      </trkpt>
      <trkpt lat="41.92737" lon="2.91892">
        <ele>309.1</ele>
      </trkpt>
      <trkpt lat="41.92735" lon="2.91883">
        <ele>309.7</ele>
      </trkpt>
      <trkpt lat="41.92734" lon="2.91876">
        <ele>310.4</ele>
      </trkpt>
      <trkpt lat="41.92733" lon="2.91867">
        <ele>311.4</ele>
      </trkpt>
      <trkpt lat="41.92731" lon="2.91858">
        <ele>312</ele>
      </trkpt>
      <trkpt lat="41.92729" lon="2.91851">
        <ele>312.3</ele>
      </trkpt>
      <trkpt lat="41.92728" lon="2.91847">
        <ele>312.5</ele>
      </trkpt>
      <trkpt lat="41.92725" lon="2.91841">
        <ele>312.3</ele>
      </trkpt>
      <trkpt lat="41.92722" lon="2.91837">
        <ele>311.7</ele>
      </trkpt>
      <trkpt lat="41.92719" lon="2.91832">
        <ele>311.3</ele>
      </trkpt>
      <trkpt lat="41.92716" lon="2.91829">
        <ele>310.6</ele>
      </trkpt>
      <trkpt lat="41.92712" lon="2.91824">
        <ele>309.9</ele>
      </trkpt>
      <trkpt lat="41.9271" lon="2.9182">
        <ele>309.8</ele>
      </trkpt>
      <trkpt lat="41.92709" lon="2.91816">
        <ele>310.1</ele>
      </trkpt>
      <trkpt lat="41.92708" lon="2.91811">
        <ele>310.5</ele>
      </trkpt>
      <trkpt lat="41.92708" lon="2.91805">
        <ele>311.5</ele>
      </trkpt>
      <trkpt lat="41.92709" lon="2.91799">
        <ele>312.8</ele>
      </trkpt>
      <trkpt lat="41.9271" lon="2.91794">
        <ele>314</ele>
      </trkpt>
      <trkpt lat="41.92711" lon="2.91786">
        <ele>315.6</ele>
      </trkpt>
      <trkpt lat="41.92711" lon="2.9178">
        <ele>316.6</ele>
      </trkpt>
      <trkpt lat="41.92711" lon="2.91774">
        <ele>317.6</ele>
      </trkpt>
      <trkpt lat="41.9271" lon="2.91769">
        <ele>318</ele>
      </trkpt>
      <trkpt lat="41.92709" lon="2.91763">
        <ele>318.6</ele>
      </trkpt>
      <trkpt lat="41.92706" lon="2.91755">
        <ele>318.9</ele>
      </trkpt>
      <trkpt lat="41.92705" lon="2.91749">
        <ele>319.6</ele>
      </trkpt>
      <trkpt lat="41.92704" lon="2.91742">
        <ele>321.1</ele>
      </trkpt>
      <trkpt lat="41.92704" lon="2.91736">
        <ele>322.6</ele>
      </trkpt>
      <trkpt lat="41.92704" lon="2.91729">
        <ele>324.4</ele>
      </trkpt>
      <trkpt lat="41.92705" lon="2.91725">
        <ele>325.8</ele>
      </trkpt>
      <trkpt lat="41.92706" lon="2.91721">
        <ele>327.1</ele>
      </trkpt>
      <trkpt lat="41.92707" lon="2.91717">
        <ele>328.4</ele>
      </trkpt>
      <trkpt lat="41.92707" lon="2.91714">
        <ele>329.2</ele>
      </trkpt>
      <trkpt lat="41.92709" lon="2.91709">
        <ele>331</ele>
      </trkpt>
      <trkpt lat="41.9271" lon="2.91704">
        <ele>332.6</ele>
      </trkpt>
      <trkpt lat="41.9271" lon="2.917">
        <ele>333.6</ele>
      </trkpt>
      <trkpt lat="41.9271" lon="2.91695">
        <ele>334.8</ele>
      </trkpt>
      <trkpt lat="41.9271" lon="2.91692">
        <ele>335.6</ele>
      </trkpt>
      <trkpt lat="41.92709" lon="2.91688">
        <ele>336.3</ele>
      </trkpt>
      <trkpt lat="41.92708" lon="2.91684">
        <ele>337</ele>
      </trkpt>
      <trkpt lat="41.92707" lon="2.91681">
        <ele>337.6</ele>
      </trkpt>
      <trkpt lat="41.92706" lon="2.9168">
        <ele>337.6</ele>
      </trkpt>
      <trkpt lat="41.92704" lon="2.91678">
        <ele>337.6</ele>
      </trkpt>
      <trkpt lat="41.92701" lon="2.91676">
        <ele>337.4</ele>
      </trkpt>
      <trkpt lat="41.92699" lon="2.91675">
        <ele>337.2</ele>
      </trkpt>
      <trkpt lat="41.92697" lon="2.91674">
        <ele>336.9</ele>
      </trkpt>
      <trkpt lat="41.92694" lon="2.91674">
        <ele>336.2</ele>
      </trkpt>
      <trkpt lat="41.92691" lon="2.91674">
        <ele>335.5</ele>
      </trkpt>
      <trkpt lat="41.92688" lon="2.91674">
        <ele>334.8</ele>
      </trkpt>
      <trkpt lat="41.92686" lon="2.91675">
        <ele>334</ele>
      </trkpt>
      <trkpt lat="41.92683" lon="2.91676">
        <ele>333</ele>
      </trkpt>
      <trkpt lat="41.92681" lon="2.91677">
        <ele>332.3</ele>
      </trkpt>
      <trkpt lat="41.92679" lon="2.91678">
        <ele>331.5</ele>
      </trkpt>
      <trkpt lat="41.92676" lon="2.91679">
        <ele>330.4</ele>
      </trkpt>
      <trkpt lat="41.92673" lon="2.9168">
        <ele>329.4</ele>
      </trkpt>
      <trkpt lat="41.92671" lon="2.91681">
        <ele>328.6</ele>
      </trkpt>
      <trkpt lat="41.92669" lon="2.91682">
        <ele>327.8</ele>
      </trkpt>
      <trkpt lat="41.92666" lon="2.91684">
        <ele>326.5</ele>
      </trkpt>
      <trkpt lat="41.92662" lon="2.91686">
        <ele>325.4</ele>
      </trkpt>
      <trkpt lat="41.92658" lon="2.91688">
        <ele>324.2</ele>
      </trkpt>
      <trkpt lat="41.92654" lon="2.91689">
        <ele>323.4</ele>
      </trkpt>
      <trkpt lat="41.92651" lon="2.91691">
        <ele>322.5</ele>
      </trkpt>
      <trkpt lat="41.92648" lon="2.91693">
        <ele>321.6</ele>
      </trkpt>
      <trkpt lat="41.92644" lon="2.91694">
        <ele>320.8</ele>
      </trkpt>
      <trkpt lat="41.9264" lon="2.91697">
        <ele>319.6</ele>
      </trkpt>
      <trkpt lat="41.92636" lon="2.91698">
        <ele>318.9</ele>
      </trkpt>
      <trkpt lat="41.92633" lon="2.917">
        <ele>318</ele>
      </trkpt>
      <trkpt lat="41.92627" lon="2.91702">
        <ele>316.9</ele>
      </trkpt>
      <trkpt lat="41.92622" lon="2.91705">
        <ele>315.7</ele>
      </trkpt>
      <trkpt lat="41.92616" lon="2.91708">
        <ele>314.5</ele>
      </trkpt>
      <trkpt lat="41.92612" lon="2.91709">
        <ele>313.9</ele>
      </trkpt>
      <trkpt lat="41.92608" lon="2.91711">
        <ele>313.2</ele>
      </trkpt>
      <trkpt lat="41.92604" lon="2.91711">
        <ele>312.8</ele>
      </trkpt>
      <trkpt lat="41.92601" lon="2.9171">
        <ele>312.8</ele>
      </trkpt>
      <trkpt lat="41.92599" lon="2.9171">
        <ele>312.6</ele>
      </trkpt>
      <trkpt lat="41.92597" lon="2.91709">
        <ele>312.6</ele>
      </trkpt>
      <trkpt lat="41.92595" lon="2.91707">
        <ele>312.8</ele>
      </trkpt>
      <trkpt lat="41.92592" lon="2.91705">
        <ele>312.9</ele>
      </trkpt>
      <trkpt lat="41.92589" lon="2.91701">
        <ele>313.2</ele>
      </trkpt>
      <trkpt lat="41.92587" lon="2.91698">
        <ele>313.5</ele>
      </trkpt>
      <trkpt lat="41.92587" lon="2.91695">
        <ele>314</ele>
      </trkpt>
      <trkpt lat="41.92586" lon="2.91691">
        <ele>314.5</ele>
      </trkpt>
      <trkpt lat="41.92584" lon="2.91684">
        <ele>315.4</ele>
      </trkpt>
      <trkpt lat="41.92582" lon="2.91673">
        <ele>316.7</ele>
      </trkpt>
      <trkpt lat="41.92581" lon="2.91664">
        <ele>318</ele>
      </trkpt>
      <trkpt lat="41.92578" lon="2.91652">
        <ele>319.7</ele>
      </trkpt>
      <trkpt lat="41.92577" lon="2.91642">
        <ele>321.4</ele>
      </trkpt>
      <trkpt lat="41.92576" lon="2.91636">
        <ele>322.4</ele>
      </trkpt>
      <trkpt lat="41.92574" lon="2.91627">
        <ele>323.9</ele>
      </trkpt>
      <trkpt lat="41.92573" lon="2.91621">
        <ele>324.9</ele>
      </trkpt>
      <trkpt lat="41.92572" lon="2.91613">
        <ele>326.3</ele>
      </trkpt>
      <trkpt lat="41.92571" lon="2.91607">
        <ele>327.4</ele>
      </trkpt>
      <trkpt lat="41.92571" lon="2.91603">
        <ele>328.2</ele>
      </trkpt>
      <trkpt lat="41.92571" lon="2.91597">
        <ele>329.4</ele>
      </trkpt>
      <trkpt lat="41.92573" lon="2.9159">
        <ele>331.2</ele>
      </trkpt>
      <trkpt lat="41.92575" lon="2.91585">
        <ele>332.5</ele>
      </trkpt>
      <trkpt lat="41.92577" lon="2.91579">
        <ele>334.1</ele>
      </trkpt>
      <trkpt lat="41.9258" lon="2.91573">
        <ele>335.9</ele>
      </trkpt>
      <trkpt lat="41.92581" lon="2.91567">
        <ele>337.4</ele>
      </trkpt>
      <trkpt lat="41.92582" lon="2.91561">
        <ele>338.9</ele>
      </trkpt>
      <trkpt lat="41.92583" lon="2.91556">
        <ele>340.2</ele>
      </trkpt>
      <trkpt lat="41.92582" lon="2.91551">
        <ele>341.2</ele>
      </trkpt>
      <trkpt lat="41.9258" lon="2.91545">
        <ele>342.3</ele>
      </trkpt>
      <trkpt lat="41.92578" lon="2.91539">
        <ele>343.5</ele>
      </trkpt>
      <trkpt lat="41.92576" lon="2.91536">
        <ele>343.9</ele>
      </trkpt>
      <trkpt lat="41.92573" lon="2.91533">
        <ele>344.3</ele>
      </trkpt>
      <trkpt lat="41.92571" lon="2.91531">
        <ele>344.5</ele>
      </trkpt>
      <trkpt lat="41.92568" lon="2.91529">
        <ele>344.7</ele>
      </trkpt>
      <trkpt lat="41.92565" lon="2.91528">
        <ele>344.6</ele>
      </trkpt>
      <trkpt lat="41.92562" lon="2.91527">
        <ele>344.5</ele>
      </trkpt>
      <trkpt lat="41.92558" lon="2.91527">
        <ele>344</ele>
      </trkpt>
      <trkpt lat="41.92555" lon="2.91527">
        <ele>343.7</ele>
      </trkpt>
      <trkpt lat="41.92552" lon="2.91527">
        <ele>343.3</ele>
      </trkpt>
      <trkpt lat="41.9255" lon="2.91527">
        <ele>343.1</ele>
      </trkpt>
      <trkpt lat="41.92548" lon="2.91526">
        <ele>343.1</ele>
      </trkpt>
      <trkpt lat="41.92545" lon="2.91524">
        <ele>343.3</ele>
      </trkpt>
      <trkpt lat="41.92541" lon="2.91522">
        <ele>343.4</ele>
      </trkpt>
      <trkpt lat="41.92539" lon="2.9152">
        <ele>343.7</ele>
      </trkpt>
      <trkpt lat="41.92536" lon="2.91517">
        <ele>344.1</ele>
      </trkpt>
      <trkpt lat="41.92532" lon="2.91514">
        <ele>344.5</ele>
      </trkpt>
      <trkpt lat="41.9253" lon="2.91512">
        <ele>344.8</ele>
      </trkpt>
      <trkpt lat="41.92527" lon="2.9151">
        <ele>345</ele>
      </trkpt>
      <trkpt lat="41.92525" lon="2.91508">
        <ele>345.3</ele>
      </trkpt>
      <trkpt lat="41.92523" lon="2.91506">
        <ele>345.6</ele>
      </trkpt>
      <trkpt lat="41.9252" lon="2.91505">
        <ele>345.6</ele>
      </trkpt>
      <trkpt lat="41.92518" lon="2.91504">
        <ele>345.7</ele>
      </trkpt>
      <trkpt lat="41.92516" lon="2.91503">
        <ele>345.7</ele>
      </trkpt>
      <trkpt lat="41.92514" lon="2.91503">
        <ele>345.5</ele>
      </trkpt>
      <trkpt lat="41.92511" lon="2.91504">
        <ele>345</ele>
      </trkpt>
      <trkpt lat="41.92509" lon="2.91504">
        <ele>344.8</ele>
      </trkpt>
      <trkpt lat="41.92507" lon="2.91505">
        <ele>344.3</ele>
      </trkpt>
      <trkpt lat="41.92504" lon="2.91507">
        <ele>343.5</ele>
      </trkpt>
      <trkpt lat="41.92502" lon="2.91509">
        <ele>342.7</ele>
      </trkpt>
      <trkpt lat="41.925" lon="2.91512">
        <ele>341.7</ele>
      </trkpt>
      <trkpt lat="41.92498" lon="2.91515">
        <ele>341.1</ele>
      </trkpt>
      <trkpt lat="41.92497" lon="2.91519">
        <ele>340.2</ele>
      </trkpt>
      <trkpt lat="41.92495" lon="2.91523">
        <ele>339.3</ele>
      </trkpt>
      <trkpt lat="41.92494" lon="2.91527">
        <ele>338.3</ele>
      </trkpt>
      <trkpt lat="41.92493" lon="2.91531">
        <ele>337.3</ele>
      </trkpt>
      <trkpt lat="41.92492" lon="2.91534">
        <ele>336.6</ele>
      </trkpt>
      <trkpt lat="41.92492" lon="2.91538">
        <ele>335.4</ele>
      </trkpt>
      <trkpt lat="41.92491" lon="2.91542">
        <ele>334.4</ele>
      </trkpt>
      <trkpt lat="41.9249" lon="2.91544">
        <ele>334</ele>
      </trkpt>
      <trkpt lat="41.92488" lon="2.91548">
        <ele>333</ele>
      </trkpt>
      <trkpt lat="41.92487" lon="2.91552">
        <ele>332</ele>
      </trkpt>
      <trkpt lat="41.92485" lon="2.91556">
        <ele>331</ele>
      </trkpt>
      <trkpt lat="41.92482" lon="2.91561">
        <ele>329.9</ele>
      </trkpt>
      <trkpt lat="41.9248" lon="2.91565">
        <ele>328.9</ele>
      </trkpt>
      <trkpt lat="41.92477" lon="2.9157">
        <ele>327.6</ele>
      </trkpt>
      <trkpt lat="41.92475" lon="2.91574">
        <ele>326.6</ele>
      </trkpt>
      <trkpt lat="41.92472" lon="2.91579">
        <ele>325.3</ele>
      </trkpt>
      <trkpt lat="41.9247" lon="2.91584">
        <ele>324</ele>
      </trkpt>
      <trkpt lat="41.92468" lon="2.91586">
        <ele>323.5</ele>
      </trkpt>
      <trkpt lat="41.92466" lon="2.91589">
        <ele>322.8</ele>
      </trkpt>
      <trkpt lat="41.92464" lon="2.91591">
        <ele>322.3</ele>
      </trkpt>
      <trkpt lat="41.92463" lon="2.91593">
        <ele>321.8</ele>
      </trkpt>
      <trkpt lat="41.9246" lon="2.91594">
        <ele>321.7</ele>
      </trkpt>
      <trkpt lat="41.92458" lon="2.91596">
        <ele>321.2</ele>
      </trkpt>
      <trkpt lat="41.92456" lon="2.91597">
        <ele>321</ele>
      </trkpt>
      <trkpt lat="41.92452" lon="2.91596">
        <ele>321.6</ele>
      </trkpt>
      <trkpt lat="41.92447" lon="2.91596">
        <ele>321.9</ele>
      </trkpt>
      <trkpt lat="41.92443" lon="2.91594">
        <ele>322.8</ele>
      </trkpt>
      <trkpt lat="41.92439" lon="2.91592">
        <ele>323.7</ele>
      </trkpt>
      <trkpt lat="41.92435" lon="2.9159">
        <ele>324.6</ele>
      </trkpt>
      <trkpt lat="41.92431" lon="2.91586">
        <ele>326.1</ele>
      </trkpt>
      <trkpt lat="41.92428" lon="2.91584">
        <ele>327</ele>
      </trkpt>
      <trkpt lat="41.92424" lon="2.91581">
        <ele>328.3</ele>
      </trkpt>
      <trkpt lat="41.92419" lon="2.91577">
        <ele>330.1</ele>
      </trkpt>
      <trkpt lat="41.92416" lon="2.91573">
        <ele>331.8</ele>
      </trkpt>
      <trkpt lat="41.92414" lon="2.9157">
        <ele>332.9</ele>
      </trkpt>
      <trkpt lat="41.92411" lon="2.91567">
        <ele>334.2</ele>
      </trkpt>
      <trkpt lat="41.92408" lon="2.91563">
        <ele>335.7</ele>
      </trkpt>
      <trkpt lat="41.92405" lon="2.91558">
        <ele>337.6</ele>
      </trkpt>
      <trkpt lat="41.92388" lon="2.9153">
        <ele>347.5</ele>
      </trkpt>
      <trkpt lat="41.92384" lon="2.91524">
        <ele>349.5</ele>
      </trkpt>
      <trkpt lat="41.92381" lon="2.9152">
        <ele>350.8</ele>
      </trkpt>
      <trkpt lat="41.92378" lon="2.91517">
        <ele>351.7</ele>
      </trkpt>
      <trkpt lat="41.92376" lon="2.91515">
        <ele>352.3</ele>
      </trkpt>
      <trkpt lat="41.92373" lon="2.91514">
        <ele>352.6</ele>
      </trkpt>
      <trkpt lat="41.9237" lon="2.91513">
        <ele>352.9</ele>
      </trkpt>
      <trkpt lat="41.92368" lon="2.91514">
        <ele>352.6</ele>
      </trkpt>
      <trkpt lat="41.92365" lon="2.91514">
        <ele>352.5</ele>
      </trkpt>
      <trkpt lat="41.92362" lon="2.91515">
        <ele>352.2</ele>
      </trkpt>
      <trkpt lat="41.92361" lon="2.91516">
        <ele>351.9</ele>
      </trkpt>
      <trkpt lat="41.92359" lon="2.91517">
        <ele>351.6</ele>
      </trkpt>
      <trkpt lat="41.92356" lon="2.9152">
        <ele>350.7</ele>
      </trkpt>
      <trkpt lat="41.92353" lon="2.91522">
        <ele>350.2</ele>
      </trkpt>
      <trkpt lat="41.9235" lon="2.91526">
        <ele>349</ele>
      </trkpt>
      <trkpt lat="41.92346" lon="2.91531">
        <ele>347.7</ele>
      </trkpt>
      <trkpt lat="41.92343" lon="2.91535">
        <ele>346.6</ele>
      </trkpt>
      <trkpt lat="41.92339" lon="2.91539">
        <ele>345.6</ele>
      </trkpt>
      <trkpt lat="41.92336" lon="2.91543">
        <ele>344.6</ele>
      </trkpt>
      <trkpt lat="41.92333" lon="2.91546">
        <ele>343.9</ele>
      </trkpt>
      <trkpt lat="41.9233" lon="2.91549">
        <ele>343.2</ele>
      </trkpt>
      <trkpt lat="41.92328" lon="2.91552">
        <ele>342.5</ele>
      </trkpt>
      <trkpt lat="41.92325" lon="2.91555">
        <ele>342</ele>
      </trkpt>
      <trkpt lat="41.92323" lon="2.91558">
        <ele>341.4</ele>
      </trkpt>
      <trkpt lat="41.9232" lon="2.91563">
        <ele>340.4</ele>
      </trkpt>
      <trkpt lat="41.92318" lon="2.91566">
        <ele>339.8</ele>
      </trkpt>
      <trkpt lat="41.92317" lon="2.91569">
        <ele>339.2</ele>
      </trkpt>
      <trkpt lat="41.92316" lon="2.91572">
        <ele>338.6</ele>
      </trkpt>
      <trkpt lat="41.92315" lon="2.91575">
        <ele>338.1</ele>
      </trkpt>
      <trkpt lat="41.92314" lon="2.9158">
        <ele>337.1</ele>
      </trkpt>
      <trkpt lat="41.92314" lon="2.91584">
        <ele>336.3</ele>
      </trkpt>
      <trkpt lat="41.92313" lon="2.91588">
        <ele>336</ele>
      </trkpt>
      <trkpt lat="41.92313" lon="2.91592">
        <ele>335.6</ele>
      </trkpt>
      <trkpt lat="41.92313" lon="2.91597">
        <ele>335.1</ele>
      </trkpt>
      <trkpt lat="41.92312" lon="2.91601">
        <ele>334.8</ele>
      </trkpt>
      <trkpt lat="41.92312" lon="2.91608">
        <ele>334.1</ele>
      </trkpt>
      <trkpt lat="41.92311" lon="2.91615">
        <ele>333.5</ele>
      </trkpt>
      <trkpt lat="41.9231" lon="2.91622">
        <ele>332.9</ele>
      </trkpt>
      <trkpt lat="41.9231" lon="2.91629">
        <ele>332.2</ele>
      </trkpt>
      <trkpt lat="41.92309" lon="2.91636">
        <ele>331.6</ele>
      </trkpt>
      <trkpt lat="41.92308" lon="2.91643">
        <ele>330.9</ele>
      </trkpt>
      <trkpt lat="41.92307" lon="2.91649">
        <ele>330.4</ele>
      </trkpt>
      <trkpt lat="41.92306" lon="2.91655">
        <ele>329.8</ele>
      </trkpt>
      <trkpt lat="41.92305" lon="2.91659">
        <ele>329.5</ele>
      </trkpt>
      <trkpt lat="41.92305" lon="2.91663">
        <ele>329.1</ele>
      </trkpt>
      <trkpt lat="41.92303" lon="2.91666">
        <ele>328.9</ele>
      </trkpt>
      <trkpt lat="41.92302" lon="2.91669">
        <ele>328.5</ele>
      </trkpt>
      <trkpt lat="41.923" lon="2.91671">
        <ele>328.3</ele>
      </trkpt>
      <trkpt lat="41.92298" lon="2.91674">
        <ele>327.9</ele>
      </trkpt>
      <trkpt lat="41.92296" lon="2.91675">
        <ele>327.8</ele>
      </trkpt>
      <trkpt lat="41.92294" lon="2.91676">
        <ele>327.7</ele>
      </trkpt>
      <trkpt lat="41.92291" lon="2.91677">
        <ele>327.7</ele>
      </trkpt>
      <trkpt lat="41.92289" lon="2.91678">
        <ele>327.6</ele>
      </trkpt>
      <trkpt lat="41.92286" lon="2.91678">
        <ele>327.7</ele>
      </trkpt>
      <trkpt lat="41.92283" lon="2.91677">
        <ele>328</ele>
      </trkpt>
      <trkpt lat="41.92281" lon="2.91676">
        <ele>328.3</ele>
      </trkpt>
      <trkpt lat="41.92278" lon="2.91674">
        <ele>328.9</ele>
      </trkpt>
      <trkpt lat="41.92275" lon="2.91672">
        <ele>329.4</ele>
      </trkpt>
      <trkpt lat="41.92272" lon="2.9167">
        <ele>330</ele>
      </trkpt>
      <trkpt lat="41.92269" lon="2.91667">
        <ele>330.8</ele>
      </trkpt>
      <trkpt lat="41.92267" lon="2.91664">
        <ele>331.3</ele>
      </trkpt>
      <trkpt lat="41.92264" lon="2.91661">
        <ele>331.9</ele>
      </trkpt>
      <trkpt lat="41.92262" lon="2.91658">
        <ele>332.5</ele>
      </trkpt>
      <trkpt lat="41.9226" lon="2.91653">
        <ele>333.3</ele>
      </trkpt>
      <trkpt lat="41.92258" lon="2.91649">
        <ele>334</ele>
      </trkpt>
      <trkpt lat="41.92256" lon="2.91642">
        <ele>335.1</ele>
      </trkpt>
      <trkpt lat="41.92255" lon="2.91638">
        <ele>335.7</ele>
      </trkpt>
      <trkpt lat="41.92253" lon="2.91631">
        <ele>336.9</ele>
      </trkpt>
      <trkpt lat="41.92251" lon="2.91623">
        <ele>338.2</ele>
      </trkpt>
      <trkpt lat="41.9225" lon="2.91617">
        <ele>339.1</ele>
      </trkpt>
      <trkpt lat="41.92248" lon="2.9161">
        <ele>339.6</ele>
      </trkpt>
      <trkpt lat="41.92246" lon="2.91602">
        <ele>340.2</ele>
      </trkpt>
      <trkpt lat="41.92244" lon="2.91595">
        <ele>340.6</ele>
      </trkpt>
      <trkpt lat="41.92243" lon="2.91587">
        <ele>341.5</ele>
      </trkpt>
      <trkpt lat="41.92241" lon="2.91581">
        <ele>341.6</ele>
      </trkpt>
      <trkpt lat="41.92239" lon="2.91574">
        <ele>341.7</ele>
      </trkpt>
      <trkpt lat="41.92238" lon="2.91569">
        <ele>341.9</ele>
      </trkpt>
      <trkpt lat="41.92237" lon="2.91564">
        <ele>342.2</ele>
      </trkpt>
      <trkpt lat="41.92237" lon="2.9156">
        <ele>342.6</ele>
      </trkpt>
      <trkpt lat="41.92237" lon="2.91555">
        <ele>343.1</ele>
      </trkpt>
      <trkpt lat="41.92237" lon="2.91552">
        <ele>343.4</ele>
      </trkpt>
      <trkpt lat="41.92238" lon="2.91548">
        <ele>344</ele>
      </trkpt>
      <trkpt lat="41.92239" lon="2.91543">
        <ele>344.7</ele>
      </trkpt>
      <trkpt lat="41.9224" lon="2.91539">
        <ele>345.4</ele>
      </trkpt>
      <trkpt lat="41.92241" lon="2.91536">
        <ele>345.9</ele>
      </trkpt>
      <trkpt lat="41.92242" lon="2.91532">
        <ele>346.5</ele>
      </trkpt>
      <trkpt lat="41.92243" lon="2.91527">
        <ele>347.2</ele>
      </trkpt>
      <trkpt lat="41.92243" lon="2.91524">
        <ele>347.4</ele>
      </trkpt>
      <trkpt lat="41.92244" lon="2.9152">
        <ele>348</ele>
      </trkpt>
      <trkpt lat="41.92244" lon="2.91517">
        <ele>348.3</ele>
      </trkpt>
      <trkpt lat="41.92243" lon="2.91515">
        <ele>348.3</ele>
      </trkpt>
      <trkpt lat="41.92243" lon="2.9151">
        <ele>348.7</ele>
      </trkpt>
      <trkpt lat="41.92242" lon="2.91506">
        <ele>348.9</ele>
      </trkpt>
      <trkpt lat="41.92242" lon="2.915">
        <ele>349.5</ele>
      </trkpt>
      <trkpt lat="41.92241" lon="2.91496">
        <ele>349.9</ele>
      </trkpt>
      <trkpt lat="41.9224" lon="2.91492">
        <ele>350.4</ele>
      </trkpt>
      <trkpt lat="41.9224" lon="2.91486">
        <ele>351.5</ele>
      </trkpt>
      <trkpt lat="41.9224" lon="2.91483">
        <ele>352</ele>
      </trkpt>
      <trkpt lat="41.92239" lon="2.9148">
        <ele>352.3</ele>
      </trkpt>
      <trkpt lat="41.92239" lon="2.91476">
        <ele>353</ele>
      </trkpt>
      <trkpt lat="41.92239" lon="2.91473">
        <ele>353.5</ele>
      </trkpt>
      <trkpt lat="41.92239" lon="2.91471">
        <ele>353.8</ele>
      </trkpt>
      <trkpt lat="41.9224" lon="2.91464">
        <ele>355.2</ele>
      </trkpt>
      <trkpt lat="41.92241" lon="2.91458">
        <ele>356.4</ele>
      </trkpt>
      <trkpt lat="41.92241" lon="2.91451">
        <ele>357.6</ele>
      </trkpt>
      <trkpt lat="41.92241" lon="2.91446">
        <ele>358.4</ele>
      </trkpt>
      <trkpt lat="41.92241" lon="2.91442">
        <ele>359.1</ele>
      </trkpt>
      <trkpt lat="41.9224" lon="2.91437">
        <ele>359.8</ele>
      </trkpt>
      <trkpt lat="41.92238" lon="2.91434">
        <ele>359.9</ele>
      </trkpt>
      <trkpt lat="41.92237" lon="2.91431">
        <ele>360.2</ele>
      </trkpt>
      <trkpt lat="41.92235" lon="2.91429">
        <ele>360.2</ele>
      </trkpt>
      <trkpt lat="41.92233" lon="2.91427">
        <ele>360.2</ele>
      </trkpt>
      <trkpt lat="41.9223" lon="2.91425">
        <ele>360</ele>
      </trkpt>
      <trkpt lat="41.92227" lon="2.91423">
        <ele>359.8</ele>
      </trkpt>
      <trkpt lat="41.92224" lon="2.91421">
        <ele>359.6</ele>
      </trkpt>
      <trkpt lat="41.92221" lon="2.9142">
        <ele>359.2</ele>
      </trkpt>
      <trkpt lat="41.92218" lon="2.91418">
        <ele>359</ele>
      </trkpt>
      <trkpt lat="41.92215" lon="2.91416">
        <ele>358.9</ele>
      </trkpt>
      <trkpt lat="41.92212" lon="2.91414">
        <ele>358.9</ele>
      </trkpt>
      <trkpt lat="41.92209" lon="2.91411">
        <ele>359.3</ele>
      </trkpt>
      <trkpt lat="41.92206" lon="2.91408">
        <ele>359.6</ele>
      </trkpt>
      <trkpt lat="41.92204" lon="2.91405">
        <ele>360.2</ele>
      </trkpt>
      <trkpt lat="41.92202" lon="2.91402">
        <ele>360.7</ele>
      </trkpt>
      <trkpt lat="41.92199" lon="2.91398">
        <ele>361.3</ele>
      </trkpt>
      <trkpt lat="41.92198" lon="2.91394">
        <ele>362.3</ele>
      </trkpt>
      <trkpt lat="41.92195" lon="2.91388">
        <ele>363.6</ele>
      </trkpt>
      <trkpt lat="41.92193" lon="2.91383">
        <ele>364.7</ele>
      </trkpt>
      <trkpt lat="41.92191" lon="2.9138">
        <ele>365.2</ele>
      </trkpt>
      <trkpt lat="41.92188" lon="2.91377">
        <ele>365.6</ele>
      </trkpt>
      <trkpt lat="41.92187" lon="2.91375">
        <ele>366</ele>
      </trkpt>
      <trkpt lat="41.92184" lon="2.91374">
        <ele>365.8</ele>
      </trkpt>
      <trkpt lat="41.92183" lon="2.91373">
        <ele>365.9</ele>
      </trkpt>
      <trkpt lat="41.92181" lon="2.91372">
        <ele>365.9</ele>
      </trkpt>
      <trkpt lat="41.92179" lon="2.91372">
        <ele>365.5</ele>
      </trkpt>
      <trkpt lat="41.92176" lon="2.91372">
        <ele>365</ele>
      </trkpt>
      <trkpt lat="41.92175" lon="2.91372">
        <ele>364.8</ele>
      </trkpt>
      <trkpt lat="41.92172" lon="2.91372">
        <ele>364.3</ele>
      </trkpt>
      <trkpt lat="41.9217" lon="2.91373">
        <ele>363.7</ele>
      </trkpt>
      <trkpt lat="41.92167" lon="2.91373">
        <ele>363.2</ele>
      </trkpt>
      <trkpt lat="41.92165" lon="2.91374">
        <ele>363.1</ele>
      </trkpt>
      <trkpt lat="41.92163" lon="2.91374">
        <ele>363.4</ele>
      </trkpt>
      <trkpt lat="41.9216" lon="2.91374">
        <ele>363.9</ele>
      </trkpt>
      <trkpt lat="41.92159" lon="2.91374">
        <ele>364</ele>
      </trkpt>
      <trkpt lat="41.92157" lon="2.91374">
        <ele>364.3</ele>
      </trkpt>
      <trkpt lat="41.92155" lon="2.91374">
        <ele>364.7</ele>
      </trkpt>
      <trkpt lat="41.92152" lon="2.91372">
        <ele>365.7</ele>
      </trkpt>
      <trkpt lat="41.9215" lon="2.91371">
        <ele>366.2</ele>
      </trkpt>
      <trkpt lat="41.92149" lon="2.9137">
        <ele>366.6</ele>
      </trkpt>
      <trkpt lat="41.92147" lon="2.91368">
        <ele>367.4</ele>
      </trkpt>
      <trkpt lat="41.92142" lon="2.91365">
        <ele>368.9</ele>
      </trkpt>
      <trkpt lat="41.9214" lon="2.91363">
        <ele>369.6</ele>
      </trkpt>
      <trkpt lat="41.92137" lon="2.91361">
        <ele>370.5</ele>
      </trkpt>
      <trkpt lat="41.92135" lon="2.9136">
        <ele>371</ele>
      </trkpt>
      <trkpt lat="41.92133" lon="2.91359">
        <ele>371.4</ele>
      </trkpt>
      <trkpt lat="41.92131" lon="2.91358">
        <ele>371.9</ele>
      </trkpt>
      <trkpt lat="41.92129" lon="2.91358">
        <ele>372.1</ele>
      </trkpt>
      <trkpt lat="41.92126" lon="2.91358">
        <ele>372.5</ele>
      </trkpt>
      <trkpt lat="41.92124" lon="2.91358">
        <ele>372.7</ele>
      </trkpt>
      <trkpt lat="41.92122" lon="2.91358">
        <ele>373</ele>
      </trkpt>
      <trkpt lat="41.9212" lon="2.91359">
        <ele>373</ele>
      </trkpt>
      <trkpt lat="41.92118" lon="2.9136">
        <ele>373.1</ele>
      </trkpt>
      <trkpt lat="41.92117" lon="2.91361">
        <ele>373</ele>
      </trkpt>
      <trkpt lat="41.92115" lon="2.91363">
        <ele>372.9</ele>
      </trkpt>
      <trkpt lat="41.92114" lon="2.91364">
        <ele>372.9</ele>
      </trkpt>
      <trkpt lat="41.92113" lon="2.91365">
        <ele>372.9</ele>
      </trkpt>
      <trkpt lat="41.92111" lon="2.91368">
        <ele>372.7</ele>
      </trkpt>
      <trkpt lat="41.9211" lon="2.91369">
        <ele>372.6</ele>
      </trkpt>
      <trkpt lat="41.9211" lon="2.91372">
        <ele>372.2</ele>
      </trkpt>
      <trkpt lat="41.92109" lon="2.91374">
        <ele>372</ele>
      </trkpt>
      <trkpt lat="41.92109" lon="2.91376">
        <ele>371.7</ele>
      </trkpt>
      <trkpt lat="41.92109" lon="2.9138">
        <ele>371</ele>
      </trkpt>
      <trkpt lat="41.9211" lon="2.91384">
        <ele>370.2</ele>
      </trkpt>
      <trkpt lat="41.92111" lon="2.91388">
        <ele>369.4</ele>
      </trkpt>
      <trkpt lat="41.92113" lon="2.91392">
        <ele>368.3</ele>
      </trkpt>
      <trkpt lat="41.92115" lon="2.91396">
        <ele>367.2</ele>
      </trkpt>
      <trkpt lat="41.92117" lon="2.91399">
        <ele>366.3</ele>
      </trkpt>
      <trkpt lat="41.92119" lon="2.91403">
        <ele>365.1</ele>
      </trkpt>
      <trkpt lat="41.92122" lon="2.91407">
        <ele>363.6</ele>
      </trkpt>
      <trkpt lat="41.92125" lon="2.91412">
        <ele>361.9</ele>
      </trkpt>
      <trkpt lat="41.92127" lon="2.91417">
        <ele>360.4</ele>
      </trkpt>
      <trkpt lat="41.92129" lon="2.9142">
        <ele>359.5</ele>
      </trkpt>
      <trkpt lat="41.92131" lon="2.91425">
        <ele>358.4</ele>
      </trkpt>
      <trkpt lat="41.92133" lon="2.91429">
        <ele>357.3</ele>
      </trkpt>
      <trkpt lat="41.92135" lon="2.91435">
        <ele>356</ele>
      </trkpt>
      <trkpt lat="41.92136" lon="2.91439">
        <ele>355.2</ele>
      </trkpt>
      <trkpt lat="41.92136" lon="2.91443">
        <ele>354.6</ele>
      </trkpt>
      <trkpt lat="41.92137" lon="2.91447">
        <ele>353.8</ele>
      </trkpt>
      <trkpt lat="41.92137" lon="2.91452">
        <ele>353.1</ele>
      </trkpt>
      <trkpt lat="41.92137" lon="2.91455">
        <ele>352.7</ele>
      </trkpt>
      <trkpt lat="41.92136" lon="2.9146">
        <ele>352.4</ele>
      </trkpt>
      <trkpt lat="41.92135" lon="2.91465">
        <ele>352.1</ele>
      </trkpt>
      <trkpt lat="41.92134" lon="2.91468">
        <ele>352</ele>
      </trkpt>
      <trkpt lat="41.92133" lon="2.9147">
        <ele>352.1</ele>
      </trkpt>
      <trkpt lat="41.92131" lon="2.91475">
        <ele>352.2</ele>
      </trkpt>
      <trkpt lat="41.92128" lon="2.91481">
        <ele>352.6</ele>
      </trkpt>
      <trkpt lat="41.92126" lon="2.91484">
        <ele>352.9</ele>
      </trkpt>
      <trkpt lat="41.92124" lon="2.91488">
        <ele>353.2</ele>
      </trkpt>
      <trkpt lat="41.92122" lon="2.91491">
        <ele>353.7</ele>
      </trkpt>
      <trkpt lat="41.9212" lon="2.91494">
        <ele>354.1</ele>
      </trkpt>
      <trkpt lat="41.92116" lon="2.91498">
        <ele>355.3</ele>
      </trkpt>
      <trkpt lat="41.92113" lon="2.915">
        <ele>356.2</ele>
      </trkpt>
      <trkpt lat="41.9211" lon="2.91503">
        <ele>356.7</ele>
      </trkpt>
      <trkpt lat="41.92106" lon="2.91505">
        <ele>357.8</ele>
      </trkpt>
      <trkpt lat="41.92103" lon="2.91507">
        <ele>358.5</ele>
      </trkpt>
      <trkpt lat="41.921" lon="2.91509">
        <ele>359.2</ele>
      </trkpt>
      <trkpt lat="41.92096" lon="2.91512">
        <ele>360</ele>
      </trkpt>
      <trkpt lat="41.92093" lon="2.91514">
        <ele>360.6</ele>
      </trkpt>
      <trkpt lat="41.92089" lon="2.91516">
        <ele>361.6</ele>
      </trkpt>
      <trkpt lat="41.92087" lon="2.91519">
        <ele>361.6</ele>
      </trkpt>
      <trkpt lat="41.92084" lon="2.9152">
        <ele>362.5</ele>
      </trkpt>
      <trkpt lat="41.92082" lon="2.91522">
        <ele>362.5</ele>
      </trkpt>
      <trkpt lat="41.9208" lon="2.91525">
        <ele>362.1</ele>
      </trkpt>
      <trkpt lat="41.92078" lon="2.91528">
        <ele>361.7</ele>
      </trkpt>
      <trkpt lat="41.92076" lon="2.91531">
        <ele>361.4</ele>
      </trkpt>
      <trkpt lat="41.92075" lon="2.91533">
        <ele>361</ele>
      </trkpt>
      <trkpt lat="41.92073" lon="2.91537">
        <ele>360.4</ele>
      </trkpt>
      <trkpt lat="41.92071" lon="2.91542">
        <ele>359.6</ele>
      </trkpt>
      <trkpt lat="41.92071" lon="2.91544">
        <ele>359.1</ele>
      </trkpt>
      <trkpt lat="41.9207" lon="2.91547">
        <ele>358.5</ele>
      </trkpt>
      <trkpt lat="41.9207" lon="2.9155">
        <ele>357.7</ele>
      </trkpt>
      <trkpt lat="41.9207" lon="2.91554">
        <ele>356.7</ele>
      </trkpt>
      <trkpt lat="41.92069" lon="2.91558">
        <ele>355.9</ele>
      </trkpt>
      <trkpt lat="41.92069" lon="2.91562">
        <ele>354.9</ele>
      </trkpt>
      <trkpt lat="41.92069" lon="2.91565">
        <ele>354.1</ele>
      </trkpt>
      <trkpt lat="41.92069" lon="2.9157">
        <ele>352.8</ele>
      </trkpt>
      <trkpt lat="41.92068" lon="2.91575">
        <ele>351.8</ele>
      </trkpt>
      <trkpt lat="41.92067" lon="2.91579">
        <ele>351</ele>
      </trkpt>
      <trkpt lat="41.92067" lon="2.91583">
        <ele>350</ele>
      </trkpt>
      <trkpt lat="41.92065" lon="2.91585">
        <ele>350.1</ele>
      </trkpt>
      <trkpt lat="41.92064" lon="2.91589">
        <ele>349.7</ele>
      </trkpt>
      <trkpt lat="41.92061" lon="2.91592">
        <ele>349.9</ele>
      </trkpt>
      <trkpt lat="41.92059" lon="2.91595">
        <ele>349.9</ele>
      </trkpt>
      <trkpt lat="41.92057" lon="2.91597">
        <ele>350</ele>
      </trkpt>
      <trkpt lat="41.92055" lon="2.91599">
        <ele>350.2</ele>
      </trkpt>
      <trkpt lat="41.92052" lon="2.91601">
        <ele>350.5</ele>
      </trkpt>
      <trkpt lat="41.92048" lon="2.91604">
        <ele>350.9</ele>
      </trkpt>
      <trkpt lat="41.92045" lon="2.91606">
        <ele>351.3</ele>
      </trkpt>
      <trkpt lat="41.92039" lon="2.91608">
        <ele>352.3</ele>
      </trkpt>
      <trkpt lat="41.92032" lon="2.91611">
        <ele>353.4</ele>
      </trkpt>
      <trkpt lat="41.92025" lon="2.91613">
        <ele>354.6</ele>
      </trkpt>
      <trkpt lat="41.92019" lon="2.91616">
        <ele>355.4</ele>
      </trkpt>
      <trkpt lat="41.92012" lon="2.91618">
        <ele>356.6</ele>
      </trkpt>
      <trkpt lat="41.92005" lon="2.91622">
        <ele>357.5</ele>
      </trkpt>
      <trkpt lat="41.91998" lon="2.91623">
        <ele>358</ele>
      </trkpt>
      <trkpt lat="41.91994" lon="2.91623">
        <ele>357.3</ele>
      </trkpt>
      <trkpt lat="41.91991" lon="2.91623">
        <ele>356.8</ele>
      </trkpt>
      <trkpt lat="41.91988" lon="2.91622">
        <ele>356.5</ele>
      </trkpt>
      <trkpt lat="41.91985" lon="2.91621">
        <ele>356.1</ele>
      </trkpt>
      <trkpt lat="41.91983" lon="2.9162">
        <ele>356</ele>
      </trkpt>
      <trkpt lat="41.91978" lon="2.91616">
        <ele>355.9</ele>
      </trkpt>
      <trkpt lat="41.91974" lon="2.91611">
        <ele>356.1</ele>
      </trkpt>
      <trkpt lat="41.9197" lon="2.91605">
        <ele>356.5</ele>
      </trkpt>
      <trkpt lat="41.91966" lon="2.91598">
        <ele>357.1</ele>
      </trkpt>
      <trkpt lat="41.91963" lon="2.91593">
        <ele>357.5</ele>
      </trkpt>
      <trkpt lat="41.91959" lon="2.91585">
        <ele>358.3</ele>
      </trkpt>
      <trkpt lat="41.91954" lon="2.91578">
        <ele>358.7</ele>
      </trkpt>
      <trkpt lat="41.91951" lon="2.91572">
        <ele>359.2</ele>
      </trkpt>
      <trkpt lat="41.91945" lon="2.91563">
        <ele>359.7</ele>
      </trkpt>
      <trkpt lat="41.91941" lon="2.91556">
        <ele>360.1</ele>
      </trkpt>
      <trkpt lat="41.91936" lon="2.91549">
        <ele>360.3</ele>
      </trkpt>
      <trkpt lat="41.91931" lon="2.91541">
        <ele>360.6</ele>
      </trkpt>
      <trkpt lat="41.91927" lon="2.91533">
        <ele>361.1</ele>
      </trkpt>
      <trkpt lat="41.91923" lon="2.91527">
        <ele>361.2</ele>
      </trkpt>
      <trkpt lat="41.91919" lon="2.91521">
        <ele>361.2</ele>
      </trkpt>
      <trkpt lat="41.91916" lon="2.91516">
        <ele>361.3</ele>
      </trkpt>
      <trkpt lat="41.91913" lon="2.91511">
        <ele>360.9</ele>
      </trkpt>
      <trkpt lat="41.91909" lon="2.91504">
        <ele>360.5</ele>
      </trkpt>
      <trkpt lat="41.91906" lon="2.91497">
        <ele>360.3</ele>
      </trkpt>
      <trkpt lat="41.91902" lon="2.9149">
        <ele>359.6</ele>
      </trkpt>
      <trkpt lat="41.919" lon="2.91482">
        <ele>359.8</ele>
      </trkpt>
      <trkpt lat="41.91898" lon="2.91474">
        <ele>360</ele>
      </trkpt>
      <trkpt lat="41.91896" lon="2.91467">
        <ele>360.1</ele>
      </trkpt>
      <trkpt lat="41.91895" lon="2.9146">
        <ele>360.6</ele>
      </trkpt>
      <trkpt lat="41.91893" lon="2.9145">
        <ele>361.1</ele>
      </trkpt>
      <trkpt lat="41.91892" lon="2.91443">
        <ele>361.6</ele>
      </trkpt>
      <trkpt lat="41.9189" lon="2.91438">
        <ele>361.4</ele>
      </trkpt>
      <trkpt lat="41.91888" lon="2.91432">
        <ele>361.4</ele>
      </trkpt>
      <trkpt lat="41.91884" lon="2.91424">
        <ele>360.9</ele>
      </trkpt>
      <trkpt lat="41.91881" lon="2.91416">
        <ele>360.8</ele>
      </trkpt>
      <trkpt lat="41.91877" lon="2.91408">
        <ele>359.9</ele>
      </trkpt>
      <trkpt lat="41.91874" lon="2.914">
        <ele>359.4</ele>
      </trkpt>
      <trkpt lat="41.91871" lon="2.91392">
        <ele>359</ele>
      </trkpt>
      <trkpt lat="41.91867" lon="2.91383">
        <ele>358.3</ele>
      </trkpt>
      <trkpt lat="41.91864" lon="2.91376">
        <ele>357.9</ele>
      </trkpt>
      <trkpt lat="41.9186" lon="2.91368">
        <ele>357.2</ele>
      </trkpt>
      <trkpt lat="41.91857" lon="2.91361">
        <ele>356.9</ele>
      </trkpt>
      <trkpt lat="41.91855" lon="2.91354">
        <ele>356.9</ele>
      </trkpt>
      <trkpt lat="41.91853" lon="2.91349">
        <ele>356.7</ele>
      </trkpt>
      <trkpt lat="41.91852" lon="2.91343">
        <ele>356.9</ele>
      </trkpt>
      <trkpt lat="41.91851" lon="2.91337">
        <ele>357.2</ele>
      </trkpt>
      <trkpt lat="41.9185" lon="2.9133">
        <ele>356.7</ele>
      </trkpt>
      <trkpt lat="41.9185" lon="2.91324">
        <ele>355.7</ele>
      </trkpt>
      <trkpt lat="41.91851" lon="2.9132">
        <ele>355.3</ele>
      </trkpt>
      <trkpt lat="41.91852" lon="2.91315">
        <ele>354.8</ele>
      </trkpt>
      <trkpt lat="41.91854" lon="2.91309">
        <ele>354.4</ele>
      </trkpt>
      <trkpt lat="41.91856" lon="2.91304">
        <ele>354.2</ele>
      </trkpt>
      <trkpt lat="41.91858" lon="2.91299">
        <ele>354</ele>
      </trkpt>
      <trkpt lat="41.9186" lon="2.91294">
        <ele>353.7</ele>
      </trkpt>
      <trkpt lat="41.91863" lon="2.91288">
        <ele>353.6</ele>
      </trkpt>
      <trkpt lat="41.91866" lon="2.91283">
        <ele>353.6</ele>
      </trkpt>
      <trkpt lat="41.9187" lon="2.91279">
        <ele>354.1</ele>
      </trkpt>
      <trkpt lat="41.91873" lon="2.91276">
        <ele>354.5</ele>
      </trkpt>
      <trkpt lat="41.91878" lon="2.91273">
        <ele>355.4</ele>
      </trkpt>
      <trkpt lat="41.91881" lon="2.91271">
        <ele>355.9</ele>
      </trkpt>
      <trkpt lat="41.91885" lon="2.91269">
        <ele>356.7</ele>
      </trkpt>
      <trkpt lat="41.91892" lon="2.91267">
        <ele>358.3</ele>
      </trkpt>
      <trkpt lat="41.91898" lon="2.91265">
        <ele>359.6</ele>
      </trkpt>
      <trkpt lat="41.91903" lon="2.91262">
        <ele>360.5</ele>
      </trkpt>
      <trkpt lat="41.91908" lon="2.9126">
        <ele>361.5</ele>
      </trkpt>
      <trkpt lat="41.91911" lon="2.91258">
        <ele>362</ele>
      </trkpt>
      <trkpt lat="41.91913" lon="2.91256">
        <ele>362.1</ele>
      </trkpt>
      <trkpt lat="41.91915" lon="2.91253">
        <ele>362.1</ele>
      </trkpt>
      <trkpt lat="41.91917" lon="2.9125">
        <ele>362.1</ele>
      </trkpt>
      <trkpt lat="41.9192" lon="2.91247">
        <ele>362.2</ele>
      </trkpt>
      <trkpt lat="41.91921" lon="2.91243">
        <ele>361.6</ele>
      </trkpt>
      <trkpt lat="41.91923" lon="2.91239">
        <ele>361.2</ele>
      </trkpt>
      <trkpt lat="41.91925" lon="2.91235">
        <ele>360.9</ele>
      </trkpt>
      <trkpt lat="41.91927" lon="2.91231">
        <ele>360.6</ele>
      </trkpt>
      <trkpt lat="41.9193" lon="2.91228">
        <ele>360.9</ele>
      </trkpt>
      <trkpt lat="41.91933" lon="2.91225">
        <ele>361.1</ele>
      </trkpt>
      <trkpt lat="41.91935" lon="2.91223">
        <ele>361.3</ele>
      </trkpt>
      <trkpt lat="41.91939" lon="2.91221">
        <ele>362.1</ele>
      </trkpt>
      <trkpt lat="41.91942" lon="2.91219">
        <ele>362.7</ele>
      </trkpt>
      <trkpt lat="41.91946" lon="2.91218">
        <ele>363.7</ele>
      </trkpt>
      <trkpt lat="41.9195" lon="2.91217">
        <ele>364.8</ele>
      </trkpt>
      <trkpt lat="41.91953" lon="2.91216">
        <ele>365.5</ele>
      </trkpt>
      <trkpt lat="41.91956" lon="2.91214">
        <ele>366.2</ele>
      </trkpt>
      <trkpt lat="41.91959" lon="2.91213">
        <ele>366.9</ele>
      </trkpt>
      <trkpt lat="41.91961" lon="2.91212">
        <ele>367.4</ele>
      </trkpt>
      <trkpt lat="41.91963" lon="2.9121">
        <ele>367.8</ele>
      </trkpt>
      <trkpt lat="41.91964" lon="2.91209">
        <ele>367.9</ele>
      </trkpt>
      <trkpt lat="41.91966" lon="2.91207">
        <ele>368.3</ele>
      </trkpt>
      <trkpt lat="41.91967" lon="2.91204">
        <ele>368.2</ele>
      </trkpt>
      <trkpt lat="41.91968" lon="2.91202">
        <ele>368.3</ele>
      </trkpt>
      <trkpt lat="41.91969" lon="2.91198">
        <ele>368</ele>
      </trkpt>
      <trkpt lat="41.9197" lon="2.91196">
        <ele>368.1</ele>
      </trkpt>
      <trkpt lat="41.9197" lon="2.91192">
        <ele>367.6</ele>
      </trkpt>
      <trkpt lat="41.9197" lon="2.91188">
        <ele>367</ele>
      </trkpt>
      <trkpt lat="41.9197" lon="2.91185">
        <ele>366.6</ele>
      </trkpt>
      <trkpt lat="41.91969" lon="2.91182">
        <ele>365.8</ele>
      </trkpt>
      <trkpt lat="41.91968" lon="2.91177">
        <ele>364.8</ele>
      </trkpt>
      <trkpt lat="41.91967" lon="2.91172">
        <ele>363.7</ele>
      </trkpt>
      <trkpt lat="41.91966" lon="2.91167">
        <ele>362.6</ele>
      </trkpt>
      <trkpt lat="41.91965" lon="2.91162">
        <ele>362.4</ele>
      </trkpt>
      <trkpt lat="41.91965" lon="2.91157">
        <ele>362.6</ele>
      </trkpt>
      <trkpt lat="41.91966" lon="2.91153">
        <ele>363.2</ele>
      </trkpt>
      <trkpt lat="41.91968" lon="2.91149">
        <ele>364.2</ele>
      </trkpt>
      <trkpt lat="41.91969" lon="2.91145">
        <ele>364.7</ele>
      </trkpt>
      <trkpt lat="41.91971" lon="2.9114">
        <ele>365.7</ele>
      </trkpt>
      <trkpt lat="41.91972" lon="2.91135">
        <ele>366.3</ele>
      </trkpt>
      <trkpt lat="41.91973" lon="2.91131">
        <ele>366.9</ele>
      </trkpt>
      <trkpt lat="41.91973" lon="2.91128">
        <ele>367</ele>
      </trkpt>
      <trkpt lat="41.91972" lon="2.91124">
        <ele>366.8</ele>
      </trkpt>
      <trkpt lat="41.91971" lon="2.9112">
        <ele>366.6</ele>
      </trkpt>
      <trkpt lat="41.9197" lon="2.91118">
        <ele>366.3</ele>
      </trkpt>
      <trkpt lat="41.91968" lon="2.91115">
        <ele>365.8</ele>
      </trkpt>
      <trkpt lat="41.91965" lon="2.91113">
        <ele>364.8</ele>
      </trkpt>
      <trkpt lat="41.91962" lon="2.9111">
        <ele>363.9</ele>
      </trkpt>
      <trkpt lat="41.91959" lon="2.91108">
        <ele>362.9</ele>
      </trkpt>
      <trkpt lat="41.91956" lon="2.91105">
        <ele>362</ele>
      </trkpt>
      <trkpt lat="41.91953" lon="2.91103">
        <ele>361.1</ele>
      </trkpt>
      <trkpt lat="41.91949" lon="2.911">
        <ele>359.9</ele>
      </trkpt>
      <trkpt lat="41.91946" lon="2.91098">
        <ele>358.9</ele>
      </trkpt>
      <trkpt lat="41.91943" lon="2.91095">
        <ele>358.1</ele>
      </trkpt>
      <trkpt lat="41.91939" lon="2.91093">
        <ele>356.8</ele>
      </trkpt>
      <trkpt lat="41.91937" lon="2.91089">
        <ele>356.4</ele>
      </trkpt>
      <trkpt lat="41.91935" lon="2.91087">
        <ele>355.9</ele>
      </trkpt>
      <trkpt lat="41.91932" lon="2.91083">
        <ele>355.2</ele>
      </trkpt>
      <trkpt lat="41.91931" lon="2.91079">
        <ele>355.1</ele>
      </trkpt>
      <trkpt lat="41.91929" lon="2.91074">
        <ele>354.8</ele>
      </trkpt>
      <trkpt lat="41.91928" lon="2.91069">
        <ele>354.8</ele>
      </trkpt>
      <trkpt lat="41.91927" lon="2.91064">
        <ele>354.8</ele>
      </trkpt>
      <trkpt lat="41.91926" lon="2.91058">
        <ele>354.9</ele>
      </trkpt>
      <trkpt lat="41.91926" lon="2.91049">
        <ele>355.5</ele>
      </trkpt>
      <trkpt lat="41.91927" lon="2.91038">
        <ele>356.5</ele>
      </trkpt>
      <trkpt lat="41.91928" lon="2.91028">
        <ele>357.5</ele>
      </trkpt>
      <trkpt lat="41.91928" lon="2.91013">
        <ele>358.5</ele>
      </trkpt>
      <trkpt lat="41.91928" lon="2.91001">
        <ele>359.3</ele>
      </trkpt>
      <trkpt lat="41.91928" lon="2.90992">
        <ele>360.1</ele>
      </trkpt>
      <trkpt lat="41.91928" lon="2.90987">
        <ele>360.5</ele>
      </trkpt>
      <trkpt lat="41.91927" lon="2.90983">
        <ele>360.6</ele>
      </trkpt>
      <trkpt lat="41.91925" lon="2.90979">
        <ele>360.3</ele>
      </trkpt>
      <trkpt lat="41.91924" lon="2.90975">
        <ele>360.4</ele>
      </trkpt>
      <trkpt lat="41.91921" lon="2.90972">
        <ele>359.7</ele>
      </trkpt>
      <trkpt lat="41.91918" lon="2.90968">
        <ele>359.1</ele>
      </trkpt>
      <trkpt lat="41.91914" lon="2.90964">
        <ele>358.2</ele>
      </trkpt>
      <trkpt lat="41.91912" lon="2.9096">
        <ele>358</ele>
      </trkpt>
      <trkpt lat="41.91909" lon="2.90956">
        <ele>357.5</ele>
      </trkpt>
      <trkpt lat="41.91908" lon="2.90952">
        <ele>357.6</ele>
      </trkpt>
      <trkpt lat="41.91906" lon="2.90949">
        <ele>357.4</ele>
      </trkpt>
      <trkpt lat="41.91905" lon="2.90945">
        <ele>357.5</ele>
      </trkpt>
      <trkpt lat="41.91904" lon="2.90941">
        <ele>357.7</ele>
      </trkpt>
      <trkpt lat="41.91903" lon="2.90936">
        <ele>358</ele>
      </trkpt>
      <trkpt lat="41.91903" lon="2.90931">
        <ele>358.5</ele>
      </trkpt>
      <trkpt lat="41.91903" lon="2.90926">
        <ele>359</ele>
      </trkpt>
      <trkpt lat="41.91903" lon="2.90921">
        <ele>359.6</ele>
      </trkpt>
      <trkpt lat="41.91903" lon="2.90917">
        <ele>360</ele>
      </trkpt>
      <trkpt lat="41.91903" lon="2.90913">
        <ele>360.6</ele>
      </trkpt>
      <trkpt lat="41.91904" lon="2.90909">
        <ele>361.3</ele>
      </trkpt>
      <trkpt lat="41.91904" lon="2.90905">
        <ele>361.9</ele>
      </trkpt>
      <trkpt lat="41.91905" lon="2.909">
        <ele>362.8</ele>
      </trkpt>
      <trkpt lat="41.91907" lon="2.90895">
        <ele>363.8</ele>
      </trkpt>
      <trkpt lat="41.91908" lon="2.90891">
        <ele>364.6</ele>
      </trkpt>
      <trkpt lat="41.91909" lon="2.90886">
        <ele>365.4</ele>
      </trkpt>
      <trkpt lat="41.9191" lon="2.90882">
        <ele>366.1</ele>
      </trkpt>
      <trkpt lat="41.9191" lon="2.90879">
        <ele>366.5</ele>
      </trkpt>
      <trkpt lat="41.9191" lon="2.90876">
        <ele>366.9</ele>
      </trkpt>
      <trkpt lat="41.9191" lon="2.90872">
        <ele>367.4</ele>
      </trkpt>
      <trkpt lat="41.91909" lon="2.9087">
        <ele>367.5</ele>
      </trkpt>
      <trkpt lat="41.91908" lon="2.90867">
        <ele>367.8</ele>
      </trkpt>
      <trkpt lat="41.91907" lon="2.90864">
        <ele>368</ele>
      </trkpt>
      <trkpt lat="41.91906" lon="2.90863">
        <ele>368</ele>
      </trkpt>
      <trkpt lat="41.91904" lon="2.9086">
        <ele>368.2</ele>
      </trkpt>
      <trkpt lat="41.91902" lon="2.90859">
        <ele>368.1</ele>
      </trkpt>
      <trkpt lat="41.91899" lon="2.90857">
        <ele>368</ele>
      </trkpt>
      <trkpt lat="41.91897" lon="2.90856">
        <ele>367.9</ele>
      </trkpt>
      <trkpt lat="41.91895" lon="2.90856">
        <ele>367.7</ele>
      </trkpt>
      <trkpt lat="41.91894" lon="2.90856">
        <ele>367.6</ele>
      </trkpt>
      <trkpt lat="41.9189" lon="2.90855">
        <ele>367.2</ele>
      </trkpt>
      <trkpt lat="41.91887" lon="2.90855">
        <ele>366.9</ele>
      </trkpt>
      <trkpt lat="41.91884" lon="2.90855">
        <ele>366.5</ele>
      </trkpt>
      <trkpt lat="41.91881" lon="2.90855">
        <ele>366.2</ele>
      </trkpt>
      <trkpt lat="41.91878" lon="2.90856">
        <ele>365.6</ele>
      </trkpt>
      <trkpt lat="41.91875" lon="2.90856">
        <ele>365.3</ele>
      </trkpt>
      <trkpt lat="41.91871" lon="2.90856">
        <ele>364.8</ele>
      </trkpt>
      <trkpt lat="41.91868" lon="2.90856">
        <ele>364.4</ele>
      </trkpt>
      <trkpt lat="41.91865" lon="2.90857">
        <ele>363.9</ele>
      </trkpt>
      <trkpt lat="41.91862" lon="2.90857">
        <ele>363.5</ele>
      </trkpt>
      <trkpt lat="41.91858" lon="2.90857">
        <ele>363</ele>
      </trkpt>
      <trkpt lat="41.91853" lon="2.90857">
        <ele>362.4</ele>
      </trkpt>
      <trkpt lat="41.91849" lon="2.90857">
        <ele>361.9</ele>
      </trkpt>
      <trkpt lat="41.91845" lon="2.90858">
        <ele>361.2</ele>
      </trkpt>
      <trkpt lat="41.9184" lon="2.90857">
        <ele>360.8</ele>
      </trkpt>
      <trkpt lat="41.91834" lon="2.90858">
        <ele>359.9</ele>
      </trkpt>
      <trkpt lat="41.91831" lon="2.90858">
        <ele>360.2</ele>
      </trkpt>
      <trkpt lat="41.91828" lon="2.90859">
        <ele>360.4</ele>
      </trkpt>
      <trkpt lat="41.91824" lon="2.90859">
        <ele>361.1</ele>
      </trkpt>
      <trkpt lat="41.91821" lon="2.9086">
        <ele>361.4</ele>
      </trkpt>
      <trkpt lat="41.91818" lon="2.90861">
        <ele>361.7</ele>
      </trkpt>
      <trkpt lat="41.91815" lon="2.90863">
        <ele>361.7</ele>
      </trkpt>
      <trkpt lat="41.91813" lon="2.90865">
        <ele>361.6</ele>
      </trkpt>
      <trkpt lat="41.9181" lon="2.90868">
        <ele>361.4</ele>
      </trkpt>
      <trkpt lat="41.91808" lon="2.9087">
        <ele>361.2</ele>
      </trkpt>
      <trkpt lat="41.91807" lon="2.90873">
        <ele>360.7</ele>
      </trkpt>
      <trkpt lat="41.91805" lon="2.90876">
        <ele>360.4</ele>
      </trkpt>
      <trkpt lat="41.91803" lon="2.90879">
        <ele>360</ele>
      </trkpt>
      <trkpt lat="41.91801" lon="2.90883">
        <ele>359.4</ele>
      </trkpt>
      <trkpt lat="41.91799" lon="2.90886">
        <ele>359.1</ele>
      </trkpt>
      <trkpt lat="41.91798" lon="2.90888">
        <ele>358.8</ele>
      </trkpt>
      <trkpt lat="41.91796" lon="2.90891">
        <ele>358.5</ele>
      </trkpt>
      <trkpt lat="41.91793" lon="2.90894">
        <ele>358.4</ele>
      </trkpt>
      <trkpt lat="41.9179" lon="2.90896">
        <ele>358.5</ele>
      </trkpt>
      <trkpt lat="41.91787" lon="2.90898">
        <ele>358.7</ele>
      </trkpt>
      <trkpt lat="41.91785" lon="2.90901">
        <ele>358.4</ele>
      </trkpt>
      <trkpt lat="41.91783" lon="2.90903">
        <ele>358.3</ele>
      </trkpt>
      <trkpt lat="41.9178" lon="2.90905">
        <ele>358.5</ele>
      </trkpt>
      <trkpt lat="41.91777" lon="2.90908">
        <ele>358.4</ele>
      </trkpt>
      <trkpt lat="41.91775" lon="2.90911">
        <ele>358.1</ele>
      </trkpt>
      <trkpt lat="41.91773" lon="2.90915">
        <ele>357.7</ele>
      </trkpt>
      <trkpt lat="41.91771" lon="2.90918">
        <ele>357.4</ele>
      </trkpt>
      <trkpt lat="41.9177" lon="2.90921">
        <ele>356.8</ele>
      </trkpt>
      <trkpt lat="41.91769" lon="2.90924">
        <ele>356.2</ele>
      </trkpt>
      <trkpt lat="41.91767" lon="2.90929">
        <ele>355.4</ele>
      </trkpt>
      <trkpt lat="41.91767" lon="2.90931">
        <ele>354.8</ele>
      </trkpt>
      <trkpt lat="41.91766" lon="2.90934">
        <ele>354.3</ele>
      </trkpt>
      <trkpt lat="41.91765" lon="2.90936">
        <ele>354</ele>
      </trkpt>
      <trkpt lat="41.91763" lon="2.90941">
        <ele>353.1</ele>
      </trkpt>
      <trkpt lat="41.91762" lon="2.90944">
        <ele>352.5</ele>
      </trkpt>
      <trkpt lat="41.9176" lon="2.90947">
        <ele>352.1</ele>
      </trkpt>
      <trkpt lat="41.91759" lon="2.9095">
        <ele>351.5</ele>
      </trkpt>
      <trkpt lat="41.91756" lon="2.90954">
        <ele>351</ele>
      </trkpt>
      <trkpt lat="41.91755" lon="2.90956">
        <ele>350.7</ele>
      </trkpt>
      <trkpt lat="41.91753" lon="2.90958">
        <ele>350.5</ele>
      </trkpt>
      <trkpt lat="41.91752" lon="2.90959">
        <ele>350.4</ele>
      </trkpt>
      <trkpt lat="41.91749" lon="2.90963">
        <ele>349.8</ele>
      </trkpt>
      <trkpt lat="41.91747" lon="2.90965">
        <ele>349.4</ele>
      </trkpt>
      <trkpt lat="41.91745" lon="2.90966">
        <ele>349.3</ele>
      </trkpt>
      <trkpt lat="41.91744" lon="2.90967">
        <ele>349.1</ele>
      </trkpt>
      <trkpt lat="41.91743" lon="2.90968">
        <ele>348.8</ele>
      </trkpt>
      <trkpt lat="41.91741" lon="2.90969">
        <ele>348.7</ele>
      </trkpt>
      <trkpt lat="41.91739" lon="2.9097">
        <ele>348.5</ele>
      </trkpt>
      <trkpt lat="41.91736" lon="2.90971">
        <ele>348.4</ele>
      </trkpt>
      <trkpt lat="41.91734" lon="2.90971">
        <ele>348.6</ele>
      </trkpt>
      <trkpt lat="41.9173" lon="2.90971">
        <ele>348.8</ele>
      </trkpt>
      <trkpt lat="41.91728" lon="2.90971">
        <ele>348.9</ele>
      </trkpt>
      <trkpt lat="41.91726" lon="2.90971">
        <ele>349</ele>
      </trkpt>
      <trkpt lat="41.91723" lon="2.90971">
        <ele>349.2</ele>
      </trkpt>
      <trkpt lat="41.9172" lon="2.9097">
        <ele>349.6</ele>
      </trkpt>
      <trkpt lat="41.91717" lon="2.90969">
        <ele>350.1</ele>
      </trkpt>
      <trkpt lat="41.91714" lon="2.90969">
        <ele>350.2</ele>
      </trkpt>
      <trkpt lat="41.91711" lon="2.90968">
        <ele>350.7</ele>
      </trkpt>
      <trkpt lat="41.91708" lon="2.90967">
        <ele>351.1</ele>
      </trkpt>
      <trkpt lat="41.91705" lon="2.90967">
        <ele>351.3</ele>
      </trkpt>
      <trkpt lat="41.91701" lon="2.90966">
        <ele>351.8</ele>
      </trkpt>
      <trkpt lat="41.91696" lon="2.90964">
        <ele>352.7</ele>
      </trkpt>
      <trkpt lat="41.91693" lon="2.90964">
        <ele>352.8</ele>
      </trkpt>
      <trkpt lat="41.9169" lon="2.90963">
        <ele>353.3</ele>
      </trkpt>
      <trkpt lat="41.91687" lon="2.90962">
        <ele>353.7</ele>
      </trkpt>
      <trkpt lat="41.91682" lon="2.90961">
        <ele>354.3</ele>
      </trkpt>
      <trkpt lat="41.91678" lon="2.90961">
        <ele>354.6</ele>
      </trkpt>
      <trkpt lat="41.91674" lon="2.9096">
        <ele>355.1</ele>
      </trkpt>
      <trkpt lat="41.9167" lon="2.90959">
        <ele>355.6</ele>
      </trkpt>
      <trkpt lat="41.91667" lon="2.90959">
        <ele>355.8</ele>
      </trkpt>
      <trkpt lat="41.91663" lon="2.90959">
        <ele>355.6</ele>
      </trkpt>
      <trkpt lat="41.91659" lon="2.90959">
        <ele>355.4</ele>
      </trkpt>
      <trkpt lat="41.91654" lon="2.90959">
        <ele>355.2</ele>
      </trkpt>
      <trkpt lat="41.91651" lon="2.90961">
        <ele>354.5</ele>
      </trkpt>
      <trkpt lat="41.91646" lon="2.90962">
        <ele>354</ele>
      </trkpt>
      <trkpt lat="41.91641" lon="2.90965">
        <ele>353</ele>
      </trkpt>
      <trkpt lat="41.91638" lon="2.90967">
        <ele>352.4</ele>
      </trkpt>
      <trkpt lat="41.91636" lon="2.90969">
        <ele>351.8</ele>
      </trkpt>
      <trkpt lat="41.91633" lon="2.90971">
        <ele>351.2</ele>
      </trkpt>
      <trkpt lat="41.91629" lon="2.90973">
        <ele>350.6</ele>
      </trkpt>
      <trkpt lat="41.91626" lon="2.90976">
        <ele>349.8</ele>
      </trkpt>
      <trkpt lat="41.91623" lon="2.90979">
        <ele>349</ele>
      </trkpt>
      <trkpt lat="41.9162" lon="2.90982">
        <ele>348.2</ele>
      </trkpt>
      <trkpt lat="41.91616" lon="2.90985">
        <ele>347.4</ele>
      </trkpt>
      <trkpt lat="41.91613" lon="2.90987">
        <ele>346.9</ele>
      </trkpt>
      <trkpt lat="41.9161" lon="2.90989">
        <ele>346.4</ele>
      </trkpt>
      <trkpt lat="41.91606" lon="2.90991">
        <ele>346</ele>
      </trkpt>
      <trkpt lat="41.91602" lon="2.90992">
        <ele>345.7</ele>
      </trkpt>
      <trkpt lat="41.91599" lon="2.90993">
        <ele>345.5</ele>
      </trkpt>
      <trkpt lat="41.91597" lon="2.90993">
        <ele>345.5</ele>
      </trkpt>
      <trkpt lat="41.91596" lon="2.90993">
        <ele>345.4</ele>
      </trkpt>
      <trkpt lat="41.91593" lon="2.90992">
        <ele>345.6</ele>
      </trkpt>
      <trkpt lat="41.9159" lon="2.90991">
        <ele>345.8</ele>
      </trkpt>
      <trkpt lat="41.91584" lon="2.90987">
        <ele>346.5</ele>
      </trkpt>
      <trkpt lat="41.91582" lon="2.90985">
        <ele>346.6</ele>
      </trkpt>
      <trkpt lat="41.9158" lon="2.90983">
        <ele>346.6</ele>
      </trkpt>
      <trkpt lat="41.91578" lon="2.90981">
        <ele>346.6</ele>
      </trkpt>
      <trkpt lat="41.91576" lon="2.90977">
        <ele>346.9</ele>
      </trkpt>
      <trkpt lat="41.91573" lon="2.90973">
        <ele>347.1</ele>
      </trkpt>
      <trkpt lat="41.91572" lon="2.90968">
        <ele>347.9</ele>
      </trkpt>
      <trkpt lat="41.9157" lon="2.90964">
        <ele>348.3</ele>
      </trkpt>
      <trkpt lat="41.91569" lon="2.90959">
        <ele>349</ele>
      </trkpt>
      <trkpt lat="41.91568" lon="2.90951">
        <ele>350.4</ele>
      </trkpt>
      <trkpt lat="41.91568" lon="2.90946">
        <ele>351.4</ele>
      </trkpt>
      <trkpt lat="41.91568" lon="2.9094">
        <ele>352.5</ele>
      </trkpt>
      <trkpt lat="41.91567" lon="2.90933">
        <ele>353.7</ele>
      </trkpt>
      <trkpt lat="41.91567" lon="2.90927">
        <ele>354.9</ele>
      </trkpt>
      <trkpt lat="41.91566" lon="2.9092">
        <ele>356</ele>
      </trkpt>
      <trkpt lat="41.91565" lon="2.90915">
        <ele>356.7</ele>
      </trkpt>
      <trkpt lat="41.91564" lon="2.90911">
        <ele>357.2</ele>
      </trkpt>
      <trkpt lat="41.91563" lon="2.90907">
        <ele>357.6</ele>
      </trkpt>
      <trkpt lat="41.91561" lon="2.90902">
        <ele>358</ele>
      </trkpt>
      <trkpt lat="41.91558" lon="2.90898">
        <ele>358.1</ele>
      </trkpt>
      <trkpt lat="41.91554" lon="2.90895">
        <ele>357.7</ele>
      </trkpt>
      <trkpt lat="41.91551" lon="2.90892">
        <ele>357.6</ele>
      </trkpt>
      <trkpt lat="41.91547" lon="2.90892">
        <ele>356.8</ele>
      </trkpt>
      <trkpt lat="41.91536" lon="2.9089">
        <ele>354.8</ele>
      </trkpt>
      <trkpt lat="41.91528" lon="2.90889">
        <ele>353.4</ele>
      </trkpt>
      <trkpt lat="41.91521" lon="2.90889">
        <ele>351.9</ele>
      </trkpt>
      <trkpt lat="41.91515" lon="2.90888">
        <ele>350.8</ele>
      </trkpt>
      <trkpt lat="41.91504" lon="2.90886">
        <ele>348.9</ele>
      </trkpt>
      <trkpt lat="41.91503" lon="2.90886">
        <ele>348.7</ele>
      </trkpt>
      <trkpt lat="41.91495" lon="2.90884">
        <ele>348</ele>
      </trkpt>
      <trkpt lat="41.91481" lon="2.90877">
        <ele>348</ele>
      </trkpt>
      <trkpt lat="41.9147" lon="2.9087">
        <ele>348.1</ele>
      </trkpt>
      <trkpt lat="41.91463" lon="2.90865">
        <ele>348.1</ele>
      </trkpt>
      <trkpt lat="41.91457" lon="2.9086">
        <ele>348.2</ele>
      </trkpt>
      <trkpt lat="41.9145" lon="2.90854">
        <ele>348.2</ele>
      </trkpt>
      <trkpt lat="41.91444" lon="2.90849">
        <ele>348.2</ele>
      </trkpt>
      <trkpt lat="41.91439" lon="2.90846">
        <ele>348</ele>
      </trkpt>
      <trkpt lat="41.91435" lon="2.90842">
        <ele>348</ele>
      </trkpt>
      <trkpt lat="41.91429" lon="2.90837">
        <ele>347.9</ele>
      </trkpt>
      <trkpt lat="41.91422" lon="2.90831">
        <ele>347.1</ele>
      </trkpt>
      <trkpt lat="41.91415" lon="2.90825">
        <ele>345.6</ele>
      </trkpt>
      <trkpt lat="41.91407" lon="2.90818">
        <ele>344.6</ele>
      </trkpt>
      <trkpt lat="41.91399" lon="2.90812">
        <ele>343.9</ele>
      </trkpt>
      <trkpt lat="41.91394" lon="2.90807">
        <ele>343.3</ele>
      </trkpt>
      <trkpt lat="41.91387" lon="2.90801">
        <ele>342.7</ele>
      </trkpt>
      <trkpt lat="41.91383" lon="2.90798">
        <ele>342.5</ele>
      </trkpt>
      <trkpt lat="41.91379" lon="2.90795">
        <ele>342.3</ele>
      </trkpt>
      <trkpt lat="41.91374" lon="2.9079">
        <ele>341.8</ele>
      </trkpt>
      <trkpt lat="41.9137" lon="2.90789">
        <ele>341.9</ele>
      </trkpt>
      <trkpt lat="41.91365" lon="2.90786">
        <ele>341.8</ele>
      </trkpt>
      <trkpt lat="41.91358" lon="2.90783">
        <ele>341.9</ele>
      </trkpt>
      <trkpt lat="41.91351" lon="2.90781">
        <ele>342.1</ele>
      </trkpt>
      <trkpt lat="41.91341" lon="2.90778">
        <ele>342.5</ele>
      </trkpt>
      <trkpt lat="41.9133" lon="2.90776">
        <ele>343.1</ele>
      </trkpt>
      <trkpt lat="41.91322" lon="2.90775">
        <ele>343.5</ele>
      </trkpt>
      <trkpt lat="41.91312" lon="2.90772">
        <ele>344</ele>
      </trkpt>
      <trkpt lat="41.91302" lon="2.9077">
        <ele>344.6</ele>
      </trkpt>
      <trkpt lat="41.91292" lon="2.90766">
        <ele>345.1</ele>
      </trkpt>
      <trkpt lat="41.91281" lon="2.90763">
        <ele>345.8</ele>
      </trkpt>
      <trkpt lat="41.91273" lon="2.9076">
        <ele>346.4</ele>
      </trkpt>
      <trkpt lat="41.91271" lon="2.9076">
        <ele>346.5</ele>
      </trkpt>
      <trkpt lat="41.91261" lon="2.90756">
        <ele>347.2</ele>
      </trkpt>
      <trkpt lat="41.91249" lon="2.90751">
        <ele>348.1</ele>
      </trkpt>
      <trkpt lat="41.91239" lon="2.90747">
        <ele>348.4</ele>
      </trkpt>
      <trkpt lat="41.91227" lon="2.90742">
        <ele>348.5</ele>
      </trkpt>
      <trkpt lat="41.91217" lon="2.90738">
        <ele>348.4</ele>
      </trkpt>
      <trkpt lat="41.91208" lon="2.90734">
        <ele>348.2</ele>
      </trkpt>
      <trkpt lat="41.91202" lon="2.90733">
        <ele>348.3</ele>
      </trkpt>
      <trkpt lat="41.91195" lon="2.9073">
        <ele>348</ele>
      </trkpt>
      <trkpt lat="41.91188" lon="2.90729">
        <ele>348.1</ele>
      </trkpt>
      <trkpt lat="41.91183" lon="2.90728">
        <ele>348.1</ele>
      </trkpt>
      <trkpt lat="41.91179" lon="2.90728">
        <ele>348.3</ele>
      </trkpt>
      <trkpt lat="41.91173" lon="2.90728">
        <ele>348.6</ele>
      </trkpt>
      <trkpt lat="41.91168" lon="2.90728">
        <ele>348.9</ele>
      </trkpt>
      <trkpt lat="41.91162" lon="2.90729">
        <ele>349.1</ele>
      </trkpt>
      <trkpt lat="41.91156" lon="2.90729">
        <ele>348.9</ele>
      </trkpt>
      <trkpt lat="41.91147" lon="2.90731">
        <ele>349.2</ele>
      </trkpt>
      <trkpt lat="41.9114" lon="2.9073">
        <ele>348.7</ele>
      </trkpt>
      <trkpt lat="41.91134" lon="2.90729">
        <ele>348.2</ele>
      </trkpt>
      <trkpt lat="41.9113" lon="2.90727">
        <ele>347.5</ele>
      </trkpt>
      <trkpt lat="41.91126" lon="2.90724">
        <ele>346.5</ele>
      </trkpt>
      <trkpt lat="41.91121" lon="2.90721">
        <ele>345.5</ele>
      </trkpt>
      <trkpt lat="41.91118" lon="2.90719">
        <ele>344.8</ele>
      </trkpt>
      <trkpt lat="41.91115" lon="2.90718">
        <ele>344.5</ele>
      </trkpt>
      <trkpt lat="41.91111" lon="2.90717">
        <ele>344</ele>
      </trkpt>
      <trkpt lat="41.91106" lon="2.90717">
        <ele>343.9</ele>
      </trkpt>
      <trkpt lat="41.911" lon="2.90718">
        <ele>344</ele>
      </trkpt>
      <trkpt lat="41.91096" lon="2.90721">
        <ele>344.7</ele>
      </trkpt>
      <trkpt lat="41.9109" lon="2.90728">
        <ele>346.6</ele>
      </trkpt>
      <trkpt lat="41.91086" lon="2.90733">
        <ele>348</ele>
      </trkpt>
      <trkpt lat="41.91083" lon="2.90737">
        <ele>349.1</ele>
      </trkpt>
      <trkpt lat="41.91079" lon="2.90743">
        <ele>350.6</ele>
      </trkpt>
      <trkpt lat="41.91075" lon="2.90749">
        <ele>352.1</ele>
      </trkpt>
      <trkpt lat="41.91072" lon="2.90753">
        <ele>353.1</ele>
      </trkpt>
      <trkpt lat="41.91068" lon="2.90755">
        <ele>353.3</ele>
      </trkpt>
      <trkpt lat="41.91064" lon="2.90758">
        <ele>353.9</ele>
      </trkpt>
      <trkpt lat="41.91061" lon="2.9076">
        <ele>354.3</ele>
      </trkpt>
      <trkpt lat="41.91057" lon="2.90761">
        <ele>354.3</ele>
      </trkpt>
      <trkpt lat="41.91054" lon="2.90761">
        <ele>354.1</ele>
      </trkpt>
      <trkpt lat="41.91051" lon="2.9076">
        <ele>353.6</ele>
      </trkpt>
      <trkpt lat="41.91047" lon="2.90759">
        <ele>353</ele>
      </trkpt>
      <trkpt lat="41.91042" lon="2.90756">
        <ele>351.8</ele>
      </trkpt>
      <trkpt lat="41.91037" lon="2.90754">
        <ele>350.8</ele>
      </trkpt>
      <trkpt lat="41.91029" lon="2.90748">
        <ele>348.5</ele>
      </trkpt>
      <trkpt lat="41.91023" lon="2.90744">
        <ele>346.9</ele>
      </trkpt>
      <trkpt lat="41.91017" lon="2.90741">
        <ele>345.5</ele>
      </trkpt>
      <trkpt lat="41.91011" lon="2.90738">
        <ele>344.2</ele>
      </trkpt>
      <trkpt lat="41.91007" lon="2.90736">
        <ele>343.3</ele>
      </trkpt>
      <trkpt lat="41.91002" lon="2.90735">
        <ele>342.6</ele>
      </trkpt>
      <trkpt lat="41.90997" lon="2.90735">
        <ele>342.3</ele>
      </trkpt>
      <trkpt lat="41.90993" lon="2.90737">
        <ele>342.5</ele>
      </trkpt>
      <trkpt lat="41.90988" lon="2.90739">
        <ele>342.6</ele>
      </trkpt>
      <trkpt lat="41.90984" lon="2.9074">
        <ele>342.6</ele>
      </trkpt>
      <trkpt lat="41.90981" lon="2.90742">
        <ele>342.8</ele>
      </trkpt>
      <trkpt lat="41.90977" lon="2.90744">
        <ele>343</ele>
      </trkpt>
      <trkpt lat="41.90973" lon="2.90744">
        <ele>342.6</ele>
      </trkpt>
      <trkpt lat="41.90969" lon="2.90745">
        <ele>342.4</ele>
      </trkpt>
      <trkpt lat="41.90964" lon="2.90745">
        <ele>341.9</ele>
      </trkpt>
      <trkpt lat="41.90959" lon="2.90745">
        <ele>341.4</ele>
      </trkpt>
      <trkpt lat="41.90954" lon="2.90744">
        <ele>340.7</ele>
      </trkpt>
      <trkpt lat="41.90949" lon="2.90743">
        <ele>340</ele>
      </trkpt>
      <trkpt lat="41.90941" lon="2.9074">
        <ele>338.7</ele>
      </trkpt>
      <trkpt lat="41.90934" lon="2.90738">
        <ele>337.6</ele>
      </trkpt>
      <trkpt lat="41.9093" lon="2.90737">
        <ele>337.1</ele>
      </trkpt>
      <trkpt lat="41.90926" lon="2.90737">
        <ele>336.8</ele>
      </trkpt>
      <trkpt lat="41.90924" lon="2.90737">
        <ele>336.6</ele>
      </trkpt>
      <trkpt lat="41.90921" lon="2.90738">
        <ele>336.5</ele>
      </trkpt>
      <trkpt lat="41.90918" lon="2.90739">
        <ele>336.4</ele>
      </trkpt>
      <trkpt lat="41.90917" lon="2.90741">
        <ele>336.6</ele>
      </trkpt>
      <trkpt lat="41.90914" lon="2.90743">
        <ele>336.1</ele>
      </trkpt>
      <trkpt lat="41.90912" lon="2.90745">
        <ele>335.7</ele>
      </trkpt>
      <trkpt lat="41.9091" lon="2.90749">
        <ele>335.7</ele>
      </trkpt>
      <trkpt lat="41.90909" lon="2.90754">
        <ele>335.7</ele>
      </trkpt>
      <trkpt lat="41.90909" lon="2.90762">
        <ele>336.1</ele>
      </trkpt>
      <trkpt lat="41.90909" lon="2.90769">
        <ele>336.4</ele>
      </trkpt>
      <trkpt lat="41.9091" lon="2.90782">
        <ele>337.5</ele>
      </trkpt>
      <trkpt lat="41.90911" lon="2.90792">
        <ele>338.3</ele>
      </trkpt>
      <trkpt lat="41.90911" lon="2.90801">
        <ele>338.8</ele>
      </trkpt>
      <trkpt lat="41.90911" lon="2.90809">
        <ele>339.2</ele>
      </trkpt>
      <trkpt lat="41.90912" lon="2.90818">
        <ele>340.1</ele>
      </trkpt>
      <trkpt lat="41.90912" lon="2.90828">
        <ele>340.6</ele>
      </trkpt>
      <trkpt lat="41.90913" lon="2.90836">
        <ele>341.2</ele>
      </trkpt>
      <trkpt lat="41.90913" lon="2.90844">
        <ele>340.7</ele>
      </trkpt>
      <trkpt lat="41.90914" lon="2.90847">
        <ele>340.9</ele>
      </trkpt>
      <trkpt lat="41.90914" lon="2.90859">
        <ele>340.1</ele>
      </trkpt>
      <trkpt lat="41.90915" lon="2.90871">
        <ele>339.6</ele>
      </trkpt>
      <trkpt lat="41.90916" lon="2.90883">
        <ele>339.2</ele>
      </trkpt>
      <trkpt lat="41.90917" lon="2.90899">
        <ele>338.4</ele>
      </trkpt>
      <trkpt lat="41.90917" lon="2.90912">
        <ele>337.5</ele>
      </trkpt>
      <trkpt lat="41.90918" lon="2.90921">
        <ele>337.5</ele>
      </trkpt>
      <trkpt lat="41.90919" lon="2.90932">
        <ele>337.7</ele>
      </trkpt>
      <trkpt lat="41.90919" lon="2.90942">
        <ele>337.5</ele>
      </trkpt>
      <trkpt lat="41.9092" lon="2.90952">
        <ele>337.7</ele>
      </trkpt>
      <trkpt lat="41.9092" lon="2.90961">
        <ele>337.6</ele>
      </trkpt>
      <trkpt lat="41.90921" lon="2.90968">
        <ele>337.8</ele>
      </trkpt>
      <trkpt lat="41.90921" lon="2.90975">
        <ele>337.7</ele>
      </trkpt>
      <trkpt lat="41.90922" lon="2.90984">
        <ele>337.9</ele>
      </trkpt>
      <trkpt lat="41.90922" lon="2.90992">
        <ele>337.7</ele>
      </trkpt>
      <trkpt lat="41.90923" lon="2.91002">
        <ele>338.2</ele>
      </trkpt>
      <trkpt lat="41.90923" lon="2.91007">
        <ele>338.8</ele>
      </trkpt>
      <trkpt lat="41.90923" lon="2.9101">
        <ele>339.2</ele>
      </trkpt>
      <trkpt lat="41.90922" lon="2.91014">
        <ele>339.4</ele>
      </trkpt>
      <trkpt lat="41.90921" lon="2.91018">
        <ele>339.7</ele>
      </trkpt>
      <trkpt lat="41.90919" lon="2.9102">
        <ele>339.5</ele>
      </trkpt>
      <trkpt lat="41.90918" lon="2.91022">
        <ele>339.5</ele>
      </trkpt>
      <trkpt lat="41.90916" lon="2.91024">
        <ele>339.4</ele>
      </trkpt>
      <trkpt lat="41.90914" lon="2.91025">
        <ele>339.3</ele>
      </trkpt>
      <trkpt lat="41.90911" lon="2.91026">
        <ele>339.1</ele>
      </trkpt>
      <trkpt lat="41.90909" lon="2.91026">
        <ele>338.9</ele>
      </trkpt>
      <trkpt lat="41.90906" lon="2.91027">
        <ele>338.8</ele>
      </trkpt>
      <trkpt lat="41.90903" lon="2.91026">
        <ele>338.3</ele>
      </trkpt>
      <trkpt lat="41.90899" lon="2.91025">
        <ele>337.7</ele>
      </trkpt>
      <trkpt lat="41.90897" lon="2.91023">
        <ele>337.2</ele>
      </trkpt>
      <trkpt lat="41.90892" lon="2.91019">
        <ele>336</ele>
      </trkpt>
      <trkpt lat="41.90886" lon="2.91014">
        <ele>334.4</ele>
      </trkpt>
      <trkpt lat="41.9088" lon="2.91009">
        <ele>332.8</ele>
      </trkpt>
      <trkpt lat="41.90874" lon="2.91004">
        <ele>331.1</ele>
      </trkpt>
      <trkpt lat="41.90867" lon="2.90998">
        <ele>329.2</ele>
      </trkpt>
      <trkpt lat="41.90861" lon="2.90992">
        <ele>327.7</ele>
      </trkpt>
      <trkpt lat="41.90855" lon="2.90987">
        <ele>326.2</ele>
      </trkpt>
      <trkpt lat="41.90851" lon="2.90985">
        <ele>325.2</ele>
      </trkpt>
      <trkpt lat="41.90847" lon="2.90982">
        <ele>324.1</ele>
      </trkpt>
      <trkpt lat="41.90843" lon="2.90981">
        <ele>323.3</ele>
      </trkpt>
      <trkpt lat="41.90841" lon="2.9098">
        <ele>322.8</ele>
      </trkpt>
      <trkpt lat="41.90839" lon="2.9098">
        <ele>322.4</ele>
      </trkpt>
      <trkpt lat="41.90835" lon="2.9098">
        <ele>321.7</ele>
      </trkpt>
      <trkpt lat="41.90831" lon="2.90983">
        <ele>321.6</ele>
      </trkpt>
      <trkpt lat="41.90827" lon="2.90987">
        <ele>321.8</ele>
      </trkpt>
      <trkpt lat="41.90825" lon="2.9099">
        <ele>322.1</ele>
      </trkpt>
      <trkpt lat="41.90823" lon="2.90993">
        <ele>322.4</ele>
      </trkpt>
      <trkpt lat="41.9082" lon="2.90998">
        <ele>322.9</ele>
      </trkpt>
      <trkpt lat="41.90818" lon="2.91">
        <ele>323</ele>
      </trkpt>
      <trkpt lat="41.90815" lon="2.91002">
        <ele>323.1</ele>
      </trkpt>
      <trkpt lat="41.90813" lon="2.91003">
        <ele>323</ele>
      </trkpt>
      <trkpt lat="41.90811" lon="2.91004">
        <ele>323</ele>
      </trkpt>
      <trkpt lat="41.90808" lon="2.91005">
        <ele>322.9</ele>
      </trkpt>
      <trkpt lat="41.90806" lon="2.91005">
        <ele>322.6</ele>
      </trkpt>
      <trkpt lat="41.90804" lon="2.91005">
        <ele>322.3</ele>
      </trkpt>
      <trkpt lat="41.90801" lon="2.91004">
        <ele>321.7</ele>
      </trkpt>
      <trkpt lat="41.90799" lon="2.91003">
        <ele>321.2</ele>
      </trkpt>
      <trkpt lat="41.90796" lon="2.91001">
        <ele>320.3</ele>
      </trkpt>
      <trkpt lat="41.90792" lon="2.90997">
        <ele>319</ele>
      </trkpt>
      <trkpt lat="41.90789" lon="2.90993">
        <ele>317.8</ele>
      </trkpt>
      <trkpt lat="41.90786" lon="2.90989">
        <ele>316.7</ele>
      </trkpt>
      <trkpt lat="41.90783" lon="2.90985">
        <ele>315.6</ele>
      </trkpt>
      <trkpt lat="41.90779" lon="2.90981">
        <ele>314.3</ele>
      </trkpt>
      <trkpt lat="41.90776" lon="2.90979">
        <ele>313.5</ele>
      </trkpt>
      <trkpt lat="41.90773" lon="2.90978">
        <ele>312.9</ele>
      </trkpt>
      <trkpt lat="41.9077" lon="2.90978">
        <ele>312.5</ele>
      </trkpt>
      <trkpt lat="41.90767" lon="2.90978">
        <ele>312.1</ele>
      </trkpt>
      <trkpt lat="41.90764" lon="2.90978">
        <ele>311.7</ele>
      </trkpt>
      <trkpt lat="41.90762" lon="2.90979">
        <ele>311.6</ele>
      </trkpt>
      <trkpt lat="41.90761" lon="2.9098">
        <ele>311.6</ele>
      </trkpt>
      <trkpt lat="41.90759" lon="2.90982">
        <ele>311.8</ele>
      </trkpt>
      <trkpt lat="41.90758" lon="2.90983">
        <ele>311.8</ele>
      </trkpt>
      <trkpt lat="41.90756" lon="2.90986">
        <ele>312.1</ele>
      </trkpt>
      <trkpt lat="41.90755" lon="2.90989">
        <ele>312.6</ele>
      </trkpt>
      <trkpt lat="41.90753" lon="2.90992">
        <ele>312.9</ele>
      </trkpt>
      <trkpt lat="41.90752" lon="2.90994">
        <ele>313.1</ele>
      </trkpt>
      <trkpt lat="41.90752" lon="2.90997">
        <ele>313.7</ele>
      </trkpt>
      <trkpt lat="41.90751" lon="2.91">
        <ele>314.1</ele>
      </trkpt>
      <trkpt lat="41.9075" lon="2.91003">
        <ele>314.8</ele>
      </trkpt>
      <trkpt lat="41.9075" lon="2.91005">
        <ele>315.3</ele>
      </trkpt>
      <trkpt lat="41.90749" lon="2.91007">
        <ele>315.8</ele>
      </trkpt>
      <trkpt lat="41.90748" lon="2.9101">
        <ele>316.6</ele>
      </trkpt>
      <trkpt lat="41.90747" lon="2.91015">
        <ele>317.8</ele>
      </trkpt>
      <trkpt lat="41.90746" lon="2.91018">
        <ele>318.6</ele>
      </trkpt>
      <trkpt lat="41.90745" lon="2.91021">
        <ele>319.4</ele>
      </trkpt>
      <trkpt lat="41.90744" lon="2.91022">
        <ele>319.6</ele>
      </trkpt>
      <trkpt lat="41.90743" lon="2.91024">
        <ele>320.1</ele>
      </trkpt>
      <trkpt lat="41.90742" lon="2.91026">
        <ele>320.5</ele>
      </trkpt>
      <trkpt lat="41.9074" lon="2.91027">
        <ele>320.7</ele>
      </trkpt>
      <trkpt lat="41.90738" lon="2.91028">
        <ele>320.9</ele>
      </trkpt>
      <trkpt lat="41.90737" lon="2.9103">
        <ele>321.4</ele>
      </trkpt>
      <trkpt lat="41.90734" lon="2.91031">
        <ele>321.5</ele>
      </trkpt>
      <trkpt lat="41.90733" lon="2.91032">
        <ele>321.8</ele>
      </trkpt>
      <trkpt lat="41.9073" lon="2.91032">
        <ele>321.6</ele>
      </trkpt>
      <trkpt lat="41.90728" lon="2.91032">
        <ele>321.6</ele>
      </trkpt>
      <trkpt lat="41.90724" lon="2.91031">
        <ele>321.1</ele>
      </trkpt>
      <trkpt lat="41.90722" lon="2.9103">
        <ele>320.8</ele>
      </trkpt>
      <trkpt lat="41.90711" lon="2.91022">
        <ele>318.3</ele>
      </trkpt>
      <trkpt lat="41.90699" lon="2.91012">
        <ele>315.2</ele>
      </trkpt>
      <trkpt lat="41.90688" lon="2.91004">
        <ele>312.8</ele>
      </trkpt>
      <trkpt lat="41.90675" lon="2.90993">
        <ele>309.6</ele>
      </trkpt>
      <trkpt lat="41.90664" lon="2.90985">
        <ele>307</ele>
      </trkpt>
      <trkpt lat="41.90662" lon="2.90983">
        <ele>306.3</ele>
      </trkpt>
      <trkpt lat="41.9066" lon="2.90982">
        <ele>305.9</ele>
      </trkpt>
      <trkpt lat="41.90657" lon="2.9098">
        <ele>305.1</ele>
      </trkpt>
      <trkpt lat="41.90654" lon="2.90978">
        <ele>304.4</ele>
      </trkpt>
      <trkpt lat="41.90651" lon="2.90977">
        <ele>303.8</ele>
      </trkpt>
      <trkpt lat="41.90649" lon="2.90977">
        <ele>303.7</ele>
      </trkpt>
      <trkpt lat="41.90647" lon="2.90977">
        <ele>303.5</ele>
      </trkpt>
      <trkpt lat="41.90645" lon="2.90977">
        <ele>303.3</ele>
      </trkpt>
      <trkpt lat="41.90641" lon="2.90978">
        <ele>303.2</ele>
      </trkpt>
      <trkpt lat="41.90638" lon="2.90979">
        <ele>303.2</ele>
      </trkpt>
      <trkpt lat="41.90636" lon="2.9098">
        <ele>303.3</ele>
      </trkpt>
      <trkpt lat="41.90633" lon="2.90982">
        <ele>303.6</ele>
      </trkpt>
      <trkpt lat="41.9063" lon="2.90984">
        <ele>303.8</ele>
      </trkpt>
      <trkpt lat="41.90627" lon="2.90986">
        <ele>304.1</ele>
      </trkpt>
      <trkpt lat="41.90625" lon="2.90989">
        <ele>304.7</ele>
      </trkpt>
      <trkpt lat="41.90623" lon="2.90992">
        <ele>305.3</ele>
      </trkpt>
      <trkpt lat="41.90621" lon="2.90994">
        <ele>305.6</ele>
      </trkpt>
      <trkpt lat="41.90619" lon="2.90994">
        <ele>305.4</ele>
      </trkpt>
      <trkpt lat="41.90617" lon="2.90996">
        <ele>305.8</ele>
      </trkpt>
      <trkpt lat="41.90614" lon="2.90997">
        <ele>305.8</ele>
      </trkpt>
      <trkpt lat="41.90613" lon="2.90998">
        <ele>306</ele>
      </trkpt>
      <trkpt lat="41.9061" lon="2.90998">
        <ele>305.7</ele>
      </trkpt>
      <trkpt lat="41.90607" lon="2.90999">
        <ele>305.7</ele>
      </trkpt>
      <trkpt lat="41.90605" lon="2.90998">
        <ele>305.3</ele>
      </trkpt>
      <trkpt lat="41.90603" lon="2.90998">
        <ele>305.1</ele>
      </trkpt>
      <trkpt lat="41.90599" lon="2.90997">
        <ele>304.5</ele>
      </trkpt>
      <trkpt lat="41.90596" lon="2.90997">
        <ele>304.3</ele>
      </trkpt>
      <trkpt lat="41.90593" lon="2.90996">
        <ele>303.8</ele>
      </trkpt>
      <trkpt lat="41.90589" lon="2.90994">
        <ele>302.9</ele>
      </trkpt>
      <trkpt lat="41.90586" lon="2.90994">
        <ele>302.6</ele>
      </trkpt>
      <trkpt lat="41.90583" lon="2.90993">
        <ele>302.2</ele>
      </trkpt>
      <trkpt lat="41.90581" lon="2.90993">
        <ele>302.2</ele>
      </trkpt>
      <trkpt lat="41.90578" lon="2.90993">
        <ele>302.3</ele>
      </trkpt>
      <trkpt lat="41.90575" lon="2.90994">
        <ele>302.6</ele>
      </trkpt>
      <trkpt lat="41.90574" lon="2.90995">
        <ele>302.9</ele>
      </trkpt>
      <trkpt lat="41.90571" lon="2.90998">
        <ele>303.7</ele>
      </trkpt>
      <trkpt lat="41.90566" lon="2.91004">
        <ele>305</ele>
      </trkpt>
      <trkpt lat="41.90563" lon="2.91009">
        <ele>306</ele>
      </trkpt>
      <trkpt lat="41.90559" lon="2.91016">
        <ele>307.3</ele>
      </trkpt>
      <trkpt lat="41.90557" lon="2.91021">
        <ele>308.2</ele>
      </trkpt>
      <trkpt lat="41.90554" lon="2.91025">
        <ele>308.9</ele>
      </trkpt>
      <trkpt lat="41.90553" lon="2.91028">
        <ele>309.4</ele>
      </trkpt>
      <trkpt lat="41.90551" lon="2.91029">
        <ele>309.5</ele>
      </trkpt>
      <trkpt lat="41.90547" lon="2.91031">
        <ele>309.7</ele>
      </trkpt>
      <trkpt lat="41.90545" lon="2.91032">
        <ele>309.8</ele>
      </trkpt>
      <trkpt lat="41.90541" lon="2.91033">
        <ele>309.8</ele>
      </trkpt>
      <trkpt lat="41.90537" lon="2.91034">
        <ele>309.8</ele>
      </trkpt>
      <trkpt lat="41.90535" lon="2.91034">
        <ele>309.7</ele>
      </trkpt>
      <trkpt lat="41.90532" lon="2.91034">
        <ele>309.6</ele>
      </trkpt>
      <trkpt lat="41.90531" lon="2.91033">
        <ele>309.4</ele>
      </trkpt>
      <trkpt lat="41.90529" lon="2.91033">
        <ele>309.3</ele>
      </trkpt>
      <trkpt lat="41.90526" lon="2.9103">
        <ele>308.8</ele>
      </trkpt>
      <trkpt lat="41.90523" lon="2.91027">
        <ele>308.3</ele>
      </trkpt>
      <trkpt lat="41.9052" lon="2.91024">
        <ele>307.8</ele>
      </trkpt>
      <trkpt lat="41.90518" lon="2.9102">
        <ele>307.3</ele>
      </trkpt>
      <trkpt lat="41.90515" lon="2.91016">
        <ele>306.7</ele>
      </trkpt>
      <trkpt lat="41.90514" lon="2.91013">
        <ele>306.4</ele>
      </trkpt>
      <trkpt lat="41.90513" lon="2.9101">
        <ele>306</ele>
      </trkpt>
      <trkpt lat="41.90512" lon="2.91006">
        <ele>305.5</ele>
      </trkpt>
      <trkpt lat="41.90512" lon="2.91002">
        <ele>305.1</ele>
      </trkpt>
      <trkpt lat="41.90511" lon="2.90994">
        <ele>303.8</ele>
      </trkpt>
      <trkpt lat="41.90511" lon="2.90986">
        <ele>302.5</ele>
      </trkpt>
      <trkpt lat="41.90511" lon="2.90978">
        <ele>301.1</ele>
      </trkpt>
      <trkpt lat="41.90509" lon="2.90969">
        <ele>299.7</ele>
      </trkpt>
      <trkpt lat="41.90507" lon="2.90958">
        <ele>298</ele>
      </trkpt>
      <trkpt lat="41.90505" lon="2.90949">
        <ele>296.7</ele>
      </trkpt>
      <trkpt lat="41.90502" lon="2.90941">
        <ele>295.6</ele>
      </trkpt>
      <trkpt lat="41.90501" lon="2.90933">
        <ele>294.5</ele>
      </trkpt>
      <trkpt lat="41.90498" lon="2.9093">
        <ele>294.2</ele>
      </trkpt>
      <trkpt lat="41.90496" lon="2.90924">
        <ele>293.4</ele>
      </trkpt>
      <trkpt lat="41.90493" lon="2.90921">
        <ele>293.1</ele>
      </trkpt>
      <trkpt lat="41.90491" lon="2.90919">
        <ele>292.9</ele>
      </trkpt>
      <trkpt lat="41.90487" lon="2.90916">
        <ele>292.7</ele>
      </trkpt>
      <trkpt lat="41.90484" lon="2.90913">
        <ele>292.7</ele>
      </trkpt>
      <trkpt lat="41.9048" lon="2.90911">
        <ele>292.7</ele>
      </trkpt>
      <trkpt lat="41.90477" lon="2.90909">
        <ele>292.7</ele>
      </trkpt>
      <trkpt lat="41.90473" lon="2.90907">
        <ele>292.8</ele>
      </trkpt>
      <trkpt lat="41.9047" lon="2.90903">
        <ele>292.6</ele>
      </trkpt>
      <trkpt lat="41.90467" lon="2.90899">
        <ele>292.4</ele>
      </trkpt>
      <trkpt lat="41.90465" lon="2.90895">
        <ele>292.1</ele>
      </trkpt>
      <trkpt lat="41.90463" lon="2.90891">
        <ele>291.8</ele>
      </trkpt>
      <trkpt lat="41.90462" lon="2.90887">
        <ele>291.5</ele>
      </trkpt>
      <trkpt lat="41.90462" lon="2.90883">
        <ele>291.1</ele>
      </trkpt>
      <trkpt lat="41.90463" lon="2.90878">
        <ele>290.6</ele>
      </trkpt>
      <trkpt lat="41.90463" lon="2.90874">
        <ele>290.2</ele>
      </trkpt>
      <trkpt lat="41.90465" lon="2.90871">
        <ele>289.9</ele>
      </trkpt>
      <trkpt lat="41.90468" lon="2.90868">
        <ele>289.5</ele>
      </trkpt>
      <trkpt lat="41.90471" lon="2.90865">
        <ele>289.2</ele>
      </trkpt>
      <trkpt lat="41.90474" lon="2.90862">
        <ele>288.8</ele>
      </trkpt>
      <trkpt lat="41.90476" lon="2.90859">
        <ele>288.5</ele>
      </trkpt>
      <trkpt lat="41.90478" lon="2.90856">
        <ele>288.2</ele>
      </trkpt>
      <trkpt lat="41.9048" lon="2.90852">
        <ele>287.8</ele>
      </trkpt>
      <trkpt lat="41.90482" lon="2.90847">
        <ele>287.3</ele>
      </trkpt>
      <trkpt lat="41.90482" lon="2.90845">
        <ele>287.2</ele>
      </trkpt>
      <trkpt lat="41.90482" lon="2.90842">
        <ele>286.9</ele>
      </trkpt>
      <trkpt lat="41.90481" lon="2.90838">
        <ele>286.6</ele>
      </trkpt>
      <trkpt lat="41.9048" lon="2.90834">
        <ele>286.3</ele>
      </trkpt>
      <trkpt lat="41.90478" lon="2.90832">
        <ele>286.2</ele>
      </trkpt>
      <trkpt lat="41.90477" lon="2.9083">
        <ele>286.1</ele>
      </trkpt>
      <trkpt lat="41.90475" lon="2.90828">
        <ele>286</ele>
      </trkpt>
      <trkpt lat="41.90473" lon="2.90827">
        <ele>285.9</ele>
      </trkpt>
      <trkpt lat="41.90472" lon="2.90826">
        <ele>285.9</ele>
      </trkpt>
      <trkpt lat="41.90468" lon="2.90826">
        <ele>286</ele>
      </trkpt>
      <trkpt lat="41.90464" lon="2.90824">
        <ele>285.9</ele>
      </trkpt>
      <trkpt lat="41.90456" lon="2.90823">
        <ele>286</ele>
      </trkpt>
      <trkpt lat="41.90447" lon="2.90822">
        <ele>286.1</ele>
      </trkpt>
      <trkpt lat="41.90441" lon="2.90821">
        <ele>286.1</ele>
      </trkpt>
      <trkpt lat="41.90434" lon="2.90819">
        <ele>286.2</ele>
      </trkpt>
      <trkpt lat="41.90428" lon="2.90817">
        <ele>286.2</ele>
      </trkpt>
      <trkpt lat="41.90425" lon="2.90816">
        <ele>286.2</ele>
      </trkpt>
      <trkpt lat="41.90423" lon="2.90815">
        <ele>286.2</ele>
      </trkpt>
      <trkpt lat="41.90419" lon="2.90813">
        <ele>286.2</ele>
      </trkpt>
      <trkpt lat="41.90417" lon="2.90811">
        <ele>286.2</ele>
      </trkpt>
      <trkpt lat="41.90414" lon="2.90809">
        <ele>285.8</ele>
      </trkpt>
      <trkpt lat="41.9041" lon="2.90805">
        <ele>285.1</ele>
      </trkpt>
      <trkpt lat="41.90404" lon="2.90798">
        <ele>284.1</ele>
      </trkpt>
      <trkpt lat="41.90398" lon="2.90792">
        <ele>283.3</ele>
      </trkpt>
      <trkpt lat="41.90391" lon="2.90784">
        <ele>282.3</ele>
      </trkpt>
      <trkpt lat="41.90384" lon="2.90776">
        <ele>281.5</ele>
      </trkpt>
      <trkpt lat="41.90374" lon="2.90766">
        <ele>280.4</ele>
      </trkpt>
      <trkpt lat="41.90367" lon="2.90759">
        <ele>279.8</ele>
      </trkpt>
      <trkpt lat="41.90361" lon="2.90751">
        <ele>279.3</ele>
      </trkpt>
      <trkpt lat="41.90322" lon="2.90709">
        <ele>276.8</ele>
      </trkpt>
      <trkpt lat="41.90318" lon="2.90706">
        <ele>276.3</ele>
      </trkpt>
      <trkpt lat="41.90273" lon="2.90657">
        <ele>269.2</ele>
      </trkpt>
      <trkpt lat="41.90228" lon="2.90608">
        <ele>264.3</ele>
      </trkpt>
      <trkpt lat="41.90211" lon="2.9059">
        <ele>263.5</ele>
      </trkpt>
      <trkpt lat="41.90194" lon="2.90572">
        <ele>262</ele>
      </trkpt>
      <trkpt lat="41.90112" lon="2.90484">
        <ele>254.3</ele>
      </trkpt>
      <trkpt lat="41.90065" lon="2.90434">
        <ele>251.4</ele>
      </trkpt>
      <trkpt lat="41.90032" lon="2.90397">
        <ele>251</ele>
      </trkpt>
      <trkpt lat="41.90029" lon="2.90394">
        <ele>251</ele>
      </trkpt>
      <trkpt lat="41.90025" lon="2.9039">
        <ele>250.9</ele>
      </trkpt>
      <trkpt lat="41.90024" lon="2.90388">
        <ele>250.9</ele>
      </trkpt>
      <trkpt lat="41.90015" lon="2.90379">
        <ele>250.8</ele>
      </trkpt>
      <trkpt lat="41.89993" lon="2.90355">
        <ele>250.3</ele>
      </trkpt>
      <trkpt lat="41.89972" lon="2.90333">
        <ele>249</ele>
      </trkpt>
      <trkpt lat="41.89959" lon="2.90318">
        <ele>247.3</ele>
      </trkpt>
      <trkpt lat="41.89934" lon="2.90291">
        <ele>244.8</ele>
      </trkpt>
      <trkpt lat="41.89922" lon="2.9028">
        <ele>243.9</ele>
      </trkpt>
      <trkpt lat="41.89895" lon="2.9025">
        <ele>242</ele>
      </trkpt>
      <trkpt lat="41.89869" lon="2.90223">
        <ele>241.7</ele>
      </trkpt>
      <trkpt lat="41.8985" lon="2.90202">
        <ele>241.9</ele>
      </trkpt>
      <trkpt lat="41.89837" lon="2.90188">
        <ele>242.1</ele>
      </trkpt>
      <trkpt lat="41.89816" lon="2.90166">
        <ele>241.7</ele>
      </trkpt>
      <trkpt lat="41.89802" lon="2.90151">
        <ele>240.6</ele>
      </trkpt>
      <trkpt lat="41.89756" lon="2.90102">
        <ele>238</ele>
      </trkpt>
      <trkpt lat="41.89735" lon="2.9008">
        <ele>236.7</ele>
      </trkpt>
      <trkpt lat="41.89719" lon="2.9006">
        <ele>234.9</ele>
      </trkpt>
      <trkpt lat="41.89714" lon="2.90052">
        <ele>234.4</ele>
      </trkpt>
      <trkpt lat="41.8971" lon="2.90047">
        <ele>234.2</ele>
      </trkpt>
      <trkpt lat="41.89678" lon="2.89999">
        <ele>234.4</ele>
      </trkpt>
      <trkpt lat="41.89676" lon="2.89996">
        <ele>234.4</ele>
      </trkpt>
      <trkpt lat="41.89672" lon="2.8999">
        <ele>234.4</ele>
      </trkpt>
      <trkpt lat="41.89647" lon="2.8995">
        <ele>235.3</ele>
      </trkpt>
      <trkpt lat="41.8964" lon="2.8994">
        <ele>235.9</ele>
      </trkpt>
      <trkpt lat="41.89633" lon="2.8993">
        <ele>236.6</ele>
      </trkpt>
      <trkpt lat="41.896" lon="2.89879">
        <ele>240</ele>
      </trkpt>
      <trkpt lat="41.89575" lon="2.89839">
        <ele>240.5</ele>
      </trkpt>
      <trkpt lat="41.89571" lon="2.89834">
        <ele>240.5</ele>
      </trkpt>
      <trkpt lat="41.89566" lon="2.89826">
        <ele>240.3</ele>
      </trkpt>
      <trkpt lat="41.89557" lon="2.89813">
        <ele>239.8</ele>
      </trkpt>
      <trkpt lat="41.89549" lon="2.89801">
        <ele>239.1</ele>
      </trkpt>
      <trkpt lat="41.89548" lon="2.898">
        <ele>239.1</ele>
      </trkpt>
      <trkpt lat="41.8954" lon="2.89787">
        <ele>238.2</ele>
      </trkpt>
      <trkpt lat="41.89535" lon="2.89781">
        <ele>237.7</ele>
      </trkpt>
      <trkpt lat="41.89532" lon="2.89778">
        <ele>237.4</ele>
      </trkpt>
      <trkpt lat="41.89528" lon="2.89775">
        <ele>237.1</ele>
      </trkpt>
      <trkpt lat="41.89524" lon="2.89772">
        <ele>236.8</ele>
      </trkpt>
      <trkpt lat="41.89519" lon="2.8977">
        <ele>236.5</ele>
      </trkpt>
      <trkpt lat="41.89513" lon="2.89768">
        <ele>236.2</ele>
      </trkpt>
      <trkpt lat="41.89508" lon="2.89767">
        <ele>236</ele>
      </trkpt>
      <trkpt lat="41.89503" lon="2.89767">
        <ele>235.9</ele>
      </trkpt>
      <trkpt lat="41.89496" lon="2.89767">
        <ele>236</ele>
      </trkpt>
      <trkpt lat="41.89491" lon="2.89768">
        <ele>236.4</ele>
      </trkpt>
      <trkpt lat="41.89487" lon="2.89769">
        <ele>236.7</ele>
      </trkpt>
      <trkpt lat="41.89482" lon="2.89769">
        <ele>236.9</ele>
      </trkpt>
      <trkpt lat="41.89479" lon="2.89769">
        <ele>237.1</ele>
      </trkpt>
      <trkpt lat="41.89474" lon="2.89769">
        <ele>237.3</ele>
      </trkpt>
      <trkpt lat="41.8947" lon="2.89769">
        <ele>237.5</ele>
      </trkpt>
      <trkpt lat="41.89466" lon="2.89767">
        <ele>237.5</ele>
      </trkpt>
      <trkpt lat="41.89462" lon="2.89764">
        <ele>237.3</ele>
      </trkpt>
      <trkpt lat="41.89459" lon="2.89762">
        <ele>237.3</ele>
      </trkpt>
      <trkpt lat="41.89456" lon="2.89757">
        <ele>236.9</ele>
      </trkpt>
      <trkpt lat="41.89452" lon="2.89752">
        <ele>236.5</ele>
      </trkpt>
      <trkpt lat="41.89449" lon="2.89746">
        <ele>236.3</ele>
      </trkpt>
      <trkpt lat="41.89446" lon="2.89738">
        <ele>236.2</ele>
      </trkpt>
      <trkpt lat="41.89443" lon="2.89731">
        <ele>236.2</ele>
      </trkpt>
      <trkpt lat="41.8944" lon="2.89723">
        <ele>236.2</ele>
      </trkpt>
      <trkpt lat="41.89437" lon="2.89714">
        <ele>236.3</ele>
      </trkpt>
      <trkpt lat="41.89436" lon="2.89704">
        <ele>236.2</ele>
      </trkpt>
      <trkpt lat="41.89435" lon="2.89696">
        <ele>236.1</ele>
      </trkpt>
      <trkpt lat="41.89435" lon="2.89685">
        <ele>235.9</ele>
      </trkpt>
      <trkpt lat="41.89436" lon="2.89674">
        <ele>235.6</ele>
      </trkpt>
      <trkpt lat="41.89437" lon="2.89662">
        <ele>235.1</ele>
      </trkpt>
      <trkpt lat="41.89438" lon="2.89654">
        <ele>234.5</ele>
      </trkpt>
      <trkpt lat="41.89439" lon="2.89649">
        <ele>234</ele>
      </trkpt>
      <trkpt lat="41.89439" lon="2.89641">
        <ele>233.6</ele>
      </trkpt>
      <trkpt lat="41.8944" lon="2.89634">
        <ele>233</ele>
      </trkpt>
      <trkpt lat="41.89441" lon="2.89627">
        <ele>232.5</ele>
      </trkpt>
      <trkpt lat="41.89442" lon="2.89619">
        <ele>231.8</ele>
      </trkpt>
      <trkpt lat="41.89443" lon="2.89611">
        <ele>231.2</ele>
      </trkpt>
      <trkpt lat="41.89444" lon="2.89604">
        <ele>230.6</ele>
      </trkpt>
      <trkpt lat="41.89444" lon="2.89598">
        <ele>230.3</ele>
      </trkpt>
      <trkpt lat="41.89444" lon="2.89592">
        <ele>229.9</ele>
      </trkpt>
      <trkpt lat="41.89445" lon="2.89584">
        <ele>229.3</ele>
      </trkpt>
      <trkpt lat="41.89446" lon="2.89579">
        <ele>228.9</ele>
      </trkpt>
      <trkpt lat="41.89447" lon="2.8957">
        <ele>228.5</ele>
      </trkpt>
      <trkpt lat="41.89448" lon="2.89562">
        <ele>228.1</ele>
      </trkpt>
      <trkpt lat="41.89448" lon="2.89557">
        <ele>228</ele>
      </trkpt>
      <trkpt lat="41.89449" lon="2.8955">
        <ele>227.6</ele>
      </trkpt>
      <trkpt lat="41.8945" lon="2.8954">
        <ele>227.2</ele>
      </trkpt>
      <trkpt lat="41.8945" lon="2.89532">
        <ele>226.9</ele>
      </trkpt>
      <trkpt lat="41.89451" lon="2.89528">
        <ele>226.6</ele>
      </trkpt>
      <trkpt lat="41.89451" lon="2.89518">
        <ele>226.3</ele>
      </trkpt>
      <trkpt lat="41.89451" lon="2.89507">
        <ele>226</ele>
      </trkpt>
      <trkpt lat="41.89449" lon="2.89496">
        <ele>226</ele>
      </trkpt>
      <trkpt lat="41.89448" lon="2.8948">
        <ele>225.4</ele>
      </trkpt>
      <trkpt lat="41.89446" lon="2.89457">
        <ele>224.5</ele>
      </trkpt>
      <trkpt lat="41.89444" lon="2.89439">
        <ele>223.9</ele>
      </trkpt>
      <trkpt lat="41.89442" lon="2.8942">
        <ele>223.1</ele>
      </trkpt>
      <trkpt lat="41.8944" lon="2.89402">
        <ele>222.2</ele>
      </trkpt>
      <trkpt lat="41.89439" lon="2.89386">
        <ele>221.2</ele>
      </trkpt>
      <trkpt lat="41.89437" lon="2.89368">
        <ele>220.2</ele>
      </trkpt>
      <trkpt lat="41.89435" lon="2.89347">
        <ele>218.9</ele>
      </trkpt>
      <trkpt lat="41.89433" lon="2.89339">
        <ele>218.4</ele>
      </trkpt>
      <trkpt lat="41.89432" lon="2.89328">
        <ele>217.6</ele>
      </trkpt>
      <trkpt lat="41.8943" lon="2.89317">
        <ele>216.7</ele>
      </trkpt>
      <trkpt lat="41.89427" lon="2.89303">
        <ele>215.5</ele>
      </trkpt>
      <trkpt lat="41.89423" lon="2.89283">
        <ele>213.6</ele>
      </trkpt>
      <trkpt lat="41.89419" lon="2.89265">
        <ele>211.7</ele>
      </trkpt>
      <trkpt lat="41.89416" lon="2.89251">
        <ele>210.3</ele>
      </trkpt>
      <trkpt lat="41.89413" lon="2.89238">
        <ele>210.3</ele>
      </trkpt>
      <trkpt lat="41.89411" lon="2.89229">
        <ele>210.3</ele>
      </trkpt>
      <trkpt lat="41.89408" lon="2.8922">
        <ele>210.5</ele>
      </trkpt>
      <trkpt lat="41.89405" lon="2.8921">
        <ele>210.5</ele>
      </trkpt>
      <trkpt lat="41.89402" lon="2.89202">
        <ele>210.6</ele>
      </trkpt>
      <trkpt lat="41.89396" lon="2.89192">
        <ele>211.2</ele>
      </trkpt>
      <trkpt lat="41.89389" lon="2.89179">
        <ele>211.5</ele>
      </trkpt>
      <trkpt lat="41.89385" lon="2.89171">
        <ele>211.5</ele>
      </trkpt>
      <trkpt lat="41.89381" lon="2.89165">
        <ele>211.8</ele>
      </trkpt>
      <trkpt lat="41.89377" lon="2.89157">
        <ele>212.3</ele>
      </trkpt>
      <trkpt lat="41.89374" lon="2.89153">
        <ele>212.7</ele>
      </trkpt>
      <trkpt lat="41.89371" lon="2.89147">
        <ele>212.9</ele>
      </trkpt>
      <trkpt lat="41.89368" lon="2.89139">
        <ele>212.9</ele>
      </trkpt>
      <trkpt lat="41.89364" lon="2.89129">
        <ele>212.8</ele>
      </trkpt>
      <trkpt lat="41.8936" lon="2.89117">
        <ele>212.4</ele>
      </trkpt>
      <trkpt lat="41.89353" lon="2.89097">
        <ele>211.2</ele>
      </trkpt>
      <trkpt lat="41.89348" lon="2.89081">
        <ele>209.8</ele>
      </trkpt>
      <trkpt lat="41.89343" lon="2.89064">
        <ele>208.3</ele>
      </trkpt>
      <trkpt lat="41.89339" lon="2.89051">
        <ele>207.1</ele>
      </trkpt>
      <trkpt lat="41.89337" lon="2.89038">
        <ele>205.8</ele>
      </trkpt>
      <trkpt lat="41.89334" lon="2.89026">
        <ele>204.5</ele>
      </trkpt>
      <trkpt lat="41.89331" lon="2.89015">
        <ele>203.8</ele>
      </trkpt>
      <trkpt lat="41.8933" lon="2.89008">
        <ele>203.4</ele>
      </trkpt>
      <trkpt lat="41.89328" lon="2.89001">
        <ele>203.1</ele>
      </trkpt>
      <trkpt lat="41.89327" lon="2.88995">
        <ele>203</ele>
      </trkpt>
      <trkpt lat="41.89327" lon="2.88988">
        <ele>202.9</ele>
      </trkpt>
      <trkpt lat="41.89327" lon="2.88982">
        <ele>202.8</ele>
      </trkpt>
      <trkpt lat="41.89327" lon="2.88975">
        <ele>202.6</ele>
      </trkpt>
      <trkpt lat="41.89328" lon="2.88968">
        <ele>202.3</ele>
      </trkpt>
      <trkpt lat="41.89328" lon="2.88962">
        <ele>202.1</ele>
      </trkpt>
      <trkpt lat="41.89329" lon="2.88954">
        <ele>201.8</ele>
      </trkpt>
      <trkpt lat="41.8933" lon="2.88948">
        <ele>201.4</ele>
      </trkpt>
      <trkpt lat="41.89331" lon="2.88942">
        <ele>201.1</ele>
      </trkpt>
      <trkpt lat="41.89333" lon="2.88935">
        <ele>200.5</ele>
      </trkpt>
      <trkpt lat="41.89334" lon="2.8893">
        <ele>200.3</ele>
      </trkpt>
      <trkpt lat="41.89336" lon="2.88923">
        <ele>200.2</ele>
      </trkpt>
      <trkpt lat="41.89338" lon="2.88915">
        <ele>200</ele>
      </trkpt>
      <trkpt lat="41.8934" lon="2.88906">
        <ele>199.8</ele>
      </trkpt>
      <trkpt lat="41.89341" lon="2.88897">
        <ele>199.7</ele>
      </trkpt>
      <trkpt lat="41.8934" lon="2.88887">
        <ele>199.5</ele>
      </trkpt>
      <trkpt lat="41.8934" lon="2.88878">
        <ele>199.4</ele>
      </trkpt>
      <trkpt lat="41.89338" lon="2.88864">
        <ele>199.1</ele>
      </trkpt>
      <trkpt lat="41.89335" lon="2.88848">
        <ele>198.5</ele>
      </trkpt>
      <trkpt lat="41.89332" lon="2.88832">
        <ele>198.1</ele>
      </trkpt>
      <trkpt lat="41.8933" lon="2.88817">
        <ele>197.2</ele>
      </trkpt>
      <trkpt lat="41.89327" lon="2.88802">
        <ele>196.4</ele>
      </trkpt>
      <trkpt lat="41.89325" lon="2.88791">
        <ele>195.7</ele>
      </trkpt>
      <trkpt lat="41.89324" lon="2.88786">
        <ele>195.4</ele>
      </trkpt>
      <trkpt lat="41.89322" lon="2.88781">
        <ele>195.2</ele>
      </trkpt>
      <trkpt lat="41.8932" lon="2.88776">
        <ele>195</ele>
      </trkpt>
      <trkpt lat="41.89317" lon="2.8877">
        <ele>194.8</ele>
      </trkpt>
      <trkpt lat="41.89313" lon="2.88766">
        <ele>194.9</ele>
      </trkpt>
      <trkpt lat="41.89309" lon="2.8876">
        <ele>194.7</ele>
      </trkpt>
      <trkpt lat="41.89302" lon="2.88753">
        <ele>194.7</ele>
      </trkpt>
      <trkpt lat="41.89294" lon="2.88744">
        <ele>195.1</ele>
      </trkpt>
      <trkpt lat="41.89286" lon="2.88736">
        <ele>195.4</ele>
      </trkpt>
      <trkpt lat="41.89283" lon="2.8873">
        <ele>195.2</ele>
      </trkpt>
      <trkpt lat="41.89281" lon="2.88726">
        <ele>195.1</ele>
      </trkpt>
      <trkpt lat="41.8928" lon="2.8872">
        <ele>194.7</ele>
      </trkpt>
      <trkpt lat="41.89278" lon="2.88716">
        <ele>194.4</ele>
      </trkpt>
      <trkpt lat="41.89277" lon="2.88711">
        <ele>194</ele>
      </trkpt>
      <trkpt lat="41.89275" lon="2.88707">
        <ele>193.7</ele>
      </trkpt>
      <trkpt lat="41.89272" lon="2.88702">
        <ele>193.2</ele>
      </trkpt>
      <trkpt lat="41.89267" lon="2.88695">
        <ele>192.3</ele>
      </trkpt>
      <trkpt lat="41.8926" lon="2.88688">
        <ele>191</ele>
      </trkpt>
      <trkpt lat="41.89251" lon="2.88679">
        <ele>189</ele>
      </trkpt>
      <trkpt lat="41.89249" lon="2.88677">
        <ele>188.6</ele>
      </trkpt>
      <trkpt lat="41.89245" lon="2.88674">
        <ele>188.2</ele>
      </trkpt>
      <trkpt lat="41.8924" lon="2.8867">
        <ele>187.7</ele>
      </trkpt>
      <trkpt lat="41.89235" lon="2.88665">
        <ele>187.3</ele>
      </trkpt>
      <trkpt lat="41.89229" lon="2.8866">
        <ele>187.3</ele>
      </trkpt>
      <trkpt lat="41.89225" lon="2.88655">
        <ele>187.2</ele>
      </trkpt>
      <trkpt lat="41.89221" lon="2.8865">
        <ele>187</ele>
      </trkpt>
      <trkpt lat="41.89218" lon="2.88644">
        <ele>186.8</ele>
      </trkpt>
      <trkpt lat="41.89214" lon="2.88638">
        <ele>186.5</ele>
      </trkpt>
      <trkpt lat="41.89212" lon="2.88632">
        <ele>186.2</ele>
      </trkpt>
      <trkpt lat="41.89209" lon="2.88627">
        <ele>185.9</ele>
      </trkpt>
      <trkpt lat="41.89207" lon="2.88623">
        <ele>185.6</ele>
      </trkpt>
      <trkpt lat="41.89203" lon="2.88618">
        <ele>185.2</ele>
      </trkpt>
      <trkpt lat="41.892" lon="2.88614">
        <ele>184.9</ele>
      </trkpt>
      <trkpt lat="41.89198" lon="2.88612">
        <ele>184.7</ele>
      </trkpt>
      <trkpt lat="41.89194" lon="2.88609">
        <ele>184.4</ele>
      </trkpt>
      <trkpt lat="41.89189" lon="2.88605">
        <ele>183.9</ele>
      </trkpt>
      <trkpt lat="41.89186" lon="2.88601">
        <ele>183.5</ele>
      </trkpt>
      <trkpt lat="41.89184" lon="2.88596">
        <ele>183</ele>
      </trkpt>
      <trkpt lat="41.89182" lon="2.88591">
        <ele>182.5</ele>
      </trkpt>
      <trkpt lat="41.8918" lon="2.88584">
        <ele>181.9</ele>
      </trkpt>
      <trkpt lat="41.89178" lon="2.88577">
        <ele>181.4</ele>
      </trkpt>
      <trkpt lat="41.89176" lon="2.88567">
        <ele>180.8</ele>
      </trkpt>
      <trkpt lat="41.89174" lon="2.88556">
        <ele>180.1</ele>
      </trkpt>
      <trkpt lat="41.89173" lon="2.88546">
        <ele>179.4</ele>
      </trkpt>
      <trkpt lat="41.8917" lon="2.88537">
        <ele>178.6</ele>
      </trkpt>
      <trkpt lat="41.89168" lon="2.88527">
        <ele>177.8</ele>
      </trkpt>
      <trkpt lat="41.89167" lon="2.88519">
        <ele>177.2</ele>
      </trkpt>
      <trkpt lat="41.89166" lon="2.88513">
        <ele>176.8</ele>
      </trkpt>
      <trkpt lat="41.89166" lon="2.88504">
        <ele>176.2</ele>
      </trkpt>
      <trkpt lat="41.89166" lon="2.88493">
        <ele>175.6</ele>
      </trkpt>
      <trkpt lat="41.89166" lon="2.88487">
        <ele>175.2</ele>
      </trkpt>
      <trkpt lat="41.89166" lon="2.88478">
        <ele>174.7</ele>
      </trkpt>
      <trkpt lat="41.89166" lon="2.8847">
        <ele>174.2</ele>
      </trkpt>
      <trkpt lat="41.89166" lon="2.88465">
        <ele>173.9</ele>
      </trkpt>
      <trkpt lat="41.89166" lon="2.88461">
        <ele>173.7</ele>
      </trkpt>
      <trkpt lat="41.89165" lon="2.88457">
        <ele>173.4</ele>
      </trkpt>
      <trkpt lat="41.89164" lon="2.88452">
        <ele>173.2</ele>
      </trkpt>
      <trkpt lat="41.89162" lon="2.88445">
        <ele>172.8</ele>
      </trkpt>
      <trkpt lat="41.89157" lon="2.8843">
        <ele>172</ele>
      </trkpt>
      <trkpt lat="41.89149" lon="2.8841">
        <ele>171</ele>
      </trkpt>
      <trkpt lat="41.89143" lon="2.88398">
        <ele>170.3</ele>
      </trkpt>
      <trkpt lat="41.89136" lon="2.88378">
        <ele>169.1</ele>
      </trkpt>
      <trkpt lat="41.89127" lon="2.88358">
        <ele>167.8</ele>
      </trkpt>
      <trkpt lat="41.89119" lon="2.8834">
        <ele>166.5</ele>
      </trkpt>
      <trkpt lat="41.89112" lon="2.88325">
        <ele>165.6</ele>
      </trkpt>
      <trkpt lat="41.89104" lon="2.8831">
        <ele>164.8</ele>
      </trkpt>
      <trkpt lat="41.89098" lon="2.88299">
        <ele>164.3</ele>
      </trkpt>
      <trkpt lat="41.8909" lon="2.88288">
        <ele>163.8</ele>
      </trkpt>
      <trkpt lat="41.89083" lon="2.88278">
        <ele>163.3</ele>
      </trkpt>
      <trkpt lat="41.89076" lon="2.88269">
        <ele>162.8</ele>
      </trkpt>
      <trkpt lat="41.89067" lon="2.88256">
        <ele>162.1</ele>
      </trkpt>
      <trkpt lat="41.89056" lon="2.88241">
        <ele>161.6</ele>
      </trkpt>
      <trkpt lat="41.89052" lon="2.88235">
        <ele>161.5</ele>
      </trkpt>
      <trkpt lat="41.89045" lon="2.88224">
        <ele>161.3</ele>
      </trkpt>
      <trkpt lat="41.89042" lon="2.88218">
        <ele>161.3</ele>
      </trkpt>
      <trkpt lat="41.89039" lon="2.8821">
        <ele>161.3</ele>
      </trkpt>
      <trkpt lat="41.89035" lon="2.88196">
        <ele>161.3</ele>
      </trkpt>
      <trkpt lat="41.89026" lon="2.88165">
        <ele>161.3</ele>
      </trkpt>
      <trkpt lat="41.88994" lon="2.88053">
        <ele>159.4</ele>
      </trkpt>
      <trkpt lat="41.8897" lon="2.87967">
        <ele>156.8</ele>
      </trkpt>
      <trkpt lat="41.88958" lon="2.87923">
        <ele>156.2</ele>
      </trkpt>
      <trkpt lat="41.88955" lon="2.87913">
        <ele>156</ele>
      </trkpt>
      <trkpt lat="41.88952" lon="2.87906">
        <ele>155.8</ele>
      </trkpt>
      <trkpt lat="41.88947" lon="2.87898">
        <ele>155.7</ele>
      </trkpt>
      <trkpt lat="41.8894" lon="2.87887">
        <ele>155.6</ele>
      </trkpt>
      <trkpt lat="41.8894" lon="2.87887">
        <ele>155.6</ele>
      </trkpt>
      <trkpt lat="41.88934" lon="2.87896">
        <ele>156</ele>
      </trkpt>
      <trkpt lat="41.88928" lon="2.87904">
        <ele>156.4</ele>
      </trkpt>
      <trkpt lat="41.88922" lon="2.8791">
        <ele>156.7</ele>
      </trkpt>
      <trkpt lat="41.88916" lon="2.87917">
        <ele>157</ele>
      </trkpt>
      <trkpt lat="41.88908" lon="2.87925">
        <ele>157.1</ele>
      </trkpt>
      <trkpt lat="41.88902" lon="2.8793">
        <ele>157.1</ele>
      </trkpt>
      <trkpt lat="41.88892" lon="2.87937">
        <ele>157.1</ele>
      </trkpt>
      <trkpt lat="41.88884" lon="2.87942">
        <ele>157</ele>
      </trkpt>
      <trkpt lat="41.88861" lon="2.87952">
        <ele>156.7</ele>
      </trkpt>
      <trkpt lat="41.88826" lon="2.87961">
        <ele>155.7</ele>
      </trkpt>
      <trkpt lat="41.88779" lon="2.8797">
        <ele>153.3</ele>
      </trkpt>
      <trkpt lat="41.88747" lon="2.87977">
        <ele>151.4</ele>
      </trkpt>
      <trkpt lat="41.88714" lon="2.87984">
        <ele>150</ele>
      </trkpt>
      <trkpt lat="41.88647" lon="2.87998">
        <ele>147.1</ele>
      </trkpt>
      <trkpt lat="41.88637" lon="2.88001">
        <ele>146.6</ele>
      </trkpt>
      <trkpt lat="41.88594" lon="2.8801">
        <ele>144.5</ele>
      </trkpt>
      <trkpt lat="41.88501" lon="2.8803">
        <ele>140.8</ele>
      </trkpt>
      <trkpt lat="41.88439" lon="2.88044">
        <ele>139.2</ele>
      </trkpt>
      <trkpt lat="41.88383" lon="2.88054">
        <ele>140.1</ele>
      </trkpt>
      <trkpt lat="41.88371" lon="2.88057">
        <ele>140.7</ele>
      </trkpt>
      <trkpt lat="41.88371" lon="2.88057">
        <ele>140.7</ele>
      </trkpt>
      <trkpt lat="41.88371" lon="2.88055">
        <ele>140.7</ele>
      </trkpt>
      <trkpt lat="41.8837" lon="2.88053">
        <ele>140.7</ele>
      </trkpt>
      <trkpt lat="41.8837" lon="2.88052">
        <ele>140.7</ele>
      </trkpt>
      <trkpt lat="41.8837" lon="2.8805">
        <ele>140.6</ele>
      </trkpt>
      <trkpt lat="41.88369" lon="2.88049">
        <ele>140.6</ele>
      </trkpt>
      <trkpt lat="41.88368" lon="2.88048">
        <ele>140.7</ele>
      </trkpt>
      <trkpt lat="41.88368" lon="2.88046">
        <ele>140.6</ele>
      </trkpt>
      <trkpt lat="41.88367" lon="2.88045">
        <ele>140.6</ele>
      </trkpt>
      <trkpt lat="41.88366" lon="2.88044">
        <ele>140.7</ele>
      </trkpt>
      <trkpt lat="41.88365" lon="2.88043">
        <ele>140.7</ele>
      </trkpt>
      <trkpt lat="41.88364" lon="2.88042">
        <ele>140.7</ele>
      </trkpt>
      <trkpt lat="41.88363" lon="2.88041">
        <ele>140.7</ele>
      </trkpt>
      <trkpt lat="41.88362" lon="2.88041">
        <ele>140.8</ele>
      </trkpt>
      <trkpt lat="41.88361" lon="2.8804">
        <ele>140.8</ele>
      </trkpt>
      <trkpt lat="41.88359" lon="2.88039">
        <ele>140.9</ele>
      </trkpt>
      <trkpt lat="41.88358" lon="2.88039">
        <ele>140.9</ele>
      </trkpt>
      <trkpt lat="41.88357" lon="2.88038">
        <ele>140.9</ele>
      </trkpt>
      <trkpt lat="41.88356" lon="2.88038">
        <ele>141</ele>
      </trkpt>
      <trkpt lat="41.88354" lon="2.88038">
        <ele>141.1</ele>
      </trkpt>
      <trkpt lat="41.88353" lon="2.88038">
        <ele>141.1</ele>
      </trkpt>
      <trkpt lat="41.88352" lon="2.88039">
        <ele>141.2</ele>
      </trkpt>
      <trkpt lat="41.88351" lon="2.88039">
        <ele>141.2</ele>
      </trkpt>
      <trkpt lat="41.8835" lon="2.88039">
        <ele>141.2</ele>
      </trkpt>
      <trkpt lat="41.88349" lon="2.8804">
        <ele>141.3</ele>
      </trkpt>
      <trkpt lat="41.88348" lon="2.8804">
        <ele>141.3</ele>
      </trkpt>
      <trkpt lat="41.88347" lon="2.88041">
        <ele>141.4</ele>
      </trkpt>
      <trkpt lat="41.88346" lon="2.88042">
        <ele>141.5</ele>
      </trkpt>
      <trkpt lat="41.88345" lon="2.88043">
        <ele>141.5</ele>
      </trkpt>
      <trkpt lat="41.88344" lon="2.88044">
        <ele>141.6</ele>
      </trkpt>
      <trkpt lat="41.88343" lon="2.88045">
        <ele>141.7</ele>
      </trkpt>
      <trkpt lat="41.88342" lon="2.88046">
        <ele>141.7</ele>
      </trkpt>
      <trkpt lat="41.88341" lon="2.88047">
        <ele>141.8</ele>
      </trkpt>
      <trkpt lat="41.88341" lon="2.88049">
        <ele>141.8</ele>
      </trkpt>
      <trkpt lat="41.8834" lon="2.8805">
        <ele>141.9</ele>
      </trkpt>
      <trkpt lat="41.8834" lon="2.88052">
        <ele>142</ele>
      </trkpt>
      <trkpt lat="41.88339" lon="2.88053">
        <ele>142</ele>
      </trkpt>
      <trkpt lat="41.88339" lon="2.88054">
        <ele>142</ele>
      </trkpt>
      <trkpt lat="41.88339" lon="2.88056">
        <ele>142.1</ele>
      </trkpt>
      <trkpt lat="41.88339" lon="2.88058">
        <ele>142.1</ele>
      </trkpt>
      <trkpt lat="41.88338" lon="2.88059">
        <ele>142.2</ele>
      </trkpt>
      <trkpt lat="41.88338" lon="2.88061">
        <ele>142.3</ele>
      </trkpt>
      <trkpt lat="41.88339" lon="2.88063">
        <ele>142.3</ele>
      </trkpt>
      <trkpt lat="41.88339" lon="2.88064">
        <ele>142.3</ele>
      </trkpt>
      <trkpt lat="41.88339" lon="2.88066">
        <ele>142.3</ele>
      </trkpt>
      <trkpt lat="41.88339" lon="2.88067">
        <ele>142.3</ele>
      </trkpt>
      <trkpt lat="41.8834" lon="2.88069">
        <ele>142.3</ele>
      </trkpt>
      <trkpt lat="41.8834" lon="2.8807">
        <ele>142.4</ele>
      </trkpt>
      <trkpt lat="41.88341" lon="2.88072">
        <ele>142.4</ele>
      </trkpt>
      <trkpt lat="41.88342" lon="2.88073">
        <ele>142.3</ele>
      </trkpt>
      <trkpt lat="41.88342" lon="2.88074">
        <ele>142.4</ele>
      </trkpt>
      <trkpt lat="41.88343" lon="2.88076">
        <ele>142.4</ele>
      </trkpt>
      <trkpt lat="41.88344" lon="2.88077">
        <ele>142.3</ele>
      </trkpt>
      <trkpt lat="41.88345" lon="2.88078">
        <ele>142.3</ele>
      </trkpt>
      <trkpt lat="41.88347" lon="2.88079">
        <ele>142.2</ele>
      </trkpt>
      <trkpt lat="41.88348" lon="2.8808">
        <ele>142.2</ele>
      </trkpt>
      <trkpt lat="41.88349" lon="2.88081">
        <ele>142.2</ele>
      </trkpt>
      <trkpt lat="41.8835" lon="2.88081">
        <ele>142.1</ele>
      </trkpt>
      <trkpt lat="41.88351" lon="2.88082">
        <ele>142.1</ele>
      </trkpt>
      <trkpt lat="41.88352" lon="2.88082">
        <ele>142.1</ele>
      </trkpt>
      <trkpt lat="41.88354" lon="2.88082">
        <ele>142</ele>
      </trkpt>
      <trkpt lat="41.88355" lon="2.88082">
        <ele>141.9</ele>
      </trkpt>
      <trkpt lat="41.88356" lon="2.88082">
        <ele>141.9</ele>
      </trkpt>
      <trkpt lat="41.88357" lon="2.88082">
        <ele>141.8</ele>
      </trkpt>
      <trkpt lat="41.88358" lon="2.88082">
        <ele>141.8</ele>
      </trkpt>
      <trkpt lat="41.88359" lon="2.88082">
        <ele>141.7</ele>
      </trkpt>
      <trkpt lat="41.88361" lon="2.88081">
        <ele>141.6</ele>
      </trkpt>
      <trkpt lat="41.88362" lon="2.8808">
        <ele>141.6</ele>
      </trkpt>
      <trkpt lat="41.88363" lon="2.8808">
        <ele>141.5</ele>
      </trkpt>
      <trkpt lat="41.88364" lon="2.88079">
        <ele>141.4</ele>
      </trkpt>
      <trkpt lat="41.88365" lon="2.88078">
        <ele>141.4</ele>
      </trkpt>
      <trkpt lat="41.88366" lon="2.88077">
        <ele>141.3</ele>
      </trkpt>
      <trkpt lat="41.88367" lon="2.88076">
        <ele>141.2</ele>
      </trkpt>
      <trkpt lat="41.88367" lon="2.88075">
        <ele>141.2</ele>
      </trkpt>
      <trkpt lat="41.88368" lon="2.88074">
        <ele>141.2</ele>
      </trkpt>
      <trkpt lat="41.88369" lon="2.88072">
        <ele>141.1</ele>
      </trkpt>
      <trkpt lat="41.88369" lon="2.88071">
        <ele>141.1</ele>
      </trkpt>
      <trkpt lat="41.8837" lon="2.88069">
        <ele>141</ele>
      </trkpt>
      <trkpt lat="41.8837" lon="2.88068">
        <ele>141</ele>
      </trkpt>
      <trkpt lat="41.88371" lon="2.88066">
        <ele>140.9</ele>
      </trkpt>
      <trkpt lat="41.88371" lon="2.88065">
        <ele>140.9</ele>
      </trkpt>
      <trkpt lat="41.88371" lon="2.88063">
        <ele>140.8</ele>
      </trkpt>
      <trkpt lat="41.88371" lon="2.88062">
        <ele>140.8</ele>
      </trkpt>
      <trkpt lat="41.88371" lon="2.8806">
        <ele>140.8</ele>
      </trkpt>
      <trkpt lat="41.88371" lon="2.88058">
        <ele>140.7</ele>
      </trkpt>
      <trkpt lat="41.88371" lon="2.88057">
        <ele>140.7</ele>
      </trkpt>
      <trkpt lat="41.88371" lon="2.88055">
        <ele>140.7</ele>
      </trkpt>
      <trkpt lat="41.8837" lon="2.88053">
        <ele>140.7</ele>
      </trkpt>
      <trkpt lat="41.8837" lon="2.88052">
        <ele>140.7</ele>
      </trkpt>
      <trkpt lat="41.8837" lon="2.8805">
        <ele>140.6</ele>
      </trkpt>
      <trkpt lat="41.88369" lon="2.88049">
        <ele>140.6</ele>
      </trkpt>
      <trkpt lat="41.88368" lon="2.88048">
        <ele>140.7</ele>
      </trkpt>
      <trkpt lat="41.88368" lon="2.88046">
        <ele>140.6</ele>
      </trkpt>
      <trkpt lat="41.88367" lon="2.88045">
        <ele>140.6</ele>
      </trkpt>
      <trkpt lat="41.88366" lon="2.88044">
        <ele>140.7</ele>
      </trkpt>
      <trkpt lat="41.88365" lon="2.88043">
        <ele>140.7</ele>
      </trkpt>
      <trkpt lat="41.88364" lon="2.88042">
        <ele>140.7</ele>
      </trkpt>
      <trkpt lat="41.88363" lon="2.88041">
        <ele>140.7</ele>
      </trkpt>
      <trkpt lat="41.88362" lon="2.88041">
        <ele>140.8</ele>
      </trkpt>
      <trkpt lat="41.88361" lon="2.8804">
        <ele>140.8</ele>
      </trkpt>
      <trkpt lat="41.88363" lon="2.88032">
        <ele>140.6</ele>
      </trkpt>
      <trkpt lat="41.88368" lon="2.8802">
        <ele>140.1</ele>
      </trkpt>
      <trkpt lat="41.88385" lon="2.87968">
        <ele>138.9</ele>
      </trkpt>
      <trkpt lat="41.88388" lon="2.87961">
        <ele>138.9</ele>
      </trkpt>
      <trkpt lat="41.88419" lon="2.87866">
        <ele>139.1</ele>
      </trkpt>
      <trkpt lat="41.88442" lon="2.87794">
        <ele>140.9</ele>
      </trkpt>
      <trkpt lat="41.88446" lon="2.87782">
        <ele>141.3</ele>
      </trkpt>
      <trkpt lat="41.88451" lon="2.87771">
        <ele>141.7</ele>
      </trkpt>
      <trkpt lat="41.88455" lon="2.87763">
        <ele>142.1</ele>
      </trkpt>
      <trkpt lat="41.88459" lon="2.8775">
        <ele>142.5</ele>
      </trkpt>
      <trkpt lat="41.88463" lon="2.87734">
        <ele>142.9</ele>
      </trkpt>
      <trkpt lat="41.88466" lon="2.8771">
        <ele>143.3</ele>
      </trkpt>
      <trkpt lat="41.88472" lon="2.87663">
        <ele>143.9</ele>
      </trkpt>
      <trkpt lat="41.88482" lon="2.87593">
        <ele>143.5</ele>
      </trkpt>
      <trkpt lat="41.88487" lon="2.8756">
        <ele>143.3</ele>
      </trkpt>
      <trkpt lat="41.88496" lon="2.87484">
        <ele>142.9</ele>
      </trkpt>
      <trkpt lat="41.88504" lon="2.87422">
        <ele>143.1</ele>
      </trkpt>
      <trkpt lat="41.88512" lon="2.87366">
        <ele>142.2</ele>
      </trkpt>
      <trkpt lat="41.88518" lon="2.87323">
        <ele>141.4</ele>
      </trkpt>
      <trkpt lat="41.88524" lon="2.87299">
        <ele>140.9</ele>
      </trkpt>
      <trkpt lat="41.88524" lon="2.87299">
        <ele>140.9</ele>
      </trkpt>
      <trkpt lat="41.88525" lon="2.87299">
        <ele>141</ele>
      </trkpt>
      <trkpt lat="41.88526" lon="2.87299">
        <ele>141</ele>
      </trkpt>
      <trkpt lat="41.88527" lon="2.87299">
        <ele>141</ele>
      </trkpt>
      <trkpt lat="41.88527" lon="2.87298">
        <ele>141</ele>
      </trkpt>
      <trkpt lat="41.88528" lon="2.87298">
        <ele>141</ele>
      </trkpt>
      <trkpt lat="41.88529" lon="2.87297">
        <ele>141</ele>
      </trkpt>
      <trkpt lat="41.88529" lon="2.87296">
        <ele>141</ele>
      </trkpt>
      <trkpt lat="41.8853" lon="2.87296">
        <ele>141</ele>
      </trkpt>
      <trkpt lat="41.8853" lon="2.87295">
        <ele>141</ele>
      </trkpt>
      <trkpt lat="41.8853" lon="2.87294">
        <ele>141</ele>
      </trkpt>
      <trkpt lat="41.88531" lon="2.87294">
        <ele>141</ele>
      </trkpt>
      <trkpt lat="41.88531" lon="2.87293">
        <ele>141</ele>
      </trkpt>
      <trkpt lat="41.88531" lon="2.87292">
        <ele>140.9</ele>
      </trkpt>
      <trkpt lat="41.88531" lon="2.87291">
        <ele>140.9</ele>
      </trkpt>
      <trkpt lat="41.88531" lon="2.8729">
        <ele>140.9</ele>
      </trkpt>
      <trkpt lat="41.88531" lon="2.87289">
        <ele>140.9</ele>
      </trkpt>
      <trkpt lat="41.88531" lon="2.87288">
        <ele>140.8</ele>
      </trkpt>
      <trkpt lat="41.88531" lon="2.87287">
        <ele>140.8</ele>
      </trkpt>
      <trkpt lat="41.8853" lon="2.87287">
        <ele>140.8</ele>
      </trkpt>
      <trkpt lat="41.8853" lon="2.87286">
        <ele>140.7</ele>
      </trkpt>
      <trkpt lat="41.8853" lon="2.87285">
        <ele>140.7</ele>
      </trkpt>
      <trkpt lat="41.88529" lon="2.87285">
        <ele>140.7</ele>
      </trkpt>
      <trkpt lat="41.88529" lon="2.87284">
        <ele>140.7</ele>
      </trkpt>
      <trkpt lat="41.88528" lon="2.87284">
        <ele>140.6</ele>
      </trkpt>
      <trkpt lat="41.88528" lon="2.87283">
        <ele>140.6</ele>
      </trkpt>
      <trkpt lat="41.88527" lon="2.87283">
        <ele>140.6</ele>
      </trkpt>
      <trkpt lat="41.88526" lon="2.87283">
        <ele>140.5</ele>
      </trkpt>
      <trkpt lat="41.88525" lon="2.87282">
        <ele>140.5</ele>
      </trkpt>
      <trkpt lat="41.88524" lon="2.87282">
        <ele>140.5</ele>
      </trkpt>
      <trkpt lat="41.88524" lon="2.87283">
        <ele>140.5</ele>
      </trkpt>
      <trkpt lat="41.88523" lon="2.87283">
        <ele>140.5</ele>
      </trkpt>
      <trkpt lat="41.88522" lon="2.87283">
        <ele>140.4</ele>
      </trkpt>
      <trkpt lat="41.88522" lon="2.87284">
        <ele>140.5</ele>
      </trkpt>
      <trkpt lat="41.88521" lon="2.87284">
        <ele>140.4</ele>
      </trkpt>
      <trkpt lat="41.88521" lon="2.87285">
        <ele>140.5</ele>
      </trkpt>
      <trkpt lat="41.88476" lon="2.87239">
        <ele>138.1</ele>
      </trkpt>
      <trkpt lat="41.88443" lon="2.87202">
        <ele>136.3</ele>
      </trkpt>
      <trkpt lat="41.88408" lon="2.87163">
        <ele>134.5</ele>
      </trkpt>
      <trkpt lat="41.88387" lon="2.87139">
        <ele>132.9</ele>
      </trkpt>
      <trkpt lat="41.88386" lon="2.87139">
        <ele>132.9</ele>
      </trkpt>
      <trkpt lat="41.88367" lon="2.87124">
        <ele>132</ele>
      </trkpt>
      <trkpt lat="41.88334" lon="2.87099">
        <ele>131</ele>
      </trkpt>
      <trkpt lat="41.88301" lon="2.87066">
        <ele>128.1</ele>
      </trkpt>
      <trkpt lat="41.88189" lon="2.86952">
        <ele>122.8</ele>
      </trkpt>
      <trkpt lat="41.88154" lon="2.86916">
        <ele>123</ele>
      </trkpt>
      <trkpt lat="41.88104" lon="2.86873">
        <ele>122.3</ele>
      </trkpt>
      <trkpt lat="41.88072" lon="2.86848">
        <ele>121.8</ele>
      </trkpt>
      <trkpt lat="41.88043" lon="2.86822">
        <ele>120.5</ele>
      </trkpt>
      <trkpt lat="41.88038" lon="2.86814">
        <ele>120.3</ele>
      </trkpt>
      <trkpt lat="41.88035" lon="2.86811">
        <ele>120.2</ele>
      </trkpt>
      <trkpt lat="41.88031" lon="2.86808">
        <ele>120.1</ele>
      </trkpt>
      <trkpt lat="41.88029" lon="2.86805">
        <ele>120</ele>
      </trkpt>
      <trkpt lat="41.88026" lon="2.868">
        <ele>120</ele>
      </trkpt>
      <trkpt lat="41.88022" lon="2.86794">
        <ele>119.9</ele>
      </trkpt>
      <trkpt lat="41.88019" lon="2.86788">
        <ele>119.9</ele>
      </trkpt>
      <trkpt lat="41.88019" lon="2.86788">
        <ele>119.9</ele>
      </trkpt>
      <trkpt lat="41.88019" lon="2.86787">
        <ele>119.9</ele>
      </trkpt>
      <trkpt lat="41.88019" lon="2.86786">
        <ele>119.9</ele>
      </trkpt>
      <trkpt lat="41.88019" lon="2.86785">
        <ele>119.9</ele>
      </trkpt>
      <trkpt lat="41.88019" lon="2.86784">
        <ele>119.9</ele>
      </trkpt>
      <trkpt lat="41.88018" lon="2.86783">
        <ele>119.9</ele>
      </trkpt>
      <trkpt lat="41.88018" lon="2.86782">
        <ele>119.9</ele>
      </trkpt>
      <trkpt lat="41.88018" lon="2.86781">
        <ele>119.9</ele>
      </trkpt>
      <trkpt lat="41.88017" lon="2.8678">
        <ele>119.9</ele>
      </trkpt>
      <trkpt lat="41.88017" lon="2.86779">
        <ele>119.9</ele>
      </trkpt>
      <trkpt lat="41.88016" lon="2.86779">
        <ele>119.9</ele>
      </trkpt>
      <trkpt lat="41.88016" lon="2.86778">
        <ele>119.9</ele>
      </trkpt>
      <trkpt lat="41.88016" lon="2.86777">
        <ele>119.9</ele>
      </trkpt>
      <trkpt lat="41.88015" lon="2.86777">
        <ele>119.9</ele>
      </trkpt>
      <trkpt lat="41.88015" lon="2.86776">
        <ele>119.9</ele>
      </trkpt>
      <trkpt lat="41.88014" lon="2.86776">
        <ele>119.8</ele>
      </trkpt>
      <trkpt lat="41.88014" lon="2.86775">
        <ele>119.9</ele>
      </trkpt>
      <trkpt lat="41.88013" lon="2.86775">
        <ele>119.8</ele>
      </trkpt>
      <trkpt lat="41.88012" lon="2.86774">
        <ele>119.8</ele>
      </trkpt>
      <trkpt lat="41.88011" lon="2.86774">
        <ele>119.8</ele>
      </trkpt>
      <trkpt lat="41.8801" lon="2.86774">
        <ele>119.8</ele>
      </trkpt>
      <trkpt lat="41.8801" lon="2.86773">
        <ele>119.8</ele>
      </trkpt>
      <trkpt lat="41.88009" lon="2.86773">
        <ele>119.8</ele>
      </trkpt>
      <trkpt lat="41.88008" lon="2.86773">
        <ele>119.8</ele>
      </trkpt>
      <trkpt lat="41.88007" lon="2.86773">
        <ele>119.8</ele>
      </trkpt>
      <trkpt lat="41.88006" lon="2.86773">
        <ele>119.8</ele>
      </trkpt>
      <trkpt lat="41.88005" lon="2.86774">
        <ele>119.8</ele>
      </trkpt>
      <trkpt lat="41.88004" lon="2.86774">
        <ele>119.8</ele>
      </trkpt>
      <trkpt lat="41.88003" lon="2.86774">
        <ele>119.7</ele>
      </trkpt>
      <trkpt lat="41.87997" lon="2.86768">
        <ele>119.7</ele>
      </trkpt>
      <trkpt lat="41.87995" lon="2.86765">
        <ele>119.7</ele>
      </trkpt>
      <trkpt lat="41.8799" lon="2.8676">
        <ele>119.7</ele>
      </trkpt>
      <trkpt lat="41.87984" lon="2.86751">
        <ele>119.6</ele>
      </trkpt>
      <trkpt lat="41.87981" lon="2.86746">
        <ele>119.4</ele>
      </trkpt>
      <trkpt lat="41.87979" lon="2.86743">
        <ele>119.3</ele>
      </trkpt>
      <trkpt lat="41.87978" lon="2.86741">
        <ele>119.2</ele>
      </trkpt>
      <trkpt lat="41.87977" lon="2.86737">
        <ele>119.1</ele>
      </trkpt>
      <trkpt lat="41.87975" lon="2.86731">
        <ele>118.9</ele>
      </trkpt>
      <trkpt lat="41.87975" lon="2.8673">
        <ele>118.9</ele>
      </trkpt>
      <trkpt lat="41.87975" lon="2.86729">
        <ele>118.9</ele>
      </trkpt>
      <trkpt lat="41.87975" lon="2.86728">
        <ele>118.8</ele>
      </trkpt>
      <trkpt lat="41.87975" lon="2.86727">
        <ele>118.8</ele>
      </trkpt>
      <trkpt lat="41.87975" lon="2.86726">
        <ele>118.8</ele>
      </trkpt>
      <trkpt lat="41.87975" lon="2.86725">
        <ele>118.8</ele>
      </trkpt>
      <trkpt lat="41.87975" lon="2.86724">
        <ele>118.7</ele>
      </trkpt>
      <trkpt lat="41.87975" lon="2.86723">
        <ele>118.7</ele>
      </trkpt>
      <trkpt lat="41.87974" lon="2.86722">
        <ele>118.7</ele>
      </trkpt>
      <trkpt lat="41.87974" lon="2.86721">
        <ele>118.7</ele>
      </trkpt>
      <trkpt lat="41.87974" lon="2.8672">
        <ele>118.6</ele>
      </trkpt>
      <trkpt lat="41.87973" lon="2.8672">
        <ele>118.6</ele>
      </trkpt>
      <trkpt lat="41.87973" lon="2.86719">
        <ele>118.6</ele>
      </trkpt>
      <trkpt lat="41.87972" lon="2.86718">
        <ele>118.6</ele>
      </trkpt>
      <trkpt lat="41.87972" lon="2.86717">
        <ele>118.5</ele>
      </trkpt>
      <trkpt lat="41.87971" lon="2.86717">
        <ele>118.5</ele>
      </trkpt>
      <trkpt lat="41.87971" lon="2.86716">
        <ele>118.5</ele>
      </trkpt>
      <trkpt lat="41.8797" lon="2.86716">
        <ele>118.5</ele>
      </trkpt>
      <trkpt lat="41.8797" lon="2.86715">
        <ele>118.5</ele>
      </trkpt>
      <trkpt lat="41.87969" lon="2.86715">
        <ele>118.5</ele>
      </trkpt>
      <trkpt lat="41.87968" lon="2.86715">
        <ele>118.5</ele>
      </trkpt>
      <trkpt lat="41.87968" lon="2.86714">
        <ele>118.4</ele>
      </trkpt>
      <trkpt lat="41.87967" lon="2.86714">
        <ele>118.4</ele>
      </trkpt>
      <trkpt lat="41.87966" lon="2.86714">
        <ele>118.4</ele>
      </trkpt>
      <trkpt lat="41.87965" lon="2.86714">
        <ele>118.4</ele>
      </trkpt>
      <trkpt lat="41.87964" lon="2.86714">
        <ele>118.4</ele>
      </trkpt>
      <trkpt lat="41.87963" lon="2.86714">
        <ele>118.4</ele>
      </trkpt>
      <trkpt lat="41.8795" lon="2.867">
        <ele>118.1</ele>
      </trkpt>
      <trkpt lat="41.87945" lon="2.86694">
        <ele>118</ele>
      </trkpt>
      <trkpt lat="41.87939" lon="2.86689">
        <ele>117.9</ele>
      </trkpt>
      <trkpt lat="41.87927" lon="2.86671">
        <ele>117.9</ele>
      </trkpt>
      <trkpt lat="41.87912" lon="2.86641">
        <ele>118</ele>
      </trkpt>
      <trkpt lat="41.87899" lon="2.86617">
        <ele>118.3</ele>
      </trkpt>
      <trkpt lat="41.87896" lon="2.86612">
        <ele>118.3</ele>
      </trkpt>
      <trkpt lat="41.87894" lon="2.86608">
        <ele>118.4</ele>
      </trkpt>
      <trkpt lat="41.87872" lon="2.86566">
        <ele>118.9</ele>
      </trkpt>
      <trkpt lat="41.87867" lon="2.86556">
        <ele>118.9</ele>
      </trkpt>
      <trkpt lat="41.87853" lon="2.86531">
        <ele>118.9</ele>
      </trkpt>
      <trkpt lat="41.87851" lon="2.86526">
        <ele>118.9</ele>
      </trkpt>
      <trkpt lat="41.87847" lon="2.8652">
        <ele>118.9</ele>
      </trkpt>
      <trkpt lat="41.87819" lon="2.86469">
        <ele>120.1</ele>
      </trkpt>
      <trkpt lat="41.87799" lon="2.86431">
        <ele>121.2</ele>
      </trkpt>
      <trkpt lat="41.87791" lon="2.86417">
        <ele>121.5</ele>
      </trkpt>
      <trkpt lat="41.87777" lon="2.86396">
        <ele>121.5</ele>
      </trkpt>
      <trkpt lat="41.87723" lon="2.86311">
        <ele>122.7</ele>
      </trkpt>
      <trkpt lat="41.87696" lon="2.86278">
        <ele>123.4</ele>
      </trkpt>
      <trkpt lat="41.87676" lon="2.86252">
        <ele>124.3</ele>
      </trkpt>
      <trkpt lat="41.87672" lon="2.86246">
        <ele>124.5</ele>
      </trkpt>
      <trkpt lat="41.87659" lon="2.86231">
        <ele>124.5</ele>
      </trkpt>
      <trkpt lat="41.87653" lon="2.86225">
        <ele>124.4</ele>
      </trkpt>
      <trkpt lat="41.87641" lon="2.86216">
        <ele>124.2</ele>
      </trkpt>
      <trkpt lat="41.87637" lon="2.86214">
        <ele>124.1</ele>
      </trkpt>
      <trkpt lat="41.8762" lon="2.86207">
        <ele>124</ele>
      </trkpt>
      <trkpt lat="41.87594" lon="2.86199">
        <ele>123.8</ele>
      </trkpt>
      <trkpt lat="41.87544" lon="2.86179">
        <ele>125</ele>
      </trkpt>
      <trkpt lat="41.87524" lon="2.86169">
        <ele>125.9</ele>
      </trkpt>
      <trkpt lat="41.87504" lon="2.86156">
        <ele>126.5</ele>
      </trkpt>
      <trkpt lat="41.87481" lon="2.86138">
        <ele>127</ele>
      </trkpt>
      <trkpt lat="41.87454" lon="2.86117">
        <ele>127.7</ele>
      </trkpt>
      <trkpt lat="41.87426" lon="2.86096">
        <ele>128.8</ele>
      </trkpt>
      <trkpt lat="41.87391" lon="2.86076">
        <ele>128.7</ele>
      </trkpt>
      <trkpt lat="41.87387" lon="2.86074">
        <ele>128.7</ele>
      </trkpt>
      <trkpt lat="41.87365" lon="2.86066">
        <ele>128.4</ele>
      </trkpt>
      <trkpt lat="41.87327" lon="2.86055">
        <ele>127.9</ele>
      </trkpt>
      <trkpt lat="41.87315" lon="2.86053">
        <ele>127.6</ele>
      </trkpt>
      <trkpt lat="41.87254" lon="2.8604">
        <ele>126.5</ele>
      </trkpt>
      <trkpt lat="41.87213" lon="2.86031">
        <ele>126</ele>
      </trkpt>
      <trkpt lat="41.87194" lon="2.86022">
        <ele>125.9</ele>
      </trkpt>
      <trkpt lat="41.87165" lon="2.85996">
        <ele>125.9</ele>
      </trkpt>
      <trkpt lat="41.87137" lon="2.85963">
        <ele>124.8</ele>
      </trkpt>
      <trkpt lat="41.8708" lon="2.85899">
        <ele>123.3</ele>
      </trkpt>
      <trkpt lat="41.87054" lon="2.85869">
        <ele>122.5</ele>
      </trkpt>
      <trkpt lat="41.87022" lon="2.85831">
        <ele>122.4</ele>
      </trkpt>
      <trkpt lat="41.87022" lon="2.8583">
        <ele>122.4</ele>
      </trkpt>
      <trkpt lat="41.87011" lon="2.85819">
        <ele>122.6</ele>
      </trkpt>
      <trkpt lat="41.86995" lon="2.85801">
        <ele>122.6</ele>
      </trkpt>
      <trkpt lat="41.86972" lon="2.85775">
        <ele>122</ele>
      </trkpt>
      <trkpt lat="41.86964" lon="2.85767">
        <ele>121.8</ele>
      </trkpt>
      <trkpt lat="41.86952" lon="2.85755">
        <ele>121.5</ele>
      </trkpt>
      <trkpt lat="41.86944" lon="2.85748">
        <ele>121.3</ele>
      </trkpt>
      <trkpt lat="41.86933" lon="2.85739">
        <ele>121.2</ele>
      </trkpt>
      <trkpt lat="41.86927" lon="2.85734">
        <ele>121.1</ele>
      </trkpt>
      <trkpt lat="41.86926" lon="2.85733">
        <ele>121.1</ele>
      </trkpt>
      <trkpt lat="41.86914" lon="2.85725">
        <ele>120.9</ele>
      </trkpt>
      <trkpt lat="41.8691" lon="2.85721">
        <ele>120.7</ele>
      </trkpt>
      <trkpt lat="41.86909" lon="2.85721">
        <ele>120.7</ele>
      </trkpt>
      <trkpt lat="41.86887" lon="2.85704">
        <ele>119.7</ele>
      </trkpt>
      <trkpt lat="41.86858" lon="2.85684">
        <ele>118.3</ele>
      </trkpt>
      <trkpt lat="41.86804" lon="2.85642">
        <ele>116.2</ele>
      </trkpt>
      <trkpt lat="41.86791" lon="2.85634">
        <ele>115.9</ele>
      </trkpt>
      <trkpt lat="41.86786" lon="2.8563">
        <ele>115.7</ele>
      </trkpt>
      <trkpt lat="41.86783" lon="2.85627">
        <ele>115.7</ele>
      </trkpt>
      <trkpt lat="41.86775" lon="2.85622">
        <ele>115.4</ele>
      </trkpt>
      <trkpt lat="41.86767" lon="2.85618">
        <ele>115.2</ele>
      </trkpt>
      <trkpt lat="41.86754" lon="2.8561">
        <ele>114.8</ele>
      </trkpt>
      <trkpt lat="41.86738" lon="2.85602">
        <ele>114.4</ele>
      </trkpt>
      <trkpt lat="41.86702" lon="2.85585">
        <ele>113.3</ele>
      </trkpt>
      <trkpt lat="41.86668" lon="2.85569">
        <ele>112</ele>
      </trkpt>
      <trkpt lat="41.86633" lon="2.85552">
        <ele>112.7</ele>
      </trkpt>
      <trkpt lat="41.86604" lon="2.85538">
        <ele>113.1</ele>
      </trkpt>
      <trkpt lat="41.86582" lon="2.85528">
        <ele>113.4</ele>
      </trkpt>
      <trkpt lat="41.86575" lon="2.85525">
        <ele>113.6</ele>
      </trkpt>
      <trkpt lat="41.86566" lon="2.85519">
        <ele>113.8</ele>
      </trkpt>
      <trkpt lat="41.86557" lon="2.85513">
        <ele>114.1</ele>
      </trkpt>
      <trkpt lat="41.86544" lon="2.85504">
        <ele>114.4</ele>
      </trkpt>
      <trkpt lat="41.86537" lon="2.85498">
        <ele>114.6</ele>
      </trkpt>
      <trkpt lat="41.86529" lon="2.85491">
        <ele>114.9</ele>
      </trkpt>
      <trkpt lat="41.86517" lon="2.8548">
        <ele>115.3</ele>
      </trkpt>
      <trkpt lat="41.86499" lon="2.8546">
        <ele>116</ele>
      </trkpt>
      <trkpt lat="41.86474" lon="2.85434">
        <ele>115.9</ele>
      </trkpt>
      <trkpt lat="41.86463" lon="2.85422">
        <ele>116</ele>
      </trkpt>
      <trkpt lat="41.86446" lon="2.85405">
        <ele>116.2</ele>
      </trkpt>
      <trkpt lat="41.86427" lon="2.85388">
        <ele>116.6</ele>
      </trkpt>
      <trkpt lat="41.86399" lon="2.85363">
        <ele>116.7</ele>
      </trkpt>
      <trkpt lat="41.86376" lon="2.85342">
        <ele>116.3</ele>
      </trkpt>
      <trkpt lat="41.8637" lon="2.85337">
        <ele>116.2</ele>
      </trkpt>
      <trkpt lat="41.86355" lon="2.85321">
        <ele>116</ele>
      </trkpt>
      <trkpt lat="41.8634" lon="2.853">
        <ele>115.7</ele>
      </trkpt>
      <trkpt lat="41.86326" lon="2.85279">
        <ele>115.4</ele>
      </trkpt>
      <trkpt lat="41.86313" lon="2.85258">
        <ele>115</ele>
      </trkpt>
      <trkpt lat="41.86296" lon="2.85228">
        <ele>114.1</ele>
      </trkpt>
      <trkpt lat="41.8628" lon="2.85198">
        <ele>113.2</ele>
      </trkpt>
      <trkpt lat="41.8624" lon="2.85128">
        <ele>112.4</ele>
      </trkpt>
      <trkpt lat="41.86227" lon="2.85108">
        <ele>112.5</ele>
      </trkpt>
      <trkpt lat="41.86215" lon="2.85088">
        <ele>112.5</ele>
      </trkpt>
      <trkpt lat="41.86196" lon="2.85062">
        <ele>112.3</ele>
      </trkpt>
      <trkpt lat="41.86177" lon="2.85034">
        <ele>112.1</ele>
      </trkpt>
      <trkpt lat="41.8616" lon="2.85009">
        <ele>112</ele>
      </trkpt>
      <trkpt lat="41.86143" lon="2.84984">
        <ele>111.9</ele>
      </trkpt>
      <trkpt lat="41.86134" lon="2.84967">
        <ele>111.8</ele>
      </trkpt>
      <trkpt lat="41.86124" lon="2.84948">
        <ele>111.7</ele>
      </trkpt>
      <trkpt lat="41.8611" lon="2.8492">
        <ele>111.7</ele>
      </trkpt>
      <trkpt lat="41.86098" lon="2.84895">
        <ele>111.9</ele>
      </trkpt>
      <trkpt lat="41.86073" lon="2.84843">
        <ele>111.9</ele>
      </trkpt>
      <trkpt lat="41.86065" lon="2.84825">
        <ele>112.1</ele>
      </trkpt>
      <trkpt lat="41.86058" lon="2.84809">
        <ele>112.5</ele>
      </trkpt>
      <trkpt lat="41.86054" lon="2.84796">
        <ele>112.8</ele>
      </trkpt>
      <trkpt lat="41.86051" lon="2.84782">
        <ele>113.2</ele>
      </trkpt>
      <trkpt lat="41.86048" lon="2.84761">
        <ele>113.8</ele>
      </trkpt>
      <trkpt lat="41.86046" lon="2.84737">
        <ele>113.7</ele>
      </trkpt>
      <trkpt lat="41.86046" lon="2.84719">
        <ele>113.1</ele>
      </trkpt>
      <trkpt lat="41.86045" lon="2.84681">
        <ele>111.9</ele>
      </trkpt>
      <trkpt lat="41.86044" lon="2.84643">
        <ele>111.1</ele>
      </trkpt>
      <trkpt lat="41.86042" lon="2.8461">
        <ele>110.5</ele>
      </trkpt>
      <trkpt lat="41.86041" lon="2.84582">
        <ele>110</ele>
      </trkpt>
      <trkpt lat="41.8604" lon="2.84565">
        <ele>109.8</ele>
      </trkpt>
      <trkpt lat="41.86038" lon="2.84543">
        <ele>109.5</ele>
      </trkpt>
      <trkpt lat="41.86036" lon="2.84521">
        <ele>109.3</ele>
      </trkpt>
      <trkpt lat="41.86031" lon="2.8449">
        <ele>108.9</ele>
      </trkpt>
      <trkpt lat="41.86023" lon="2.8445">
        <ele>108.4</ele>
      </trkpt>
      <trkpt lat="41.85999" lon="2.84329">
        <ele>107.1</ele>
      </trkpt>
      <trkpt lat="41.85968" lon="2.8417">
        <ele>108.8</ele>
      </trkpt>
      <trkpt lat="41.85964" lon="2.8415">
        <ele>108.9</ele>
      </trkpt>
      <trkpt lat="41.8596" lon="2.8413">
        <ele>109</ele>
      </trkpt>
      <trkpt lat="41.85959" lon="2.84125">
        <ele>109</ele>
      </trkpt>
      <trkpt lat="41.85952" lon="2.84091">
        <ele>109</ele>
      </trkpt>
      <trkpt lat="41.85946" lon="2.84057">
        <ele>108.4</ele>
      </trkpt>
      <trkpt lat="41.85946" lon="2.84056">
        <ele>108.3</ele>
      </trkpt>
      <trkpt lat="41.85938" lon="2.84019">
        <ele>107.5</ele>
      </trkpt>
      <trkpt lat="41.85932" lon="2.83993">
        <ele>107</ele>
      </trkpt>
      <trkpt lat="41.85929" lon="2.83975">
        <ele>107.2</ele>
      </trkpt>
      <trkpt lat="41.85928" lon="2.83962">
        <ele>107.3</ele>
      </trkpt>
      <trkpt lat="41.85927" lon="2.83955">
        <ele>107.3</ele>
      </trkpt>
      <trkpt lat="41.85927" lon="2.83947">
        <ele>107.4</ele>
      </trkpt>
      <trkpt lat="41.85927" lon="2.83938">
        <ele>107.5</ele>
      </trkpt>
      <trkpt lat="41.85927" lon="2.83926">
        <ele>107.6</ele>
      </trkpt>
      <trkpt lat="41.85928" lon="2.83912">
        <ele>107.8</ele>
      </trkpt>
      <trkpt lat="41.8593" lon="2.83898">
        <ele>108.2</ele>
      </trkpt>
      <trkpt lat="41.85931" lon="2.83891">
        <ele>108.5</ele>
      </trkpt>
      <trkpt lat="41.85938" lon="2.8386">
        <ele>109.4</ele>
      </trkpt>
      <trkpt lat="41.85949" lon="2.83818">
        <ele>110</ele>
      </trkpt>
      <trkpt lat="41.85951" lon="2.83808">
        <ele>109.9</ele>
      </trkpt>
      <trkpt lat="41.85953" lon="2.83802">
        <ele>109.8</ele>
      </trkpt>
      <trkpt lat="41.85958" lon="2.83786">
        <ele>109.7</ele>
      </trkpt>
      <trkpt lat="41.85978" lon="2.83719">
        <ele>110.5</ele>
      </trkpt>
      <trkpt lat="41.8598" lon="2.83706">
        <ele>110.7</ele>
      </trkpt>
      <trkpt lat="41.85983" lon="2.8369">
        <ele>111</ele>
      </trkpt>
      <trkpt lat="41.85986" lon="2.83672">
        <ele>111.3</ele>
      </trkpt>
      <trkpt lat="41.85988" lon="2.83664">
        <ele>111.6</ele>
      </trkpt>
      <trkpt lat="41.85989" lon="2.83646">
        <ele>112.5</ele>
      </trkpt>
      <trkpt lat="41.85989" lon="2.8363">
        <ele>113.3</ele>
      </trkpt>
      <trkpt lat="41.85989" lon="2.83617">
        <ele>114</ele>
      </trkpt>
      <trkpt lat="41.85987" lon="2.83603">
        <ele>114.7</ele>
      </trkpt>
      <trkpt lat="41.85984" lon="2.83582">
        <ele>115.7</ele>
      </trkpt>
      <trkpt lat="41.85981" lon="2.83569">
        <ele>116.4</ele>
      </trkpt>
      <trkpt lat="41.85977" lon="2.83556">
        <ele>117.2</ele>
      </trkpt>
      <trkpt lat="41.85973" lon="2.83544">
        <ele>117.9</ele>
      </trkpt>
      <trkpt lat="41.85969" lon="2.83534">
        <ele>118.4</ele>
      </trkpt>
      <trkpt lat="41.85956" lon="2.83508">
        <ele>119.9</ele>
      </trkpt>
      <trkpt lat="41.85936" lon="2.83468">
        <ele>122</ele>
      </trkpt>
      <trkpt lat="41.85917" lon="2.8343">
        <ele>124.2</ele>
      </trkpt>
      <trkpt lat="41.85894" lon="2.83386">
        <ele>125.3</ele>
      </trkpt>
      <trkpt lat="41.85882" lon="2.83361">
        <ele>125.7</ele>
      </trkpt>
      <trkpt lat="41.85874" lon="2.83348">
        <ele>125.7</ele>
      </trkpt>
      <trkpt lat="41.85871" lon="2.83341">
        <ele>125.8</ele>
      </trkpt>
      <trkpt lat="41.85868" lon="2.83335">
        <ele>125.8</ele>
      </trkpt>
      <trkpt lat="41.85865" lon="2.83323">
        <ele>126.2</ele>
      </trkpt>
      <trkpt lat="41.85863" lon="2.83319">
        <ele>126.2</ele>
      </trkpt>
      <trkpt lat="41.85856" lon="2.83296">
        <ele>126.7</ele>
      </trkpt>
      <trkpt lat="41.85849" lon="2.83269">
        <ele>127.4</ele>
      </trkpt>
      <trkpt lat="41.85839" lon="2.83228">
        <ele>127.5</ele>
      </trkpt>
      <trkpt lat="41.85829" lon="2.83186">
        <ele>127.2</ele>
      </trkpt>
      <trkpt lat="41.85819" lon="2.83152">
        <ele>128.5</ele>
      </trkpt>
      <trkpt lat="41.8581" lon="2.83117">
        <ele>130.3</ele>
      </trkpt>
      <trkpt lat="41.85801" lon="2.83089">
        <ele>131.6</ele>
      </trkpt>
      <trkpt lat="41.85796" lon="2.83073">
        <ele>132.4</ele>
      </trkpt>
      <trkpt lat="41.85787" lon="2.83045">
        <ele>133.8</ele>
      </trkpt>
      <trkpt lat="41.85778" lon="2.83019">
        <ele>134.7</ele>
      </trkpt>
      <trkpt lat="41.85774" lon="2.83009">
        <ele>134.9</ele>
      </trkpt>
      <trkpt lat="41.85769" lon="2.82996">
        <ele>135.2</ele>
      </trkpt>
      <trkpt lat="41.85761" lon="2.8298">
        <ele>135.8</ele>
      </trkpt>
      <trkpt lat="41.85754" lon="2.82965">
        <ele>136.3</ele>
      </trkpt>
      <trkpt lat="41.85747" lon="2.82953">
        <ele>136.7</ele>
      </trkpt>
      <trkpt lat="41.85745" lon="2.82948">
        <ele>136.9</ele>
      </trkpt>
      <trkpt lat="41.85739" lon="2.82935">
        <ele>137.4</ele>
      </trkpt>
      <trkpt lat="41.85706" lon="2.82887">
        <ele>137.8</ele>
      </trkpt>
      <trkpt lat="41.85692" lon="2.82864">
        <ele>137.9</ele>
      </trkpt>
      <trkpt lat="41.85692" lon="2.82864">
        <ele>137.9</ele>
      </trkpt>
      <trkpt lat="41.85716" lon="2.82837">
        <ele>139.7</ele>
      </trkpt>
      <trkpt lat="41.85725" lon="2.82835">
        <ele>140.1</ele>
      </trkpt>
      <trkpt lat="41.85733" lon="2.82833">
        <ele>140.4</ele>
      </trkpt>
      <trkpt lat="41.8575" lon="2.82832">
        <ele>140.9</ele>
      </trkpt>
      <trkpt lat="41.85766" lon="2.82835">
        <ele>141.2</ele>
      </trkpt>
      <trkpt lat="41.85789" lon="2.82841">
        <ele>141.5</ele>
      </trkpt>
      <trkpt lat="41.85811" lon="2.82846">
        <ele>141.9</ele>
      </trkpt>
      <trkpt lat="41.85852" lon="2.82855">
        <ele>142.3</ele>
      </trkpt>
      <trkpt lat="41.85923" lon="2.8287">
        <ele>141.5</ele>
      </trkpt>
      <trkpt lat="41.85953" lon="2.82875">
        <ele>140.3</ele>
      </trkpt>
      <trkpt lat="41.85968" lon="2.8288">
        <ele>139.9</ele>
      </trkpt>
      <trkpt lat="41.85982" lon="2.82886">
        <ele>139.7</ele>
      </trkpt>
      <trkpt lat="41.86008" lon="2.82901">
        <ele>140</ele>
      </trkpt>
      <trkpt lat="41.86035" lon="2.82916">
        <ele>139.8</ele>
      </trkpt>
      <trkpt lat="41.86088" lon="2.82947">
        <ele>139.2</ele>
      </trkpt>
      <trkpt lat="41.86099" lon="2.82953">
        <ele>139.7</ele>
      </trkpt>
      <trkpt lat="41.8611" lon="2.82958">
        <ele>140</ele>
      </trkpt>
      <trkpt lat="41.86121" lon="2.8296">
        <ele>140.1</ele>
      </trkpt>
      <trkpt lat="41.86134" lon="2.82959">
        <ele>140</ele>
      </trkpt>
      <trkpt lat="41.86147" lon="2.82957">
        <ele>140</ele>
      </trkpt>
      <trkpt lat="41.86151" lon="2.82956">
        <ele>139.9</ele>
      </trkpt>
      <trkpt lat="41.86153" lon="2.82956">
        <ele>139.9</ele>
      </trkpt>
      <trkpt lat="41.8616" lon="2.82953">
        <ele>139.9</ele>
      </trkpt>
      <trkpt lat="41.86183" lon="2.82949">
        <ele>140</ele>
      </trkpt>
      <trkpt lat="41.86205" lon="2.82947">
        <ele>140.3</ele>
      </trkpt>
      <trkpt lat="41.86241" lon="2.8294">
        <ele>140.8</ele>
      </trkpt>
      <trkpt lat="41.86271" lon="2.82932">
        <ele>140.2</ele>
      </trkpt>
      <trkpt lat="41.863" lon="2.82925">
        <ele>139.4</ele>
      </trkpt>
      <trkpt lat="41.86319" lon="2.82919">
        <ele>139.2</ele>
      </trkpt>
      <trkpt lat="41.8634" lon="2.82913">
        <ele>138.7</ele>
      </trkpt>
      <trkpt lat="41.8636" lon="2.82908">
        <ele>137.9</ele>
      </trkpt>
      <trkpt lat="41.86379" lon="2.82901">
        <ele>136.9</ele>
      </trkpt>
      <trkpt lat="41.86396" lon="2.82891">
        <ele>135.8</ele>
      </trkpt>
      <trkpt lat="41.86412" lon="2.82879">
        <ele>134.5</ele>
      </trkpt>
      <trkpt lat="41.8643" lon="2.82867">
        <ele>133.5</ele>
      </trkpt>
      <trkpt lat="41.86447" lon="2.82854">
        <ele>133</ele>
      </trkpt>
      <trkpt lat="41.86456" lon="2.82845">
        <ele>132.8</ele>
      </trkpt>
      <trkpt lat="41.86463" lon="2.82834">
        <ele>132.6</ele>
      </trkpt>
      <trkpt lat="41.86469" lon="2.82823">
        <ele>132.4</ele>
      </trkpt>
      <trkpt lat="41.8647" lon="2.82822">
        <ele>132.4</ele>
      </trkpt>
      <trkpt lat="41.86476" lon="2.82811">
        <ele>132.3</ele>
      </trkpt>
      <trkpt lat="41.86483" lon="2.82797">
        <ele>132.2</ele>
      </trkpt>
      <trkpt lat="41.8649" lon="2.82785">
        <ele>132.2</ele>
      </trkpt>
      <trkpt lat="41.86498" lon="2.82775">
        <ele>132.2</ele>
      </trkpt>
      <trkpt lat="41.86505" lon="2.82768">
        <ele>132.3</ele>
      </trkpt>
      <trkpt lat="41.86516" lon="2.82761">
        <ele>132.4</ele>
      </trkpt>
      <trkpt lat="41.86527" lon="2.82756">
        <ele>132.6</ele>
      </trkpt>
      <trkpt lat="41.86542" lon="2.82753">
        <ele>132.9</ele>
      </trkpt>
      <trkpt lat="41.86576" lon="2.82747">
        <ele>133.8</ele>
      </trkpt>
      <trkpt lat="41.86597" lon="2.82745">
        <ele>134.3</ele>
      </trkpt>
      <trkpt lat="41.86613" lon="2.82741">
        <ele>134.7</ele>
      </trkpt>
      <trkpt lat="41.8663" lon="2.82737">
        <ele>134.9</ele>
      </trkpt>
      <trkpt lat="41.86643" lon="2.82733">
        <ele>135.1</ele>
      </trkpt>
      <trkpt lat="41.86656" lon="2.82729">
        <ele>135.1</ele>
      </trkpt>
      <trkpt lat="41.86669" lon="2.82729">
        <ele>135.3</ele>
      </trkpt>
      <trkpt lat="41.86677" lon="2.82729">
        <ele>135.5</ele>
      </trkpt>
      <trkpt lat="41.86697" lon="2.82728">
        <ele>136</ele>
      </trkpt>
      <trkpt lat="41.86715" lon="2.82726">
        <ele>136.4</ele>
      </trkpt>
      <trkpt lat="41.86733" lon="2.82726">
        <ele>136.8</ele>
      </trkpt>
      <trkpt lat="41.86749" lon="2.82721">
        <ele>137.3</ele>
      </trkpt>
      <trkpt lat="41.86773" lon="2.82711">
        <ele>137.2</ele>
      </trkpt>
      <trkpt lat="41.86774" lon="2.8271">
        <ele>137.2</ele>
      </trkpt>
      <trkpt lat="41.86825" lon="2.82685">
        <ele>137.9</ele>
      </trkpt>
      <trkpt lat="41.86829" lon="2.82683">
        <ele>138</ele>
      </trkpt>
      <trkpt lat="41.86835" lon="2.82675">
        <ele>138.4</ele>
      </trkpt>
      <trkpt lat="41.8686" lon="2.82649">
        <ele>138.3</ele>
      </trkpt>
      <trkpt lat="41.86869" lon="2.82639">
        <ele>138.3</ele>
      </trkpt>
      <trkpt lat="41.86879" lon="2.82631">
        <ele>138.3</ele>
      </trkpt>
      <trkpt lat="41.86895" lon="2.8262">
        <ele>138.4</ele>
      </trkpt>
      <trkpt lat="41.86913" lon="2.82609">
        <ele>138.8</ele>
      </trkpt>
      <trkpt lat="41.86928" lon="2.826">
        <ele>138.2</ele>
      </trkpt>
      <trkpt lat="41.86944" lon="2.82593">
        <ele>137</ele>
      </trkpt>
      <trkpt lat="41.86956" lon="2.8259">
        <ele>136</ele>
      </trkpt>
      <trkpt lat="41.86967" lon="2.8259">
        <ele>134.9</ele>
      </trkpt>
      <trkpt lat="41.86987" lon="2.82591">
        <ele>133</ele>
      </trkpt>
      <trkpt lat="41.87008" lon="2.82593">
        <ele>131.7</ele>
      </trkpt>
      <trkpt lat="41.87022" lon="2.82595">
        <ele>131.6</ele>
      </trkpt>
      <trkpt lat="41.87038" lon="2.82597">
        <ele>131.4</ele>
      </trkpt>
      <trkpt lat="41.8705" lon="2.82598">
        <ele>131.4</ele>
      </trkpt>
      <trkpt lat="41.87063" lon="2.82595">
        <ele>131.3</ele>
      </trkpt>
      <trkpt lat="41.87077" lon="2.82592">
        <ele>131.2</ele>
      </trkpt>
      <trkpt lat="41.8708" lon="2.82591">
        <ele>131.1</ele>
      </trkpt>
      <trkpt lat="41.87091" lon="2.82587">
        <ele>131.2</ele>
      </trkpt>
      <trkpt lat="41.8711" lon="2.82578">
        <ele>131.4</ele>
      </trkpt>
      <trkpt lat="41.87129" lon="2.82571">
        <ele>131.5</ele>
      </trkpt>
      <trkpt lat="41.87159" lon="2.82559">
        <ele>131.9</ele>
      </trkpt>
      <trkpt lat="41.87165" lon="2.82556">
        <ele>132</ele>
      </trkpt>
      <trkpt lat="41.87177" lon="2.82552">
        <ele>132.1</ele>
      </trkpt>
      <trkpt lat="41.87189" lon="2.82549">
        <ele>132.2</ele>
      </trkpt>
      <trkpt lat="41.87218" lon="2.82551">
        <ele>132.8</ele>
      </trkpt>
      <trkpt lat="41.87238" lon="2.82551">
        <ele>133.2</ele>
      </trkpt>
      <trkpt lat="41.87257" lon="2.8255">
        <ele>133.3</ele>
      </trkpt>
      <trkpt lat="41.87271" lon="2.82547">
        <ele>133.2</ele>
      </trkpt>
      <trkpt lat="41.87283" lon="2.82542">
        <ele>133.1</ele>
      </trkpt>
      <trkpt lat="41.87287" lon="2.8254">
        <ele>133.1</ele>
      </trkpt>
      <trkpt lat="41.87296" lon="2.82537">
        <ele>133</ele>
      </trkpt>
      <trkpt lat="41.87305" lon="2.82535">
        <ele>132.9</ele>
      </trkpt>
      <trkpt lat="41.87305" lon="2.82535">
        <ele>132.9</ele>
      </trkpt>
      <trkpt lat="41.8732" lon="2.82529">
        <ele>132.8</ele>
      </trkpt>
      <trkpt lat="41.87333" lon="2.82526">
        <ele>132.7</ele>
      </trkpt>
      <trkpt lat="41.87347" lon="2.82524">
        <ele>132.2</ele>
      </trkpt>
      <trkpt lat="41.87357" lon="2.82519">
        <ele>131.9</ele>
      </trkpt>
      <trkpt lat="41.87359" lon="2.82518">
        <ele>131.9</ele>
      </trkpt>
      <trkpt lat="41.87366" lon="2.82514">
        <ele>131.7</ele>
      </trkpt>
      <trkpt lat="41.87376" lon="2.82512">
        <ele>131.3</ele>
      </trkpt>
      <trkpt lat="41.87396" lon="2.82511">
        <ele>130.6</ele>
      </trkpt>
      <trkpt lat="41.87412" lon="2.82509">
        <ele>130.1</ele>
      </trkpt>
      <trkpt lat="41.87433" lon="2.82507">
        <ele>128.5</ele>
      </trkpt>
      <trkpt lat="41.87447" lon="2.82505">
        <ele>127.4</ele>
      </trkpt>
      <trkpt lat="41.87459" lon="2.82501">
        <ele>126.4</ele>
      </trkpt>
      <trkpt lat="41.87469" lon="2.82495">
        <ele>125.4</ele>
      </trkpt>
      <trkpt lat="41.87478" lon="2.82486">
        <ele>124.4</ele>
      </trkpt>
      <trkpt lat="41.8749" lon="2.82467">
        <ele>123.2</ele>
      </trkpt>
      <trkpt lat="41.87503" lon="2.82446">
        <ele>122.2</ele>
      </trkpt>
      <trkpt lat="41.87516" lon="2.82427">
        <ele>121.1</ele>
      </trkpt>
      <trkpt lat="41.87528" lon="2.82408">
        <ele>120.1</ele>
      </trkpt>
      <trkpt lat="41.8753" lon="2.82403">
        <ele>119.9</ele>
      </trkpt>
      <trkpt lat="41.87541" lon="2.82385">
        <ele>119</ele>
      </trkpt>
      <trkpt lat="41.8755" lon="2.82367">
        <ele>118.3</ele>
      </trkpt>
      <trkpt lat="41.87559" lon="2.82355">
        <ele>117.8</ele>
      </trkpt>
      <trkpt lat="41.8757" lon="2.82347">
        <ele>117.4</ele>
      </trkpt>
      <trkpt lat="41.87583" lon="2.8234">
        <ele>117</ele>
      </trkpt>
      <trkpt lat="41.87604" lon="2.82334">
        <ele>116.5</ele>
      </trkpt>
      <trkpt lat="41.87627" lon="2.82327">
        <ele>116.1</ele>
      </trkpt>
      <trkpt lat="41.87641" lon="2.82325">
        <ele>115.9</ele>
      </trkpt>
      <trkpt lat="41.87659" lon="2.82321">
        <ele>115.6</ele>
      </trkpt>
      <trkpt lat="41.87672" lon="2.82317">
        <ele>115.3</ele>
      </trkpt>
      <trkpt lat="41.87682" lon="2.82311">
        <ele>114.8</ele>
      </trkpt>
      <trkpt lat="41.87692" lon="2.82304">
        <ele>114.4</ele>
      </trkpt>
      <trkpt lat="41.87708" lon="2.82291">
        <ele>113.8</ele>
      </trkpt>
      <trkpt lat="41.87729" lon="2.82275">
        <ele>112.8</ele>
      </trkpt>
      <trkpt lat="41.87751" lon="2.8226">
        <ele>111.7</ele>
      </trkpt>
      <trkpt lat="41.8776" lon="2.82255">
        <ele>111.7</ele>
      </trkpt>
      <trkpt lat="41.87769" lon="2.82252">
        <ele>111.5</ele>
      </trkpt>
      <trkpt lat="41.87776" lon="2.82253">
        <ele>111.3</ele>
      </trkpt>
      <trkpt lat="41.87784" lon="2.82258">
        <ele>111.1</ele>
      </trkpt>
      <trkpt lat="41.87797" lon="2.82265">
        <ele>110.8</ele>
      </trkpt>
      <trkpt lat="41.87811" lon="2.82272">
        <ele>110.6</ele>
      </trkpt>
      <trkpt lat="41.87834" lon="2.82281">
        <ele>110.4</ele>
      </trkpt>
      <trkpt lat="41.87865" lon="2.82295">
        <ele>112.6</ele>
      </trkpt>
      <trkpt lat="41.87898" lon="2.82312">
        <ele>115.2</ele>
      </trkpt>
      <trkpt lat="41.87927" lon="2.82331">
        <ele>117.3</ele>
      </trkpt>
      <trkpt lat="41.87947" lon="2.82342">
        <ele>118.2</ele>
      </trkpt>
      <trkpt lat="41.87964" lon="2.82347">
        <ele>118.8</ele>
      </trkpt>
      <trkpt lat="41.87973" lon="2.82346">
        <ele>119.1</ele>
      </trkpt>
      <trkpt lat="41.87981" lon="2.82348">
        <ele>119.4</ele>
      </trkpt>
      <trkpt lat="41.8799" lon="2.82348">
        <ele>119.7</ele>
      </trkpt>
      <trkpt lat="41.88004" lon="2.82348">
        <ele>119.9</ele>
      </trkpt>
      <trkpt lat="41.88041" lon="2.82345">
        <ele>118.9</ele>
      </trkpt>
      <trkpt lat="41.88068" lon="2.82342">
        <ele>118.2</ele>
      </trkpt>
      <trkpt lat="41.88085" lon="2.82341">
        <ele>117.7</ele>
      </trkpt>
      <trkpt lat="41.88099" lon="2.82339">
        <ele>117</ele>
      </trkpt>
      <trkpt lat="41.88107" lon="2.82339">
        <ele>116.5</ele>
      </trkpt>
      <trkpt lat="41.88111" lon="2.82338">
        <ele>116.3</ele>
      </trkpt>
      <trkpt lat="41.88118" lon="2.82338">
        <ele>115.9</ele>
      </trkpt>
      <trkpt lat="41.88125" lon="2.82336">
        <ele>115.5</ele>
      </trkpt>
      <trkpt lat="41.8813" lon="2.82333">
        <ele>115.2</ele>
      </trkpt>
      <trkpt lat="41.88136" lon="2.82325">
        <ele>114.5</ele>
      </trkpt>
      <trkpt lat="41.88143" lon="2.82314">
        <ele>113.7</ele>
      </trkpt>
      <trkpt lat="41.88154" lon="2.82299">
        <ele>112.5</ele>
      </trkpt>
      <trkpt lat="41.88161" lon="2.8229">
        <ele>111.7</ele>
      </trkpt>
      <trkpt lat="41.88167" lon="2.82284">
        <ele>111.2</ele>
      </trkpt>
      <trkpt lat="41.88175" lon="2.82277">
        <ele>110.9</ele>
      </trkpt>
      <trkpt lat="41.88205" lon="2.82264">
        <ele>110.7</ele>
      </trkpt>
      <trkpt lat="41.8823" lon="2.82253">
        <ele>110.8</ele>
      </trkpt>
      <trkpt lat="41.88259" lon="2.82238">
        <ele>111</ele>
      </trkpt>
      <trkpt lat="41.88285" lon="2.82224">
        <ele>111.6</ele>
      </trkpt>
      <trkpt lat="41.88319" lon="2.82209">
        <ele>112</ele>
      </trkpt>
      <trkpt lat="41.88348" lon="2.82198">
        <ele>111.9</ele>
      </trkpt>
      <trkpt lat="41.88371" lon="2.82189">
        <ele>111.7</ele>
      </trkpt>
      <trkpt lat="41.88399" lon="2.82177">
        <ele>111.8</ele>
      </trkpt>
      <trkpt lat="41.88425" lon="2.82162">
        <ele>111.4</ele>
      </trkpt>
      <trkpt lat="41.88444" lon="2.82151">
        <ele>110.1</ele>
      </trkpt>
      <trkpt lat="41.88462" lon="2.82145">
        <ele>109.4</ele>
      </trkpt>
      <trkpt lat="41.88463" lon="2.82145">
        <ele>109.4</ele>
      </trkpt>
      <trkpt lat="41.88477" lon="2.82143">
        <ele>108.9</ele>
      </trkpt>
      <trkpt lat="41.88492" lon="2.82142">
        <ele>108.6</ele>
      </trkpt>
      <trkpt lat="41.88518" lon="2.82136">
        <ele>107.5</ele>
      </trkpt>
      <trkpt lat="41.88544" lon="2.82129">
        <ele>106.1</ele>
      </trkpt>
      <trkpt lat="41.8858" lon="2.8212">
        <ele>103.8</ele>
      </trkpt>
      <trkpt lat="41.88617" lon="2.82111">
        <ele>102.1</ele>
      </trkpt>
      <trkpt lat="41.88662" lon="2.821">
        <ele>100.9</ele>
      </trkpt>
      <trkpt lat="41.88708" lon="2.8209">
        <ele>98.6</ele>
      </trkpt>
      <trkpt lat="41.88733" lon="2.82086">
        <ele>97.1</ele>
      </trkpt>
      <trkpt lat="41.88742" lon="2.82086">
        <ele>96.5</ele>
      </trkpt>
      <trkpt lat="41.88751" lon="2.82086">
        <ele>96.1</ele>
      </trkpt>
      <trkpt lat="41.88801" lon="2.82094">
        <ele>95.6</ele>
      </trkpt>
      <trkpt lat="41.88825" lon="2.82099">
        <ele>95.3</ele>
      </trkpt>
      <trkpt lat="41.88837" lon="2.82102">
        <ele>95.2</ele>
      </trkpt>
      <trkpt lat="41.88848" lon="2.82107">
        <ele>95.3</ele>
      </trkpt>
      <trkpt lat="41.88861" lon="2.82114">
        <ele>95.4</ele>
      </trkpt>
      <trkpt lat="41.88904" lon="2.82146">
        <ele>95.8</ele>
      </trkpt>
      <trkpt lat="41.88921" lon="2.8216">
        <ele>95.9</ele>
      </trkpt>
      <trkpt lat="41.88935" lon="2.82169">
        <ele>96</ele>
      </trkpt>
      <trkpt lat="41.8896" lon="2.82182">
        <ele>96.3</ele>
      </trkpt>
      <trkpt lat="41.88973" lon="2.82188">
        <ele>96.5</ele>
      </trkpt>
      <trkpt lat="41.88979" lon="2.82188">
        <ele>96.6</ele>
      </trkpt>
      <trkpt lat="41.88984" lon="2.82188">
        <ele>96.6</ele>
      </trkpt>
      <trkpt lat="41.89068" lon="2.82163">
        <ele>97.6</ele>
      </trkpt>
      <trkpt lat="41.89088" lon="2.82156">
        <ele>97.7</ele>
      </trkpt>
      <trkpt lat="41.89105" lon="2.82154">
        <ele>97.3</ele>
      </trkpt>
      <trkpt lat="41.89127" lon="2.82152">
        <ele>96.9</ele>
      </trkpt>
      <trkpt lat="41.89137" lon="2.82152">
        <ele>96.7</ele>
      </trkpt>
      <trkpt lat="41.89144" lon="2.82153">
        <ele>96.6</ele>
      </trkpt>
      <trkpt lat="41.8915" lon="2.82155">
        <ele>96.5</ele>
      </trkpt>
      <trkpt lat="41.89158" lon="2.82158">
        <ele>96.3</ele>
      </trkpt>
      <trkpt lat="41.89164" lon="2.82163">
        <ele>96.1</ele>
      </trkpt>
      <trkpt lat="41.89178" lon="2.82174">
        <ele>96.4</ele>
      </trkpt>
      <trkpt lat="41.89215" lon="2.82206">
        <ele>97.4</ele>
      </trkpt>
      <trkpt lat="41.89224" lon="2.82213">
        <ele>97.6</ele>
      </trkpt>
      <trkpt lat="41.89234" lon="2.82219">
        <ele>97.7</ele>
      </trkpt>
      <trkpt lat="41.89276" lon="2.82246">
        <ele>98</ele>
      </trkpt>
      <trkpt lat="41.89294" lon="2.8226">
        <ele>98</ele>
      </trkpt>
      <trkpt lat="41.8931" lon="2.8227">
        <ele>98</ele>
      </trkpt>
      <trkpt lat="41.89316" lon="2.82274">
        <ele>98</ele>
      </trkpt>
      <trkpt lat="41.89321" lon="2.82276">
        <ele>98</ele>
      </trkpt>
      <trkpt lat="41.89324" lon="2.82276">
        <ele>98</ele>
      </trkpt>
      <trkpt lat="41.89328" lon="2.82277">
        <ele>98</ele>
      </trkpt>
      <trkpt lat="41.89346" lon="2.82278">
        <ele>97.8</ele>
      </trkpt>
      <trkpt lat="41.89372" lon="2.82276">
        <ele>97.5</ele>
      </trkpt>
      <trkpt lat="41.89385" lon="2.82275">
        <ele>97.4</ele>
      </trkpt>
      <trkpt lat="41.89393" lon="2.82276">
        <ele>97.3</ele>
      </trkpt>
      <trkpt lat="41.89405" lon="2.82279">
        <ele>97.1</ele>
      </trkpt>
      <trkpt lat="41.89422" lon="2.82287">
        <ele>97</ele>
      </trkpt>
      <trkpt lat="41.89459" lon="2.82313">
        <ele>97</ele>
      </trkpt>
      <trkpt lat="41.89483" lon="2.82332">
        <ele>97</ele>
      </trkpt>
      <trkpt lat="41.8949" lon="2.82337">
        <ele>96.9</ele>
      </trkpt>
      <trkpt lat="41.89499" lon="2.82343">
        <ele>96.8</ele>
      </trkpt>
      <trkpt lat="41.89506" lon="2.82346">
        <ele>96.6</ele>
      </trkpt>
      <trkpt lat="41.89517" lon="2.82351">
        <ele>96.5</ele>
      </trkpt>
      <trkpt lat="41.89536" lon="2.82359">
        <ele>96.2</ele>
      </trkpt>
      <trkpt lat="41.8955" lon="2.82363">
        <ele>96.1</ele>
      </trkpt>
      <trkpt lat="41.89577" lon="2.82369">
        <ele>96</ele>
      </trkpt>
      <trkpt lat="41.89598" lon="2.82372">
        <ele>96.2</ele>
      </trkpt>
      <trkpt lat="41.89604" lon="2.82372">
        <ele>96.2</ele>
      </trkpt>
      <trkpt lat="41.89648" lon="2.82373">
        <ele>96.7</ele>
      </trkpt>
      <trkpt lat="41.89692" lon="2.82373">
        <ele>96.6</ele>
      </trkpt>
      <trkpt lat="41.89705" lon="2.8237">
        <ele>96.4</ele>
      </trkpt>
      <trkpt lat="41.89714" lon="2.82373">
        <ele>96.4</ele>
      </trkpt>
      <trkpt lat="41.89732" lon="2.82376">
        <ele>96.2</ele>
      </trkpt>
      <trkpt lat="41.89732" lon="2.82376">
        <ele>96.2</ele>
      </trkpt>
      <trkpt lat="41.89733" lon="2.82378">
        <ele>96.3</ele>
      </trkpt>
      <trkpt lat="41.89734" lon="2.8238">
        <ele>96.3</ele>
      </trkpt>
      <trkpt lat="41.89734" lon="2.82383">
        <ele>96.4</ele>
      </trkpt>
      <trkpt lat="41.89735" lon="2.82384">
        <ele>96.4</ele>
      </trkpt>
      <trkpt lat="41.89736" lon="2.82385">
        <ele>96.4</ele>
      </trkpt>
      <trkpt lat="41.89737" lon="2.82388">
        <ele>96.5</ele>
      </trkpt>
      <trkpt lat="41.89739" lon="2.8239">
        <ele>96.5</ele>
      </trkpt>
      <trkpt lat="41.89741" lon="2.82391">
        <ele>96.5</ele>
      </trkpt>
      <trkpt lat="41.89742" lon="2.82391">
        <ele>96.5</ele>
      </trkpt>
      <trkpt lat="41.89743" lon="2.82392">
        <ele>96.5</ele>
      </trkpt>
      <trkpt lat="41.89744" lon="2.82392">
        <ele>96.5</ele>
      </trkpt>
      <trkpt lat="41.89745" lon="2.82392">
        <ele>96.5</ele>
      </trkpt>
      <trkpt lat="41.89746" lon="2.82392">
        <ele>96.5</ele>
      </trkpt>
      <trkpt lat="41.89747" lon="2.82392">
        <ele>96.4</ele>
      </trkpt>
      <trkpt lat="41.89748" lon="2.82392">
        <ele>96.4</ele>
      </trkpt>
      <trkpt lat="41.8975" lon="2.82392">
        <ele>96.4</ele>
      </trkpt>
      <trkpt lat="41.89752" lon="2.82391">
        <ele>96.4</ele>
      </trkpt>
      <trkpt lat="41.89753" lon="2.82391">
        <ele>96.4</ele>
      </trkpt>
      <trkpt lat="41.89754" lon="2.8239">
        <ele>96.4</ele>
      </trkpt>
      <trkpt lat="41.89756" lon="2.82389">
        <ele>96.4</ele>
      </trkpt>
      <trkpt lat="41.89757" lon="2.82388">
        <ele>96.3</ele>
      </trkpt>
      <trkpt lat="41.89758" lon="2.82387">
        <ele>96.3</ele>
      </trkpt>
      <trkpt lat="41.89759" lon="2.82386">
        <ele>96.3</ele>
      </trkpt>
      <trkpt lat="41.8976" lon="2.82385">
        <ele>96.3</ele>
      </trkpt>
      <trkpt lat="41.89761" lon="2.82383">
        <ele>96.2</ele>
      </trkpt>
      <trkpt lat="41.89762" lon="2.82382">
        <ele>96.2</ele>
      </trkpt>
      <trkpt lat="41.89763" lon="2.8238">
        <ele>96.2</ele>
      </trkpt>
      <trkpt lat="41.89763" lon="2.82378">
        <ele>96.1</ele>
      </trkpt>
      <trkpt lat="41.89764" lon="2.82377">
        <ele>96.1</ele>
      </trkpt>
      <trkpt lat="41.89776" lon="2.82377">
        <ele>96.2</ele>
      </trkpt>
      <trkpt lat="41.89783" lon="2.82376">
        <ele>96.2</ele>
      </trkpt>
      <trkpt lat="41.89793" lon="2.82375">
        <ele>96.3</ele>
      </trkpt>
      <trkpt lat="41.89804" lon="2.82376">
        <ele>96.3</ele>
      </trkpt>
      <trkpt lat="41.89852" lon="2.82382">
        <ele>96.4</ele>
      </trkpt>
      <trkpt lat="41.89921" lon="2.82389">
        <ele>96.1</ele>
      </trkpt>
      <trkpt lat="41.89962" lon="2.82393">
        <ele>96.8</ele>
      </trkpt>
      <trkpt lat="41.89986" lon="2.82393">
        <ele>97.2</ele>
      </trkpt>
      <trkpt lat="41.9" lon="2.82392">
        <ele>97.4</ele>
      </trkpt>
      <trkpt lat="41.90013" lon="2.82391">
        <ele>97.4</ele>
      </trkpt>
      <trkpt lat="41.90058" lon="2.82389">
        <ele>97.6</ele>
      </trkpt>
      <trkpt lat="41.90184" lon="2.82384">
        <ele>95.7</ele>
      </trkpt>
      <trkpt lat="41.90184" lon="2.82385">
        <ele>95.7</ele>
      </trkpt>
      <trkpt lat="41.90184" lon="2.82386">
        <ele>95.8</ele>
      </trkpt>
      <trkpt lat="41.90184" lon="2.82387">
        <ele>95.8</ele>
      </trkpt>
      <trkpt lat="41.90185" lon="2.82387">
        <ele>95.8</ele>
      </trkpt>
      <trkpt lat="41.90185" lon="2.82388">
        <ele>95.8</ele>
      </trkpt>
      <trkpt lat="41.90185" lon="2.82389">
        <ele>95.8</ele>
      </trkpt>
      <trkpt lat="41.90186" lon="2.82389">
        <ele>95.8</ele>
      </trkpt>
      <trkpt lat="41.90186" lon="2.8239">
        <ele>95.8</ele>
      </trkpt>
      <trkpt lat="41.90186" lon="2.82391">
        <ele>95.9</ele>
      </trkpt>
      <trkpt lat="41.90187" lon="2.82391">
        <ele>95.9</ele>
      </trkpt>
      <trkpt lat="41.90187" lon="2.82392">
        <ele>95.9</ele>
      </trkpt>
      <trkpt lat="41.90188" lon="2.82392">
        <ele>95.9</ele>
      </trkpt>
      <trkpt lat="41.90189" lon="2.82392">
        <ele>95.9</ele>
      </trkpt>
      <trkpt lat="41.90189" lon="2.82393">
        <ele>95.9</ele>
      </trkpt>
      <trkpt lat="41.9019" lon="2.82393">
        <ele>95.9</ele>
      </trkpt>
      <trkpt lat="41.90191" lon="2.82393">
        <ele>95.9</ele>
      </trkpt>
      <trkpt lat="41.90192" lon="2.82393">
        <ele>95.9</ele>
      </trkpt>
      <trkpt lat="41.90193" lon="2.82393">
        <ele>95.9</ele>
      </trkpt>
      <trkpt lat="41.90193" lon="2.82392">
        <ele>95.9</ele>
      </trkpt>
      <trkpt lat="41.90194" lon="2.82392">
        <ele>95.9</ele>
      </trkpt>
      <trkpt lat="41.90194" lon="2.82391">
        <ele>95.9</ele>
      </trkpt>
      <trkpt lat="41.90195" lon="2.82391">
        <ele>95.9</ele>
      </trkpt>
      <trkpt lat="41.90195" lon="2.8239">
        <ele>95.9</ele>
      </trkpt>
      <trkpt lat="41.90196" lon="2.8239">
        <ele>95.9</ele>
      </trkpt>
      <trkpt lat="41.90196" lon="2.82389">
        <ele>95.9</ele>
      </trkpt>
      <trkpt lat="41.90196" lon="2.82388">
        <ele>95.9</ele>
      </trkpt>
      <trkpt lat="41.90197" lon="2.82388">
        <ele>95.9</ele>
      </trkpt>
      <trkpt lat="41.90197" lon="2.82387">
        <ele>95.9</ele>
      </trkpt>
      <trkpt lat="41.90197" lon="2.82386">
        <ele>95.9</ele>
      </trkpt>
      <trkpt lat="41.90197" lon="2.82385">
        <ele>95.8</ele>
      </trkpt>
      <trkpt lat="41.90197" lon="2.82384">
        <ele>95.8</ele>
      </trkpt>
      <trkpt lat="41.90197" lon="2.82383">
        <ele>95.8</ele>
      </trkpt>
      <trkpt lat="41.90237" lon="2.82381">
        <ele>96.1</ele>
      </trkpt>
      <trkpt lat="41.9025" lon="2.8238">
        <ele>96.1</ele>
      </trkpt>
      <trkpt lat="41.90273" lon="2.82377">
        <ele>97</ele>
      </trkpt>
      <trkpt lat="41.90292" lon="2.82373">
        <ele>97.7</ele>
      </trkpt>
      <trkpt lat="41.90312" lon="2.82367">
        <ele>98.3</ele>
      </trkpt>
      <trkpt lat="41.90326" lon="2.82362">
        <ele>98.7</ele>
      </trkpt>
      <trkpt lat="41.90329" lon="2.8236">
        <ele>98.8</ele>
      </trkpt>
      <trkpt lat="41.90336" lon="2.82357">
        <ele>99</ele>
      </trkpt>
      <trkpt lat="41.90345" lon="2.8235">
        <ele>99</ele>
      </trkpt>
      <trkpt lat="41.90358" lon="2.82338">
        <ele>99.1</ele>
      </trkpt>
      <trkpt lat="41.90387" lon="2.8231">
        <ele>99.1</ele>
      </trkpt>
      <trkpt lat="41.9039" lon="2.82308">
        <ele>99.1</ele>
      </trkpt>
      <trkpt lat="41.90409" lon="2.8229">
        <ele>98.8</ele>
      </trkpt>
      <trkpt lat="41.90429" lon="2.82274">
        <ele>98.2</ele>
      </trkpt>
      <trkpt lat="41.90436" lon="2.82268">
        <ele>97.9</ele>
      </trkpt>
      <trkpt lat="41.90445" lon="2.82263">
        <ele>97.6</ele>
      </trkpt>
      <trkpt lat="41.90461" lon="2.82255">
        <ele>97.2</ele>
      </trkpt>
      <trkpt lat="41.90538" lon="2.82213">
        <ele>97</ele>
      </trkpt>
      <trkpt lat="41.90595" lon="2.82182">
        <ele>97.4</ele>
      </trkpt>
      <trkpt lat="41.90641" lon="2.82157">
        <ele>98.3</ele>
      </trkpt>
      <trkpt lat="41.90659" lon="2.82145">
        <ele>98.6</ele>
      </trkpt>
      <trkpt lat="41.90667" lon="2.82139">
        <ele>98.7</ele>
      </trkpt>
      <trkpt lat="41.90678" lon="2.82128">
        <ele>98.6</ele>
      </trkpt>
      <trkpt lat="41.90688" lon="2.82118">
        <ele>98.6</ele>
      </trkpt>
      <trkpt lat="41.90701" lon="2.82104">
        <ele>98.6</ele>
      </trkpt>
      <trkpt lat="41.9071" lon="2.82094">
        <ele>98.6</ele>
      </trkpt>
      <trkpt lat="41.90726" lon="2.82071">
        <ele>98.7</ele>
      </trkpt>
      <trkpt lat="41.90775" lon="2.81998">
        <ele>98.7</ele>
      </trkpt>
      <trkpt lat="41.90817" lon="2.81937">
        <ele>97.9</ele>
      </trkpt>
      <trkpt lat="41.90895" lon="2.81821">
        <ele>96.8</ele>
      </trkpt>
      <trkpt lat="41.90913" lon="2.81797">
        <ele>97.4</ele>
      </trkpt>
      <trkpt lat="41.90934" lon="2.81778">
        <ele>97.9</ele>
      </trkpt>
      <trkpt lat="41.90946" lon="2.81767">
        <ele>98.4</ele>
      </trkpt>
      <trkpt lat="41.90961" lon="2.81756">
        <ele>98.9</ele>
      </trkpt>
      <trkpt lat="41.90973" lon="2.81746">
        <ele>99.2</ele>
      </trkpt>
      <trkpt lat="41.90987" lon="2.81736">
        <ele>99</ele>
      </trkpt>
      <trkpt lat="41.90997" lon="2.81728">
        <ele>98.9</ele>
      </trkpt>
      <trkpt lat="41.91008" lon="2.8172">
        <ele>98.3</ele>
      </trkpt>
      <trkpt lat="41.91019" lon="2.81712">
        <ele>97.7</ele>
      </trkpt>
      <trkpt lat="41.91027" lon="2.81707">
        <ele>97.3</ele>
      </trkpt>
      <trkpt lat="41.91037" lon="2.81701">
        <ele>96.8</ele>
      </trkpt>
      <trkpt lat="41.91039" lon="2.81699">
        <ele>96.7</ele>
      </trkpt>
      <trkpt lat="41.91054" lon="2.81689">
        <ele>96.1</ele>
      </trkpt>
      <trkpt lat="41.91066" lon="2.81681">
        <ele>95.6</ele>
      </trkpt>
      <trkpt lat="41.91076" lon="2.81674">
        <ele>95.3</ele>
      </trkpt>
      <trkpt lat="41.91088" lon="2.81667">
        <ele>95.1</ele>
      </trkpt>
      <trkpt lat="41.9109" lon="2.81666">
        <ele>95.1</ele>
      </trkpt>
      <trkpt lat="41.911" lon="2.81662">
        <ele>95.1</ele>
      </trkpt>
      <trkpt lat="41.91111" lon="2.8166">
        <ele>95.2</ele>
      </trkpt>
      <trkpt lat="41.91124" lon="2.81659">
        <ele>95.4</ele>
      </trkpt>
      <trkpt lat="41.91138" lon="2.81658">
        <ele>95.5</ele>
      </trkpt>
      <trkpt lat="41.9115" lon="2.81658">
        <ele>95.6</ele>
      </trkpt>
      <trkpt lat="41.91166" lon="2.81658">
        <ele>95.8</ele>
      </trkpt>
      <trkpt lat="41.91184" lon="2.81659">
        <ele>95.6</ele>
      </trkpt>
      <trkpt lat="41.91209" lon="2.81661">
        <ele>95.4</ele>
      </trkpt>
      <trkpt lat="41.9123" lon="2.81663">
        <ele>95.2</ele>
      </trkpt>
      <trkpt lat="41.91268" lon="2.81667">
        <ele>95</ele>
      </trkpt>
      <trkpt lat="41.913" lon="2.81671">
        <ele>95</ele>
      </trkpt>
      <trkpt lat="41.91333" lon="2.81675">
        <ele>95</ele>
      </trkpt>
      <trkpt lat="41.9136" lon="2.81678">
        <ele>95</ele>
      </trkpt>
      <trkpt lat="41.91389" lon="2.81682">
        <ele>95.1</ele>
      </trkpt>
      <trkpt lat="41.91417" lon="2.81688">
        <ele>95.3</ele>
      </trkpt>
      <trkpt lat="41.91434" lon="2.81692">
        <ele>95.4</ele>
      </trkpt>
      <trkpt lat="41.91435" lon="2.81692">
        <ele>95.4</ele>
      </trkpt>
      <trkpt lat="41.91454" lon="2.81697">
        <ele>95.7</ele>
      </trkpt>
      <trkpt lat="41.91475" lon="2.81702">
        <ele>96</ele>
      </trkpt>
      <trkpt lat="41.91484" lon="2.81702">
        <ele>96.1</ele>
      </trkpt>
      <trkpt lat="41.91491" lon="2.81702">
        <ele>96.2</ele>
      </trkpt>
      <trkpt lat="41.91509" lon="2.81702">
        <ele>96.1</ele>
      </trkpt>
      <trkpt lat="41.9153" lon="2.81701">
        <ele>95.8</ele>
      </trkpt>
      <trkpt lat="41.91546" lon="2.81701">
        <ele>95.6</ele>
      </trkpt>
      <trkpt lat="41.91553" lon="2.817">
        <ele>95.4</ele>
      </trkpt>
      <trkpt lat="41.91558" lon="2.81699">
        <ele>95.4</ele>
      </trkpt>
      <trkpt lat="41.9156" lon="2.81698">
        <ele>95.3</ele>
      </trkpt>
      <trkpt lat="41.91566" lon="2.81693">
        <ele>95.2</ele>
      </trkpt>
      <trkpt lat="41.91587" lon="2.81675">
        <ele>95</ele>
      </trkpt>
      <trkpt lat="41.91601" lon="2.81661">
        <ele>95.2</ele>
      </trkpt>
      <trkpt lat="41.91607" lon="2.81656">
        <ele>95.4</ele>
      </trkpt>
      <trkpt lat="41.91615" lon="2.81651">
        <ele>95.5</ele>
      </trkpt>
      <trkpt lat="41.91622" lon="2.81647">
        <ele>95.7</ele>
      </trkpt>
      <trkpt lat="41.91626" lon="2.81645">
        <ele>95.8</ele>
      </trkpt>
      <trkpt lat="41.91629" lon="2.81645">
        <ele>95.8</ele>
      </trkpt>
      <trkpt lat="41.91649" lon="2.81643">
        <ele>96.2</ele>
      </trkpt>
      <trkpt lat="41.91669" lon="2.81644">
        <ele>96.5</ele>
      </trkpt>
      <trkpt lat="41.91698" lon="2.81646">
        <ele>95.7</ele>
      </trkpt>
      <trkpt lat="41.91699" lon="2.81646">
        <ele>95.7</ele>
      </trkpt>
      <trkpt lat="41.91721" lon="2.81647">
        <ele>95.2</ele>
      </trkpt>
      <trkpt lat="41.91732" lon="2.81645">
        <ele>95</ele>
      </trkpt>
      <trkpt lat="41.91747" lon="2.81643">
        <ele>94.6</ele>
      </trkpt>
      <trkpt lat="41.91758" lon="2.81641">
        <ele>95</ele>
      </trkpt>
      <trkpt lat="41.91775" lon="2.81637">
        <ele>95.8</ele>
      </trkpt>
      <trkpt lat="41.91792" lon="2.81633">
        <ele>96.6</ele>
      </trkpt>
      <trkpt lat="41.91809" lon="2.81632">
        <ele>97.4</ele>
      </trkpt>
      <trkpt lat="41.91831" lon="2.81632">
        <ele>98.3</ele>
      </trkpt>
      <trkpt lat="41.91843" lon="2.81634">
        <ele>98.9</ele>
      </trkpt>
      <trkpt lat="41.91853" lon="2.81635">
        <ele>99.4</ele>
      </trkpt>
      <trkpt lat="41.91861" lon="2.81637">
        <ele>99.8</ele>
      </trkpt>
      <trkpt lat="41.91869" lon="2.81638">
        <ele>100.2</ele>
      </trkpt>
      <trkpt lat="41.9187" lon="2.81638">
        <ele>100.2</ele>
      </trkpt>
      <trkpt lat="41.91879" lon="2.81639">
        <ele>100.7</ele>
      </trkpt>
      <trkpt lat="41.91902" lon="2.81638">
        <ele>101.9</ele>
      </trkpt>
      <trkpt lat="41.91922" lon="2.81638">
        <ele>102.7</ele>
      </trkpt>
      <trkpt lat="41.91938" lon="2.8164">
        <ele>103</ele>
      </trkpt>
      <trkpt lat="41.91956" lon="2.81644">
        <ele>103.3</ele>
      </trkpt>
      <trkpt lat="41.91973" lon="2.81648">
        <ele>103.6</ele>
      </trkpt>
      <trkpt lat="41.91974" lon="2.81648">
        <ele>103.6</ele>
      </trkpt>
      <trkpt lat="41.9199" lon="2.81653">
        <ele>103.9</ele>
      </trkpt>
      <trkpt lat="41.92007" lon="2.81658">
        <ele>104</ele>
      </trkpt>
      <trkpt lat="41.92008" lon="2.81658">
        <ele>104</ele>
      </trkpt>
      <trkpt lat="41.92026" lon="2.81663">
        <ele>104</ele>
      </trkpt>
      <trkpt lat="41.92051" lon="2.81667">
        <ele>104</ele>
      </trkpt>
      <trkpt lat="41.92064" lon="2.81667">
        <ele>104</ele>
      </trkpt>
      <trkpt lat="41.92067" lon="2.81667">
        <ele>104</ele>
      </trkpt>
      <trkpt lat="41.9208" lon="2.81664">
        <ele>104</ele>
      </trkpt>
      <trkpt lat="41.92096" lon="2.81662">
        <ele>103</ele>
      </trkpt>
      <trkpt lat="41.92107" lon="2.8166">
        <ele>102.1</ele>
      </trkpt>
      <trkpt lat="41.92124" lon="2.81654">
        <ele>100.8</ele>
      </trkpt>
      <trkpt lat="41.9216" lon="2.81639">
        <ele>98.2</ele>
      </trkpt>
      <trkpt lat="41.92165" lon="2.81637">
        <ele>97.8</ele>
      </trkpt>
      <trkpt lat="41.92196" lon="2.81622">
        <ele>94.2</ele>
      </trkpt>
      <trkpt lat="41.92223" lon="2.81609">
        <ele>90.9</ele>
      </trkpt>
      <trkpt lat="41.92223" lon="2.81609">
        <ele>90.9</ele>
      </trkpt>
      <trkpt lat="41.92233" lon="2.81604">
        <ele>89.7</ele>
      </trkpt>
      <trkpt lat="41.92235" lon="2.81603">
        <ele>89.5</ele>
      </trkpt>
      <trkpt lat="41.92277" lon="2.81578">
        <ele>87.1</ele>
      </trkpt>
      <trkpt lat="41.92327" lon="2.8155">
        <ele>86</ele>
      </trkpt>
      <trkpt lat="41.9236" lon="2.8153">
        <ele>86.2</ele>
      </trkpt>
      <trkpt lat="41.92389" lon="2.81515">
        <ele>86.5</ele>
      </trkpt>
      <trkpt lat="41.92405" lon="2.81507">
        <ele>86.8</ele>
      </trkpt>
      <trkpt lat="41.9242" lon="2.81501">
        <ele>87</ele>
      </trkpt>
      <trkpt lat="41.92433" lon="2.81496">
        <ele>87.2</ele>
      </trkpt>
      <trkpt lat="41.92443" lon="2.81492">
        <ele>87.3</ele>
      </trkpt>
      <trkpt lat="41.92453" lon="2.81489">
        <ele>87.4</ele>
      </trkpt>
      <trkpt lat="41.92479" lon="2.81481">
        <ele>87.7</ele>
      </trkpt>
      <trkpt lat="41.92501" lon="2.81475">
        <ele>88</ele>
      </trkpt>
      <trkpt lat="41.92538" lon="2.81464">
        <ele>87.5</ele>
      </trkpt>
      <trkpt lat="41.92586" lon="2.8145">
        <ele>87.2</ele>
      </trkpt>
      <trkpt lat="41.92597" lon="2.81444">
        <ele>87.2</ele>
      </trkpt>
      <trkpt lat="41.92605" lon="2.81436">
        <ele>87.3</ele>
      </trkpt>
      <trkpt lat="41.92612" lon="2.81425">
        <ele>87.5</ele>
      </trkpt>
      <trkpt lat="41.92619" lon="2.81402">
        <ele>87.7</ele>
      </trkpt>
      <trkpt lat="41.92624" lon="2.81381">
        <ele>87.9</ele>
      </trkpt>
      <trkpt lat="41.92629" lon="2.81353">
        <ele>88.2</ele>
      </trkpt>
      <trkpt lat="41.92635" lon="2.81337">
        <ele>88.3</ele>
      </trkpt>
      <trkpt lat="41.92643" lon="2.8133">
        <ele>88.3</ele>
      </trkpt>
      <trkpt lat="41.92655" lon="2.81324">
        <ele>88.1</ele>
      </trkpt>
      <trkpt lat="41.92664" lon="2.8132">
        <ele>88</ele>
      </trkpt>
      <trkpt lat="41.92678" lon="2.81315">
        <ele>87.9</ele>
      </trkpt>
      <trkpt lat="41.92697" lon="2.81309">
        <ele>87.7</ele>
      </trkpt>
      <trkpt lat="41.92719" lon="2.81302">
        <ele>87.6</ele>
      </trkpt>
      <trkpt lat="41.92742" lon="2.81299">
        <ele>87.5</ele>
      </trkpt>
      <trkpt lat="41.92769" lon="2.81293">
        <ele>88.7</ele>
      </trkpt>
      <trkpt lat="41.92815" lon="2.81284">
        <ele>91.8</ele>
      </trkpt>
      <trkpt lat="41.92824" lon="2.81281">
        <ele>92.4</ele>
      </trkpt>
      <trkpt lat="41.92824" lon="2.81281">
        <ele>92.4</ele>
      </trkpt>
      <trkpt lat="41.92842" lon="2.81277">
        <ele>93.6</ele>
      </trkpt>
      <trkpt lat="41.92922" lon="2.81257">
        <ele>99.2</ele>
      </trkpt>
      <trkpt lat="41.92926" lon="2.81253">
        <ele>99.3</ele>
      </trkpt>
      <trkpt lat="41.92935" lon="2.81255">
        <ele>99.6</ele>
      </trkpt>
      <trkpt lat="41.92998" lon="2.81248">
        <ele>101.9</ele>
      </trkpt>
      <trkpt lat="41.93034" lon="2.81243">
        <ele>102</ele>
      </trkpt>
      <trkpt lat="41.93034" lon="2.81243">
        <ele>102</ele>
      </trkpt>
      <trkpt lat="41.9304" lon="2.81314">
        <ele>100.1</ele>
      </trkpt>
      <trkpt lat="41.9304" lon="2.8132">
        <ele>99.9</ele>
      </trkpt>
      <trkpt lat="41.93042" lon="2.81324">
        <ele>99.8</ele>
      </trkpt>
      <trkpt lat="41.93042" lon="2.81324">
        <ele>99.8</ele>
      </trkpt>
      <trkpt lat="41.93067" lon="2.81293">
        <ele>100.6</ele>
      </trkpt>
      <trkpt lat="41.93072" lon="2.81287">
        <ele>100.7</ele>
      </trkpt>
      <trkpt lat="41.93075" lon="2.81284">
        <ele>100.8</ele>
      </trkpt>
      <trkpt lat="41.93078" lon="2.81281">
        <ele>100.9</ele>
      </trkpt>
      <trkpt lat="41.93082" lon="2.81279">
        <ele>101</ele>
      </trkpt>
      <trkpt lat="41.93087" lon="2.81278">
        <ele>101</ele>
      </trkpt>
      <trkpt lat="41.93094" lon="2.81278">
        <ele>101</ele>
      </trkpt>
      <trkpt lat="41.93099" lon="2.81279">
        <ele>101</ele>
      </trkpt>
      <trkpt lat="41.93103" lon="2.81281">
        <ele>101</ele>
      </trkpt>
      <trkpt lat="41.93106" lon="2.81283">
        <ele>100.9</ele>
      </trkpt>
      <trkpt lat="41.93111" lon="2.81289">
        <ele>100.8</ele>
      </trkpt>
      <trkpt lat="41.93115" lon="2.81294">
        <ele>100.6</ele>
      </trkpt>
      <trkpt lat="41.93117" lon="2.81297">
        <ele>100.5</ele>
      </trkpt>
      <trkpt lat="41.93122" lon="2.81302">
        <ele>100.4</ele>
      </trkpt>
      <trkpt lat="41.93129" lon="2.81307">
        <ele>100.3</ele>
      </trkpt>
      <trkpt lat="41.93136" lon="2.81311">
        <ele>100.3</ele>
      </trkpt>
      <trkpt lat="41.93147" lon="2.81317">
        <ele>100.2</ele>
      </trkpt>
      <trkpt lat="41.93178" lon="2.81326">
        <ele>99.8</ele>
      </trkpt>
      <trkpt lat="41.93215" lon="2.81336">
        <ele>98.2</ele>
      </trkpt>
      <trkpt lat="41.93232" lon="2.81341">
        <ele>97.5</ele>
      </trkpt>
      <trkpt lat="41.93238" lon="2.81342">
        <ele>97.3</ele>
      </trkpt>
      <trkpt lat="41.93241" lon="2.81341">
        <ele>97.2</ele>
      </trkpt>
      <trkpt lat="41.93243" lon="2.8134">
        <ele>97.2</ele>
      </trkpt>
      <trkpt lat="41.93245" lon="2.81338">
        <ele>97.1</ele>
      </trkpt>
      <trkpt lat="41.93247" lon="2.81335">
        <ele>97.1</ele>
      </trkpt>
      <trkpt lat="41.93248" lon="2.81331">
        <ele>97.1</ele>
      </trkpt>
      <trkpt lat="41.93249" lon="2.81329">
        <ele>97.1</ele>
      </trkpt>
      <trkpt lat="41.93249" lon="2.8132">
        <ele>97.2</ele>
      </trkpt>
      <trkpt lat="41.9325" lon="2.81282">
        <ele>97.6</ele>
      </trkpt>
      <trkpt lat="41.93251" lon="2.8123">
        <ele>98.3</ele>
      </trkpt>
      <trkpt lat="41.93251" lon="2.8123">
        <ele>98.3</ele>
      </trkpt>
      <trkpt lat="41.93256" lon="2.81227">
        <ele>98.4</ele>
      </trkpt>
      <trkpt lat="41.93284" lon="2.81213">
        <ele>99.2</ele>
      </trkpt>
      <trkpt lat="41.93321" lon="2.81199">
        <ele>100.5</ele>
      </trkpt>
      <trkpt lat="41.93324" lon="2.81199">
        <ele>100.6</ele>
      </trkpt>
      <trkpt lat="41.93328" lon="2.81199">
        <ele>100.7</ele>
      </trkpt>
      <trkpt lat="41.93338" lon="2.81204">
        <ele>100.7</ele>
      </trkpt>
      <trkpt lat="41.93367" lon="2.81217">
        <ele>100.8</ele>
      </trkpt>
      <trkpt lat="41.93402" lon="2.81237">
        <ele>100.4</ele>
      </trkpt>
      <trkpt lat="41.93431" lon="2.81249">
        <ele>100.2</ele>
      </trkpt>
      <trkpt lat="41.93434" lon="2.8125">
        <ele>100.2</ele>
      </trkpt>
      <trkpt lat="41.93458" lon="2.81258">
        <ele>100</ele>
      </trkpt>
      <trkpt lat="41.93475" lon="2.81257">
        <ele>100.3</ele>
      </trkpt>
      <trkpt lat="41.93489" lon="2.81253">
        <ele>100.7</ele>
      </trkpt>
      <trkpt lat="41.93503" lon="2.81247">
        <ele>101.1</ele>
      </trkpt>
      <trkpt lat="41.93513" lon="2.81242">
        <ele>101.1</ele>
      </trkpt>
      <trkpt lat="41.93515" lon="2.81241">
        <ele>101.1</ele>
      </trkpt>
      <trkpt lat="41.93544" lon="2.81226">
        <ele>100.9</ele>
      </trkpt>
      <trkpt lat="41.93572" lon="2.8121">
        <ele>100.8</ele>
      </trkpt>
      <trkpt lat="41.9359" lon="2.81185">
        <ele>101.2</ele>
      </trkpt>
      <trkpt lat="41.93615" lon="2.81145">
        <ele>101.6</ele>
      </trkpt>
      <trkpt lat="41.93616" lon="2.81142">
        <ele>101.6</ele>
      </trkpt>
      <trkpt lat="41.93647" lon="2.81099">
        <ele>101.9</ele>
      </trkpt>
      <trkpt lat="41.9367" lon="2.81065">
        <ele>102.6</ele>
      </trkpt>
      <trkpt lat="41.93686" lon="2.81039">
        <ele>103.8</ele>
      </trkpt>
      <trkpt lat="41.93697" lon="2.81007">
        <ele>104.9</ele>
      </trkpt>
      <trkpt lat="41.93702" lon="2.80982">
        <ele>105.6</ele>
      </trkpt>
      <trkpt lat="41.93702" lon="2.80982">
        <ele>105.6</ele>
      </trkpt>
      <trkpt lat="41.93703" lon="2.80982">
        <ele>105.6</ele>
      </trkpt>
      <trkpt lat="41.93703" lon="2.80981">
        <ele>105.7</ele>
      </trkpt>
      <trkpt lat="41.93704" lon="2.80981">
        <ele>105.7</ele>
      </trkpt>
      <trkpt lat="41.93705" lon="2.8098">
        <ele>105.7</ele>
      </trkpt>
      <trkpt lat="41.93706" lon="2.80979">
        <ele>105.8</ele>
      </trkpt>
      <trkpt lat="41.93706" lon="2.80978">
        <ele>105.8</ele>
      </trkpt>
      <trkpt lat="41.93707" lon="2.80978">
        <ele>105.9</ele>
      </trkpt>
      <trkpt lat="41.93707" lon="2.80977">
        <ele>105.9</ele>
      </trkpt>
      <trkpt lat="41.93707" lon="2.80976">
        <ele>105.9</ele>
      </trkpt>
      <trkpt lat="41.93707" lon="2.80975">
        <ele>105.9</ele>
      </trkpt>
      <trkpt lat="41.93708" lon="2.80975">
        <ele>105.9</ele>
      </trkpt>
      <trkpt lat="41.93708" lon="2.80974">
        <ele>106</ele>
      </trkpt>
      <trkpt lat="41.93708" lon="2.80973">
        <ele>106</ele>
      </trkpt>
      <trkpt lat="41.93708" lon="2.80972">
        <ele>106</ele>
      </trkpt>
      <trkpt lat="41.93708" lon="2.80971">
        <ele>106</ele>
      </trkpt>
      <trkpt lat="41.93708" lon="2.8097">
        <ele>106</ele>
      </trkpt>
      <trkpt lat="41.93708" lon="2.80969">
        <ele>106</ele>
      </trkpt>
      <trkpt lat="41.93708" lon="2.80968">
        <ele>106.1</ele>
      </trkpt>
      <trkpt lat="41.93707" lon="2.80967">
        <ele>106.1</ele>
      </trkpt>
      <trkpt lat="41.93707" lon="2.80966">
        <ele>106.1</ele>
      </trkpt>
      <trkpt lat="41.93707" lon="2.80965">
        <ele>106.1</ele>
      </trkpt>
      <trkpt lat="41.93706" lon="2.80965">
        <ele>106.1</ele>
      </trkpt>
      <trkpt lat="41.9371" lon="2.80964">
        <ele>106.2</ele>
      </trkpt>
      <trkpt lat="41.93736" lon="2.80955">
        <ele>107.1</ele>
      </trkpt>
      <trkpt lat="41.93738" lon="2.80955">
        <ele>107.2</ele>
      </trkpt>
      <trkpt lat="41.93741" lon="2.80954">
        <ele>107.3</ele>
      </trkpt>
      <trkpt lat="41.93743" lon="2.80953">
        <ele>107.4</ele>
      </trkpt>
      <trkpt lat="41.93752" lon="2.80949">
        <ele>107.7</ele>
      </trkpt>
      <trkpt lat="41.93763" lon="2.80943">
        <ele>108.5</ele>
      </trkpt>
      <trkpt lat="41.93775" lon="2.80935">
        <ele>109.2</ele>
      </trkpt>
      <trkpt lat="41.93783" lon="2.80932">
        <ele>109.6</ele>
      </trkpt>
      <trkpt lat="41.93791" lon="2.80927">
        <ele>110</ele>
      </trkpt>
      <trkpt lat="41.93813" lon="2.80917">
        <ele>111</ele>
      </trkpt>
      <trkpt lat="41.93834" lon="2.8091">
        <ele>112</ele>
      </trkpt>
      <trkpt lat="41.93846" lon="2.80905">
        <ele>112.9</ele>
      </trkpt>
      <trkpt lat="41.93858" lon="2.80901">
        <ele>113.7</ele>
      </trkpt>
      <trkpt lat="41.93879" lon="2.80892">
        <ele>115</ele>
      </trkpt>
      <trkpt lat="41.9389" lon="2.80886">
        <ele>115.6</ele>
      </trkpt>
      <trkpt lat="41.93901" lon="2.80881">
        <ele>116.2</ele>
      </trkpt>
      <trkpt lat="41.9391" lon="2.80876">
        <ele>116.6</ele>
      </trkpt>
      <trkpt lat="41.93919" lon="2.8087">
        <ele>117</ele>
      </trkpt>
      <trkpt lat="41.93931" lon="2.80861">
        <ele>117.7</ele>
      </trkpt>
      <trkpt lat="41.93941" lon="2.80853">
        <ele>118.2</ele>
      </trkpt>
      <trkpt lat="41.93954" lon="2.80843">
        <ele>118.9</ele>
      </trkpt>
      <trkpt lat="41.93967" lon="2.80832">
        <ele>119.6</ele>
      </trkpt>
      <trkpt lat="41.93978" lon="2.80824">
        <ele>120.3</ele>
      </trkpt>
      <trkpt lat="41.93981" lon="2.80823">
        <ele>120.5</ele>
      </trkpt>
      <trkpt lat="41.9399" lon="2.80815">
        <ele>121</ele>
      </trkpt>
      <trkpt lat="41.94003" lon="2.80806">
        <ele>121.6</ele>
      </trkpt>
      <trkpt lat="41.94014" lon="2.80796">
        <ele>122.1</ele>
      </trkpt>
      <trkpt lat="41.94024" lon="2.80787">
        <ele>122.6</ele>
      </trkpt>
      <trkpt lat="41.94044" lon="2.80773">
        <ele>123.7</ele>
      </trkpt>
      <trkpt lat="41.94053" lon="2.80766">
        <ele>124.2</ele>
      </trkpt>
      <trkpt lat="41.94064" lon="2.80757">
        <ele>124.8</ele>
      </trkpt>
      <trkpt lat="41.94066" lon="2.80756">
        <ele>124.9</ele>
      </trkpt>
      <trkpt lat="41.94066" lon="2.80756">
        <ele>124.9</ele>
      </trkpt>
      <trkpt lat="41.94075" lon="2.80779">
        <ele>126.1</ele>
      </trkpt>
      <trkpt lat="41.94091" lon="2.80814">
        <ele>127.6</ele>
      </trkpt>
      <trkpt lat="41.94101" lon="2.80841">
        <ele>127.9</ele>
      </trkpt>
      <trkpt lat="41.94109" lon="2.80858">
        <ele>127.8</ele>
      </trkpt>
      <trkpt lat="41.94124" lon="2.80875">
        <ele>127.7</ele>
      </trkpt>
      <trkpt lat="41.94126" lon="2.80878">
        <ele>127.7</ele>
      </trkpt>
      <trkpt lat="41.94145" lon="2.80899">
        <ele>127.8</ele>
      </trkpt>
      <trkpt lat="41.94182" lon="2.80939">
        <ele>127.9</ele>
      </trkpt>
      <trkpt lat="41.94227" lon="2.80988">
        <ele>128.1</ele>
      </trkpt>
      <trkpt lat="41.94255" lon="2.81021">
        <ele>128.2</ele>
      </trkpt>
      <trkpt lat="41.94262" lon="2.81028">
        <ele>128.2</ele>
      </trkpt>
      <trkpt lat="41.94264" lon="2.8103">
        <ele>128.3</ele>
      </trkpt>
      <trkpt lat="41.94321" lon="2.81109">
        <ele>128.5</ele>
      </trkpt>
      <trkpt lat="41.94332" lon="2.81127">
        <ele>128.4</ele>
      </trkpt>
      <trkpt lat="41.94337" lon="2.81133">
        <ele>128.4</ele>
      </trkpt>
      <trkpt lat="41.94385" lon="2.81198">
        <ele>128.2</ele>
      </trkpt>
      <trkpt lat="41.94387" lon="2.812">
        <ele>128.1</ele>
      </trkpt>
      <trkpt lat="41.9444" lon="2.81243">
        <ele>127.1</ele>
      </trkpt>
      <trkpt lat="41.94487" lon="2.81276">
        <ele>126.7</ele>
      </trkpt>
      <trkpt lat="41.94502" lon="2.81285">
        <ele>127.1</ele>
      </trkpt>
      <trkpt lat="41.94506" lon="2.81288">
        <ele>127.3</ele>
      </trkpt>
      <trkpt lat="41.94524" lon="2.81297">
        <ele>128.2</ele>
      </trkpt>
      <trkpt lat="41.94542" lon="2.81307">
        <ele>129.2</ele>
      </trkpt>
      <trkpt lat="41.94582" lon="2.81324">
        <ele>131.7</ele>
      </trkpt>
      <trkpt lat="41.94608" lon="2.81338">
        <ele>131.2</ele>
      </trkpt>
      <trkpt lat="41.94624" lon="2.81349">
        <ele>130.4</ele>
      </trkpt>
      <trkpt lat="41.94646" lon="2.81364">
        <ele>129.5</ele>
      </trkpt>
      <trkpt lat="41.94661" lon="2.81388">
        <ele>128.7</ele>
      </trkpt>
      <trkpt lat="41.94661" lon="2.81388">
        <ele>128.7</ele>
      </trkpt>
      <trkpt lat="41.94661" lon="2.81389">
        <ele>128.7</ele>
      </trkpt>
      <trkpt lat="41.94661" lon="2.8139">
        <ele>128.6</ele>
      </trkpt>
      <trkpt lat="41.94662" lon="2.8139">
        <ele>128.6</ele>
      </trkpt>
      <trkpt lat="41.94662" lon="2.81391">
        <ele>128.6</ele>
      </trkpt>
      <trkpt lat="41.94662" lon="2.81392">
        <ele>128.6</ele>
      </trkpt>
      <trkpt lat="41.94663" lon="2.81393">
        <ele>128.6</ele>
      </trkpt>
      <trkpt lat="41.94664" lon="2.81394">
        <ele>128.5</ele>
      </trkpt>
      <trkpt lat="41.94664" lon="2.81395">
        <ele>128.5</ele>
      </trkpt>
      <trkpt lat="41.94665" lon="2.81395">
        <ele>128.5</ele>
      </trkpt>
      <trkpt lat="41.94665" lon="2.81396">
        <ele>128.5</ele>
      </trkpt>
      <trkpt lat="41.94666" lon="2.81396">
        <ele>128.5</ele>
      </trkpt>
      <trkpt lat="41.94667" lon="2.81397">
        <ele>128.5</ele>
      </trkpt>
      <trkpt lat="41.94668" lon="2.81397">
        <ele>128.4</ele>
      </trkpt>
      <trkpt lat="41.94669" lon="2.81397">
        <ele>128.4</ele>
      </trkpt>
      <trkpt lat="41.94669" lon="2.81398">
        <ele>128.3</ele>
      </trkpt>
      <trkpt lat="41.9467" lon="2.81398">
        <ele>128.3</ele>
      </trkpt>
      <trkpt lat="41.94671" lon="2.81398">
        <ele>128.2</ele>
      </trkpt>
      <trkpt lat="41.94672" lon="2.81398">
        <ele>128.2</ele>
      </trkpt>
      <trkpt lat="41.94673" lon="2.81397">
        <ele>128.2</ele>
      </trkpt>
      <trkpt lat="41.94674" lon="2.81397">
        <ele>128.1</ele>
      </trkpt>
      <trkpt lat="41.94697" lon="2.81402">
        <ele>126.9</ele>
      </trkpt>
      <trkpt lat="41.94718" lon="2.81416">
        <ele>126.1</ele>
      </trkpt>
      <trkpt lat="41.94741" lon="2.81426">
        <ele>124.3</ele>
      </trkpt>
      <trkpt lat="41.94746" lon="2.81428">
        <ele>123.9</ele>
      </trkpt>
      <trkpt lat="41.94765" lon="2.81432">
        <ele>123.9</ele>
      </trkpt>
      <trkpt lat="41.94783" lon="2.81433">
        <ele>124.4</ele>
      </trkpt>
      <trkpt lat="41.94799" lon="2.81435">
        <ele>124.8</ele>
      </trkpt>
      <trkpt lat="41.94807" lon="2.81436">
        <ele>125.1</ele>
      </trkpt>
      <trkpt lat="41.94815" lon="2.81438">
        <ele>125.3</ele>
      </trkpt>
      <trkpt lat="41.94821" lon="2.8144">
        <ele>125.4</ele>
      </trkpt>
      <trkpt lat="41.94823" lon="2.81441">
        <ele>125.4</ele>
      </trkpt>
      <trkpt lat="41.94836" lon="2.81445">
        <ele>125.7</ele>
      </trkpt>
      <trkpt lat="41.94847" lon="2.81451">
        <ele>125.9</ele>
      </trkpt>
      <trkpt lat="41.94854" lon="2.81455">
        <ele>126</ele>
      </trkpt>
      <trkpt lat="41.94874" lon="2.81463">
        <ele>126.6</ele>
      </trkpt>
      <trkpt lat="41.94876" lon="2.81464">
        <ele>126.6</ele>
      </trkpt>
      <trkpt lat="41.94892" lon="2.8147">
        <ele>127.2</ele>
      </trkpt>
      <trkpt lat="41.94911" lon="2.81475">
        <ele>128</ele>
      </trkpt>
      <trkpt lat="41.94922" lon="2.81478">
        <ele>128.4</ele>
      </trkpt>
      <trkpt lat="41.94937" lon="2.81483">
        <ele>128.7</ele>
      </trkpt>
      <trkpt lat="41.94948" lon="2.8149">
        <ele>129.1</ele>
      </trkpt>
      <trkpt lat="41.94966" lon="2.815">
        <ele>129.8</ele>
      </trkpt>
      <trkpt lat="41.95011" lon="2.81527">
        <ele>131</ele>
      </trkpt>
      <trkpt lat="41.95039" lon="2.81544">
        <ele>131.9</ele>
      </trkpt>
      <trkpt lat="41.95057" lon="2.81561">
        <ele>132.6</ele>
      </trkpt>
      <trkpt lat="41.9507" lon="2.81578">
        <ele>133.3</ele>
      </trkpt>
      <trkpt lat="41.95094" lon="2.81612">
        <ele>133.9</ele>
      </trkpt>
      <trkpt lat="41.95098" lon="2.81617">
        <ele>133.7</ele>
      </trkpt>
      <trkpt lat="41.95102" lon="2.81624">
        <ele>133.6</ele>
      </trkpt>
      <trkpt lat="41.95105" lon="2.81631">
        <ele>133.5</ele>
      </trkpt>
      <trkpt lat="41.95111" lon="2.81644">
        <ele>133.2</ele>
      </trkpt>
      <trkpt lat="41.95122" lon="2.81666">
        <ele>132.7</ele>
      </trkpt>
      <trkpt lat="41.95128" lon="2.81676">
        <ele>133</ele>
      </trkpt>
      <trkpt lat="41.95134" lon="2.81685">
        <ele>133.3</ele>
      </trkpt>
      <trkpt lat="41.95139" lon="2.81692">
        <ele>133.6</ele>
      </trkpt>
      <trkpt lat="41.95145" lon="2.81698">
        <ele>133.8</ele>
      </trkpt>
      <trkpt lat="41.95155" lon="2.81705">
        <ele>134.1</ele>
      </trkpt>
      <trkpt lat="41.9516" lon="2.81707">
        <ele>134.1</ele>
      </trkpt>
      <trkpt lat="41.95167" lon="2.81709">
        <ele>134.1</ele>
      </trkpt>
      <trkpt lat="41.95186" lon="2.81718">
        <ele>134.4</ele>
      </trkpt>
      <trkpt lat="41.95199" lon="2.81724">
        <ele>134.6</ele>
      </trkpt>
      <trkpt lat="41.95204" lon="2.81728">
        <ele>134.9</ele>
      </trkpt>
      <trkpt lat="41.95207" lon="2.8173">
        <ele>135</ele>
      </trkpt>
      <trkpt lat="41.9521" lon="2.81735">
        <ele>135.4</ele>
      </trkpt>
      <trkpt lat="41.95216" lon="2.81743">
        <ele>136.1</ele>
      </trkpt>
      <trkpt lat="41.95222" lon="2.81746">
        <ele>136.3</ele>
      </trkpt>
      <trkpt lat="41.95235" lon="2.81755">
        <ele>136.3</ele>
      </trkpt>
      <trkpt lat="41.95266" lon="2.81784">
        <ele>135.8</ele>
      </trkpt>
      <trkpt lat="41.95276" lon="2.81789">
        <ele>135.8</ele>
      </trkpt>
      <trkpt lat="41.95276" lon="2.8179">
        <ele>135.8</ele>
      </trkpt>
      <trkpt lat="41.95276" lon="2.81791">
        <ele>135.8</ele>
      </trkpt>
      <trkpt lat="41.95276" lon="2.81792">
        <ele>135.8</ele>
      </trkpt>
      <trkpt lat="41.95276" lon="2.81793">
        <ele>135.8</ele>
      </trkpt>
      <trkpt lat="41.95276" lon="2.81794">
        <ele>135.8</ele>
      </trkpt>
      <trkpt lat="41.95277" lon="2.81794">
        <ele>135.8</ele>
      </trkpt>
      <trkpt lat="41.95277" lon="2.81795">
        <ele>135.8</ele>
      </trkpt>
      <trkpt lat="41.95278" lon="2.81795">
        <ele>135.8</ele>
      </trkpt>
      <trkpt lat="41.95278" lon="2.81796">
        <ele>135.8</ele>
      </trkpt>
      <trkpt lat="41.95279" lon="2.81796">
        <ele>135.8</ele>
      </trkpt>
      <trkpt lat="41.9528" lon="2.81796">
        <ele>135.8</ele>
      </trkpt>
      <trkpt lat="41.95281" lon="2.81796">
        <ele>135.8</ele>
      </trkpt>
      <trkpt lat="41.95282" lon="2.81796">
        <ele>135.8</ele>
      </trkpt>
      <trkpt lat="41.95282" lon="2.81795">
        <ele>135.8</ele>
      </trkpt>
      <trkpt lat="41.95286" lon="2.81799">
        <ele>135.8</ele>
      </trkpt>
      <trkpt lat="41.95318" lon="2.81814">
        <ele>136</ele>
      </trkpt>
      <trkpt lat="41.95326" lon="2.81812">
        <ele>136.2</ele>
      </trkpt>
      <trkpt lat="41.95334" lon="2.81815">
        <ele>136.2</ele>
      </trkpt>
      <trkpt lat="41.95342" lon="2.81819">
        <ele>136.4</ele>
      </trkpt>
      <trkpt lat="41.9535" lon="2.81824">
        <ele>136.6</ele>
      </trkpt>
      <trkpt lat="41.9538" lon="2.81846">
        <ele>137.2</ele>
      </trkpt>
      <trkpt lat="41.95392" lon="2.81856">
        <ele>137.5</ele>
      </trkpt>
      <trkpt lat="41.95412" lon="2.81873">
        <ele>138.6</ele>
      </trkpt>
      <trkpt lat="41.95431" lon="2.81888">
        <ele>139.5</ele>
      </trkpt>
      <trkpt lat="41.95453" lon="2.81904">
        <ele>140.2</ele>
      </trkpt>
      <trkpt lat="41.95489" lon="2.81934">
        <ele>141</ele>
      </trkpt>
      <trkpt lat="41.955" lon="2.81943">
        <ele>141.1</ele>
      </trkpt>
      <trkpt lat="41.95501" lon="2.81944">
        <ele>141</ele>
      </trkpt>
      <trkpt lat="41.95513" lon="2.81952">
        <ele>140.2</ele>
      </trkpt>
      <trkpt lat="41.95529" lon="2.81962">
        <ele>139.4</ele>
      </trkpt>
      <trkpt lat="41.95541" lon="2.81967">
        <ele>138.8</ele>
      </trkpt>
      <trkpt lat="41.9555" lon="2.81971">
        <ele>138.4</ele>
      </trkpt>
      <trkpt lat="41.95554" lon="2.81973">
        <ele>138.3</ele>
      </trkpt>
      <trkpt lat="41.9557" lon="2.81978">
        <ele>137.7</ele>
      </trkpt>
      <trkpt lat="41.95585" lon="2.81982">
        <ele>137.2</ele>
      </trkpt>
      <trkpt lat="41.95599" lon="2.81984">
        <ele>137.3</ele>
      </trkpt>
      <trkpt lat="41.95613" lon="2.81986">
        <ele>137.4</ele>
      </trkpt>
      <trkpt lat="41.95623" lon="2.81987">
        <ele>137.5</ele>
      </trkpt>
      <trkpt lat="41.95632" lon="2.81989">
        <ele>137.6</ele>
      </trkpt>
      <trkpt lat="41.95655" lon="2.81991">
        <ele>137.8</ele>
      </trkpt>
      <trkpt lat="41.95673" lon="2.81993">
        <ele>137.8</ele>
      </trkpt>
      <trkpt lat="41.95673" lon="2.81993">
        <ele>137.8</ele>
      </trkpt>
      <trkpt lat="41.95679" lon="2.81993">
        <ele>137.6</ele>
      </trkpt>
      <trkpt lat="41.95685" lon="2.81994">
        <ele>137.5</ele>
      </trkpt>
      <trkpt lat="41.95702" lon="2.81992">
        <ele>137.1</ele>
      </trkpt>
      <trkpt lat="41.95718" lon="2.81991">
        <ele>136.7</ele>
      </trkpt>
      <trkpt lat="41.95723" lon="2.81991">
        <ele>136.5</ele>
      </trkpt>
      <trkpt lat="41.95742" lon="2.81989">
        <ele>136.1</ele>
      </trkpt>
      <trkpt lat="41.95749" lon="2.81988">
        <ele>135.9</ele>
      </trkpt>
      <trkpt lat="41.95803" lon="2.81985">
        <ele>134.8</ele>
      </trkpt>
      <trkpt lat="41.95836" lon="2.81983">
        <ele>134.1</ele>
      </trkpt>
      <trkpt lat="41.95852" lon="2.81982">
        <ele>133.7</ele>
      </trkpt>
      <trkpt lat="41.95856" lon="2.81982">
        <ele>133.6</ele>
      </trkpt>
      <trkpt lat="41.95861" lon="2.81984">
        <ele>133.5</ele>
      </trkpt>
      <trkpt lat="41.95883" lon="2.81983">
        <ele>132.9</ele>
      </trkpt>
      <trkpt lat="41.95969" lon="2.8198">
        <ele>132.9</ele>
      </trkpt>
      <trkpt lat="41.9603" lon="2.8198">
        <ele>133.3</ele>
      </trkpt>
      <trkpt lat="41.96041" lon="2.8198">
        <ele>133.3</ele>
      </trkpt>
      <trkpt lat="41.96054" lon="2.81982">
        <ele>133.4</ele>
      </trkpt>
      <trkpt lat="41.96067" lon="2.81983">
        <ele>133.5</ele>
      </trkpt>
      <trkpt lat="41.96072" lon="2.81978">
        <ele>133.2</ele>
      </trkpt>
      <trkpt lat="41.96086" lon="2.81979">
        <ele>133.1</ele>
      </trkpt>
      <trkpt lat="41.96125" lon="2.81981">
        <ele>131.2</ele>
      </trkpt>
      <trkpt lat="41.96143" lon="2.81982">
        <ele>130.4</ele>
      </trkpt>
      <trkpt lat="41.96175" lon="2.81987">
        <ele>128.8</ele>
      </trkpt>
      <trkpt lat="41.96217" lon="2.81995">
        <ele>126.2</ele>
      </trkpt>
      <trkpt lat="41.96277" lon="2.82011">
        <ele>123.1</ele>
      </trkpt>
      <trkpt lat="41.96288" lon="2.82015">
        <ele>122.6</ele>
      </trkpt>
      <trkpt lat="41.96299" lon="2.8202">
        <ele>122.2</ele>
      </trkpt>
      <trkpt lat="41.96342" lon="2.8204">
        <ele>119.7</ele>
      </trkpt>
      <trkpt lat="41.96363" lon="2.82049">
        <ele>117.7</ele>
      </trkpt>
      <trkpt lat="41.96366" lon="2.8205">
        <ele>117.4</ele>
      </trkpt>
      <trkpt lat="41.96372" lon="2.82053">
        <ele>116.9</ele>
      </trkpt>
      <trkpt lat="41.96395" lon="2.82062">
        <ele>115.1</ele>
      </trkpt>
      <trkpt lat="41.96402" lon="2.82064">
        <ele>114.5</ele>
      </trkpt>
      <trkpt lat="41.96458" lon="2.82078">
        <ele>111.3</ele>
      </trkpt>
      <trkpt lat="41.96462" lon="2.82078">
        <ele>111</ele>
      </trkpt>
      <trkpt lat="41.96472" lon="2.8208">
        <ele>110.5</ele>
      </trkpt>
      <trkpt lat="41.96495" lon="2.82083">
        <ele>109.3</ele>
      </trkpt>
      <trkpt lat="41.96525" lon="2.82086">
        <ele>107.1</ele>
      </trkpt>
      <trkpt lat="41.96532" lon="2.82087">
        <ele>106.6</ele>
      </trkpt>
      <trkpt lat="41.96579" lon="2.82089">
        <ele>103.3</ele>
      </trkpt>
      <trkpt lat="41.96584" lon="2.82093">
        <ele>103</ele>
      </trkpt>
      <trkpt lat="41.96605" lon="2.82096">
        <ele>102.6</ele>
      </trkpt>
      <trkpt lat="41.96605" lon="2.82096">
        <ele>102.6</ele>
      </trkpt>
      <trkpt lat="41.96605" lon="2.82097">
        <ele>102.7</ele>
      </trkpt>
      <trkpt lat="41.96605" lon="2.82098">
        <ele>102.7</ele>
      </trkpt>
      <trkpt lat="41.96606" lon="2.82099">
        <ele>102.7</ele>
      </trkpt>
      <trkpt lat="41.96607" lon="2.821">
        <ele>102.7</ele>
      </trkpt>
      <trkpt lat="41.96607" lon="2.82101">
        <ele>102.7</ele>
      </trkpt>
      <trkpt lat="41.96608" lon="2.82102">
        <ele>102.7</ele>
      </trkpt>
      <trkpt lat="41.96609" lon="2.82102">
        <ele>102.7</ele>
      </trkpt>
      <trkpt lat="41.96609" lon="2.82103">
        <ele>102.7</ele>
      </trkpt>
      <trkpt lat="41.9661" lon="2.82103">
        <ele>102.7</ele>
      </trkpt>
      <trkpt lat="41.96611" lon="2.82104">
        <ele>102.7</ele>
      </trkpt>
      <trkpt lat="41.96612" lon="2.82104">
        <ele>102.7</ele>
      </trkpt>
      <trkpt lat="41.96613" lon="2.82105">
        <ele>102.7</ele>
      </trkpt>
      <trkpt lat="41.96614" lon="2.82109">
        <ele>102.7</ele>
      </trkpt>
      <trkpt lat="41.96621" lon="2.82133">
        <ele>103.2</ele>
      </trkpt>
      <trkpt lat="41.96629" lon="2.82155">
        <ele>103.8</ele>
      </trkpt>
      <trkpt lat="41.96642" lon="2.82194">
        <ele>103.7</ele>
      </trkpt>
      <trkpt lat="41.96655" lon="2.82224">
        <ele>102.9</ele>
      </trkpt>
      <trkpt lat="41.96661" lon="2.82239">
        <ele>102.4</ele>
      </trkpt>
      <trkpt lat="41.96669" lon="2.82253">
        <ele>101.7</ele>
      </trkpt>
      <trkpt lat="41.96669" lon="2.82254">
        <ele>101.6</ele>
      </trkpt>
      <trkpt lat="41.96673" lon="2.82261">
        <ele>101</ele>
      </trkpt>
      <trkpt lat="41.96675" lon="2.82265">
        <ele>100.7</ele>
      </trkpt>
      <trkpt lat="41.9668" lon="2.82274">
        <ele>100</ele>
      </trkpt>
      <trkpt lat="41.96685" lon="2.82282">
        <ele>99.3</ele>
      </trkpt>
      <trkpt lat="41.96688" lon="2.82287">
        <ele>99</ele>
      </trkpt>
      <trkpt lat="41.96695" lon="2.82296">
        <ele>98.3</ele>
      </trkpt>
      <trkpt lat="41.96707" lon="2.82311">
        <ele>97.5</ele>
      </trkpt>
      <trkpt lat="41.96711" lon="2.82316">
        <ele>97.2</ele>
      </trkpt>
      <trkpt lat="41.96717" lon="2.82323">
        <ele>96.9</ele>
      </trkpt>
      <trkpt lat="41.96719" lon="2.82324">
        <ele>96.8</ele>
      </trkpt>
      <trkpt lat="41.9672" lon="2.82326">
        <ele>96.8</ele>
      </trkpt>
      <trkpt lat="41.96731" lon="2.82337">
        <ele>96.4</ele>
      </trkpt>
      <trkpt lat="41.96743" lon="2.82347">
        <ele>95.9</ele>
      </trkpt>
      <trkpt lat="41.96747" lon="2.8235">
        <ele>95.7</ele>
      </trkpt>
      <trkpt lat="41.96747" lon="2.82351">
        <ele>95.7</ele>
      </trkpt>
      <trkpt lat="41.96755" lon="2.82353">
        <ele>95.3</ele>
      </trkpt>
      <trkpt lat="41.96762" lon="2.82356">
        <ele>94.8</ele>
      </trkpt>
      <trkpt lat="41.96762" lon="2.82357">
        <ele>94.8</ele>
      </trkpt>
      <trkpt lat="41.96762" lon="2.82358">
        <ele>94.8</ele>
      </trkpt>
      <trkpt lat="41.96763" lon="2.82358">
        <ele>94.7</ele>
      </trkpt>
      <trkpt lat="41.96763" lon="2.82359">
        <ele>94.7</ele>
      </trkpt>
      <trkpt lat="41.96763" lon="2.8236">
        <ele>94.7</ele>
      </trkpt>
      <trkpt lat="41.96763" lon="2.82361">
        <ele>94.7</ele>
      </trkpt>
      <trkpt lat="41.96764" lon="2.82362">
        <ele>94.6</ele>
      </trkpt>
      <trkpt lat="41.96764" lon="2.82363">
        <ele>94.6</ele>
      </trkpt>
      <trkpt lat="41.96765" lon="2.82363">
        <ele>94.5</ele>
      </trkpt>
      <trkpt lat="41.96765" lon="2.82364">
        <ele>94.5</ele>
      </trkpt>
      <trkpt lat="41.96766" lon="2.82365">
        <ele>94.4</ele>
      </trkpt>
      <trkpt lat="41.96767" lon="2.82365">
        <ele>94.4</ele>
      </trkpt>
      <trkpt lat="41.96767" lon="2.82366">
        <ele>94.4</ele>
      </trkpt>
      <trkpt lat="41.96768" lon="2.82366">
        <ele>94.3</ele>
      </trkpt>
      <trkpt lat="41.96768" lon="2.82367">
        <ele>94.3</ele>
      </trkpt>
      <trkpt lat="41.96769" lon="2.82367">
        <ele>94.2</ele>
      </trkpt>
      <trkpt lat="41.9677" lon="2.82367">
        <ele>94.2</ele>
      </trkpt>
      <trkpt lat="41.96771" lon="2.82367">
        <ele>94.1</ele>
      </trkpt>
      <trkpt lat="41.96771" lon="2.82368">
        <ele>94.1</ele>
      </trkpt>
      <trkpt lat="41.96772" lon="2.82368">
        <ele>94.1</ele>
      </trkpt>
      <trkpt lat="41.96773" lon="2.82368">
        <ele>94</ele>
      </trkpt>
      <trkpt lat="41.96773" lon="2.82367">
        <ele>94</ele>
      </trkpt>
      <trkpt lat="41.96774" lon="2.82367">
        <ele>94</ele>
      </trkpt>
      <trkpt lat="41.96775" lon="2.82367">
        <ele>93.9</ele>
      </trkpt>
      <trkpt lat="41.96776" lon="2.82367">
        <ele>93.9</ele>
      </trkpt>
      <trkpt lat="41.96776" lon="2.82366">
        <ele>93.9</ele>
      </trkpt>
      <trkpt lat="41.96777" lon="2.82366">
        <ele>93.8</ele>
      </trkpt>
      <trkpt lat="41.96778" lon="2.82365">
        <ele>93.8</ele>
      </trkpt>
      <trkpt lat="41.96779" lon="2.82364">
        <ele>93.8</ele>
      </trkpt>
      <trkpt lat="41.96779" lon="2.82363">
        <ele>93.8</ele>
      </trkpt>
      <trkpt lat="41.9678" lon="2.82363">
        <ele>93.7</ele>
      </trkpt>
      <trkpt lat="41.9678" lon="2.82362">
        <ele>93.8</ele>
      </trkpt>
      <trkpt lat="41.96781" lon="2.82361">
        <ele>93.7</ele>
      </trkpt>
      <trkpt lat="41.96781" lon="2.8236">
        <ele>93.7</ele>
      </trkpt>
      <trkpt lat="41.96781" lon="2.82359">
        <ele>93.8</ele>
      </trkpt>
      <trkpt lat="41.96782" lon="2.82359">
        <ele>93.7</ele>
      </trkpt>
      <trkpt lat="41.96782" lon="2.82358">
        <ele>93.7</ele>
      </trkpt>
      <trkpt lat="41.96782" lon="2.82357">
        <ele>93.7</ele>
      </trkpt>
      <trkpt lat="41.96782" lon="2.82356">
        <ele>93.7</ele>
      </trkpt>
      <trkpt lat="41.96782" lon="2.82355">
        <ele>93.8</ele>
      </trkpt>
      <trkpt lat="41.96782" lon="2.82354">
        <ele>93.8</ele>
      </trkpt>
      <trkpt lat="41.96782" lon="2.82353">
        <ele>93.8</ele>
      </trkpt>
      <trkpt lat="41.96782" lon="2.82352">
        <ele>93.8</ele>
      </trkpt>
      <trkpt lat="41.96782" lon="2.82351">
        <ele>93.8</ele>
      </trkpt>
      <trkpt lat="41.96782" lon="2.8235">
        <ele>93.8</ele>
      </trkpt>
      <trkpt lat="41.96781" lon="2.82349">
        <ele>93.9</ele>
      </trkpt>
      <trkpt lat="41.96781" lon="2.82348">
        <ele>93.9</ele>
      </trkpt>
      <trkpt lat="41.96781" lon="2.82347">
        <ele>93.9</ele>
      </trkpt>
      <trkpt lat="41.9678" lon="2.82347">
        <ele>94</ele>
      </trkpt>
      <trkpt lat="41.9678" lon="2.82346">
        <ele>94</ele>
      </trkpt>
      <trkpt lat="41.9678" lon="2.82345">
        <ele>94</ele>
      </trkpt>
      <trkpt lat="41.96779" lon="2.82345">
        <ele>94.1</ele>
      </trkpt>
      <trkpt lat="41.96779" lon="2.82344">
        <ele>94.1</ele>
      </trkpt>
      <trkpt lat="41.96778" lon="2.82343">
        <ele>94.2</ele>
      </trkpt>
      <trkpt lat="41.96777" lon="2.82342">
        <ele>94.2</ele>
      </trkpt>
      <trkpt lat="41.96776" lon="2.82342">
        <ele>94.3</ele>
      </trkpt>
      <trkpt lat="41.96776" lon="2.82341">
        <ele>94.3</ele>
      </trkpt>
      <trkpt lat="41.96775" lon="2.82341">
        <ele>94.4</ele>
      </trkpt>
      <trkpt lat="41.96774" lon="2.82341">
        <ele>94.4</ele>
      </trkpt>
      <trkpt lat="41.96773" lon="2.82341">
        <ele>94.5</ele>
      </trkpt>
      <trkpt lat="41.96772" lon="2.82341">
        <ele>94.5</ele>
      </trkpt>
      <trkpt lat="41.96771" lon="2.82341">
        <ele>94.6</ele>
      </trkpt>
      <trkpt lat="41.9677" lon="2.82341">
        <ele>94.7</ele>
      </trkpt>
      <trkpt lat="41.96769" lon="2.82341">
        <ele>94.7</ele>
      </trkpt>
      <trkpt lat="41.96768" lon="2.82341">
        <ele>94.8</ele>
      </trkpt>
      <trkpt lat="41.96768" lon="2.82342">
        <ele>94.8</ele>
      </trkpt>
      <trkpt lat="41.96767" lon="2.82342">
        <ele>94.8</ele>
      </trkpt>
      <trkpt lat="41.96767" lon="2.82343">
        <ele>94.8</ele>
      </trkpt>
      <trkpt lat="41.96766" lon="2.82343">
        <ele>94.9</ele>
      </trkpt>
      <trkpt lat="41.96766" lon="2.82344">
        <ele>94.8</ele>
      </trkpt>
      <trkpt lat="41.96765" lon="2.82344">
        <ele>94.9</ele>
      </trkpt>
      <trkpt lat="41.96765" lon="2.82345">
        <ele>94.9</ele>
      </trkpt>
      <trkpt lat="41.96764" lon="2.82345">
        <ele>94.9</ele>
      </trkpt>
      <trkpt lat="41.96764" lon="2.82346">
        <ele>94.9</ele>
      </trkpt>
      <trkpt lat="41.96764" lon="2.82347">
        <ele>94.9</ele>
      </trkpt>
      <trkpt lat="41.96763" lon="2.82347">
        <ele>94.9</ele>
      </trkpt>
      <trkpt lat="41.96763" lon="2.82348">
        <ele>94.9</ele>
      </trkpt>
      <trkpt lat="41.96763" lon="2.82349">
        <ele>94.9</ele>
      </trkpt>
      <trkpt lat="41.96763" lon="2.8235">
        <ele>94.9</ele>
      </trkpt>
      <trkpt lat="41.96762" lon="2.8235">
        <ele>94.9</ele>
      </trkpt>
      <trkpt lat="41.96762" lon="2.82351">
        <ele>94.9</ele>
      </trkpt>
      <trkpt lat="41.96762" lon="2.82352">
        <ele>94.9</ele>
      </trkpt>
      <trkpt lat="41.96762" lon="2.82353">
        <ele>94.9</ele>
      </trkpt>
      <trkpt lat="41.96762" lon="2.82354">
        <ele>94.9</ele>
      </trkpt>
      <trkpt lat="41.96762" lon="2.82355">
        <ele>94.8</ele>
      </trkpt>
      <trkpt lat="41.96762" lon="2.82356">
        <ele>94.8</ele>
      </trkpt>
      <trkpt lat="41.96762" lon="2.82357">
        <ele>94.8</ele>
      </trkpt>
      <trkpt lat="41.96762" lon="2.82358">
        <ele>94.8</ele>
      </trkpt>
      <trkpt lat="41.96763" lon="2.82358">
        <ele>94.7</ele>
      </trkpt>
      <trkpt lat="41.96763" lon="2.82359">
        <ele>94.7</ele>
      </trkpt>
      <trkpt lat="41.96763" lon="2.8236">
        <ele>94.7</ele>
      </trkpt>
      <trkpt lat="41.96763" lon="2.82361">
        <ele>94.7</ele>
      </trkpt>
      <trkpt lat="41.96764" lon="2.82362">
        <ele>94.6</ele>
      </trkpt>
      <trkpt lat="41.96764" lon="2.82363">
        <ele>94.6</ele>
      </trkpt>
      <trkpt lat="41.96765" lon="2.82363">
        <ele>94.5</ele>
      </trkpt>
      <trkpt lat="41.96765" lon="2.82364">
        <ele>94.5</ele>
      </trkpt>
      <trkpt lat="41.96766" lon="2.82365">
        <ele>94.4</ele>
      </trkpt>
      <trkpt lat="41.96767" lon="2.82365">
        <ele>94.4</ele>
      </trkpt>
      <trkpt lat="41.96767" lon="2.82366">
        <ele>94.4</ele>
      </trkpt>
      <trkpt lat="41.96768" lon="2.82366">
        <ele>94.3</ele>
      </trkpt>
      <trkpt lat="41.96768" lon="2.82367">
        <ele>94.3</ele>
      </trkpt>
      <trkpt lat="41.96769" lon="2.82367">
        <ele>94.2</ele>
      </trkpt>
      <trkpt lat="41.9677" lon="2.82367">
        <ele>94.2</ele>
      </trkpt>
      <trkpt lat="41.96771" lon="2.82367">
        <ele>94.1</ele>
      </trkpt>
      <trkpt lat="41.96771" lon="2.82368">
        <ele>94.1</ele>
      </trkpt>
      <trkpt lat="41.96772" lon="2.82368">
        <ele>94.1</ele>
      </trkpt>
      <trkpt lat="41.96773" lon="2.82368">
        <ele>94</ele>
      </trkpt>
      <trkpt lat="41.96773" lon="2.82367">
        <ele>94</ele>
      </trkpt>
      <trkpt lat="41.96774" lon="2.82367">
        <ele>94</ele>
      </trkpt>
      <trkpt lat="41.96775" lon="2.82367">
        <ele>93.9</ele>
      </trkpt>
      <trkpt lat="41.96776" lon="2.82367">
        <ele>93.9</ele>
      </trkpt>
      <trkpt lat="41.96776" lon="2.82366">
        <ele>93.9</ele>
      </trkpt>
      <trkpt lat="41.96845" lon="2.82385">
        <ele>90</ele>
      </trkpt>
      <trkpt lat="41.9686" lon="2.82389">
        <ele>88.8</ele>
      </trkpt>
      <trkpt lat="41.96883" lon="2.82396">
        <ele>86.7</ele>
      </trkpt>
      <trkpt lat="41.96899" lon="2.82399">
        <ele>85.2</ele>
      </trkpt>
      <trkpt lat="41.96901" lon="2.824">
        <ele>85</ele>
      </trkpt>
      <trkpt lat="41.96924" lon="2.82405">
        <ele>83.5</ele>
      </trkpt>
      <trkpt lat="41.96956" lon="2.82412">
        <ele>83.6</ele>
      </trkpt>
      <trkpt lat="41.96963" lon="2.82413">
        <ele>83.6</ele>
      </trkpt>
      <trkpt lat="41.97007" lon="2.82419">
        <ele>83.7</ele>
      </trkpt>
      <trkpt lat="41.97022" lon="2.8242">
        <ele>83.2</ele>
      </trkpt>
      <trkpt lat="41.97079" lon="2.82424">
        <ele>81.2</ele>
      </trkpt>
      <trkpt lat="41.97166" lon="2.82437">
        <ele>77.5</ele>
      </trkpt>
      <trkpt lat="41.97188" lon="2.82439">
        <ele>77.8</ele>
      </trkpt>
      <trkpt lat="41.97204" lon="2.82441">
        <ele>78</ele>
      </trkpt>
      <trkpt lat="41.97235" lon="2.82445">
        <ele>78.5</ele>
      </trkpt>
      <trkpt lat="41.97244" lon="2.82445">
        <ele>78.6</ele>
      </trkpt>
      <trkpt lat="41.9726" lon="2.82447">
        <ele>78.5</ele>
      </trkpt>
      <trkpt lat="41.97269" lon="2.8245">
        <ele>78.4</ele>
      </trkpt>
      <trkpt lat="41.97286" lon="2.82443">
        <ele>77.9</ele>
      </trkpt>
      <trkpt lat="41.97299" lon="2.82442">
        <ele>77.7</ele>
      </trkpt>
      <trkpt lat="41.97321" lon="2.82441">
        <ele>77.2</ele>
      </trkpt>
      <trkpt lat="41.97335" lon="2.82441">
        <ele>77</ele>
      </trkpt>
      <trkpt lat="41.97343" lon="2.82442">
        <ele>76.8</ele>
      </trkpt>
      <trkpt lat="41.97347" lon="2.82441">
        <ele>76.8</ele>
      </trkpt>
      <trkpt lat="41.97353" lon="2.82441">
        <ele>76.7</ele>
      </trkpt>
      <trkpt lat="41.97359" lon="2.82441">
        <ele>76.6</ele>
      </trkpt>
      <trkpt lat="41.97369" lon="2.82445">
        <ele>76.4</ele>
      </trkpt>
      <trkpt lat="41.9737" lon="2.82445">
        <ele>76.4</ele>
      </trkpt>
      <trkpt lat="41.97387" lon="2.82452">
        <ele>76.1</ele>
      </trkpt>
      <trkpt lat="41.97387" lon="2.82457">
        <ele>76</ele>
      </trkpt>
      <trkpt lat="41.97387" lon="2.82461">
        <ele>76</ele>
      </trkpt>
      <trkpt lat="41.97388" lon="2.82465">
        <ele>76</ele>
      </trkpt>
      <trkpt lat="41.97389" lon="2.82469">
        <ele>75.9</ele>
      </trkpt>
      <trkpt lat="41.9739" lon="2.82473">
        <ele>75.9</ele>
      </trkpt>
      <trkpt lat="41.97391" lon="2.82476">
        <ele>75.8</ele>
      </trkpt>
      <trkpt lat="41.97393" lon="2.8248">
        <ele>75.7</ele>
      </trkpt>
      <trkpt lat="41.97395" lon="2.82483">
        <ele>75.7</ele>
      </trkpt>
      <trkpt lat="41.97398" lon="2.82485">
        <ele>75.6</ele>
      </trkpt>
      <trkpt lat="41.97398" lon="2.82486">
        <ele>75.6</ele>
      </trkpt>
      <trkpt lat="41.97399" lon="2.82487">
        <ele>75.5</ele>
      </trkpt>
      <trkpt lat="41.974" lon="2.82487">
        <ele>75.5</ele>
      </trkpt>
      <trkpt lat="41.97401" lon="2.82488">
        <ele>75.5</ele>
      </trkpt>
      <trkpt lat="41.97401" lon="2.82489">
        <ele>75.5</ele>
      </trkpt>
      <trkpt lat="41.97402" lon="2.82489">
        <ele>75.5</ele>
      </trkpt>
      <trkpt lat="41.97403" lon="2.8249">
        <ele>75.4</ele>
      </trkpt>
      <trkpt lat="41.97404" lon="2.8249">
        <ele>75.4</ele>
      </trkpt>
      <trkpt lat="41.97408" lon="2.82492">
        <ele>75.3</ele>
      </trkpt>
      <trkpt lat="41.97411" lon="2.82492">
        <ele>75.2</ele>
      </trkpt>
      <trkpt lat="41.97414" lon="2.82492">
        <ele>75.2</ele>
      </trkpt>
      <trkpt lat="41.97417" lon="2.82492">
        <ele>75.1</ele>
      </trkpt>
      <trkpt lat="41.9742" lon="2.82491">
        <ele>75.1</ele>
      </trkpt>
      <trkpt lat="41.97423" lon="2.8249">
        <ele>75.1</ele>
      </trkpt>
      <trkpt lat="41.97426" lon="2.82488">
        <ele>75.1</ele>
      </trkpt>
      <trkpt lat="41.97429" lon="2.82486">
        <ele>75.1</ele>
      </trkpt>
      <trkpt lat="41.97431" lon="2.82483">
        <ele>75.1</ele>
      </trkpt>
      <trkpt lat="41.97433" lon="2.8248">
        <ele>75.1</ele>
      </trkpt>
      <trkpt lat="41.97435" lon="2.82477">
        <ele>75.2</ele>
      </trkpt>
      <trkpt lat="41.97437" lon="2.82473">
        <ele>75.2</ele>
      </trkpt>
      <trkpt lat="41.9745" lon="2.82481">
        <ele>75</ele>
      </trkpt>
      <trkpt lat="41.97457" lon="2.82484">
        <ele>75</ele>
      </trkpt>
      <trkpt lat="41.97493" lon="2.82506">
        <ele>75.2</ele>
      </trkpt>
      <trkpt lat="41.97506" lon="2.82515">
        <ele>75.6</ele>
      </trkpt>
      <trkpt lat="41.97508" lon="2.82516">
        <ele>75.6</ele>
      </trkpt>
      <trkpt lat="41.97513" lon="2.82518">
        <ele>75.7</ele>
      </trkpt>
      <trkpt lat="41.97522" lon="2.82515">
        <ele>75.7</ele>
      </trkpt>
      <trkpt lat="41.97522" lon="2.82515">
        <ele>75.7</ele>
      </trkpt>
      <trkpt lat="41.97549" lon="2.82483">
        <ele>75.4</ele>
      </trkpt>
      <trkpt lat="41.97559" lon="2.82475">
        <ele>75.4</ele>
      </trkpt>
      <trkpt lat="41.97568" lon="2.82465">
        <ele>75.4</ele>
      </trkpt>
      <trkpt lat="41.97576" lon="2.82458">
        <ele>75.4</ele>
      </trkpt>
      <trkpt lat="41.9758" lon="2.82455">
        <ele>75.4</ele>
      </trkpt>
      <trkpt lat="41.97585" lon="2.82451">
        <ele>75.4</ele>
      </trkpt>
      <trkpt lat="41.97597" lon="2.82443">
        <ele>75.1</ele>
      </trkpt>
      <trkpt lat="41.97612" lon="2.82434">
        <ele>74.8</ele>
      </trkpt>
      <trkpt lat="41.97622" lon="2.8243">
        <ele>74.6</ele>
      </trkpt>
      <trkpt lat="41.97633" lon="2.82427">
        <ele>74.5</ele>
      </trkpt>
      <trkpt lat="41.97644" lon="2.82424">
        <ele>74.3</ele>
      </trkpt>
      <trkpt lat="41.97659" lon="2.82422">
        <ele>74.1</ele>
      </trkpt>
      <trkpt lat="41.97662" lon="2.82422">
        <ele>74.1</ele>
      </trkpt>
      <trkpt lat="41.97668" lon="2.82422">
        <ele>74</ele>
      </trkpt>
      <trkpt lat="41.97688" lon="2.82423">
        <ele>73.8</ele>
      </trkpt>
      <trkpt lat="41.97693" lon="2.82424">
        <ele>73.7</ele>
      </trkpt>
      <trkpt lat="41.97739" lon="2.8243">
        <ele>73.4</ele>
      </trkpt>
      <trkpt lat="41.97752" lon="2.8243">
        <ele>73.4</ele>
      </trkpt>
      <trkpt lat="41.97767" lon="2.82432">
        <ele>74.1</ele>
      </trkpt>
      <trkpt lat="41.97778" lon="2.82434">
        <ele>74.6</ele>
      </trkpt>
      <trkpt lat="41.9778" lon="2.82434">
        <ele>74.7</ele>
      </trkpt>
      <trkpt lat="41.97812" lon="2.82437">
        <ele>76.1</ele>
      </trkpt>
      <trkpt lat="41.97815" lon="2.82437">
        <ele>76.2</ele>
      </trkpt>
      <trkpt lat="41.97815" lon="2.82437">
        <ele>76.2</ele>
      </trkpt>
      <trkpt lat="41.97844" lon="2.82444">
        <ele>76.8</ele>
      </trkpt>
      <trkpt lat="41.97887" lon="2.8245">
        <ele>76.4</ele>
      </trkpt>
      <trkpt lat="41.97894" lon="2.82451">
        <ele>76.3</ele>
      </trkpt>
      <trkpt lat="41.97906" lon="2.82451">
        <ele>76.2</ele>
      </trkpt>
      <trkpt lat="41.97914" lon="2.8245">
        <ele>76</ele>
      </trkpt>
      <trkpt lat="41.97936" lon="2.82446">
        <ele>76</ele>
      </trkpt>
      <trkpt lat="41.97977" lon="2.82442">
        <ele>76.2</ele>
      </trkpt>
      <trkpt lat="41.97985" lon="2.82441">
        <ele>76.2</ele>
      </trkpt>
      <trkpt lat="41.98017" lon="2.82437">
        <ele>76.2</ele>
      </trkpt>
      <trkpt lat="41.98031" lon="2.82431">
        <ele>75.7</ele>
      </trkpt>
      <trkpt lat="41.98048" lon="2.82423">
        <ele>75.2</ele>
      </trkpt>
      <trkpt lat="41.98063" lon="2.82416">
        <ele>74.8</ele>
      </trkpt>
      <trkpt lat="41.98104" lon="2.82389">
        <ele>75.8</ele>
      </trkpt>
      <trkpt lat="41.98104" lon="2.82389">
        <ele>75.8</ele>
      </trkpt>
      <trkpt lat="41.98112" lon="2.82384">
        <ele>75.9</ele>
      </trkpt>
      <trkpt lat="41.98114" lon="2.82382">
        <ele>75.9</ele>
      </trkpt>
      <trkpt lat="41.98116" lon="2.8238">
        <ele>75.8</ele>
      </trkpt>
      <trkpt lat="41.9812" lon="2.82377">
        <ele>75.8</ele>
      </trkpt>
      <trkpt lat="41.98123" lon="2.82375">
        <ele>75.8</ele>
      </trkpt>
      <trkpt lat="41.98125" lon="2.82373">
        <ele>75.7</ele>
      </trkpt>
      <trkpt lat="41.98128" lon="2.8237">
        <ele>75.6</ele>
      </trkpt>
      <trkpt lat="41.98136" lon="2.82368">
        <ele>75.5</ele>
      </trkpt>
      <trkpt lat="41.98151" lon="2.82364">
        <ele>75.1</ele>
      </trkpt>
      <trkpt lat="41.9818" lon="2.82361">
        <ele>74.8</ele>
      </trkpt>
      <trkpt lat="41.9819" lon="2.82362">
        <ele>74.9</ele>
      </trkpt>
      <trkpt lat="41.98204" lon="2.82362">
        <ele>75</ele>
      </trkpt>
      <trkpt lat="41.98204" lon="2.82362">
        <ele>75</ele>
      </trkpt>
      <trkpt lat="41.98213" lon="2.82361">
        <ele>75</ele>
      </trkpt>
      <trkpt lat="41.98215" lon="2.8236">
        <ele>75</ele>
      </trkpt>
      <trkpt lat="41.98216" lon="2.8236">
        <ele>75</ele>
      </trkpt>
      <trkpt lat="41.98217" lon="2.8236">
        <ele>75</ele>
      </trkpt>
      <trkpt lat="41.98218" lon="2.82358">
        <ele>74.9</ele>
      </trkpt>
      <trkpt lat="41.98218" lon="2.82357">
        <ele>74.9</ele>
      </trkpt>
      <trkpt lat="41.98221" lon="2.82348">
        <ele>74.4</ele>
      </trkpt>
      <trkpt lat="41.98219" lon="2.82323">
        <ele>74.6</ele>
      </trkpt>
      <trkpt lat="41.98218" lon="2.82311">
        <ele>75.6</ele>
      </trkpt>
      <trkpt lat="41.98219" lon="2.82302">
        <ele>76.5</ele>
      </trkpt>
      <trkpt lat="41.98221" lon="2.82288">
        <ele>77.8</ele>
      </trkpt>
      <trkpt lat="41.98221" lon="2.82288">
        <ele>77.8</ele>
      </trkpt>
      <trkpt lat="41.98222" lon="2.82286">
        <ele>78</ele>
      </trkpt>
      <trkpt lat="41.98224" lon="2.82271">
        <ele>79.5</ele>
      </trkpt>
      <trkpt lat="41.9824" lon="2.82199">
        <ele>81.3</ele>
      </trkpt>
      <trkpt lat="41.98241" lon="2.82192">
        <ele>81.2</ele>
      </trkpt>
      <trkpt lat="41.98244" lon="2.82172">
        <ele>80.9</ele>
      </trkpt>
      <trkpt lat="41.98244" lon="2.8216">
        <ele>80.9</ele>
      </trkpt>
      <trkpt lat="41.9824" lon="2.82094">
        <ele>81.8</ele>
      </trkpt>
      <trkpt lat="41.98238" lon="2.82063">
        <ele>82</ele>
      </trkpt>
      <trkpt lat="41.98234" lon="2.81991">
        <ele>81.4</ele>
      </trkpt>
      <trkpt lat="41.98234" lon="2.81991">
        <ele>81.4</ele>
      </trkpt>
      <trkpt lat="41.98244" lon="2.81989">
        <ele>81.4</ele>
      </trkpt>
      <trkpt lat="41.9826" lon="2.81986">
        <ele>81.1</ele>
      </trkpt>
      <trkpt lat="41.98268" lon="2.81984">
        <ele>80.8</ele>
      </trkpt>
      <trkpt lat="41.98272" lon="2.81983">
        <ele>80.7</ele>
      </trkpt>
      <trkpt lat="41.98315" lon="2.81976">
        <ele>79.6</ele>
      </trkpt>
      <trkpt lat="41.9832" lon="2.81975">
        <ele>79.5</ele>
      </trkpt>
      <trkpt lat="41.9833" lon="2.81974">
        <ele>79.4</ele>
      </trkpt>
      <trkpt lat="41.98344" lon="2.81972">
        <ele>79.1</ele>
      </trkpt>
      <trkpt lat="41.98352" lon="2.81973">
        <ele>78.9</ele>
      </trkpt>
      <trkpt lat="41.98361" lon="2.81977">
        <ele>78.7</ele>
      </trkpt>
      <trkpt lat="41.98426" lon="2.82038">
        <ele>76.8</ele>
      </trkpt>
      <trkpt lat="41.98443" lon="2.82054">
        <ele>76.9</ele>
      </trkpt>
      <trkpt lat="41.98444" lon="2.82055">
        <ele>76.9</ele>
      </trkpt>
      <trkpt lat="41.98449" lon="2.82061">
        <ele>77</ele>
      </trkpt>
      <trkpt lat="41.98458" lon="2.82072">
        <ele>77.4</ele>
      </trkpt>
      <trkpt lat="41.98481" lon="2.821">
        <ele>79.8</ele>
      </trkpt>
      <trkpt lat="41.98491" lon="2.82112">
        <ele>81.1</ele>
      </trkpt>
      <trkpt lat="41.98509" lon="2.82134">
        <ele>82.5</ele>
      </trkpt>
      <trkpt lat="41.98512" lon="2.82136">
        <ele>82.5</ele>
      </trkpt>
      <trkpt lat="41.98515" lon="2.82142">
        <ele>82.7</ele>
      </trkpt>
      <trkpt lat="41.98565" lon="2.82212">
        <ele>79.6</ele>
      </trkpt>
      <trkpt lat="41.98566" lon="2.82212">
        <ele>79.5</ele>
      </trkpt>
      <trkpt lat="41.98569" lon="2.82222">
        <ele>78.9</ele>
      </trkpt>
      <trkpt lat="41.98579" lon="2.82237">
        <ele>77.8</ele>
      </trkpt>
      <trkpt lat="41.98585" lon="2.82246">
        <ele>77.1</ele>
      </trkpt>
      <trkpt lat="41.98589" lon="2.82251">
        <ele>76.6</ele>
      </trkpt>
      <trkpt lat="41.98595" lon="2.82257">
        <ele>76</ele>
      </trkpt>
      <trkpt lat="41.98595" lon="2.82257">
        <ele>76</ele>
      </trkpt>
      <trkpt lat="41.98596" lon="2.82259">
        <ele>75.9</ele>
      </trkpt>
      <trkpt lat="41.98596" lon="2.8226">
        <ele>75.9</ele>
      </trkpt>
      <trkpt lat="41.98596" lon="2.82261">
        <ele>75.9</ele>
      </trkpt>
      <trkpt lat="41.98596" lon="2.82262">
        <ele>75.9</ele>
      </trkpt>
      <trkpt lat="41.98597" lon="2.82262">
        <ele>75.8</ele>
      </trkpt>
      <trkpt lat="41.98597" lon="2.82263">
        <ele>75.8</ele>
      </trkpt>
      <trkpt lat="41.98597" lon="2.82264">
        <ele>75.8</ele>
      </trkpt>
      <trkpt lat="41.98598" lon="2.82265">
        <ele>75.7</ele>
      </trkpt>
      <trkpt lat="41.98598" lon="2.82266">
        <ele>75.7</ele>
      </trkpt>
      <trkpt lat="41.98597" lon="2.82275">
        <ele>75.6</ele>
      </trkpt>
      <trkpt lat="41.98599" lon="2.82295">
        <ele>75.2</ele>
      </trkpt>
      <trkpt lat="41.98602" lon="2.82302">
        <ele>75</ele>
      </trkpt>
      <trkpt lat="41.98611" lon="2.82327">
        <ele>74.4</ele>
      </trkpt>
      <trkpt lat="41.98611" lon="2.82327">
        <ele>74.4</ele>
      </trkpt>
      <trkpt lat="41.98586" lon="2.82335">
        <ele>74.8</ele>
      </trkpt>
    </trkseg>
  </trk>
</gpx>
