<?xml version="1.0" encoding="UTF-8"?>
<gpx xmlns:gpxdata="http://www.cluetrust.com/XML/GPXDATA/1/0" xmlns:xsi="http://www.w3.org/2001/XMLSchema-instance" xmlns="http://www.topografix.com/GPX/1/1" version="1.1" creator="http://ridewithgps.com/" xsi:schemaLocation="http://www.topografix.com/GPX/1/1 http://www.topografix.com/GPX/1/1/gpx.xsd http://www.cluetrust.com/XML/GPXDATA/1/0 http://www.cluetrust.com/Schemas/gpxdata10.xsd">
  <metadata>
    <name>El Medano 60km Coastal Ride</name>
    <link href="https://ridewithgps.com/routes/47561210">
      <text>El Medano 60km Coastal Ride</text>
    </link>
    <time>2024-07-14T08:53:20Z</time>
  </metadata>
  <trk>
    <name>El Medano 60km Coastal Ride</name>
    <trkseg>
      <trkpt lat="28.05591" lon="-16.707809">
        <ele>49.6</ele>
      </trkpt>
      <trkpt lat="28.055979" lon="-16.707787">
        <ele>49.7</ele>
      </trkpt>
      <trkpt lat="28.05642" lon="-16.70764">
        <ele>51.4</ele>
      </trkpt>
      <trkpt lat="28.05645" lon="-16.707619">
        <ele>51.6</ele>
      </trkpt>
      <trkpt lat="28.05649" lon="-16.70759">
        <ele>51.8</ele>
      </trkpt>
      <trkpt lat="28.05658" lon="-16.7075">
        <ele>52.6</ele>
      </trkpt>
      <trkpt lat="28.05664" lon="-16.70741">
        <ele>53.1</ele>
      </trkpt>
      <trkpt lat="28.05667" lon="-16.70735">
        <ele>53.4</ele>
      </trkpt>
      <trkpt lat="28.05669" lon="-16.70732">
        <ele>53.5</ele>
      </trkpt>
      <trkpt lat="28.05691" lon="-16.706869">
        <ele>55.7</ele>
      </trkpt>
      <trkpt lat="28.05695" lon="-16.70675">
        <ele>56.4</ele>
      </trkpt>
      <trkpt lat="28.05695" lon="-16.706689">
        <ele>56.6</ele>
      </trkpt>
      <trkpt lat="28.05695" lon="-16.706679">
        <ele>56.6</ele>
      </trkpt>
      <trkpt lat="28.05678" lon="-16.70604">
        <ele>62.4</ele>
      </trkpt>
      <trkpt lat="28.05675" lon="-16.705919">
        <ele>63.3</ele>
      </trkpt>
      <trkpt lat="28.05671" lon="-16.70573">
        <ele>65.3</ele>
      </trkpt>
      <trkpt lat="28.05667" lon="-16.70557">
        <ele>67.2</ele>
      </trkpt>
      <trkpt lat="28.05657" lon="-16.70515">
        <ele>71.6</ele>
      </trkpt>
      <trkpt lat="28.05655" lon="-16.70496">
        <ele>73.7</ele>
      </trkpt>
      <trkpt lat="28.05652" lon="-16.70473">
        <ele>75.2</ele>
      </trkpt>
      <trkpt lat="28.05644" lon="-16.703959">
        <ele>79.0</ele>
      </trkpt>
      <trkpt lat="28.05645" lon="-16.70389">
        <ele>79.2</ele>
      </trkpt>
      <trkpt lat="28.05646" lon="-16.70383">
        <ele>79.4</ele>
      </trkpt>
      <trkpt lat="28.05649" lon="-16.703769">
        <ele>79.9</ele>
      </trkpt>
      <trkpt lat="28.05652" lon="-16.70373">
        <ele>80.3</ele>
      </trkpt>
      <trkpt lat="28.05654" lon="-16.70371">
        <ele>80.6</ele>
      </trkpt>
      <trkpt lat="28.05656" lon="-16.7037">
        <ele>80.9</ele>
      </trkpt>
      <trkpt lat="28.05663" lon="-16.70366">
        <ele>81.9</ele>
      </trkpt>
      <trkpt lat="28.0568" lon="-16.703589">
        <ele>83.9</ele>
      </trkpt>
      <trkpt lat="28.05692" lon="-16.703579">
        <ele>85.2</ele>
      </trkpt>
      <trkpt lat="28.057" lon="-16.703589">
        <ele>86.2</ele>
      </trkpt>
      <trkpt lat="28.0571" lon="-16.70361">
        <ele>87.4</ele>
      </trkpt>
      <trkpt lat="28.05747" lon="-16.70374">
        <ele>91.7</ele>
      </trkpt>
      <trkpt lat="28.05759" lon="-16.703779">
        <ele>92.6</ele>
      </trkpt>
      <trkpt lat="28.05768" lon="-16.70381">
        <ele>93.3</ele>
      </trkpt>
      <trkpt lat="28.05773" lon="-16.70385">
        <ele>93.7</ele>
      </trkpt>
      <trkpt lat="28.05784" lon="-16.70389">
        <ele>94.4</ele>
      </trkpt>
      <trkpt lat="28.05791" lon="-16.70391">
        <ele>95.0</ele>
      </trkpt>
      <trkpt lat="28.05795" lon="-16.70392">
        <ele>95.2</ele>
      </trkpt>
      <trkpt lat="28.058" lon="-16.70392">
        <ele>95.6</ele>
      </trkpt>
      <trkpt lat="28.05804" lon="-16.70392">
        <ele>95.9</ele>
      </trkpt>
      <trkpt lat="28.05812" lon="-16.7039">
        <ele>96.5</ele>
      </trkpt>
      <trkpt lat="28.05824" lon="-16.70385">
        <ele>97.3</ele>
      </trkpt>
      <trkpt lat="28.05831" lon="-16.70379">
        <ele>97.8</ele>
      </trkpt>
      <trkpt lat="28.05837" lon="-16.70372">
        <ele>97.6</ele>
      </trkpt>
      <trkpt lat="28.0584" lon="-16.703679">
        <ele>97.3</ele>
      </trkpt>
      <trkpt lat="28.05842" lon="-16.70365">
        <ele>97.1</ele>
      </trkpt>
      <trkpt lat="28.05842" lon="-16.70364">
        <ele>97.1</ele>
      </trkpt>
      <trkpt lat="28.05845" lon="-16.703579">
        <ele>96.9</ele>
      </trkpt>
      <trkpt lat="28.05848" lon="-16.703489">
        <ele>96.7</ele>
      </trkpt>
      <trkpt lat="28.05862" lon="-16.70308">
        <ele>97.7</ele>
      </trkpt>
      <trkpt lat="28.05866" lon="-16.70296">
        <ele>98.3</ele>
      </trkpt>
      <trkpt lat="28.05872" lon="-16.70276">
        <ele>99.6</ele>
      </trkpt>
      <trkpt lat="28.0588" lon="-16.70247">
        <ele>101.5</ele>
      </trkpt>
      <trkpt lat="28.05884" lon="-16.702279">
        <ele>101.8</ele>
      </trkpt>
      <trkpt lat="28.05887" lon="-16.70205">
        <ele>102.1</ele>
      </trkpt>
      <trkpt lat="28.05888" lon="-16.701799">
        <ele>102.5</ele>
      </trkpt>
      <trkpt lat="28.05885" lon="-16.70116">
        <ele>106.1</ele>
      </trkpt>
      <trkpt lat="28.05883" lon="-16.70043">
        <ele>109.3</ele>
      </trkpt>
      <trkpt lat="28.05881" lon="-16.70013">
        <ele>110.1</ele>
      </trkpt>
      <trkpt lat="28.05881" lon="-16.70013">
        <ele>110.1</ele>
      </trkpt>
      <trkpt lat="28.05881" lon="-16.70008">
        <ele>110.2</ele>
      </trkpt>
      <trkpt lat="28.0588" lon="-16.69988">
        <ele>111.1</ele>
      </trkpt>
      <trkpt lat="28.0588" lon="-16.69978">
        <ele>111.6</ele>
      </trkpt>
      <trkpt lat="28.05879" lon="-16.699639">
        <ele>112.3</ele>
      </trkpt>
      <trkpt lat="28.05876" lon="-16.698789">
        <ele>118.3</ele>
      </trkpt>
      <trkpt lat="28.05875" lon="-16.69844">
        <ele>121.5</ele>
      </trkpt>
      <trkpt lat="28.05868" lon="-16.69666">
        <ele>131.7</ele>
      </trkpt>
      <trkpt lat="28.05867" lon="-16.69647">
        <ele>132.7</ele>
      </trkpt>
      <trkpt lat="28.05867" lon="-16.69637">
        <ele>133.1</ele>
      </trkpt>
      <trkpt lat="28.05866" lon="-16.696069">
        <ele>134.6</ele>
      </trkpt>
      <trkpt lat="28.05865" lon="-16.695709">
        <ele>136.7</ele>
      </trkpt>
      <trkpt lat="28.05866" lon="-16.69519">
        <ele>140.3</ele>
      </trkpt>
      <trkpt lat="28.05868" lon="-16.69479">
        <ele>143.1</ele>
      </trkpt>
      <trkpt lat="28.05871" lon="-16.694479">
        <ele>145.3</ele>
      </trkpt>
      <trkpt lat="28.05879" lon="-16.69384">
        <ele>149.7</ele>
      </trkpt>
      <trkpt lat="28.05891" lon="-16.69303">
        <ele>153.9</ele>
      </trkpt>
      <trkpt lat="28.05899" lon="-16.692499">
        <ele>156.1</ele>
      </trkpt>
      <trkpt lat="28.05903" lon="-16.69225">
        <ele>156.4</ele>
      </trkpt>
      <trkpt lat="28.05903" lon="-16.69211">
        <ele>156.9</ele>
      </trkpt>
      <trkpt lat="28.059" lon="-16.69199">
        <ele>157.6</ele>
      </trkpt>
      <trkpt lat="28.05898" lon="-16.69189">
        <ele>158.1</ele>
      </trkpt>
      <trkpt lat="28.05894" lon="-16.69179">
        <ele>158.8</ele>
      </trkpt>
      <trkpt lat="28.05889" lon="-16.6917">
        <ele>159.6</ele>
      </trkpt>
      <trkpt lat="28.05878" lon="-16.69155">
        <ele>160.6</ele>
      </trkpt>
      <trkpt lat="28.05862" lon="-16.691389">
        <ele>162.0</ele>
      </trkpt>
      <trkpt lat="28.05846" lon="-16.69124">
        <ele>163.6</ele>
      </trkpt>
      <trkpt lat="28.0584" lon="-16.691189">
        <ele>164.3</ele>
      </trkpt>
      <trkpt lat="28.05836" lon="-16.69115">
        <ele>164.7</ele>
      </trkpt>
      <trkpt lat="28.05821" lon="-16.69099">
        <ele>167.5</ele>
      </trkpt>
      <trkpt lat="28.05815" lon="-16.6909">
        <ele>168.7</ele>
      </trkpt>
      <trkpt lat="28.05811" lon="-16.69085">
        <ele>169.5</ele>
      </trkpt>
      <trkpt lat="28.05807" lon="-16.69078">
        <ele>170.3</ele>
      </trkpt>
      <trkpt lat="28.05802" lon="-16.69067">
        <ele>171.1</ele>
      </trkpt>
      <trkpt lat="28.05795" lon="-16.69049">
        <ele>172.1</ele>
      </trkpt>
      <trkpt lat="28.05794" lon="-16.69042">
        <ele>172.1</ele>
      </trkpt>
      <trkpt lat="28.05791" lon="-16.69031">
        <ele>172.3</ele>
      </trkpt>
      <trkpt lat="28.0579" lon="-16.69021">
        <ele>172.3</ele>
      </trkpt>
      <trkpt lat="28.05789" lon="-16.690159">
        <ele>172.3</ele>
      </trkpt>
      <trkpt lat="28.05789" lon="-16.69009">
        <ele>172.1</ele>
      </trkpt>
      <trkpt lat="28.05789" lon="-16.690069">
        <ele>172.0</ele>
      </trkpt>
      <trkpt lat="28.05789" lon="-16.68995">
        <ele>171.4</ele>
      </trkpt>
      <trkpt lat="28.0579" lon="-16.689879">
        <ele>170.6</ele>
      </trkpt>
      <trkpt lat="28.0579" lon="-16.68986">
        <ele>170.5</ele>
      </trkpt>
      <trkpt lat="28.05791" lon="-16.68964">
        <ele>168.3</ele>
      </trkpt>
      <trkpt lat="28.05794" lon="-16.68905">
        <ele>162.3</ele>
      </trkpt>
      <trkpt lat="28.05797" lon="-16.688559">
        <ele>156.1</ele>
      </trkpt>
      <trkpt lat="28.05799" lon="-16.68818">
        <ele>151.7</ele>
      </trkpt>
      <trkpt lat="28.05801" lon="-16.68788">
        <ele>148.8</ele>
      </trkpt>
      <trkpt lat="28.05801" lon="-16.68776">
        <ele>147.7</ele>
      </trkpt>
      <trkpt lat="28.058" lon="-16.68767">
        <ele>146.9</ele>
      </trkpt>
      <trkpt lat="28.058" lon="-16.68758">
        <ele>146.1</ele>
      </trkpt>
      <trkpt lat="28.05799" lon="-16.68752">
        <ele>145.7</ele>
      </trkpt>
      <trkpt lat="28.05798" lon="-16.68746">
        <ele>145.1</ele>
      </trkpt>
      <trkpt lat="28.05798" lon="-16.687439">
        <ele>144.9</ele>
      </trkpt>
      <trkpt lat="28.05797" lon="-16.6874">
        <ele>144.6</ele>
      </trkpt>
      <trkpt lat="28.05796" lon="-16.687349">
        <ele>144.2</ele>
      </trkpt>
      <trkpt lat="28.05792" lon="-16.68722">
        <ele>143.1</ele>
      </trkpt>
      <trkpt lat="28.0579" lon="-16.68714">
        <ele>142.4</ele>
      </trkpt>
      <trkpt lat="28.05785" lon="-16.68703">
        <ele>141.5</ele>
      </trkpt>
      <trkpt lat="28.0578" lon="-16.68693">
        <ele>140.7</ele>
      </trkpt>
      <trkpt lat="28.05775" lon="-16.68683">
        <ele>139.9</ele>
      </trkpt>
      <trkpt lat="28.05764" lon="-16.68666">
        <ele>138.5</ele>
      </trkpt>
      <trkpt lat="28.05755" lon="-16.68653">
        <ele>138.2</ele>
      </trkpt>
      <trkpt lat="28.05739" lon="-16.68629">
        <ele>138.3</ele>
      </trkpt>
      <trkpt lat="28.05714" lon="-16.68589">
        <ele>138.0</ele>
      </trkpt>
      <trkpt lat="28.05663" lon="-16.68512">
        <ele>134.5</ele>
      </trkpt>
      <trkpt lat="28.0564" lon="-16.68476">
        <ele>133.3</ele>
      </trkpt>
      <trkpt lat="28.05589" lon="-16.68393">
        <ele>126.9</ele>
      </trkpt>
      <trkpt lat="28.05588" lon="-16.68391">
        <ele>126.8</ele>
      </trkpt>
      <trkpt lat="28.05569" lon="-16.683599">
        <ele>126.4</ele>
      </trkpt>
      <trkpt lat="28.0556" lon="-16.68344">
        <ele>126.1</ele>
      </trkpt>
      <trkpt lat="28.05553" lon="-16.68333">
        <ele>125.8</ele>
      </trkpt>
      <trkpt lat="28.05547" lon="-16.683219">
        <ele>126.6</ele>
      </trkpt>
      <trkpt lat="28.05528" lon="-16.6829">
        <ele>126.7</ele>
      </trkpt>
      <trkpt lat="28.05514" lon="-16.682659">
        <ele>124.5</ele>
      </trkpt>
      <trkpt lat="28.05498" lon="-16.682379">
        <ele>121.0</ele>
      </trkpt>
      <trkpt lat="28.05489" lon="-16.68222">
        <ele>120.8</ele>
      </trkpt>
      <trkpt lat="28.05486" lon="-16.68217">
        <ele>120.6</ele>
      </trkpt>
      <trkpt lat="28.05481" lon="-16.682089">
        <ele>120.2</ele>
      </trkpt>
      <trkpt lat="28.05473" lon="-16.68195">
        <ele>119.3</ele>
      </trkpt>
      <trkpt lat="28.05467" lon="-16.68183">
        <ele>118.3</ele>
      </trkpt>
      <trkpt lat="28.05458" lon="-16.68168">
        <ele>116.6</ele>
      </trkpt>
      <trkpt lat="28.05448" lon="-16.6815">
        <ele>115.8</ele>
      </trkpt>
      <trkpt lat="28.05439" lon="-16.681339">
        <ele>114.9</ele>
      </trkpt>
      <trkpt lat="28.0543" lon="-16.68118">
        <ele>113.6</ele>
      </trkpt>
      <trkpt lat="28.05418" lon="-16.680969">
        <ele>111.4</ele>
      </trkpt>
      <trkpt lat="28.05385" lon="-16.68039">
        <ele>113.1</ele>
      </trkpt>
      <trkpt lat="28.05376" lon="-16.68023">
        <ele>112.5</ele>
      </trkpt>
      <trkpt lat="28.05356" lon="-16.67989">
        <ele>109.6</ele>
      </trkpt>
      <trkpt lat="28.05348" lon="-16.679739">
        <ele>108.3</ele>
      </trkpt>
      <trkpt lat="28.05343" lon="-16.679649">
        <ele>107.4</ele>
      </trkpt>
      <trkpt lat="28.05339" lon="-16.6796">
        <ele>106.8</ele>
      </trkpt>
      <trkpt lat="28.05335" lon="-16.679559">
        <ele>106.1</ele>
      </trkpt>
      <trkpt lat="28.0533" lon="-16.67951">
        <ele>105.9</ele>
      </trkpt>
      <trkpt lat="28.05324" lon="-16.679469">
        <ele>106.0</ele>
      </trkpt>
      <trkpt lat="28.05286" lon="-16.67921">
        <ele>104.1</ele>
      </trkpt>
      <trkpt lat="28.05267" lon="-16.67911">
        <ele>103.3</ele>
      </trkpt>
      <trkpt lat="28.0525" lon="-16.67903">
        <ele>103.3</ele>
      </trkpt>
      <trkpt lat="28.05247" lon="-16.67902">
        <ele>103.3</ele>
      </trkpt>
      <trkpt lat="28.05245" lon="-16.67902">
        <ele>103.2</ele>
      </trkpt>
      <trkpt lat="28.05242" lon="-16.67901">
        <ele>103.2</ele>
      </trkpt>
      <trkpt lat="28.05239" lon="-16.678999">
        <ele>103.1</ele>
      </trkpt>
      <trkpt lat="28.05236" lon="-16.67898">
        <ele>103.1</ele>
      </trkpt>
      <trkpt lat="28.05234" lon="-16.67897">
        <ele>103.1</ele>
      </trkpt>
      <trkpt lat="28.05232" lon="-16.67894">
        <ele>103.1</ele>
      </trkpt>
      <trkpt lat="28.05229" lon="-16.67892">
        <ele>103.1</ele>
      </trkpt>
      <trkpt lat="28.05227" lon="-16.67889">
        <ele>103.2</ele>
      </trkpt>
      <trkpt lat="28.05226" lon="-16.67886">
        <ele>103.3</ele>
      </trkpt>
      <trkpt lat="28.05224" lon="-16.67883">
        <ele>103.4</ele>
      </trkpt>
      <trkpt lat="28.05223" lon="-16.678799">
        <ele>103.5</ele>
      </trkpt>
      <trkpt lat="28.05223" lon="-16.67876">
        <ele>103.6</ele>
      </trkpt>
      <trkpt lat="28.05222" lon="-16.67873">
        <ele>103.7</ele>
      </trkpt>
      <trkpt lat="28.05222" lon="-16.67869">
        <ele>103.9</ele>
      </trkpt>
      <trkpt lat="28.05222" lon="-16.67866">
        <ele>104.0</ele>
      </trkpt>
      <trkpt lat="28.05223" lon="-16.67865">
        <ele>104.1</ele>
      </trkpt>
      <trkpt lat="28.05223" lon="-16.678629">
        <ele>104.2</ele>
      </trkpt>
      <trkpt lat="28.05223" lon="-16.678619">
        <ele>104.2</ele>
      </trkpt>
      <trkpt lat="28.05223" lon="-16.678609">
        <ele>104.2</ele>
      </trkpt>
      <trkpt lat="28.05224" lon="-16.6786">
        <ele>104.3</ele>
      </trkpt>
      <trkpt lat="28.05224" lon="-16.67858">
        <ele>104.4</ele>
      </trkpt>
      <trkpt lat="28.05225" lon="-16.67857">
        <ele>104.4</ele>
      </trkpt>
      <trkpt lat="28.05225" lon="-16.67856">
        <ele>104.4</ele>
      </trkpt>
      <trkpt lat="28.05224" lon="-16.67845">
        <ele>104.9</ele>
      </trkpt>
      <trkpt lat="28.05224" lon="-16.67841">
        <ele>105.0</ele>
      </trkpt>
      <trkpt lat="28.05224" lon="-16.67838">
        <ele>105.1</ele>
      </trkpt>
      <trkpt lat="28.05223" lon="-16.67831">
        <ele>105.4</ele>
      </trkpt>
      <trkpt lat="28.0522" lon="-16.67821">
        <ele>105.8</ele>
      </trkpt>
      <trkpt lat="28.05215" lon="-16.677969">
        <ele>106.7</ele>
      </trkpt>
      <trkpt lat="28.0521" lon="-16.677779">
        <ele>107.5</ele>
      </trkpt>
      <trkpt lat="28.05206" lon="-16.67761">
        <ele>108.1</ele>
      </trkpt>
      <trkpt lat="28.05206" lon="-16.677579">
        <ele>108.2</ele>
      </trkpt>
      <trkpt lat="28.05204" lon="-16.67754">
        <ele>108.4</ele>
      </trkpt>
      <trkpt lat="28.05203" lon="-16.677489">
        <ele>108.6</ele>
      </trkpt>
      <trkpt lat="28.05201" lon="-16.67745">
        <ele>108.9</ele>
      </trkpt>
      <trkpt lat="28.05199" lon="-16.677389">
        <ele>109.2</ele>
      </trkpt>
      <trkpt lat="28.05198" lon="-16.677389">
        <ele>109.3</ele>
      </trkpt>
      <trkpt lat="28.05197" lon="-16.67738">
        <ele>109.3</ele>
      </trkpt>
      <trkpt lat="28.05196" lon="-16.67737">
        <ele>109.4</ele>
      </trkpt>
      <trkpt lat="28.05195" lon="-16.67736">
        <ele>109.4</ele>
      </trkpt>
      <trkpt lat="28.05194" lon="-16.67736">
        <ele>109.5</ele>
      </trkpt>
      <trkpt lat="28.05194" lon="-16.67735">
        <ele>109.5</ele>
      </trkpt>
      <trkpt lat="28.05193" lon="-16.67734">
        <ele>109.6</ele>
      </trkpt>
      <trkpt lat="28.05193" lon="-16.67733">
        <ele>109.6</ele>
      </trkpt>
      <trkpt lat="28.05192" lon="-16.67732">
        <ele>109.7</ele>
      </trkpt>
      <trkpt lat="28.05192" lon="-16.677309">
        <ele>109.7</ele>
      </trkpt>
      <trkpt lat="28.05191" lon="-16.677299">
        <ele>109.8</ele>
      </trkpt>
      <trkpt lat="28.05191" lon="-16.67729">
        <ele>109.9</ele>
      </trkpt>
      <trkpt lat="28.05191" lon="-16.67728">
        <ele>109.9</ele>
      </trkpt>
      <trkpt lat="28.05191" lon="-16.67727">
        <ele>110.0</ele>
      </trkpt>
      <trkpt lat="28.05191" lon="-16.67726">
        <ele>110.0</ele>
      </trkpt>
      <trkpt lat="28.05191" lon="-16.67725">
        <ele>110.1</ele>
      </trkpt>
      <trkpt lat="28.05191" lon="-16.67724">
        <ele>110.1</ele>
      </trkpt>
      <trkpt lat="28.05191" lon="-16.67723">
        <ele>110.2</ele>
      </trkpt>
      <trkpt lat="28.05191" lon="-16.677219">
        <ele>110.2</ele>
      </trkpt>
      <trkpt lat="28.05191" lon="-16.677209">
        <ele>110.3</ele>
      </trkpt>
      <trkpt lat="28.05191" lon="-16.6772">
        <ele>110.4</ele>
      </trkpt>
      <trkpt lat="28.05191" lon="-16.67719">
        <ele>110.4</ele>
      </trkpt>
      <trkpt lat="28.05192" lon="-16.67719">
        <ele>110.4</ele>
      </trkpt>
      <trkpt lat="28.05192" lon="-16.67718">
        <ele>110.5</ele>
      </trkpt>
      <trkpt lat="28.05192" lon="-16.67717">
        <ele>110.5</ele>
      </trkpt>
      <trkpt lat="28.05193" lon="-16.67716">
        <ele>110.6</ele>
      </trkpt>
      <trkpt lat="28.05193" lon="-16.67708">
        <ele>111.0</ele>
      </trkpt>
      <trkpt lat="28.05192" lon="-16.67705">
        <ele>111.2</ele>
      </trkpt>
      <trkpt lat="28.05191" lon="-16.67699">
        <ele>111.5</ele>
      </trkpt>
      <trkpt lat="28.05189" lon="-16.6769">
        <ele>112.0</ele>
      </trkpt>
      <trkpt lat="28.05188" lon="-16.6768">
        <ele>112.5</ele>
      </trkpt>
      <trkpt lat="28.0517" lon="-16.676279">
        <ele>114.0</ele>
      </trkpt>
      <trkpt lat="28.05156" lon="-16.67588">
        <ele>115.0</ele>
      </trkpt>
      <trkpt lat="28.0515" lon="-16.675709">
        <ele>115.7</ele>
      </trkpt>
      <trkpt lat="28.0515" lon="-16.67569">
        <ele>115.8</ele>
      </trkpt>
      <trkpt lat="28.05148" lon="-16.67564">
        <ele>116.0</ele>
      </trkpt>
      <trkpt lat="28.05144" lon="-16.6755">
        <ele>116.6</ele>
      </trkpt>
      <trkpt lat="28.05143" lon="-16.67547">
        <ele>116.7</ele>
      </trkpt>
      <trkpt lat="28.05139" lon="-16.6753">
        <ele>117.5</ele>
      </trkpt>
      <trkpt lat="28.05138" lon="-16.67523">
        <ele>117.8</ele>
      </trkpt>
      <trkpt lat="28.05135" lon="-16.6751">
        <ele>118.4</ele>
      </trkpt>
      <trkpt lat="28.05131" lon="-16.674869">
        <ele>119.2</ele>
      </trkpt>
      <trkpt lat="28.05129" lon="-16.6747">
        <ele>119.7</ele>
      </trkpt>
      <trkpt lat="28.05122" lon="-16.67423">
        <ele>120.9</ele>
      </trkpt>
      <trkpt lat="28.0512" lon="-16.6741">
        <ele>121.2</ele>
      </trkpt>
      <trkpt lat="28.05119" lon="-16.67404">
        <ele>121.3</ele>
      </trkpt>
      <trkpt lat="28.05118" lon="-16.67385">
        <ele>121.9</ele>
      </trkpt>
      <trkpt lat="28.05113" lon="-16.67339">
        <ele>122.9</ele>
      </trkpt>
      <trkpt lat="28.05112" lon="-16.67282">
        <ele>123.1</ele>
      </trkpt>
      <trkpt lat="28.05111" lon="-16.672519">
        <ele>123.0</ele>
      </trkpt>
      <trkpt lat="28.05111" lon="-16.672509">
        <ele>123.0</ele>
      </trkpt>
      <trkpt lat="28.05109" lon="-16.67211">
        <ele>123.6</ele>
      </trkpt>
      <trkpt lat="28.05107" lon="-16.67194">
        <ele>123.8</ele>
      </trkpt>
      <trkpt lat="28.05104" lon="-16.67182">
        <ele>123.7</ele>
      </trkpt>
      <trkpt lat="28.05102" lon="-16.67175">
        <ele>123.6</ele>
      </trkpt>
      <trkpt lat="28.05096" lon="-16.67152">
        <ele>123.8</ele>
      </trkpt>
      <trkpt lat="28.05085" lon="-16.67122">
        <ele>124.3</ele>
      </trkpt>
      <trkpt lat="28.05071" lon="-16.67082">
        <ele>125.8</ele>
      </trkpt>
      <trkpt lat="28.0507" lon="-16.67078">
        <ele>126.1</ele>
      </trkpt>
      <trkpt lat="28.05047" lon="-16.6702">
        <ele>130.1</ele>
      </trkpt>
      <trkpt lat="28.05033" lon="-16.669789">
        <ele>132.2</ele>
      </trkpt>
      <trkpt lat="28.05033" lon="-16.66978">
        <ele>132.2</ele>
      </trkpt>
      <trkpt lat="28.05024" lon="-16.669429">
        <ele>133.6</ele>
      </trkpt>
      <trkpt lat="28.0502" lon="-16.66929">
        <ele>134.1</ele>
      </trkpt>
      <trkpt lat="28.05017" lon="-16.669139">
        <ele>134.8</ele>
      </trkpt>
      <trkpt lat="28.05012" lon="-16.66884">
        <ele>136.6</ele>
      </trkpt>
      <trkpt lat="28.0501" lon="-16.6687">
        <ele>137.5</ele>
      </trkpt>
      <trkpt lat="28.05006" lon="-16.6685">
        <ele>138.8</ele>
      </trkpt>
      <trkpt lat="28.05006" lon="-16.668489">
        <ele>138.9</ele>
      </trkpt>
      <trkpt lat="28.05005" lon="-16.668479">
        <ele>138.9</ele>
      </trkpt>
      <trkpt lat="28.04991" lon="-16.66771">
        <ele>145.0</ele>
      </trkpt>
      <trkpt lat="28.04987" lon="-16.66749">
        <ele>146.6</ele>
      </trkpt>
      <trkpt lat="28.04987" lon="-16.667459">
        <ele>146.5</ele>
      </trkpt>
      <trkpt lat="28.04984" lon="-16.66728">
        <ele>146.7</ele>
      </trkpt>
      <trkpt lat="28.0498" lon="-16.66706">
        <ele>146.8</ele>
      </trkpt>
      <trkpt lat="28.04979" lon="-16.667">
        <ele>146.8</ele>
      </trkpt>
      <trkpt lat="28.04977" lon="-16.66687">
        <ele>146.6</ele>
      </trkpt>
      <trkpt lat="28.04976" lon="-16.66669">
        <ele>146.3</ele>
      </trkpt>
      <trkpt lat="28.04976" lon="-16.66663">
        <ele>146.3</ele>
      </trkpt>
      <trkpt lat="28.04975" lon="-16.66662">
        <ele>146.3</ele>
      </trkpt>
      <trkpt lat="28.04974" lon="-16.66644">
        <ele>146.3</ele>
      </trkpt>
      <trkpt lat="28.04975" lon="-16.66634">
        <ele>146.3</ele>
      </trkpt>
      <trkpt lat="28.04975" lon="-16.66631">
        <ele>146.3</ele>
      </trkpt>
      <trkpt lat="28.04976" lon="-16.66617">
        <ele>146.4</ele>
      </trkpt>
      <trkpt lat="28.04986" lon="-16.66543">
        <ele>146.2</ele>
      </trkpt>
      <trkpt lat="28.04986" lon="-16.66536">
        <ele>146.1</ele>
      </trkpt>
      <trkpt lat="28.04991" lon="-16.664909">
        <ele>145.8</ele>
      </trkpt>
      <trkpt lat="28.04996" lon="-16.66447">
        <ele>145.8</ele>
      </trkpt>
      <trkpt lat="28.05006" lon="-16.66372">
        <ele>147.0</ele>
      </trkpt>
      <trkpt lat="28.05007" lon="-16.66365">
        <ele>147.1</ele>
      </trkpt>
      <trkpt lat="28.05007" lon="-16.66364">
        <ele>147.1</ele>
      </trkpt>
      <trkpt lat="28.05009" lon="-16.66345">
        <ele>147.5</ele>
      </trkpt>
      <trkpt lat="28.05008" lon="-16.66345">
        <ele>147.4</ele>
      </trkpt>
      <trkpt lat="28.05007" lon="-16.66345">
        <ele>147.4</ele>
      </trkpt>
      <trkpt lat="28.05006" lon="-16.66344">
        <ele>147.3</ele>
      </trkpt>
      <trkpt lat="28.05005" lon="-16.66344">
        <ele>147.2</ele>
      </trkpt>
      <trkpt lat="28.05003" lon="-16.66343">
        <ele>147.1</ele>
      </trkpt>
      <trkpt lat="28.05002" lon="-16.663419">
        <ele>147.0</ele>
      </trkpt>
      <trkpt lat="28.05001" lon="-16.663409">
        <ele>147.0</ele>
      </trkpt>
      <trkpt lat="28.05" lon="-16.6634">
        <ele>146.9</ele>
      </trkpt>
      <trkpt lat="28.04999" lon="-16.66339">
        <ele>146.9</ele>
      </trkpt>
      <trkpt lat="28.04998" lon="-16.66338">
        <ele>146.9</ele>
      </trkpt>
      <trkpt lat="28.04998" lon="-16.66337">
        <ele>146.9</ele>
      </trkpt>
      <trkpt lat="28.04997" lon="-16.66336">
        <ele>146.9</ele>
      </trkpt>
      <trkpt lat="28.04996" lon="-16.66334">
        <ele>146.8</ele>
      </trkpt>
      <trkpt lat="28.04996" lon="-16.663329">
        <ele>146.9</ele>
      </trkpt>
      <trkpt lat="28.04995" lon="-16.66331">
        <ele>146.9</ele>
      </trkpt>
      <trkpt lat="28.04995" lon="-16.6633">
        <ele>146.9</ele>
      </trkpt>
      <trkpt lat="28.04995" lon="-16.66328">
        <ele>146.9</ele>
      </trkpt>
      <trkpt lat="28.04995" lon="-16.66326">
        <ele>147.0</ele>
      </trkpt>
      <trkpt lat="28.04995" lon="-16.66325">
        <ele>147.0</ele>
      </trkpt>
      <trkpt lat="28.04995" lon="-16.663229">
        <ele>147.1</ele>
      </trkpt>
      <trkpt lat="28.04995" lon="-16.663219">
        <ele>147.1</ele>
      </trkpt>
      <trkpt lat="28.04996" lon="-16.6632">
        <ele>147.2</ele>
      </trkpt>
      <trkpt lat="28.04996" lon="-16.66319">
        <ele>147.2</ele>
      </trkpt>
      <trkpt lat="28.04997" lon="-16.66317">
        <ele>147.3</ele>
      </trkpt>
      <trkpt lat="28.04997" lon="-16.66316">
        <ele>147.3</ele>
      </trkpt>
      <trkpt lat="28.04998" lon="-16.66315">
        <ele>147.4</ele>
      </trkpt>
      <trkpt lat="28.04999" lon="-16.663139">
        <ele>147.4</ele>
      </trkpt>
      <trkpt lat="28.05" lon="-16.66312">
        <ele>147.5</ele>
      </trkpt>
      <trkpt lat="28.05001" lon="-16.66311">
        <ele>147.6</ele>
      </trkpt>
      <trkpt lat="28.05002" lon="-16.6631">
        <ele>147.7</ele>
      </trkpt>
      <trkpt lat="28.05003" lon="-16.66309">
        <ele>147.8</ele>
      </trkpt>
      <trkpt lat="28.05004" lon="-16.66309">
        <ele>147.9</ele>
      </trkpt>
      <trkpt lat="28.05005" lon="-16.66308">
        <ele>148.0</ele>
      </trkpt>
      <trkpt lat="28.05006" lon="-16.66307">
        <ele>148.0</ele>
      </trkpt>
      <trkpt lat="28.05008" lon="-16.66307">
        <ele>148.2</ele>
      </trkpt>
      <trkpt lat="28.05009" lon="-16.66307">
        <ele>148.2</ele>
      </trkpt>
      <trkpt lat="28.0501" lon="-16.66306">
        <ele>148.3</ele>
      </trkpt>
      <trkpt lat="28.05012" lon="-16.66306">
        <ele>148.5</ele>
      </trkpt>
      <trkpt lat="28.05013" lon="-16.66306">
        <ele>148.5</ele>
      </trkpt>
      <trkpt lat="28.05015" lon="-16.66307">
        <ele>148.7</ele>
      </trkpt>
      <trkpt lat="28.05019" lon="-16.66274">
        <ele>149.6</ele>
      </trkpt>
      <trkpt lat="28.05022" lon="-16.66227">
        <ele>151.1</ele>
      </trkpt>
      <trkpt lat="28.05023" lon="-16.662099">
        <ele>151.8</ele>
      </trkpt>
      <trkpt lat="28.05025" lon="-16.66179">
        <ele>152.9</ele>
      </trkpt>
      <trkpt lat="28.05026" lon="-16.661549">
        <ele>153.7</ele>
      </trkpt>
      <trkpt lat="28.05027" lon="-16.661539">
        <ele>153.8</ele>
      </trkpt>
      <trkpt lat="28.05027" lon="-16.6615">
        <ele>153.9</ele>
      </trkpt>
      <trkpt lat="28.0503" lon="-16.66093">
        <ele>156.0</ele>
      </trkpt>
      <trkpt lat="28.05031" lon="-16.66072">
        <ele>156.2</ele>
      </trkpt>
      <trkpt lat="28.05032" lon="-16.66052">
        <ele>156.0</ele>
      </trkpt>
      <trkpt lat="28.05033" lon="-16.66044">
        <ele>155.9</ele>
      </trkpt>
      <trkpt lat="28.05033" lon="-16.660319">
        <ele>155.8</ele>
      </trkpt>
      <trkpt lat="28.05034" lon="-16.66021">
        <ele>155.7</ele>
      </trkpt>
      <trkpt lat="28.05034" lon="-16.66011">
        <ele>155.5</ele>
      </trkpt>
      <trkpt lat="28.05035" lon="-16.65991">
        <ele>155.5</ele>
      </trkpt>
      <trkpt lat="28.05036" lon="-16.659579">
        <ele>155.9</ele>
      </trkpt>
      <trkpt lat="28.05037" lon="-16.659379">
        <ele>156.1</ele>
      </trkpt>
      <trkpt lat="28.05038" lon="-16.65918">
        <ele>156.4</ele>
      </trkpt>
      <trkpt lat="28.05039" lon="-16.65897">
        <ele>156.5</ele>
      </trkpt>
      <trkpt lat="28.05039" lon="-16.65888">
        <ele>156.6</ele>
      </trkpt>
      <trkpt lat="28.05039" lon="-16.65856">
        <ele>156.7</ele>
      </trkpt>
      <trkpt lat="28.05039" lon="-16.658449">
        <ele>156.8</ele>
      </trkpt>
      <trkpt lat="28.0504" lon="-16.658339">
        <ele>156.9</ele>
      </trkpt>
      <trkpt lat="28.0504" lon="-16.658069">
        <ele>157.4</ele>
      </trkpt>
      <trkpt lat="28.0504" lon="-16.65792">
        <ele>157.7</ele>
      </trkpt>
      <trkpt lat="28.05041" lon="-16.65786">
        <ele>157.8</ele>
      </trkpt>
      <trkpt lat="28.0504" lon="-16.65777">
        <ele>157.9</ele>
      </trkpt>
      <trkpt lat="28.05039" lon="-16.65767">
        <ele>158.0</ele>
      </trkpt>
      <trkpt lat="28.05039" lon="-16.65754">
        <ele>158.3</ele>
      </trkpt>
      <trkpt lat="28.0504" lon="-16.657499">
        <ele>158.4</ele>
      </trkpt>
      <trkpt lat="28.05041" lon="-16.65745">
        <ele>158.4</ele>
      </trkpt>
      <trkpt lat="28.05041" lon="-16.65744">
        <ele>158.4</ele>
      </trkpt>
      <trkpt lat="28.0504" lon="-16.65744">
        <ele>158.3</ele>
      </trkpt>
      <trkpt lat="28.0504" lon="-16.65743">
        <ele>158.3</ele>
      </trkpt>
      <trkpt lat="28.05039" lon="-16.657419">
        <ele>158.2</ele>
      </trkpt>
      <trkpt lat="28.05039" lon="-16.657409">
        <ele>158.2</ele>
      </trkpt>
      <trkpt lat="28.05039" lon="-16.6574">
        <ele>158.2</ele>
      </trkpt>
      <trkpt lat="28.05039" lon="-16.65739">
        <ele>158.2</ele>
      </trkpt>
      <trkpt lat="28.05039" lon="-16.65738">
        <ele>158.2</ele>
      </trkpt>
      <trkpt lat="28.05038" lon="-16.65737">
        <ele>158.1</ele>
      </trkpt>
      <trkpt lat="28.05038" lon="-16.65736">
        <ele>158.1</ele>
      </trkpt>
      <trkpt lat="28.05038" lon="-16.65735">
        <ele>158.1</ele>
      </trkpt>
      <trkpt lat="28.05038" lon="-16.65734">
        <ele>158.1</ele>
      </trkpt>
      <trkpt lat="28.05039" lon="-16.65734">
        <ele>158.1</ele>
      </trkpt>
      <trkpt lat="28.05039" lon="-16.65733">
        <ele>158.1</ele>
      </trkpt>
      <trkpt lat="28.05039" lon="-16.657319">
        <ele>158.1</ele>
      </trkpt>
      <trkpt lat="28.05039" lon="-16.657309">
        <ele>158.1</ele>
      </trkpt>
      <trkpt lat="28.0504" lon="-16.6573">
        <ele>158.2</ele>
      </trkpt>
      <trkpt lat="28.0504" lon="-16.65729">
        <ele>158.1</ele>
      </trkpt>
      <trkpt lat="28.05041" lon="-16.65728">
        <ele>158.2</ele>
      </trkpt>
      <trkpt lat="28.0504" lon="-16.6572">
        <ele>158.0</ele>
      </trkpt>
      <trkpt lat="28.0504" lon="-16.65708">
        <ele>157.9</ele>
      </trkpt>
      <trkpt lat="28.0504" lon="-16.65707">
        <ele>157.9</ele>
      </trkpt>
      <trkpt lat="28.0504" lon="-16.656939">
        <ele>157.7</ele>
      </trkpt>
      <trkpt lat="28.05041" lon="-16.65686">
        <ele>157.7</ele>
      </trkpt>
      <trkpt lat="28.05041" lon="-16.65661">
        <ele>157.4</ele>
      </trkpt>
      <trkpt lat="28.0504" lon="-16.656479">
        <ele>157.4</ele>
      </trkpt>
      <trkpt lat="28.05042" lon="-16.656189">
        <ele>157.5</ele>
      </trkpt>
      <trkpt lat="28.05042" lon="-16.65613">
        <ele>157.5</ele>
      </trkpt>
      <trkpt lat="28.05042" lon="-16.65604">
        <ele>157.5</ele>
      </trkpt>
      <trkpt lat="28.05042" lon="-16.65594">
        <ele>157.5</ele>
      </trkpt>
      <trkpt lat="28.05043" lon="-16.655809">
        <ele>157.6</ele>
      </trkpt>
      <trkpt lat="28.05043" lon="-16.65566">
        <ele>157.7</ele>
      </trkpt>
      <trkpt lat="28.05044" lon="-16.655619">
        <ele>157.8</ele>
      </trkpt>
      <trkpt lat="28.05046" lon="-16.65556">
        <ele>158.0</ele>
      </trkpt>
      <trkpt lat="28.05048" lon="-16.655449">
        <ele>158.2</ele>
      </trkpt>
      <trkpt lat="28.05054" lon="-16.655249">
        <ele>158.8</ele>
      </trkpt>
      <trkpt lat="28.05057" lon="-16.655169">
        <ele>159.0</ele>
      </trkpt>
      <trkpt lat="28.0506" lon="-16.6551">
        <ele>159.3</ele>
      </trkpt>
      <trkpt lat="28.05066" lon="-16.65499">
        <ele>159.7</ele>
      </trkpt>
      <trkpt lat="28.05075" lon="-16.65482">
        <ele>160.0</ele>
      </trkpt>
      <trkpt lat="28.05074" lon="-16.65481">
        <ele>159.9</ele>
      </trkpt>
      <trkpt lat="28.05073" lon="-16.6548">
        <ele>159.8</ele>
      </trkpt>
      <trkpt lat="28.05071" lon="-16.654789">
        <ele>159.6</ele>
      </trkpt>
      <trkpt lat="28.0507" lon="-16.654779">
        <ele>159.6</ele>
      </trkpt>
      <trkpt lat="28.05069" lon="-16.65477">
        <ele>159.5</ele>
      </trkpt>
      <trkpt lat="28.05069" lon="-16.65476">
        <ele>159.4</ele>
      </trkpt>
      <trkpt lat="28.05068" lon="-16.65475">
        <ele>159.4</ele>
      </trkpt>
      <trkpt lat="28.05067" lon="-16.65473">
        <ele>159.2</ele>
      </trkpt>
      <trkpt lat="28.05067" lon="-16.65472">
        <ele>159.2</ele>
      </trkpt>
      <trkpt lat="28.05066" lon="-16.65471">
        <ele>159.1</ele>
      </trkpt>
      <trkpt lat="28.05065" lon="-16.654679">
        <ele>159.0</ele>
      </trkpt>
      <trkpt lat="28.05065" lon="-16.65466">
        <ele>159.0</ele>
      </trkpt>
      <trkpt lat="28.05065" lon="-16.65465">
        <ele>158.9</ele>
      </trkpt>
      <trkpt lat="28.05065" lon="-16.65463">
        <ele>158.9</ele>
      </trkpt>
      <trkpt lat="28.05065" lon="-16.65462">
        <ele>158.9</ele>
      </trkpt>
      <trkpt lat="28.05065" lon="-16.654599">
        <ele>158.8</ele>
      </trkpt>
      <trkpt lat="28.05066" lon="-16.654589">
        <ele>158.9</ele>
      </trkpt>
      <trkpt lat="28.05066" lon="-16.65457">
        <ele>158.8</ele>
      </trkpt>
      <trkpt lat="28.05067" lon="-16.65456">
        <ele>158.9</ele>
      </trkpt>
      <trkpt lat="28.05067" lon="-16.65454">
        <ele>158.8</ele>
      </trkpt>
      <trkpt lat="28.05068" lon="-16.65453">
        <ele>158.9</ele>
      </trkpt>
      <trkpt lat="28.05069" lon="-16.65452">
        <ele>158.9</ele>
      </trkpt>
      <trkpt lat="28.0507" lon="-16.654509">
        <ele>159.0</ele>
      </trkpt>
      <trkpt lat="28.05071" lon="-16.654499">
        <ele>159.0</ele>
      </trkpt>
      <trkpt lat="28.05072" lon="-16.65448">
        <ele>159.0</ele>
      </trkpt>
      <trkpt lat="28.05074" lon="-16.65447">
        <ele>159.1</ele>
      </trkpt>
      <trkpt lat="28.05075" lon="-16.65446">
        <ele>159.2</ele>
      </trkpt>
      <trkpt lat="28.05076" lon="-16.65446">
        <ele>159.2</ele>
      </trkpt>
      <trkpt lat="28.05077" lon="-16.65445">
        <ele>159.3</ele>
      </trkpt>
      <trkpt lat="28.05079" lon="-16.65445">
        <ele>159.4</ele>
      </trkpt>
      <trkpt lat="28.0508" lon="-16.65444">
        <ele>159.4</ele>
      </trkpt>
      <trkpt lat="28.05081" lon="-16.65444">
        <ele>159.5</ele>
      </trkpt>
      <trkpt lat="28.05083" lon="-16.65444">
        <ele>159.6</ele>
      </trkpt>
      <trkpt lat="28.05084" lon="-16.65444">
        <ele>159.7</ele>
      </trkpt>
      <trkpt lat="28.05085" lon="-16.65444">
        <ele>159.9</ele>
      </trkpt>
      <trkpt lat="28.05087" lon="-16.65445">
        <ele>160.1</ele>
      </trkpt>
      <trkpt lat="28.05088" lon="-16.65445">
        <ele>160.2</ele>
      </trkpt>
      <trkpt lat="28.05089" lon="-16.65446">
        <ele>160.4</ele>
      </trkpt>
      <trkpt lat="28.05091" lon="-16.65446">
        <ele>160.6</ele>
      </trkpt>
      <trkpt lat="28.05092" lon="-16.65447">
        <ele>160.8</ele>
      </trkpt>
      <trkpt lat="28.05093" lon="-16.65448">
        <ele>160.9</ele>
      </trkpt>
      <trkpt lat="28.05094" lon="-16.65449">
        <ele>161.0</ele>
      </trkpt>
      <trkpt lat="28.05095" lon="-16.654499">
        <ele>161.2</ele>
      </trkpt>
      <trkpt lat="28.05097" lon="-16.65452">
        <ele>161.4</ele>
      </trkpt>
      <trkpt lat="28.05105" lon="-16.65435">
        <ele>162.1</ele>
      </trkpt>
      <trkpt lat="28.05111" lon="-16.65424">
        <ele>162.7</ele>
      </trkpt>
      <trkpt lat="28.05122" lon="-16.654039">
        <ele>164.1</ele>
      </trkpt>
      <trkpt lat="28.05141" lon="-16.65371">
        <ele>166.2</ele>
      </trkpt>
      <trkpt lat="28.05163" lon="-16.65334">
        <ele>167.7</ele>
      </trkpt>
      <trkpt lat="28.05201" lon="-16.65269">
        <ele>167.7</ele>
      </trkpt>
      <trkpt lat="28.05212" lon="-16.6525">
        <ele>167.8</ele>
      </trkpt>
      <trkpt lat="28.05223" lon="-16.65228">
        <ele>168.5</ele>
      </trkpt>
      <trkpt lat="28.05227" lon="-16.65218">
        <ele>168.7</ele>
      </trkpt>
      <trkpt lat="28.0523" lon="-16.652069">
        <ele>168.8</ele>
      </trkpt>
      <trkpt lat="28.05233" lon="-16.651969">
        <ele>168.9</ele>
      </trkpt>
      <trkpt lat="28.05235" lon="-16.6519">
        <ele>169.0</ele>
      </trkpt>
      <trkpt lat="28.05235" lon="-16.6518">
        <ele>168.9</ele>
      </trkpt>
      <trkpt lat="28.05237" lon="-16.65172">
        <ele>169.0</ele>
      </trkpt>
      <trkpt lat="28.05238" lon="-16.65162">
        <ele>169.2</ele>
      </trkpt>
      <trkpt lat="28.05239" lon="-16.65154">
        <ele>169.6</ele>
      </trkpt>
      <trkpt lat="28.0524" lon="-16.65114">
        <ele>171.2</ele>
      </trkpt>
      <trkpt lat="28.05239" lon="-16.65101">
        <ele>171.6</ele>
      </trkpt>
      <trkpt lat="28.05239" lon="-16.651">
        <ele>171.7</ele>
      </trkpt>
      <trkpt lat="28.05238" lon="-16.6508">
        <ele>172.4</ele>
      </trkpt>
      <trkpt lat="28.05233" lon="-16.65013">
        <ele>175.2</ele>
      </trkpt>
      <trkpt lat="28.05231" lon="-16.64993">
        <ele>175.6</ele>
      </trkpt>
      <trkpt lat="28.05228" lon="-16.649429">
        <ele>174.9</ele>
      </trkpt>
      <trkpt lat="28.05227" lon="-16.649339">
        <ele>174.7</ele>
      </trkpt>
      <trkpt lat="28.05226" lon="-16.64923">
        <ele>174.5</ele>
      </trkpt>
      <trkpt lat="28.05225" lon="-16.64902">
        <ele>175.6</ele>
      </trkpt>
      <trkpt lat="28.05224" lon="-16.64882">
        <ele>177.2</ele>
      </trkpt>
      <trkpt lat="28.05223" lon="-16.64862">
        <ele>178.9</ele>
      </trkpt>
      <trkpt lat="28.05222" lon="-16.648409">
        <ele>180.7</ele>
      </trkpt>
      <trkpt lat="28.05221" lon="-16.648209">
        <ele>182.4</ele>
      </trkpt>
      <trkpt lat="28.05219" lon="-16.64801">
        <ele>184.3</ele>
      </trkpt>
      <trkpt lat="28.05219" lon="-16.64788">
        <ele>185.5</ele>
      </trkpt>
      <trkpt lat="28.0522" lon="-16.64781">
        <ele>186.1</ele>
      </trkpt>
      <trkpt lat="28.0522" lon="-16.64762">
        <ele>187.9</ele>
      </trkpt>
      <trkpt lat="28.0522" lon="-16.64742">
        <ele>188.4</ele>
      </trkpt>
      <trkpt lat="28.0522" lon="-16.6472">
        <ele>186.9</ele>
      </trkpt>
      <trkpt lat="28.05221" lon="-16.64706">
        <ele>185.9</ele>
      </trkpt>
      <trkpt lat="28.05222" lon="-16.64701">
        <ele>185.5</ele>
      </trkpt>
      <trkpt lat="28.05225" lon="-16.64682">
        <ele>184.2</ele>
      </trkpt>
      <trkpt lat="28.0523" lon="-16.6465">
        <ele>183.0</ele>
      </trkpt>
      <trkpt lat="28.05232" lon="-16.6464">
        <ele>182.9</ele>
      </trkpt>
      <trkpt lat="28.05237" lon="-16.646139">
        <ele>182.8</ele>
      </trkpt>
      <trkpt lat="28.05239" lon="-16.6459">
        <ele>182.6</ele>
      </trkpt>
      <trkpt lat="28.05252" lon="-16.64525">
        <ele>179.6</ele>
      </trkpt>
      <trkpt lat="28.05253" lon="-16.645209">
        <ele>179.4</ele>
      </trkpt>
      <trkpt lat="28.05257" lon="-16.644749">
        <ele>177.6</ele>
      </trkpt>
      <trkpt lat="28.05258" lon="-16.64457">
        <ele>177.0</ele>
      </trkpt>
      <trkpt lat="28.05255" lon="-16.644359">
        <ele>176.1</ele>
      </trkpt>
      <trkpt lat="28.05244" lon="-16.64384">
        <ele>173.7</ele>
      </trkpt>
      <trkpt lat="28.05239" lon="-16.64365">
        <ele>172.8</ele>
      </trkpt>
      <trkpt lat="28.05238" lon="-16.64357">
        <ele>172.5</ele>
      </trkpt>
      <trkpt lat="28.05226" lon="-16.64316">
        <ele>171.7</ele>
      </trkpt>
      <trkpt lat="28.05224" lon="-16.643059">
        <ele>171.9</ele>
      </trkpt>
      <trkpt lat="28.0522" lon="-16.64289">
        <ele>172.3</ele>
      </trkpt>
      <trkpt lat="28.05214" lon="-16.64263">
        <ele>172.9</ele>
      </trkpt>
      <trkpt lat="28.05213" lon="-16.642489">
        <ele>173.3</ele>
      </trkpt>
      <trkpt lat="28.05212" lon="-16.64229">
        <ele>173.1</ele>
      </trkpt>
      <trkpt lat="28.05212" lon="-16.64209">
        <ele>173.0</ele>
      </trkpt>
      <trkpt lat="28.05212" lon="-16.64201">
        <ele>172.9</ele>
      </trkpt>
      <trkpt lat="28.05213" lon="-16.641649">
        <ele>172.6</ele>
      </trkpt>
      <trkpt lat="28.05217" lon="-16.641279">
        <ele>172.3</ele>
      </trkpt>
      <trkpt lat="28.05217" lon="-16.641179">
        <ele>172.2</ele>
      </trkpt>
      <trkpt lat="28.05221" lon="-16.64044">
        <ele>171.7</ele>
      </trkpt>
      <trkpt lat="28.05228" lon="-16.63973">
        <ele>171.3</ele>
      </trkpt>
      <trkpt lat="28.05228" lon="-16.63924">
        <ele>171.7</ele>
      </trkpt>
      <trkpt lat="28.05228" lon="-16.63904">
        <ele>171.6</ele>
      </trkpt>
      <trkpt lat="28.05224" lon="-16.638729">
        <ele>171.4</ele>
      </trkpt>
      <trkpt lat="28.05222" lon="-16.638639">
        <ele>171.4</ele>
      </trkpt>
      <trkpt lat="28.05217" lon="-16.63841">
        <ele>171.3</ele>
      </trkpt>
      <trkpt lat="28.05204" lon="-16.63806">
        <ele>170.4</ele>
      </trkpt>
      <trkpt lat="28.05187" lon="-16.63763">
        <ele>168.2</ele>
      </trkpt>
      <trkpt lat="28.05184" lon="-16.63755">
        <ele>167.7</ele>
      </trkpt>
      <trkpt lat="28.0517" lon="-16.637149">
        <ele>165.4</ele>
      </trkpt>
      <trkpt lat="28.0516" lon="-16.636869">
        <ele>164.0</ele>
      </trkpt>
      <trkpt lat="28.05156" lon="-16.636769">
        <ele>163.5</ele>
      </trkpt>
      <trkpt lat="28.0514" lon="-16.63637">
        <ele>162.4</ele>
      </trkpt>
      <trkpt lat="28.05139" lon="-16.63633">
        <ele>162.3</ele>
      </trkpt>
      <trkpt lat="28.05132" lon="-16.63615">
        <ele>161.9</ele>
      </trkpt>
      <trkpt lat="28.05124" lon="-16.63596">
        <ele>161.3</ele>
      </trkpt>
      <trkpt lat="28.05117" lon="-16.63578">
        <ele>160.7</ele>
      </trkpt>
      <trkpt lat="28.05112" lon="-16.635629">
        <ele>160.3</ele>
      </trkpt>
      <trkpt lat="28.0511" lon="-16.63559">
        <ele>160.2</ele>
      </trkpt>
      <trkpt lat="28.05099" lon="-16.63524">
        <ele>159.4</ele>
      </trkpt>
      <trkpt lat="28.05083" lon="-16.63483">
        <ele>158.4</ele>
      </trkpt>
      <trkpt lat="28.05076" lon="-16.63465">
        <ele>157.3</ele>
      </trkpt>
      <trkpt lat="28.05075" lon="-16.634609">
        <ele>157.0</ele>
      </trkpt>
      <trkpt lat="28.05073" lon="-16.63455">
        <ele>156.7</ele>
      </trkpt>
      <trkpt lat="28.05066" lon="-16.63437">
        <ele>155.5</ele>
      </trkpt>
      <trkpt lat="28.05054" lon="-16.63406">
        <ele>153.7</ele>
      </trkpt>
      <trkpt lat="28.05045" lon="-16.63384">
        <ele>152.6</ele>
      </trkpt>
      <trkpt lat="28.05032" lon="-16.63353">
        <ele>151.2</ele>
      </trkpt>
      <trkpt lat="28.05029" lon="-16.63343">
        <ele>150.9</ele>
      </trkpt>
      <trkpt lat="28.05019" lon="-16.63315">
        <ele>150.4</ele>
      </trkpt>
      <trkpt lat="28.05016" lon="-16.63305">
        <ele>150.4</ele>
      </trkpt>
      <trkpt lat="28.05007" lon="-16.63277">
        <ele>150.2</ele>
      </trkpt>
      <trkpt lat="28.04997" lon="-16.63252">
        <ele>149.7</ele>
      </trkpt>
      <trkpt lat="28.04987" lon="-16.63224">
        <ele>149.5</ele>
      </trkpt>
      <trkpt lat="28.04977" lon="-16.631979">
        <ele>149.3</ele>
      </trkpt>
      <trkpt lat="28.04974" lon="-16.63191">
        <ele>149.2</ele>
      </trkpt>
      <trkpt lat="28.04967" lon="-16.63164">
        <ele>149.2</ele>
      </trkpt>
      <trkpt lat="28.04962" lon="-16.63148">
        <ele>148.7</ele>
      </trkpt>
      <trkpt lat="28.04959" lon="-16.63143">
        <ele>148.4</ele>
      </trkpt>
      <trkpt lat="28.04957" lon="-16.63139">
        <ele>148.2</ele>
      </trkpt>
      <trkpt lat="28.04954" lon="-16.63129">
        <ele>147.8</ele>
      </trkpt>
      <trkpt lat="28.04949" lon="-16.6311">
        <ele>147.1</ele>
      </trkpt>
      <trkpt lat="28.04945" lon="-16.630939">
        <ele>146.5</ele>
      </trkpt>
      <trkpt lat="28.04942" lon="-16.63078">
        <ele>146.0</ele>
      </trkpt>
      <trkpt lat="28.04936" lon="-16.63033">
        <ele>145.0</ele>
      </trkpt>
      <trkpt lat="28.04934" lon="-16.630189">
        <ele>144.6</ele>
      </trkpt>
      <trkpt lat="28.04932" lon="-16.63013">
        <ele>144.3</ele>
      </trkpt>
      <trkpt lat="28.04925" lon="-16.62989">
        <ele>142.5</ele>
      </trkpt>
      <trkpt lat="28.04921" lon="-16.6298">
        <ele>141.4</ele>
      </trkpt>
      <trkpt lat="28.04912" lon="-16.629639">
        <ele>139.5</ele>
      </trkpt>
      <trkpt lat="28.0491" lon="-16.6296">
        <ele>139.2</ele>
      </trkpt>
      <trkpt lat="28.04902" lon="-16.62952">
        <ele>138.3</ele>
      </trkpt>
      <trkpt lat="28.04893" lon="-16.629439">
        <ele>137.4</ele>
      </trkpt>
      <trkpt lat="28.04886" lon="-16.629359">
        <ele>136.7</ele>
      </trkpt>
      <trkpt lat="28.04886" lon="-16.629359">
        <ele>136.7</ele>
      </trkpt>
      <trkpt lat="28.04882" lon="-16.62933">
        <ele>136.4</ele>
      </trkpt>
      <trkpt lat="28.04855" lon="-16.6292">
        <ele>134.9</ele>
      </trkpt>
      <trkpt lat="28.04817" lon="-16.62904">
        <ele>133.6</ele>
      </trkpt>
      <trkpt lat="28.04812" lon="-16.62902">
        <ele>133.3</ele>
      </trkpt>
      <trkpt lat="28.04798" lon="-16.62896">
        <ele>132.7</ele>
      </trkpt>
      <trkpt lat="28.04776" lon="-16.62887">
        <ele>131.3</ele>
      </trkpt>
      <trkpt lat="28.04758" lon="-16.628789">
        <ele>129.8</ele>
      </trkpt>
      <trkpt lat="28.04745" lon="-16.62873">
        <ele>128.6</ele>
      </trkpt>
      <trkpt lat="28.04741" lon="-16.62871">
        <ele>128.3</ele>
      </trkpt>
      <trkpt lat="28.0474" lon="-16.62871">
        <ele>128.3</ele>
      </trkpt>
      <trkpt lat="28.04728" lon="-16.62866">
        <ele>127.4</ele>
      </trkpt>
      <trkpt lat="28.04724" lon="-16.62864">
        <ele>127.1</ele>
      </trkpt>
      <trkpt lat="28.0472" lon="-16.62863">
        <ele>126.8</ele>
      </trkpt>
      <trkpt lat="28.04714" lon="-16.628609">
        <ele>126.4</ele>
      </trkpt>
      <trkpt lat="28.04709" lon="-16.628599">
        <ele>126.1</ele>
      </trkpt>
      <trkpt lat="28.04705" lon="-16.628599">
        <ele>125.9</ele>
      </trkpt>
      <trkpt lat="28.04687" lon="-16.62867">
        <ele>125.7</ele>
      </trkpt>
      <trkpt lat="28.04687" lon="-16.62867">
        <ele>125.7</ele>
      </trkpt>
      <trkpt lat="28.04686" lon="-16.62868">
        <ele>125.7</ele>
      </trkpt>
      <trkpt lat="28.04685" lon="-16.628689">
        <ele>125.8</ele>
      </trkpt>
      <trkpt lat="28.04684" lon="-16.62871">
        <ele>125.9</ele>
      </trkpt>
      <trkpt lat="28.04683" lon="-16.62872">
        <ele>125.9</ele>
      </trkpt>
      <trkpt lat="28.04682" lon="-16.62873">
        <ele>126.0</ele>
      </trkpt>
      <trkpt lat="28.0468" lon="-16.62873">
        <ele>125.9</ele>
      </trkpt>
      <trkpt lat="28.04678" lon="-16.62874">
        <ele>125.9</ele>
      </trkpt>
      <trkpt lat="28.04677" lon="-16.62875">
        <ele>125.9</ele>
      </trkpt>
      <trkpt lat="28.04675" lon="-16.62875">
        <ele>125.8</ele>
      </trkpt>
      <trkpt lat="28.04674" lon="-16.62876">
        <ele>125.9</ele>
      </trkpt>
      <trkpt lat="28.04672" lon="-16.62876">
        <ele>125.8</ele>
      </trkpt>
      <trkpt lat="28.04671" lon="-16.62876">
        <ele>125.8</ele>
      </trkpt>
      <trkpt lat="28.04669" lon="-16.62876">
        <ele>125.7</ele>
      </trkpt>
      <trkpt lat="28.04668" lon="-16.62875">
        <ele>125.6</ele>
      </trkpt>
      <trkpt lat="28.04667" lon="-16.62875">
        <ele>125.5</ele>
      </trkpt>
      <trkpt lat="28.04665" lon="-16.62874">
        <ele>125.4</ele>
      </trkpt>
      <trkpt lat="28.04664" lon="-16.62874">
        <ele>125.4</ele>
      </trkpt>
      <trkpt lat="28.04663" lon="-16.62873">
        <ele>125.2</ele>
      </trkpt>
      <trkpt lat="28.04662" lon="-16.62873">
        <ele>125.2</ele>
      </trkpt>
      <trkpt lat="28.04661" lon="-16.62872">
        <ele>125.1</ele>
      </trkpt>
      <trkpt lat="28.0466" lon="-16.62871">
        <ele>125.0</ele>
      </trkpt>
      <trkpt lat="28.04659" lon="-16.628699">
        <ele>124.9</ele>
      </trkpt>
      <trkpt lat="28.04658" lon="-16.628689">
        <ele>124.8</ele>
      </trkpt>
      <trkpt lat="28.04657" lon="-16.62867">
        <ele>124.6</ele>
      </trkpt>
      <trkpt lat="28.04656" lon="-16.62866">
        <ele>124.5</ele>
      </trkpt>
      <trkpt lat="28.04655" lon="-16.62864">
        <ele>124.3</ele>
      </trkpt>
      <trkpt lat="28.04655" lon="-16.62863">
        <ele>124.3</ele>
      </trkpt>
      <trkpt lat="28.04654" lon="-16.628609">
        <ele>124.1</ele>
      </trkpt>
      <trkpt lat="28.04654" lon="-16.628599">
        <ele>124.0</ele>
      </trkpt>
      <trkpt lat="28.04654" lon="-16.62858">
        <ele>123.8</ele>
      </trkpt>
      <trkpt lat="28.04653" lon="-16.62856">
        <ele>123.6</ele>
      </trkpt>
      <trkpt lat="28.04653" lon="-16.62855">
        <ele>123.6</ele>
      </trkpt>
      <trkpt lat="28.04654" lon="-16.62853">
        <ele>123.4</ele>
      </trkpt>
      <trkpt lat="28.04654" lon="-16.628509">
        <ele>123.3</ele>
      </trkpt>
      <trkpt lat="28.04654" lon="-16.628499">
        <ele>123.2</ele>
      </trkpt>
      <trkpt lat="28.04655" lon="-16.62848">
        <ele>123.0</ele>
      </trkpt>
      <trkpt lat="28.04655" lon="-16.62846">
        <ele>122.9</ele>
      </trkpt>
      <trkpt lat="28.04656" lon="-16.62845">
        <ele>122.8</ele>
      </trkpt>
      <trkpt lat="28.04657" lon="-16.62843">
        <ele>122.7</ele>
      </trkpt>
      <trkpt lat="28.04658" lon="-16.628419">
        <ele>122.6</ele>
      </trkpt>
      <trkpt lat="28.04658" lon="-16.628409">
        <ele>122.5</ele>
      </trkpt>
      <trkpt lat="28.0466" lon="-16.6284">
        <ele>122.5</ele>
      </trkpt>
      <trkpt lat="28.04661" lon="-16.62839">
        <ele>122.4</ele>
      </trkpt>
      <trkpt lat="28.04662" lon="-16.62838">
        <ele>122.3</ele>
      </trkpt>
      <trkpt lat="28.04663" lon="-16.62837">
        <ele>122.3</ele>
      </trkpt>
      <trkpt lat="28.04665" lon="-16.62836">
        <ele>122.2</ele>
      </trkpt>
      <trkpt lat="28.04666" lon="-16.62835">
        <ele>122.1</ele>
      </trkpt>
      <trkpt lat="28.04678" lon="-16.628219">
        <ele>122.5</ele>
      </trkpt>
      <trkpt lat="28.0468" lon="-16.62818">
        <ele>122.6</ele>
      </trkpt>
      <trkpt lat="28.04683" lon="-16.62812">
        <ele>122.7</ele>
      </trkpt>
      <trkpt lat="28.04686" lon="-16.62793">
        <ele>122.7</ele>
      </trkpt>
      <trkpt lat="28.04691" lon="-16.62768">
        <ele>122.7</ele>
      </trkpt>
      <trkpt lat="28.04699" lon="-16.62726">
        <ele>123.9</ele>
      </trkpt>
      <trkpt lat="28.04704" lon="-16.62708">
        <ele>124.7</ele>
      </trkpt>
      <trkpt lat="28.04709" lon="-16.62693">
        <ele>125.4</ele>
      </trkpt>
      <trkpt lat="28.04712" lon="-16.626819">
        <ele>125.8</ele>
      </trkpt>
      <trkpt lat="28.04718" lon="-16.62671">
        <ele>126.2</ele>
      </trkpt>
      <trkpt lat="28.04722" lon="-16.626619">
        <ele>126.7</ele>
      </trkpt>
      <trkpt lat="28.04727" lon="-16.626529">
        <ele>127.2</ele>
      </trkpt>
      <trkpt lat="28.04732" lon="-16.626449">
        <ele>127.7</ele>
      </trkpt>
      <trkpt lat="28.04735" lon="-16.62639">
        <ele>128.1</ele>
      </trkpt>
      <trkpt lat="28.0474" lon="-16.62632">
        <ele>128.6</ele>
      </trkpt>
      <trkpt lat="28.04745" lon="-16.626249">
        <ele>129.0</ele>
      </trkpt>
      <trkpt lat="28.04749" lon="-16.6262">
        <ele>129.4</ele>
      </trkpt>
      <trkpt lat="28.04751" lon="-16.62615">
        <ele>129.7</ele>
      </trkpt>
      <trkpt lat="28.04755" lon="-16.6261">
        <ele>130.0</ele>
      </trkpt>
      <trkpt lat="28.04755" lon="-16.62608">
        <ele>130.2</ele>
      </trkpt>
      <trkpt lat="28.04757" lon="-16.62605">
        <ele>130.4</ele>
      </trkpt>
      <trkpt lat="28.04759" lon="-16.62601">
        <ele>130.6</ele>
      </trkpt>
      <trkpt lat="28.047612" lon="-16.625965">
        <ele>130.9</ele>
      </trkpt>
      <trkpt lat="28.04762" lon="-16.62595">
        <ele>131.0</ele>
      </trkpt>
      <trkpt lat="28.04765" lon="-16.62585">
        <ele>131.7</ele>
      </trkpt>
      <trkpt lat="28.04765" lon="-16.62583">
        <ele>131.8</ele>
      </trkpt>
      <trkpt lat="28.04765" lon="-16.625789">
        <ele>132.1</ele>
      </trkpt>
      <trkpt lat="28.04765" lon="-16.62575">
        <ele>132.3</ele>
      </trkpt>
      <trkpt lat="28.04766" lon="-16.62571">
        <ele>132.5</ele>
      </trkpt>
      <trkpt lat="28.04767" lon="-16.62568">
        <ele>132.7</ele>
      </trkpt>
      <trkpt lat="28.04768" lon="-16.62565">
        <ele>132.9</ele>
      </trkpt>
      <trkpt lat="28.0477" lon="-16.62563">
        <ele>133.0</ele>
      </trkpt>
      <trkpt lat="28.04771" lon="-16.62561">
        <ele>133.2</ele>
      </trkpt>
      <trkpt lat="28.04773" lon="-16.625589">
        <ele>133.3</ele>
      </trkpt>
      <trkpt lat="28.04775" lon="-16.62556">
        <ele>133.5</ele>
      </trkpt>
      <trkpt lat="28.04777" lon="-16.62554">
        <ele>133.7</ele>
      </trkpt>
      <trkpt lat="28.0478" lon="-16.62547">
        <ele>134.2</ele>
      </trkpt>
      <trkpt lat="28.04783" lon="-16.625399">
        <ele>134.7</ele>
      </trkpt>
      <trkpt lat="28.04784" lon="-16.62536">
        <ele>135.0</ele>
      </trkpt>
      <trkpt lat="28.04785" lon="-16.62533">
        <ele>135.3</ele>
      </trkpt>
      <trkpt lat="28.04786" lon="-16.62528">
        <ele>135.7</ele>
      </trkpt>
      <trkpt lat="28.04787" lon="-16.62521">
        <ele>136.2</ele>
      </trkpt>
      <trkpt lat="28.04788" lon="-16.62515">
        <ele>136.7</ele>
      </trkpt>
      <trkpt lat="28.04788" lon="-16.625119">
        <ele>136.9</ele>
      </trkpt>
      <trkpt lat="28.04789" lon="-16.625039">
        <ele>137.6</ele>
      </trkpt>
      <trkpt lat="28.04791" lon="-16.62493">
        <ele>138.2</ele>
      </trkpt>
      <trkpt lat="28.04793" lon="-16.62473">
        <ele>138.9</ele>
      </trkpt>
      <trkpt lat="28.04801" lon="-16.62425">
        <ele>140.6</ele>
      </trkpt>
      <trkpt lat="28.04801" lon="-16.62425">
        <ele>140.6</ele>
      </trkpt>
      <trkpt lat="28.04801" lon="-16.624199">
        <ele>140.7</ele>
      </trkpt>
      <trkpt lat="28.04809" lon="-16.623719">
        <ele>140.5</ele>
      </trkpt>
      <trkpt lat="28.04818" lon="-16.62321">
        <ele>139.5</ele>
      </trkpt>
      <trkpt lat="28.04825" lon="-16.62281">
        <ele>138.1</ele>
      </trkpt>
      <trkpt lat="28.04827" lon="-16.622689">
        <ele>137.6</ele>
      </trkpt>
      <trkpt lat="28.04828" lon="-16.62261">
        <ele>137.3</ele>
      </trkpt>
      <trkpt lat="28.04836" lon="-16.62218">
        <ele>135.9</ele>
      </trkpt>
      <trkpt lat="28.04843" lon="-16.62173">
        <ele>134.6</ele>
      </trkpt>
      <trkpt lat="28.04853" lon="-16.62116">
        <ele>133.2</ele>
      </trkpt>
      <trkpt lat="28.04862" lon="-16.620709">
        <ele>132.2</ele>
      </trkpt>
      <trkpt lat="28.04861" lon="-16.620709">
        <ele>132.2</ele>
      </trkpt>
      <trkpt lat="28.04861" lon="-16.6207">
        <ele>132.2</ele>
      </trkpt>
      <trkpt lat="28.04861" lon="-16.62069">
        <ele>132.2</ele>
      </trkpt>
      <trkpt lat="28.04861" lon="-16.62068">
        <ele>132.2</ele>
      </trkpt>
      <trkpt lat="28.04861" lon="-16.62067">
        <ele>132.2</ele>
      </trkpt>
      <trkpt lat="28.04861" lon="-16.62066">
        <ele>132.2</ele>
      </trkpt>
      <trkpt lat="28.04861" lon="-16.62065">
        <ele>132.2</ele>
      </trkpt>
      <trkpt lat="28.04861" lon="-16.62064">
        <ele>132.2</ele>
      </trkpt>
      <trkpt lat="28.04861" lon="-16.620629">
        <ele>132.2</ele>
      </trkpt>
      <trkpt lat="28.04862" lon="-16.620619">
        <ele>132.2</ele>
      </trkpt>
      <trkpt lat="28.04862" lon="-16.62061">
        <ele>132.2</ele>
      </trkpt>
      <trkpt lat="28.04863" lon="-16.62061">
        <ele>132.2</ele>
      </trkpt>
      <trkpt lat="28.04863" lon="-16.6206">
        <ele>132.2</ele>
      </trkpt>
      <trkpt lat="28.04864" lon="-16.62059">
        <ele>132.2</ele>
      </trkpt>
      <trkpt lat="28.04871" lon="-16.62014">
        <ele>132.0</ele>
      </trkpt>
      <trkpt lat="28.04878" lon="-16.619689">
        <ele>132.0</ele>
      </trkpt>
      <trkpt lat="28.04886" lon="-16.61916">
        <ele>132.0</ele>
      </trkpt>
      <trkpt lat="28.04894" lon="-16.61861">
        <ele>131.3</ele>
      </trkpt>
      <trkpt lat="28.04901" lon="-16.61821">
        <ele>131.3</ele>
      </trkpt>
      <trkpt lat="28.04904" lon="-16.61801">
        <ele>131.7</ele>
      </trkpt>
      <trkpt lat="28.04907" lon="-16.617809">
        <ele>132.2</ele>
      </trkpt>
      <trkpt lat="28.04909" lon="-16.61775">
        <ele>132.3</ele>
      </trkpt>
      <trkpt lat="28.04915" lon="-16.61747">
        <ele>133.1</ele>
      </trkpt>
      <trkpt lat="28.04918" lon="-16.61729">
        <ele>133.8</ele>
      </trkpt>
      <trkpt lat="28.04918" lon="-16.61723">
        <ele>134.0</ele>
      </trkpt>
      <trkpt lat="28.04917" lon="-16.6167">
        <ele>135.9</ele>
      </trkpt>
      <trkpt lat="28.04917" lon="-16.61633">
        <ele>136.0</ele>
      </trkpt>
      <trkpt lat="28.04917" lon="-16.61607">
        <ele>136.0</ele>
      </trkpt>
      <trkpt lat="28.04916" lon="-16.6158">
        <ele>135.8</ele>
      </trkpt>
      <trkpt lat="28.04916" lon="-16.615549">
        <ele>134.6</ele>
      </trkpt>
      <trkpt lat="28.04916" lon="-16.61541">
        <ele>133.9</ele>
      </trkpt>
      <trkpt lat="28.04916" lon="-16.61541">
        <ele>133.9</ele>
      </trkpt>
      <trkpt lat="28.04931" lon="-16.61541">
        <ele>133.7</ele>
      </trkpt>
      <trkpt lat="28.04967" lon="-16.61541">
        <ele>133.1</ele>
      </trkpt>
      <trkpt lat="28.05038" lon="-16.61541">
        <ele>132.7</ele>
      </trkpt>
      <trkpt lat="28.05048" lon="-16.61541">
        <ele>132.8</ele>
      </trkpt>
      <trkpt lat="28.05056" lon="-16.615369">
        <ele>132.7</ele>
      </trkpt>
      <trkpt lat="28.05063" lon="-16.615359">
        <ele>132.7</ele>
      </trkpt>
      <trkpt lat="28.05063" lon="-16.615359">
        <ele>132.7</ele>
      </trkpt>
      <trkpt lat="28.05064" lon="-16.61535">
        <ele>132.7</ele>
      </trkpt>
      <trkpt lat="28.05064" lon="-16.61534">
        <ele>132.7</ele>
      </trkpt>
      <trkpt lat="28.05064" lon="-16.61533">
        <ele>132.7</ele>
      </trkpt>
      <trkpt lat="28.05065" lon="-16.61532">
        <ele>132.6</ele>
      </trkpt>
      <trkpt lat="28.05065" lon="-16.61531">
        <ele>132.6</ele>
      </trkpt>
      <trkpt lat="28.05066" lon="-16.61531">
        <ele>132.6</ele>
      </trkpt>
      <trkpt lat="28.05066" lon="-16.6153">
        <ele>132.6</ele>
      </trkpt>
      <trkpt lat="28.05066" lon="-16.61529">
        <ele>132.6</ele>
      </trkpt>
      <trkpt lat="28.05065" lon="-16.6142">
        <ele>130.8</ele>
      </trkpt>
      <trkpt lat="28.05064" lon="-16.61395">
        <ele>131.1</ele>
      </trkpt>
      <trkpt lat="28.05063" lon="-16.61357">
        <ele>131.7</ele>
      </trkpt>
      <trkpt lat="28.05062" lon="-16.61323">
        <ele>132.2</ele>
      </trkpt>
      <trkpt lat="28.05062" lon="-16.61305">
        <ele>132.5</ele>
      </trkpt>
      <trkpt lat="28.05061" lon="-16.61285">
        <ele>132.8</ele>
      </trkpt>
      <trkpt lat="28.05061" lon="-16.612639">
        <ele>133.2</ele>
      </trkpt>
      <trkpt lat="28.05061" lon="-16.61244">
        <ele>133.6</ele>
      </trkpt>
      <trkpt lat="28.05061" lon="-16.6124">
        <ele>133.7</ele>
      </trkpt>
      <trkpt lat="28.05061" lon="-16.61235">
        <ele>133.8</ele>
      </trkpt>
      <trkpt lat="28.05058" lon="-16.61223">
        <ele>133.9</ele>
      </trkpt>
      <trkpt lat="28.05058" lon="-16.61223">
        <ele>133.9</ele>
      </trkpt>
      <trkpt lat="28.05056" lon="-16.61221">
        <ele>133.9</ele>
      </trkpt>
      <trkpt lat="28.05054" lon="-16.612189">
        <ele>133.9</ele>
      </trkpt>
      <trkpt lat="28.05052" lon="-16.612169">
        <ele>133.9</ele>
      </trkpt>
      <trkpt lat="28.0505" lon="-16.61214">
        <ele>133.9</ele>
      </trkpt>
      <trkpt lat="28.05049" lon="-16.61211">
        <ele>133.9</ele>
      </trkpt>
      <trkpt lat="28.05047" lon="-16.61207">
        <ele>133.9</ele>
      </trkpt>
      <trkpt lat="28.05047" lon="-16.61204">
        <ele>134.0</ele>
      </trkpt>
      <trkpt lat="28.05046" lon="-16.61201">
        <ele>134.0</ele>
      </trkpt>
      <trkpt lat="28.05046" lon="-16.61197">
        <ele>134.1</ele>
      </trkpt>
      <trkpt lat="28.05046" lon="-16.61192">
        <ele>134.2</ele>
      </trkpt>
      <trkpt lat="28.05047" lon="-16.611889">
        <ele>134.3</ele>
      </trkpt>
      <trkpt lat="28.05048" lon="-16.61187">
        <ele>134.3</ele>
      </trkpt>
      <trkpt lat="28.05049" lon="-16.61184">
        <ele>134.4</ele>
      </trkpt>
      <trkpt lat="28.0505" lon="-16.61182">
        <ele>134.5</ele>
      </trkpt>
      <trkpt lat="28.05052" lon="-16.61179">
        <ele>134.6</ele>
      </trkpt>
      <trkpt lat="28.05054" lon="-16.61177">
        <ele>134.7</ele>
      </trkpt>
      <trkpt lat="28.05055" lon="-16.61175">
        <ele>134.8</ele>
      </trkpt>
      <trkpt lat="28.05057" lon="-16.61173">
        <ele>134.9</ele>
      </trkpt>
      <trkpt lat="28.05058" lon="-16.61173">
        <ele>135.0</ele>
      </trkpt>
      <trkpt lat="28.05059" lon="-16.611719">
        <ele>135.0</ele>
      </trkpt>
      <trkpt lat="28.0506" lon="-16.611709">
        <ele>135.1</ele>
      </trkpt>
      <trkpt lat="28.05062" lon="-16.611709">
        <ele>135.1</ele>
      </trkpt>
      <trkpt lat="28.05063" lon="-16.611699">
        <ele>135.2</ele>
      </trkpt>
      <trkpt lat="28.05064" lon="-16.611699">
        <ele>135.2</ele>
      </trkpt>
      <trkpt lat="28.05065" lon="-16.61169">
        <ele>135.3</ele>
      </trkpt>
      <trkpt lat="28.05066" lon="-16.61169">
        <ele>135.3</ele>
      </trkpt>
      <trkpt lat="28.0507" lon="-16.61154">
        <ele>135.2</ele>
      </trkpt>
      <trkpt lat="28.05071" lon="-16.611519">
        <ele>135.1</ele>
      </trkpt>
      <trkpt lat="28.05072" lon="-16.61149">
        <ele>135.1</ele>
      </trkpt>
      <trkpt lat="28.05073" lon="-16.611339">
        <ele>134.6</ele>
      </trkpt>
      <trkpt lat="28.05074" lon="-16.611329">
        <ele>134.6</ele>
      </trkpt>
      <trkpt lat="28.05075" lon="-16.611139">
        <ele>134.1</ele>
      </trkpt>
      <trkpt lat="28.05078" lon="-16.61064">
        <ele>131.2</ele>
      </trkpt>
      <trkpt lat="28.05079" lon="-16.610479">
        <ele>129.6</ele>
      </trkpt>
      <trkpt lat="28.05081" lon="-16.61025">
        <ele>127.4</ele>
      </trkpt>
      <trkpt lat="28.05082" lon="-16.609929">
        <ele>124.7</ele>
      </trkpt>
      <trkpt lat="28.05085" lon="-16.60953">
        <ele>123.3</ele>
      </trkpt>
      <trkpt lat="28.05086" lon="-16.60939">
        <ele>122.8</ele>
      </trkpt>
      <trkpt lat="28.05088" lon="-16.60904">
        <ele>122.2</ele>
      </trkpt>
      <trkpt lat="28.05091" lon="-16.60866">
        <ele>122.7</ele>
      </trkpt>
      <trkpt lat="28.05092" lon="-16.608529">
        <ele>122.9</ele>
      </trkpt>
      <trkpt lat="28.05093" lon="-16.60845">
        <ele>123.0</ele>
      </trkpt>
      <trkpt lat="28.05095" lon="-16.6083">
        <ele>123.0</ele>
      </trkpt>
      <trkpt lat="28.05096" lon="-16.60826">
        <ele>122.9</ele>
      </trkpt>
      <trkpt lat="28.05096" lon="-16.60825">
        <ele>122.9</ele>
      </trkpt>
      <trkpt lat="28.05097" lon="-16.60821">
        <ele>122.7</ele>
      </trkpt>
      <trkpt lat="28.05098" lon="-16.60817">
        <ele>122.6</ele>
      </trkpt>
      <trkpt lat="28.05099" lon="-16.60813">
        <ele>122.5</ele>
      </trkpt>
      <trkpt lat="28.05101" lon="-16.6081">
        <ele>122.4</ele>
      </trkpt>
      <trkpt lat="28.05103" lon="-16.60807">
        <ele>122.4</ele>
      </trkpt>
      <trkpt lat="28.05105" lon="-16.608039">
        <ele>122.3</ele>
      </trkpt>
      <trkpt lat="28.05107" lon="-16.60802">
        <ele>122.3</ele>
      </trkpt>
      <trkpt lat="28.05111" lon="-16.60799">
        <ele>122.2</ele>
      </trkpt>
      <trkpt lat="28.05116" lon="-16.60797">
        <ele>122.3</ele>
      </trkpt>
      <trkpt lat="28.05118" lon="-16.607959">
        <ele>122.3</ele>
      </trkpt>
      <trkpt lat="28.05121" lon="-16.607949">
        <ele>122.3</ele>
      </trkpt>
      <trkpt lat="28.05126" lon="-16.60793">
        <ele>122.3</ele>
      </trkpt>
      <trkpt lat="28.05132" lon="-16.60792">
        <ele>122.4</ele>
      </trkpt>
      <trkpt lat="28.05135" lon="-16.60791">
        <ele>122.4</ele>
      </trkpt>
      <trkpt lat="28.05138" lon="-16.6079">
        <ele>122.4</ele>
      </trkpt>
      <trkpt lat="28.05144" lon="-16.60788">
        <ele>122.5</ele>
      </trkpt>
      <trkpt lat="28.05149" lon="-16.607859">
        <ele>122.5</ele>
      </trkpt>
      <trkpt lat="28.05152" lon="-16.60784">
        <ele>122.5</ele>
      </trkpt>
      <trkpt lat="28.05154" lon="-16.60783">
        <ele>122.5</ele>
      </trkpt>
      <trkpt lat="28.05155" lon="-16.60783">
        <ele>122.6</ele>
      </trkpt>
      <trkpt lat="28.05157" lon="-16.60781">
        <ele>122.6</ele>
      </trkpt>
      <trkpt lat="28.0516" lon="-16.60779">
        <ele>122.6</ele>
      </trkpt>
      <trkpt lat="28.05161" lon="-16.60778">
        <ele>122.6</ele>
      </trkpt>
      <trkpt lat="28.05162" lon="-16.607769">
        <ele>122.6</ele>
      </trkpt>
      <trkpt lat="28.05163" lon="-16.60775">
        <ele>122.5</ele>
      </trkpt>
      <trkpt lat="28.05164" lon="-16.60773">
        <ele>122.5</ele>
      </trkpt>
      <trkpt lat="28.05164" lon="-16.6077">
        <ele>122.4</ele>
      </trkpt>
      <trkpt lat="28.05164" lon="-16.607679">
        <ele>122.4</ele>
      </trkpt>
      <trkpt lat="28.05164" lon="-16.607652">
        <ele>122.3</ele>
      </trkpt>
      <trkpt lat="28.05164" lon="-16.60763">
        <ele>122.3</ele>
      </trkpt>
      <trkpt lat="28.05165" lon="-16.607589">
        <ele>122.2</ele>
      </trkpt>
      <trkpt lat="28.05162" lon="-16.60756">
        <ele>122.0</ele>
      </trkpt>
      <trkpt lat="28.05162" lon="-16.60754">
        <ele>122.0</ele>
      </trkpt>
      <trkpt lat="28.05161" lon="-16.60751">
        <ele>121.9</ele>
      </trkpt>
      <trkpt lat="28.0516" lon="-16.60744">
        <ele>121.5</ele>
      </trkpt>
      <trkpt lat="28.05159" lon="-16.60734">
        <ele>120.8</ele>
      </trkpt>
      <trkpt lat="28.05159" lon="-16.60733">
        <ele>120.8</ele>
      </trkpt>
      <trkpt lat="28.05158" lon="-16.60733">
        <ele>120.7</ele>
      </trkpt>
      <trkpt lat="28.05158" lon="-16.60732">
        <ele>120.7</ele>
      </trkpt>
      <trkpt lat="28.05157" lon="-16.60732">
        <ele>120.6</ele>
      </trkpt>
      <trkpt lat="28.05157" lon="-16.607309">
        <ele>120.6</ele>
      </trkpt>
      <trkpt lat="28.05157" lon="-16.607299">
        <ele>120.5</ele>
      </trkpt>
      <trkpt lat="28.05156" lon="-16.607289">
        <ele>120.4</ele>
      </trkpt>
      <trkpt lat="28.05156" lon="-16.60728">
        <ele>120.4</ele>
      </trkpt>
      <trkpt lat="28.05156" lon="-16.60727">
        <ele>120.3</ele>
      </trkpt>
      <trkpt lat="28.05156" lon="-16.60726">
        <ele>120.2</ele>
      </trkpt>
      <trkpt lat="28.05157" lon="-16.60726">
        <ele>120.3</ele>
      </trkpt>
      <trkpt lat="28.05157" lon="-16.60725">
        <ele>120.2</ele>
      </trkpt>
      <trkpt lat="28.05157" lon="-16.60724">
        <ele>120.1</ele>
      </trkpt>
      <trkpt lat="28.05158" lon="-16.60723">
        <ele>120.1</ele>
      </trkpt>
      <trkpt lat="28.05159" lon="-16.60722">
        <ele>120.1</ele>
      </trkpt>
      <trkpt lat="28.0516" lon="-16.607209">
        <ele>120.0</ele>
      </trkpt>
      <trkpt lat="28.05161" lon="-16.60717">
        <ele>119.8</ele>
      </trkpt>
      <trkpt lat="28.05162" lon="-16.60715">
        <ele>119.7</ele>
      </trkpt>
      <trkpt lat="28.05164" lon="-16.60713">
        <ele>119.7</ele>
      </trkpt>
      <trkpt lat="28.05166" lon="-16.6071">
        <ele>119.9</ele>
      </trkpt>
      <trkpt lat="28.05167" lon="-16.60709">
        <ele>119.9</ele>
      </trkpt>
      <trkpt lat="28.05168" lon="-16.60708">
        <ele>120.0</ele>
      </trkpt>
      <trkpt lat="28.05172" lon="-16.60707">
        <ele>120.3</ele>
      </trkpt>
      <trkpt lat="28.05173" lon="-16.60706">
        <ele>120.3</ele>
      </trkpt>
      <trkpt lat="28.05174" lon="-16.60706">
        <ele>120.4</ele>
      </trkpt>
      <trkpt lat="28.05175" lon="-16.60705">
        <ele>120.5</ele>
      </trkpt>
      <trkpt lat="28.05177" lon="-16.60705">
        <ele>120.6</ele>
      </trkpt>
      <trkpt lat="28.05178" lon="-16.60705">
        <ele>120.7</ele>
      </trkpt>
      <trkpt lat="28.0518" lon="-16.60705">
        <ele>120.8</ele>
      </trkpt>
      <trkpt lat="28.05189" lon="-16.60707">
        <ele>121.4</ele>
      </trkpt>
      <trkpt lat="28.05199" lon="-16.60709">
        <ele>122.0</ele>
      </trkpt>
      <trkpt lat="28.05206" lon="-16.6071">
        <ele>122.4</ele>
      </trkpt>
      <trkpt lat="28.05208" lon="-16.607109">
        <ele>122.6</ele>
      </trkpt>
      <trkpt lat="28.05209" lon="-16.607119">
        <ele>122.7</ele>
      </trkpt>
      <trkpt lat="28.0521" lon="-16.60713">
        <ele>122.8</ele>
      </trkpt>
      <trkpt lat="28.0521" lon="-16.60715">
        <ele>122.9</ele>
      </trkpt>
      <trkpt lat="28.05211" lon="-16.60716">
        <ele>123.0</ele>
      </trkpt>
      <trkpt lat="28.05211" lon="-16.60719">
        <ele>123.1</ele>
      </trkpt>
      <trkpt lat="28.05211" lon="-16.60728">
        <ele>123.4</ele>
      </trkpt>
      <trkpt lat="28.05211" lon="-16.607289">
        <ele>123.4</ele>
      </trkpt>
      <trkpt lat="28.0521" lon="-16.60742">
        <ele>123.8</ele>
      </trkpt>
      <trkpt lat="28.0521" lon="-16.607489">
        <ele>124.0</ele>
      </trkpt>
      <trkpt lat="28.0521" lon="-16.60755">
        <ele>124.2</ele>
      </trkpt>
      <trkpt lat="28.0521" lon="-16.60764">
        <ele>124.4</ele>
      </trkpt>
      <trkpt lat="28.0521" lon="-16.60771">
        <ele>124.6</ele>
      </trkpt>
      <trkpt lat="28.05212" lon="-16.60789">
        <ele>125.1</ele>
      </trkpt>
      <trkpt lat="28.05212" lon="-16.60789">
        <ele>125.1</ele>
      </trkpt>
      <trkpt lat="28.05214" lon="-16.60769">
        <ele>124.7</ele>
      </trkpt>
      <trkpt lat="28.05215" lon="-16.607489">
        <ele>124.3</ele>
      </trkpt>
      <trkpt lat="28.05216" lon="-16.607399">
        <ele>124.1</ele>
      </trkpt>
      <trkpt lat="28.05217" lon="-16.607289">
        <ele>123.8</ele>
      </trkpt>
      <trkpt lat="28.05219" lon="-16.607109">
        <ele>123.3</ele>
      </trkpt>
      <trkpt lat="28.05219" lon="-16.60708">
        <ele>123.3</ele>
      </trkpt>
      <trkpt lat="28.05222" lon="-16.60662">
        <ele>122.3</ele>
      </trkpt>
      <trkpt lat="28.05221" lon="-16.60621">
        <ele>122.4</ele>
      </trkpt>
      <trkpt lat="28.05221" lon="-16.60619">
        <ele>122.4</ele>
      </trkpt>
      <trkpt lat="28.05221" lon="-16.606169">
        <ele>122.4</ele>
      </trkpt>
      <trkpt lat="28.05223" lon="-16.60615">
        <ele>122.6</ele>
      </trkpt>
      <trkpt lat="28.05224" lon="-16.60613">
        <ele>122.7</ele>
      </trkpt>
      <trkpt lat="28.05232" lon="-16.60605">
        <ele>123.4</ele>
      </trkpt>
      <trkpt lat="28.05233" lon="-16.60605">
        <ele>123.5</ele>
      </trkpt>
      <trkpt lat="28.05235" lon="-16.60602">
        <ele>123.7</ele>
      </trkpt>
      <trkpt lat="28.05238" lon="-16.605989">
        <ele>124.0</ele>
      </trkpt>
      <trkpt lat="28.0524" lon="-16.60595">
        <ele>124.1</ele>
      </trkpt>
      <trkpt lat="28.05241" lon="-16.60592">
        <ele>124.2</ele>
      </trkpt>
      <trkpt lat="28.05242" lon="-16.60588">
        <ele>124.3</ele>
      </trkpt>
      <trkpt lat="28.05243" lon="-16.60583">
        <ele>124.4</ele>
      </trkpt>
      <trkpt lat="28.05243" lon="-16.605789">
        <ele>124.6</ele>
      </trkpt>
      <trkpt lat="28.05243" lon="-16.60575">
        <ele>124.8</ele>
      </trkpt>
      <trkpt lat="28.05242" lon="-16.605709">
        <ele>125.0</ele>
      </trkpt>
      <trkpt lat="28.05241" lon="-16.60568">
        <ele>125.0</ele>
      </trkpt>
      <trkpt lat="28.05239" lon="-16.60563">
        <ele>125.1</ele>
      </trkpt>
      <trkpt lat="28.05237" lon="-16.60557">
        <ele>125.3</ele>
      </trkpt>
      <trkpt lat="28.05235" lon="-16.605519">
        <ele>125.4</ele>
      </trkpt>
      <trkpt lat="28.05233" lon="-16.60546">
        <ele>125.5</ele>
      </trkpt>
      <trkpt lat="28.05231" lon="-16.6054">
        <ele>125.7</ele>
      </trkpt>
      <trkpt lat="28.05231" lon="-16.60535">
        <ele>126.0</ele>
      </trkpt>
      <trkpt lat="28.0523" lon="-16.6053">
        <ele>126.2</ele>
      </trkpt>
      <trkpt lat="28.0523" lon="-16.60526">
        <ele>126.4</ele>
      </trkpt>
      <trkpt lat="28.05231" lon="-16.6052">
        <ele>126.8</ele>
      </trkpt>
      <trkpt lat="28.05231" lon="-16.60512">
        <ele>127.2</ele>
      </trkpt>
      <trkpt lat="28.05232" lon="-16.60506">
        <ele>127.6</ele>
      </trkpt>
      <trkpt lat="28.05234" lon="-16.604949">
        <ele>128.0</ele>
      </trkpt>
      <trkpt lat="28.05238" lon="-16.6047">
        <ele>127.9</ele>
      </trkpt>
      <trkpt lat="28.05239" lon="-16.60463">
        <ele>127.8</ele>
      </trkpt>
      <trkpt lat="28.05244" lon="-16.60434">
        <ele>127.8</ele>
      </trkpt>
      <trkpt lat="28.05245" lon="-16.60428">
        <ele>127.8</ele>
      </trkpt>
      <trkpt lat="28.05247" lon="-16.60422">
        <ele>127.9</ele>
      </trkpt>
      <trkpt lat="28.05248" lon="-16.60415">
        <ele>127.9</ele>
      </trkpt>
      <trkpt lat="28.05248" lon="-16.604109">
        <ele>128.0</ele>
      </trkpt>
      <trkpt lat="28.05249" lon="-16.60406">
        <ele>128.2</ele>
      </trkpt>
      <trkpt lat="28.05249" lon="-16.604019">
        <ele>128.3</ele>
      </trkpt>
      <trkpt lat="28.05249" lon="-16.60398">
        <ele>128.4</ele>
      </trkpt>
      <trkpt lat="28.05248" lon="-16.603929">
        <ele>128.4</ele>
      </trkpt>
      <trkpt lat="28.05247" lon="-16.60389">
        <ele>128.5</ele>
      </trkpt>
      <trkpt lat="28.05246" lon="-16.60379">
        <ele>128.7</ele>
      </trkpt>
      <trkpt lat="28.05245" lon="-16.60371">
        <ele>128.8</ele>
      </trkpt>
      <trkpt lat="28.05244" lon="-16.6037">
        <ele>128.8</ele>
      </trkpt>
      <trkpt lat="28.05244" lon="-16.60362">
        <ele>129.0</ele>
      </trkpt>
      <trkpt lat="28.05243" lon="-16.603549">
        <ele>129.1</ele>
      </trkpt>
      <trkpt lat="28.05243" lon="-16.6035">
        <ele>129.2</ele>
      </trkpt>
      <trkpt lat="28.05243" lon="-16.60343">
        <ele>129.4</ele>
      </trkpt>
      <trkpt lat="28.05244" lon="-16.60329">
        <ele>129.8</ele>
      </trkpt>
      <trkpt lat="28.05244" lon="-16.603269">
        <ele>129.8</ele>
      </trkpt>
      <trkpt lat="28.05245" lon="-16.603">
        <ele>130.2</ele>
      </trkpt>
      <trkpt lat="28.05246" lon="-16.602889">
        <ele>130.3</ele>
      </trkpt>
      <trkpt lat="28.05246" lon="-16.60284">
        <ele>130.4</ele>
      </trkpt>
      <trkpt lat="28.05247" lon="-16.60268">
        <ele>130.6</ele>
      </trkpt>
      <trkpt lat="28.05253" lon="-16.60227">
        <ele>131.4</ele>
      </trkpt>
      <trkpt lat="28.05254" lon="-16.60221">
        <ele>131.5</ele>
      </trkpt>
      <trkpt lat="28.05256" lon="-16.60211">
        <ele>131.8</ele>
      </trkpt>
      <trkpt lat="28.05256" lon="-16.602049">
        <ele>131.9</ele>
      </trkpt>
      <trkpt lat="28.05257" lon="-16.60197">
        <ele>132.0</ele>
      </trkpt>
      <trkpt lat="28.05258" lon="-16.60187">
        <ele>132.3</ele>
      </trkpt>
      <trkpt lat="28.05258" lon="-16.60183">
        <ele>132.3</ele>
      </trkpt>
      <trkpt lat="28.05258" lon="-16.60179">
        <ele>132.4</ele>
      </trkpt>
      <trkpt lat="28.05259" lon="-16.601579">
        <ele>132.5</ele>
      </trkpt>
      <trkpt lat="28.05259" lon="-16.60152">
        <ele>132.4</ele>
      </trkpt>
      <trkpt lat="28.0526" lon="-16.60146">
        <ele>132.4</ele>
      </trkpt>
      <trkpt lat="28.05261" lon="-16.6014">
        <ele>132.4</ele>
      </trkpt>
      <trkpt lat="28.05262" lon="-16.60135">
        <ele>132.4</ele>
      </trkpt>
      <trkpt lat="28.05264" lon="-16.601289">
        <ele>132.4</ele>
      </trkpt>
      <trkpt lat="28.05268" lon="-16.601189">
        <ele>132.5</ele>
      </trkpt>
      <trkpt lat="28.0527" lon="-16.60113">
        <ele>132.5</ele>
      </trkpt>
      <trkpt lat="28.05282" lon="-16.600909">
        <ele>132.7</ele>
      </trkpt>
      <trkpt lat="28.05287" lon="-16.6008">
        <ele>132.9</ele>
      </trkpt>
      <trkpt lat="28.05289" lon="-16.60077">
        <ele>133.1</ele>
      </trkpt>
      <trkpt lat="28.0529" lon="-16.600729">
        <ele>133.3</ele>
      </trkpt>
      <trkpt lat="28.05292" lon="-16.6007">
        <ele>133.5</ele>
      </trkpt>
      <trkpt lat="28.05293" lon="-16.60066">
        <ele>133.7</ele>
      </trkpt>
      <trkpt lat="28.05294" lon="-16.60062">
        <ele>133.9</ele>
      </trkpt>
      <trkpt lat="28.05295" lon="-16.600549">
        <ele>134.1</ele>
      </trkpt>
      <trkpt lat="28.05295" lon="-16.60053">
        <ele>134.2</ele>
      </trkpt>
      <trkpt lat="28.05296" lon="-16.60046">
        <ele>134.5</ele>
      </trkpt>
      <trkpt lat="28.05298" lon="-16.6003">
        <ele>135.0</ele>
      </trkpt>
      <trkpt lat="28.05301" lon="-16.60011">
        <ele>135.7</ele>
      </trkpt>
      <trkpt lat="28.05303" lon="-16.59994">
        <ele>136.0</ele>
      </trkpt>
      <trkpt lat="28.05304" lon="-16.59974">
        <ele>135.9</ele>
      </trkpt>
      <trkpt lat="28.05304" lon="-16.59971">
        <ele>135.9</ele>
      </trkpt>
      <trkpt lat="28.05305" lon="-16.59964">
        <ele>135.8</ele>
      </trkpt>
      <trkpt lat="28.05307" lon="-16.59959">
        <ele>135.9</ele>
      </trkpt>
      <trkpt lat="28.05309" lon="-16.59955">
        <ele>135.9</ele>
      </trkpt>
      <trkpt lat="28.05311" lon="-16.599509">
        <ele>136.0</ele>
      </trkpt>
      <trkpt lat="28.05313" lon="-16.59948">
        <ele>136.0</ele>
      </trkpt>
      <trkpt lat="28.05316" lon="-16.59945">
        <ele>136.1</ele>
      </trkpt>
      <trkpt lat="28.05319" lon="-16.59943">
        <ele>136.2</ele>
      </trkpt>
      <trkpt lat="28.05321" lon="-16.599409">
        <ele>136.3</ele>
      </trkpt>
      <trkpt lat="28.05325" lon="-16.5994">
        <ele>136.4</ele>
      </trkpt>
      <trkpt lat="28.05341" lon="-16.59936">
        <ele>137.0</ele>
      </trkpt>
      <trkpt lat="28.05348" lon="-16.59934">
        <ele>137.2</ele>
      </trkpt>
      <trkpt lat="28.05358" lon="-16.5993">
        <ele>137.6</ele>
      </trkpt>
      <trkpt lat="28.05358" lon="-16.5993">
        <ele>137.6</ele>
      </trkpt>
      <trkpt lat="28.0536" lon="-16.5993">
        <ele>137.6</ele>
      </trkpt>
      <trkpt lat="28.05363" lon="-16.5993">
        <ele>137.7</ele>
      </trkpt>
      <trkpt lat="28.05366" lon="-16.59929">
        <ele>137.9</ele>
      </trkpt>
      <trkpt lat="28.05385" lon="-16.599229">
        <ele>138.6</ele>
      </trkpt>
      <trkpt lat="28.0539" lon="-16.599219">
        <ele>138.8</ele>
      </trkpt>
      <trkpt lat="28.05394" lon="-16.599219">
        <ele>139.0</ele>
      </trkpt>
      <trkpt lat="28.05399" lon="-16.59921">
        <ele>139.2</ele>
      </trkpt>
      <trkpt lat="28.05405" lon="-16.59921">
        <ele>139.4</ele>
      </trkpt>
      <trkpt lat="28.05411" lon="-16.5992">
        <ele>139.6</ele>
      </trkpt>
      <trkpt lat="28.05416" lon="-16.5992">
        <ele>139.8</ele>
      </trkpt>
      <trkpt lat="28.05422" lon="-16.5992">
        <ele>140.0</ele>
      </trkpt>
      <trkpt lat="28.0544" lon="-16.599219">
        <ele>140.3</ele>
      </trkpt>
      <trkpt lat="28.05443" lon="-16.599219">
        <ele>140.4</ele>
      </trkpt>
      <trkpt lat="28.05446" lon="-16.599229">
        <ele>140.5</ele>
      </trkpt>
      <trkpt lat="28.05457" lon="-16.59925">
        <ele>140.7</ele>
      </trkpt>
      <trkpt lat="28.0546" lon="-16.59925">
        <ele>140.7</ele>
      </trkpt>
      <trkpt lat="28.05492" lon="-16.59928">
        <ele>141.5</ele>
      </trkpt>
      <trkpt lat="28.05511" lon="-16.59929">
        <ele>142.4</ele>
      </trkpt>
      <trkpt lat="28.05526" lon="-16.599229">
        <ele>143.5</ele>
      </trkpt>
      <trkpt lat="28.05545" lon="-16.59912">
        <ele>144.8</ele>
      </trkpt>
      <trkpt lat="28.05554" lon="-16.59907">
        <ele>145.3</ele>
      </trkpt>
      <trkpt lat="28.05577" lon="-16.59893">
        <ele>146.7</ele>
      </trkpt>
      <trkpt lat="28.05593" lon="-16.59883">
        <ele>147.5</ele>
      </trkpt>
      <trkpt lat="28.05596" lon="-16.5988">
        <ele>147.7</ele>
      </trkpt>
      <trkpt lat="28.05598" lon="-16.598769">
        <ele>147.8</ele>
      </trkpt>
      <trkpt lat="28.056" lon="-16.59874">
        <ele>147.9</ele>
      </trkpt>
      <trkpt lat="28.05602" lon="-16.5987">
        <ele>148.0</ele>
      </trkpt>
      <trkpt lat="28.05602" lon="-16.598669">
        <ele>148.0</ele>
      </trkpt>
      <trkpt lat="28.05602" lon="-16.598659">
        <ele>148.0</ele>
      </trkpt>
      <trkpt lat="28.05603" lon="-16.59861">
        <ele>148.0</ele>
      </trkpt>
      <trkpt lat="28.05603" lon="-16.598579">
        <ele>148.0</ele>
      </trkpt>
      <trkpt lat="28.05602" lon="-16.59854">
        <ele>148.0</ele>
      </trkpt>
      <trkpt lat="28.056" lon="-16.598479">
        <ele>147.8</ele>
      </trkpt>
      <trkpt lat="28.056" lon="-16.598469">
        <ele>147.8</ele>
      </trkpt>
      <trkpt lat="28.05598" lon="-16.59841">
        <ele>147.7</ele>
      </trkpt>
      <trkpt lat="28.05594" lon="-16.59834">
        <ele>147.5</ele>
      </trkpt>
      <trkpt lat="28.05592" lon="-16.598289">
        <ele>147.8</ele>
      </trkpt>
      <trkpt lat="28.05591" lon="-16.59827">
        <ele>147.9</ele>
      </trkpt>
      <trkpt lat="28.05589" lon="-16.59825">
        <ele>148.0</ele>
      </trkpt>
      <trkpt lat="28.05587" lon="-16.59823">
        <ele>148.0</ele>
      </trkpt>
      <trkpt lat="28.05586" lon="-16.59822">
        <ele>148.1</ele>
      </trkpt>
      <trkpt lat="28.05584" lon="-16.59821">
        <ele>148.1</ele>
      </trkpt>
      <trkpt lat="28.05581" lon="-16.59821">
        <ele>147.9</ele>
      </trkpt>
      <trkpt lat="28.05576" lon="-16.598199">
        <ele>147.8</ele>
      </trkpt>
      <trkpt lat="28.05559" lon="-16.598199">
        <ele>147.1</ele>
      </trkpt>
      <trkpt lat="28.05558" lon="-16.598199">
        <ele>147.0</ele>
      </trkpt>
      <trkpt lat="28.05556" lon="-16.598189">
        <ele>147.0</ele>
      </trkpt>
      <trkpt lat="28.05553" lon="-16.59818">
        <ele>146.9</ele>
      </trkpt>
      <trkpt lat="28.05551" lon="-16.59816">
        <ele>147.0</ele>
      </trkpt>
      <trkpt lat="28.05549" lon="-16.59813">
        <ele>147.1</ele>
      </trkpt>
      <trkpt lat="28.05548" lon="-16.598099">
        <ele>147.2</ele>
      </trkpt>
      <trkpt lat="28.05547" lon="-16.59807">
        <ele>147.4</ele>
      </trkpt>
      <trkpt lat="28.05547" lon="-16.59806">
        <ele>147.4</ele>
      </trkpt>
      <trkpt lat="28.05546" lon="-16.59803">
        <ele>147.6</ele>
      </trkpt>
      <trkpt lat="28.05546" lon="-16.59799">
        <ele>147.8</ele>
      </trkpt>
      <trkpt lat="28.05546" lon="-16.59796">
        <ele>148.0</ele>
      </trkpt>
      <trkpt lat="28.05547" lon="-16.59793">
        <ele>148.2</ele>
      </trkpt>
      <trkpt lat="28.05548" lon="-16.5979">
        <ele>148.5</ele>
      </trkpt>
      <trkpt lat="28.05549" lon="-16.59787">
        <ele>148.7</ele>
      </trkpt>
      <trkpt lat="28.05552" lon="-16.59785">
        <ele>149.1</ele>
      </trkpt>
      <trkpt lat="28.05556" lon="-16.597819">
        <ele>149.5</ele>
      </trkpt>
      <trkpt lat="28.05582" lon="-16.5977">
        <ele>152.2</ele>
      </trkpt>
      <trkpt lat="28.05616" lon="-16.597549">
        <ele>155.1</ele>
      </trkpt>
      <trkpt lat="28.05622" lon="-16.597529">
        <ele>155.6</ele>
      </trkpt>
      <trkpt lat="28.0565" lon="-16.59742">
        <ele>157.8</ele>
      </trkpt>
      <trkpt lat="28.05692" lon="-16.597249">
        <ele>161.0</ele>
      </trkpt>
      <trkpt lat="28.05701" lon="-16.59722">
        <ele>161.6</ele>
      </trkpt>
      <trkpt lat="28.05706" lon="-16.5972">
        <ele>161.9</ele>
      </trkpt>
      <trkpt lat="28.05712" lon="-16.597169">
        <ele>162.3</ele>
      </trkpt>
      <trkpt lat="28.0572" lon="-16.59712">
        <ele>162.9</ele>
      </trkpt>
      <trkpt lat="28.05775" lon="-16.59665">
        <ele>167.0</ele>
      </trkpt>
      <trkpt lat="28.05785" lon="-16.59656">
        <ele>167.7</ele>
      </trkpt>
      <trkpt lat="28.05788" lon="-16.59653">
        <ele>167.9</ele>
      </trkpt>
      <trkpt lat="28.0579" lon="-16.596509">
        <ele>168.1</ele>
      </trkpt>
      <trkpt lat="28.05792" lon="-16.59648">
        <ele>168.3</ele>
      </trkpt>
      <trkpt lat="28.05794" lon="-16.59645">
        <ele>168.5</ele>
      </trkpt>
      <trkpt lat="28.058" lon="-16.596329">
        <ele>169.4</ele>
      </trkpt>
      <trkpt lat="28.05806" lon="-16.59619">
        <ele>170.5</ele>
      </trkpt>
      <trkpt lat="28.05807" lon="-16.59617">
        <ele>170.7</ele>
      </trkpt>
      <trkpt lat="28.05814" lon="-16.59598">
        <ele>172.3</ele>
      </trkpt>
      <trkpt lat="28.05822" lon="-16.5958">
        <ele>173.9</ele>
      </trkpt>
      <trkpt lat="28.05824" lon="-16.59573">
        <ele>173.9</ele>
      </trkpt>
      <trkpt lat="28.05827" lon="-16.595659">
        <ele>174.1</ele>
      </trkpt>
      <trkpt lat="28.05829" lon="-16.59563">
        <ele>174.2</ele>
      </trkpt>
      <trkpt lat="28.0583" lon="-16.59562">
        <ele>174.2</ele>
      </trkpt>
      <trkpt lat="28.05852" lon="-16.59521">
        <ele>174.8</ele>
      </trkpt>
      <trkpt lat="28.05861" lon="-16.59503">
        <ele>175.1</ele>
      </trkpt>
      <trkpt lat="28.05868" lon="-16.5949">
        <ele>175.9</ele>
      </trkpt>
      <trkpt lat="28.0587" lon="-16.59486">
        <ele>176.2</ele>
      </trkpt>
      <trkpt lat="28.05902" lon="-16.59427">
        <ele>180.0</ele>
      </trkpt>
      <trkpt lat="28.05921" lon="-16.59393">
        <ele>180.8</ele>
      </trkpt>
      <trkpt lat="28.05931" lon="-16.59375">
        <ele>181.3</ele>
      </trkpt>
      <trkpt lat="28.0594" lon="-16.59358">
        <ele>181.6</ele>
      </trkpt>
      <trkpt lat="28.05942" lon="-16.59356">
        <ele>181.8</ele>
      </trkpt>
      <trkpt lat="28.0595" lon="-16.593409">
        <ele>182.0</ele>
      </trkpt>
      <trkpt lat="28.05953" lon="-16.59334">
        <ele>182.1</ele>
      </trkpt>
      <trkpt lat="28.05957" lon="-16.59328">
        <ele>182.2</ele>
      </trkpt>
      <trkpt lat="28.05959" lon="-16.59324">
        <ele>182.2</ele>
      </trkpt>
      <trkpt lat="28.0596" lon="-16.59324">
        <ele>182.2</ele>
      </trkpt>
      <trkpt lat="28.05962" lon="-16.593219">
        <ele>182.3</ele>
      </trkpt>
      <trkpt lat="28.05965" lon="-16.59319">
        <ele>182.4</ele>
      </trkpt>
      <trkpt lat="28.05968" lon="-16.59316">
        <ele>182.6</ele>
      </trkpt>
      <trkpt lat="28.05972" lon="-16.593129">
        <ele>182.8</ele>
      </trkpt>
      <trkpt lat="28.05986" lon="-16.59305">
        <ele>183.5</ele>
      </trkpt>
      <trkpt lat="28.0599" lon="-16.593029">
        <ele>183.7</ele>
      </trkpt>
      <trkpt lat="28.06005" lon="-16.592939">
        <ele>184.5</ele>
      </trkpt>
      <trkpt lat="28.06015" lon="-16.5929">
        <ele>185.0</ele>
      </trkpt>
      <trkpt lat="28.0602" lon="-16.59289">
        <ele>185.3</ele>
      </trkpt>
      <trkpt lat="28.06027" lon="-16.59289">
        <ele>185.8</ele>
      </trkpt>
      <trkpt lat="28.06037" lon="-16.59289">
        <ele>186.5</ele>
      </trkpt>
      <trkpt lat="28.06046" lon="-16.59289">
        <ele>187.1</ele>
      </trkpt>
      <trkpt lat="28.06049" lon="-16.59289">
        <ele>187.4</ele>
      </trkpt>
      <trkpt lat="28.06052" lon="-16.59288">
        <ele>187.5</ele>
      </trkpt>
      <trkpt lat="28.06054" lon="-16.59287">
        <ele>187.6</ele>
      </trkpt>
      <trkpt lat="28.06058" lon="-16.59286">
        <ele>187.8</ele>
      </trkpt>
      <trkpt lat="28.06059" lon="-16.592849">
        <ele>187.8</ele>
      </trkpt>
      <trkpt lat="28.06061" lon="-16.59283">
        <ele>187.8</ele>
      </trkpt>
      <trkpt lat="28.06063" lon="-16.5928">
        <ele>187.8</ele>
      </trkpt>
      <trkpt lat="28.06065" lon="-16.59278">
        <ele>187.8</ele>
      </trkpt>
      <trkpt lat="28.06067" lon="-16.59273">
        <ele>187.6</ele>
      </trkpt>
      <trkpt lat="28.06069" lon="-16.5927">
        <ele>187.5</ele>
      </trkpt>
      <trkpt lat="28.06069" lon="-16.59269">
        <ele>187.4</ele>
      </trkpt>
      <trkpt lat="28.0607" lon="-16.592659">
        <ele>187.3</ele>
      </trkpt>
      <trkpt lat="28.06073" lon="-16.59255">
        <ele>186.7</ele>
      </trkpt>
      <trkpt lat="28.06074" lon="-16.59249">
        <ele>186.4</ele>
      </trkpt>
      <trkpt lat="28.06077" lon="-16.59236">
        <ele>186.7</ele>
      </trkpt>
      <trkpt lat="28.06078" lon="-16.592289">
        <ele>186.7</ele>
      </trkpt>
      <trkpt lat="28.0608" lon="-16.59223">
        <ele>186.8</ele>
      </trkpt>
      <trkpt lat="28.06081" lon="-16.592189">
        <ele>186.9</ele>
      </trkpt>
      <trkpt lat="28.06082" lon="-16.59215">
        <ele>186.9</ele>
      </trkpt>
      <trkpt lat="28.06085" lon="-16.59212">
        <ele>187.2</ele>
      </trkpt>
      <trkpt lat="28.06088" lon="-16.59208">
        <ele>187.5</ele>
      </trkpt>
      <trkpt lat="28.0609" lon="-16.59205">
        <ele>187.7</ele>
      </trkpt>
      <trkpt lat="28.06092" lon="-16.59204">
        <ele>187.9</ele>
      </trkpt>
      <trkpt lat="28.06094" lon="-16.59202">
        <ele>188.1</ele>
      </trkpt>
      <trkpt lat="28.06096" lon="-16.592009">
        <ele>188.3</ele>
      </trkpt>
      <trkpt lat="28.06098" lon="-16.59199">
        <ele>188.5</ele>
      </trkpt>
      <trkpt lat="28.06101" lon="-16.59196">
        <ele>188.8</ele>
      </trkpt>
      <trkpt lat="28.06103" lon="-16.59193">
        <ele>189.1</ele>
      </trkpt>
      <trkpt lat="28.06104" lon="-16.591899">
        <ele>189.2</ele>
      </trkpt>
      <trkpt lat="28.06108" lon="-16.591809">
        <ele>189.6</ele>
      </trkpt>
      <trkpt lat="28.0611" lon="-16.591729">
        <ele>189.9</ele>
      </trkpt>
      <trkpt lat="28.06111" lon="-16.59165">
        <ele>190.1</ele>
      </trkpt>
      <trkpt lat="28.06111" lon="-16.59159">
        <ele>190.6</ele>
      </trkpt>
      <trkpt lat="28.06111" lon="-16.591539">
        <ele>191.0</ele>
      </trkpt>
      <trkpt lat="28.0611" lon="-16.59151">
        <ele>191.2</ele>
      </trkpt>
      <trkpt lat="28.0611" lon="-16.5915">
        <ele>191.2</ele>
      </trkpt>
      <trkpt lat="28.06109" lon="-16.59148">
        <ele>191.3</ele>
      </trkpt>
      <trkpt lat="28.06107" lon="-16.591439">
        <ele>191.5</ele>
      </trkpt>
      <trkpt lat="28.06104" lon="-16.5914">
        <ele>191.6</ele>
      </trkpt>
      <trkpt lat="28.061" lon="-16.59136">
        <ele>191.6</ele>
      </trkpt>
      <trkpt lat="28.06099" lon="-16.59136">
        <ele>191.5</ele>
      </trkpt>
      <trkpt lat="28.06097" lon="-16.591339">
        <ele>191.6</ele>
      </trkpt>
      <trkpt lat="28.06093" lon="-16.59132">
        <ele>191.5</ele>
      </trkpt>
      <trkpt lat="28.06088" lon="-16.59131">
        <ele>191.2</ele>
      </trkpt>
      <trkpt lat="28.06082" lon="-16.59131">
        <ele>190.8</ele>
      </trkpt>
      <trkpt lat="28.06075" lon="-16.59132">
        <ele>190.6</ele>
      </trkpt>
      <trkpt lat="28.06066" lon="-16.59133">
        <ele>190.3</ele>
      </trkpt>
      <trkpt lat="28.06064" lon="-16.591339">
        <ele>190.2</ele>
      </trkpt>
      <trkpt lat="28.06054" lon="-16.59136">
        <ele>189.7</ele>
      </trkpt>
      <trkpt lat="28.06046" lon="-16.59137">
        <ele>189.5</ele>
      </trkpt>
      <trkpt lat="28.0604" lon="-16.59137">
        <ele>189.4</ele>
      </trkpt>
      <trkpt lat="28.06036" lon="-16.59137">
        <ele>189.3</ele>
      </trkpt>
      <trkpt lat="28.06032" lon="-16.59136">
        <ele>189.3</ele>
      </trkpt>
      <trkpt lat="28.06029" lon="-16.591339">
        <ele>189.5</ele>
      </trkpt>
      <trkpt lat="28.06012" lon="-16.591259">
        <ele>190.1</ele>
      </trkpt>
      <trkpt lat="28.06006" lon="-16.59122">
        <ele>190.5</ele>
      </trkpt>
      <trkpt lat="28.05997" lon="-16.591159">
        <ele>191.0</ele>
      </trkpt>
      <trkpt lat="28.05981" lon="-16.591059">
        <ele>191.8</ele>
      </trkpt>
      <trkpt lat="28.05979" lon="-16.59105">
        <ele>191.8</ele>
      </trkpt>
      <trkpt lat="28.05973" lon="-16.59099">
        <ele>192.4</ele>
      </trkpt>
      <trkpt lat="28.05969" lon="-16.59094">
        <ele>192.9</ele>
      </trkpt>
      <trkpt lat="28.05969" lon="-16.59093">
        <ele>193.1</ele>
      </trkpt>
      <trkpt lat="28.05968" lon="-16.59092">
        <ele>193.2</ele>
      </trkpt>
      <trkpt lat="28.05967" lon="-16.590879">
        <ele>193.6</ele>
      </trkpt>
      <trkpt lat="28.05966" lon="-16.59083">
        <ele>194.2</ele>
      </trkpt>
      <trkpt lat="28.05965" lon="-16.59077">
        <ele>193.7</ele>
      </trkpt>
      <trkpt lat="28.05964" lon="-16.59073">
        <ele>193.4</ele>
      </trkpt>
      <trkpt lat="28.05964" lon="-16.59072">
        <ele>193.3</ele>
      </trkpt>
      <trkpt lat="28.05963" lon="-16.590679">
        <ele>193.0</ele>
      </trkpt>
      <trkpt lat="28.05963" lon="-16.59063">
        <ele>192.6</ele>
      </trkpt>
      <trkpt lat="28.05964" lon="-16.59057">
        <ele>192.2</ele>
      </trkpt>
      <trkpt lat="28.05965" lon="-16.59053">
        <ele>192.0</ele>
      </trkpt>
      <trkpt lat="28.05966" lon="-16.59052">
        <ele>191.9</ele>
      </trkpt>
      <trkpt lat="28.05966" lon="-16.590509">
        <ele>191.9</ele>
      </trkpt>
      <trkpt lat="28.05977" lon="-16.590309">
        <ele>190.7</ele>
      </trkpt>
      <trkpt lat="28.05984" lon="-16.59018">
        <ele>189.9</ele>
      </trkpt>
      <trkpt lat="28.05986" lon="-16.59014">
        <ele>189.7</ele>
      </trkpt>
      <trkpt lat="28.06003" lon="-16.589839">
        <ele>188.2</ele>
      </trkpt>
      <trkpt lat="28.06003" lon="-16.58983">
        <ele>188.1</ele>
      </trkpt>
      <trkpt lat="28.06006" lon="-16.58978">
        <ele>187.9</ele>
      </trkpt>
      <trkpt lat="28.06022" lon="-16.589479">
        <ele>187.0</ele>
      </trkpt>
      <trkpt lat="28.06031" lon="-16.589289">
        <ele>186.5</ele>
      </trkpt>
      <trkpt lat="28.06032" lon="-16.58925">
        <ele>186.3</ele>
      </trkpt>
      <trkpt lat="28.06033" lon="-16.5892">
        <ele>186.1</ele>
      </trkpt>
      <trkpt lat="28.06034" lon="-16.589179">
        <ele>186.1</ele>
      </trkpt>
      <trkpt lat="28.06036" lon="-16.588999">
        <ele>185.9</ele>
      </trkpt>
      <trkpt lat="28.06039" lon="-16.58878">
        <ele>185.8</ele>
      </trkpt>
      <trkpt lat="28.06039" lon="-16.58875">
        <ele>185.8</ele>
      </trkpt>
      <trkpt lat="28.0604" lon="-16.58869">
        <ele>185.8</ele>
      </trkpt>
      <trkpt lat="28.0604" lon="-16.58865">
        <ele>185.7</ele>
      </trkpt>
      <trkpt lat="28.06042" lon="-16.58859">
        <ele>185.8</ele>
      </trkpt>
      <trkpt lat="28.06043" lon="-16.58858">
        <ele>185.9</ele>
      </trkpt>
      <trkpt lat="28.06044" lon="-16.58856">
        <ele>186.0</ele>
      </trkpt>
      <trkpt lat="28.06055" lon="-16.58845">
        <ele>187.0</ele>
      </trkpt>
      <trkpt lat="28.06069" lon="-16.588339">
        <ele>188.5</ele>
      </trkpt>
      <trkpt lat="28.06071" lon="-16.58833">
        <ele>188.6</ele>
      </trkpt>
      <trkpt lat="28.06077" lon="-16.58828">
        <ele>189.0</ele>
      </trkpt>
      <trkpt lat="28.06081" lon="-16.588249">
        <ele>189.2</ele>
      </trkpt>
      <trkpt lat="28.06109" lon="-16.58808">
        <ele>190.1</ele>
      </trkpt>
      <trkpt lat="28.06121" lon="-16.588">
        <ele>190.4</ele>
      </trkpt>
      <trkpt lat="28.06143" lon="-16.58786">
        <ele>191.1</ele>
      </trkpt>
      <trkpt lat="28.06208" lon="-16.58744">
        <ele>192.1</ele>
      </trkpt>
      <trkpt lat="28.06224" lon="-16.58734">
        <ele>192.0</ele>
      </trkpt>
      <trkpt lat="28.0624" lon="-16.58723">
        <ele>192.0</ele>
      </trkpt>
      <trkpt lat="28.06259" lon="-16.5871">
        <ele>192.2</ele>
      </trkpt>
      <trkpt lat="28.0627" lon="-16.587029">
        <ele>192.5</ele>
      </trkpt>
      <trkpt lat="28.06272" lon="-16.587019">
        <ele>192.6</ele>
      </trkpt>
      <trkpt lat="28.06275" lon="-16.587">
        <ele>192.7</ele>
      </trkpt>
      <trkpt lat="28.06286" lon="-16.586929">
        <ele>193.0</ele>
      </trkpt>
      <trkpt lat="28.06291" lon="-16.58691">
        <ele>193.3</ele>
      </trkpt>
      <trkpt lat="28.06294" lon="-16.58689">
        <ele>193.4</ele>
      </trkpt>
      <trkpt lat="28.06298" lon="-16.58687">
        <ele>193.5</ele>
      </trkpt>
      <trkpt lat="28.06303" lon="-16.58687">
        <ele>193.9</ele>
      </trkpt>
      <trkpt lat="28.06306" lon="-16.58687">
        <ele>194.1</ele>
      </trkpt>
      <trkpt lat="28.06308" lon="-16.58687">
        <ele>194.2</ele>
      </trkpt>
      <trkpt lat="28.06314" lon="-16.58687">
        <ele>194.6</ele>
      </trkpt>
      <trkpt lat="28.06331" lon="-16.58689">
        <ele>195.9</ele>
      </trkpt>
      <trkpt lat="28.06332" lon="-16.58689">
        <ele>196.0</ele>
      </trkpt>
      <trkpt lat="28.06339" lon="-16.58689">
        <ele>196.4</ele>
      </trkpt>
      <trkpt lat="28.06341" lon="-16.58689">
        <ele>196.5</ele>
      </trkpt>
      <trkpt lat="28.06345" lon="-16.58689">
        <ele>196.8</ele>
      </trkpt>
      <trkpt lat="28.06348" lon="-16.58687">
        <ele>196.9</ele>
      </trkpt>
      <trkpt lat="28.06349" lon="-16.58687">
        <ele>196.9</ele>
      </trkpt>
      <trkpt lat="28.0635" lon="-16.586849">
        <ele>196.9</ele>
      </trkpt>
      <trkpt lat="28.06353" lon="-16.58682">
        <ele>196.9</ele>
      </trkpt>
      <trkpt lat="28.06354" lon="-16.5868">
        <ele>196.9</ele>
      </trkpt>
      <trkpt lat="28.06357" lon="-16.586739">
        <ele>196.8</ele>
      </trkpt>
      <trkpt lat="28.06358" lon="-16.5867">
        <ele>196.6</ele>
      </trkpt>
      <trkpt lat="28.06361" lon="-16.58663">
        <ele>196.5</ele>
      </trkpt>
      <trkpt lat="28.06362" lon="-16.58662">
        <ele>196.6</ele>
      </trkpt>
      <trkpt lat="28.06363" lon="-16.5866">
        <ele>196.6</ele>
      </trkpt>
      <trkpt lat="28.06365" lon="-16.586569">
        <ele>196.6</ele>
      </trkpt>
      <trkpt lat="28.06375" lon="-16.58649">
        <ele>197.0</ele>
      </trkpt>
      <trkpt lat="28.06383" lon="-16.58642">
        <ele>197.3</ele>
      </trkpt>
      <trkpt lat="28.06395" lon="-16.58634">
        <ele>197.8</ele>
      </trkpt>
      <trkpt lat="28.06401" lon="-16.58629">
        <ele>198.1</ele>
      </trkpt>
      <trkpt lat="28.06408" lon="-16.58624">
        <ele>198.4</ele>
      </trkpt>
      <trkpt lat="28.06416" lon="-16.586179">
        <ele>198.8</ele>
      </trkpt>
      <trkpt lat="28.06419" lon="-16.58615">
        <ele>199.0</ele>
      </trkpt>
      <trkpt lat="28.06431" lon="-16.58606">
        <ele>200.3</ele>
      </trkpt>
      <trkpt lat="28.06431" lon="-16.58606">
        <ele>200.3</ele>
      </trkpt>
      <trkpt lat="28.06427" lon="-16.58598">
        <ele>199.6</ele>
      </trkpt>
      <trkpt lat="28.06424" lon="-16.58592">
        <ele>199.1</ele>
      </trkpt>
      <trkpt lat="28.06423" lon="-16.58588">
        <ele>198.9</ele>
      </trkpt>
      <trkpt lat="28.06422" lon="-16.58584">
        <ele>198.7</ele>
      </trkpt>
      <trkpt lat="28.06422" lon="-16.585799">
        <ele>198.6</ele>
      </trkpt>
      <trkpt lat="28.06422" lon="-16.58579">
        <ele>198.6</ele>
      </trkpt>
      <trkpt lat="28.06422" lon="-16.58575">
        <ele>198.5</ele>
      </trkpt>
      <trkpt lat="28.06424" lon="-16.585709">
        <ele>198.8</ele>
      </trkpt>
      <trkpt lat="28.06425" lon="-16.58568">
        <ele>198.8</ele>
      </trkpt>
      <trkpt lat="28.06425" lon="-16.58565">
        <ele>198.8</ele>
      </trkpt>
      <trkpt lat="28.06425" lon="-16.585619">
        <ele>198.7</ele>
      </trkpt>
      <trkpt lat="28.06425" lon="-16.58559">
        <ele>198.7</ele>
      </trkpt>
      <trkpt lat="28.06424" lon="-16.58557">
        <ele>198.5</ele>
      </trkpt>
      <trkpt lat="28.06423" lon="-16.58554">
        <ele>198.3</ele>
      </trkpt>
      <trkpt lat="28.06421" lon="-16.5855">
        <ele>197.9</ele>
      </trkpt>
      <trkpt lat="28.06418" lon="-16.58547">
        <ele>197.3</ele>
      </trkpt>
      <trkpt lat="28.06416" lon="-16.585439">
        <ele>197.0</ele>
      </trkpt>
      <trkpt lat="28.06411" lon="-16.58539">
        <ele>196.4</ele>
      </trkpt>
      <trkpt lat="28.06407" lon="-16.58536">
        <ele>195.9</ele>
      </trkpt>
      <trkpt lat="28.06403" lon="-16.58531">
        <ele>195.3</ele>
      </trkpt>
      <trkpt lat="28.06402" lon="-16.58528">
        <ele>195.1</ele>
      </trkpt>
      <trkpt lat="28.06401" lon="-16.585239">
        <ele>194.9</ele>
      </trkpt>
      <trkpt lat="28.064" lon="-16.5852">
        <ele>194.7</ele>
      </trkpt>
      <trkpt lat="28.064" lon="-16.585159">
        <ele>194.5</ele>
      </trkpt>
      <trkpt lat="28.064" lon="-16.58511">
        <ele>194.4</ele>
      </trkpt>
      <trkpt lat="28.064" lon="-16.58508">
        <ele>194.3</ele>
      </trkpt>
      <trkpt lat="28.06402" lon="-16.585">
        <ele>194.2</ele>
      </trkpt>
      <trkpt lat="28.06404" lon="-16.58492">
        <ele>194.7</ele>
      </trkpt>
      <trkpt lat="28.06405" lon="-16.58489">
        <ele>194.9</ele>
      </trkpt>
      <trkpt lat="28.06406" lon="-16.58485">
        <ele>195.1</ele>
      </trkpt>
      <trkpt lat="28.0641" lon="-16.584769">
        <ele>195.9</ele>
      </trkpt>
      <trkpt lat="28.06414" lon="-16.584679">
        <ele>196.8</ele>
      </trkpt>
      <trkpt lat="28.06418" lon="-16.584589">
        <ele>197.8</ele>
      </trkpt>
      <trkpt lat="28.06421" lon="-16.58452">
        <ele>198.7</ele>
      </trkpt>
      <trkpt lat="28.06422" lon="-16.584489">
        <ele>199.0</ele>
      </trkpt>
      <trkpt lat="28.06423" lon="-16.58447">
        <ele>199.3</ele>
      </trkpt>
      <trkpt lat="28.06423" lon="-16.58443">
        <ele>199.5</ele>
      </trkpt>
      <trkpt lat="28.06424" lon="-16.58438">
        <ele>199.9</ele>
      </trkpt>
      <trkpt lat="28.06423" lon="-16.58433">
        <ele>199.8</ele>
      </trkpt>
      <trkpt lat="28.06423" lon="-16.58432">
        <ele>199.9</ele>
      </trkpt>
      <trkpt lat="28.06422" lon="-16.58418">
        <ele>200.2</ele>
      </trkpt>
      <trkpt lat="28.06421" lon="-16.58408">
        <ele>199.9</ele>
      </trkpt>
      <trkpt lat="28.06421" lon="-16.584029">
        <ele>199.8</ele>
      </trkpt>
      <trkpt lat="28.06421" lon="-16.584">
        <ele>199.8</ele>
      </trkpt>
      <trkpt lat="28.06421" lon="-16.58397">
        <ele>199.7</ele>
      </trkpt>
      <trkpt lat="28.06421" lon="-16.58392">
        <ele>199.7</ele>
      </trkpt>
      <trkpt lat="28.06423" lon="-16.58371">
        <ele>199.8</ele>
      </trkpt>
      <trkpt lat="28.06423" lon="-16.58367">
        <ele>199.8</ele>
      </trkpt>
      <trkpt lat="28.06425" lon="-16.58351">
        <ele>200.0</ele>
      </trkpt>
      <trkpt lat="28.06425" lon="-16.58348">
        <ele>199.9</ele>
      </trkpt>
      <trkpt lat="28.06426" lon="-16.583379">
        <ele>200.0</ele>
      </trkpt>
      <trkpt lat="28.06427" lon="-16.58333">
        <ele>200.1</ele>
      </trkpt>
      <trkpt lat="28.06428" lon="-16.58331">
        <ele>200.0</ele>
      </trkpt>
      <trkpt lat="28.06429" lon="-16.58329">
        <ele>200.0</ele>
      </trkpt>
      <trkpt lat="28.06432" lon="-16.58325">
        <ele>200.1</ele>
      </trkpt>
      <trkpt lat="28.06437" lon="-16.583189">
        <ele>200.3</ele>
      </trkpt>
      <trkpt lat="28.06442" lon="-16.58313">
        <ele>200.5</ele>
      </trkpt>
      <trkpt lat="28.06446" lon="-16.58307">
        <ele>200.5</ele>
      </trkpt>
      <trkpt lat="28.06449" lon="-16.58301">
        <ele>200.2</ele>
      </trkpt>
      <trkpt lat="28.06452" lon="-16.58293">
        <ele>199.6</ele>
      </trkpt>
      <trkpt lat="28.06455" lon="-16.58285">
        <ele>199.0</ele>
      </trkpt>
      <trkpt lat="28.06457" lon="-16.58282">
        <ele>198.9</ele>
      </trkpt>
      <trkpt lat="28.0646" lon="-16.58278">
        <ele>198.8</ele>
      </trkpt>
      <trkpt lat="28.06464" lon="-16.58274">
        <ele>198.8</ele>
      </trkpt>
      <trkpt lat="28.06468" lon="-16.58268">
        <ele>198.5</ele>
      </trkpt>
      <trkpt lat="28.0647" lon="-16.58265">
        <ele>198.4</ele>
      </trkpt>
      <trkpt lat="28.06472" lon="-16.582619">
        <ele>198.2</ele>
      </trkpt>
      <trkpt lat="28.06477" lon="-16.58255">
        <ele>197.8</ele>
      </trkpt>
      <trkpt lat="28.0648" lon="-16.58249">
        <ele>197.3</ele>
      </trkpt>
      <trkpt lat="28.06485" lon="-16.58239">
        <ele>197.3</ele>
      </trkpt>
      <trkpt lat="28.06494" lon="-16.582239">
        <ele>197.4</ele>
      </trkpt>
      <trkpt lat="28.06498" lon="-16.58219">
        <ele>197.5</ele>
      </trkpt>
      <trkpt lat="28.06502" lon="-16.582159">
        <ele>197.7</ele>
      </trkpt>
      <trkpt lat="28.06507" lon="-16.58213">
        <ele>197.9</ele>
      </trkpt>
      <trkpt lat="28.06512" lon="-16.5821">
        <ele>198.0</ele>
      </trkpt>
      <trkpt lat="28.06517" lon="-16.58207">
        <ele>198.2</ele>
      </trkpt>
      <trkpt lat="28.06523" lon="-16.58201">
        <ele>198.4</ele>
      </trkpt>
      <trkpt lat="28.0653" lon="-16.58193">
        <ele>198.6</ele>
      </trkpt>
      <trkpt lat="28.06538" lon="-16.58183">
        <ele>198.8</ele>
      </trkpt>
      <trkpt lat="28.06543" lon="-16.58179">
        <ele>199.2</ele>
      </trkpt>
      <trkpt lat="28.06548" lon="-16.58175">
        <ele>199.5</ele>
      </trkpt>
      <trkpt lat="28.0656" lon="-16.58171">
        <ele>200.6</ele>
      </trkpt>
      <trkpt lat="28.06574" lon="-16.58165">
        <ele>202.0</ele>
      </trkpt>
      <trkpt lat="28.06598" lon="-16.58156">
        <ele>203.2</ele>
      </trkpt>
      <trkpt lat="28.06604" lon="-16.58153">
        <ele>203.3</ele>
      </trkpt>
      <trkpt lat="28.06606" lon="-16.58152">
        <ele>203.4</ele>
      </trkpt>
      <trkpt lat="28.06608" lon="-16.58151">
        <ele>203.4</ele>
      </trkpt>
      <trkpt lat="28.0661" lon="-16.581499">
        <ele>203.5</ele>
      </trkpt>
      <trkpt lat="28.06613" lon="-16.58148">
        <ele>203.6</ele>
      </trkpt>
      <trkpt lat="28.06614" lon="-16.58147">
        <ele>203.6</ele>
      </trkpt>
      <trkpt lat="28.06616" lon="-16.58145">
        <ele>203.7</ele>
      </trkpt>
      <trkpt lat="28.06618" lon="-16.581399">
        <ele>203.7</ele>
      </trkpt>
      <trkpt lat="28.06621" lon="-16.58128">
        <ele>203.8</ele>
      </trkpt>
      <trkpt lat="28.06624" lon="-16.58118">
        <ele>203.9</ele>
      </trkpt>
      <trkpt lat="28.06626" lon="-16.58109">
        <ele>204.1</ele>
      </trkpt>
      <trkpt lat="28.06637" lon="-16.58069">
        <ele>204.5</ele>
      </trkpt>
      <trkpt lat="28.06639" lon="-16.58061">
        <ele>204.4</ele>
      </trkpt>
      <trkpt lat="28.06641" lon="-16.58058">
        <ele>204.5</ele>
      </trkpt>
      <trkpt lat="28.06643" lon="-16.58054">
        <ele>204.5</ele>
      </trkpt>
      <trkpt lat="28.06645" lon="-16.58052">
        <ele>204.6</ele>
      </trkpt>
      <trkpt lat="28.06647" lon="-16.58051">
        <ele>204.7</ele>
      </trkpt>
      <trkpt lat="28.06651" lon="-16.58048">
        <ele>204.9</ele>
      </trkpt>
      <trkpt lat="28.06657" lon="-16.580449">
        <ele>205.3</ele>
      </trkpt>
      <trkpt lat="28.06678" lon="-16.580369">
        <ele>206.7</ele>
      </trkpt>
      <trkpt lat="28.06707" lon="-16.580279">
        <ele>208.9</ele>
      </trkpt>
      <trkpt lat="28.06731" lon="-16.58022">
        <ele>210.9</ele>
      </trkpt>
      <trkpt lat="28.06739" lon="-16.58019">
        <ele>211.6</ele>
      </trkpt>
      <trkpt lat="28.06765" lon="-16.58011">
        <ele>213.7</ele>
      </trkpt>
      <trkpt lat="28.06777" lon="-16.58007">
        <ele>214.5</ele>
      </trkpt>
      <trkpt lat="28.06782" lon="-16.58005">
        <ele>214.8</ele>
      </trkpt>
      <trkpt lat="28.06789" lon="-16.58002">
        <ele>215.3</ele>
      </trkpt>
      <trkpt lat="28.06795" lon="-16.579999">
        <ele>215.7</ele>
      </trkpt>
      <trkpt lat="28.06798" lon="-16.579979">
        <ele>215.7</ele>
      </trkpt>
      <trkpt lat="28.06799" lon="-16.57997">
        <ele>215.7</ele>
      </trkpt>
      <trkpt lat="28.06803" lon="-16.57994">
        <ele>215.7</ele>
      </trkpt>
      <trkpt lat="28.06813" lon="-16.57986">
        <ele>215.8</ele>
      </trkpt>
      <trkpt lat="28.06831" lon="-16.57967">
        <ele>215.5</ele>
      </trkpt>
      <trkpt lat="28.06835" lon="-16.57963">
        <ele>215.5</ele>
      </trkpt>
      <trkpt lat="28.06848" lon="-16.57954">
        <ele>215.8</ele>
      </trkpt>
      <trkpt lat="28.06859" lon="-16.57949">
        <ele>216.4</ele>
      </trkpt>
      <trkpt lat="28.06885" lon="-16.57938">
        <ele>217.7</ele>
      </trkpt>
      <trkpt lat="28.06889" lon="-16.57936">
        <ele>217.9</ele>
      </trkpt>
      <trkpt lat="28.06892" lon="-16.579339">
        <ele>218.0</ele>
      </trkpt>
      <trkpt lat="28.06895" lon="-16.579339">
        <ele>218.3</ele>
      </trkpt>
      <trkpt lat="28.06898" lon="-16.579329">
        <ele>218.5</ele>
      </trkpt>
      <trkpt lat="28.06903" lon="-16.579339">
        <ele>218.9</ele>
      </trkpt>
      <trkpt lat="28.0691" lon="-16.57936">
        <ele>219.6</ele>
      </trkpt>
      <trkpt lat="28.06913" lon="-16.57938">
        <ele>220.0</ele>
      </trkpt>
      <trkpt lat="28.06924" lon="-16.57941">
        <ele>220.8</ele>
      </trkpt>
      <trkpt lat="28.06927" lon="-16.57941">
        <ele>221.0</ele>
      </trkpt>
      <trkpt lat="28.06929" lon="-16.57941">
        <ele>221.1</ele>
      </trkpt>
      <trkpt lat="28.06932" lon="-16.57941">
        <ele>221.3</ele>
      </trkpt>
      <trkpt lat="28.06935" lon="-16.5794">
        <ele>221.4</ele>
      </trkpt>
      <trkpt lat="28.06937" lon="-16.57938">
        <ele>221.4</ele>
      </trkpt>
      <trkpt lat="28.06937" lon="-16.57938">
        <ele>221.4</ele>
      </trkpt>
      <trkpt lat="28.06937" lon="-16.57938">
        <ele>221.4</ele>
      </trkpt>
      <trkpt lat="28.06938" lon="-16.57937">
        <ele>221.4</ele>
      </trkpt>
      <trkpt lat="28.06942" lon="-16.57932">
        <ele>221.3</ele>
      </trkpt>
      <trkpt lat="28.06943" lon="-16.57931">
        <ele>221.3</ele>
      </trkpt>
      <trkpt lat="28.06948" lon="-16.579229">
        <ele>221.2</ele>
      </trkpt>
      <trkpt lat="28.06955" lon="-16.579049">
        <ele>220.9</ele>
      </trkpt>
      <trkpt lat="28.06968" lon="-16.5787">
        <ele>220.9</ele>
      </trkpt>
      <trkpt lat="28.06969" lon="-16.578669">
        <ele>220.9</ele>
      </trkpt>
      <trkpt lat="28.06976" lon="-16.578489">
        <ele>221.0</ele>
      </trkpt>
      <trkpt lat="28.06978" lon="-16.57845">
        <ele>221.1</ele>
      </trkpt>
      <trkpt lat="28.06981" lon="-16.578389">
        <ele>221.3</ele>
      </trkpt>
      <trkpt lat="28.06983" lon="-16.57836">
        <ele>221.4</ele>
      </trkpt>
      <trkpt lat="28.06986" lon="-16.57832">
        <ele>221.6</ele>
      </trkpt>
      <trkpt lat="28.06988" lon="-16.578299">
        <ele>221.7</ele>
      </trkpt>
      <trkpt lat="28.06992" lon="-16.57826">
        <ele>221.8</ele>
      </trkpt>
      <trkpt lat="28.06995" lon="-16.57823">
        <ele>221.9</ele>
      </trkpt>
      <trkpt lat="28.06997" lon="-16.578209">
        <ele>222.0</ele>
      </trkpt>
      <trkpt lat="28.06999" lon="-16.57818">
        <ele>222.0</ele>
      </trkpt>
      <trkpt lat="28.07" lon="-16.57818">
        <ele>222.1</ele>
      </trkpt>
      <trkpt lat="28.07001" lon="-16.57814">
        <ele>221.9</ele>
      </trkpt>
      <trkpt lat="28.07007" lon="-16.57799">
        <ele>221.6</ele>
      </trkpt>
      <trkpt lat="28.07009" lon="-16.57795">
        <ele>221.6</ele>
      </trkpt>
      <trkpt lat="28.07026" lon="-16.57748">
        <ele>220.8</ele>
      </trkpt>
      <trkpt lat="28.07028" lon="-16.57743">
        <ele>221.1</ele>
      </trkpt>
      <trkpt lat="28.0703" lon="-16.57738">
        <ele>221.3</ele>
      </trkpt>
      <trkpt lat="28.07032" lon="-16.57734">
        <ele>221.5</ele>
      </trkpt>
      <trkpt lat="28.07035" lon="-16.5773">
        <ele>221.8</ele>
      </trkpt>
      <trkpt lat="28.07038" lon="-16.577269">
        <ele>222.1</ele>
      </trkpt>
      <trkpt lat="28.0704" lon="-16.57725">
        <ele>222.3</ele>
      </trkpt>
      <trkpt lat="28.07047" lon="-16.57716">
        <ele>223.0</ele>
      </trkpt>
      <trkpt lat="28.07051" lon="-16.57712">
        <ele>223.4</ele>
      </trkpt>
      <trkpt lat="28.07056" lon="-16.57707">
        <ele>223.9</ele>
      </trkpt>
      <trkpt lat="28.07058" lon="-16.57703">
        <ele>224.0</ele>
      </trkpt>
      <trkpt lat="28.07059" lon="-16.577">
        <ele>224.1</ele>
      </trkpt>
      <trkpt lat="28.07061" lon="-16.57696">
        <ele>224.3</ele>
      </trkpt>
      <trkpt lat="28.07062" lon="-16.57692">
        <ele>224.4</ele>
      </trkpt>
      <trkpt lat="28.07063" lon="-16.57687">
        <ele>224.4</ele>
      </trkpt>
      <trkpt lat="28.07065" lon="-16.57676">
        <ele>224.5</ele>
      </trkpt>
      <trkpt lat="28.07068" lon="-16.576619">
        <ele>225.3</ele>
      </trkpt>
      <trkpt lat="28.0707" lon="-16.57641">
        <ele>228.2</ele>
      </trkpt>
      <trkpt lat="28.0707" lon="-16.57637">
        <ele>228.7</ele>
      </trkpt>
      <trkpt lat="28.0707" lon="-16.57636">
        <ele>228.9</ele>
      </trkpt>
      <trkpt lat="28.07069" lon="-16.57635">
        <ele>228.9</ele>
      </trkpt>
      <trkpt lat="28.07069" lon="-16.576329">
        <ele>229.2</ele>
      </trkpt>
      <trkpt lat="28.07068" lon="-16.57629">
        <ele>229.6</ele>
      </trkpt>
      <trkpt lat="28.07066" lon="-16.57626">
        <ele>229.8</ele>
      </trkpt>
      <trkpt lat="28.07064" lon="-16.576229">
        <ele>230.0</ele>
      </trkpt>
      <trkpt lat="28.07063" lon="-16.57621">
        <ele>230.2</ele>
      </trkpt>
      <trkpt lat="28.0706" lon="-16.57618">
        <ele>230.3</ele>
      </trkpt>
      <trkpt lat="28.07057" lon="-16.576149">
        <ele>230.4</ele>
      </trkpt>
      <trkpt lat="28.07045" lon="-16.57608">
        <ele>230.2</ele>
      </trkpt>
      <trkpt lat="28.07038" lon="-16.57603">
        <ele>230.2</ele>
      </trkpt>
      <trkpt lat="28.07011" lon="-16.5758">
        <ele>230.4</ele>
      </trkpt>
      <trkpt lat="28.07003" lon="-16.57571">
        <ele>230.7</ele>
      </trkpt>
      <trkpt lat="28.06992" lon="-16.57554">
        <ele>232.6</ele>
      </trkpt>
      <trkpt lat="28.06991" lon="-16.57551">
        <ele>233.0</ele>
      </trkpt>
      <trkpt lat="28.06982" lon="-16.57537">
        <ele>234.6</ele>
      </trkpt>
      <trkpt lat="28.06979" lon="-16.57531">
        <ele>235.3</ele>
      </trkpt>
      <trkpt lat="28.06971" lon="-16.575209">
        <ele>236.4</ele>
      </trkpt>
      <trkpt lat="28.0697" lon="-16.575199">
        <ele>236.5</ele>
      </trkpt>
      <trkpt lat="28.06966" lon="-16.57516">
        <ele>236.9</ele>
      </trkpt>
      <trkpt lat="28.0696" lon="-16.575119">
        <ele>237.3</ele>
      </trkpt>
      <trkpt lat="28.06957" lon="-16.57509">
        <ele>237.6</ele>
      </trkpt>
      <trkpt lat="28.06952" lon="-16.57504">
        <ele>238.0</ele>
      </trkpt>
      <trkpt lat="28.06948" lon="-16.575009">
        <ele>238.3</ele>
      </trkpt>
      <trkpt lat="28.06945" lon="-16.57498">
        <ele>238.2</ele>
      </trkpt>
      <trkpt lat="28.06944" lon="-16.57495">
        <ele>237.9</ele>
      </trkpt>
      <trkpt lat="28.06943" lon="-16.57491">
        <ele>237.6</ele>
      </trkpt>
      <trkpt lat="28.06942" lon="-16.57488">
        <ele>237.3</ele>
      </trkpt>
      <trkpt lat="28.06942" lon="-16.574829">
        <ele>236.9</ele>
      </trkpt>
      <trkpt lat="28.06942" lon="-16.57479">
        <ele>236.5</ele>
      </trkpt>
      <trkpt lat="28.06942" lon="-16.57475">
        <ele>236.2</ele>
      </trkpt>
      <trkpt lat="28.06943" lon="-16.57471">
        <ele>235.9</ele>
      </trkpt>
      <trkpt lat="28.06947" lon="-16.574549">
        <ele>234.9</ele>
      </trkpt>
      <trkpt lat="28.06948" lon="-16.5745">
        <ele>234.6</ele>
      </trkpt>
      <trkpt lat="28.06952" lon="-16.574359">
        <ele>234.0</ele>
      </trkpt>
      <trkpt lat="28.06957" lon="-16.57419">
        <ele>233.5</ele>
      </trkpt>
      <trkpt lat="28.0696" lon="-16.57409">
        <ele>232.6</ele>
      </trkpt>
      <trkpt lat="28.06965" lon="-16.57401">
        <ele>232.0</ele>
      </trkpt>
      <trkpt lat="28.06967" lon="-16.573989">
        <ele>232.0</ele>
      </trkpt>
      <trkpt lat="28.0697" lon="-16.57394">
        <ele>231.6</ele>
      </trkpt>
      <trkpt lat="28.06974" lon="-16.573899">
        <ele>231.5</ele>
      </trkpt>
      <trkpt lat="28.06979" lon="-16.57384">
        <ele>231.2</ele>
      </trkpt>
      <trkpt lat="28.06984" lon="-16.57377">
        <ele>230.8</ele>
      </trkpt>
      <trkpt lat="28.0699" lon="-16.573699">
        <ele>230.5</ele>
      </trkpt>
      <trkpt lat="28.06991" lon="-16.57368">
        <ele>230.3</ele>
      </trkpt>
      <trkpt lat="28.06997" lon="-16.57357">
        <ele>229.3</ele>
      </trkpt>
      <trkpt lat="28.07" lon="-16.573509">
        <ele>228.8</ele>
      </trkpt>
      <trkpt lat="28.07001" lon="-16.573509">
        <ele>229.0</ele>
      </trkpt>
      <trkpt lat="28.07006" lon="-16.573419">
        <ele>228.7</ele>
      </trkpt>
      <trkpt lat="28.0701" lon="-16.57334">
        <ele>228.5</ele>
      </trkpt>
      <trkpt lat="28.07011" lon="-16.573319">
        <ele>228.5</ele>
      </trkpt>
      <trkpt lat="28.07012" lon="-16.57328">
        <ele>228.2</ele>
      </trkpt>
      <trkpt lat="28.07014" lon="-16.573239">
        <ele>228.2</ele>
      </trkpt>
      <trkpt lat="28.07015" lon="-16.57319">
        <ele>227.8</ele>
      </trkpt>
      <trkpt lat="28.07016" lon="-16.573149">
        <ele>227.5</ele>
      </trkpt>
      <trkpt lat="28.07018" lon="-16.573">
        <ele>226.1</ele>
      </trkpt>
      <trkpt lat="28.07019" lon="-16.572949">
        <ele>225.6</ele>
      </trkpt>
      <trkpt lat="28.07023" lon="-16.57275">
        <ele>223.9</ele>
      </trkpt>
      <trkpt lat="28.07025" lon="-16.57265">
        <ele>223.1</ele>
      </trkpt>
      <trkpt lat="28.07031" lon="-16.572489">
        <ele>222.2</ele>
      </trkpt>
      <trkpt lat="28.07036" lon="-16.572389">
        <ele>222.1</ele>
      </trkpt>
      <trkpt lat="28.0704" lon="-16.57231">
        <ele>221.9</ele>
      </trkpt>
      <trkpt lat="28.07048" lon="-16.572099">
        <ele>220.7</ele>
      </trkpt>
      <trkpt lat="28.07048" lon="-16.57209">
        <ele>220.6</ele>
      </trkpt>
      <trkpt lat="28.07054" lon="-16.57196">
        <ele>219.8</ele>
      </trkpt>
      <trkpt lat="28.07056" lon="-16.571909">
        <ele>219.4</ele>
      </trkpt>
      <trkpt lat="28.07059" lon="-16.57187">
        <ele>219.2</ele>
      </trkpt>
      <trkpt lat="28.07062" lon="-16.571829">
        <ele>219.0</ele>
      </trkpt>
      <trkpt lat="28.07068" lon="-16.57178">
        <ele>219.0</ele>
      </trkpt>
      <trkpt lat="28.07069" lon="-16.57177">
        <ele>219.0</ele>
      </trkpt>
      <trkpt lat="28.07077" lon="-16.5717">
        <ele>218.9</ele>
      </trkpt>
      <trkpt lat="28.07084" lon="-16.57166">
        <ele>218.9</ele>
      </trkpt>
      <trkpt lat="28.07115" lon="-16.571459">
        <ele>217.8</ele>
      </trkpt>
      <trkpt lat="28.07131" lon="-16.571359">
        <ele>217.3</ele>
      </trkpt>
      <trkpt lat="28.07158" lon="-16.5712">
        <ele>216.5</ele>
      </trkpt>
      <trkpt lat="28.07162" lon="-16.571169">
        <ele>216.3</ele>
      </trkpt>
      <trkpt lat="28.07164" lon="-16.57115">
        <ele>216.1</ele>
      </trkpt>
      <trkpt lat="28.07167" lon="-16.57112">
        <ele>215.9</ele>
      </trkpt>
      <trkpt lat="28.07169" lon="-16.5711">
        <ele>215.8</ele>
      </trkpt>
      <trkpt lat="28.0717" lon="-16.571079">
        <ele>215.6</ele>
      </trkpt>
      <trkpt lat="28.07171" lon="-16.57105">
        <ele>215.3</ele>
      </trkpt>
      <trkpt lat="28.07171" lon="-16.57102">
        <ele>214.8</ele>
      </trkpt>
      <trkpt lat="28.07171" lon="-16.57101">
        <ele>214.6</ele>
      </trkpt>
      <trkpt lat="28.07171" lon="-16.570979">
        <ele>214.1</ele>
      </trkpt>
      <trkpt lat="28.0717" lon="-16.57095">
        <ele>213.5</ele>
      </trkpt>
      <trkpt lat="28.07169" lon="-16.570889">
        <ele>212.3</ele>
      </trkpt>
      <trkpt lat="28.07162" lon="-16.57072">
        <ele>209.9</ele>
      </trkpt>
      <trkpt lat="28.07155" lon="-16.57053">
        <ele>208.1</ele>
      </trkpt>
      <trkpt lat="28.0714" lon="-16.57015">
        <ele>204.9</ele>
      </trkpt>
      <trkpt lat="28.07139" lon="-16.57011">
        <ele>204.7</ele>
      </trkpt>
      <trkpt lat="28.07124" lon="-16.56974">
        <ele>202.8</ele>
      </trkpt>
      <trkpt lat="28.07123" lon="-16.569659">
        <ele>202.6</ele>
      </trkpt>
      <trkpt lat="28.07122" lon="-16.56961">
        <ele>202.4</ele>
      </trkpt>
      <trkpt lat="28.07122" lon="-16.569579">
        <ele>202.3</ele>
      </trkpt>
      <trkpt lat="28.07122" lon="-16.56954">
        <ele>202.2</ele>
      </trkpt>
      <trkpt lat="28.07122" lon="-16.569489">
        <ele>202.1</ele>
      </trkpt>
      <trkpt lat="28.07123" lon="-16.56944">
        <ele>202.0</ele>
      </trkpt>
      <trkpt lat="28.07124" lon="-16.569379">
        <ele>201.9</ele>
      </trkpt>
      <trkpt lat="28.07125" lon="-16.569379">
        <ele>202.0</ele>
      </trkpt>
      <trkpt lat="28.07133" lon="-16.569189">
        <ele>202.2</ele>
      </trkpt>
      <trkpt lat="28.07136" lon="-16.56913">
        <ele>202.4</ele>
      </trkpt>
      <trkpt lat="28.07157" lon="-16.56865">
        <ele>202.7</ele>
      </trkpt>
      <trkpt lat="28.07157" lon="-16.568639">
        <ele>202.7</ele>
      </trkpt>
      <trkpt lat="28.07166" lon="-16.56847">
        <ele>202.5</ele>
      </trkpt>
      <trkpt lat="28.07167" lon="-16.56846">
        <ele>202.5</ele>
      </trkpt>
      <trkpt lat="28.0717" lon="-16.56841">
        <ele>202.5</ele>
      </trkpt>
      <trkpt lat="28.07173" lon="-16.56837">
        <ele>202.5</ele>
      </trkpt>
      <trkpt lat="28.07178" lon="-16.56833">
        <ele>202.7</ele>
      </trkpt>
      <trkpt lat="28.07178" lon="-16.56832">
        <ele>202.7</ele>
      </trkpt>
      <trkpt lat="28.07192" lon="-16.56823">
        <ele>203.4</ele>
      </trkpt>
      <trkpt lat="28.07205" lon="-16.56813">
        <ele>203.9</ele>
      </trkpt>
      <trkpt lat="28.07218" lon="-16.56805">
        <ele>204.2</ele>
      </trkpt>
      <trkpt lat="28.07221" lon="-16.56803">
        <ele>204.3</ele>
      </trkpt>
      <trkpt lat="28.0723" lon="-16.567969">
        <ele>204.5</ele>
      </trkpt>
      <trkpt lat="28.07247" lon="-16.567879">
        <ele>204.7</ele>
      </trkpt>
      <trkpt lat="28.07265" lon="-16.56782">
        <ele>205.2</ele>
      </trkpt>
      <trkpt lat="28.07271" lon="-16.56781">
        <ele>205.5</ele>
      </trkpt>
      <trkpt lat="28.07273" lon="-16.56781">
        <ele>205.6</ele>
      </trkpt>
      <trkpt lat="28.07281" lon="-16.567789">
        <ele>205.9</ele>
      </trkpt>
      <trkpt lat="28.07288" lon="-16.567789">
        <ele>206.2</ele>
      </trkpt>
      <trkpt lat="28.07289" lon="-16.567789">
        <ele>206.2</ele>
      </trkpt>
      <trkpt lat="28.07294" lon="-16.567789">
        <ele>206.5</ele>
      </trkpt>
      <trkpt lat="28.07301" lon="-16.56776">
        <ele>206.7</ele>
      </trkpt>
      <trkpt lat="28.07303" lon="-16.56776">
        <ele>206.8</ele>
      </trkpt>
      <trkpt lat="28.07306" lon="-16.56774">
        <ele>206.9</ele>
      </trkpt>
      <trkpt lat="28.07309" lon="-16.56772">
        <ele>207.0</ele>
      </trkpt>
      <trkpt lat="28.07319" lon="-16.56767">
        <ele>207.4</ele>
      </trkpt>
      <trkpt lat="28.07321" lon="-16.56766">
        <ele>207.5</ele>
      </trkpt>
      <trkpt lat="28.07334" lon="-16.56756">
        <ele>208.1</ele>
      </trkpt>
      <trkpt lat="28.07337" lon="-16.56754">
        <ele>208.2</ele>
      </trkpt>
      <trkpt lat="28.07349" lon="-16.56746">
        <ele>208.6</ele>
      </trkpt>
      <trkpt lat="28.07368" lon="-16.567319">
        <ele>208.8</ele>
      </trkpt>
      <trkpt lat="28.0738" lon="-16.56724">
        <ele>209.0</ele>
      </trkpt>
      <trkpt lat="28.07393" lon="-16.567129">
        <ele>209.1</ele>
      </trkpt>
      <trkpt lat="28.07395" lon="-16.56712">
        <ele>209.1</ele>
      </trkpt>
      <trkpt lat="28.07423" lon="-16.56687">
        <ele>209.2</ele>
      </trkpt>
      <trkpt lat="28.07437" lon="-16.56671">
        <ele>208.9</ele>
      </trkpt>
      <trkpt lat="28.07446" lon="-16.56662">
        <ele>209.0</ele>
      </trkpt>
      <trkpt lat="28.07454" lon="-16.56652">
        <ele>209.2</ele>
      </trkpt>
      <trkpt lat="28.07456" lon="-16.56649">
        <ele>209.2</ele>
      </trkpt>
      <trkpt lat="28.07469" lon="-16.56633">
        <ele>209.6</ele>
      </trkpt>
      <trkpt lat="28.07469" lon="-16.56632">
        <ele>209.6</ele>
      </trkpt>
      <trkpt lat="28.0748" lon="-16.56617">
        <ele>210.0</ele>
      </trkpt>
      <trkpt lat="28.07493" lon="-16.56598">
        <ele>210.6</ele>
      </trkpt>
      <trkpt lat="28.07502" lon="-16.565819">
        <ele>211.2</ele>
      </trkpt>
      <trkpt lat="28.07513" lon="-16.5656">
        <ele>212.9</ele>
      </trkpt>
      <trkpt lat="28.07523" lon="-16.56539">
        <ele>214.3</ele>
      </trkpt>
      <trkpt lat="28.07525" lon="-16.565339">
        <ele>214.5</ele>
      </trkpt>
      <trkpt lat="28.07529" lon="-16.56523">
        <ele>215.1</ele>
      </trkpt>
      <trkpt lat="28.07536" lon="-16.56504">
        <ele>216.0</ele>
      </trkpt>
      <trkpt lat="28.07566" lon="-16.5641">
        <ele>217.9</ele>
      </trkpt>
      <trkpt lat="28.07571" lon="-16.564">
        <ele>218.1</ele>
      </trkpt>
      <trkpt lat="28.07575" lon="-16.563939">
        <ele>218.3</ele>
      </trkpt>
      <trkpt lat="28.07578" lon="-16.5639">
        <ele>218.4</ele>
      </trkpt>
      <trkpt lat="28.07581" lon="-16.56387">
        <ele>218.5</ele>
      </trkpt>
      <trkpt lat="28.07587" lon="-16.5638">
        <ele>218.8</ele>
      </trkpt>
      <trkpt lat="28.07592" lon="-16.56374">
        <ele>219.1</ele>
      </trkpt>
      <trkpt lat="28.07595" lon="-16.56369">
        <ele>219.2</ele>
      </trkpt>
      <trkpt lat="28.07598" lon="-16.56365">
        <ele>219.3</ele>
      </trkpt>
      <trkpt lat="28.07602" lon="-16.56361">
        <ele>219.5</ele>
      </trkpt>
      <trkpt lat="28.07609" lon="-16.56354">
        <ele>219.9</ele>
      </trkpt>
      <trkpt lat="28.0761" lon="-16.56352">
        <ele>219.9</ele>
      </trkpt>
      <trkpt lat="28.07615" lon="-16.56351">
        <ele>220.2</ele>
      </trkpt>
      <trkpt lat="28.07619" lon="-16.56349">
        <ele>220.4</ele>
      </trkpt>
      <trkpt lat="28.07624" lon="-16.563479">
        <ele>220.7</ele>
      </trkpt>
      <trkpt lat="28.07629" lon="-16.563469">
        <ele>221.0</ele>
      </trkpt>
      <trkpt lat="28.07635" lon="-16.563469">
        <ele>221.4</ele>
      </trkpt>
      <trkpt lat="28.07636" lon="-16.563469">
        <ele>221.4</ele>
      </trkpt>
      <trkpt lat="28.0764" lon="-16.563479">
        <ele>221.7</ele>
      </trkpt>
      <trkpt lat="28.07648" lon="-16.5635">
        <ele>222.2</ele>
      </trkpt>
      <trkpt lat="28.07654" lon="-16.56353">
        <ele>222.7</ele>
      </trkpt>
      <trkpt lat="28.07658" lon="-16.56354">
        <ele>223.0</ele>
      </trkpt>
      <trkpt lat="28.07659" lon="-16.56355">
        <ele>223.0</ele>
      </trkpt>
      <trkpt lat="28.0766" lon="-16.56355">
        <ele>223.1</ele>
      </trkpt>
      <trkpt lat="28.07664" lon="-16.563559">
        <ele>223.4</ele>
      </trkpt>
      <trkpt lat="28.07671" lon="-16.563559">
        <ele>223.9</ele>
      </trkpt>
      <trkpt lat="28.07671" lon="-16.563559">
        <ele>223.9</ele>
      </trkpt>
      <trkpt lat="28.0769" lon="-16.56349">
        <ele>225.3</ele>
      </trkpt>
      <trkpt lat="28.07692" lon="-16.56349">
        <ele>225.4</ele>
      </trkpt>
      <trkpt lat="28.07695" lon="-16.563469">
        <ele>225.7</ele>
      </trkpt>
      <trkpt lat="28.077" lon="-16.56344">
        <ele>226.0</ele>
      </trkpt>
      <trkpt lat="28.07704" lon="-16.5634">
        <ele>226.3</ele>
      </trkpt>
      <trkpt lat="28.07706" lon="-16.563369">
        <ele>226.4</ele>
      </trkpt>
      <trkpt lat="28.07707" lon="-16.563369">
        <ele>226.5</ele>
      </trkpt>
      <trkpt lat="28.07709" lon="-16.56333">
        <ele>226.5</ele>
      </trkpt>
      <trkpt lat="28.07712" lon="-16.56318">
        <ele>226.3</ele>
      </trkpt>
      <trkpt lat="28.07717" lon="-16.56296">
        <ele>226.0</ele>
      </trkpt>
      <trkpt lat="28.07718" lon="-16.56287">
        <ele>225.7</ele>
      </trkpt>
      <trkpt lat="28.0772" lon="-16.56279">
        <ele>225.6</ele>
      </trkpt>
      <trkpt lat="28.07723" lon="-16.56267">
        <ele>225.3</ele>
      </trkpt>
      <trkpt lat="28.07724" lon="-16.56261">
        <ele>225.2</ele>
      </trkpt>
      <trkpt lat="28.07727" lon="-16.562529">
        <ele>225.0</ele>
      </trkpt>
      <trkpt lat="28.07731" lon="-16.56243">
        <ele>224.8</ele>
      </trkpt>
      <trkpt lat="28.07736" lon="-16.56233">
        <ele>224.7</ele>
      </trkpt>
      <trkpt lat="28.07739" lon="-16.56227">
        <ele>224.6</ele>
      </trkpt>
      <trkpt lat="28.07741" lon="-16.562249">
        <ele>224.7</ele>
      </trkpt>
      <trkpt lat="28.07747" lon="-16.56209">
        <ele>224.4</ele>
      </trkpt>
      <trkpt lat="28.07766" lon="-16.56166">
        <ele>224.7</ele>
      </trkpt>
      <trkpt lat="28.07769" lon="-16.56156">
        <ele>225.0</ele>
      </trkpt>
      <trkpt lat="28.07782" lon="-16.56119">
        <ele>225.8</ele>
      </trkpt>
      <trkpt lat="28.07803" lon="-16.56068">
        <ele>226.2</ele>
      </trkpt>
      <trkpt lat="28.07818" lon="-16.5605">
        <ele>226.2</ele>
      </trkpt>
      <trkpt lat="28.07834" lon="-16.56025">
        <ele>225.5</ele>
      </trkpt>
      <trkpt lat="28.07862" lon="-16.55987">
        <ele>225.8</ele>
      </trkpt>
      <trkpt lat="28.07871" lon="-16.55974">
        <ele>226.1</ele>
      </trkpt>
      <trkpt lat="28.07877" lon="-16.55966">
        <ele>226.3</ele>
      </trkpt>
      <trkpt lat="28.07898" lon="-16.55938">
        <ele>227.2</ele>
      </trkpt>
      <trkpt lat="28.07903" lon="-16.55933">
        <ele>227.4</ele>
      </trkpt>
      <trkpt lat="28.07905" lon="-16.55932">
        <ele>227.5</ele>
      </trkpt>
      <trkpt lat="28.07931" lon="-16.559">
        <ele>228.3</ele>
      </trkpt>
      <trkpt lat="28.07935" lon="-16.55895">
        <ele>228.3</ele>
      </trkpt>
      <trkpt lat="28.07949" lon="-16.55876">
        <ele>228.5</ele>
      </trkpt>
      <trkpt lat="28.07951" lon="-16.55874">
        <ele>228.5</ele>
      </trkpt>
      <trkpt lat="28.07958" lon="-16.55865">
        <ele>228.6</ele>
      </trkpt>
      <trkpt lat="28.0796" lon="-16.558599">
        <ele>228.6</ele>
      </trkpt>
      <trkpt lat="28.0796" lon="-16.558599">
        <ele>228.6</ele>
      </trkpt>
      <trkpt lat="28.0796" lon="-16.55854">
        <ele>228.3</ele>
      </trkpt>
      <trkpt lat="28.0796" lon="-16.558499">
        <ele>228.2</ele>
      </trkpt>
      <trkpt lat="28.0796" lon="-16.55848">
        <ele>228.1</ele>
      </trkpt>
      <trkpt lat="28.0796" lon="-16.55846">
        <ele>228.1</ele>
      </trkpt>
      <trkpt lat="28.07957" lon="-16.558399">
        <ele>227.7</ele>
      </trkpt>
      <trkpt lat="28.07952" lon="-16.55835">
        <ele>227.2</ele>
      </trkpt>
      <trkpt lat="28.07948" lon="-16.55834">
        <ele>226.9</ele>
      </trkpt>
      <trkpt lat="28.0792" lon="-16.55824">
        <ele>225.1</ele>
      </trkpt>
      <trkpt lat="28.07914" lon="-16.558219">
        <ele>224.7</ele>
      </trkpt>
      <trkpt lat="28.07861" lon="-16.55801">
        <ele>222.2</ele>
      </trkpt>
      <trkpt lat="28.07858" lon="-16.55799">
        <ele>222.1</ele>
      </trkpt>
      <trkpt lat="28.07827" lon="-16.55786">
        <ele>220.6</ele>
      </trkpt>
      <trkpt lat="28.07802" lon="-16.55777">
        <ele>219.3</ele>
      </trkpt>
      <trkpt lat="28.0778" lon="-16.55772">
        <ele>218.2</ele>
      </trkpt>
      <trkpt lat="28.07774" lon="-16.55771">
        <ele>218.0</ele>
      </trkpt>
      <trkpt lat="28.07724" lon="-16.55767">
        <ele>215.7</ele>
      </trkpt>
      <trkpt lat="28.0768" lon="-16.55763">
        <ele>213.9</ele>
      </trkpt>
      <trkpt lat="28.07675" lon="-16.55762">
        <ele>213.7</ele>
      </trkpt>
      <trkpt lat="28.07657" lon="-16.55761">
        <ele>213.0</ele>
      </trkpt>
      <trkpt lat="28.07644" lon="-16.5576">
        <ele>212.6</ele>
      </trkpt>
      <trkpt lat="28.07637" lon="-16.55759">
        <ele>212.4</ele>
      </trkpt>
      <trkpt lat="28.07604" lon="-16.55754">
        <ele>211.5</ele>
      </trkpt>
      <trkpt lat="28.07593" lon="-16.55753">
        <ele>211.2</ele>
      </trkpt>
      <trkpt lat="28.07562" lon="-16.55749">
        <ele>208.7</ele>
      </trkpt>
      <trkpt lat="28.07556" lon="-16.55749">
        <ele>208.0</ele>
      </trkpt>
      <trkpt lat="28.07549" lon="-16.557469">
        <ele>207.2</ele>
      </trkpt>
      <trkpt lat="28.07531" lon="-16.55744">
        <ele>205.2</ele>
      </trkpt>
      <trkpt lat="28.07503" lon="-16.55734">
        <ele>201.9</ele>
      </trkpt>
      <trkpt lat="28.07473" lon="-16.55723">
        <ele>199.7</ele>
      </trkpt>
      <trkpt lat="28.07464" lon="-16.557189">
        <ele>199.1</ele>
      </trkpt>
      <trkpt lat="28.07462" lon="-16.557179">
        <ele>199.0</ele>
      </trkpt>
      <trkpt lat="28.07462" lon="-16.557179">
        <ele>199.0</ele>
      </trkpt>
      <trkpt lat="28.07435" lon="-16.55707">
        <ele>197.5</ele>
      </trkpt>
      <trkpt lat="28.07407" lon="-16.55695">
        <ele>196.3</ele>
      </trkpt>
      <trkpt lat="28.07363" lon="-16.55675">
        <ele>194.9</ele>
      </trkpt>
      <trkpt lat="28.07359" lon="-16.55674">
        <ele>194.8</ele>
      </trkpt>
      <trkpt lat="28.07328" lon="-16.556619">
        <ele>193.6</ele>
      </trkpt>
      <trkpt lat="28.07308" lon="-16.556529">
        <ele>192.5</ele>
      </trkpt>
      <trkpt lat="28.07293" lon="-16.55647">
        <ele>191.7</ele>
      </trkpt>
      <trkpt lat="28.07266" lon="-16.556349">
        <ele>190.3</ele>
      </trkpt>
      <trkpt lat="28.07257" lon="-16.55632">
        <ele>189.9</ele>
      </trkpt>
      <trkpt lat="28.07227" lon="-16.55619">
        <ele>187.8</ele>
      </trkpt>
      <trkpt lat="28.07225" lon="-16.55618">
        <ele>187.6</ele>
      </trkpt>
      <trkpt lat="28.07211" lon="-16.55613">
        <ele>186.5</ele>
      </trkpt>
      <trkpt lat="28.07194" lon="-16.556059">
        <ele>185.2</ele>
      </trkpt>
      <trkpt lat="28.07191" lon="-16.55604">
        <ele>185.0</ele>
      </trkpt>
      <trkpt lat="28.07187" lon="-16.55603">
        <ele>184.7</ele>
      </trkpt>
      <trkpt lat="28.0716" lon="-16.55592">
        <ele>182.4</ele>
      </trkpt>
      <trkpt lat="28.07154" lon="-16.5559">
        <ele>181.7</ele>
      </trkpt>
      <trkpt lat="28.07134" lon="-16.55582">
        <ele>179.4</ele>
      </trkpt>
      <trkpt lat="28.07117" lon="-16.55574">
        <ele>177.4</ele>
      </trkpt>
      <trkpt lat="28.071149" lon="-16.555733">
        <ele>177.1</ele>
      </trkpt>
      <trkpt lat="28.07114" lon="-16.55573">
        <ele>177.0</ele>
      </trkpt>
      <trkpt lat="28.07108" lon="-16.555689">
        <ele>176.6</ele>
      </trkpt>
      <trkpt lat="28.07103" lon="-16.55565">
        <ele>176.3</ele>
      </trkpt>
      <trkpt lat="28.07093" lon="-16.55562">
        <ele>175.7</ele>
      </trkpt>
      <trkpt lat="28.07064" lon="-16.555499">
        <ele>174.1</ele>
      </trkpt>
      <trkpt lat="28.07055" lon="-16.55546">
        <ele>173.6</ele>
      </trkpt>
      <trkpt lat="28.07051" lon="-16.55544">
        <ele>173.3</ele>
      </trkpt>
      <trkpt lat="28.07038" lon="-16.55539">
        <ele>172.6</ele>
      </trkpt>
      <trkpt lat="28.07019" lon="-16.55529">
        <ele>171.5</ele>
      </trkpt>
      <trkpt lat="28.07014" lon="-16.55527">
        <ele>171.2</ele>
      </trkpt>
      <trkpt lat="28.07012" lon="-16.55525">
        <ele>171.1</ele>
      </trkpt>
      <trkpt lat="28.07011" lon="-16.55525">
        <ele>171.0</ele>
      </trkpt>
      <trkpt lat="28.07008" lon="-16.555219">
        <ele>170.8</ele>
      </trkpt>
      <trkpt lat="28.07006" lon="-16.5552">
        <ele>170.7</ele>
      </trkpt>
      <trkpt lat="28.07003" lon="-16.55517">
        <ele>170.5</ele>
      </trkpt>
      <trkpt lat="28.06999" lon="-16.55511">
        <ele>170.5</ele>
      </trkpt>
      <trkpt lat="28.06998" lon="-16.55508">
        <ele>170.5</ele>
      </trkpt>
      <trkpt lat="28.06997" lon="-16.55506">
        <ele>170.5</ele>
      </trkpt>
      <trkpt lat="28.06997" lon="-16.555029">
        <ele>170.6</ele>
      </trkpt>
      <trkpt lat="28.06996" lon="-16.555019">
        <ele>170.6</ele>
      </trkpt>
      <trkpt lat="28.06992" lon="-16.555">
        <ele>170.3</ele>
      </trkpt>
      <trkpt lat="28.0699" lon="-16.55498">
        <ele>170.0</ele>
      </trkpt>
      <trkpt lat="28.06989" lon="-16.55497">
        <ele>169.9</ele>
      </trkpt>
      <trkpt lat="28.06988" lon="-16.55496">
        <ele>169.8</ele>
      </trkpt>
      <trkpt lat="28.06984" lon="-16.55492">
        <ele>169.2</ele>
      </trkpt>
      <trkpt lat="28.06972" lon="-16.55477">
        <ele>167.5</ele>
      </trkpt>
      <trkpt lat="28.06972" lon="-16.55476">
        <ele>167.4</ele>
      </trkpt>
      <trkpt lat="28.06958" lon="-16.55458">
        <ele>165.5</ele>
      </trkpt>
      <trkpt lat="28.06915" lon="-16.55398">
        <ele>160.4</ele>
      </trkpt>
      <trkpt lat="28.06914" lon="-16.55398">
        <ele>160.2</ele>
      </trkpt>
      <trkpt lat="28.06904" lon="-16.55382">
        <ele>158.9</ele>
      </trkpt>
      <trkpt lat="28.06892" lon="-16.55366">
        <ele>157.6</ele>
      </trkpt>
      <trkpt lat="28.06883" lon="-16.553529">
        <ele>156.9</ele>
      </trkpt>
      <trkpt lat="28.06882" lon="-16.5535">
        <ele>156.8</ele>
      </trkpt>
      <trkpt lat="28.06881" lon="-16.55347">
        <ele>156.8</ele>
      </trkpt>
      <trkpt lat="28.06866" lon="-16.55326">
        <ele>155.6</ele>
      </trkpt>
      <trkpt lat="28.0686" lon="-16.553159">
        <ele>154.9</ele>
      </trkpt>
      <trkpt lat="28.0686" lon="-16.553149">
        <ele>154.9</ele>
      </trkpt>
      <trkpt lat="28.06856" lon="-16.553059">
        <ele>154.3</ele>
      </trkpt>
      <trkpt lat="28.06852" lon="-16.552959">
        <ele>153.8</ele>
      </trkpt>
      <trkpt lat="28.0685" lon="-16.552859">
        <ele>153.4</ele>
      </trkpt>
      <trkpt lat="28.06846" lon="-16.552689">
        <ele>152.7</ele>
      </trkpt>
      <trkpt lat="28.06844" lon="-16.55255">
        <ele>152.3</ele>
      </trkpt>
      <trkpt lat="28.06842" lon="-16.55246">
        <ele>152.0</ele>
      </trkpt>
      <trkpt lat="28.06838" lon="-16.5522">
        <ele>151.0</ele>
      </trkpt>
      <trkpt lat="28.06831" lon="-16.5518">
        <ele>149.4</ele>
      </trkpt>
      <trkpt lat="28.06828" lon="-16.5516">
        <ele>148.3</ele>
      </trkpt>
      <trkpt lat="28.06828" lon="-16.55158">
        <ele>148.1</ele>
      </trkpt>
      <trkpt lat="28.06821" lon="-16.5512">
        <ele>145.4</ele>
      </trkpt>
      <trkpt lat="28.0682" lon="-16.551189">
        <ele>145.3</ele>
      </trkpt>
      <trkpt lat="28.06813" lon="-16.55084">
        <ele>143.0</ele>
      </trkpt>
      <trkpt lat="28.06809" lon="-16.55069">
        <ele>142.1</ele>
      </trkpt>
      <trkpt lat="28.06806" lon="-16.55059">
        <ele>141.4</ele>
      </trkpt>
      <trkpt lat="28.06801" lon="-16.55047">
        <ele>140.7</ele>
      </trkpt>
      <trkpt lat="28.0679" lon="-16.55029">
        <ele>139.8</ele>
      </trkpt>
      <trkpt lat="28.0679" lon="-16.55028">
        <ele>139.7</ele>
      </trkpt>
      <trkpt lat="28.06782" lon="-16.550149">
        <ele>139.1</ele>
      </trkpt>
      <trkpt lat="28.06775" lon="-16.550049">
        <ele>138.7</ele>
      </trkpt>
      <trkpt lat="28.06772" lon="-16.55001">
        <ele>138.5</ele>
      </trkpt>
      <trkpt lat="28.06764" lon="-16.54989">
        <ele>137.8</ele>
      </trkpt>
      <trkpt lat="28.06753" lon="-16.54973">
        <ele>136.4</ele>
      </trkpt>
      <trkpt lat="28.0675" lon="-16.5497">
        <ele>136.1</ele>
      </trkpt>
      <trkpt lat="28.0674" lon="-16.54956">
        <ele>134.4</ele>
      </trkpt>
      <trkpt lat="28.06722" lon="-16.54935">
        <ele>131.8</ele>
      </trkpt>
      <trkpt lat="28.06713" lon="-16.54926">
        <ele>130.6</ele>
      </trkpt>
      <trkpt lat="28.06705" lon="-16.54919">
        <ele>129.6</ele>
      </trkpt>
      <trkpt lat="28.06701" lon="-16.54916">
        <ele>129.2</ele>
      </trkpt>
      <trkpt lat="28.06698" lon="-16.54914">
        <ele>129.0</ele>
      </trkpt>
      <trkpt lat="28.06688" lon="-16.54907">
        <ele>128.2</ele>
      </trkpt>
      <trkpt lat="28.06686" lon="-16.54906">
        <ele>128.1</ele>
      </trkpt>
      <trkpt lat="28.0667" lon="-16.54897">
        <ele>126.9</ele>
      </trkpt>
      <trkpt lat="28.06668" lon="-16.54896">
        <ele>126.8</ele>
      </trkpt>
      <trkpt lat="28.06653" lon="-16.54888">
        <ele>125.7</ele>
      </trkpt>
      <trkpt lat="28.06637" lon="-16.5488">
        <ele>124.5</ele>
      </trkpt>
      <trkpt lat="28.06623" lon="-16.548729">
        <ele>123.6</ele>
      </trkpt>
      <trkpt lat="28.0661" lon="-16.54867">
        <ele>122.7</ele>
      </trkpt>
      <trkpt lat="28.06595" lon="-16.54859">
        <ele>121.7</ele>
      </trkpt>
      <trkpt lat="28.06588" lon="-16.548559">
        <ele>121.3</ele>
      </trkpt>
      <trkpt lat="28.0657" lon="-16.548469">
        <ele>119.7</ele>
      </trkpt>
      <trkpt lat="28.06529" lon="-16.54826">
        <ele>116.1</ele>
      </trkpt>
      <trkpt lat="28.0643" lon="-16.54777">
        <ele>112.3</ele>
      </trkpt>
      <trkpt lat="28.06429" lon="-16.54776">
        <ele>112.2</ele>
      </trkpt>
      <trkpt lat="28.06364" lon="-16.54744">
        <ele>110.3</ele>
      </trkpt>
      <trkpt lat="28.06315" lon="-16.54719">
        <ele>108.7</ele>
      </trkpt>
      <trkpt lat="28.06282" lon="-16.54703">
        <ele>107.4</ele>
      </trkpt>
      <trkpt lat="28.06267" lon="-16.546949">
        <ele>106.8</ele>
      </trkpt>
      <trkpt lat="28.06265" lon="-16.546949">
        <ele>106.8</ele>
      </trkpt>
      <trkpt lat="28.06242" lon="-16.54683">
        <ele>105.9</ele>
      </trkpt>
      <trkpt lat="28.06193" lon="-16.546579">
        <ele>103.5</ele>
      </trkpt>
      <trkpt lat="28.06142" lon="-16.54633">
        <ele>100.4</ele>
      </trkpt>
      <trkpt lat="28.06073" lon="-16.54598">
        <ele>97.9</ele>
      </trkpt>
      <trkpt lat="28.06067" lon="-16.54596">
        <ele>97.8</ele>
      </trkpt>
      <trkpt lat="28.05984" lon="-16.545539">
        <ele>96.7</ele>
      </trkpt>
      <trkpt lat="28.05975" lon="-16.5455">
        <ele>96.7</ele>
      </trkpt>
      <trkpt lat="28.05951" lon="-16.545369">
        <ele>96.4</ele>
      </trkpt>
      <trkpt lat="28.05946" lon="-16.54535">
        <ele>96.3</ele>
      </trkpt>
      <trkpt lat="28.05945" lon="-16.54535">
        <ele>96.3</ele>
      </trkpt>
      <trkpt lat="28.0594" lon="-16.54532">
        <ele>96.2</ele>
      </trkpt>
      <trkpt lat="28.05924" lon="-16.54523">
        <ele>95.9</ele>
      </trkpt>
      <trkpt lat="28.05912" lon="-16.545169">
        <ele>95.5</ele>
      </trkpt>
      <trkpt lat="28.05907" lon="-16.54515">
        <ele>95.3</ele>
      </trkpt>
      <trkpt lat="28.05906" lon="-16.54514">
        <ele>95.2</ele>
      </trkpt>
      <trkpt lat="28.05896" lon="-16.545089">
        <ele>94.8</ele>
      </trkpt>
      <trkpt lat="28.05891" lon="-16.545069">
        <ele>94.6</ele>
      </trkpt>
      <trkpt lat="28.05884" lon="-16.54504">
        <ele>94.4</ele>
      </trkpt>
      <trkpt lat="28.05879" lon="-16.54502">
        <ele>94.2</ele>
      </trkpt>
      <trkpt lat="28.05874" lon="-16.545">
        <ele>94.0</ele>
      </trkpt>
      <trkpt lat="28.05869" lon="-16.544989">
        <ele>93.8</ele>
      </trkpt>
      <trkpt lat="28.05861" lon="-16.54497">
        <ele>93.6</ele>
      </trkpt>
      <trkpt lat="28.05858" lon="-16.54496">
        <ele>93.5</ele>
      </trkpt>
      <trkpt lat="28.05856" lon="-16.54496">
        <ele>93.4</ele>
      </trkpt>
      <trkpt lat="28.0585" lon="-16.54496">
        <ele>93.3</ele>
      </trkpt>
      <trkpt lat="28.05844" lon="-16.54497">
        <ele>93.2</ele>
      </trkpt>
      <trkpt lat="28.05842" lon="-16.54497">
        <ele>93.1</ele>
      </trkpt>
      <trkpt lat="28.05838" lon="-16.544989">
        <ele>93.1</ele>
      </trkpt>
      <trkpt lat="28.05832" lon="-16.54501">
        <ele>93.0</ele>
      </trkpt>
      <trkpt lat="28.05822" lon="-16.54506">
        <ele>92.5</ele>
      </trkpt>
      <trkpt lat="28.05819" lon="-16.545079">
        <ele>92.4</ele>
      </trkpt>
      <trkpt lat="28.05781" lon="-16.54532">
        <ele>90.5</ele>
      </trkpt>
      <trkpt lat="28.05774" lon="-16.545359">
        <ele>90.1</ele>
      </trkpt>
      <trkpt lat="28.05766" lon="-16.54541">
        <ele>89.6</ele>
      </trkpt>
      <trkpt lat="28.05752" lon="-16.5455">
        <ele>88.7</ele>
      </trkpt>
      <trkpt lat="28.0575" lon="-16.54551">
        <ele>88.6</ele>
      </trkpt>
      <trkpt lat="28.05734" lon="-16.54561">
        <ele>87.6</ele>
      </trkpt>
      <trkpt lat="28.05733" lon="-16.54561">
        <ele>87.5</ele>
      </trkpt>
      <trkpt lat="28.05713" lon="-16.54568">
        <ele>86.0</ele>
      </trkpt>
      <trkpt lat="28.05698" lon="-16.54572">
        <ele>84.8</ele>
      </trkpt>
      <trkpt lat="28.05686" lon="-16.54575">
        <ele>83.8</ele>
      </trkpt>
      <trkpt lat="28.05681" lon="-16.54575">
        <ele>83.4</ele>
      </trkpt>
      <trkpt lat="28.05669" lon="-16.54576">
        <ele>82.5</ele>
      </trkpt>
      <trkpt lat="28.05645" lon="-16.54577">
        <ele>80.4</ele>
      </trkpt>
      <trkpt lat="28.05642" lon="-16.54578">
        <ele>80.2</ele>
      </trkpt>
      <trkpt lat="28.05609" lon="-16.54578">
        <ele>77.4</ele>
      </trkpt>
      <trkpt lat="28.05586" lon="-16.54579">
        <ele>75.5</ele>
      </trkpt>
      <trkpt lat="28.05573" lon="-16.54579">
        <ele>74.7</ele>
      </trkpt>
      <trkpt lat="28.05558" lon="-16.5458">
        <ele>73.9</ele>
      </trkpt>
      <trkpt lat="28.05533" lon="-16.54579">
        <ele>72.7</ele>
      </trkpt>
      <trkpt lat="28.05516" lon="-16.54578">
        <ele>71.9</ele>
      </trkpt>
      <trkpt lat="28.05502" lon="-16.54576">
        <ele>71.2</ele>
      </trkpt>
      <trkpt lat="28.05488" lon="-16.545729">
        <ele>70.3</ele>
      </trkpt>
      <trkpt lat="28.05484" lon="-16.54572">
        <ele>70.1</ele>
      </trkpt>
      <trkpt lat="28.05471" lon="-16.54569">
        <ele>69.2</ele>
      </trkpt>
      <trkpt lat="28.05452" lon="-16.54563">
        <ele>67.8</ele>
      </trkpt>
      <trkpt lat="28.05449" lon="-16.54562">
        <ele>67.6</ele>
      </trkpt>
      <trkpt lat="28.05434" lon="-16.54557">
        <ele>66.4</ele>
      </trkpt>
      <trkpt lat="28.05431" lon="-16.545559">
        <ele>66.1</ele>
      </trkpt>
      <trkpt lat="28.05422" lon="-16.54552">
        <ele>65.3</ele>
      </trkpt>
      <trkpt lat="28.05414" lon="-16.54547">
        <ele>64.5</ele>
      </trkpt>
      <trkpt lat="28.05397" lon="-16.54534">
        <ele>63.1</ele>
      </trkpt>
      <trkpt lat="28.05374" lon="-16.54514">
        <ele>61.3</ele>
      </trkpt>
      <trkpt lat="28.05365" lon="-16.54503">
        <ele>60.6</ele>
      </trkpt>
      <trkpt lat="28.05352" lon="-16.54488">
        <ele>58.9</ele>
      </trkpt>
      <trkpt lat="28.05348" lon="-16.54483">
        <ele>58.3</ele>
      </trkpt>
      <trkpt lat="28.05344" lon="-16.54478">
        <ele>57.7</ele>
      </trkpt>
      <trkpt lat="28.05321" lon="-16.5445">
        <ele>54.9</ele>
      </trkpt>
      <trkpt lat="28.0532" lon="-16.54448">
        <ele>54.7</ele>
      </trkpt>
      <trkpt lat="28.05315" lon="-16.544419">
        <ele>54.3</ele>
      </trkpt>
      <trkpt lat="28.05308" lon="-16.544319">
        <ele>53.7</ele>
      </trkpt>
      <trkpt lat="28.05287" lon="-16.543959">
        <ele>51.5</ele>
      </trkpt>
      <trkpt lat="28.05275" lon="-16.54375">
        <ele>49.8</ele>
      </trkpt>
      <trkpt lat="28.05262" lon="-16.54352">
        <ele>47.4</ele>
      </trkpt>
      <trkpt lat="28.05229" lon="-16.54294">
        <ele>42.2</ele>
      </trkpt>
      <trkpt lat="28.05227" lon="-16.5429">
        <ele>41.8</ele>
      </trkpt>
      <trkpt lat="28.05213" lon="-16.54257">
        <ele>38.8</ele>
      </trkpt>
      <trkpt lat="28.05209" lon="-16.54251">
        <ele>38.1</ele>
      </trkpt>
      <trkpt lat="28.05203" lon="-16.542369">
        <ele>37.3</ele>
      </trkpt>
      <trkpt lat="28.052" lon="-16.54232">
        <ele>37.0</ele>
      </trkpt>
      <trkpt lat="28.05198" lon="-16.542259">
        <ele>36.6</ele>
      </trkpt>
      <trkpt lat="28.0519" lon="-16.54209">
        <ele>35.6</ele>
      </trkpt>
      <trkpt lat="28.05188" lon="-16.54211">
        <ele>35.6</ele>
      </trkpt>
      <trkpt lat="28.051875" lon="-16.542124">
        <ele>35.6</ele>
      </trkpt>
      <trkpt lat="28.05187" lon="-16.54214">
        <ele>35.7</ele>
      </trkpt>
      <trkpt lat="28.05185" lon="-16.54216">
        <ele>35.7</ele>
      </trkpt>
      <trkpt lat="28.05183" lon="-16.54219">
        <ele>35.7</ele>
      </trkpt>
      <trkpt lat="28.05181" lon="-16.5422">
        <ele>35.6</ele>
      </trkpt>
      <trkpt lat="28.05181" lon="-16.54221">
        <ele>35.6</ele>
      </trkpt>
      <trkpt lat="28.05179" lon="-16.54222">
        <ele>35.6</ele>
      </trkpt>
      <trkpt lat="28.05176" lon="-16.54224">
        <ele>35.5</ele>
      </trkpt>
      <trkpt lat="28.05174" lon="-16.54225">
        <ele>35.5</ele>
      </trkpt>
      <trkpt lat="28.05171" lon="-16.54225">
        <ele>35.3</ele>
      </trkpt>
      <trkpt lat="28.05168" lon="-16.542259">
        <ele>35.2</ele>
      </trkpt>
      <trkpt lat="28.05165" lon="-16.542259">
        <ele>35.1</ele>
      </trkpt>
      <trkpt lat="28.05163" lon="-16.54225">
        <ele>35.0</ele>
      </trkpt>
      <trkpt lat="28.0516" lon="-16.54225">
        <ele>35.0</ele>
      </trkpt>
      <trkpt lat="28.05157" lon="-16.54224">
        <ele>34.9</ele>
      </trkpt>
      <trkpt lat="28.05155" lon="-16.54222">
        <ele>34.8</ele>
      </trkpt>
      <trkpt lat="28.05152" lon="-16.54221">
        <ele>34.7</ele>
      </trkpt>
      <trkpt lat="28.0515" lon="-16.54219">
        <ele>34.6</ele>
      </trkpt>
      <trkpt lat="28.05149" lon="-16.542169">
        <ele>34.5</ele>
      </trkpt>
      <trkpt lat="28.05148" lon="-16.542169">
        <ele>34.5</ele>
      </trkpt>
      <trkpt lat="28.05146" lon="-16.54214">
        <ele>34.3</ele>
      </trkpt>
      <trkpt lat="28.05145" lon="-16.54211">
        <ele>34.2</ele>
      </trkpt>
      <trkpt lat="28.05144" lon="-16.54209">
        <ele>34.1</ele>
      </trkpt>
      <trkpt lat="28.05143" lon="-16.54206">
        <ele>34.0</ele>
      </trkpt>
      <trkpt lat="28.05142" lon="-16.54203">
        <ele>33.9</ele>
      </trkpt>
      <trkpt lat="28.05142" lon="-16.542">
        <ele>33.8</ele>
      </trkpt>
      <trkpt lat="28.05142" lon="-16.54196">
        <ele>33.7</ele>
      </trkpt>
      <trkpt lat="28.05142" lon="-16.54193">
        <ele>33.6</ele>
      </trkpt>
      <trkpt lat="28.05142" lon="-16.541899">
        <ele>33.5</ele>
      </trkpt>
      <trkpt lat="28.05143" lon="-16.54187">
        <ele>33.4</ele>
      </trkpt>
      <trkpt lat="28.05144" lon="-16.54184">
        <ele>33.3</ele>
      </trkpt>
      <trkpt lat="28.05146" lon="-16.54182">
        <ele>33.3</ele>
      </trkpt>
      <trkpt lat="28.05148" lon="-16.541789">
        <ele>33.2</ele>
      </trkpt>
      <trkpt lat="28.05142" lon="-16.54167">
        <ele>32.7</ele>
      </trkpt>
      <trkpt lat="28.05141" lon="-16.54166">
        <ele>32.7</ele>
      </trkpt>
      <trkpt lat="28.05132" lon="-16.54158">
        <ele>32.4</ele>
      </trkpt>
      <trkpt lat="28.05128" lon="-16.54155">
        <ele>32.3</ele>
      </trkpt>
      <trkpt lat="28.05116" lon="-16.54147">
        <ele>31.9</ele>
      </trkpt>
      <trkpt lat="28.05112" lon="-16.54144">
        <ele>31.8</ele>
      </trkpt>
      <trkpt lat="28.05097" lon="-16.541329">
        <ele>31.4</ele>
      </trkpt>
      <trkpt lat="28.05094" lon="-16.54131">
        <ele>31.3</ele>
      </trkpt>
      <trkpt lat="28.05078" lon="-16.54121">
        <ele>30.6</ele>
      </trkpt>
      <trkpt lat="28.05062" lon="-16.54111">
        <ele>29.6</ele>
      </trkpt>
      <trkpt lat="28.0503" lon="-16.5409">
        <ele>28.0</ele>
      </trkpt>
      <trkpt lat="28.04996" lon="-16.540679">
        <ele>26.7</ele>
      </trkpt>
      <trkpt lat="28.04933" lon="-16.54027">
        <ele>24.6</ele>
      </trkpt>
      <trkpt lat="28.04892" lon="-16.54">
        <ele>25.1</ele>
      </trkpt>
      <trkpt lat="28.04885" lon="-16.53996">
        <ele>25.1</ele>
      </trkpt>
      <trkpt lat="28.04885" lon="-16.53996">
        <ele>25.1</ele>
      </trkpt>
      <trkpt lat="28.04894" lon="-16.53978">
        <ele>26.6</ele>
      </trkpt>
      <trkpt lat="28.04903" lon="-16.53961">
        <ele>28.2</ele>
      </trkpt>
      <trkpt lat="28.04913" lon="-16.53943">
        <ele>29.9</ele>
      </trkpt>
      <trkpt lat="28.0492" lon="-16.5393">
        <ele>30.9</ele>
      </trkpt>
      <trkpt lat="28.04937" lon="-16.53894">
        <ele>30.5</ele>
      </trkpt>
      <trkpt lat="28.04946" lon="-16.53876">
        <ele>29.8</ele>
      </trkpt>
      <trkpt lat="28.04954" lon="-16.538599">
        <ele>29.1</ele>
      </trkpt>
      <trkpt lat="28.04963" lon="-16.53843">
        <ele>28.3</ele>
      </trkpt>
      <trkpt lat="28.04968" lon="-16.5383">
        <ele>27.8</ele>
      </trkpt>
      <trkpt lat="28.04971" lon="-16.53817">
        <ele>27.1</ele>
      </trkpt>
      <trkpt lat="28.04971" lon="-16.538139">
        <ele>27.0</ele>
      </trkpt>
      <trkpt lat="28.04972" lon="-16.538039">
        <ele>26.6</ele>
      </trkpt>
      <trkpt lat="28.04972" lon="-16.53797">
        <ele>26.4</ele>
      </trkpt>
      <trkpt lat="28.0497" lon="-16.53789">
        <ele>26.2</ele>
      </trkpt>
      <trkpt lat="28.04969" lon="-16.53782">
        <ele>25.9</ele>
      </trkpt>
      <trkpt lat="28.04966" lon="-16.537749">
        <ele>25.8</ele>
      </trkpt>
      <trkpt lat="28.04966" lon="-16.53774">
        <ele>25.7</ele>
      </trkpt>
      <trkpt lat="28.04964" lon="-16.53769">
        <ele>25.6</ele>
      </trkpt>
      <trkpt lat="28.04959" lon="-16.53759">
        <ele>25.4</ele>
      </trkpt>
      <trkpt lat="28.04957" lon="-16.53756">
        <ele>25.3</ele>
      </trkpt>
      <trkpt lat="28.04954" lon="-16.53752">
        <ele>25.2</ele>
      </trkpt>
      <trkpt lat="28.04946" lon="-16.53744">
        <ele>24.7</ele>
      </trkpt>
      <trkpt lat="28.04944" lon="-16.53742">
        <ele>24.5</ele>
      </trkpt>
      <trkpt lat="28.04931" lon="-16.53731">
        <ele>23.5</ele>
      </trkpt>
      <trkpt lat="28.0493" lon="-16.537299">
        <ele>23.4</ele>
      </trkpt>
      <trkpt lat="28.04901" lon="-16.53706">
        <ele>20.7</ele>
      </trkpt>
      <trkpt lat="28.04857" lon="-16.53662">
        <ele>17.1</ele>
      </trkpt>
      <trkpt lat="28.04849" lon="-16.536549">
        <ele>16.7</ele>
      </trkpt>
      <trkpt lat="28.04847" lon="-16.536529">
        <ele>16.6</ele>
      </trkpt>
      <trkpt lat="28.04842" lon="-16.53647">
        <ele>16.2</ele>
      </trkpt>
      <trkpt lat="28.04837" lon="-16.5364">
        <ele>15.7</ele>
      </trkpt>
      <trkpt lat="28.04833" lon="-16.536269">
        <ele>14.7</ele>
      </trkpt>
      <trkpt lat="28.04825" lon="-16.53601">
        <ele>12.3</ele>
      </trkpt>
      <trkpt lat="28.04822" lon="-16.53592">
        <ele>11.5</ele>
      </trkpt>
      <trkpt lat="28.04819" lon="-16.53582">
        <ele>10.8</ele>
      </trkpt>
      <trkpt lat="28.04813" lon="-16.53563">
        <ele>10.0</ele>
      </trkpt>
      <trkpt lat="28.04813" lon="-16.535609">
        <ele>10.0</ele>
      </trkpt>
      <trkpt lat="28.04812" lon="-16.53553">
        <ele>9.7</ele>
      </trkpt>
      <trkpt lat="28.04812" lon="-16.535409">
        <ele>9.2</ele>
      </trkpt>
      <trkpt lat="28.04812" lon="-16.535409">
        <ele>9.2</ele>
      </trkpt>
      <trkpt lat="28.04784" lon="-16.53516">
        <ele>8.0</ele>
      </trkpt>
      <trkpt lat="28.04783" lon="-16.53515">
        <ele>7.9</ele>
      </trkpt>
      <trkpt lat="28.04779" lon="-16.53511">
        <ele>7.7</ele>
      </trkpt>
      <trkpt lat="28.04739" lon="-16.53481">
        <ele>6.6</ele>
      </trkpt>
      <trkpt lat="28.04733" lon="-16.534749">
        <ele>6.4</ele>
      </trkpt>
      <trkpt lat="28.04693" lon="-16.53436">
        <ele>4.0</ele>
      </trkpt>
      <trkpt lat="28.04693" lon="-16.53436">
        <ele>4.0</ele>
      </trkpt>
      <trkpt lat="28.04669" lon="-16.53415">
        <ele>2.0</ele>
      </trkpt>
      <trkpt lat="28.04665" lon="-16.53414">
        <ele>1.9</ele>
      </trkpt>
      <trkpt lat="28.04663" lon="-16.53414">
        <ele>1.9</ele>
      </trkpt>
      <trkpt lat="28.04659" lon="-16.53413">
        <ele>1.7</ele>
      </trkpt>
      <trkpt lat="28.04655" lon="-16.53414">
        <ele>1.7</ele>
      </trkpt>
      <trkpt lat="28.04646" lon="-16.53418">
        <ele>1.6</ele>
      </trkpt>
      <trkpt lat="28.04629" lon="-16.53425">
        <ele>1.7</ele>
      </trkpt>
      <trkpt lat="28.04587" lon="-16.53432">
        <ele>1.0</ele>
      </trkpt>
      <trkpt lat="28.04536" lon="-16.53436">
        <ele>1.1</ele>
      </trkpt>
      <trkpt lat="28.04523" lon="-16.53433">
        <ele>1.0</ele>
      </trkpt>
      <trkpt lat="28.04502" lon="-16.53426">
        <ele>1.0</ele>
      </trkpt>
      <trkpt lat="28.04502" lon="-16.53426">
        <ele>1.0</ele>
      </trkpt>
      <trkpt lat="28.0443" lon="-16.53403">
        <ele>1.5</ele>
      </trkpt>
      <trkpt lat="28.04413" lon="-16.533999">
        <ele>1.6</ele>
      </trkpt>
      <trkpt lat="28.04377" lon="-16.533999">
        <ele>1.6</ele>
      </trkpt>
      <trkpt lat="28.043531" lon="-16.533991">
        <ele>1.6</ele>
      </trkpt>
      <trkpt lat="28.0435" lon="-16.53399">
        <ele>1.6</ele>
      </trkpt>
      <trkpt lat="28.04344" lon="-16.534009">
        <ele>1.6</ele>
      </trkpt>
      <trkpt lat="28.04341" lon="-16.53403">
        <ele>1.7</ele>
      </trkpt>
      <trkpt lat="28.04336" lon="-16.53405">
        <ele>1.7</ele>
      </trkpt>
      <trkpt lat="28.04333" lon="-16.53407">
        <ele>1.8</ele>
      </trkpt>
      <trkpt lat="28.04345" lon="-16.53418">
        <ele>2.0</ele>
      </trkpt>
      <trkpt lat="28.04354" lon="-16.53427">
        <ele>2.0</ele>
      </trkpt>
      <trkpt lat="28.04376" lon="-16.53449">
        <ele>2.0</ele>
      </trkpt>
      <trkpt lat="28.04416" lon="-16.534849">
        <ele>2.0</ele>
      </trkpt>
      <trkpt lat="28.04461" lon="-16.535219">
        <ele>2.7</ele>
      </trkpt>
      <trkpt lat="28.04487" lon="-16.535499">
        <ele>4.5</ele>
      </trkpt>
      <trkpt lat="28.04502" lon="-16.53562">
        <ele>5.5</ele>
      </trkpt>
      <trkpt lat="28.0452" lon="-16.535789">
        <ele>7.2</ele>
      </trkpt>
      <trkpt lat="28.04545" lon="-16.53603">
        <ele>8.8</ele>
      </trkpt>
      <trkpt lat="28.0458" lon="-16.53634">
        <ele>10.7</ele>
      </trkpt>
      <trkpt lat="28.04582" lon="-16.536359">
        <ele>10.9</ele>
      </trkpt>
      <trkpt lat="28.04644" lon="-16.53687">
        <ele>12.9</ele>
      </trkpt>
      <trkpt lat="28.04675" lon="-16.53715">
        <ele>13.3</ele>
      </trkpt>
      <trkpt lat="28.04675" lon="-16.53715">
        <ele>13.3</ele>
      </trkpt>
      <trkpt lat="28.04648" lon="-16.53753">
        <ele>13.4</ele>
      </trkpt>
      <trkpt lat="28.046355" lon="-16.537675">
        <ele>14.5</ele>
      </trkpt>
      <trkpt lat="28.04618" lon="-16.53788">
        <ele>15.4</ele>
      </trkpt>
      <trkpt lat="28.04618" lon="-16.53788">
        <ele>15.4</ele>
      </trkpt>
      <trkpt lat="28.04611" lon="-16.53783">
        <ele>15.1</ele>
      </trkpt>
      <trkpt lat="28.0461" lon="-16.53783">
        <ele>15.1</ele>
      </trkpt>
      <trkpt lat="28.04609" lon="-16.53782">
        <ele>15.1</ele>
      </trkpt>
      <trkpt lat="28.04605" lon="-16.53782">
        <ele>15.0</ele>
      </trkpt>
      <trkpt lat="28.04605" lon="-16.53782">
        <ele>15.0</ele>
      </trkpt>
      <trkpt lat="28.04598" lon="-16.538219">
        <ele>16.3</ele>
      </trkpt>
      <trkpt lat="28.04592" lon="-16.538519">
        <ele>15.9</ele>
      </trkpt>
      <trkpt lat="28.04592" lon="-16.538519">
        <ele>15.9</ele>
      </trkpt>
      <trkpt lat="28.04553" lon="-16.538519">
        <ele>12.7</ele>
      </trkpt>
      <trkpt lat="28.04535" lon="-16.538519">
        <ele>11.1</ele>
      </trkpt>
      <trkpt lat="28.04535" lon="-16.538519">
        <ele>11.1</ele>
      </trkpt>
      <trkpt lat="28.04523" lon="-16.538519">
        <ele>10.0</ele>
      </trkpt>
      <trkpt lat="28.04523" lon="-16.538519">
        <ele>10.0</ele>
      </trkpt>
      <trkpt lat="28.04509" lon="-16.53911">
        <ele>8.6</ele>
      </trkpt>
      <trkpt lat="28.04509" lon="-16.53911">
        <ele>8.6</ele>
      </trkpt>
      <trkpt lat="28.04502" lon="-16.539069">
        <ele>8.1</ele>
      </trkpt>
      <trkpt lat="28.04496" lon="-16.53903">
        <ele>7.9</ele>
      </trkpt>
      <trkpt lat="28.04496" lon="-16.53903">
        <ele>7.9</ele>
      </trkpt>
      <trkpt lat="28.04484" lon="-16.53943">
        <ele>9.7</ele>
      </trkpt>
      <trkpt lat="28.04484" lon="-16.53943">
        <ele>9.7</ele>
      </trkpt>
      <trkpt lat="28.04475" lon="-16.53939">
        <ele>9.3</ele>
      </trkpt>
      <trkpt lat="28.04461" lon="-16.53933">
        <ele>8.7</ele>
      </trkpt>
      <trkpt lat="28.04458" lon="-16.53932">
        <ele>8.6</ele>
      </trkpt>
      <trkpt lat="28.04445" lon="-16.539259">
        <ele>8.0</ele>
      </trkpt>
      <trkpt lat="28.04441" lon="-16.53925">
        <ele>7.9</ele>
      </trkpt>
      <trkpt lat="28.04437" lon="-16.53924">
        <ele>7.8</ele>
      </trkpt>
      <trkpt lat="28.04432" lon="-16.53922">
        <ele>7.6</ele>
      </trkpt>
      <trkpt lat="28.04423" lon="-16.53921">
        <ele>7.4</ele>
      </trkpt>
      <trkpt lat="28.04423" lon="-16.53921">
        <ele>7.4</ele>
      </trkpt>
      <trkpt lat="28.04418" lon="-16.53925">
        <ele>7.6</ele>
      </trkpt>
      <trkpt lat="28.04413" lon="-16.53931">
        <ele>7.7</ele>
      </trkpt>
      <trkpt lat="28.0441" lon="-16.53934">
        <ele>7.7</ele>
      </trkpt>
      <trkpt lat="28.04397" lon="-16.53947">
        <ele>7.6</ele>
      </trkpt>
      <trkpt lat="28.04397" lon="-16.53948">
        <ele>7.7</ele>
      </trkpt>
      <trkpt lat="28.04384" lon="-16.53962">
        <ele>7.7</ele>
      </trkpt>
      <trkpt lat="28.04378" lon="-16.53969">
        <ele>7.8</ele>
      </trkpt>
      <trkpt lat="28.04372" lon="-16.53978">
        <ele>8.1</ele>
      </trkpt>
      <trkpt lat="28.04371" lon="-16.5398">
        <ele>8.1</ele>
      </trkpt>
      <trkpt lat="28.0437" lon="-16.53981">
        <ele>8.1</ele>
      </trkpt>
      <trkpt lat="28.04364" lon="-16.53995">
        <ele>8.8</ele>
      </trkpt>
      <trkpt lat="28.0436" lon="-16.540019">
        <ele>9.0</ele>
      </trkpt>
      <trkpt lat="28.04356" lon="-16.54016">
        <ele>9.2</ele>
      </trkpt>
      <trkpt lat="28.04355" lon="-16.54022">
        <ele>9.3</ele>
      </trkpt>
      <trkpt lat="28.04355" lon="-16.54034">
        <ele>9.7</ele>
      </trkpt>
      <trkpt lat="28.04355" lon="-16.54034">
        <ele>9.7</ele>
      </trkpt>
      <trkpt lat="28.04382" lon="-16.5405">
        <ele>12.8</ele>
      </trkpt>
      <trkpt lat="28.04382" lon="-16.5405">
        <ele>12.8</ele>
      </trkpt>
      <trkpt lat="28.04375" lon="-16.54069">
        <ele>12.9</ele>
      </trkpt>
      <trkpt lat="28.04368" lon="-16.54087">
        <ele>12.9</ele>
      </trkpt>
      <trkpt lat="28.04367" lon="-16.5409">
        <ele>13.0</ele>
      </trkpt>
      <trkpt lat="28.0436" lon="-16.54106">
        <ele>13.1</ele>
      </trkpt>
      <trkpt lat="28.0436" lon="-16.54106">
        <ele>13.1</ele>
      </trkpt>
      <trkpt lat="28.04357" lon="-16.5412">
        <ele>13.5</ele>
      </trkpt>
      <trkpt lat="28.04355" lon="-16.54134">
        <ele>14.1</ele>
      </trkpt>
      <trkpt lat="28.04352" lon="-16.54149">
        <ele>14.6</ele>
      </trkpt>
      <trkpt lat="28.04345" lon="-16.54175">
        <ele>15.2</ele>
      </trkpt>
      <trkpt lat="28.04342" lon="-16.54185">
        <ele>15.1</ele>
      </trkpt>
      <trkpt lat="28.04339" lon="-16.54194">
        <ele>15.1</ele>
      </trkpt>
      <trkpt lat="28.04338" lon="-16.542">
        <ele>15.1</ele>
      </trkpt>
      <trkpt lat="28.04333" lon="-16.54212">
        <ele>15.1</ele>
      </trkpt>
      <trkpt lat="28.04332" lon="-16.54214">
        <ele>15.0</ele>
      </trkpt>
      <trkpt lat="28.04326" lon="-16.54224">
        <ele>14.8</ele>
      </trkpt>
      <trkpt lat="28.04318" lon="-16.54234">
        <ele>14.3</ele>
      </trkpt>
      <trkpt lat="28.04308" lon="-16.54244">
        <ele>13.7</ele>
      </trkpt>
      <trkpt lat="28.04301" lon="-16.5425">
        <ele>13.3</ele>
      </trkpt>
      <trkpt lat="28.04286" lon="-16.54259">
        <ele>12.4</ele>
      </trkpt>
      <trkpt lat="28.04241" lon="-16.5428">
        <ele>9.8</ele>
      </trkpt>
      <trkpt lat="28.04236" lon="-16.542829">
        <ele>9.6</ele>
      </trkpt>
      <trkpt lat="28.04234" lon="-16.54284">
        <ele>9.6</ele>
      </trkpt>
      <trkpt lat="28.04227" lon="-16.54287">
        <ele>9.2</ele>
      </trkpt>
      <trkpt lat="28.04213" lon="-16.54297">
        <ele>8.8</ele>
      </trkpt>
      <trkpt lat="28.04199" lon="-16.54307">
        <ele>8.5</ele>
      </trkpt>
      <trkpt lat="28.04183" lon="-16.54323">
        <ele>8.4</ele>
      </trkpt>
      <trkpt lat="28.04163" lon="-16.54342">
        <ele>7.4</ele>
      </trkpt>
      <trkpt lat="28.04163" lon="-16.54342">
        <ele>7.4</ele>
      </trkpt>
      <trkpt lat="28.04164" lon="-16.54342">
        <ele>7.5</ele>
      </trkpt>
      <trkpt lat="28.04164" lon="-16.54343">
        <ele>7.4</ele>
      </trkpt>
      <trkpt lat="28.04165" lon="-16.54343">
        <ele>7.5</ele>
      </trkpt>
      <trkpt lat="28.04166" lon="-16.54344">
        <ele>7.5</ele>
      </trkpt>
      <trkpt lat="28.04167" lon="-16.54345">
        <ele>7.5</ele>
      </trkpt>
      <trkpt lat="28.04168" lon="-16.54346">
        <ele>7.5</ele>
      </trkpt>
      <trkpt lat="28.04168" lon="-16.54346">
        <ele>7.5</ele>
      </trkpt>
      <trkpt lat="28.04168" lon="-16.54347">
        <ele>7.4</ele>
      </trkpt>
      <trkpt lat="28.04169" lon="-16.54347">
        <ele>7.5</ele>
      </trkpt>
      <trkpt lat="28.04169" lon="-16.543479">
        <ele>7.4</ele>
      </trkpt>
      <trkpt lat="28.0417" lon="-16.543489">
        <ele>7.4</ele>
      </trkpt>
      <trkpt lat="28.0417" lon="-16.5435">
        <ele>7.4</ele>
      </trkpt>
      <trkpt lat="28.0417" lon="-16.54351">
        <ele>7.3</ele>
      </trkpt>
      <trkpt lat="28.04171" lon="-16.54352">
        <ele>7.4</ele>
      </trkpt>
      <trkpt lat="28.04171" lon="-16.54353">
        <ele>7.3</ele>
      </trkpt>
      <trkpt lat="28.04171" lon="-16.54354">
        <ele>7.3</ele>
      </trkpt>
      <trkpt lat="28.04171" lon="-16.54355">
        <ele>7.2</ele>
      </trkpt>
      <trkpt lat="28.04171" lon="-16.54356">
        <ele>7.2</ele>
      </trkpt>
      <trkpt lat="28.04171" lon="-16.543569">
        <ele>7.1</ele>
      </trkpt>
      <trkpt lat="28.04172" lon="-16.543579">
        <ele>7.1</ele>
      </trkpt>
      <trkpt lat="28.04172" lon="-16.543579">
        <ele>7.1</ele>
      </trkpt>
      <trkpt lat="28.04166" lon="-16.543589">
        <ele>6.7</ele>
      </trkpt>
      <trkpt lat="28.04151" lon="-16.54365">
        <ele>5.8</ele>
      </trkpt>
      <trkpt lat="28.04146" lon="-16.543669">
        <ele>5.4</ele>
      </trkpt>
      <trkpt lat="28.04145" lon="-16.543679">
        <ele>5.3</ele>
      </trkpt>
      <trkpt lat="28.04129" lon="-16.543769">
        <ele>4.1</ele>
      </trkpt>
      <trkpt lat="28.04117" lon="-16.543849">
        <ele>3.0</ele>
      </trkpt>
      <trkpt lat="28.04113" lon="-16.543869">
        <ele>2.7</ele>
      </trkpt>
      <trkpt lat="28.041" lon="-16.543949">
        <ele>1.5</ele>
      </trkpt>
      <trkpt lat="28.04098" lon="-16.54397">
        <ele>1.2</ele>
      </trkpt>
      <trkpt lat="28.04083" lon="-16.54408">
        <ele>-0.4</ele>
      </trkpt>
      <trkpt lat="28.04077" lon="-16.54413">
        <ele>-0.5</ele>
      </trkpt>
      <trkpt lat="28.04074" lon="-16.544149">
        <ele>-0.6</ele>
      </trkpt>
      <trkpt lat="28.04071" lon="-16.54418">
        <ele>-0.5</ele>
      </trkpt>
      <trkpt lat="28.04068" lon="-16.5442">
        <ele>-0.3</ele>
      </trkpt>
      <trkpt lat="28.04054" lon="-16.544319">
        <ele>0.6</ele>
      </trkpt>
      <trkpt lat="28.04044" lon="-16.54444">
        <ele>1.3</ele>
      </trkpt>
      <trkpt lat="28.04041" lon="-16.54447">
        <ele>1.4</ele>
      </trkpt>
      <trkpt lat="28.04036" lon="-16.54453">
        <ele>1.7</ele>
      </trkpt>
      <trkpt lat="28.04031" lon="-16.54458">
        <ele>1.9</ele>
      </trkpt>
      <trkpt lat="28.04028" lon="-16.544619">
        <ele>2.1</ele>
      </trkpt>
      <trkpt lat="28.04023" lon="-16.54468">
        <ele>2.3</ele>
      </trkpt>
      <trkpt lat="28.04019" lon="-16.54473">
        <ele>2.5</ele>
      </trkpt>
      <trkpt lat="28.03995" lon="-16.545089">
        <ele>3.4</ele>
      </trkpt>
      <trkpt lat="28.03988" lon="-16.54519">
        <ele>3.8</ele>
      </trkpt>
      <trkpt lat="28.03986" lon="-16.54522">
        <ele>4.0</ele>
      </trkpt>
      <trkpt lat="28.03979" lon="-16.54532">
        <ele>4.4</ele>
      </trkpt>
      <trkpt lat="28.03975" lon="-16.54538">
        <ele>4.7</ele>
      </trkpt>
      <trkpt lat="28.03953" lon="-16.5457">
        <ele>6.1</ele>
      </trkpt>
      <trkpt lat="28.03949" lon="-16.54577">
        <ele>6.4</ele>
      </trkpt>
      <trkpt lat="28.03935" lon="-16.54596">
        <ele>7.0</ele>
      </trkpt>
      <trkpt lat="28.03906" lon="-16.54637">
        <ele>7.9</ele>
      </trkpt>
      <trkpt lat="28.03897" lon="-16.5465">
        <ele>8.3</ele>
      </trkpt>
      <trkpt lat="28.0389" lon="-16.5466">
        <ele>8.6</ele>
      </trkpt>
      <trkpt lat="28.03883" lon="-16.54669">
        <ele>8.9</ele>
      </trkpt>
      <trkpt lat="28.03883" lon="-16.5467">
        <ele>9.0</ele>
      </trkpt>
      <trkpt lat="28.03868" lon="-16.54692">
        <ele>10.3</ele>
      </trkpt>
      <trkpt lat="28.03864" lon="-16.54697">
        <ele>10.6</ele>
      </trkpt>
      <trkpt lat="28.03852" lon="-16.54713">
        <ele>11.5</ele>
      </trkpt>
      <trkpt lat="28.03845" lon="-16.547239">
        <ele>12.0</ele>
      </trkpt>
      <trkpt lat="28.03838" lon="-16.547329">
        <ele>12.4</ele>
      </trkpt>
      <trkpt lat="28.0383" lon="-16.54745">
        <ele>12.9</ele>
      </trkpt>
      <trkpt lat="28.03827" lon="-16.54749">
        <ele>13.1</ele>
      </trkpt>
      <trkpt lat="28.03805" lon="-16.547809">
        <ele>13.5</ele>
      </trkpt>
      <trkpt lat="28.03803" lon="-16.54783">
        <ele>13.5</ele>
      </trkpt>
      <trkpt lat="28.03803" lon="-16.54783">
        <ele>13.5</ele>
      </trkpt>
      <trkpt lat="28.03794" lon="-16.54797">
        <ele>13.2</ele>
      </trkpt>
      <trkpt lat="28.03791" lon="-16.547999">
        <ele>13.1</ele>
      </trkpt>
      <trkpt lat="28.03784" lon="-16.54812">
        <ele>12.6</ele>
      </trkpt>
      <trkpt lat="28.03773" lon="-16.54829">
        <ele>11.5</ele>
      </trkpt>
      <trkpt lat="28.03769" lon="-16.54834">
        <ele>11.1</ele>
      </trkpt>
      <trkpt lat="28.03752" lon="-16.54858">
        <ele>9.8</ele>
      </trkpt>
      <trkpt lat="28.0375" lon="-16.54861">
        <ele>9.7</ele>
      </trkpt>
      <trkpt lat="28.03732" lon="-16.54886">
        <ele>10.1</ele>
      </trkpt>
      <trkpt lat="28.03715" lon="-16.54908">
        <ele>10.4</ele>
      </trkpt>
      <trkpt lat="28.03697" lon="-16.54935">
        <ele>10.6</ele>
      </trkpt>
      <trkpt lat="28.03687" lon="-16.549499">
        <ele>10.7</ele>
      </trkpt>
      <trkpt lat="28.03675" lon="-16.549669">
        <ele>10.6</ele>
      </trkpt>
      <trkpt lat="28.03665" lon="-16.54982">
        <ele>10.4</ele>
      </trkpt>
      <trkpt lat="28.03638" lon="-16.5502">
        <ele>9.7</ele>
      </trkpt>
      <trkpt lat="28.03614" lon="-16.550519">
        <ele>8.4</ele>
      </trkpt>
      <trkpt lat="28.03608" lon="-16.550609">
        <ele>7.9</ele>
      </trkpt>
      <trkpt lat="28.03558" lon="-16.55133">
        <ele>4.6</ele>
      </trkpt>
      <trkpt lat="28.03553" lon="-16.55141">
        <ele>4.3</ele>
      </trkpt>
      <trkpt lat="28.03542" lon="-16.551559">
        <ele>3.7</ele>
      </trkpt>
      <trkpt lat="28.03535" lon="-16.551659">
        <ele>3.3</ele>
      </trkpt>
      <trkpt lat="28.03521" lon="-16.55186">
        <ele>3.9</ele>
      </trkpt>
      <trkpt lat="28.03519" lon="-16.55188">
        <ele>3.9</ele>
      </trkpt>
      <trkpt lat="28.03516" lon="-16.55192">
        <ele>4.0</ele>
      </trkpt>
      <trkpt lat="28.03508" lon="-16.55204">
        <ele>4.5</ele>
      </trkpt>
      <trkpt lat="28.03495" lon="-16.55223">
        <ele>5.2</ele>
      </trkpt>
      <trkpt lat="28.03486" lon="-16.552389">
        <ele>5.8</ele>
      </trkpt>
      <trkpt lat="28.03473" lon="-16.55266">
        <ele>5.8</ele>
      </trkpt>
      <trkpt lat="28.0347" lon="-16.55272">
        <ele>5.6</ele>
      </trkpt>
      <trkpt lat="28.03463" lon="-16.5529">
        <ele>5.1</ele>
      </trkpt>
      <trkpt lat="28.03453" lon="-16.55318">
        <ele>4.6</ele>
      </trkpt>
      <trkpt lat="28.03449" lon="-16.55332">
        <ele>4.4</ele>
      </trkpt>
      <trkpt lat="28.03446" lon="-16.55351">
        <ele>4.4</ele>
      </trkpt>
      <trkpt lat="28.03444" lon="-16.55367">
        <ele>4.5</ele>
      </trkpt>
      <trkpt lat="28.03443" lon="-16.55373">
        <ele>4.5</ele>
      </trkpt>
      <trkpt lat="28.03442" lon="-16.55395">
        <ele>4.5</ele>
      </trkpt>
      <trkpt lat="28.03442" lon="-16.554079">
        <ele>4.6</ele>
      </trkpt>
      <trkpt lat="28.03441" lon="-16.55425">
        <ele>4.5</ele>
      </trkpt>
      <trkpt lat="28.03442" lon="-16.55449">
        <ele>4.3</ele>
      </trkpt>
      <trkpt lat="28.03442" lon="-16.55454">
        <ele>4.3</ele>
      </trkpt>
      <trkpt lat="28.03444" lon="-16.55478">
        <ele>4.2</ele>
      </trkpt>
      <trkpt lat="28.03446" lon="-16.55492">
        <ele>4.1</ele>
      </trkpt>
      <trkpt lat="28.03446" lon="-16.55497">
        <ele>4.1</ele>
      </trkpt>
      <trkpt lat="28.0345" lon="-16.5552">
        <ele>4.5</ele>
      </trkpt>
      <trkpt lat="28.03451" lon="-16.55523">
        <ele>4.6</ele>
      </trkpt>
      <trkpt lat="28.03452" lon="-16.555309">
        <ele>4.8</ele>
      </trkpt>
      <trkpt lat="28.03453" lon="-16.555399">
        <ele>4.9</ele>
      </trkpt>
      <trkpt lat="28.03465" lon="-16.55613">
        <ele>5.5</ele>
      </trkpt>
      <trkpt lat="28.03471" lon="-16.55649">
        <ele>5.8</ele>
      </trkpt>
      <trkpt lat="28.03473" lon="-16.55661">
        <ele>6.0</ele>
      </trkpt>
      <trkpt lat="28.03477" lon="-16.55685">
        <ele>5.5</ele>
      </trkpt>
      <trkpt lat="28.03482" lon="-16.55712">
        <ele>4.6</ele>
      </trkpt>
      <trkpt lat="28.03483" lon="-16.557179">
        <ele>4.6</ele>
      </trkpt>
      <trkpt lat="28.03484" lon="-16.55724">
        <ele>4.7</ele>
      </trkpt>
      <trkpt lat="28.03487" lon="-16.557369">
        <ele>4.8</ele>
      </trkpt>
      <trkpt lat="28.03488" lon="-16.55745">
        <ele>4.9</ele>
      </trkpt>
      <trkpt lat="28.03491" lon="-16.557569">
        <ele>5.1</ele>
      </trkpt>
      <trkpt lat="28.03496" lon="-16.55782">
        <ele>5.4</ele>
      </trkpt>
      <trkpt lat="28.03499" lon="-16.55797">
        <ele>5.5</ele>
      </trkpt>
      <trkpt lat="28.03505" lon="-16.5583">
        <ele>5.9</ele>
      </trkpt>
      <trkpt lat="28.03508" lon="-16.558589">
        <ele>6.3</ele>
      </trkpt>
      <trkpt lat="28.03509" lon="-16.55866">
        <ele>6.3</ele>
      </trkpt>
      <trkpt lat="28.03509" lon="-16.55876">
        <ele>6.3</ele>
      </trkpt>
      <trkpt lat="28.03508" lon="-16.558979">
        <ele>6.2</ele>
      </trkpt>
      <trkpt lat="28.03506" lon="-16.55913">
        <ele>6.2</ele>
      </trkpt>
      <trkpt lat="28.03506" lon="-16.55921">
        <ele>6.1</ele>
      </trkpt>
      <trkpt lat="28.03504" lon="-16.55946">
        <ele>6.1</ele>
      </trkpt>
      <trkpt lat="28.03502" lon="-16.55957">
        <ele>6.1</ele>
      </trkpt>
      <trkpt lat="28.03499" lon="-16.55978">
        <ele>6.0</ele>
      </trkpt>
      <trkpt lat="28.0349" lon="-16.560199">
        <ele>6.3</ele>
      </trkpt>
      <trkpt lat="28.03485" lon="-16.56039">
        <ele>6.8</ele>
      </trkpt>
      <trkpt lat="28.03481" lon="-16.56052">
        <ele>7.0</ele>
      </trkpt>
      <trkpt lat="28.03476" lon="-16.56062">
        <ele>7.2</ele>
      </trkpt>
      <trkpt lat="28.03468" lon="-16.56079">
        <ele>7.3</ele>
      </trkpt>
      <trkpt lat="28.03464" lon="-16.56087">
        <ele>7.3</ele>
      </trkpt>
      <trkpt lat="28.03459" lon="-16.56099">
        <ele>7.1</ele>
      </trkpt>
      <trkpt lat="28.03437" lon="-16.56147">
        <ele>6.9</ele>
      </trkpt>
      <trkpt lat="28.0343" lon="-16.56161">
        <ele>7.1</ele>
      </trkpt>
      <trkpt lat="28.03429" lon="-16.56167">
        <ele>7.2</ele>
      </trkpt>
      <trkpt lat="28.03423" lon="-16.56182">
        <ele>7.9</ele>
      </trkpt>
      <trkpt lat="28.03402" lon="-16.56228">
        <ele>9.4</ele>
      </trkpt>
      <trkpt lat="28.03395" lon="-16.56246">
        <ele>10.0</ele>
      </trkpt>
      <trkpt lat="28.03386" lon="-16.562729">
        <ele>10.3</ele>
      </trkpt>
      <trkpt lat="28.03382" lon="-16.56284">
        <ele>10.4</ele>
      </trkpt>
      <trkpt lat="28.03374" lon="-16.563089">
        <ele>10.5</ele>
      </trkpt>
      <trkpt lat="28.03364" lon="-16.56346">
        <ele>11.0</ele>
      </trkpt>
      <trkpt lat="28.033613" lon="-16.563578">
        <ele>11.3</ele>
      </trkpt>
      <trkpt lat="28.03361" lon="-16.56359">
        <ele>11.4</ele>
      </trkpt>
      <trkpt lat="28.03358" lon="-16.56374">
        <ele>11.8</ele>
      </trkpt>
      <trkpt lat="28.03359" lon="-16.56374">
        <ele>11.9</ele>
      </trkpt>
      <trkpt lat="28.03359" lon="-16.563749">
        <ele>11.9</ele>
      </trkpt>
      <trkpt lat="28.0336" lon="-16.563749">
        <ele>12.0</ele>
      </trkpt>
      <trkpt lat="28.0336" lon="-16.563759">
        <ele>12.0</ele>
      </trkpt>
      <trkpt lat="28.03361" lon="-16.56377">
        <ele>12.1</ele>
      </trkpt>
      <trkpt lat="28.03361" lon="-16.56378">
        <ele>12.1</ele>
      </trkpt>
      <trkpt lat="28.03361" lon="-16.56379">
        <ele>12.2</ele>
      </trkpt>
      <trkpt lat="28.03362" lon="-16.56379">
        <ele>12.2</ele>
      </trkpt>
      <trkpt lat="28.03362" lon="-16.5638">
        <ele>12.2</ele>
      </trkpt>
      <trkpt lat="28.03362" lon="-16.56381">
        <ele>12.3</ele>
      </trkpt>
      <trkpt lat="28.03362" lon="-16.56382">
        <ele>12.3</ele>
      </trkpt>
      <trkpt lat="28.03362" lon="-16.56383">
        <ele>12.3</ele>
      </trkpt>
      <trkpt lat="28.03362" lon="-16.563839">
        <ele>12.4</ele>
      </trkpt>
      <trkpt lat="28.03362" lon="-16.563849">
        <ele>12.4</ele>
      </trkpt>
      <trkpt lat="28.03362" lon="-16.563859">
        <ele>12.5</ele>
      </trkpt>
      <trkpt lat="28.03362" lon="-16.56387">
        <ele>12.5</ele>
      </trkpt>
      <trkpt lat="28.03362" lon="-16.56388">
        <ele>12.5</ele>
      </trkpt>
      <trkpt lat="28.03361" lon="-16.56388">
        <ele>12.5</ele>
      </trkpt>
      <trkpt lat="28.03361" lon="-16.56389">
        <ele>12.6</ele>
      </trkpt>
      <trkpt lat="28.03361" lon="-16.5639">
        <ele>12.6</ele>
      </trkpt>
      <trkpt lat="28.0336" lon="-16.5639">
        <ele>12.6</ele>
      </trkpt>
      <trkpt lat="28.0336" lon="-16.56391">
        <ele>12.6</ele>
      </trkpt>
      <trkpt lat="28.03359" lon="-16.56391">
        <ele>12.6</ele>
      </trkpt>
      <trkpt lat="28.03359" lon="-16.56392">
        <ele>12.6</ele>
      </trkpt>
      <trkpt lat="28.03358" lon="-16.56393">
        <ele>12.6</ele>
      </trkpt>
      <trkpt lat="28.03357" lon="-16.563939">
        <ele>12.6</ele>
      </trkpt>
      <trkpt lat="28.03356" lon="-16.563939">
        <ele>12.6</ele>
      </trkpt>
      <trkpt lat="28.03355" lon="-16.563949">
        <ele>12.6</ele>
      </trkpt>
      <trkpt lat="28.03354" lon="-16.563949">
        <ele>12.6</ele>
      </trkpt>
      <trkpt lat="28.03352" lon="-16.56405">
        <ele>13.0</ele>
      </trkpt>
      <trkpt lat="28.03351" lon="-16.56411">
        <ele>13.2</ele>
      </trkpt>
      <trkpt lat="28.0335" lon="-16.56419">
        <ele>13.3</ele>
      </trkpt>
      <trkpt lat="28.03347" lon="-16.56445">
        <ele>12.6</ele>
      </trkpt>
      <trkpt lat="28.03346" lon="-16.5649">
        <ele>11.4</ele>
      </trkpt>
      <trkpt lat="28.03343" lon="-16.56495">
        <ele>11.2</ele>
      </trkpt>
      <trkpt lat="28.03342" lon="-16.5651">
        <ele>11.0</ele>
      </trkpt>
      <trkpt lat="28.0334" lon="-16.56557">
        <ele>10.5</ele>
      </trkpt>
      <trkpt lat="28.03338" lon="-16.56603">
        <ele>10.6</ele>
      </trkpt>
      <trkpt lat="28.03338" lon="-16.56621">
        <ele>11.0</ele>
      </trkpt>
      <trkpt lat="28.03335" lon="-16.56682">
        <ele>12.2</ele>
      </trkpt>
      <trkpt lat="28.03333" lon="-16.56725">
        <ele>12.7</ele>
      </trkpt>
      <trkpt lat="28.03332" lon="-16.567609">
        <ele>12.8</ele>
      </trkpt>
      <trkpt lat="28.03332" lon="-16.56763">
        <ele>12.8</ele>
      </trkpt>
      <trkpt lat="28.03331" lon="-16.56802">
        <ele>12.3</ele>
      </trkpt>
      <trkpt lat="28.03331" lon="-16.568079">
        <ele>12.2</ele>
      </trkpt>
      <trkpt lat="28.03331" lon="-16.568079">
        <ele>12.2</ele>
      </trkpt>
      <trkpt lat="28.0333" lon="-16.56847">
        <ele>11.6</ele>
      </trkpt>
      <trkpt lat="28.03329" lon="-16.56885">
        <ele>10.7</ele>
      </trkpt>
      <trkpt lat="28.03328" lon="-16.56926">
        <ele>9.4</ele>
      </trkpt>
      <trkpt lat="28.03326" lon="-16.56973">
        <ele>6.5</ele>
      </trkpt>
      <trkpt lat="28.03325" lon="-16.57008">
        <ele>4.7</ele>
      </trkpt>
      <trkpt lat="28.03325" lon="-16.5701">
        <ele>4.6</ele>
      </trkpt>
      <trkpt lat="28.03324" lon="-16.57026">
        <ele>4.2</ele>
      </trkpt>
      <trkpt lat="28.03324" lon="-16.57028">
        <ele>4.1</ele>
      </trkpt>
      <trkpt lat="28.03323" lon="-16.57048">
        <ele>3.6</ele>
      </trkpt>
      <trkpt lat="28.03323" lon="-16.570509">
        <ele>3.5</ele>
      </trkpt>
      <trkpt lat="28.03323" lon="-16.57059">
        <ele>3.3</ele>
      </trkpt>
      <trkpt lat="28.03323" lon="-16.57066">
        <ele>3.1</ele>
      </trkpt>
      <trkpt lat="28.03323" lon="-16.570689">
        <ele>3.0</ele>
      </trkpt>
      <trkpt lat="28.03322" lon="-16.570889">
        <ele>2.9</ele>
      </trkpt>
      <trkpt lat="28.03322" lon="-16.57093">
        <ele>3.1</ele>
      </trkpt>
      <trkpt lat="28.0332" lon="-16.57143">
        <ele>5.4</ele>
      </trkpt>
      <trkpt lat="28.0332" lon="-16.5715">
        <ele>5.7</ele>
      </trkpt>
      <trkpt lat="28.03316" lon="-16.572109">
        <ele>8.1</ele>
      </trkpt>
      <trkpt lat="28.03314" lon="-16.57231">
        <ele>8.8</ele>
      </trkpt>
      <trkpt lat="28.03313" lon="-16.572489">
        <ele>9.5</ele>
      </trkpt>
      <trkpt lat="28.03312" lon="-16.57252">
        <ele>9.5</ele>
      </trkpt>
      <trkpt lat="28.03312" lon="-16.572569">
        <ele>9.6</ele>
      </trkpt>
      <trkpt lat="28.03311" lon="-16.572659">
        <ele>9.7</ele>
      </trkpt>
      <trkpt lat="28.03305" lon="-16.573139">
        <ele>10.3</ele>
      </trkpt>
      <trkpt lat="28.03303" lon="-16.573319">
        <ele>10.5</ele>
      </trkpt>
      <trkpt lat="28.03298" lon="-16.57367">
        <ele>10.5</ele>
      </trkpt>
      <trkpt lat="28.03296" lon="-16.57381">
        <ele>10.5</ele>
      </trkpt>
      <trkpt lat="28.0329" lon="-16.57421">
        <ele>10.4</ele>
      </trkpt>
      <trkpt lat="28.03288" lon="-16.574349">
        <ele>10.2</ele>
      </trkpt>
      <trkpt lat="28.03284" lon="-16.57456">
        <ele>9.8</ele>
      </trkpt>
      <trkpt lat="28.03279" lon="-16.57489">
        <ele>9.4</ele>
      </trkpt>
      <trkpt lat="28.03274" lon="-16.57519">
        <ele>8.9</ele>
      </trkpt>
      <trkpt lat="28.03272" lon="-16.57528">
        <ele>8.7</ele>
      </trkpt>
      <trkpt lat="28.03267" lon="-16.575479">
        <ele>8.2</ele>
      </trkpt>
      <trkpt lat="28.03265" lon="-16.575579">
        <ele>7.9</ele>
      </trkpt>
      <trkpt lat="28.03262" lon="-16.57571">
        <ele>7.6</ele>
      </trkpt>
      <trkpt lat="28.0326" lon="-16.575769">
        <ele>7.4</ele>
      </trkpt>
      <trkpt lat="28.03258" lon="-16.57581">
        <ele>7.2</ele>
      </trkpt>
      <trkpt lat="28.03258" lon="-16.57582">
        <ele>7.2</ele>
      </trkpt>
      <trkpt lat="28.03253" lon="-16.57593">
        <ele>7.0</ele>
      </trkpt>
      <trkpt lat="28.03248" lon="-16.57603">
        <ele>6.6</ele>
      </trkpt>
      <trkpt lat="28.03248" lon="-16.576039">
        <ele>6.6</ele>
      </trkpt>
      <trkpt lat="28.03241" lon="-16.57616">
        <ele>6.1</ele>
      </trkpt>
      <trkpt lat="28.03233" lon="-16.57629">
        <ele>5.7</ele>
      </trkpt>
      <trkpt lat="28.0322" lon="-16.57646">
        <ele>5.2</ele>
      </trkpt>
      <trkpt lat="28.03213" lon="-16.57655">
        <ele>5.0</ele>
      </trkpt>
      <trkpt lat="28.03209" lon="-16.576609">
        <ele>5.0</ele>
      </trkpt>
      <trkpt lat="28.032" lon="-16.57673">
        <ele>5.0</ele>
      </trkpt>
      <trkpt lat="28.03192" lon="-16.57684">
        <ele>5.2</ele>
      </trkpt>
      <trkpt lat="28.03183" lon="-16.576979">
        <ele>5.6</ele>
      </trkpt>
      <trkpt lat="28.03182" lon="-16.577">
        <ele>5.7</ele>
      </trkpt>
      <trkpt lat="28.03173" lon="-16.57715">
        <ele>6.3</ele>
      </trkpt>
      <trkpt lat="28.03167" lon="-16.577269">
        <ele>6.9</ele>
      </trkpt>
      <trkpt lat="28.03165" lon="-16.5773">
        <ele>7.0</ele>
      </trkpt>
      <trkpt lat="28.03163" lon="-16.57732">
        <ele>7.1</ele>
      </trkpt>
      <trkpt lat="28.03151" lon="-16.577549">
        <ele>7.8</ele>
      </trkpt>
      <trkpt lat="28.03145" lon="-16.57768">
        <ele>8.2</ele>
      </trkpt>
      <trkpt lat="28.0314" lon="-16.57779">
        <ele>8.4</ele>
      </trkpt>
      <trkpt lat="28.03132" lon="-16.578029">
        <ele>8.9</ele>
      </trkpt>
      <trkpt lat="28.03131" lon="-16.57805">
        <ele>8.9</ele>
      </trkpt>
      <trkpt lat="28.03128" lon="-16.57818">
        <ele>9.2</ele>
      </trkpt>
      <trkpt lat="28.03125" lon="-16.578299">
        <ele>9.4</ele>
      </trkpt>
      <trkpt lat="28.03123" lon="-16.57838">
        <ele>9.5</ele>
      </trkpt>
      <trkpt lat="28.03121" lon="-16.57855">
        <ele>9.9</ele>
      </trkpt>
      <trkpt lat="28.03117" lon="-16.57888">
        <ele>10.7</ele>
      </trkpt>
      <trkpt lat="28.03112" lon="-16.579339">
        <ele>12.5</ele>
      </trkpt>
      <trkpt lat="28.03112" lon="-16.57935">
        <ele>12.6</ele>
      </trkpt>
      <trkpt lat="28.03109" lon="-16.57966">
        <ele>14.4</ele>
      </trkpt>
      <trkpt lat="28.03107" lon="-16.57983">
        <ele>15.3</ele>
      </trkpt>
      <trkpt lat="28.03102" lon="-16.58031">
        <ele>17.0</ele>
      </trkpt>
      <trkpt lat="28.03101" lon="-16.58044">
        <ele>17.3</ele>
      </trkpt>
      <trkpt lat="28.03099" lon="-16.58061">
        <ele>17.7</ele>
      </trkpt>
      <trkpt lat="28.03098" lon="-16.580639">
        <ele>17.7</ele>
      </trkpt>
      <trkpt lat="28.03095" lon="-16.581019">
        <ele>18.2</ele>
      </trkpt>
      <trkpt lat="28.03094" lon="-16.58105">
        <ele>18.2</ele>
      </trkpt>
      <trkpt lat="28.0309" lon="-16.58148">
        <ele>18.4</ele>
      </trkpt>
      <trkpt lat="28.03089" lon="-16.581589">
        <ele>18.4</ele>
      </trkpt>
      <trkpt lat="28.03083" lon="-16.582159">
        <ele>20.3</ele>
      </trkpt>
      <trkpt lat="28.03078" lon="-16.58264">
        <ele>21.8</ele>
      </trkpt>
      <trkpt lat="28.03078" lon="-16.58267">
        <ele>21.8</ele>
      </trkpt>
      <trkpt lat="28.03076" lon="-16.58287">
        <ele>22.0</ele>
      </trkpt>
      <trkpt lat="28.0307" lon="-16.58342">
        <ele>22.2</ele>
      </trkpt>
      <trkpt lat="28.03068" lon="-16.58362">
        <ele>21.9</ele>
      </trkpt>
      <trkpt lat="28.03064" lon="-16.584019">
        <ele>21.3</ele>
      </trkpt>
      <trkpt lat="28.03062" lon="-16.58423">
        <ele>20.8</ele>
      </trkpt>
      <trkpt lat="28.03059" lon="-16.58446">
        <ele>19.8</ele>
      </trkpt>
      <trkpt lat="28.03058" lon="-16.58454">
        <ele>19.5</ele>
      </trkpt>
      <trkpt lat="28.03055" lon="-16.584859">
        <ele>18.4</ele>
      </trkpt>
      <trkpt lat="28.03054" lon="-16.58495">
        <ele>18.0</ele>
      </trkpt>
      <trkpt lat="28.03053" lon="-16.5851">
        <ele>17.4</ele>
      </trkpt>
      <trkpt lat="28.03052" lon="-16.585149">
        <ele>17.1</ele>
      </trkpt>
      <trkpt lat="28.03051" lon="-16.58527">
        <ele>16.5</ele>
      </trkpt>
      <trkpt lat="28.0305" lon="-16.585349">
        <ele>16.1</ele>
      </trkpt>
      <trkpt lat="28.03045" lon="-16.585799">
        <ele>13.8</ele>
      </trkpt>
      <trkpt lat="28.03043" lon="-16.585999">
        <ele>12.7</ele>
      </trkpt>
      <trkpt lat="28.03038" lon="-16.5865">
        <ele>9.6</ele>
      </trkpt>
      <trkpt lat="28.03035" lon="-16.58689">
        <ele>7.5</ele>
      </trkpt>
      <trkpt lat="28.03034" lon="-16.58695">
        <ele>7.2</ele>
      </trkpt>
      <trkpt lat="28.03033" lon="-16.58708">
        <ele>6.5</ele>
      </trkpt>
      <trkpt lat="28.0303" lon="-16.587399">
        <ele>4.9</ele>
      </trkpt>
      <trkpt lat="28.03029" lon="-16.587489">
        <ele>4.4</ele>
      </trkpt>
      <trkpt lat="28.03028" lon="-16.587599">
        <ele>4.8</ele>
      </trkpt>
      <trkpt lat="28.03027" lon="-16.5877">
        <ele>5.3</ele>
      </trkpt>
      <trkpt lat="28.03027" lon="-16.58772">
        <ele>5.4</ele>
      </trkpt>
      <trkpt lat="28.03026" lon="-16.5878">
        <ele>5.7</ele>
      </trkpt>
      <trkpt lat="28.03025" lon="-16.5879">
        <ele>6.2</ele>
      </trkpt>
      <trkpt lat="28.03022" lon="-16.588159">
        <ele>7.4</ele>
      </trkpt>
      <trkpt lat="28.03021" lon="-16.58832">
        <ele>8.2</ele>
      </trkpt>
      <trkpt lat="28.03017" lon="-16.58869">
        <ele>11.5</ele>
      </trkpt>
      <trkpt lat="28.03013" lon="-16.58913">
        <ele>15.7</ele>
      </trkpt>
      <trkpt lat="28.03011" lon="-16.58933">
        <ele>16.4</ele>
      </trkpt>
      <trkpt lat="28.03008" lon="-16.58963">
        <ele>17.2</ele>
      </trkpt>
      <trkpt lat="28.03008" lon="-16.589638">
        <ele>17.2</ele>
      </trkpt>
      <trkpt lat="28.03008" lon="-16.58972">
        <ele>17.4</ele>
      </trkpt>
      <trkpt lat="28.03008" lon="-16.58979">
        <ele>17.6</ele>
      </trkpt>
      <trkpt lat="28.03009" lon="-16.58979">
        <ele>17.6</ele>
      </trkpt>
      <trkpt lat="28.03009" lon="-16.5898">
        <ele>17.6</ele>
      </trkpt>
      <trkpt lat="28.03009" lon="-16.58981">
        <ele>17.6</ele>
      </trkpt>
      <trkpt lat="28.0301" lon="-16.58981">
        <ele>17.6</ele>
      </trkpt>
      <trkpt lat="28.0301" lon="-16.58982">
        <ele>17.7</ele>
      </trkpt>
      <trkpt lat="28.0301" lon="-16.58983">
        <ele>17.7</ele>
      </trkpt>
      <trkpt lat="28.0301" lon="-16.589839">
        <ele>17.7</ele>
      </trkpt>
      <trkpt lat="28.0301" lon="-16.589849">
        <ele>17.7</ele>
      </trkpt>
      <trkpt lat="28.03009" lon="-16.589849">
        <ele>17.7</ele>
      </trkpt>
      <trkpt lat="28.03009" lon="-16.58986">
        <ele>17.8</ele>
      </trkpt>
      <trkpt lat="28.03009" lon="-16.58987">
        <ele>17.8</ele>
      </trkpt>
      <trkpt lat="28.03008" lon="-16.58987">
        <ele>17.8</ele>
      </trkpt>
      <trkpt lat="28.03008" lon="-16.58988">
        <ele>17.8</ele>
      </trkpt>
      <trkpt lat="28.03007" lon="-16.58989">
        <ele>17.8</ele>
      </trkpt>
      <trkpt lat="28.03006" lon="-16.58989">
        <ele>17.8</ele>
      </trkpt>
      <trkpt lat="28.03006" lon="-16.5899">
        <ele>17.8</ele>
      </trkpt>
      <trkpt lat="28.03005" lon="-16.5899">
        <ele>17.8</ele>
      </trkpt>
      <trkpt lat="28.03002" lon="-16.590129">
        <ele>18.2</ele>
      </trkpt>
      <trkpt lat="28.02999" lon="-16.59046">
        <ele>18.5</ele>
      </trkpt>
      <trkpt lat="28.02997" lon="-16.59076">
        <ele>18.9</ele>
      </trkpt>
      <trkpt lat="28.02995" lon="-16.59091">
        <ele>18.6</ele>
      </trkpt>
      <trkpt lat="28.02995" lon="-16.590979">
        <ele>18.2</ele>
      </trkpt>
      <trkpt lat="28.02994" lon="-16.59108">
        <ele>17.8</ele>
      </trkpt>
      <trkpt lat="28.0299" lon="-16.59136">
        <ele>16.4</ele>
      </trkpt>
      <trkpt lat="28.02983" lon="-16.59222">
        <ele>16.6</ele>
      </trkpt>
      <trkpt lat="28.02972" lon="-16.593419">
        <ele>15.7</ele>
      </trkpt>
      <trkpt lat="28.02972" lon="-16.593499">
        <ele>15.4</ele>
      </trkpt>
      <trkpt lat="28.02971" lon="-16.59357">
        <ele>15.1</ele>
      </trkpt>
      <trkpt lat="28.02972" lon="-16.59365">
        <ele>14.9</ele>
      </trkpt>
      <trkpt lat="28.02976" lon="-16.59376">
        <ele>14.6</ele>
      </trkpt>
      <trkpt lat="28.02976" lon="-16.59376">
        <ele>14.6</ele>
      </trkpt>
      <trkpt lat="28.02977" lon="-16.59377">
        <ele>14.6</ele>
      </trkpt>
      <trkpt lat="28.02978" lon="-16.59377">
        <ele>14.6</ele>
      </trkpt>
      <trkpt lat="28.02978" lon="-16.593779">
        <ele>14.6</ele>
      </trkpt>
      <trkpt lat="28.02979" lon="-16.593779">
        <ele>14.6</ele>
      </trkpt>
      <trkpt lat="28.02979" lon="-16.593789">
        <ele>14.6</ele>
      </trkpt>
      <trkpt lat="28.0298" lon="-16.593789">
        <ele>14.6</ele>
      </trkpt>
      <trkpt lat="28.0298" lon="-16.5938">
        <ele>14.6</ele>
      </trkpt>
      <trkpt lat="28.02981" lon="-16.59381">
        <ele>14.6</ele>
      </trkpt>
      <trkpt lat="28.02981" lon="-16.59382">
        <ele>14.6</ele>
      </trkpt>
      <trkpt lat="28.02982" lon="-16.59382">
        <ele>14.6</ele>
      </trkpt>
      <trkpt lat="28.02982" lon="-16.59383">
        <ele>14.6</ele>
      </trkpt>
      <trkpt lat="28.02982" lon="-16.59384">
        <ele>14.5</ele>
      </trkpt>
      <trkpt lat="28.02982" lon="-16.59385">
        <ele>14.5</ele>
      </trkpt>
      <trkpt lat="28.02982" lon="-16.59386">
        <ele>14.5</ele>
      </trkpt>
      <trkpt lat="28.02992" lon="-16.593889">
        <ele>14.7</ele>
      </trkpt>
      <trkpt lat="28.02993" lon="-16.593889">
        <ele>14.7</ele>
      </trkpt>
      <trkpt lat="28.02995" lon="-16.5939">
        <ele>14.8</ele>
      </trkpt>
      <trkpt lat="28.02996" lon="-16.59391">
        <ele>14.8</ele>
      </trkpt>
      <trkpt lat="28.02998" lon="-16.59393">
        <ele>14.8</ele>
      </trkpt>
      <trkpt lat="28.03006" lon="-16.594">
        <ele>15.0</ele>
      </trkpt>
      <trkpt lat="28.0301" lon="-16.5941">
        <ele>15.0</ele>
      </trkpt>
      <trkpt lat="28.03039" lon="-16.59441">
        <ele>16.6</ele>
      </trkpt>
      <trkpt lat="28.03077" lon="-16.59478">
        <ele>18.3</ele>
      </trkpt>
      <trkpt lat="28.03079" lon="-16.5948">
        <ele>18.4</ele>
      </trkpt>
      <trkpt lat="28.03089" lon="-16.5949">
        <ele>18.3</ele>
      </trkpt>
      <trkpt lat="28.03098" lon="-16.59498">
        <ele>17.9</ele>
      </trkpt>
      <trkpt lat="28.03108" lon="-16.595099">
        <ele>17.0</ele>
      </trkpt>
      <trkpt lat="28.03133" lon="-16.59536">
        <ele>15.7</ele>
      </trkpt>
      <trkpt lat="28.03138" lon="-16.59541">
        <ele>15.5</ele>
      </trkpt>
      <trkpt lat="28.03164" lon="-16.59569">
        <ele>15.2</ele>
      </trkpt>
      <trkpt lat="28.03177" lon="-16.59582">
        <ele>15.5</ele>
      </trkpt>
      <trkpt lat="28.03178" lon="-16.59583">
        <ele>15.6</ele>
      </trkpt>
      <trkpt lat="28.0319" lon="-16.59596">
        <ele>16.0</ele>
      </trkpt>
      <trkpt lat="28.03203" lon="-16.5961">
        <ele>16.6</ele>
      </trkpt>
      <trkpt lat="28.03236" lon="-16.59643">
        <ele>18.2</ele>
      </trkpt>
      <trkpt lat="28.03241" lon="-16.59648">
        <ele>18.5</ele>
      </trkpt>
      <trkpt lat="28.03319" lon="-16.597259">
        <ele>22.9</ele>
      </trkpt>
      <trkpt lat="28.03365" lon="-16.59769">
        <ele>26.3</ele>
      </trkpt>
      <trkpt lat="28.03462" lon="-16.5986">
        <ele>31.1</ele>
      </trkpt>
      <trkpt lat="28.03476" lon="-16.59873">
        <ele>31.8</ele>
      </trkpt>
      <trkpt lat="28.0349" lon="-16.598849">
        <ele>32.4</ele>
      </trkpt>
      <trkpt lat="28.03504" lon="-16.59898">
        <ele>32.7</ele>
      </trkpt>
      <trkpt lat="28.03574" lon="-16.59963">
        <ele>36.2</ele>
      </trkpt>
      <trkpt lat="28.03625" lon="-16.6001">
        <ele>38.2</ele>
      </trkpt>
      <trkpt lat="28.03629" lon="-16.60015">
        <ele>38.6</ele>
      </trkpt>
      <trkpt lat="28.03629" lon="-16.60015">
        <ele>38.6</ele>
      </trkpt>
      <trkpt lat="28.03634" lon="-16.60022">
        <ele>39.3</ele>
      </trkpt>
      <trkpt lat="28.03653" lon="-16.6004">
        <ele>41.3</ele>
      </trkpt>
      <trkpt lat="28.03663" lon="-16.6005">
        <ele>42.4</ele>
      </trkpt>
      <trkpt lat="28.03663" lon="-16.6005">
        <ele>42.4</ele>
      </trkpt>
      <trkpt lat="28.03663" lon="-16.6005">
        <ele>42.4</ele>
      </trkpt>
      <trkpt lat="28.03685" lon="-16.6007">
        <ele>44.5</ele>
      </trkpt>
      <trkpt lat="28.03713" lon="-16.60096">
        <ele>46.5</ele>
      </trkpt>
      <trkpt lat="28.03741" lon="-16.601209">
        <ele>47.7</ele>
      </trkpt>
      <trkpt lat="28.03769" lon="-16.601479">
        <ele>49.9</ele>
      </trkpt>
      <trkpt lat="28.03772" lon="-16.60151">
        <ele>50.2</ele>
      </trkpt>
      <trkpt lat="28.03772" lon="-16.60151">
        <ele>50.2</ele>
      </trkpt>
      <trkpt lat="28.03773" lon="-16.60154">
        <ele>50.4</ele>
      </trkpt>
      <trkpt lat="28.03773" lon="-16.60156">
        <ele>50.5</ele>
      </trkpt>
      <trkpt lat="28.03773" lon="-16.601579">
        <ele>50.6</ele>
      </trkpt>
      <trkpt lat="28.03773" lon="-16.60159">
        <ele>50.6</ele>
      </trkpt>
      <trkpt lat="28.03773" lon="-16.6016">
        <ele>50.7</ele>
      </trkpt>
      <trkpt lat="28.03771" lon="-16.60163">
        <ele>50.6</ele>
      </trkpt>
      <trkpt lat="28.03769" lon="-16.601669">
        <ele>50.6</ele>
      </trkpt>
      <trkpt lat="28.03767" lon="-16.60169">
        <ele>50.6</ele>
      </trkpt>
      <trkpt lat="28.03764" lon="-16.6017">
        <ele>50.4</ele>
      </trkpt>
      <trkpt lat="28.0376" lon="-16.60172">
        <ele>50.2</ele>
      </trkpt>
      <trkpt lat="28.03747" lon="-16.6017">
        <ele>49.2</ele>
      </trkpt>
      <trkpt lat="28.03732" lon="-16.601659">
        <ele>48.8</ele>
      </trkpt>
      <trkpt lat="28.0372" lon="-16.60164">
        <ele>48.6</ele>
      </trkpt>
      <trkpt lat="28.03701" lon="-16.601579">
        <ele>48.1</ele>
      </trkpt>
      <trkpt lat="28.03689" lon="-16.60155">
        <ele>47.9</ele>
      </trkpt>
      <trkpt lat="28.03686" lon="-16.60154">
        <ele>47.8</ele>
      </trkpt>
      <trkpt lat="28.03675" lon="-16.60151">
        <ele>47.6</ele>
      </trkpt>
      <trkpt lat="28.03665" lon="-16.601479">
        <ele>47.2</ele>
      </trkpt>
      <trkpt lat="28.03654" lon="-16.60143">
        <ele>46.2</ele>
      </trkpt>
      <trkpt lat="28.03646" lon="-16.60137">
        <ele>45.5</ele>
      </trkpt>
      <trkpt lat="28.03639" lon="-16.60132">
        <ele>44.8</ele>
      </trkpt>
      <trkpt lat="28.03636" lon="-16.601299">
        <ele>44.6</ele>
      </trkpt>
      <trkpt lat="28.03623" lon="-16.60117">
        <ele>43.5</ele>
      </trkpt>
      <trkpt lat="28.03615" lon="-16.60107">
        <ele>42.8</ele>
      </trkpt>
      <trkpt lat="28.036" lon="-16.60088">
        <ele>41.8</ele>
      </trkpt>
      <trkpt lat="28.03588" lon="-16.600719">
        <ele>40.5</ele>
      </trkpt>
      <trkpt lat="28.03579" lon="-16.60059">
        <ele>39.2</ele>
      </trkpt>
      <trkpt lat="28.03569" lon="-16.60049">
        <ele>38.0</ele>
      </trkpt>
      <trkpt lat="28.03559" lon="-16.6004">
        <ele>36.8</ele>
      </trkpt>
      <trkpt lat="28.03549" lon="-16.60032">
        <ele>35.7</ele>
      </trkpt>
      <trkpt lat="28.03537" lon="-16.600259">
        <ele>34.6</ele>
      </trkpt>
      <trkpt lat="28.03525" lon="-16.60021">
        <ele>33.6</ele>
      </trkpt>
      <trkpt lat="28.03524" lon="-16.60021">
        <ele>33.5</ele>
      </trkpt>
      <trkpt lat="28.03512" lon="-16.600169">
        <ele>32.6</ele>
      </trkpt>
      <trkpt lat="28.03506" lon="-16.600159">
        <ele>32.1</ele>
      </trkpt>
      <trkpt lat="28.03498" lon="-16.60013">
        <ele>31.5</ele>
      </trkpt>
      <trkpt lat="28.03482" lon="-16.6001">
        <ele>30.4</ele>
      </trkpt>
      <trkpt lat="28.03468" lon="-16.60006">
        <ele>29.4</ele>
      </trkpt>
      <trkpt lat="28.03454" lon="-16.60001">
        <ele>28.3</ele>
      </trkpt>
      <trkpt lat="28.03443" lon="-16.59995">
        <ele>27.5</ele>
      </trkpt>
      <trkpt lat="28.03438" lon="-16.59992">
        <ele>27.2</ele>
      </trkpt>
      <trkpt lat="28.03428" lon="-16.59986">
        <ele>26.5</ele>
      </trkpt>
      <trkpt lat="28.03414" lon="-16.59975">
        <ele>25.6</ele>
      </trkpt>
      <trkpt lat="28.03408" lon="-16.599699">
        <ele>25.3</ele>
      </trkpt>
      <trkpt lat="28.03401" lon="-16.59963">
        <ele>24.8</ele>
      </trkpt>
      <trkpt lat="28.03387" lon="-16.59947">
        <ele>23.8</ele>
      </trkpt>
      <trkpt lat="28.03371" lon="-16.59928">
        <ele>22.5</ele>
      </trkpt>
      <trkpt lat="28.03371" lon="-16.59928">
        <ele>22.5</ele>
      </trkpt>
      <trkpt lat="28.03369" lon="-16.59927">
        <ele>22.4</ele>
      </trkpt>
      <trkpt lat="28.03363" lon="-16.59919">
        <ele>21.8</ele>
      </trkpt>
      <trkpt lat="28.03357" lon="-16.59912">
        <ele>21.5</ele>
      </trkpt>
      <trkpt lat="28.03345" lon="-16.59897">
        <ele>21.2</ele>
      </trkpt>
      <trkpt lat="28.03344" lon="-16.59896">
        <ele>21.1</ele>
      </trkpt>
      <trkpt lat="28.0333" lon="-16.5988">
        <ele>20.7</ele>
      </trkpt>
      <trkpt lat="28.03318" lon="-16.598669">
        <ele>20.5</ele>
      </trkpt>
      <trkpt lat="28.03308" lon="-16.598579">
        <ele>20.2</ele>
      </trkpt>
      <trkpt lat="28.03292" lon="-16.598479">
        <ele>19.4</ele>
      </trkpt>
      <trkpt lat="28.03279" lon="-16.59843">
        <ele>18.7</ele>
      </trkpt>
      <trkpt lat="28.03272" lon="-16.59842">
        <ele>18.3</ele>
      </trkpt>
      <trkpt lat="28.03272" lon="-16.59842">
        <ele>18.3</ele>
      </trkpt>
      <trkpt lat="28.03271" lon="-16.59843">
        <ele>18.3</ele>
      </trkpt>
      <trkpt lat="28.0327" lon="-16.59844">
        <ele>18.2</ele>
      </trkpt>
      <trkpt lat="28.0327" lon="-16.59845">
        <ele>18.2</ele>
      </trkpt>
      <trkpt lat="28.03269" lon="-16.59845">
        <ele>18.2</ele>
      </trkpt>
      <trkpt lat="28.03268" lon="-16.59846">
        <ele>18.1</ele>
      </trkpt>
      <trkpt lat="28.03267" lon="-16.598469">
        <ele>18.1</ele>
      </trkpt>
      <trkpt lat="28.03266" lon="-16.598469">
        <ele>18.0</ele>
      </trkpt>
      <trkpt lat="28.03265" lon="-16.598479">
        <ele>18.0</ele>
      </trkpt>
      <trkpt lat="28.03264" lon="-16.598479">
        <ele>17.9</ele>
      </trkpt>
      <trkpt lat="28.03262" lon="-16.59852">
        <ele>17.8</ele>
      </trkpt>
      <trkpt lat="28.03261" lon="-16.59854">
        <ele>17.8</ele>
      </trkpt>
      <trkpt lat="28.03258" lon="-16.598569">
        <ele>17.7</ele>
      </trkpt>
      <trkpt lat="28.03256" lon="-16.59859">
        <ele>17.6</ele>
      </trkpt>
      <trkpt lat="28.03254" lon="-16.5986">
        <ele>17.5</ele>
      </trkpt>
      <trkpt lat="28.0325" lon="-16.59863">
        <ele>17.4</ele>
      </trkpt>
      <trkpt lat="28.03246" lon="-16.59865">
        <ele>17.2</ele>
      </trkpt>
      <trkpt lat="28.0324" lon="-16.598659">
        <ele>17.0</ele>
      </trkpt>
      <trkpt lat="28.03236" lon="-16.598669">
        <ele>16.8</ele>
      </trkpt>
      <trkpt lat="28.03223" lon="-16.59868">
        <ele>16.2</ele>
      </trkpt>
      <trkpt lat="28.03201" lon="-16.5987">
        <ele>15.2</ele>
      </trkpt>
      <trkpt lat="28.03179" lon="-16.59871">
        <ele>14.2</ele>
      </trkpt>
      <trkpt lat="28.03164" lon="-16.59873">
        <ele>13.5</ele>
      </trkpt>
      <trkpt lat="28.03161" lon="-16.59873">
        <ele>13.4</ele>
      </trkpt>
      <trkpt lat="28.03159" lon="-16.59874">
        <ele>13.3</ele>
      </trkpt>
      <trkpt lat="28.03156" lon="-16.598749">
        <ele>13.2</ele>
      </trkpt>
      <trkpt lat="28.03154" lon="-16.598769">
        <ele>13.1</ele>
      </trkpt>
      <trkpt lat="28.0315" lon="-16.59879">
        <ele>12.9</ele>
      </trkpt>
      <trkpt lat="28.03148" lon="-16.59882">
        <ele>12.7</ele>
      </trkpt>
      <trkpt lat="28.03147" lon="-16.59883">
        <ele>12.6</ele>
      </trkpt>
      <trkpt lat="28.03144" lon="-16.59888">
        <ele>12.4</ele>
      </trkpt>
      <trkpt lat="28.03142" lon="-16.59892">
        <ele>12.2</ele>
      </trkpt>
      <trkpt lat="28.03141" lon="-16.598939">
        <ele>12.1</ele>
      </trkpt>
      <trkpt lat="28.03139" lon="-16.59899">
        <ele>11.9</ele>
      </trkpt>
      <trkpt lat="28.03138" lon="-16.599039">
        <ele>11.7</ele>
      </trkpt>
      <trkpt lat="28.03138" lon="-16.59909">
        <ele>11.6</ele>
      </trkpt>
      <trkpt lat="28.03139" lon="-16.59912">
        <ele>11.5</ele>
      </trkpt>
      <trkpt lat="28.03139" lon="-16.599139">
        <ele>11.4</ele>
      </trkpt>
      <trkpt lat="28.0314" lon="-16.59918">
        <ele>11.4</ele>
      </trkpt>
      <trkpt lat="28.0314" lon="-16.59919">
        <ele>11.5</ele>
      </trkpt>
      <trkpt lat="28.03141" lon="-16.599229">
        <ele>11.6</ele>
      </trkpt>
      <trkpt lat="28.03144" lon="-16.59927">
        <ele>11.9</ele>
      </trkpt>
      <trkpt lat="28.03148" lon="-16.599319">
        <ele>12.1</ele>
      </trkpt>
      <trkpt lat="28.03151" lon="-16.59935">
        <ele>12.3</ele>
      </trkpt>
      <trkpt lat="28.03164" lon="-16.59944">
        <ele>12.9</ele>
      </trkpt>
      <trkpt lat="28.03166" lon="-16.59946">
        <ele>13.0</ele>
      </trkpt>
      <trkpt lat="28.03168" lon="-16.59949">
        <ele>13.3</ele>
      </trkpt>
      <trkpt lat="28.03172" lon="-16.59954">
        <ele>13.8</ele>
      </trkpt>
      <trkpt lat="28.03174" lon="-16.599599">
        <ele>14.2</ele>
      </trkpt>
      <trkpt lat="28.03175" lon="-16.59964">
        <ele>14.4</ele>
      </trkpt>
      <trkpt lat="28.03175" lon="-16.599689">
        <ele>14.6</ele>
      </trkpt>
      <trkpt lat="28.03176" lon="-16.59974">
        <ele>14.9</ele>
      </trkpt>
      <trkpt lat="28.03174" lon="-16.59981">
        <ele>15.0</ele>
      </trkpt>
      <trkpt lat="28.03173" lon="-16.59986">
        <ele>15.1</ele>
      </trkpt>
      <trkpt lat="28.03171" lon="-16.5999">
        <ele>15.0</ele>
      </trkpt>
      <trkpt lat="28.03168" lon="-16.59994">
        <ele>14.9</ele>
      </trkpt>
      <trkpt lat="28.03165" lon="-16.6">
        <ele>15.0</ele>
      </trkpt>
      <trkpt lat="28.03164" lon="-16.60001">
        <ele>15.0</ele>
      </trkpt>
      <trkpt lat="28.03162" lon="-16.60003">
        <ele>15.1</ele>
      </trkpt>
      <trkpt lat="28.03158" lon="-16.60005">
        <ele>15.2</ele>
      </trkpt>
      <trkpt lat="28.03154" lon="-16.600069">
        <ele>15.3</ele>
      </trkpt>
      <trkpt lat="28.0315" lon="-16.600079">
        <ele>15.3</ele>
      </trkpt>
      <trkpt lat="28.03147" lon="-16.60009">
        <ele>15.3</ele>
      </trkpt>
      <trkpt lat="28.03144" lon="-16.6001">
        <ele>15.4</ele>
      </trkpt>
      <trkpt lat="28.03141" lon="-16.6001">
        <ele>15.3</ele>
      </trkpt>
      <trkpt lat="28.03136" lon="-16.6001">
        <ele>15.3</ele>
      </trkpt>
      <trkpt lat="28.03132" lon="-16.6001">
        <ele>15.2</ele>
      </trkpt>
      <trkpt lat="28.0313" lon="-16.6001">
        <ele>15.2</ele>
      </trkpt>
      <trkpt lat="28.03129" lon="-16.6001">
        <ele>15.2</ele>
      </trkpt>
      <trkpt lat="28.03127" lon="-16.60009">
        <ele>15.1</ele>
      </trkpt>
      <trkpt lat="28.03123" lon="-16.60009">
        <ele>15.1</ele>
      </trkpt>
      <trkpt lat="28.0312" lon="-16.600079">
        <ele>15.0</ele>
      </trkpt>
      <trkpt lat="28.03114" lon="-16.60006">
        <ele>14.8</ele>
      </trkpt>
      <trkpt lat="28.03104" lon="-16.60003">
        <ele>14.5</ele>
      </trkpt>
      <trkpt lat="28.03096" lon="-16.599989">
        <ele>14.1</ele>
      </trkpt>
      <trkpt lat="28.03087" lon="-16.59996">
        <ele>13.9</ele>
      </trkpt>
      <trkpt lat="28.03081" lon="-16.59994">
        <ele>13.7</ele>
      </trkpt>
      <trkpt lat="28.03076" lon="-16.59993">
        <ele>13.6</ele>
      </trkpt>
      <trkpt lat="28.0307" lon="-16.59994">
        <ele>13.5</ele>
      </trkpt>
      <trkpt lat="28.03066" lon="-16.599969">
        <ele>13.6</ele>
      </trkpt>
      <trkpt lat="28.03063" lon="-16.6">
        <ele>13.8</ele>
      </trkpt>
      <trkpt lat="28.0306" lon="-16.60004">
        <ele>14.0</ele>
      </trkpt>
      <trkpt lat="28.03058" lon="-16.60009">
        <ele>14.4</ele>
      </trkpt>
      <trkpt lat="28.03058" lon="-16.60014">
        <ele>14.8</ele>
      </trkpt>
      <trkpt lat="28.03058" lon="-16.6002">
        <ele>15.3</ele>
      </trkpt>
      <trkpt lat="28.03059" lon="-16.60028">
        <ele>15.9</ele>
      </trkpt>
      <trkpt lat="28.03063" lon="-16.60039">
        <ele>16.8</ele>
      </trkpt>
      <trkpt lat="28.03063" lon="-16.60039">
        <ele>16.8</ele>
      </trkpt>
      <trkpt lat="28.03065" lon="-16.60039">
        <ele>16.8</ele>
      </trkpt>
      <trkpt lat="28.03066" lon="-16.60039">
        <ele>16.8</ele>
      </trkpt>
      <trkpt lat="28.03067" lon="-16.6004">
        <ele>16.9</ele>
      </trkpt>
      <trkpt lat="28.03068" lon="-16.6004">
        <ele>16.9</ele>
      </trkpt>
      <trkpt lat="28.03069" lon="-16.6004">
        <ele>16.9</ele>
      </trkpt>
      <trkpt lat="28.0307" lon="-16.60041">
        <ele>16.9</ele>
      </trkpt>
      <trkpt lat="28.03071" lon="-16.60042">
        <ele>17.0</ele>
      </trkpt>
      <trkpt lat="28.03072" lon="-16.60042">
        <ele>17.0</ele>
      </trkpt>
      <trkpt lat="28.03072" lon="-16.60043">
        <ele>17.1</ele>
      </trkpt>
      <trkpt lat="28.03073" lon="-16.600439">
        <ele>17.2</ele>
      </trkpt>
      <trkpt lat="28.03074" lon="-16.600449">
        <ele>17.2</ele>
      </trkpt>
      <trkpt lat="28.03074" lon="-16.60046">
        <ele>17.3</ele>
      </trkpt>
      <trkpt lat="28.03075" lon="-16.60047">
        <ele>17.4</ele>
      </trkpt>
      <trkpt lat="28.03076" lon="-16.60048">
        <ele>17.5</ele>
      </trkpt>
      <trkpt lat="28.03076" lon="-16.60049">
        <ele>17.5</ele>
      </trkpt>
      <trkpt lat="28.03076" lon="-16.6005">
        <ele>17.6</ele>
      </trkpt>
      <trkpt lat="28.03076" lon="-16.60051">
        <ele>17.7</ele>
      </trkpt>
      <trkpt lat="28.03076" lon="-16.60052">
        <ele>17.8</ele>
      </trkpt>
      <trkpt lat="28.03077" lon="-16.60053">
        <ele>17.8</ele>
      </trkpt>
      <trkpt lat="28.03077" lon="-16.600539">
        <ele>17.9</ele>
      </trkpt>
      <trkpt lat="28.03077" lon="-16.600549">
        <ele>18.0</ele>
      </trkpt>
      <trkpt lat="28.03077" lon="-16.60056">
        <ele>18.1</ele>
      </trkpt>
      <trkpt lat="28.03076" lon="-16.60057">
        <ele>18.1</ele>
      </trkpt>
      <trkpt lat="28.03076" lon="-16.60058">
        <ele>18.2</ele>
      </trkpt>
      <trkpt lat="28.03076" lon="-16.60059">
        <ele>18.3</ele>
      </trkpt>
      <trkpt lat="28.03089" lon="-16.6007">
        <ele>19.0</ele>
      </trkpt>
      <trkpt lat="28.03108" lon="-16.60086">
        <ele>20.3</ele>
      </trkpt>
      <trkpt lat="28.03112" lon="-16.60089">
        <ele>20.6</ele>
      </trkpt>
      <trkpt lat="28.03116" lon="-16.60094">
        <ele>21.1</ele>
      </trkpt>
      <trkpt lat="28.03119" lon="-16.60096">
        <ele>21.3</ele>
      </trkpt>
      <trkpt lat="28.03133" lon="-16.601">
        <ele>21.5</ele>
      </trkpt>
      <trkpt lat="28.03156" lon="-16.60106">
        <ele>21.8</ele>
      </trkpt>
      <trkpt lat="28.03161" lon="-16.60108">
        <ele>21.9</ele>
      </trkpt>
      <trkpt lat="28.03164" lon="-16.601099">
        <ele>22.0</ele>
      </trkpt>
      <trkpt lat="28.03165" lon="-16.601109">
        <ele>22.0</ele>
      </trkpt>
      <trkpt lat="28.03171" lon="-16.60117">
        <ele>22.5</ele>
      </trkpt>
      <trkpt lat="28.03175" lon="-16.60124">
        <ele>23.0</ele>
      </trkpt>
      <trkpt lat="28.03178" lon="-16.60132">
        <ele>23.6</ele>
      </trkpt>
      <trkpt lat="28.03179" lon="-16.60143">
        <ele>24.4</ele>
      </trkpt>
      <trkpt lat="28.03178" lon="-16.60152">
        <ele>25.1</ele>
      </trkpt>
      <trkpt lat="28.03176" lon="-16.601579">
        <ele>25.5</ele>
      </trkpt>
      <trkpt lat="28.03176" lon="-16.601579">
        <ele>25.5</ele>
      </trkpt>
      <trkpt lat="28.03175" lon="-16.60162">
        <ele>25.8</ele>
      </trkpt>
      <trkpt lat="28.0317" lon="-16.6017">
        <ele>26.5</ele>
      </trkpt>
      <trkpt lat="28.03163" lon="-16.601769">
        <ele>27.6</ele>
      </trkpt>
      <trkpt lat="28.03155" lon="-16.60181">
        <ele>28.5</ele>
      </trkpt>
      <trkpt lat="28.03149" lon="-16.60182">
        <ele>28.9</ele>
      </trkpt>
      <trkpt lat="28.03143" lon="-16.60181">
        <ele>29.0</ele>
      </trkpt>
      <trkpt lat="28.03142" lon="-16.60181">
        <ele>29.0</ele>
      </trkpt>
      <trkpt lat="28.03138" lon="-16.6018">
        <ele>29.1</ele>
      </trkpt>
      <trkpt lat="28.0311" lon="-16.601659">
        <ele>28.6</ele>
      </trkpt>
      <trkpt lat="28.0306" lon="-16.60141">
        <ele>27.2</ele>
      </trkpt>
      <trkpt lat="28.03039" lon="-16.601299">
        <ele>26.1</ele>
      </trkpt>
      <trkpt lat="28.0303" lon="-16.60126">
        <ele>25.8</ele>
      </trkpt>
      <trkpt lat="28.03026" lon="-16.60125">
        <ele>25.7</ele>
      </trkpt>
      <trkpt lat="28.03023" lon="-16.60125">
        <ele>25.7</ele>
      </trkpt>
      <trkpt lat="28.0302" lon="-16.60125">
        <ele>25.8</ele>
      </trkpt>
      <trkpt lat="28.03018" lon="-16.60125">
        <ele>25.8</ele>
      </trkpt>
      <trkpt lat="28.03015" lon="-16.60125">
        <ele>25.8</ele>
      </trkpt>
      <trkpt lat="28.03011" lon="-16.60127">
        <ele>26.1</ele>
      </trkpt>
      <trkpt lat="28.0301" lon="-16.60128">
        <ele>26.2</ele>
      </trkpt>
      <trkpt lat="28.03009" lon="-16.60128">
        <ele>26.3</ele>
      </trkpt>
      <trkpt lat="28.03007" lon="-16.601289">
        <ele>26.4</ele>
      </trkpt>
      <trkpt lat="28.03006" lon="-16.601299">
        <ele>26.5</ele>
      </trkpt>
      <trkpt lat="28.02999" lon="-16.60143">
        <ele>28.1</ele>
      </trkpt>
      <trkpt lat="28.0299" lon="-16.60161">
        <ele>29.9</ele>
      </trkpt>
      <trkpt lat="28.02961" lon="-16.602129">
        <ele>29.1</ele>
      </trkpt>
      <trkpt lat="28.02961" lon="-16.602129">
        <ele>29.1</ele>
      </trkpt>
      <trkpt lat="28.0303" lon="-16.60272">
        <ele>34.2</ele>
      </trkpt>
      <trkpt lat="28.03034" lon="-16.602789">
        <ele>34.8</ele>
      </trkpt>
      <trkpt lat="28.03038" lon="-16.60286">
        <ele>35.3</ele>
      </trkpt>
      <trkpt lat="28.03054" lon="-16.6034">
        <ele>38.2</ele>
      </trkpt>
      <trkpt lat="28.03058" lon="-16.60348">
        <ele>38.9</ele>
      </trkpt>
      <trkpt lat="28.03058" lon="-16.60348">
        <ele>38.9</ele>
      </trkpt>
      <trkpt lat="28.03066" lon="-16.603819">
        <ele>41.0</ele>
      </trkpt>
      <trkpt lat="28.03066" lon="-16.603819">
        <ele>41.0</ele>
      </trkpt>
      <trkpt lat="28.03066" lon="-16.603819">
        <ele>41.0</ele>
      </trkpt>
      <trkpt lat="28.03105" lon="-16.60367">
        <ele>41.5</ele>
      </trkpt>
      <trkpt lat="28.03109" lon="-16.603649">
        <ele>41.5</ele>
      </trkpt>
      <trkpt lat="28.03137" lon="-16.603549">
        <ele>41.7</ele>
      </trkpt>
      <trkpt lat="28.03139" lon="-16.603539">
        <ele>41.7</ele>
      </trkpt>
      <trkpt lat="28.0315" lon="-16.6035">
        <ele>41.9</ele>
      </trkpt>
      <trkpt lat="28.03165" lon="-16.60344">
        <ele>42.1</ele>
      </trkpt>
      <trkpt lat="28.03197" lon="-16.60332">
        <ele>40.1</ele>
      </trkpt>
      <trkpt lat="28.03206" lon="-16.60329">
        <ele>39.3</ele>
      </trkpt>
      <trkpt lat="28.03208" lon="-16.60328">
        <ele>39.1</ele>
      </trkpt>
      <trkpt lat="28.03215" lon="-16.603269">
        <ele>38.6</ele>
      </trkpt>
      <trkpt lat="28.03222" lon="-16.60328">
        <ele>38.2</ele>
      </trkpt>
      <trkpt lat="28.03229" lon="-16.60329">
        <ele>37.9</ele>
      </trkpt>
      <trkpt lat="28.03236" lon="-16.60332">
        <ele>37.7</ele>
      </trkpt>
      <trkpt lat="28.03242" lon="-16.60337">
        <ele>37.8</ele>
      </trkpt>
      <trkpt lat="28.03247" lon="-16.60341">
        <ele>37.8</ele>
      </trkpt>
      <trkpt lat="28.03248" lon="-16.60343">
        <ele>37.9</ele>
      </trkpt>
      <trkpt lat="28.03251" lon="-16.603459">
        <ele>38.0</ele>
      </trkpt>
      <trkpt lat="28.03254" lon="-16.60351">
        <ele>38.3</ele>
      </trkpt>
      <trkpt lat="28.03257" lon="-16.60356">
        <ele>38.6</ele>
      </trkpt>
      <trkpt lat="28.0326" lon="-16.60368">
        <ele>39.6</ele>
      </trkpt>
      <trkpt lat="28.03269" lon="-16.60395">
        <ele>41.8</ele>
      </trkpt>
      <trkpt lat="28.03286" lon="-16.60453">
        <ele>45.9</ele>
      </trkpt>
      <trkpt lat="28.03308" lon="-16.60522">
        <ele>50.3</ele>
      </trkpt>
      <trkpt lat="28.0332" lon="-16.605599">
        <ele>52.1</ele>
      </trkpt>
      <trkpt lat="28.03321" lon="-16.605619">
        <ele>52.2</ele>
      </trkpt>
      <trkpt lat="28.0333" lon="-16.60594">
        <ele>53.4</ele>
      </trkpt>
      <trkpt lat="28.03339" lon="-16.60623">
        <ele>54.6</ele>
      </trkpt>
      <trkpt lat="28.03339" lon="-16.60623">
        <ele>54.6</ele>
      </trkpt>
      <trkpt lat="28.03364" lon="-16.606369">
        <ele>56.0</ele>
      </trkpt>
      <trkpt lat="28.03375" lon="-16.60643">
        <ele>56.6</ele>
      </trkpt>
      <trkpt lat="28.03388" lon="-16.606539">
        <ele>57.5</ele>
      </trkpt>
      <trkpt lat="28.03391" lon="-16.60657">
        <ele>57.7</ele>
      </trkpt>
      <trkpt lat="28.03392" lon="-16.60657">
        <ele>57.8</ele>
      </trkpt>
      <trkpt lat="28.03397" lon="-16.60663">
        <ele>58.2</ele>
      </trkpt>
      <trkpt lat="28.03402" lon="-16.60668">
        <ele>58.5</ele>
      </trkpt>
      <trkpt lat="28.03406" lon="-16.60676">
        <ele>58.9</ele>
      </trkpt>
      <trkpt lat="28.0341" lon="-16.606839">
        <ele>59.2</ele>
      </trkpt>
      <trkpt lat="28.03413" lon="-16.606919">
        <ele>59.5</ele>
      </trkpt>
      <trkpt lat="28.03427" lon="-16.60732">
        <ele>61.9</ele>
      </trkpt>
      <trkpt lat="28.03427" lon="-16.60735">
        <ele>62.0</ele>
      </trkpt>
      <trkpt lat="28.03436" lon="-16.60762">
        <ele>64.0</ele>
      </trkpt>
      <trkpt lat="28.0345" lon="-16.60808">
        <ele>66.6</ele>
      </trkpt>
      <trkpt lat="28.03469" lon="-16.60866">
        <ele>69.6</ele>
      </trkpt>
      <trkpt lat="28.0347" lon="-16.60868">
        <ele>69.7</ele>
      </trkpt>
      <trkpt lat="28.03473" lon="-16.608789">
        <ele>70.1</ele>
      </trkpt>
      <trkpt lat="28.03474" lon="-16.60887">
        <ele>70.2</ele>
      </trkpt>
      <trkpt lat="28.03475" lon="-16.60894">
        <ele>70.4</ele>
      </trkpt>
      <trkpt lat="28.03475" lon="-16.60902">
        <ele>70.4</ele>
      </trkpt>
      <trkpt lat="28.03474" lon="-16.609079">
        <ele>70.4</ele>
      </trkpt>
      <trkpt lat="28.03473" lon="-16.60915">
        <ele>70.4</ele>
      </trkpt>
      <trkpt lat="28.03471" lon="-16.60921">
        <ele>70.3</ele>
      </trkpt>
      <trkpt lat="28.03451" lon="-16.60972">
        <ele>70.1</ele>
      </trkpt>
      <trkpt lat="28.03445" lon="-16.60988">
        <ele>70.1</ele>
      </trkpt>
      <trkpt lat="28.03443" lon="-16.609929">
        <ele>70.1</ele>
      </trkpt>
      <trkpt lat="28.03431" lon="-16.61024">
        <ele>69.3</ele>
      </trkpt>
      <trkpt lat="28.03418" lon="-16.61056">
        <ele>68.4</ele>
      </trkpt>
      <trkpt lat="28.03418" lon="-16.61056">
        <ele>68.4</ele>
      </trkpt>
      <trkpt lat="28.034132" lon="-16.610703">
        <ele>68.0</ele>
      </trkpt>
      <trkpt lat="28.03413" lon="-16.61071">
        <ele>68.0</ele>
      </trkpt>
      <trkpt lat="28.03403" lon="-16.61088">
        <ele>67.2</ele>
      </trkpt>
      <trkpt lat="28.03393" lon="-16.611049">
        <ele>66.2</ele>
      </trkpt>
      <trkpt lat="28.03389" lon="-16.61108">
        <ele>65.9</ele>
      </trkpt>
      <trkpt lat="28.03386" lon="-16.61109">
        <ele>65.7</ele>
      </trkpt>
      <trkpt lat="28.03381" lon="-16.61112">
        <ele>65.3</ele>
      </trkpt>
      <trkpt lat="28.0338" lon="-16.61113">
        <ele>65.2</ele>
      </trkpt>
      <trkpt lat="28.03377" lon="-16.611139">
        <ele>65.0</ele>
      </trkpt>
      <trkpt lat="28.03374" lon="-16.61116">
        <ele>64.8</ele>
      </trkpt>
      <trkpt lat="28.03293" lon="-16.61149">
        <ele>58.2</ele>
      </trkpt>
      <trkpt lat="28.03276" lon="-16.61156">
        <ele>56.9</ele>
      </trkpt>
      <trkpt lat="28.03267" lon="-16.6116">
        <ele>56.2</ele>
      </trkpt>
      <trkpt lat="28.03251" lon="-16.61166">
        <ele>55.1</ele>
      </trkpt>
      <trkpt lat="28.03249" lon="-16.61167">
        <ele>55.0</ele>
      </trkpt>
      <trkpt lat="28.03235" lon="-16.611709">
        <ele>54.7</ele>
      </trkpt>
      <trkpt lat="28.03221" lon="-16.61174">
        <ele>54.3</ele>
      </trkpt>
      <trkpt lat="28.03205" lon="-16.61176">
        <ele>53.9</ele>
      </trkpt>
      <trkpt lat="28.03204" lon="-16.61176">
        <ele>53.9</ele>
      </trkpt>
      <trkpt lat="28.03193" lon="-16.61176">
        <ele>53.6</ele>
      </trkpt>
      <trkpt lat="28.03176" lon="-16.61175">
        <ele>53.1</ele>
      </trkpt>
      <trkpt lat="28.03176" lon="-16.61175">
        <ele>53.1</ele>
      </trkpt>
      <trkpt lat="28.03175" lon="-16.612089">
        <ele>52.8</ele>
      </trkpt>
      <trkpt lat="28.03174" lon="-16.612189">
        <ele>52.7</ele>
      </trkpt>
      <trkpt lat="28.03174" lon="-16.61229">
        <ele>52.6</ele>
      </trkpt>
      <trkpt lat="28.03172" lon="-16.61238">
        <ele>52.4</ele>
      </trkpt>
      <trkpt lat="28.03169" lon="-16.61248">
        <ele>52.1</ele>
      </trkpt>
      <trkpt lat="28.03166" lon="-16.612559">
        <ele>52.2</ele>
      </trkpt>
      <trkpt lat="28.03153" lon="-16.612559">
        <ele>52.1</ele>
      </trkpt>
      <trkpt lat="28.03136" lon="-16.61257">
        <ele>51.9</ele>
      </trkpt>
      <trkpt lat="28.03085" lon="-16.61262">
        <ele>51.6</ele>
      </trkpt>
      <trkpt lat="28.0308" lon="-16.61262">
        <ele>51.3</ele>
      </trkpt>
      <trkpt lat="28.0307" lon="-16.612639">
        <ele>50.4</ele>
      </trkpt>
      <trkpt lat="28.03068" lon="-16.612649">
        <ele>50.3</ele>
      </trkpt>
      <trkpt lat="28.03062" lon="-16.61268">
        <ele>49.9</ele>
      </trkpt>
      <trkpt lat="28.03046" lon="-16.612839">
        <ele>49.4</ele>
      </trkpt>
      <trkpt lat="28.03022" lon="-16.613119">
        <ele>49.2</ele>
      </trkpt>
      <trkpt lat="28.03015" lon="-16.6132">
        <ele>49.2</ele>
      </trkpt>
      <trkpt lat="28.02978" lon="-16.61364">
        <ele>48.5</ele>
      </trkpt>
      <trkpt lat="28.02978" lon="-16.61364">
        <ele>48.5</ele>
      </trkpt>
      <trkpt lat="28.02979" lon="-16.613669">
        <ele>48.7</ele>
      </trkpt>
      <trkpt lat="28.02984" lon="-16.613769">
        <ele>49.3</ele>
      </trkpt>
      <trkpt lat="28.02987" lon="-16.61391">
        <ele>49.9</ele>
      </trkpt>
      <trkpt lat="28.02988" lon="-16.61395">
        <ele>50.0</ele>
      </trkpt>
      <trkpt lat="28.02991" lon="-16.614149">
        <ele>50.7</ele>
      </trkpt>
      <trkpt lat="28.02992" lon="-16.6142">
        <ele>50.9</ele>
      </trkpt>
      <trkpt lat="28.02994" lon="-16.61435">
        <ele>51.5</ele>
      </trkpt>
      <trkpt lat="28.02994" lon="-16.61437">
        <ele>51.6</ele>
      </trkpt>
      <trkpt lat="28.02996" lon="-16.614529">
        <ele>52.2</ele>
      </trkpt>
      <trkpt lat="28.03" lon="-16.61485">
        <ele>53.5</ele>
      </trkpt>
      <trkpt lat="28.03002" lon="-16.61496">
        <ele>54.0</ele>
      </trkpt>
      <trkpt lat="28.03003" lon="-16.615089">
        <ele>54.3</ele>
      </trkpt>
      <trkpt lat="28.03005" lon="-16.61516">
        <ele>54.4</ele>
      </trkpt>
      <trkpt lat="28.03006" lon="-16.615189">
        <ele>54.5</ele>
      </trkpt>
      <trkpt lat="28.03007" lon="-16.61526">
        <ele>54.6</ele>
      </trkpt>
      <trkpt lat="28.03009" lon="-16.61531">
        <ele>54.8</ele>
      </trkpt>
      <trkpt lat="28.0301" lon="-16.61535">
        <ele>54.9</ele>
      </trkpt>
      <trkpt lat="28.03013" lon="-16.61541">
        <ele>55.1</ele>
      </trkpt>
      <trkpt lat="28.03013" lon="-16.61541">
        <ele>55.1</ele>
      </trkpt>
      <trkpt lat="28.03014" lon="-16.61544">
        <ele>55.2</ele>
      </trkpt>
      <trkpt lat="28.0302" lon="-16.61558">
        <ele>55.7</ele>
      </trkpt>
      <trkpt lat="28.03028" lon="-16.61571">
        <ele>56.2</ele>
      </trkpt>
      <trkpt lat="28.03029" lon="-16.61572">
        <ele>56.3</ele>
      </trkpt>
      <trkpt lat="28.03039" lon="-16.61587">
        <ele>56.8</ele>
      </trkpt>
      <trkpt lat="28.03044" lon="-16.61595">
        <ele>56.8</ele>
      </trkpt>
      <trkpt lat="28.03058" lon="-16.61616">
        <ele>56.7</ele>
      </trkpt>
      <trkpt lat="28.0306" lon="-16.61618">
        <ele>56.7</ele>
      </trkpt>
      <trkpt lat="28.0307" lon="-16.61632">
        <ele>56.4</ele>
      </trkpt>
      <trkpt lat="28.03072" lon="-16.61635">
        <ele>56.3</ele>
      </trkpt>
      <trkpt lat="28.03101" lon="-16.61672">
        <ele>55.1</ele>
      </trkpt>
      <trkpt lat="28.03118" lon="-16.61692">
        <ele>54.9</ele>
      </trkpt>
      <trkpt lat="28.03118" lon="-16.61692">
        <ele>54.9</ele>
      </trkpt>
      <trkpt lat="28.03119" lon="-16.61692">
        <ele>55.0</ele>
      </trkpt>
      <trkpt lat="28.0312" lon="-16.61692">
        <ele>55.0</ele>
      </trkpt>
      <trkpt lat="28.03121" lon="-16.61692">
        <ele>55.0</ele>
      </trkpt>
      <trkpt lat="28.03122" lon="-16.61692">
        <ele>55.0</ele>
      </trkpt>
      <trkpt lat="28.03123" lon="-16.61692">
        <ele>55.0</ele>
      </trkpt>
      <trkpt lat="28.03124" lon="-16.61692">
        <ele>55.0</ele>
      </trkpt>
      <trkpt lat="28.03125" lon="-16.61692">
        <ele>55.0</ele>
      </trkpt>
      <trkpt lat="28.03125" lon="-16.61693">
        <ele>55.0</ele>
      </trkpt>
      <trkpt lat="28.03126" lon="-16.61693">
        <ele>55.0</ele>
      </trkpt>
      <trkpt lat="28.03127" lon="-16.61694">
        <ele>55.0</ele>
      </trkpt>
      <trkpt lat="28.03128" lon="-16.61694">
        <ele>55.1</ele>
      </trkpt>
      <trkpt lat="28.03128" lon="-16.61695">
        <ele>55.0</ele>
      </trkpt>
      <trkpt lat="28.03129" lon="-16.616959">
        <ele>55.0</ele>
      </trkpt>
      <trkpt lat="28.03129" lon="-16.616969">
        <ele>55.0</ele>
      </trkpt>
      <trkpt lat="28.0313" lon="-16.616969">
        <ele>55.0</ele>
      </trkpt>
      <trkpt lat="28.0313" lon="-16.61698">
        <ele>55.0</ele>
      </trkpt>
      <trkpt lat="28.0313" lon="-16.61699">
        <ele>55.0</ele>
      </trkpt>
      <trkpt lat="28.03131" lon="-16.617">
        <ele>55.0</ele>
      </trkpt>
      <trkpt lat="28.03131" lon="-16.61701">
        <ele>55.0</ele>
      </trkpt>
      <trkpt lat="28.03131" lon="-16.61702">
        <ele>55.0</ele>
      </trkpt>
      <trkpt lat="28.03131" lon="-16.61703">
        <ele>54.9</ele>
      </trkpt>
      <trkpt lat="28.03131" lon="-16.61704">
        <ele>54.9</ele>
      </trkpt>
      <trkpt lat="28.03131" lon="-16.617049">
        <ele>54.9</ele>
      </trkpt>
      <trkpt lat="28.03131" lon="-16.617059">
        <ele>54.9</ele>
      </trkpt>
      <trkpt lat="28.03131" lon="-16.617069">
        <ele>54.9</ele>
      </trkpt>
      <trkpt lat="28.0313" lon="-16.61708">
        <ele>54.8</ele>
      </trkpt>
      <trkpt lat="28.0313" lon="-16.61709">
        <ele>54.8</ele>
      </trkpt>
      <trkpt lat="28.0313" lon="-16.6171">
        <ele>54.8</ele>
      </trkpt>
      <trkpt lat="28.03129" lon="-16.6171">
        <ele>54.8</ele>
      </trkpt>
      <trkpt lat="28.03129" lon="-16.61711">
        <ele>54.8</ele>
      </trkpt>
      <trkpt lat="28.03141" lon="-16.6173">
        <ele>54.7</ele>
      </trkpt>
      <trkpt lat="28.03146" lon="-16.61738">
        <ele>54.7</ele>
      </trkpt>
      <trkpt lat="28.03148" lon="-16.61742">
        <ele>54.7</ele>
      </trkpt>
      <trkpt lat="28.0316" lon="-16.617719">
        <ele>53.6</ele>
      </trkpt>
      <trkpt lat="28.03172" lon="-16.61786">
        <ele>52.9</ele>
      </trkpt>
      <trkpt lat="28.03172" lon="-16.61786">
        <ele>52.9</ele>
      </trkpt>
      <trkpt lat="28.03244" lon="-16.61769">
        <ele>54.5</ele>
      </trkpt>
      <trkpt lat="28.03262" lon="-16.61765">
        <ele>54.5</ele>
      </trkpt>
      <trkpt lat="28.03279" lon="-16.6176">
        <ele>54.6</ele>
      </trkpt>
      <trkpt lat="28.03297" lon="-16.61756">
        <ele>54.7</ele>
      </trkpt>
      <trkpt lat="28.03307" lon="-16.61754">
        <ele>54.8</ele>
      </trkpt>
      <trkpt lat="28.03314" lon="-16.617519">
        <ele>54.9</ele>
      </trkpt>
      <trkpt lat="28.03332" lon="-16.61749">
        <ele>55.0</ele>
      </trkpt>
      <trkpt lat="28.03341" lon="-16.61747">
        <ele>55.2</ele>
      </trkpt>
      <trkpt lat="28.0335" lon="-16.61746">
        <ele>55.4</ele>
      </trkpt>
      <trkpt lat="28.03365" lon="-16.617429">
        <ele>55.7</ele>
      </trkpt>
      <trkpt lat="28.03368" lon="-16.61742">
        <ele>55.8</ele>
      </trkpt>
      <trkpt lat="28.03385" lon="-16.61738">
        <ele>56.1</ele>
      </trkpt>
      <trkpt lat="28.03403" lon="-16.617339">
        <ele>56.4</ele>
      </trkpt>
      <trkpt lat="28.03404" lon="-16.617329">
        <ele>56.5</ele>
      </trkpt>
      <trkpt lat="28.03416" lon="-16.61729">
        <ele>56.8</ele>
      </trkpt>
      <trkpt lat="28.0342" lon="-16.61728">
        <ele>57.2</ele>
      </trkpt>
      <trkpt lat="28.0343" lon="-16.617249">
        <ele>58.3</ele>
      </trkpt>
      <trkpt lat="28.03437" lon="-16.61723">
        <ele>59.2</ele>
      </trkpt>
      <trkpt lat="28.03455" lon="-16.61718">
        <ele>61.3</ele>
      </trkpt>
      <trkpt lat="28.03486" lon="-16.61709">
        <ele>65.0</ele>
      </trkpt>
      <trkpt lat="28.0349" lon="-16.61708">
        <ele>65.4</ele>
      </trkpt>
      <trkpt lat="28.03498" lon="-16.617059">
        <ele>66.4</ele>
      </trkpt>
      <trkpt lat="28.03504" lon="-16.617059">
        <ele>66.9</ele>
      </trkpt>
      <trkpt lat="28.03508" lon="-16.617059">
        <ele>67.2</ele>
      </trkpt>
      <trkpt lat="28.0351" lon="-16.617059">
        <ele>67.4</ele>
      </trkpt>
      <trkpt lat="28.03517" lon="-16.61708">
        <ele>67.8</ele>
      </trkpt>
      <trkpt lat="28.03524" lon="-16.61712">
        <ele>68.3</ele>
      </trkpt>
      <trkpt lat="28.0353" lon="-16.61718">
        <ele>68.5</ele>
      </trkpt>
      <trkpt lat="28.03536" lon="-16.61723">
        <ele>68.9</ele>
      </trkpt>
      <trkpt lat="28.03538" lon="-16.61726">
        <ele>68.9</ele>
      </trkpt>
      <trkpt lat="28.03543" lon="-16.6173">
        <ele>69.2</ele>
      </trkpt>
      <trkpt lat="28.03552" lon="-16.61738">
        <ele>69.7</ele>
      </trkpt>
      <trkpt lat="28.03553" lon="-16.61738">
        <ele>69.8</ele>
      </trkpt>
      <trkpt lat="28.03564" lon="-16.61746">
        <ele>70.5</ele>
      </trkpt>
      <trkpt lat="28.03568" lon="-16.61748">
        <ele>70.8</ele>
      </trkpt>
      <trkpt lat="28.03584" lon="-16.61758">
        <ele>71.8</ele>
      </trkpt>
      <trkpt lat="28.0359" lon="-16.61761">
        <ele>72.1</ele>
      </trkpt>
      <trkpt lat="28.036" lon="-16.61767">
        <ele>72.4</ele>
      </trkpt>
      <trkpt lat="28.03616" lon="-16.61777">
        <ele>72.9</ele>
      </trkpt>
      <trkpt lat="28.03632" lon="-16.61787">
        <ele>73.4</ele>
      </trkpt>
      <trkpt lat="28.03638" lon="-16.617909">
        <ele>73.6</ele>
      </trkpt>
      <trkpt lat="28.03647" lon="-16.61797">
        <ele>73.9</ele>
      </trkpt>
      <trkpt lat="28.03652" lon="-16.617999">
        <ele>74.1</ele>
      </trkpt>
      <trkpt lat="28.0366" lon="-16.61803">
        <ele>74.4</ele>
      </trkpt>
      <trkpt lat="28.03666" lon="-16.61805">
        <ele>74.6</ele>
      </trkpt>
      <trkpt lat="28.03671" lon="-16.61806">
        <ele>74.9</ele>
      </trkpt>
      <trkpt lat="28.03677" lon="-16.61805">
        <ele>75.2</ele>
      </trkpt>
      <trkpt lat="28.03686" lon="-16.61805">
        <ele>75.6</ele>
      </trkpt>
      <trkpt lat="28.03695" lon="-16.61803">
        <ele>76.1</ele>
      </trkpt>
      <trkpt lat="28.037" lon="-16.61802">
        <ele>76.4</ele>
      </trkpt>
      <trkpt lat="28.03706" lon="-16.617999">
        <ele>76.7</ele>
      </trkpt>
      <trkpt lat="28.03717" lon="-16.61796">
        <ele>77.3</ele>
      </trkpt>
      <trkpt lat="28.03719" lon="-16.61796">
        <ele>77.4</ele>
      </trkpt>
      <trkpt lat="28.03734" lon="-16.617899">
        <ele>78.3</ele>
      </trkpt>
      <trkpt lat="28.03738" lon="-16.61788">
        <ele>78.5</ele>
      </trkpt>
      <trkpt lat="28.03751" lon="-16.61784">
        <ele>79.2</ele>
      </trkpt>
      <trkpt lat="28.03759" lon="-16.617809">
        <ele>79.8</ele>
      </trkpt>
      <trkpt lat="28.03768" lon="-16.61778">
        <ele>80.4</ele>
      </trkpt>
      <trkpt lat="28.03775" lon="-16.61776">
        <ele>80.9</ele>
      </trkpt>
      <trkpt lat="28.03798" lon="-16.61769">
        <ele>82.4</ele>
      </trkpt>
      <trkpt lat="28.03803" lon="-16.61768">
        <ele>82.7</ele>
      </trkpt>
      <trkpt lat="28.03815" lon="-16.61764">
        <ele>83.6</ele>
      </trkpt>
      <trkpt lat="28.03838" lon="-16.61756">
        <ele>84.9</ele>
      </trkpt>
      <trkpt lat="28.03855" lon="-16.6175">
        <ele>85.3</ele>
      </trkpt>
      <trkpt lat="28.0388" lon="-16.61742">
        <ele>85.6</ele>
      </trkpt>
      <trkpt lat="28.03884" lon="-16.61741">
        <ele>85.7</ele>
      </trkpt>
      <trkpt lat="28.0389" lon="-16.6174">
        <ele>85.8</ele>
      </trkpt>
      <trkpt lat="28.03895" lon="-16.6174">
        <ele>85.9</ele>
      </trkpt>
      <trkpt lat="28.03901" lon="-16.61742">
        <ele>86.0</ele>
      </trkpt>
      <trkpt lat="28.03909" lon="-16.617439">
        <ele>86.0</ele>
      </trkpt>
      <trkpt lat="28.03917" lon="-16.61747">
        <ele>86.1</ele>
      </trkpt>
      <trkpt lat="28.03927" lon="-16.617519">
        <ele>86.7</ele>
      </trkpt>
      <trkpt lat="28.03938" lon="-16.61758">
        <ele>87.5</ele>
      </trkpt>
      <trkpt lat="28.0394" lon="-16.6176">
        <ele>87.6</ele>
      </trkpt>
      <trkpt lat="28.03966" lon="-16.61777">
        <ele>89.6</ele>
      </trkpt>
      <trkpt lat="28.03987" lon="-16.617909">
        <ele>91.2</ele>
      </trkpt>
      <trkpt lat="28.04002" lon="-16.61801">
        <ele>92.3</ele>
      </trkpt>
      <trkpt lat="28.04025" lon="-16.61817">
        <ele>93.8</ele>
      </trkpt>
      <trkpt lat="28.04031" lon="-16.61821">
        <ele>94.2</ele>
      </trkpt>
      <trkpt lat="28.04033" lon="-16.61823">
        <ele>94.3</ele>
      </trkpt>
      <trkpt lat="28.04036" lon="-16.61826">
        <ele>94.6</ele>
      </trkpt>
      <trkpt lat="28.04041" lon="-16.61831">
        <ele>94.9</ele>
      </trkpt>
      <trkpt lat="28.04046" lon="-16.61836">
        <ele>95.2</ele>
      </trkpt>
      <trkpt lat="28.04049" lon="-16.61839">
        <ele>95.4</ele>
      </trkpt>
      <trkpt lat="28.04068" lon="-16.618569">
        <ele>96.4</ele>
      </trkpt>
      <trkpt lat="28.04073" lon="-16.61863">
        <ele>96.6</ele>
      </trkpt>
      <trkpt lat="28.04086" lon="-16.61877">
        <ele>97.2</ele>
      </trkpt>
      <trkpt lat="28.04099" lon="-16.61891">
        <ele>98.0</ele>
      </trkpt>
      <trkpt lat="28.04111" lon="-16.619039">
        <ele>98.7</ele>
      </trkpt>
      <trkpt lat="28.04112" lon="-16.61905">
        <ele>98.8</ele>
      </trkpt>
      <trkpt lat="28.04114" lon="-16.61907">
        <ele>98.9</ele>
      </trkpt>
      <trkpt lat="28.04118" lon="-16.6191">
        <ele>99.1</ele>
      </trkpt>
      <trkpt lat="28.04122" lon="-16.619119">
        <ele>99.3</ele>
      </trkpt>
      <trkpt lat="28.04126" lon="-16.61914">
        <ele>99.6</ele>
      </trkpt>
      <trkpt lat="28.04131" lon="-16.61915">
        <ele>99.9</ele>
      </trkpt>
      <trkpt lat="28.04135" lon="-16.61916">
        <ele>100.1</ele>
      </trkpt>
      <trkpt lat="28.04139" lon="-16.61915">
        <ele>100.4</ele>
      </trkpt>
      <trkpt lat="28.04164" lon="-16.619119">
        <ele>101.9</ele>
      </trkpt>
      <trkpt lat="28.04199" lon="-16.61906">
        <ele>103.7</ele>
      </trkpt>
      <trkpt lat="28.04202" lon="-16.61906">
        <ele>103.8</ele>
      </trkpt>
      <trkpt lat="28.04232" lon="-16.619">
        <ele>105.3</ele>
      </trkpt>
      <trkpt lat="28.04253" lon="-16.61897">
        <ele>106.4</ele>
      </trkpt>
      <trkpt lat="28.04256" lon="-16.61897">
        <ele>106.5</ele>
      </trkpt>
      <trkpt lat="28.04269" lon="-16.61896">
        <ele>107.2</ele>
      </trkpt>
      <trkpt lat="28.0427" lon="-16.61896">
        <ele>107.2</ele>
      </trkpt>
      <trkpt lat="28.04279" lon="-16.61896">
        <ele>107.6</ele>
      </trkpt>
      <trkpt lat="28.04282" lon="-16.61896">
        <ele>107.8</ele>
      </trkpt>
      <trkpt lat="28.04287" lon="-16.61896">
        <ele>108.0</ele>
      </trkpt>
      <trkpt lat="28.04288" lon="-16.61897">
        <ele>108.1</ele>
      </trkpt>
      <trkpt lat="28.04291" lon="-16.61897">
        <ele>108.2</ele>
      </trkpt>
      <trkpt lat="28.04295" lon="-16.61897">
        <ele>108.4</ele>
      </trkpt>
      <trkpt lat="28.04301" lon="-16.61897">
        <ele>108.7</ele>
      </trkpt>
      <trkpt lat="28.04305" lon="-16.61896">
        <ele>108.9</ele>
      </trkpt>
      <trkpt lat="28.04308" lon="-16.61895">
        <ele>109.0</ele>
      </trkpt>
      <trkpt lat="28.04312" lon="-16.618939">
        <ele>109.2</ele>
      </trkpt>
      <trkpt lat="28.04315" lon="-16.61892">
        <ele>109.4</ele>
      </trkpt>
      <trkpt lat="28.04318" lon="-16.6189">
        <ele>109.6</ele>
      </trkpt>
      <trkpt lat="28.04322" lon="-16.61887">
        <ele>109.8</ele>
      </trkpt>
      <trkpt lat="28.04322" lon="-16.61886">
        <ele>109.8</ele>
      </trkpt>
      <trkpt lat="28.04328" lon="-16.61882">
        <ele>110.2</ele>
      </trkpt>
      <trkpt lat="28.04331" lon="-16.61879">
        <ele>110.3</ele>
      </trkpt>
      <trkpt lat="28.04334" lon="-16.61876">
        <ele>110.5</ele>
      </trkpt>
      <trkpt lat="28.04337" lon="-16.618739">
        <ele>110.7</ele>
      </trkpt>
      <trkpt lat="28.04338" lon="-16.61873">
        <ele>110.8</ele>
      </trkpt>
      <trkpt lat="28.04341" lon="-16.61871">
        <ele>111.0</ele>
      </trkpt>
      <trkpt lat="28.04347" lon="-16.6187">
        <ele>111.3</ele>
      </trkpt>
      <trkpt lat="28.04351" lon="-16.61869">
        <ele>111.5</ele>
      </trkpt>
      <trkpt lat="28.04355" lon="-16.61869">
        <ele>111.8</ele>
      </trkpt>
      <trkpt lat="28.04358" lon="-16.6187">
        <ele>111.9</ele>
      </trkpt>
      <trkpt lat="28.04361" lon="-16.6187">
        <ele>112.1</ele>
      </trkpt>
      <trkpt lat="28.04366" lon="-16.61871">
        <ele>112.3</ele>
      </trkpt>
      <trkpt lat="28.0437" lon="-16.61872">
        <ele>112.5</ele>
      </trkpt>
      <trkpt lat="28.04371" lon="-16.61873">
        <ele>112.6</ele>
      </trkpt>
      <trkpt lat="28.04375" lon="-16.618739">
        <ele>112.8</ele>
      </trkpt>
      <trkpt lat="28.0438" lon="-16.61876">
        <ele>113.0</ele>
      </trkpt>
      <trkpt lat="28.04385" lon="-16.61878">
        <ele>113.2</ele>
      </trkpt>
      <trkpt lat="28.04391" lon="-16.6188">
        <ele>113.5</ele>
      </trkpt>
      <trkpt lat="28.044" lon="-16.61883">
        <ele>113.9</ele>
      </trkpt>
      <trkpt lat="28.04406" lon="-16.618849">
        <ele>114.2</ele>
      </trkpt>
      <trkpt lat="28.04457" lon="-16.619029">
        <ele>117.6</ele>
      </trkpt>
      <trkpt lat="28.04475" lon="-16.61908">
        <ele>119.3</ele>
      </trkpt>
      <trkpt lat="28.04487" lon="-16.619119">
        <ele>120.5</ele>
      </trkpt>
      <trkpt lat="28.04492" lon="-16.61914">
        <ele>121.1</ele>
      </trkpt>
      <trkpt lat="28.04509" lon="-16.6192">
        <ele>122.5</ele>
      </trkpt>
      <trkpt lat="28.04526" lon="-16.61927">
        <ele>123.4</ele>
      </trkpt>
      <trkpt lat="28.04542" lon="-16.619319">
        <ele>124.2</ele>
      </trkpt>
      <trkpt lat="28.0456" lon="-16.619409">
        <ele>124.9</ele>
      </trkpt>
      <trkpt lat="28.0458" lon="-16.619499">
        <ele>125.6</ele>
      </trkpt>
      <trkpt lat="28.04594" lon="-16.61955">
        <ele>125.6</ele>
      </trkpt>
      <trkpt lat="28.04596" lon="-16.61956">
        <ele>125.5</ele>
      </trkpt>
      <trkpt lat="28.04601" lon="-16.61957">
        <ele>125.4</ele>
      </trkpt>
      <trkpt lat="28.04604" lon="-16.619589">
        <ele>125.4</ele>
      </trkpt>
      <trkpt lat="28.04609" lon="-16.619589">
        <ele>125.3</ele>
      </trkpt>
      <trkpt lat="28.04611" lon="-16.619599">
        <ele>125.3</ele>
      </trkpt>
      <trkpt lat="28.04615" lon="-16.619599">
        <ele>125.3</ele>
      </trkpt>
      <trkpt lat="28.04619" lon="-16.619589">
        <ele>125.3</ele>
      </trkpt>
      <trkpt lat="28.04624" lon="-16.619589">
        <ele>125.2</ele>
      </trkpt>
      <trkpt lat="28.04628" lon="-16.61958">
        <ele>125.2</ele>
      </trkpt>
      <trkpt lat="28.04629" lon="-16.61958">
        <ele>125.2</ele>
      </trkpt>
      <trkpt lat="28.04636" lon="-16.61956">
        <ele>125.3</ele>
      </trkpt>
      <trkpt lat="28.04649" lon="-16.619509">
        <ele>125.3</ele>
      </trkpt>
      <trkpt lat="28.04649" lon="-16.619509">
        <ele>125.3</ele>
      </trkpt>
      <trkpt lat="28.0465" lon="-16.619409">
        <ele>125.6</ele>
      </trkpt>
      <trkpt lat="28.04652" lon="-16.619129">
        <ele>125.9</ele>
      </trkpt>
      <trkpt lat="28.04653" lon="-16.61883">
        <ele>123.7</ele>
      </trkpt>
      <trkpt lat="28.04654" lon="-16.61871">
        <ele>122.8</ele>
      </trkpt>
      <trkpt lat="28.04654" lon="-16.61871">
        <ele>122.8</ele>
      </trkpt>
      <trkpt lat="28.04661" lon="-16.617809">
        <ele>122.2</ele>
      </trkpt>
      <trkpt lat="28.04663" lon="-16.6176">
        <ele>123.3</ele>
      </trkpt>
      <trkpt lat="28.04665" lon="-16.6174">
        <ele>124.0</ele>
      </trkpt>
      <trkpt lat="28.0468" lon="-16.617439">
        <ele>125.0</ele>
      </trkpt>
      <trkpt lat="28.04686" lon="-16.61746">
        <ele>125.4</ele>
      </trkpt>
      <trkpt lat="28.04693" lon="-16.61748">
        <ele>125.9</ele>
      </trkpt>
      <trkpt lat="28.04706" lon="-16.61755">
        <ele>126.5</ele>
      </trkpt>
      <trkpt lat="28.04714" lon="-16.6176">
        <ele>126.8</ele>
      </trkpt>
      <trkpt lat="28.04722" lon="-16.61766">
        <ele>127.0</ele>
      </trkpt>
      <trkpt lat="28.04733" lon="-16.61775">
        <ele>127.1</ele>
      </trkpt>
      <trkpt lat="28.04747" lon="-16.61788">
        <ele>127.1</ele>
      </trkpt>
      <trkpt lat="28.04762" lon="-16.617989">
        <ele>127.2</ele>
      </trkpt>
      <trkpt lat="28.04806" lon="-16.61833">
        <ele>128.7</ele>
      </trkpt>
      <trkpt lat="28.04806" lon="-16.61833">
        <ele>128.7</ele>
      </trkpt>
      <trkpt lat="28.04817" lon="-16.61777">
        <ele>131.0</ele>
      </trkpt>
      <trkpt lat="28.04825" lon="-16.61731">
        <ele>131.8</ele>
      </trkpt>
      <trkpt lat="28.04825" lon="-16.61731">
        <ele>131.8</ele>
      </trkpt>
      <trkpt lat="28.04915" lon="-16.61747">
        <ele>133.1</ele>
      </trkpt>
      <trkpt lat="28.04929" lon="-16.61749">
        <ele>133.8</ele>
      </trkpt>
      <trkpt lat="28.04929" lon="-16.61749">
        <ele>133.8</ele>
      </trkpt>
      <trkpt lat="28.04924" lon="-16.61775">
        <ele>132.8</ele>
      </trkpt>
      <trkpt lat="28.04911" lon="-16.61861">
        <ele>131.3</ele>
      </trkpt>
      <trkpt lat="28.04905" lon="-16.61898">
        <ele>131.8</ele>
      </trkpt>
      <trkpt lat="28.04901" lon="-16.61918">
        <ele>132.0</ele>
      </trkpt>
      <trkpt lat="28.04892" lon="-16.61972">
        <ele>132.3</ele>
      </trkpt>
      <trkpt lat="28.04884" lon="-16.620159">
        <ele>132.3</ele>
      </trkpt>
      <trkpt lat="28.04878" lon="-16.620512">
        <ele>132.4</ele>
      </trkpt>
      <trkpt lat="28.04876" lon="-16.620629">
        <ele>132.4</ele>
      </trkpt>
      <trkpt lat="28.04877" lon="-16.62064">
        <ele>132.4</ele>
      </trkpt>
      <trkpt lat="28.04877" lon="-16.62065">
        <ele>132.4</ele>
      </trkpt>
      <trkpt lat="28.04877" lon="-16.62066">
        <ele>132.4</ele>
      </trkpt>
      <trkpt lat="28.04877" lon="-16.62067">
        <ele>132.4</ele>
      </trkpt>
      <trkpt lat="28.04877" lon="-16.62068">
        <ele>132.4</ele>
      </trkpt>
      <trkpt lat="28.04877" lon="-16.62069">
        <ele>132.4</ele>
      </trkpt>
      <trkpt lat="28.04877" lon="-16.6207">
        <ele>132.4</ele>
      </trkpt>
      <trkpt lat="28.04876" lon="-16.6207">
        <ele>132.4</ele>
      </trkpt>
      <trkpt lat="28.04876" lon="-16.620709">
        <ele>132.4</ele>
      </trkpt>
      <trkpt lat="28.04876" lon="-16.620719">
        <ele>132.4</ele>
      </trkpt>
      <trkpt lat="28.04875" lon="-16.620719">
        <ele>132.4</ele>
      </trkpt>
      <trkpt lat="28.04875" lon="-16.620729">
        <ele>132.4</ele>
      </trkpt>
      <trkpt lat="28.04874" lon="-16.6208">
        <ele>132.5</ele>
      </trkpt>
      <trkpt lat="28.04867" lon="-16.621189">
        <ele>133.6</ele>
      </trkpt>
      <trkpt lat="28.04857" lon="-16.621759">
        <ele>135.2</ele>
      </trkpt>
      <trkpt lat="28.04856" lon="-16.62183">
        <ele>135.4</ele>
      </trkpt>
      <trkpt lat="28.0485" lon="-16.622209">
        <ele>136.6</ele>
      </trkpt>
      <trkpt lat="28.04842" lon="-16.62263">
        <ele>137.8</ele>
      </trkpt>
      <trkpt lat="28.04841" lon="-16.62272">
        <ele>138.1</ele>
      </trkpt>
      <trkpt lat="28.04832" lon="-16.62324">
        <ele>139.7</ele>
      </trkpt>
      <trkpt lat="28.04823" lon="-16.62375">
        <ele>140.8</ele>
      </trkpt>
      <trkpt lat="28.04817" lon="-16.62413">
        <ele>141.4</ele>
      </trkpt>
      <trkpt lat="28.04815" lon="-16.62423">
        <ele>141.2</ele>
      </trkpt>
      <trkpt lat="28.04815" lon="-16.62427">
        <ele>141.1</ele>
      </trkpt>
      <trkpt lat="28.04811" lon="-16.624479">
        <ele>140.3</ele>
      </trkpt>
      <trkpt lat="28.04808" lon="-16.62473">
        <ele>139.5</ele>
      </trkpt>
      <trkpt lat="28.04804" lon="-16.62498">
        <ele>138.6</ele>
      </trkpt>
      <trkpt lat="28.04802" lon="-16.625129">
        <ele>137.4</ele>
      </trkpt>
      <trkpt lat="28.04802" lon="-16.62518">
        <ele>137.0</ele>
      </trkpt>
      <trkpt lat="28.04802" lon="-16.625229">
        <ele>136.5</ele>
      </trkpt>
      <trkpt lat="28.04801" lon="-16.62528">
        <ele>136.1</ele>
      </trkpt>
      <trkpt lat="28.04801" lon="-16.62533">
        <ele>135.7</ele>
      </trkpt>
      <trkpt lat="28.04801" lon="-16.62537">
        <ele>135.3</ele>
      </trkpt>
      <trkpt lat="28.04801" lon="-16.62539">
        <ele>135.1</ele>
      </trkpt>
      <trkpt lat="28.04802" lon="-16.625419">
        <ele>134.9</ele>
      </trkpt>
      <trkpt lat="28.04803" lon="-16.62545">
        <ele>134.7</ele>
      </trkpt>
      <trkpt lat="28.04804" lon="-16.62547">
        <ele>134.5</ele>
      </trkpt>
      <trkpt lat="28.04804" lon="-16.62554">
        <ele>133.9</ele>
      </trkpt>
      <trkpt lat="28.04804" lon="-16.62554">
        <ele>133.9</ele>
      </trkpt>
      <trkpt lat="28.04805" lon="-16.62554">
        <ele>133.9</ele>
      </trkpt>
      <trkpt lat="28.04807" lon="-16.62555">
        <ele>133.8</ele>
      </trkpt>
      <trkpt lat="28.04808" lon="-16.62556">
        <ele>133.8</ele>
      </trkpt>
      <trkpt lat="28.04809" lon="-16.62557">
        <ele>133.7</ele>
      </trkpt>
      <trkpt lat="28.0481" lon="-16.62558">
        <ele>133.6</ele>
      </trkpt>
      <trkpt lat="28.04811" lon="-16.625589">
        <ele>133.5</ele>
      </trkpt>
      <trkpt lat="28.04812" lon="-16.625599">
        <ele>133.4</ele>
      </trkpt>
      <trkpt lat="28.04813" lon="-16.62561">
        <ele>133.3</ele>
      </trkpt>
      <trkpt lat="28.04816" lon="-16.62566">
        <ele>132.9</ele>
      </trkpt>
      <trkpt lat="28.04817" lon="-16.625699">
        <ele>132.5</ele>
      </trkpt>
      <trkpt lat="28.04818" lon="-16.62573">
        <ele>132.2</ele>
      </trkpt>
      <trkpt lat="28.04818" lon="-16.62577">
        <ele>131.8</ele>
      </trkpt>
      <trkpt lat="28.04819" lon="-16.62581">
        <ele>131.4</ele>
      </trkpt>
      <trkpt lat="28.04818" lon="-16.62584">
        <ele>131.1</ele>
      </trkpt>
      <trkpt lat="28.04818" lon="-16.625879">
        <ele>130.9</ele>
      </trkpt>
      <trkpt lat="28.04817" lon="-16.62591">
        <ele>130.7</ele>
      </trkpt>
      <trkpt lat="28.04816" lon="-16.62595">
        <ele>130.5</ele>
      </trkpt>
      <trkpt lat="28.04814" lon="-16.625979">
        <ele>130.3</ele>
      </trkpt>
      <trkpt lat="28.04812" lon="-16.62601">
        <ele>130.1</ele>
      </trkpt>
      <trkpt lat="28.0481" lon="-16.62604">
        <ele>130.0</ele>
      </trkpt>
      <trkpt lat="28.04808" lon="-16.626059">
        <ele>129.9</ele>
      </trkpt>
      <trkpt lat="28.04805" lon="-16.62608">
        <ele>129.8</ele>
      </trkpt>
      <trkpt lat="28.04801" lon="-16.62609">
        <ele>129.7</ele>
      </trkpt>
      <trkpt lat="28.04798" lon="-16.6261">
        <ele>129.7</ele>
      </trkpt>
      <trkpt lat="28.04795" lon="-16.62611">
        <ele>129.6</ele>
      </trkpt>
      <trkpt lat="28.04792" lon="-16.62611">
        <ele>129.7</ele>
      </trkpt>
      <trkpt lat="28.04789" lon="-16.62611">
        <ele>129.7</ele>
      </trkpt>
      <trkpt lat="28.04783" lon="-16.62609">
        <ele>129.9</ele>
      </trkpt>
      <trkpt lat="28.04777" lon="-16.62613">
        <ele>129.7</ele>
      </trkpt>
      <trkpt lat="28.04773" lon="-16.62615">
        <ele>129.5</ele>
      </trkpt>
      <trkpt lat="28.0477" lon="-16.626159">
        <ele>129.5</ele>
      </trkpt>
      <trkpt lat="28.04767" lon="-16.62618">
        <ele>129.4</ele>
      </trkpt>
      <trkpt lat="28.04763" lon="-16.6262">
        <ele>129.3</ele>
      </trkpt>
      <trkpt lat="28.04761" lon="-16.62621">
        <ele>129.2</ele>
      </trkpt>
      <trkpt lat="28.04758" lon="-16.62624">
        <ele>129.0</ele>
      </trkpt>
      <trkpt lat="28.04755" lon="-16.626259">
        <ele>128.9</ele>
      </trkpt>
      <trkpt lat="28.04753" lon="-16.62628">
        <ele>128.8</ele>
      </trkpt>
      <trkpt lat="28.04747" lon="-16.626339">
        <ele>128.4</ele>
      </trkpt>
      <trkpt lat="28.04744" lon="-16.62638">
        <ele>128.1</ele>
      </trkpt>
      <trkpt lat="28.04735" lon="-16.626529">
        <ele>127.1</ele>
      </trkpt>
      <trkpt lat="28.04728" lon="-16.626639">
        <ele>126.4</ele>
      </trkpt>
      <trkpt lat="28.0472" lon="-16.6268">
        <ele>125.9</ele>
      </trkpt>
      <trkpt lat="28.04714" lon="-16.62696">
        <ele>125.3</ele>
      </trkpt>
      <trkpt lat="28.04707" lon="-16.62721">
        <ele>124.2</ele>
      </trkpt>
      <trkpt lat="28.04697" lon="-16.62769">
        <ele>122.9</ele>
      </trkpt>
      <trkpt lat="28.04695" lon="-16.62779">
        <ele>122.9</ele>
      </trkpt>
      <trkpt lat="28.0469" lon="-16.62812">
        <ele>123.0</ele>
      </trkpt>
      <trkpt lat="28.04688" lon="-16.62828">
        <ele>123.0</ele>
      </trkpt>
      <trkpt lat="28.04687" lon="-16.628309">
        <ele>123.0</ele>
      </trkpt>
      <trkpt lat="28.04685" lon="-16.62834">
        <ele>122.9</ele>
      </trkpt>
      <trkpt lat="28.04684" lon="-16.62836">
        <ele>123.0</ele>
      </trkpt>
      <trkpt lat="28.04681" lon="-16.62837">
        <ele>123.0</ele>
      </trkpt>
      <trkpt lat="28.04681" lon="-16.62837">
        <ele>123.0</ele>
      </trkpt>
      <trkpt lat="28.04682" lon="-16.62838">
        <ele>123.1</ele>
      </trkpt>
      <trkpt lat="28.04684" lon="-16.62839">
        <ele>123.3</ele>
      </trkpt>
      <trkpt lat="28.04685" lon="-16.6284">
        <ele>123.4</ele>
      </trkpt>
      <trkpt lat="28.04686" lon="-16.628419">
        <ele>123.6</ele>
      </trkpt>
      <trkpt lat="28.04687" lon="-16.62843">
        <ele>123.8</ele>
      </trkpt>
      <trkpt lat="28.04687" lon="-16.62844">
        <ele>123.8</ele>
      </trkpt>
      <trkpt lat="28.04688" lon="-16.62845">
        <ele>124.0</ele>
      </trkpt>
      <trkpt lat="28.04688" lon="-16.62846">
        <ele>124.0</ele>
      </trkpt>
      <trkpt lat="28.04689" lon="-16.62847">
        <ele>124.2</ele>
      </trkpt>
      <trkpt lat="28.04689" lon="-16.62849">
        <ele>124.3</ele>
      </trkpt>
      <trkpt lat="28.0469" lon="-16.628509">
        <ele>124.5</ele>
      </trkpt>
      <trkpt lat="28.0469" lon="-16.62852">
        <ele>124.6</ele>
      </trkpt>
      <trkpt lat="28.0469" lon="-16.62854">
        <ele>124.8</ele>
      </trkpt>
      <trkpt lat="28.0469" lon="-16.62856">
        <ele>124.9</ele>
      </trkpt>
      <trkpt lat="28.0469" lon="-16.62857">
        <ele>125.0</ele>
      </trkpt>
      <trkpt lat="28.0469" lon="-16.62859">
        <ele>125.2</ele>
      </trkpt>
      <trkpt lat="28.04689" lon="-16.628609">
        <ele>125.3</ele>
      </trkpt>
      <trkpt lat="28.04689" lon="-16.62862">
        <ele>125.4</ele>
      </trkpt>
      <trkpt lat="28.04688" lon="-16.62864">
        <ele>125.5</ele>
      </trkpt>
      <trkpt lat="28.04688" lon="-16.62865">
        <ele>125.6</ele>
      </trkpt>
      <trkpt lat="28.04687" lon="-16.62867">
        <ele>125.7</ele>
      </trkpt>
      <trkpt lat="28.04686" lon="-16.62868">
        <ele>125.7</ele>
      </trkpt>
      <trkpt lat="28.04685" lon="-16.628689">
        <ele>125.8</ele>
      </trkpt>
      <trkpt lat="28.04684" lon="-16.62871">
        <ele>125.9</ele>
      </trkpt>
      <trkpt lat="28.04683" lon="-16.62872">
        <ele>125.9</ele>
      </trkpt>
      <trkpt lat="28.04682" lon="-16.62873">
        <ele>126.0</ele>
      </trkpt>
      <trkpt lat="28.0468" lon="-16.62873">
        <ele>125.9</ele>
      </trkpt>
      <trkpt lat="28.04678" lon="-16.62874">
        <ele>125.9</ele>
      </trkpt>
      <trkpt lat="28.04677" lon="-16.62875">
        <ele>125.9</ele>
      </trkpt>
      <trkpt lat="28.04675" lon="-16.62875">
        <ele>125.8</ele>
      </trkpt>
      <trkpt lat="28.04674" lon="-16.62876">
        <ele>125.9</ele>
      </trkpt>
      <trkpt lat="28.04672" lon="-16.62876">
        <ele>125.8</ele>
      </trkpt>
      <trkpt lat="28.04671" lon="-16.62876">
        <ele>125.8</ele>
      </trkpt>
      <trkpt lat="28.04669" lon="-16.62876">
        <ele>125.7</ele>
      </trkpt>
      <trkpt lat="28.04668" lon="-16.62875">
        <ele>125.6</ele>
      </trkpt>
      <trkpt lat="28.04667" lon="-16.62875">
        <ele>125.5</ele>
      </trkpt>
      <trkpt lat="28.04665" lon="-16.62874">
        <ele>125.4</ele>
      </trkpt>
      <trkpt lat="28.04664" lon="-16.62874">
        <ele>125.4</ele>
      </trkpt>
      <trkpt lat="28.04663" lon="-16.62873">
        <ele>125.2</ele>
      </trkpt>
      <trkpt lat="28.04662" lon="-16.62873">
        <ele>125.2</ele>
      </trkpt>
      <trkpt lat="28.04661" lon="-16.62872">
        <ele>125.1</ele>
      </trkpt>
      <trkpt lat="28.0466" lon="-16.62871">
        <ele>125.0</ele>
      </trkpt>
      <trkpt lat="28.04659" lon="-16.628699">
        <ele>124.9</ele>
      </trkpt>
      <trkpt lat="28.04658" lon="-16.628689">
        <ele>124.8</ele>
      </trkpt>
      <trkpt lat="28.04657" lon="-16.62867">
        <ele>124.6</ele>
      </trkpt>
      <trkpt lat="28.04656" lon="-16.62866">
        <ele>124.5</ele>
      </trkpt>
      <trkpt lat="28.04655" lon="-16.62864">
        <ele>124.3</ele>
      </trkpt>
      <trkpt lat="28.04655" lon="-16.62863">
        <ele>124.3</ele>
      </trkpt>
      <trkpt lat="28.04654" lon="-16.628609">
        <ele>124.1</ele>
      </trkpt>
      <trkpt lat="28.04634" lon="-16.628509">
        <ele>122.9</ele>
      </trkpt>
      <trkpt lat="28.04623" lon="-16.628509">
        <ele>122.7</ele>
      </trkpt>
      <trkpt lat="28.04615" lon="-16.628499">
        <ele>122.5</ele>
      </trkpt>
      <trkpt lat="28.04605" lon="-16.62853">
        <ele>122.6</ele>
      </trkpt>
      <trkpt lat="28.04551" lon="-16.628699">
        <ele>122.8</ele>
      </trkpt>
      <trkpt lat="28.04541" lon="-16.62873">
        <ele>122.9</ele>
      </trkpt>
      <trkpt lat="28.04526" lon="-16.628789">
        <ele>123.1</ele>
      </trkpt>
      <trkpt lat="28.04523" lon="-16.628799">
        <ele>123.1</ele>
      </trkpt>
      <trkpt lat="28.04502" lon="-16.628889">
        <ele>123.4</ele>
      </trkpt>
      <trkpt lat="28.04485" lon="-16.62893">
        <ele>123.0</ele>
      </trkpt>
      <trkpt lat="28.04482" lon="-16.62893">
        <ele>122.9</ele>
      </trkpt>
      <trkpt lat="28.0448" lon="-16.62893">
        <ele>122.8</ele>
      </trkpt>
      <trkpt lat="28.04479" lon="-16.62894">
        <ele>122.8</ele>
      </trkpt>
      <trkpt lat="28.04476" lon="-16.62895">
        <ele>122.8</ele>
      </trkpt>
      <trkpt lat="28.04471" lon="-16.62896">
        <ele>122.6</ele>
      </trkpt>
      <trkpt lat="28.04471" lon="-16.62896">
        <ele>122.6</ele>
      </trkpt>
      <trkpt lat="28.04465" lon="-16.628979">
        <ele>122.5</ele>
      </trkpt>
      <trkpt lat="28.04455" lon="-16.62901">
        <ele>122.3</ele>
      </trkpt>
      <trkpt lat="28.04435" lon="-16.62901">
        <ele>121.6</ele>
      </trkpt>
      <trkpt lat="28.04409" lon="-16.62901">
        <ele>120.4</ele>
      </trkpt>
      <trkpt lat="28.04395" lon="-16.629">
        <ele>119.4</ele>
      </trkpt>
      <trkpt lat="28.04375" lon="-16.629">
        <ele>118.1</ele>
      </trkpt>
      <trkpt lat="28.04348" lon="-16.62901">
        <ele>116.4</ele>
      </trkpt>
      <trkpt lat="28.04333" lon="-16.62903">
        <ele>115.7</ele>
      </trkpt>
      <trkpt lat="28.04321" lon="-16.62905">
        <ele>114.8</ele>
      </trkpt>
      <trkpt lat="28.04305" lon="-16.6291">
        <ele>113.7</ele>
      </trkpt>
      <trkpt lat="28.04278" lon="-16.62918">
        <ele>111.8</ele>
      </trkpt>
      <trkpt lat="28.04251" lon="-16.62927">
        <ele>109.8</ele>
      </trkpt>
      <trkpt lat="28.04247" lon="-16.62929">
        <ele>109.5</ele>
      </trkpt>
      <trkpt lat="28.04235" lon="-16.629349">
        <ele>108.5</ele>
      </trkpt>
      <trkpt lat="28.04231" lon="-16.62938">
        <ele>108.2</ele>
      </trkpt>
      <trkpt lat="28.04219" lon="-16.629439">
        <ele>107.2</ele>
      </trkpt>
      <trkpt lat="28.042" lon="-16.629539">
        <ele>105.9</ele>
      </trkpt>
      <trkpt lat="28.0415" lon="-16.629829">
        <ele>104.7</ele>
      </trkpt>
      <trkpt lat="28.0409" lon="-16.63018">
        <ele>104.3</ele>
      </trkpt>
      <trkpt lat="28.04086" lon="-16.630199">
        <ele>104.1</ele>
      </trkpt>
      <trkpt lat="28.04051" lon="-16.63041">
        <ele>104.0</ele>
      </trkpt>
      <trkpt lat="28.03951" lon="-16.63099">
        <ele>103.0</ele>
      </trkpt>
      <trkpt lat="28.03934" lon="-16.63107">
        <ele>102.9</ele>
      </trkpt>
      <trkpt lat="28.03907" lon="-16.63121">
        <ele>102.7</ele>
      </trkpt>
      <trkpt lat="28.0387" lon="-16.63146">
        <ele>102.4</ele>
      </trkpt>
      <trkpt lat="28.03856" lon="-16.63156">
        <ele>102.3</ele>
      </trkpt>
      <trkpt lat="28.03835" lon="-16.63172">
        <ele>102.0</ele>
      </trkpt>
      <trkpt lat="28.03791" lon="-16.63212">
        <ele>100.4</ele>
      </trkpt>
      <trkpt lat="28.0375" lon="-16.63251">
        <ele>99.0</ele>
      </trkpt>
      <trkpt lat="28.03741" lon="-16.63259">
        <ele>98.0</ele>
      </trkpt>
      <trkpt lat="28.03736" lon="-16.63266">
        <ele>97.4</ele>
      </trkpt>
      <trkpt lat="28.0373" lon="-16.63275">
        <ele>96.6</ele>
      </trkpt>
      <trkpt lat="28.03725" lon="-16.632819">
        <ele>95.9</ele>
      </trkpt>
      <trkpt lat="28.03719" lon="-16.63297">
        <ele>94.9</ele>
      </trkpt>
      <trkpt lat="28.03715" lon="-16.63308">
        <ele>94.1</ele>
      </trkpt>
      <trkpt lat="28.03715" lon="-16.63312">
        <ele>93.9</ele>
      </trkpt>
      <trkpt lat="28.03711" lon="-16.63351">
        <ele>91.8</ele>
      </trkpt>
      <trkpt lat="28.03708" lon="-16.6337">
        <ele>90.5</ele>
      </trkpt>
      <trkpt lat="28.03708" lon="-16.63373">
        <ele>90.3</ele>
      </trkpt>
      <trkpt lat="28.03707" lon="-16.63378">
        <ele>90.0</ele>
      </trkpt>
      <trkpt lat="28.03706" lon="-16.633859">
        <ele>89.5</ele>
      </trkpt>
      <trkpt lat="28.03705" lon="-16.63397">
        <ele>88.8</ele>
      </trkpt>
      <trkpt lat="28.03703" lon="-16.63408">
        <ele>88.1</ele>
      </trkpt>
      <trkpt lat="28.03701" lon="-16.6342">
        <ele>87.5</ele>
      </trkpt>
      <trkpt lat="28.03697" lon="-16.63434">
        <ele>87.4</ele>
      </trkpt>
      <trkpt lat="28.03692" lon="-16.63448">
        <ele>87.3</ele>
      </trkpt>
      <trkpt lat="28.03691" lon="-16.6345">
        <ele>87.3</ele>
      </trkpt>
      <trkpt lat="28.03685" lon="-16.63463">
        <ele>87.2</ele>
      </trkpt>
      <trkpt lat="28.03681" lon="-16.63472">
        <ele>87.1</ele>
      </trkpt>
      <trkpt lat="28.03675" lon="-16.634799">
        <ele>87.0</ele>
      </trkpt>
      <trkpt lat="28.03673" lon="-16.63483">
        <ele>86.9</ele>
      </trkpt>
      <trkpt lat="28.03671" lon="-16.63485">
        <ele>86.9</ele>
      </trkpt>
      <trkpt lat="28.03666" lon="-16.634889">
        <ele>86.7</ele>
      </trkpt>
      <trkpt lat="28.03655" lon="-16.63502">
        <ele>86.4</ele>
      </trkpt>
      <trkpt lat="28.03645" lon="-16.63511">
        <ele>85.8</ele>
      </trkpt>
      <trkpt lat="28.0362" lon="-16.6353">
        <ele>84.6</ele>
      </trkpt>
      <trkpt lat="28.03615" lon="-16.63534">
        <ele>84.5</ele>
      </trkpt>
      <trkpt lat="28.03587" lon="-16.6355">
        <ele>83.7</ele>
      </trkpt>
      <trkpt lat="28.03565" lon="-16.63561">
        <ele>82.8</ele>
      </trkpt>
      <trkpt lat="28.03559" lon="-16.635639">
        <ele>82.6</ele>
      </trkpt>
      <trkpt lat="28.03537" lon="-16.63577">
        <ele>82.1</ele>
      </trkpt>
      <trkpt lat="28.03505" lon="-16.63595">
        <ele>81.5</ele>
      </trkpt>
      <trkpt lat="28.03499" lon="-16.63598">
        <ele>81.3</ele>
      </trkpt>
      <trkpt lat="28.03461" lon="-16.63616">
        <ele>78.6</ele>
      </trkpt>
      <trkpt lat="28.03457" lon="-16.63617">
        <ele>78.3</ele>
      </trkpt>
      <trkpt lat="28.03394" lon="-16.63652">
        <ele>74.3</ele>
      </trkpt>
      <trkpt lat="28.0337" lon="-16.63666">
        <ele>73.9</ele>
      </trkpt>
      <trkpt lat="28.03344" lon="-16.63684">
        <ele>73.1</ele>
      </trkpt>
      <trkpt lat="28.03328" lon="-16.63706">
        <ele>72.2</ele>
      </trkpt>
      <trkpt lat="28.0332" lon="-16.6372">
        <ele>71.7</ele>
      </trkpt>
      <trkpt lat="28.03315" lon="-16.63735">
        <ele>71.4</ele>
      </trkpt>
      <trkpt lat="28.03315" lon="-16.63737">
        <ele>71.4</ele>
      </trkpt>
      <trkpt lat="28.03312" lon="-16.637509">
        <ele>71.2</ele>
      </trkpt>
      <trkpt lat="28.03311" lon="-16.63765">
        <ele>71.0</ele>
      </trkpt>
      <trkpt lat="28.03312" lon="-16.63794">
        <ele>70.6</ele>
      </trkpt>
      <trkpt lat="28.03311" lon="-16.638">
        <ele>70.4</ele>
      </trkpt>
      <trkpt lat="28.03317" lon="-16.63814">
        <ele>70.5</ele>
      </trkpt>
      <trkpt lat="28.03317" lon="-16.63814">
        <ele>70.5</ele>
      </trkpt>
      <trkpt lat="28.03318" lon="-16.63814">
        <ele>70.5</ele>
      </trkpt>
      <trkpt lat="28.03319" lon="-16.638169">
        <ele>70.5</ele>
      </trkpt>
      <trkpt lat="28.0332" lon="-16.6382">
        <ele>70.5</ele>
      </trkpt>
      <trkpt lat="28.0332" lon="-16.63822">
        <ele>70.5</ele>
      </trkpt>
      <trkpt lat="28.0332" lon="-16.63825">
        <ele>70.5</ele>
      </trkpt>
      <trkpt lat="28.03319" lon="-16.63828">
        <ele>70.4</ele>
      </trkpt>
      <trkpt lat="28.03318" lon="-16.63831">
        <ele>70.3</ele>
      </trkpt>
      <trkpt lat="28.03317" lon="-16.63831">
        <ele>70.3</ele>
      </trkpt>
      <trkpt lat="28.03316" lon="-16.63832">
        <ele>70.2</ele>
      </trkpt>
      <trkpt lat="28.03313" lon="-16.63834">
        <ele>70.0</ele>
      </trkpt>
      <trkpt lat="28.03311" lon="-16.63835">
        <ele>69.9</ele>
      </trkpt>
      <trkpt lat="28.03308" lon="-16.63835">
        <ele>69.8</ele>
      </trkpt>
      <trkpt lat="28.03306" lon="-16.63834">
        <ele>69.7</ele>
      </trkpt>
      <trkpt lat="28.03304" lon="-16.63832">
        <ele>69.6</ele>
      </trkpt>
      <trkpt lat="28.03303" lon="-16.63832">
        <ele>69.6</ele>
      </trkpt>
      <trkpt lat="28.03277" lon="-16.63829">
        <ele>68.4</ele>
      </trkpt>
      <trkpt lat="28.03238" lon="-16.63829">
        <ele>66.7</ele>
      </trkpt>
      <trkpt lat="28.03169" lon="-16.63831">
        <ele>64.1</ele>
      </trkpt>
      <trkpt lat="28.03115" lon="-16.63833">
        <ele>62.1</ele>
      </trkpt>
      <trkpt lat="28.03061" lon="-16.63835">
        <ele>60.4</ele>
      </trkpt>
      <trkpt lat="28.03043" lon="-16.638359">
        <ele>59.9</ele>
      </trkpt>
      <trkpt lat="28.02894" lon="-16.63841">
        <ele>55.5</ele>
      </trkpt>
      <trkpt lat="28.02821" lon="-16.63843">
        <ele>54.3</ele>
      </trkpt>
      <trkpt lat="28.02742" lon="-16.638459">
        <ele>52.5</ele>
      </trkpt>
      <trkpt lat="28.02716" lon="-16.63847">
        <ele>51.8</ele>
      </trkpt>
      <trkpt lat="28.02688" lon="-16.63849">
        <ele>51.0</ele>
      </trkpt>
      <trkpt lat="28.0267" lon="-16.6385">
        <ele>50.5</ele>
      </trkpt>
      <trkpt lat="28.02652" lon="-16.63851">
        <ele>50.5</ele>
      </trkpt>
      <trkpt lat="28.02626" lon="-16.63852">
        <ele>50.7</ele>
      </trkpt>
      <trkpt lat="28.02616" lon="-16.63852">
        <ele>50.7</ele>
      </trkpt>
      <trkpt lat="28.02598" lon="-16.63853">
        <ele>50.9</ele>
      </trkpt>
      <trkpt lat="28.02539" lon="-16.638539">
        <ele>52.5</ele>
      </trkpt>
      <trkpt lat="28.02529" lon="-16.638549">
        <ele>52.8</ele>
      </trkpt>
      <trkpt lat="28.02485" lon="-16.638549">
        <ele>53.9</ele>
      </trkpt>
      <trkpt lat="28.02474" lon="-16.638549">
        <ele>54.0</ele>
      </trkpt>
      <trkpt lat="28.02456" lon="-16.638559">
        <ele>54.1</ele>
      </trkpt>
      <trkpt lat="28.0242" lon="-16.63858">
        <ele>54.4</ele>
      </trkpt>
      <trkpt lat="28.02402" lon="-16.63859">
        <ele>54.7</ele>
      </trkpt>
      <trkpt lat="28.02384" lon="-16.63859">
        <ele>55.2</ele>
      </trkpt>
      <trkpt lat="28.02366" lon="-16.6386">
        <ele>55.6</ele>
      </trkpt>
      <trkpt lat="28.02365" lon="-16.6386">
        <ele>55.6</ele>
      </trkpt>
      <trkpt lat="28.02348" lon="-16.63861">
        <ele>56.0</ele>
      </trkpt>
      <trkpt lat="28.02312" lon="-16.63862">
        <ele>57.0</ele>
      </trkpt>
      <trkpt lat="28.02276" lon="-16.63863">
        <ele>58.1</ele>
      </trkpt>
      <trkpt lat="28.02268" lon="-16.638639">
        <ele>58.3</ele>
      </trkpt>
      <trkpt lat="28.02238" lon="-16.638639">
        <ele>59.0</ele>
      </trkpt>
      <trkpt lat="28.02221" lon="-16.638639">
        <ele>59.2</ele>
      </trkpt>
      <trkpt lat="28.02185" lon="-16.63866">
        <ele>59.6</ele>
      </trkpt>
      <trkpt lat="28.02131" lon="-16.63869">
        <ele>59.7</ele>
      </trkpt>
      <trkpt lat="28.02077" lon="-16.63872">
        <ele>59.6</ele>
      </trkpt>
      <trkpt lat="28.02059" lon="-16.638729">
        <ele>59.8</ele>
      </trkpt>
      <trkpt lat="28.02042" lon="-16.638739">
        <ele>60.0</ele>
      </trkpt>
      <trkpt lat="28.01988" lon="-16.63876">
        <ele>59.8</ele>
      </trkpt>
      <trkpt lat="28.0197" lon="-16.63877">
        <ele>58.7</ele>
      </trkpt>
      <trkpt lat="28.01952" lon="-16.63878">
        <ele>57.7</ele>
      </trkpt>
      <trkpt lat="28.01934" lon="-16.63879">
        <ele>56.6</ele>
      </trkpt>
      <trkpt lat="28.01903" lon="-16.6388">
        <ele>54.5</ele>
      </trkpt>
      <trkpt lat="28.01844" lon="-16.63881">
        <ele>49.7</ele>
      </trkpt>
      <trkpt lat="28.01826" lon="-16.638819">
        <ele>48.5</ele>
      </trkpt>
      <trkpt lat="28.01808" lon="-16.638819">
        <ele>47.8</ele>
      </trkpt>
      <trkpt lat="28.0179" lon="-16.638829">
        <ele>47.0</ele>
      </trkpt>
      <trkpt lat="28.01772" lon="-16.638829">
        <ele>46.3</ele>
      </trkpt>
      <trkpt lat="28.01718" lon="-16.63885">
        <ele>45.0</ele>
      </trkpt>
      <trkpt lat="28.01601" lon="-16.63887">
        <ele>44.1</ele>
      </trkpt>
      <trkpt lat="28.0155" lon="-16.63888">
        <ele>43.1</ele>
      </trkpt>
      <trkpt lat="28.01494" lon="-16.6389">
        <ele>41.4</ele>
      </trkpt>
      <trkpt lat="28.01476" lon="-16.63891">
        <ele>40.8</ele>
      </trkpt>
      <trkpt lat="28.01458" lon="-16.63891">
        <ele>40.2</ele>
      </trkpt>
      <trkpt lat="28.01404" lon="-16.638929">
        <ele>38.3</ele>
      </trkpt>
      <trkpt lat="28.01368" lon="-16.63894">
        <ele>37.1</ele>
      </trkpt>
      <trkpt lat="28.0135" lon="-16.63895">
        <ele>36.5</ele>
      </trkpt>
      <trkpt lat="28.01334" lon="-16.63896">
        <ele>36.0</ele>
      </trkpt>
      <trkpt lat="28.01314" lon="-16.63896">
        <ele>34.9</ele>
      </trkpt>
      <trkpt lat="28.01296" lon="-16.63897">
        <ele>33.8</ele>
      </trkpt>
      <trkpt lat="28.0128" lon="-16.63898">
        <ele>32.8</ele>
      </trkpt>
      <trkpt lat="28.01278" lon="-16.63898">
        <ele>32.7</ele>
      </trkpt>
      <trkpt lat="28.0126" lon="-16.63898">
        <ele>31.7</ele>
      </trkpt>
      <trkpt lat="28.01244" lon="-16.63899">
        <ele>30.9</ele>
      </trkpt>
      <trkpt lat="28.01242" lon="-16.63899">
        <ele>30.8</ele>
      </trkpt>
      <trkpt lat="28.01224" lon="-16.639">
        <ele>30.3</ele>
      </trkpt>
      <trkpt lat="28.01208" lon="-16.639009">
        <ele>29.7</ele>
      </trkpt>
      <trkpt lat="28.01206" lon="-16.639009">
        <ele>29.7</ele>
      </trkpt>
      <trkpt lat="28.01188" lon="-16.639009">
        <ele>29.1</ele>
      </trkpt>
      <trkpt lat="28.01181" lon="-16.639019">
        <ele>28.8</ele>
      </trkpt>
      <trkpt lat="28.01177" lon="-16.63903">
        <ele>28.6</ele>
      </trkpt>
      <trkpt lat="28.01175" lon="-16.63905">
        <ele>28.4</ele>
      </trkpt>
      <trkpt lat="28.01172" lon="-16.63907">
        <ele>28.1</ele>
      </trkpt>
      <trkpt lat="28.0117" lon="-16.6391">
        <ele>27.8</ele>
      </trkpt>
      <trkpt lat="28.01168" lon="-16.639119">
        <ele>27.5</ele>
      </trkpt>
      <trkpt lat="28.01167" lon="-16.63924">
        <ele>26.8</ele>
      </trkpt>
      <trkpt lat="28.01166" lon="-16.63927">
        <ele>26.7</ele>
      </trkpt>
      <trkpt lat="28.01164" lon="-16.63944">
        <ele>26.3</ele>
      </trkpt>
      <trkpt lat="28.01163" lon="-16.63947">
        <ele>26.2</ele>
      </trkpt>
      <trkpt lat="28.01157" lon="-16.63993">
        <ele>25.2</ele>
      </trkpt>
      <trkpt lat="28.01146" lon="-16.64073">
        <ele>24.3</ele>
      </trkpt>
      <trkpt lat="28.01146" lon="-16.64073">
        <ele>24.3</ele>
      </trkpt>
      <trkpt lat="28.01142" lon="-16.640999">
        <ele>24.1</ele>
      </trkpt>
      <trkpt lat="28.01142" lon="-16.64101">
        <ele>24.1</ele>
      </trkpt>
      <trkpt lat="28.0114" lon="-16.641169">
        <ele>24.0</ele>
      </trkpt>
      <trkpt lat="28.01137" lon="-16.64124">
        <ele>23.9</ele>
      </trkpt>
      <trkpt lat="28.01135" lon="-16.641279">
        <ele>23.9</ele>
      </trkpt>
      <trkpt lat="28.01129" lon="-16.641369">
        <ele>23.6</ele>
      </trkpt>
      <trkpt lat="28.01129" lon="-16.641369">
        <ele>23.6</ele>
      </trkpt>
      <trkpt lat="28.01116" lon="-16.64135">
        <ele>23.2</ele>
      </trkpt>
      <trkpt lat="28.01116" lon="-16.64135">
        <ele>23.2</ele>
      </trkpt>
      <trkpt lat="28.01116" lon="-16.641359">
        <ele>23.2</ele>
      </trkpt>
      <trkpt lat="28.01116" lon="-16.641369">
        <ele>23.2</ele>
      </trkpt>
      <trkpt lat="28.01115" lon="-16.64138">
        <ele>23.1</ele>
      </trkpt>
      <trkpt lat="28.01115" lon="-16.64139">
        <ele>23.1</ele>
      </trkpt>
      <trkpt lat="28.01115" lon="-16.6414">
        <ele>23.1</ele>
      </trkpt>
      <trkpt lat="28.01114" lon="-16.6414">
        <ele>23.1</ele>
      </trkpt>
      <trkpt lat="28.01114" lon="-16.64141">
        <ele>23.1</ele>
      </trkpt>
      <trkpt lat="28.01113" lon="-16.64142">
        <ele>23.1</ele>
      </trkpt>
      <trkpt lat="28.01112" lon="-16.64143">
        <ele>23.0</ele>
      </trkpt>
      <trkpt lat="28.01111" lon="-16.64144">
        <ele>23.0</ele>
      </trkpt>
      <trkpt lat="28.0111" lon="-16.64144">
        <ele>23.0</ele>
      </trkpt>
      <trkpt lat="28.0111" lon="-16.641449">
        <ele>23.0</ele>
      </trkpt>
      <trkpt lat="28.01109" lon="-16.641449">
        <ele>22.9</ele>
      </trkpt>
      <trkpt lat="28.01108" lon="-16.641449">
        <ele>22.9</ele>
      </trkpt>
      <trkpt lat="28.01107" lon="-16.641449">
        <ele>22.9</ele>
      </trkpt>
      <trkpt lat="28.01106" lon="-16.641459">
        <ele>22.8</ele>
      </trkpt>
      <trkpt lat="28.01105" lon="-16.641449">
        <ele>22.8</ele>
      </trkpt>
      <trkpt lat="28.01104" lon="-16.641449">
        <ele>22.7</ele>
      </trkpt>
      <trkpt lat="28.01103" lon="-16.641449">
        <ele>22.7</ele>
      </trkpt>
      <trkpt lat="28.01104" lon="-16.64161">
        <ele>22.7</ele>
      </trkpt>
      <trkpt lat="28.01107" lon="-16.64178">
        <ele>22.9</ele>
      </trkpt>
      <trkpt lat="28.01114" lon="-16.64236">
        <ele>23.4</ele>
      </trkpt>
      <trkpt lat="28.01115" lon="-16.64244">
        <ele>23.5</ele>
      </trkpt>
      <trkpt lat="28.01116" lon="-16.642489">
        <ele>23.6</ele>
      </trkpt>
      <trkpt lat="28.01123" lon="-16.64303">
        <ele>24.0</ele>
      </trkpt>
      <trkpt lat="28.01129" lon="-16.643439">
        <ele>23.6</ele>
      </trkpt>
      <trkpt lat="28.01137" lon="-16.64403">
        <ele>21.3</ele>
      </trkpt>
      <trkpt lat="28.01138" lon="-16.644089">
        <ele>21.0</ele>
      </trkpt>
      <trkpt lat="28.01142" lon="-16.644369">
        <ele>20.1</ele>
      </trkpt>
      <trkpt lat="28.01145" lon="-16.644639">
        <ele>19.4</ele>
      </trkpt>
      <trkpt lat="28.01155" lon="-16.64529">
        <ele>17.2</ele>
      </trkpt>
      <trkpt lat="28.01167" lon="-16.64613">
        <ele>14.6</ele>
      </trkpt>
      <trkpt lat="28.01179" lon="-16.64698">
        <ele>13.4</ele>
      </trkpt>
      <trkpt lat="28.01179" lon="-16.64701">
        <ele>13.3</ele>
      </trkpt>
      <trkpt lat="28.01185" lon="-16.64744">
        <ele>12.4</ele>
      </trkpt>
      <trkpt lat="28.01185" lon="-16.64745">
        <ele>12.3</ele>
      </trkpt>
      <trkpt lat="28.01187" lon="-16.64757">
        <ele>12.1</ele>
      </trkpt>
      <trkpt lat="28.01194" lon="-16.64797">
        <ele>11.4</ele>
      </trkpt>
      <trkpt lat="28.01207" lon="-16.648869">
        <ele>9.4</ele>
      </trkpt>
      <trkpt lat="28.01209" lon="-16.648969">
        <ele>9.1</ele>
      </trkpt>
      <trkpt lat="28.01222" lon="-16.64995">
        <ele>8.0</ele>
      </trkpt>
      <trkpt lat="28.01228" lon="-16.65035">
        <ele>10.3</ele>
      </trkpt>
      <trkpt lat="28.01232" lon="-16.65061">
        <ele>12.1</ele>
      </trkpt>
      <trkpt lat="28.0124" lon="-16.651219">
        <ele>13.8</ele>
      </trkpt>
      <trkpt lat="28.01242" lon="-16.65142">
        <ele>13.8</ele>
      </trkpt>
      <trkpt lat="28.01247" lon="-16.65175">
        <ele>13.9</ele>
      </trkpt>
      <trkpt lat="28.0126" lon="-16.652729">
        <ele>13.1</ele>
      </trkpt>
      <trkpt lat="28.01262" lon="-16.652819">
        <ele>12.7</ele>
      </trkpt>
      <trkpt lat="28.01264" lon="-16.65298">
        <ele>12.1</ele>
      </trkpt>
      <trkpt lat="28.01264" lon="-16.65298">
        <ele>12.1</ele>
      </trkpt>
      <trkpt lat="28.01247" lon="-16.653009">
        <ele>11.5</ele>
      </trkpt>
      <trkpt lat="28.01168" lon="-16.65316">
        <ele>11.2</ele>
      </trkpt>
      <trkpt lat="28.01065" lon="-16.65334">
        <ele>6.8</ele>
      </trkpt>
      <trkpt lat="28.01062" lon="-16.65335">
        <ele>6.7</ele>
      </trkpt>
      <trkpt lat="28.01054" lon="-16.653369">
        <ele>6.6</ele>
      </trkpt>
      <trkpt lat="28.01003" lon="-16.65345">
        <ele>5.6</ele>
      </trkpt>
      <trkpt lat="28.00984" lon="-16.653479">
        <ele>6.0</ele>
      </trkpt>
      <trkpt lat="28.00964" lon="-16.65352">
        <ele>6.5</ele>
      </trkpt>
      <trkpt lat="28.00943" lon="-16.65355">
        <ele>7.1</ele>
      </trkpt>
      <trkpt lat="28.0093" lon="-16.65358">
        <ele>7.4</ele>
      </trkpt>
      <trkpt lat="28.00913" lon="-16.65361">
        <ele>7.7</ele>
      </trkpt>
      <trkpt lat="28.00913" lon="-16.65361">
        <ele>7.7</ele>
      </trkpt>
      <trkpt lat="28.00909" lon="-16.65382">
        <ele>6.8</ele>
      </trkpt>
      <trkpt lat="28.009" lon="-16.6542">
        <ele>5.5</ele>
      </trkpt>
      <trkpt lat="28.00896" lon="-16.654409">
        <ele>4.7</ele>
      </trkpt>
      <trkpt lat="28.00893" lon="-16.65456">
        <ele>4.2</ele>
      </trkpt>
      <trkpt lat="28.00889" lon="-16.65477">
        <ele>3.6</ele>
      </trkpt>
      <trkpt lat="28.00886" lon="-16.65491">
        <ele>3.2</ele>
      </trkpt>
      <trkpt lat="28.00883" lon="-16.65503">
        <ele>3.0</ele>
      </trkpt>
      <trkpt lat="28.00882" lon="-16.65511">
        <ele>2.9</ele>
      </trkpt>
      <trkpt lat="28.00881" lon="-16.655159">
        <ele>2.9</ele>
      </trkpt>
      <trkpt lat="28.00878" lon="-16.65531">
        <ele>2.8</ele>
      </trkpt>
      <trkpt lat="28.00874" lon="-16.65549">
        <ele>2.7</ele>
      </trkpt>
      <trkpt lat="28.0087" lon="-16.65566">
        <ele>2.5</ele>
      </trkpt>
      <trkpt lat="28.00865" lon="-16.65593">
        <ele>2.3</ele>
      </trkpt>
      <trkpt lat="28.00864" lon="-16.65599">
        <ele>2.4</ele>
      </trkpt>
      <trkpt lat="28.00864" lon="-16.65605">
        <ele>2.4</ele>
      </trkpt>
      <trkpt lat="28.008632" lon="-16.656096">
        <ele>2.5</ele>
      </trkpt>
      <trkpt lat="28.0086" lon="-16.65627">
        <ele>2.7</ele>
      </trkpt>
      <trkpt lat="28.00859" lon="-16.65631">
        <ele>2.8</ele>
      </trkpt>
      <trkpt lat="28.00859" lon="-16.65633">
        <ele>2.8</ele>
      </trkpt>
      <trkpt lat="28.00859" lon="-16.65635">
        <ele>2.8</ele>
      </trkpt>
      <trkpt lat="28.00859" lon="-16.656369">
        <ele>2.8</ele>
      </trkpt>
      <trkpt lat="28.0086" lon="-16.656379">
        <ele>2.8</ele>
      </trkpt>
      <trkpt lat="28.00861" lon="-16.65642">
        <ele>2.8</ele>
      </trkpt>
      <trkpt lat="28.00861" lon="-16.65644">
        <ele>2.8</ele>
      </trkpt>
      <trkpt lat="28.00863" lon="-16.656479">
        <ele>2.8</ele>
      </trkpt>
      <trkpt lat="28.00865" lon="-16.65651">
        <ele>2.7</ele>
      </trkpt>
      <trkpt lat="28.00878" lon="-16.65671">
        <ele>2.5</ele>
      </trkpt>
      <trkpt lat="28.00887" lon="-16.656849">
        <ele>2.3</ele>
      </trkpt>
      <trkpt lat="28.00898" lon="-16.65702">
        <ele>2.0</ele>
      </trkpt>
      <trkpt lat="28.00899" lon="-16.657039">
        <ele>1.9</ele>
      </trkpt>
      <trkpt lat="28.00908" lon="-16.65716">
        <ele>1.5</ele>
      </trkpt>
      <trkpt lat="28.00911" lon="-16.657219">
        <ele>1.3</ele>
      </trkpt>
      <trkpt lat="28.00918" lon="-16.65734">
        <ele>1.0</ele>
      </trkpt>
      <trkpt lat="28.00918" lon="-16.65734">
        <ele>1.0</ele>
      </trkpt>
      <trkpt lat="28.00914" lon="-16.65738">
        <ele>1.2</ele>
      </trkpt>
      <trkpt lat="28.00884" lon="-16.65763">
        <ele>3.0</ele>
      </trkpt>
      <trkpt lat="28.00864" lon="-16.657789">
        <ele>3.8</ele>
      </trkpt>
      <trkpt lat="28.00855" lon="-16.65786">
        <ele>4.0</ele>
      </trkpt>
      <trkpt lat="28.00834" lon="-16.65805">
        <ele>4.3</ele>
      </trkpt>
      <trkpt lat="28.00821" lon="-16.658159">
        <ele>3.5</ele>
      </trkpt>
      <trkpt lat="28.00821" lon="-16.658159">
        <ele>3.5</ele>
      </trkpt>
      <trkpt lat="28.00824" lon="-16.65827">
        <ele>3.1</ele>
      </trkpt>
      <trkpt lat="28.00827" lon="-16.658349">
        <ele>2.8</ele>
      </trkpt>
      <trkpt lat="28.00833" lon="-16.6585">
        <ele>2.0</ele>
      </trkpt>
      <trkpt lat="28.00836" lon="-16.65855">
        <ele>1.6</ele>
      </trkpt>
      <trkpt lat="28.00836" lon="-16.65856">
        <ele>1.6</ele>
      </trkpt>
      <trkpt lat="28.00837" lon="-16.65862">
        <ele>1.2</ele>
      </trkpt>
      <trkpt lat="28.00842" lon="-16.65867">
        <ele>0.8</ele>
      </trkpt>
      <trkpt lat="28.00854" lon="-16.658809">
        <ele>0.0</ele>
      </trkpt>
      <trkpt lat="28.00863" lon="-16.65896">
        <ele>-0.8</ele>
      </trkpt>
      <trkpt lat="28.00867" lon="-16.65906">
        <ele>-1.2</ele>
      </trkpt>
      <trkpt lat="28.00871" lon="-16.65916">
        <ele>-1.5</ele>
      </trkpt>
      <trkpt lat="28.00873" lon="-16.65924">
        <ele>-1.3</ele>
      </trkpt>
      <trkpt lat="28.00875" lon="-16.65937">
        <ele>-1.0</ele>
      </trkpt>
      <trkpt lat="28.00891" lon="-16.66006">
        <ele>0.7</ele>
      </trkpt>
      <trkpt lat="28.00892" lon="-16.66011">
        <ele>0.7</ele>
      </trkpt>
      <trkpt lat="28.00906" lon="-16.660699">
        <ele>0.9</ele>
      </trkpt>
      <trkpt lat="28.00914" lon="-16.66109">
        <ele>1.6</ele>
      </trkpt>
      <trkpt lat="28.00923" lon="-16.66149">
        <ele>2.5</ele>
      </trkpt>
      <trkpt lat="28.00926" lon="-16.661629">
        <ele>2.7</ele>
      </trkpt>
      <trkpt lat="28.00932" lon="-16.66188">
        <ele>3.0</ele>
      </trkpt>
      <trkpt lat="28.00936" lon="-16.662019">
        <ele>3.2</ele>
      </trkpt>
      <trkpt lat="28.00945" lon="-16.662199">
        <ele>3.4</ele>
      </trkpt>
      <trkpt lat="28.00948" lon="-16.66225">
        <ele>3.5</ele>
      </trkpt>
      <trkpt lat="28.00956" lon="-16.66236">
        <ele>3.7</ele>
      </trkpt>
      <trkpt lat="28.00974" lon="-16.66256">
        <ele>3.9</ele>
      </trkpt>
      <trkpt lat="28.00976" lon="-16.662569">
        <ele>3.9</ele>
      </trkpt>
      <trkpt lat="28.01002" lon="-16.662769">
        <ele>4.0</ele>
      </trkpt>
      <trkpt lat="28.01013" lon="-16.66283">
        <ele>4.1</ele>
      </trkpt>
      <trkpt lat="28.01022" lon="-16.66288">
        <ele>4.1</ele>
      </trkpt>
      <trkpt lat="28.0104" lon="-16.66297">
        <ele>4.2</ele>
      </trkpt>
      <trkpt lat="28.01072" lon="-16.66306">
        <ele>4.3</ele>
      </trkpt>
      <trkpt lat="28.01097" lon="-16.663139">
        <ele>5.1</ele>
      </trkpt>
      <trkpt lat="28.01109" lon="-16.66318">
        <ele>5.8</ele>
      </trkpt>
      <trkpt lat="28.01154" lon="-16.66331">
        <ele>9.0</ele>
      </trkpt>
      <trkpt lat="28.01179" lon="-16.66338">
        <ele>10.2</ele>
      </trkpt>
      <trkpt lat="28.01185" lon="-16.66337">
        <ele>10.3</ele>
      </trkpt>
      <trkpt lat="28.01197" lon="-16.6634">
        <ele>10.6</ele>
      </trkpt>
      <trkpt lat="28.012097" lon="-16.663421">
        <ele>11.0</ele>
      </trkpt>
      <trkpt lat="28.01215" lon="-16.66343">
        <ele>11.1</ele>
      </trkpt>
      <trkpt lat="28.01216" lon="-16.663419">
        <ele>11.1</ele>
      </trkpt>
      <trkpt lat="28.01217" lon="-16.663409">
        <ele>11.0</ele>
      </trkpt>
      <trkpt lat="28.01217" lon="-16.6634">
        <ele>11.0</ele>
      </trkpt>
      <trkpt lat="28.01218" lon="-16.6634">
        <ele>11.0</ele>
      </trkpt>
      <trkpt lat="28.01219" lon="-16.66339">
        <ele>11.0</ele>
      </trkpt>
      <trkpt lat="28.0122" lon="-16.66338">
        <ele>10.9</ele>
      </trkpt>
      <trkpt lat="28.0122" lon="-16.66337">
        <ele>10.9</ele>
      </trkpt>
      <trkpt lat="28.01221" lon="-16.66337">
        <ele>10.9</ele>
      </trkpt>
      <trkpt lat="28.01222" lon="-16.66336">
        <ele>10.8</ele>
      </trkpt>
      <trkpt lat="28.01223" lon="-16.66336">
        <ele>10.8</ele>
      </trkpt>
      <trkpt lat="28.01224" lon="-16.66335">
        <ele>10.8</ele>
      </trkpt>
      <trkpt lat="28.01225" lon="-16.66335">
        <ele>10.8</ele>
      </trkpt>
      <trkpt lat="28.01227" lon="-16.66335">
        <ele>10.8</ele>
      </trkpt>
      <trkpt lat="28.01228" lon="-16.66334">
        <ele>10.8</ele>
      </trkpt>
      <trkpt lat="28.01229" lon="-16.66334">
        <ele>10.8</ele>
      </trkpt>
      <trkpt lat="28.0123" lon="-16.66334">
        <ele>10.8</ele>
      </trkpt>
      <trkpt lat="28.01231" lon="-16.66334">
        <ele>10.8</ele>
      </trkpt>
      <trkpt lat="28.01232" lon="-16.66335">
        <ele>10.9</ele>
      </trkpt>
      <trkpt lat="28.01233" lon="-16.66335">
        <ele>10.9</ele>
      </trkpt>
      <trkpt lat="28.01234" lon="-16.66335">
        <ele>10.9</ele>
      </trkpt>
      <trkpt lat="28.01235" lon="-16.66336">
        <ele>11.0</ele>
      </trkpt>
      <trkpt lat="28.01236" lon="-16.66336">
        <ele>11.0</ele>
      </trkpt>
      <trkpt lat="28.01237" lon="-16.66337">
        <ele>11.1</ele>
      </trkpt>
      <trkpt lat="28.01239" lon="-16.66338">
        <ele>11.3</ele>
      </trkpt>
      <trkpt lat="28.01239" lon="-16.66339">
        <ele>11.3</ele>
      </trkpt>
      <trkpt lat="28.0124" lon="-16.66339">
        <ele>11.4</ele>
      </trkpt>
      <trkpt lat="28.01241" lon="-16.6634">
        <ele>11.5</ele>
      </trkpt>
      <trkpt lat="28.01242" lon="-16.663409">
        <ele>11.6</ele>
      </trkpt>
      <trkpt lat="28.01242" lon="-16.663419">
        <ele>11.7</ele>
      </trkpt>
      <trkpt lat="28.01243" lon="-16.66343">
        <ele>11.8</ele>
      </trkpt>
      <trkpt lat="28.01243" lon="-16.66344">
        <ele>11.9</ele>
      </trkpt>
      <trkpt lat="28.01244" lon="-16.66346">
        <ele>12.1</ele>
      </trkpt>
      <trkpt lat="28.01244" lon="-16.66347">
        <ele>12.1</ele>
      </trkpt>
      <trkpt lat="28.01244" lon="-16.66348">
        <ele>12.2</ele>
      </trkpt>
      <trkpt lat="28.01245" lon="-16.66349">
        <ele>12.4</ele>
      </trkpt>
      <trkpt lat="28.01245" lon="-16.6635">
        <ele>12.4</ele>
      </trkpt>
      <trkpt lat="28.01245" lon="-16.663519">
        <ele>12.6</ele>
      </trkpt>
      <trkpt lat="28.01248" lon="-16.66354">
        <ele>12.9</ele>
      </trkpt>
      <trkpt lat="28.01267" lon="-16.66366">
        <ele>14.0</ele>
      </trkpt>
      <trkpt lat="28.01269" lon="-16.66368">
        <ele>14.2</ele>
      </trkpt>
      <trkpt lat="28.01274" lon="-16.66372">
        <ele>14.5</ele>
      </trkpt>
      <trkpt lat="28.01277" lon="-16.66375">
        <ele>14.7</ele>
      </trkpt>
      <trkpt lat="28.01283" lon="-16.66381">
        <ele>15.1</ele>
      </trkpt>
      <trkpt lat="28.01289" lon="-16.66387">
        <ele>15.4</ele>
      </trkpt>
      <trkpt lat="28.013" lon="-16.663979">
        <ele>15.9</ele>
      </trkpt>
      <trkpt lat="28.01307" lon="-16.664069">
        <ele>16.3</ele>
      </trkpt>
      <trkpt lat="28.01309" lon="-16.6641">
        <ele>16.5</ele>
      </trkpt>
      <trkpt lat="28.01317" lon="-16.66423">
        <ele>16.9</ele>
      </trkpt>
      <trkpt lat="28.01321" lon="-16.664269">
        <ele>17.0</ele>
      </trkpt>
      <trkpt lat="28.01326" lon="-16.66434">
        <ele>17.2</ele>
      </trkpt>
      <trkpt lat="28.01329" lon="-16.66438">
        <ele>17.4</ele>
      </trkpt>
      <trkpt lat="28.01342" lon="-16.664549">
        <ele>18.1</ele>
      </trkpt>
      <trkpt lat="28.01359" lon="-16.66477">
        <ele>18.9</ele>
      </trkpt>
      <trkpt lat="28.01369" lon="-16.6649">
        <ele>19.2</ele>
      </trkpt>
      <trkpt lat="28.01377" lon="-16.665009">
        <ele>19.5</ele>
      </trkpt>
      <trkpt lat="28.01389" lon="-16.66517">
        <ele>19.6</ele>
      </trkpt>
      <trkpt lat="28.01412" lon="-16.66547">
        <ele>19.9</ele>
      </trkpt>
      <trkpt lat="28.01436" lon="-16.66579">
        <ele>20.6</ele>
      </trkpt>
      <trkpt lat="28.01494" lon="-16.66656">
        <ele>21.0</ele>
      </trkpt>
      <trkpt lat="28.01505" lon="-16.666699">
        <ele>21.0</ele>
      </trkpt>
      <trkpt lat="28.01541" lon="-16.667179">
        <ele>21.6</ele>
      </trkpt>
      <trkpt lat="28.01578" lon="-16.66767">
        <ele>22.0</ele>
      </trkpt>
      <trkpt lat="28.01581" lon="-16.66771">
        <ele>22.0</ele>
      </trkpt>
      <trkpt lat="28.01591" lon="-16.66785">
        <ele>22.1</ele>
      </trkpt>
      <trkpt lat="28.01597" lon="-16.667929">
        <ele>22.2</ele>
      </trkpt>
      <trkpt lat="28.01605" lon="-16.66805">
        <ele>22.3</ele>
      </trkpt>
      <trkpt lat="28.01613" lon="-16.66818">
        <ele>22.6</ele>
      </trkpt>
      <trkpt lat="28.01617" lon="-16.66826">
        <ele>22.7</ele>
      </trkpt>
      <trkpt lat="28.0162" lon="-16.668299">
        <ele>22.8</ele>
      </trkpt>
      <trkpt lat="28.01629" lon="-16.66851">
        <ele>23.2</ele>
      </trkpt>
      <trkpt lat="28.01637" lon="-16.66871">
        <ele>23.4</ele>
      </trkpt>
      <trkpt lat="28.01645" lon="-16.66894">
        <ele>23.7</ele>
      </trkpt>
      <trkpt lat="28.01652" lon="-16.66918">
        <ele>23.9</ele>
      </trkpt>
      <trkpt lat="28.01657" lon="-16.669339">
        <ele>24.3</ele>
      </trkpt>
      <trkpt lat="28.01668" lon="-16.66968">
        <ele>25.2</ele>
      </trkpt>
      <trkpt lat="28.01673" lon="-16.66984">
        <ele>25.6</ele>
      </trkpt>
      <trkpt lat="28.01678" lon="-16.67">
        <ele>26.0</ele>
      </trkpt>
      <trkpt lat="28.01683" lon="-16.67015">
        <ele>26.0</ele>
      </trkpt>
      <trkpt lat="28.01692" lon="-16.670449">
        <ele>25.8</ele>
      </trkpt>
      <trkpt lat="28.01709" lon="-16.67082">
        <ele>25.5</ele>
      </trkpt>
      <trkpt lat="28.01711" lon="-16.67086">
        <ele>25.5</ele>
      </trkpt>
      <trkpt lat="28.01728" lon="-16.67117">
        <ele>25.6</ele>
      </trkpt>
      <trkpt lat="28.01732" lon="-16.67124">
        <ele>25.6</ele>
      </trkpt>
      <trkpt lat="28.01745" lon="-16.67145">
        <ele>25.8</ele>
      </trkpt>
      <trkpt lat="28.01772" lon="-16.67191">
        <ele>26.5</ele>
      </trkpt>
      <trkpt lat="28.01799" lon="-16.67237">
        <ele>27.2</ele>
      </trkpt>
      <trkpt lat="28.01812" lon="-16.67257">
        <ele>27.6</ele>
      </trkpt>
      <trkpt lat="28.01835" lon="-16.67296">
        <ele>28.5</ele>
      </trkpt>
      <trkpt lat="28.01854" lon="-16.67329">
        <ele>28.7</ele>
      </trkpt>
      <trkpt lat="28.0187" lon="-16.673549">
        <ele>28.9</ele>
      </trkpt>
      <trkpt lat="28.01899" lon="-16.674019">
        <ele>29.7</ele>
      </trkpt>
      <trkpt lat="28.01912" lon="-16.67426">
        <ele>30.2</ele>
      </trkpt>
      <trkpt lat="28.01916" lon="-16.67434">
        <ele>30.4</ele>
      </trkpt>
      <trkpt lat="28.01925" lon="-16.674489">
        <ele>31.0</ele>
      </trkpt>
      <trkpt lat="28.01944" lon="-16.674779">
        <ele>32.0</ele>
      </trkpt>
      <trkpt lat="28.01944" lon="-16.67479">
        <ele>32.0</ele>
      </trkpt>
      <trkpt lat="28.01989" lon="-16.67555">
        <ele>33.0</ele>
      </trkpt>
      <trkpt lat="28.02016" lon="-16.675999">
        <ele>33.4</ele>
      </trkpt>
      <trkpt lat="28.02018" lon="-16.67603">
        <ele>33.5</ele>
      </trkpt>
      <trkpt lat="28.02047" lon="-16.67652">
        <ele>34.4</ele>
      </trkpt>
      <trkpt lat="28.0207" lon="-16.676929">
        <ele>34.8</ele>
      </trkpt>
      <trkpt lat="28.02074" lon="-16.67699">
        <ele>34.9</ele>
      </trkpt>
      <trkpt lat="28.02104" lon="-16.67748">
        <ele>35.0</ele>
      </trkpt>
      <trkpt lat="28.02121" lon="-16.67772">
        <ele>34.9</ele>
      </trkpt>
      <trkpt lat="28.0213" lon="-16.677859">
        <ele>34.8</ele>
      </trkpt>
      <trkpt lat="28.02132" lon="-16.677879">
        <ele>34.7</ele>
      </trkpt>
      <trkpt lat="28.02142" lon="-16.67802">
        <ele>34.6</ele>
      </trkpt>
      <trkpt lat="28.02156" lon="-16.67818">
        <ele>34.3</ele>
      </trkpt>
      <trkpt lat="28.02166" lon="-16.67829">
        <ele>34.1</ele>
      </trkpt>
      <trkpt lat="28.02177" lon="-16.6784">
        <ele>34.2</ele>
      </trkpt>
      <trkpt lat="28.02192" lon="-16.67854">
        <ele>34.6</ele>
      </trkpt>
      <trkpt lat="28.02202" lon="-16.67864">
        <ele>34.8</ele>
      </trkpt>
      <trkpt lat="28.02225" lon="-16.67887">
        <ele>35.3</ele>
      </trkpt>
      <trkpt lat="28.02241" lon="-16.67903">
        <ele>35.7</ele>
      </trkpt>
      <trkpt lat="28.02257" lon="-16.679179">
        <ele>36.1</ele>
      </trkpt>
      <trkpt lat="28.02268" lon="-16.6793">
        <ele>36.5</ele>
      </trkpt>
      <trkpt lat="28.02285" lon="-16.679459">
        <ele>37.0</ele>
      </trkpt>
      <trkpt lat="28.02289" lon="-16.6795">
        <ele>37.1</ele>
      </trkpt>
      <trkpt lat="28.02308" lon="-16.67968">
        <ele>37.5</ele>
      </trkpt>
      <trkpt lat="28.02339" lon="-16.67999">
        <ele>38.0</ele>
      </trkpt>
      <trkpt lat="28.02349" lon="-16.68009">
        <ele>37.9</ele>
      </trkpt>
      <trkpt lat="28.02381" lon="-16.680409">
        <ele>38.1</ele>
      </trkpt>
      <trkpt lat="28.02419" lon="-16.680769">
        <ele>39.8</ele>
      </trkpt>
      <trkpt lat="28.02449" lon="-16.68104">
        <ele>39.9</ele>
      </trkpt>
      <trkpt lat="28.02466" lon="-16.68118">
        <ele>40.1</ele>
      </trkpt>
      <trkpt lat="28.02475" lon="-16.681239">
        <ele>40.2</ele>
      </trkpt>
      <trkpt lat="28.02506" lon="-16.68145">
        <ele>40.7</ele>
      </trkpt>
      <trkpt lat="28.02509" lon="-16.68146">
        <ele>40.8</ele>
      </trkpt>
      <trkpt lat="28.02522" lon="-16.681539">
        <ele>40.8</ele>
      </trkpt>
      <trkpt lat="28.02536" lon="-16.68161">
        <ele>40.9</ele>
      </trkpt>
      <trkpt lat="28.02539" lon="-16.681619">
        <ele>40.9</ele>
      </trkpt>
      <trkpt lat="28.02546" lon="-16.68166">
        <ele>41.0</ele>
      </trkpt>
      <trkpt lat="28.02553" lon="-16.68169">
        <ele>41.0</ele>
      </trkpt>
      <trkpt lat="28.02573" lon="-16.68178">
        <ele>41.1</ele>
      </trkpt>
      <trkpt lat="28.02604" lon="-16.68188">
        <ele>41.4</ele>
      </trkpt>
      <trkpt lat="28.02631" lon="-16.68196">
        <ele>41.8</ele>
      </trkpt>
      <trkpt lat="28.02677" lon="-16.68205">
        <ele>42.3</ele>
      </trkpt>
      <trkpt lat="28.02695" lon="-16.682089">
        <ele>42.4</ele>
      </trkpt>
      <trkpt lat="28.02929" lon="-16.682569">
        <ele>47.7</ele>
      </trkpt>
      <trkpt lat="28.02953" lon="-16.68262">
        <ele>48.7</ele>
      </trkpt>
      <trkpt lat="28.02967" lon="-16.682649">
        <ele>49.3</ele>
      </trkpt>
      <trkpt lat="28.02972" lon="-16.682659">
        <ele>49.5</ele>
      </trkpt>
      <trkpt lat="28.03026" lon="-16.68277">
        <ele>51.1</ele>
      </trkpt>
      <trkpt lat="28.0304" lon="-16.6828">
        <ele>51.4</ele>
      </trkpt>
      <trkpt lat="28.03061" lon="-16.682839">
        <ele>51.9</ele>
      </trkpt>
      <trkpt lat="28.03069" lon="-16.682849">
        <ele>52.0</ele>
      </trkpt>
      <trkpt lat="28.03082" lon="-16.68287">
        <ele>52.3</ele>
      </trkpt>
      <trkpt lat="28.03093" lon="-16.68289">
        <ele>52.8</ele>
      </trkpt>
      <trkpt lat="28.03112" lon="-16.6829">
        <ele>53.2</ele>
      </trkpt>
      <trkpt lat="28.03118" lon="-16.68289">
        <ele>53.1</ele>
      </trkpt>
      <trkpt lat="28.03127" lon="-16.68288">
        <ele>53.2</ele>
      </trkpt>
      <trkpt lat="28.03135" lon="-16.68286">
        <ele>53.1</ele>
      </trkpt>
      <trkpt lat="28.03144" lon="-16.682849">
        <ele>53.2</ele>
      </trkpt>
      <trkpt lat="28.03162" lon="-16.68279">
        <ele>53.3</ele>
      </trkpt>
      <trkpt lat="28.03176" lon="-16.68273">
        <ele>53.2</ele>
      </trkpt>
      <trkpt lat="28.03179" lon="-16.68271">
        <ele>53.1</ele>
      </trkpt>
      <trkpt lat="28.03192" lon="-16.68263">
        <ele>52.8</ele>
      </trkpt>
      <trkpt lat="28.03199" lon="-16.68259">
        <ele>52.7</ele>
      </trkpt>
      <trkpt lat="28.03205" lon="-16.68254">
        <ele>52.6</ele>
      </trkpt>
      <trkpt lat="28.03232" lon="-16.68232">
        <ele>52.7</ele>
      </trkpt>
      <trkpt lat="28.032336" lon="-16.682309">
        <ele>52.8</ele>
      </trkpt>
      <trkpt lat="28.03235" lon="-16.6823">
        <ele>52.8</ele>
      </trkpt>
      <trkpt lat="28.03247" lon="-16.68206">
        <ele>52.9</ele>
      </trkpt>
      <trkpt lat="28.03247" lon="-16.68203">
        <ele>52.9</ele>
      </trkpt>
      <trkpt lat="28.03247" lon="-16.68202">
        <ele>52.9</ele>
      </trkpt>
      <trkpt lat="28.03248" lon="-16.681999">
        <ele>53.0</ele>
      </trkpt>
      <trkpt lat="28.03248" lon="-16.681989">
        <ele>53.0</ele>
      </trkpt>
      <trkpt lat="28.03248" lon="-16.68197">
        <ele>53.0</ele>
      </trkpt>
      <trkpt lat="28.03249" lon="-16.68196">
        <ele>53.0</ele>
      </trkpt>
      <trkpt lat="28.03249" lon="-16.68195">
        <ele>53.0</ele>
      </trkpt>
      <trkpt lat="28.0325" lon="-16.68193">
        <ele>53.0</ele>
      </trkpt>
      <trkpt lat="28.03251" lon="-16.68192">
        <ele>53.0</ele>
      </trkpt>
      <trkpt lat="28.03252" lon="-16.681909">
        <ele>53.0</ele>
      </trkpt>
      <trkpt lat="28.03253" lon="-16.681899">
        <ele>53.0</ele>
      </trkpt>
      <trkpt lat="28.03253" lon="-16.68189">
        <ele>53.0</ele>
      </trkpt>
      <trkpt lat="28.03255" lon="-16.68188">
        <ele>52.9</ele>
      </trkpt>
      <trkpt lat="28.03256" lon="-16.68187">
        <ele>52.9</ele>
      </trkpt>
      <trkpt lat="28.03257" lon="-16.68186">
        <ele>52.9</ele>
      </trkpt>
      <trkpt lat="28.03258" lon="-16.68186">
        <ele>52.9</ele>
      </trkpt>
      <trkpt lat="28.03259" lon="-16.68185">
        <ele>52.9</ele>
      </trkpt>
      <trkpt lat="28.0326" lon="-16.68185">
        <ele>52.9</ele>
      </trkpt>
      <trkpt lat="28.03262" lon="-16.68185">
        <ele>52.9</ele>
      </trkpt>
      <trkpt lat="28.03263" lon="-16.68184">
        <ele>52.8</ele>
      </trkpt>
      <trkpt lat="28.03264" lon="-16.68184">
        <ele>52.8</ele>
      </trkpt>
      <trkpt lat="28.03266" lon="-16.68184">
        <ele>52.8</ele>
      </trkpt>
      <trkpt lat="28.03267" lon="-16.68185">
        <ele>52.8</ele>
      </trkpt>
      <trkpt lat="28.03268" lon="-16.68185">
        <ele>52.8</ele>
      </trkpt>
      <trkpt lat="28.03269" lon="-16.68185">
        <ele>52.8</ele>
      </trkpt>
      <trkpt lat="28.0327" lon="-16.68185">
        <ele>52.8</ele>
      </trkpt>
      <trkpt lat="28.0327" lon="-16.68186">
        <ele>52.8</ele>
      </trkpt>
      <trkpt lat="28.03271" lon="-16.68186">
        <ele>52.7</ele>
      </trkpt>
      <trkpt lat="28.03272" lon="-16.68187">
        <ele>52.7</ele>
      </trkpt>
      <trkpt lat="28.03296" lon="-16.68175">
        <ele>52.4</ele>
      </trkpt>
      <trkpt lat="28.03302" lon="-16.681719">
        <ele>52.4</ele>
      </trkpt>
      <trkpt lat="28.03324" lon="-16.681529">
        <ele>52.0</ele>
      </trkpt>
      <trkpt lat="28.03337" lon="-16.68142">
        <ele>51.7</ele>
      </trkpt>
      <trkpt lat="28.03354" lon="-16.68128">
        <ele>51.9</ele>
      </trkpt>
      <trkpt lat="28.03409" lon="-16.6808">
        <ele>53.7</ele>
      </trkpt>
      <trkpt lat="28.03414" lon="-16.680769">
        <ele>53.8</ele>
      </trkpt>
      <trkpt lat="28.03446" lon="-16.680499">
        <ele>54.2</ele>
      </trkpt>
      <trkpt lat="28.0348" lon="-16.68024">
        <ele>54.3</ele>
      </trkpt>
      <trkpt lat="28.03496" lon="-16.680129">
        <ele>54.3</ele>
      </trkpt>
      <trkpt lat="28.03505" lon="-16.68007">
        <ele>54.2</ele>
      </trkpt>
      <trkpt lat="28.03513" lon="-16.680019">
        <ele>54.2</ele>
      </trkpt>
      <trkpt lat="28.03534" lon="-16.67992">
        <ele>54.6</ele>
      </trkpt>
      <trkpt lat="28.03537" lon="-16.67991">
        <ele>54.6</ele>
      </trkpt>
      <trkpt lat="28.03538" lon="-16.6799">
        <ele>54.7</ele>
      </trkpt>
      <trkpt lat="28.03567" lon="-16.67978">
        <ele>55.5</ele>
      </trkpt>
      <trkpt lat="28.03579" lon="-16.679739">
        <ele>55.9</ele>
      </trkpt>
      <trkpt lat="28.03599" lon="-16.67968">
        <ele>56.7</ele>
      </trkpt>
      <trkpt lat="28.0362" lon="-16.67963">
        <ele>57.7</ele>
      </trkpt>
      <trkpt lat="28.03638" lon="-16.6796">
        <ele>58.4</ele>
      </trkpt>
      <trkpt lat="28.03643" lon="-16.6796">
        <ele>58.6</ele>
      </trkpt>
      <trkpt lat="28.03644" lon="-16.67959">
        <ele>58.7</ele>
      </trkpt>
      <trkpt lat="28.03658" lon="-16.67958">
        <ele>59.2</ele>
      </trkpt>
      <trkpt lat="28.03681" lon="-16.679569">
        <ele>60.1</ele>
      </trkpt>
      <trkpt lat="28.0371" lon="-16.67958">
        <ele>61.3</ele>
      </trkpt>
      <trkpt lat="28.03735" lon="-16.6796">
        <ele>62.4</ele>
      </trkpt>
      <trkpt lat="28.03762" lon="-16.67964">
        <ele>63.5</ele>
      </trkpt>
      <trkpt lat="28.03781" lon="-16.67969">
        <ele>64.3</ele>
      </trkpt>
      <trkpt lat="28.03795" lon="-16.67973">
        <ele>64.8</ele>
      </trkpt>
      <trkpt lat="28.03816" lon="-16.67979">
        <ele>65.5</ele>
      </trkpt>
      <trkpt lat="28.03834" lon="-16.679839">
        <ele>66.0</ele>
      </trkpt>
      <trkpt lat="28.03841" lon="-16.67986">
        <ele>66.3</ele>
      </trkpt>
      <trkpt lat="28.03874" lon="-16.67995">
        <ele>67.4</ele>
      </trkpt>
      <trkpt lat="28.03899" lon="-16.680019">
        <ele>68.4</ele>
      </trkpt>
      <trkpt lat="28.03914" lon="-16.68006">
        <ele>69.2</ele>
      </trkpt>
      <trkpt lat="28.03934" lon="-16.68011">
        <ele>69.9</ele>
      </trkpt>
      <trkpt lat="28.03952" lon="-16.68016">
        <ele>70.5</ele>
      </trkpt>
      <trkpt lat="28.03958" lon="-16.68018">
        <ele>70.6</ele>
      </trkpt>
      <trkpt lat="28.03998" lon="-16.68027">
        <ele>71.6</ele>
      </trkpt>
      <trkpt lat="28.04004" lon="-16.68028">
        <ele>71.8</ele>
      </trkpt>
      <trkpt lat="28.04022" lon="-16.680299">
        <ele>72.2</ele>
      </trkpt>
      <trkpt lat="28.04028" lon="-16.680309">
        <ele>72.4</ele>
      </trkpt>
      <trkpt lat="28.04042" lon="-16.680319">
        <ele>72.8</ele>
      </trkpt>
      <trkpt lat="28.04053" lon="-16.68033">
        <ele>73.1</ele>
      </trkpt>
      <trkpt lat="28.04054" lon="-16.68033">
        <ele>73.1</ele>
      </trkpt>
      <trkpt lat="28.04063" lon="-16.68033">
        <ele>73.3</ele>
      </trkpt>
      <trkpt lat="28.04086" lon="-16.68034">
        <ele>73.9</ele>
      </trkpt>
      <trkpt lat="28.04112" lon="-16.68033">
        <ele>74.8</ele>
      </trkpt>
      <trkpt lat="28.04156" lon="-16.68028">
        <ele>76.3</ele>
      </trkpt>
      <trkpt lat="28.04169" lon="-16.68026">
        <ele>76.7</ele>
      </trkpt>
      <trkpt lat="28.04196" lon="-16.6802">
        <ele>77.0</ele>
      </trkpt>
      <trkpt lat="28.04197" lon="-16.6802">
        <ele>77.0</ele>
      </trkpt>
      <trkpt lat="28.04261" lon="-16.680019">
        <ele>77.4</ele>
      </trkpt>
      <trkpt lat="28.04275" lon="-16.67998">
        <ele>77.6</ele>
      </trkpt>
      <trkpt lat="28.04289" lon="-16.679929">
        <ele>77.9</ele>
      </trkpt>
      <trkpt lat="28.04296" lon="-16.67989">
        <ele>78.1</ele>
      </trkpt>
      <trkpt lat="28.04297" lon="-16.67988">
        <ele>78.1</ele>
      </trkpt>
      <trkpt lat="28.04299" lon="-16.67988">
        <ele>78.2</ele>
      </trkpt>
      <trkpt lat="28.04311" lon="-16.679839">
        <ele>78.6</ele>
      </trkpt>
      <trkpt lat="28.04339" lon="-16.67976">
        <ele>79.5</ele>
      </trkpt>
      <trkpt lat="28.04355" lon="-16.67972">
        <ele>80.0</ele>
      </trkpt>
      <trkpt lat="28.04396" lon="-16.6796">
        <ele>81.7</ele>
      </trkpt>
      <trkpt lat="28.04418" lon="-16.67954">
        <ele>82.7</ele>
      </trkpt>
      <trkpt lat="28.04428" lon="-16.67952">
        <ele>82.9</ele>
      </trkpt>
      <trkpt lat="28.04436" lon="-16.6795">
        <ele>83.0</ele>
      </trkpt>
      <trkpt lat="28.04446" lon="-16.67949">
        <ele>83.2</ele>
      </trkpt>
      <trkpt lat="28.04459" lon="-16.67948">
        <ele>83.4</ele>
      </trkpt>
      <trkpt lat="28.04482" lon="-16.679459">
        <ele>83.7</ele>
      </trkpt>
      <trkpt lat="28.04495" lon="-16.67945">
        <ele>83.9</ele>
      </trkpt>
      <trkpt lat="28.045" lon="-16.67945">
        <ele>84.0</ele>
      </trkpt>
      <trkpt lat="28.04502" lon="-16.67944">
        <ele>84.1</ele>
      </trkpt>
      <trkpt lat="28.04517" lon="-16.6794">
        <ele>84.6</ele>
      </trkpt>
      <trkpt lat="28.04517" lon="-16.6794">
        <ele>84.6</ele>
      </trkpt>
      <trkpt lat="28.04518" lon="-16.67939">
        <ele>84.7</ele>
      </trkpt>
      <trkpt lat="28.04519" lon="-16.679369">
        <ele>84.8</ele>
      </trkpt>
      <trkpt lat="28.0452" lon="-16.67936">
        <ele>84.8</ele>
      </trkpt>
      <trkpt lat="28.04521" lon="-16.67934">
        <ele>84.9</ele>
      </trkpt>
      <trkpt lat="28.04522" lon="-16.67933">
        <ele>85.0</ele>
      </trkpt>
      <trkpt lat="28.04523" lon="-16.67932">
        <ele>85.1</ele>
      </trkpt>
      <trkpt lat="28.04525" lon="-16.67931">
        <ele>85.1</ele>
      </trkpt>
      <trkpt lat="28.04526" lon="-16.6793">
        <ele>85.2</ele>
      </trkpt>
      <trkpt lat="28.04527" lon="-16.67929">
        <ele>85.3</ele>
      </trkpt>
      <trkpt lat="28.04529" lon="-16.679279">
        <ele>85.3</ele>
      </trkpt>
      <trkpt lat="28.04531" lon="-16.679269">
        <ele>85.4</ele>
      </trkpt>
      <trkpt lat="28.04532" lon="-16.67926">
        <ele>85.5</ele>
      </trkpt>
      <trkpt lat="28.04534" lon="-16.67926">
        <ele>85.5</ele>
      </trkpt>
      <trkpt lat="28.04536" lon="-16.67925">
        <ele>85.6</ele>
      </trkpt>
      <trkpt lat="28.04538" lon="-16.67925">
        <ele>85.7</ele>
      </trkpt>
      <trkpt lat="28.0454" lon="-16.67925">
        <ele>85.7</ele>
      </trkpt>
      <trkpt lat="28.04541" lon="-16.67925">
        <ele>85.7</ele>
      </trkpt>
      <trkpt lat="28.04543" lon="-16.67925">
        <ele>85.8</ele>
      </trkpt>
      <trkpt lat="28.04544" lon="-16.67925">
        <ele>85.8</ele>
      </trkpt>
      <trkpt lat="28.04546" lon="-16.67925">
        <ele>85.9</ele>
      </trkpt>
      <trkpt lat="28.04547" lon="-16.67925">
        <ele>85.9</ele>
      </trkpt>
      <trkpt lat="28.04549" lon="-16.67926">
        <ele>85.9</ele>
      </trkpt>
      <trkpt lat="28.0455" lon="-16.67926">
        <ele>85.9</ele>
      </trkpt>
      <trkpt lat="28.04552" lon="-16.67926">
        <ele>86.0</ele>
      </trkpt>
      <trkpt lat="28.04568" lon="-16.679179">
        <ele>86.6</ele>
      </trkpt>
      <trkpt lat="28.04573" lon="-16.67916">
        <ele>86.8</ele>
      </trkpt>
      <trkpt lat="28.04585" lon="-16.679099">
        <ele>87.2</ele>
      </trkpt>
      <trkpt lat="28.04592" lon="-16.67906">
        <ele>87.5</ele>
      </trkpt>
      <trkpt lat="28.046" lon="-16.67902">
        <ele>88.0</ele>
      </trkpt>
      <trkpt lat="28.04601" lon="-16.67901">
        <ele>88.0</ele>
      </trkpt>
      <trkpt lat="28.04614" lon="-16.67896">
        <ele>88.7</ele>
      </trkpt>
      <trkpt lat="28.04616" lon="-16.67896">
        <ele>88.8</ele>
      </trkpt>
      <trkpt lat="28.04634" lon="-16.67889">
        <ele>89.8</ele>
      </trkpt>
      <trkpt lat="28.04663" lon="-16.67882">
        <ele>91.2</ele>
      </trkpt>
      <trkpt lat="28.0471" lon="-16.67867">
        <ele>93.3</ele>
      </trkpt>
      <trkpt lat="28.04742" lon="-16.67858">
        <ele>94.8</ele>
      </trkpt>
      <trkpt lat="28.04787" lon="-16.67846">
        <ele>97.3</ele>
      </trkpt>
      <trkpt lat="28.04813" lon="-16.67838">
        <ele>98.9</ele>
      </trkpt>
      <trkpt lat="28.04833" lon="-16.67832">
        <ele>100.0</ele>
      </trkpt>
      <trkpt lat="28.04865" lon="-16.67822">
        <ele>101.2</ele>
      </trkpt>
      <trkpt lat="28.04891" lon="-16.678149">
        <ele>102.4</ele>
      </trkpt>
      <trkpt lat="28.04901" lon="-16.67812">
        <ele>103.0</ele>
      </trkpt>
      <trkpt lat="28.04927" lon="-16.67803">
        <ele>104.2</ele>
      </trkpt>
      <trkpt lat="28.04968" lon="-16.6779">
        <ele>105.1</ele>
      </trkpt>
      <trkpt lat="28.04985" lon="-16.67785">
        <ele>105.3</ele>
      </trkpt>
      <trkpt lat="28.05017" lon="-16.67775">
        <ele>106.3</ele>
      </trkpt>
      <trkpt lat="28.05052" lon="-16.67762">
        <ele>108.1</ele>
      </trkpt>
      <trkpt lat="28.05057" lon="-16.67762">
        <ele>108.3</ele>
      </trkpt>
      <trkpt lat="28.05061" lon="-16.67762">
        <ele>108.4</ele>
      </trkpt>
      <trkpt lat="28.05061" lon="-16.67761">
        <ele>108.5</ele>
      </trkpt>
      <trkpt lat="28.05062" lon="-16.67761">
        <ele>108.5</ele>
      </trkpt>
      <trkpt lat="28.05062" lon="-16.6776">
        <ele>108.6</ele>
      </trkpt>
      <trkpt lat="28.05063" lon="-16.6776">
        <ele>108.6</ele>
      </trkpt>
      <trkpt lat="28.05063" lon="-16.677589">
        <ele>108.7</ele>
      </trkpt>
      <trkpt lat="28.05064" lon="-16.677589">
        <ele>108.7</ele>
      </trkpt>
      <trkpt lat="28.05065" lon="-16.677589">
        <ele>108.7</ele>
      </trkpt>
      <trkpt lat="28.05066" lon="-16.677589">
        <ele>108.8</ele>
      </trkpt>
      <trkpt lat="28.05067" lon="-16.677589">
        <ele>108.8</ele>
      </trkpt>
      <trkpt lat="28.05068" lon="-16.677589">
        <ele>108.8</ele>
      </trkpt>
      <trkpt lat="28.05068" lon="-16.6776">
        <ele>108.8</ele>
      </trkpt>
      <trkpt lat="28.05069" lon="-16.6776">
        <ele>108.8</ele>
      </trkpt>
      <trkpt lat="28.05076" lon="-16.67757">
        <ele>109.2</ele>
      </trkpt>
      <trkpt lat="28.05141" lon="-16.677399">
        <ele>109.7</ele>
      </trkpt>
      <trkpt lat="28.05147" lon="-16.67738">
        <ele>109.7</ele>
      </trkpt>
      <trkpt lat="28.05159" lon="-16.67735">
        <ele>109.8</ele>
      </trkpt>
      <trkpt lat="28.05163" lon="-16.67735">
        <ele>109.7</ele>
      </trkpt>
      <trkpt lat="28.05176" lon="-16.677309">
        <ele>109.9</ele>
      </trkpt>
      <trkpt lat="28.05177" lon="-16.677309">
        <ele>109.8</ele>
      </trkpt>
      <trkpt lat="28.05181" lon="-16.67729">
        <ele>109.9</ele>
      </trkpt>
      <trkpt lat="28.05184" lon="-16.67727">
        <ele>110.0</ele>
      </trkpt>
      <trkpt lat="28.05186" lon="-16.67725">
        <ele>110.1</ele>
      </trkpt>
      <trkpt lat="28.05191" lon="-16.6772">
        <ele>110.4</ele>
      </trkpt>
      <trkpt lat="28.05191" lon="-16.6772">
        <ele>110.4</ele>
      </trkpt>
      <trkpt lat="28.05191" lon="-16.67719">
        <ele>110.4</ele>
      </trkpt>
      <trkpt lat="28.05192" lon="-16.67719">
        <ele>110.4</ele>
      </trkpt>
      <trkpt lat="28.05192" lon="-16.67718">
        <ele>110.5</ele>
      </trkpt>
      <trkpt lat="28.05192" lon="-16.67717">
        <ele>110.5</ele>
      </trkpt>
      <trkpt lat="28.05193" lon="-16.67716">
        <ele>110.6</ele>
      </trkpt>
      <trkpt lat="28.05193" lon="-16.67715">
        <ele>110.6</ele>
      </trkpt>
      <trkpt lat="28.05194" lon="-16.67714">
        <ele>110.7</ele>
      </trkpt>
      <trkpt lat="28.05195" lon="-16.67714">
        <ele>110.7</ele>
      </trkpt>
      <trkpt lat="28.05195" lon="-16.677129">
        <ele>110.7</ele>
      </trkpt>
      <trkpt lat="28.05196" lon="-16.677119">
        <ele>110.8</ele>
      </trkpt>
      <trkpt lat="28.05197" lon="-16.677119">
        <ele>110.8</ele>
      </trkpt>
      <trkpt lat="28.05197" lon="-16.677109">
        <ele>110.8</ele>
      </trkpt>
      <trkpt lat="28.05198" lon="-16.677109">
        <ele>110.8</ele>
      </trkpt>
      <trkpt lat="28.05199" lon="-16.6771">
        <ele>110.9</ele>
      </trkpt>
      <trkpt lat="28.052" lon="-16.6771">
        <ele>110.9</ele>
      </trkpt>
      <trkpt lat="28.05201" lon="-16.6771">
        <ele>110.9</ele>
      </trkpt>
      <trkpt lat="28.05202" lon="-16.67709">
        <ele>111.0</ele>
      </trkpt>
      <trkpt lat="28.05203" lon="-16.67709">
        <ele>111.0</ele>
      </trkpt>
      <trkpt lat="28.05204" lon="-16.67709">
        <ele>111.0</ele>
      </trkpt>
      <trkpt lat="28.05205" lon="-16.67709">
        <ele>111.0</ele>
      </trkpt>
      <trkpt lat="28.05206" lon="-16.67709">
        <ele>111.0</ele>
      </trkpt>
      <trkpt lat="28.05207" lon="-16.67709">
        <ele>111.0</ele>
      </trkpt>
      <trkpt lat="28.05208" lon="-16.6771">
        <ele>110.9</ele>
      </trkpt>
      <trkpt lat="28.05209" lon="-16.6771">
        <ele>110.9</ele>
      </trkpt>
      <trkpt lat="28.0521" lon="-16.6771">
        <ele>110.9</ele>
      </trkpt>
      <trkpt lat="28.05211" lon="-16.677109">
        <ele>110.8</ele>
      </trkpt>
      <trkpt lat="28.05212" lon="-16.677119">
        <ele>110.8</ele>
      </trkpt>
      <trkpt lat="28.05213" lon="-16.677129">
        <ele>110.7</ele>
      </trkpt>
      <trkpt lat="28.05214" lon="-16.67714">
        <ele>110.7</ele>
      </trkpt>
      <trkpt lat="28.05215" lon="-16.67714">
        <ele>110.6</ele>
      </trkpt>
      <trkpt lat="28.05215" lon="-16.67715">
        <ele>110.6</ele>
      </trkpt>
      <trkpt lat="28.05216" lon="-16.67716">
        <ele>110.5</ele>
      </trkpt>
      <trkpt lat="28.05216" lon="-16.67717">
        <ele>110.5</ele>
      </trkpt>
      <trkpt lat="28.05217" lon="-16.67718">
        <ele>110.4</ele>
      </trkpt>
      <trkpt lat="28.05217" lon="-16.67719">
        <ele>110.3</ele>
      </trkpt>
      <trkpt lat="28.05217" lon="-16.6772">
        <ele>110.3</ele>
      </trkpt>
      <trkpt lat="28.05218" lon="-16.677209">
        <ele>110.2</ele>
      </trkpt>
      <trkpt lat="28.05218" lon="-16.677219">
        <ele>110.1</ele>
      </trkpt>
      <trkpt lat="28.05218" lon="-16.67723">
        <ele>110.1</ele>
      </trkpt>
      <trkpt lat="28.05218" lon="-16.67724">
        <ele>110.0</ele>
      </trkpt>
      <trkpt lat="28.05218" lon="-16.67725">
        <ele>110.0</ele>
      </trkpt>
      <trkpt lat="28.05218" lon="-16.67726">
        <ele>109.9</ele>
      </trkpt>
      <trkpt lat="28.05217" lon="-16.677309">
        <ele>109.6</ele>
      </trkpt>
      <trkpt lat="28.05216" lon="-16.67733">
        <ele>109.5</ele>
      </trkpt>
      <trkpt lat="28.05215" lon="-16.67734">
        <ele>109.4</ele>
      </trkpt>
      <trkpt lat="28.05215" lon="-16.67735">
        <ele>109.3</ele>
      </trkpt>
      <trkpt lat="28.05214" lon="-16.67735">
        <ele>109.4</ele>
      </trkpt>
      <trkpt lat="28.05212" lon="-16.677409">
        <ele>109.0</ele>
      </trkpt>
      <trkpt lat="28.05211" lon="-16.67747">
        <ele>108.7</ele>
      </trkpt>
      <trkpt lat="28.0521" lon="-16.67753">
        <ele>108.4</ele>
      </trkpt>
      <trkpt lat="28.0521" lon="-16.67757">
        <ele>108.2</ele>
      </trkpt>
      <trkpt lat="28.0521" lon="-16.677589">
        <ele>108.2</ele>
      </trkpt>
      <trkpt lat="28.0521" lon="-16.67761">
        <ele>108.1</ele>
      </trkpt>
      <trkpt lat="28.05211" lon="-16.67764">
        <ele>108.0</ele>
      </trkpt>
      <trkpt lat="28.05217" lon="-16.67791">
        <ele>106.9</ele>
      </trkpt>
      <trkpt lat="28.05219" lon="-16.67803">
        <ele>106.5</ele>
      </trkpt>
      <trkpt lat="28.0522" lon="-16.678049">
        <ele>106.4</ele>
      </trkpt>
      <trkpt lat="28.05223" lon="-16.67812">
        <ele>106.1</ele>
      </trkpt>
      <trkpt lat="28.05226" lon="-16.67817">
        <ele>105.9</ele>
      </trkpt>
      <trkpt lat="28.05229" lon="-16.67822">
        <ele>105.7</ele>
      </trkpt>
      <trkpt lat="28.0523" lon="-16.67822">
        <ele>105.6</ele>
      </trkpt>
      <trkpt lat="28.05232" lon="-16.678239">
        <ele>105.6</ele>
      </trkpt>
      <trkpt lat="28.05234" lon="-16.67826">
        <ele>105.5</ele>
      </trkpt>
      <trkpt lat="28.05239" lon="-16.6783">
        <ele>105.3</ele>
      </trkpt>
      <trkpt lat="28.05244" lon="-16.678329">
        <ele>105.1</ele>
      </trkpt>
      <trkpt lat="28.05245" lon="-16.678329">
        <ele>105.1</ele>
      </trkpt>
      <trkpt lat="28.052485" lon="-16.678359">
        <ele>105.0</ele>
      </trkpt>
      <trkpt lat="28.05251" lon="-16.67838">
        <ele>104.9</ele>
      </trkpt>
      <trkpt lat="28.05253" lon="-16.67839">
        <ele>104.9</ele>
      </trkpt>
      <trkpt lat="28.05255" lon="-16.67839">
        <ele>104.9</ele>
      </trkpt>
      <trkpt lat="28.05257" lon="-16.67839">
        <ele>104.9</ele>
      </trkpt>
      <trkpt lat="28.05258" lon="-16.6784">
        <ele>104.9</ele>
      </trkpt>
      <trkpt lat="28.0526" lon="-16.67841">
        <ele>104.9</ele>
      </trkpt>
      <trkpt lat="28.05262" lon="-16.67841">
        <ele>105.0</ele>
      </trkpt>
      <trkpt lat="28.05263" lon="-16.67842">
        <ele>104.9</ele>
      </trkpt>
      <trkpt lat="28.05265" lon="-16.678429">
        <ele>104.9</ele>
      </trkpt>
      <trkpt lat="28.05268" lon="-16.67846">
        <ele>104.9</ele>
      </trkpt>
      <trkpt lat="28.0527" lon="-16.67848">
        <ele>104.9</ele>
      </trkpt>
      <trkpt lat="28.05273" lon="-16.67851">
        <ele>104.9</ele>
      </trkpt>
      <trkpt lat="28.05275" lon="-16.67854">
        <ele>104.8</ele>
      </trkpt>
      <trkpt lat="28.05276" lon="-16.67858">
        <ele>104.7</ele>
      </trkpt>
      <trkpt lat="28.05277" lon="-16.678619">
        <ele>104.6</ele>
      </trkpt>
      <trkpt lat="28.05278" lon="-16.67865">
        <ele>104.6</ele>
      </trkpt>
      <trkpt lat="28.05278" lon="-16.67869">
        <ele>104.5</ele>
      </trkpt>
      <trkpt lat="28.05278" lon="-16.678709">
        <ele>104.4</ele>
      </trkpt>
      <trkpt lat="28.05278" lon="-16.67873">
        <ele>104.4</ele>
      </trkpt>
      <trkpt lat="28.05278" lon="-16.67875">
        <ele>104.3</ele>
      </trkpt>
      <trkpt lat="28.05278" lon="-16.67876">
        <ele>104.3</ele>
      </trkpt>
      <trkpt lat="28.05278" lon="-16.67878">
        <ele>104.3</ele>
      </trkpt>
      <trkpt lat="28.05277" lon="-16.678799">
        <ele>104.2</ele>
      </trkpt>
      <trkpt lat="28.05277" lon="-16.67882">
        <ele>104.2</ele>
      </trkpt>
      <trkpt lat="28.05276" lon="-16.67883">
        <ele>104.1</ele>
      </trkpt>
      <trkpt lat="28.05276" lon="-16.67885">
        <ele>104.1</ele>
      </trkpt>
      <trkpt lat="28.05275" lon="-16.67886">
        <ele>104.0</ele>
      </trkpt>
      <trkpt lat="28.05274" lon="-16.67887">
        <ele>104.0</ele>
      </trkpt>
      <trkpt lat="28.05274" lon="-16.67889">
        <ele>104.0</ele>
      </trkpt>
      <trkpt lat="28.05273" lon="-16.678899">
        <ele>103.9</ele>
      </trkpt>
      <trkpt lat="28.05272" lon="-16.678909">
        <ele>103.9</ele>
      </trkpt>
      <trkpt lat="28.05271" lon="-16.67892">
        <ele>103.8</ele>
      </trkpt>
      <trkpt lat="28.0527" lon="-16.67894">
        <ele>103.8</ele>
      </trkpt>
      <trkpt lat="28.05272" lon="-16.67902">
        <ele>103.6</ele>
      </trkpt>
      <trkpt lat="28.05273" lon="-16.67906">
        <ele>103.5</ele>
      </trkpt>
      <trkpt lat="28.05275" lon="-16.679089">
        <ele>103.5</ele>
      </trkpt>
      <trkpt lat="28.05278" lon="-16.67913">
        <ele>103.4</ele>
      </trkpt>
      <trkpt lat="28.05286" lon="-16.67921">
        <ele>104.1</ele>
      </trkpt>
      <trkpt lat="28.05324" lon="-16.679469">
        <ele>106.0</ele>
      </trkpt>
      <trkpt lat="28.0533" lon="-16.67951">
        <ele>105.9</ele>
      </trkpt>
      <trkpt lat="28.05335" lon="-16.679559">
        <ele>106.1</ele>
      </trkpt>
      <trkpt lat="28.05339" lon="-16.6796">
        <ele>106.8</ele>
      </trkpt>
      <trkpt lat="28.05343" lon="-16.679649">
        <ele>107.4</ele>
      </trkpt>
      <trkpt lat="28.05348" lon="-16.679739">
        <ele>108.3</ele>
      </trkpt>
      <trkpt lat="28.05356" lon="-16.67989">
        <ele>109.6</ele>
      </trkpt>
      <trkpt lat="28.05376" lon="-16.68023">
        <ele>112.5</ele>
      </trkpt>
      <trkpt lat="28.05385" lon="-16.68039">
        <ele>113.1</ele>
      </trkpt>
      <trkpt lat="28.05418" lon="-16.680969">
        <ele>111.4</ele>
      </trkpt>
      <trkpt lat="28.0543" lon="-16.68118">
        <ele>113.6</ele>
      </trkpt>
      <trkpt lat="28.05439" lon="-16.681339">
        <ele>114.9</ele>
      </trkpt>
      <trkpt lat="28.05448" lon="-16.6815">
        <ele>115.8</ele>
      </trkpt>
      <trkpt lat="28.05458" lon="-16.68168">
        <ele>116.6</ele>
      </trkpt>
      <trkpt lat="28.05467" lon="-16.68183">
        <ele>118.3</ele>
      </trkpt>
      <trkpt lat="28.05473" lon="-16.68195">
        <ele>119.3</ele>
      </trkpt>
      <trkpt lat="28.05481" lon="-16.682089">
        <ele>120.2</ele>
      </trkpt>
      <trkpt lat="28.05486" lon="-16.68217">
        <ele>120.6</ele>
      </trkpt>
      <trkpt lat="28.05489" lon="-16.68222">
        <ele>120.8</ele>
      </trkpt>
      <trkpt lat="28.05498" lon="-16.682379">
        <ele>121.0</ele>
      </trkpt>
      <trkpt lat="28.05514" lon="-16.682659">
        <ele>124.5</ele>
      </trkpt>
      <trkpt lat="28.05528" lon="-16.6829">
        <ele>126.7</ele>
      </trkpt>
      <trkpt lat="28.05547" lon="-16.683219">
        <ele>126.6</ele>
      </trkpt>
      <trkpt lat="28.05553" lon="-16.68333">
        <ele>125.8</ele>
      </trkpt>
      <trkpt lat="28.0556" lon="-16.68344">
        <ele>126.1</ele>
      </trkpt>
      <trkpt lat="28.05569" lon="-16.683599">
        <ele>126.4</ele>
      </trkpt>
      <trkpt lat="28.05588" lon="-16.68391">
        <ele>126.8</ele>
      </trkpt>
      <trkpt lat="28.05589" lon="-16.68393">
        <ele>126.9</ele>
      </trkpt>
      <trkpt lat="28.0564" lon="-16.68476">
        <ele>133.3</ele>
      </trkpt>
      <trkpt lat="28.05663" lon="-16.68512">
        <ele>134.5</ele>
      </trkpt>
      <trkpt lat="28.05714" lon="-16.68589">
        <ele>138.0</ele>
      </trkpt>
      <trkpt lat="28.05739" lon="-16.68629">
        <ele>138.3</ele>
      </trkpt>
      <trkpt lat="28.05755" lon="-16.68653">
        <ele>138.2</ele>
      </trkpt>
      <trkpt lat="28.05764" lon="-16.68666">
        <ele>138.5</ele>
      </trkpt>
      <trkpt lat="28.05775" lon="-16.68683">
        <ele>139.9</ele>
      </trkpt>
      <trkpt lat="28.0578" lon="-16.68693">
        <ele>140.7</ele>
      </trkpt>
      <trkpt lat="28.05785" lon="-16.68703">
        <ele>141.5</ele>
      </trkpt>
      <trkpt lat="28.0579" lon="-16.68714">
        <ele>142.4</ele>
      </trkpt>
      <trkpt lat="28.05792" lon="-16.68722">
        <ele>143.1</ele>
      </trkpt>
      <trkpt lat="28.05796" lon="-16.687349">
        <ele>144.2</ele>
      </trkpt>
      <trkpt lat="28.05797" lon="-16.6874">
        <ele>144.6</ele>
      </trkpt>
      <trkpt lat="28.05798" lon="-16.687439">
        <ele>144.9</ele>
      </trkpt>
      <trkpt lat="28.05798" lon="-16.68746">
        <ele>145.1</ele>
      </trkpt>
      <trkpt lat="28.05799" lon="-16.68752">
        <ele>145.7</ele>
      </trkpt>
      <trkpt lat="28.058" lon="-16.68758">
        <ele>146.1</ele>
      </trkpt>
      <trkpt lat="28.058" lon="-16.68767">
        <ele>146.9</ele>
      </trkpt>
      <trkpt lat="28.05801" lon="-16.68776">
        <ele>147.7</ele>
      </trkpt>
      <trkpt lat="28.05801" lon="-16.68788">
        <ele>148.8</ele>
      </trkpt>
      <trkpt lat="28.05799" lon="-16.68818">
        <ele>151.7</ele>
      </trkpt>
      <trkpt lat="28.05797" lon="-16.688559">
        <ele>156.1</ele>
      </trkpt>
      <trkpt lat="28.05794" lon="-16.68905">
        <ele>162.3</ele>
      </trkpt>
      <trkpt lat="28.05791" lon="-16.68964">
        <ele>168.3</ele>
      </trkpt>
      <trkpt lat="28.0579" lon="-16.68986">
        <ele>170.5</ele>
      </trkpt>
      <trkpt lat="28.0579" lon="-16.689879">
        <ele>170.6</ele>
      </trkpt>
      <trkpt lat="28.05789" lon="-16.68995">
        <ele>171.4</ele>
      </trkpt>
      <trkpt lat="28.05789" lon="-16.690069">
        <ele>172.0</ele>
      </trkpt>
      <trkpt lat="28.05789" lon="-16.69009">
        <ele>172.1</ele>
      </trkpt>
      <trkpt lat="28.05789" lon="-16.690159">
        <ele>172.3</ele>
      </trkpt>
      <trkpt lat="28.0579" lon="-16.69021">
        <ele>172.3</ele>
      </trkpt>
      <trkpt lat="28.05791" lon="-16.69031">
        <ele>172.3</ele>
      </trkpt>
      <trkpt lat="28.05794" lon="-16.69042">
        <ele>172.1</ele>
      </trkpt>
      <trkpt lat="28.05795" lon="-16.69049">
        <ele>172.1</ele>
      </trkpt>
      <trkpt lat="28.05802" lon="-16.69067">
        <ele>171.1</ele>
      </trkpt>
      <trkpt lat="28.05807" lon="-16.69078">
        <ele>170.3</ele>
      </trkpt>
      <trkpt lat="28.05811" lon="-16.69085">
        <ele>169.5</ele>
      </trkpt>
      <trkpt lat="28.05815" lon="-16.6909">
        <ele>168.7</ele>
      </trkpt>
      <trkpt lat="28.05821" lon="-16.69099">
        <ele>167.5</ele>
      </trkpt>
      <trkpt lat="28.05836" lon="-16.69115">
        <ele>164.7</ele>
      </trkpt>
      <trkpt lat="28.0584" lon="-16.691189">
        <ele>164.3</ele>
      </trkpt>
      <trkpt lat="28.05846" lon="-16.69124">
        <ele>163.6</ele>
      </trkpt>
      <trkpt lat="28.05862" lon="-16.691389">
        <ele>162.0</ele>
      </trkpt>
      <trkpt lat="28.05878" lon="-16.69155">
        <ele>160.6</ele>
      </trkpt>
      <trkpt lat="28.05889" lon="-16.6917">
        <ele>159.6</ele>
      </trkpt>
      <trkpt lat="28.05894" lon="-16.69179">
        <ele>158.8</ele>
      </trkpt>
      <trkpt lat="28.05898" lon="-16.69189">
        <ele>158.1</ele>
      </trkpt>
      <trkpt lat="28.059" lon="-16.69199">
        <ele>157.6</ele>
      </trkpt>
      <trkpt lat="28.05903" lon="-16.69211">
        <ele>156.9</ele>
      </trkpt>
      <trkpt lat="28.05903" lon="-16.69225">
        <ele>156.4</ele>
      </trkpt>
      <trkpt lat="28.05899" lon="-16.692499">
        <ele>156.1</ele>
      </trkpt>
      <trkpt lat="28.05891" lon="-16.69303">
        <ele>153.9</ele>
      </trkpt>
      <trkpt lat="28.05879" lon="-16.69384">
        <ele>149.7</ele>
      </trkpt>
      <trkpt lat="28.05871" lon="-16.694479">
        <ele>145.3</ele>
      </trkpt>
      <trkpt lat="28.05868" lon="-16.69479">
        <ele>143.1</ele>
      </trkpt>
      <trkpt lat="28.05866" lon="-16.69519">
        <ele>140.3</ele>
      </trkpt>
      <trkpt lat="28.05865" lon="-16.695709">
        <ele>136.7</ele>
      </trkpt>
      <trkpt lat="28.05866" lon="-16.696069">
        <ele>134.6</ele>
      </trkpt>
      <trkpt lat="28.05867" lon="-16.69637">
        <ele>133.1</ele>
      </trkpt>
      <trkpt lat="28.05867" lon="-16.69647">
        <ele>132.7</ele>
      </trkpt>
      <trkpt lat="28.05868" lon="-16.69666">
        <ele>131.7</ele>
      </trkpt>
      <trkpt lat="28.05875" lon="-16.69844">
        <ele>121.5</ele>
      </trkpt>
      <trkpt lat="28.05876" lon="-16.698789">
        <ele>118.3</ele>
      </trkpt>
      <trkpt lat="28.05879" lon="-16.699639">
        <ele>112.3</ele>
      </trkpt>
      <trkpt lat="28.0588" lon="-16.69978">
        <ele>111.6</ele>
      </trkpt>
      <trkpt lat="28.0588" lon="-16.69988">
        <ele>111.1</ele>
      </trkpt>
      <trkpt lat="28.05881" lon="-16.70008">
        <ele>110.2</ele>
      </trkpt>
      <trkpt lat="28.05881" lon="-16.70013">
        <ele>110.1</ele>
      </trkpt>
      <trkpt lat="28.05883" lon="-16.70043">
        <ele>109.3</ele>
      </trkpt>
      <trkpt lat="28.05883" lon="-16.70043">
        <ele>109.3</ele>
      </trkpt>
      <trkpt lat="28.05885" lon="-16.70116">
        <ele>106.1</ele>
      </trkpt>
      <trkpt lat="28.05888" lon="-16.701799">
        <ele>102.5</ele>
      </trkpt>
      <trkpt lat="28.05887" lon="-16.70205">
        <ele>102.1</ele>
      </trkpt>
      <trkpt lat="28.05884" lon="-16.702279">
        <ele>101.8</ele>
      </trkpt>
      <trkpt lat="28.0588" lon="-16.70247">
        <ele>101.5</ele>
      </trkpt>
      <trkpt lat="28.05872" lon="-16.70276">
        <ele>99.6</ele>
      </trkpt>
      <trkpt lat="28.05866" lon="-16.70296">
        <ele>98.3</ele>
      </trkpt>
      <trkpt lat="28.05862" lon="-16.70308">
        <ele>97.7</ele>
      </trkpt>
      <trkpt lat="28.05848" lon="-16.703489">
        <ele>96.7</ele>
      </trkpt>
      <trkpt lat="28.05845" lon="-16.703579">
        <ele>96.9</ele>
      </trkpt>
      <trkpt lat="28.05842" lon="-16.70364">
        <ele>97.1</ele>
      </trkpt>
      <trkpt lat="28.05842" lon="-16.70365">
        <ele>97.1</ele>
      </trkpt>
      <trkpt lat="28.0584" lon="-16.703679">
        <ele>97.3</ele>
      </trkpt>
      <trkpt lat="28.05837" lon="-16.70372">
        <ele>97.6</ele>
      </trkpt>
      <trkpt lat="28.05831" lon="-16.70379">
        <ele>97.8</ele>
      </trkpt>
      <trkpt lat="28.05824" lon="-16.70385">
        <ele>97.3</ele>
      </trkpt>
      <trkpt lat="28.05812" lon="-16.7039">
        <ele>96.5</ele>
      </trkpt>
      <trkpt lat="28.05804" lon="-16.70392">
        <ele>95.9</ele>
      </trkpt>
      <trkpt lat="28.058" lon="-16.70392">
        <ele>95.6</ele>
      </trkpt>
      <trkpt lat="28.05795" lon="-16.70392">
        <ele>95.2</ele>
      </trkpt>
      <trkpt lat="28.05791" lon="-16.70391">
        <ele>95.0</ele>
      </trkpt>
      <trkpt lat="28.05784" lon="-16.70389">
        <ele>94.4</ele>
      </trkpt>
      <trkpt lat="28.05773" lon="-16.70385">
        <ele>93.7</ele>
      </trkpt>
      <trkpt lat="28.05768" lon="-16.70381">
        <ele>93.3</ele>
      </trkpt>
      <trkpt lat="28.05759" lon="-16.703779">
        <ele>92.6</ele>
      </trkpt>
      <trkpt lat="28.05747" lon="-16.70374">
        <ele>91.7</ele>
      </trkpt>
      <trkpt lat="28.0571" lon="-16.70361">
        <ele>87.4</ele>
      </trkpt>
      <trkpt lat="28.057" lon="-16.703589">
        <ele>86.2</ele>
      </trkpt>
      <trkpt lat="28.05692" lon="-16.703579">
        <ele>85.2</ele>
      </trkpt>
      <trkpt lat="28.0568" lon="-16.703589">
        <ele>83.9</ele>
      </trkpt>
      <trkpt lat="28.05663" lon="-16.70366">
        <ele>81.9</ele>
      </trkpt>
      <trkpt lat="28.05656" lon="-16.7037">
        <ele>80.9</ele>
      </trkpt>
      <trkpt lat="28.05654" lon="-16.70371">
        <ele>80.6</ele>
      </trkpt>
      <trkpt lat="28.05652" lon="-16.70373">
        <ele>80.3</ele>
      </trkpt>
      <trkpt lat="28.05649" lon="-16.703769">
        <ele>79.9</ele>
      </trkpt>
      <trkpt lat="28.05646" lon="-16.70383">
        <ele>79.4</ele>
      </trkpt>
      <trkpt lat="28.05645" lon="-16.70389">
        <ele>79.2</ele>
      </trkpt>
      <trkpt lat="28.05644" lon="-16.703959">
        <ele>79.0</ele>
      </trkpt>
      <trkpt lat="28.05652" lon="-16.70473">
        <ele>75.2</ele>
      </trkpt>
      <trkpt lat="28.05655" lon="-16.70496">
        <ele>73.7</ele>
      </trkpt>
      <trkpt lat="28.05657" lon="-16.70515">
        <ele>71.6</ele>
      </trkpt>
      <trkpt lat="28.05667" lon="-16.70557">
        <ele>67.2</ele>
      </trkpt>
      <trkpt lat="28.05671" lon="-16.70573">
        <ele>65.3</ele>
      </trkpt>
      <trkpt lat="28.05675" lon="-16.705919">
        <ele>63.3</ele>
      </trkpt>
      <trkpt lat="28.05678" lon="-16.70604">
        <ele>62.4</ele>
      </trkpt>
      <trkpt lat="28.05695" lon="-16.706679">
        <ele>56.6</ele>
      </trkpt>
      <trkpt lat="28.05695" lon="-16.706689">
        <ele>56.6</ele>
      </trkpt>
      <trkpt lat="28.05695" lon="-16.70675">
        <ele>56.4</ele>
      </trkpt>
      <trkpt lat="28.05691" lon="-16.706869">
        <ele>55.7</ele>
      </trkpt>
      <trkpt lat="28.05669" lon="-16.70732">
        <ele>53.5</ele>
      </trkpt>
      <trkpt lat="28.05667" lon="-16.70735">
        <ele>53.4</ele>
      </trkpt>
      <trkpt lat="28.05664" lon="-16.70741">
        <ele>53.1</ele>
      </trkpt>
      <trkpt lat="28.05658" lon="-16.7075">
        <ele>52.6</ele>
      </trkpt>
      <trkpt lat="28.05649" lon="-16.70759">
        <ele>51.8</ele>
      </trkpt>
      <trkpt lat="28.05645" lon="-16.707619">
        <ele>51.6</ele>
      </trkpt>
      <trkpt lat="28.05642" lon="-16.70764">
        <ele>51.4</ele>
      </trkpt>
      <trkpt lat="28.05603" lon="-16.70777">
        <ele>49.9</ele>
      </trkpt>
      <trkpt lat="28.05603" lon="-16.70777">
        <ele>49.9</ele>
      </trkpt>
      <trkpt lat="28.05591" lon="-16.707809">
        <ele>49.6</ele>
      </trkpt>
    </trkseg>
  </trk>
</gpx>
