<?xml version="1.0" encoding="UTF-8"?>
<gpx xmlns:gpxdata="http://www.cluetrust.com/XML/GPXDATA/1/0" xmlns:xsi="http://www.w3.org/2001/XMLSchema-instance" xmlns="http://www.topografix.com/GPX/1/1" version="1.1" creator="http://ridewithgps.com/" xsi:schemaLocation="http://www.topografix.com/GPX/1/1 http://www.topografix.com/GPX/1/1/gpx.xsd http://www.cluetrust.com/XML/GPXDATA/1/0 http://www.cluetrust.com/Schemas/gpxdata10.xsd">
  <metadata>
    <name>Los Gigantes Port 70km out and back</name>
    <link href="https://ridewithgps.com/routes/47531566">
      <text>Los Gigantes Port 70km out and back</text>
    </link>
    <time>2024-07-12T09:23:22Z</time>
  </metadata>
  <trk>
    <name>Los Gigantes Port 70km out and back</name>
    <trkseg>
      <trkpt lat="28.05598" lon="-16.70779">
        <ele>49.7</ele>
      </trkpt>
      <trkpt lat="28.055975" lon="-16.707791">
        <ele>49.7</ele>
      </trkpt>
      <trkpt lat="28.05591" lon="-16.707809">
        <ele>49.6</ele>
      </trkpt>
      <trkpt lat="28.05574" lon="-16.70788">
        <ele>48.8</ele>
      </trkpt>
      <trkpt lat="28.0557" lon="-16.707889">
        <ele>48.6</ele>
      </trkpt>
      <trkpt lat="28.05488" lon="-16.7082">
        <ele>44.0</ele>
      </trkpt>
      <trkpt lat="28.05485" lon="-16.70824">
        <ele>43.9</ele>
      </trkpt>
      <trkpt lat="28.05477" lon="-16.708279">
        <ele>43.5</ele>
      </trkpt>
      <trkpt lat="28.05477" lon="-16.708279">
        <ele>43.5</ele>
      </trkpt>
      <trkpt lat="28.05477" lon="-16.70829">
        <ele>43.5</ele>
      </trkpt>
      <trkpt lat="28.05477" lon="-16.7083">
        <ele>43.6</ele>
      </trkpt>
      <trkpt lat="28.05477" lon="-16.70831">
        <ele>43.6</ele>
      </trkpt>
      <trkpt lat="28.05477" lon="-16.70832">
        <ele>43.6</ele>
      </trkpt>
      <trkpt lat="28.05476" lon="-16.70832">
        <ele>43.5</ele>
      </trkpt>
      <trkpt lat="28.05476" lon="-16.70833">
        <ele>43.6</ele>
      </trkpt>
      <trkpt lat="28.05476" lon="-16.70834">
        <ele>43.5</ele>
      </trkpt>
      <trkpt lat="28.05475" lon="-16.70834">
        <ele>43.4</ele>
      </trkpt>
      <trkpt lat="28.05475" lon="-16.70835">
        <ele>43.4</ele>
      </trkpt>
      <trkpt lat="28.05486" lon="-16.70878">
        <ele>39.9</ele>
      </trkpt>
      <trkpt lat="28.0549" lon="-16.708939">
        <ele>38.4</ele>
      </trkpt>
      <trkpt lat="28.05495" lon="-16.709129">
        <ele>36.4</ele>
      </trkpt>
      <trkpt lat="28.05496" lon="-16.70916">
        <ele>36.1</ele>
      </trkpt>
      <trkpt lat="28.05498" lon="-16.70926">
        <ele>35.6</ele>
      </trkpt>
      <trkpt lat="28.05501" lon="-16.70937">
        <ele>35.1</ele>
      </trkpt>
      <trkpt lat="28.05504" lon="-16.709489">
        <ele>34.6</ele>
      </trkpt>
      <trkpt lat="28.05506" lon="-16.70957">
        <ele>34.4</ele>
      </trkpt>
      <trkpt lat="28.05519" lon="-16.71007">
        <ele>33.1</ele>
      </trkpt>
      <trkpt lat="28.05521" lon="-16.710159">
        <ele>33.2</ele>
      </trkpt>
      <trkpt lat="28.05524" lon="-16.71027">
        <ele>33.3</ele>
      </trkpt>
      <trkpt lat="28.05526" lon="-16.710349">
        <ele>33.3</ele>
      </trkpt>
      <trkpt lat="28.05531" lon="-16.71055">
        <ele>33.4</ele>
      </trkpt>
      <trkpt lat="28.05546" lon="-16.71113">
        <ele>32.0</ele>
      </trkpt>
      <trkpt lat="28.05554" lon="-16.71144">
        <ele>30.3</ele>
      </trkpt>
      <trkpt lat="28.05559" lon="-16.71164">
        <ele>29.2</ele>
      </trkpt>
      <trkpt lat="28.05559" lon="-16.71164">
        <ele>29.2</ele>
      </trkpt>
      <trkpt lat="28.0556" lon="-16.71164">
        <ele>29.2</ele>
      </trkpt>
      <trkpt lat="28.05564" lon="-16.711649">
        <ele>29.1</ele>
      </trkpt>
      <trkpt lat="28.05568" lon="-16.71167">
        <ele>29.0</ele>
      </trkpt>
      <trkpt lat="28.05572" lon="-16.71169">
        <ele>28.9</ele>
      </trkpt>
      <trkpt lat="28.05576" lon="-16.71172">
        <ele>28.8</ele>
      </trkpt>
      <trkpt lat="28.05579" lon="-16.711749">
        <ele>28.7</ele>
      </trkpt>
      <trkpt lat="28.05582" lon="-16.71179">
        <ele>28.6</ele>
      </trkpt>
      <trkpt lat="28.05584" lon="-16.71182">
        <ele>28.5</ele>
      </trkpt>
      <trkpt lat="28.05585" lon="-16.711839">
        <ele>28.4</ele>
      </trkpt>
      <trkpt lat="28.05586" lon="-16.71189">
        <ele>28.3</ele>
      </trkpt>
      <trkpt lat="28.05587" lon="-16.71195">
        <ele>28.1</ele>
      </trkpt>
      <trkpt lat="28.05588" lon="-16.71201">
        <ele>27.9</ele>
      </trkpt>
      <trkpt lat="28.05588" lon="-16.712029">
        <ele>27.9</ele>
      </trkpt>
      <trkpt lat="28.05587" lon="-16.71208">
        <ele>27.6</ele>
      </trkpt>
      <trkpt lat="28.05586" lon="-16.712129">
        <ele>27.4</ele>
      </trkpt>
      <trkpt lat="28.05584" lon="-16.71218">
        <ele>27.2</ele>
      </trkpt>
      <trkpt lat="28.05581" lon="-16.712219">
        <ele>27.0</ele>
      </trkpt>
      <trkpt lat="28.05578" lon="-16.71226">
        <ele>26.8</ele>
      </trkpt>
      <trkpt lat="28.05575" lon="-16.71229">
        <ele>26.7</ele>
      </trkpt>
      <trkpt lat="28.05581" lon="-16.712499">
        <ele>26.0</ele>
      </trkpt>
      <trkpt lat="28.05583" lon="-16.712589">
        <ele>25.9</ele>
      </trkpt>
      <trkpt lat="28.05589" lon="-16.71283">
        <ele>25.8</ele>
      </trkpt>
      <trkpt lat="28.05591" lon="-16.71293">
        <ele>25.7</ele>
      </trkpt>
      <trkpt lat="28.056" lon="-16.71327">
        <ele>25.3</ele>
      </trkpt>
      <trkpt lat="28.05608" lon="-16.71355">
        <ele>24.7</ele>
      </trkpt>
      <trkpt lat="28.05624" lon="-16.71431">
        <ele>22.2</ele>
      </trkpt>
      <trkpt lat="28.05645" lon="-16.7153">
        <ele>23.6</ele>
      </trkpt>
      <trkpt lat="28.05648" lon="-16.71543">
        <ele>23.6</ele>
      </trkpt>
      <trkpt lat="28.05662" lon="-16.71609">
        <ele>23.2</ele>
      </trkpt>
      <trkpt lat="28.05676" lon="-16.71667">
        <ele>23.0</ele>
      </trkpt>
      <trkpt lat="28.05683" lon="-16.717009">
        <ele>25.8</ele>
      </trkpt>
      <trkpt lat="28.05683" lon="-16.717009">
        <ele>25.8</ele>
      </trkpt>
      <trkpt lat="28.05736" lon="-16.719249">
        <ele>32.2</ele>
      </trkpt>
      <trkpt lat="28.05739" lon="-16.71938">
        <ele>32.2</ele>
      </trkpt>
      <trkpt lat="28.05743" lon="-16.71958">
        <ele>32.2</ele>
      </trkpt>
      <trkpt lat="28.05752" lon="-16.71998">
        <ele>31.9</ele>
      </trkpt>
      <trkpt lat="28.05756" lon="-16.72017">
        <ele>32.0</ele>
      </trkpt>
      <trkpt lat="28.05768" lon="-16.720749">
        <ele>31.9</ele>
      </trkpt>
      <trkpt lat="28.05772" lon="-16.7209">
        <ele>31.7</ele>
      </trkpt>
      <trkpt lat="28.05778" lon="-16.72115">
        <ele>31.2</ele>
      </trkpt>
      <trkpt lat="28.05782" lon="-16.72127">
        <ele>30.9</ele>
      </trkpt>
      <trkpt lat="28.05787" lon="-16.72146">
        <ele>30.4</ele>
      </trkpt>
      <trkpt lat="28.05792" lon="-16.72175">
        <ele>29.6</ele>
      </trkpt>
      <trkpt lat="28.05794" lon="-16.72184">
        <ele>29.1</ele>
      </trkpt>
      <trkpt lat="28.05796" lon="-16.72196">
        <ele>28.6</ele>
      </trkpt>
      <trkpt lat="28.05798" lon="-16.72201">
        <ele>28.3</ele>
      </trkpt>
      <trkpt lat="28.05808" lon="-16.72231">
        <ele>27.2</ele>
      </trkpt>
      <trkpt lat="28.05808" lon="-16.72231">
        <ele>27.2</ele>
      </trkpt>
      <trkpt lat="28.05816" lon="-16.72243">
        <ele>26.9</ele>
      </trkpt>
      <trkpt lat="28.05819" lon="-16.72248">
        <ele>26.9</ele>
      </trkpt>
      <trkpt lat="28.05838" lon="-16.72277">
        <ele>27.3</ele>
      </trkpt>
      <trkpt lat="28.05851" lon="-16.722919">
        <ele>27.4</ele>
      </trkpt>
      <trkpt lat="28.05855" lon="-16.72295">
        <ele>27.4</ele>
      </trkpt>
      <trkpt lat="28.058739" lon="-16.723139">
        <ele>27.1</ele>
      </trkpt>
      <trkpt lat="28.05883" lon="-16.72323">
        <ele>26.9</ele>
      </trkpt>
      <trkpt lat="28.059" lon="-16.7234">
        <ele>26.2</ele>
      </trkpt>
      <trkpt lat="28.05909" lon="-16.72349">
        <ele>25.8</ele>
      </trkpt>
      <trkpt lat="28.05911" lon="-16.72351">
        <ele>25.7</ele>
      </trkpt>
      <trkpt lat="28.05923" lon="-16.72364">
        <ele>25.4</ele>
      </trkpt>
      <trkpt lat="28.05927" lon="-16.723669">
        <ele>25.4</ele>
      </trkpt>
      <trkpt lat="28.05931" lon="-16.7237">
        <ele>25.4</ele>
      </trkpt>
      <trkpt lat="28.059333" lon="-16.723711">
        <ele>25.5</ele>
      </trkpt>
      <trkpt lat="28.05935" lon="-16.72372">
        <ele>25.5</ele>
      </trkpt>
      <trkpt lat="28.05938" lon="-16.72373">
        <ele>25.5</ele>
      </trkpt>
      <trkpt lat="28.05942" lon="-16.72374">
        <ele>25.6</ele>
      </trkpt>
      <trkpt lat="28.0595" lon="-16.723749">
        <ele>25.8</ele>
      </trkpt>
      <trkpt lat="28.0595" lon="-16.72374">
        <ele>25.8</ele>
      </trkpt>
      <trkpt lat="28.05951" lon="-16.72374">
        <ele>25.8</ele>
      </trkpt>
      <trkpt lat="28.05952" lon="-16.72373">
        <ele>25.9</ele>
      </trkpt>
      <trkpt lat="28.05953" lon="-16.72372">
        <ele>25.9</ele>
      </trkpt>
      <trkpt lat="28.05954" lon="-16.72372">
        <ele>25.9</ele>
      </trkpt>
      <trkpt lat="28.05955" lon="-16.72372">
        <ele>25.9</ele>
      </trkpt>
      <trkpt lat="28.05955" lon="-16.72371">
        <ele>25.9</ele>
      </trkpt>
      <trkpt lat="28.05956" lon="-16.72371">
        <ele>25.9</ele>
      </trkpt>
      <trkpt lat="28.05957" lon="-16.72371">
        <ele>26.0</ele>
      </trkpt>
      <trkpt lat="28.05958" lon="-16.72371">
        <ele>26.0</ele>
      </trkpt>
      <trkpt lat="28.05959" lon="-16.72371">
        <ele>26.0</ele>
      </trkpt>
      <trkpt lat="28.0596" lon="-16.72371">
        <ele>26.0</ele>
      </trkpt>
      <trkpt lat="28.05961" lon="-16.72371">
        <ele>26.1</ele>
      </trkpt>
      <trkpt lat="28.05962" lon="-16.72371">
        <ele>26.1</ele>
      </trkpt>
      <trkpt lat="28.05963" lon="-16.72372">
        <ele>26.1</ele>
      </trkpt>
      <trkpt lat="28.05964" lon="-16.72372">
        <ele>26.1</ele>
      </trkpt>
      <trkpt lat="28.05965" lon="-16.72373">
        <ele>26.2</ele>
      </trkpt>
      <trkpt lat="28.05966" lon="-16.72373">
        <ele>26.2</ele>
      </trkpt>
      <trkpt lat="28.05966" lon="-16.72374">
        <ele>26.2</ele>
      </trkpt>
      <trkpt lat="28.05967" lon="-16.72374">
        <ele>26.2</ele>
      </trkpt>
      <trkpt lat="28.05967" lon="-16.723749">
        <ele>26.2</ele>
      </trkpt>
      <trkpt lat="28.05968" lon="-16.723749">
        <ele>26.2</ele>
      </trkpt>
      <trkpt lat="28.05969" lon="-16.723759">
        <ele>26.3</ele>
      </trkpt>
      <trkpt lat="28.05969" lon="-16.723769">
        <ele>26.3</ele>
      </trkpt>
      <trkpt lat="28.0597" lon="-16.72378">
        <ele>26.3</ele>
      </trkpt>
      <trkpt lat="28.0597" lon="-16.72379">
        <ele>26.3</ele>
      </trkpt>
      <trkpt lat="28.05971" lon="-16.7238">
        <ele>26.3</ele>
      </trkpt>
      <trkpt lat="28.05971" lon="-16.72381">
        <ele>26.3</ele>
      </trkpt>
      <trkpt lat="28.05971" lon="-16.72382">
        <ele>26.4</ele>
      </trkpt>
      <trkpt lat="28.05971" lon="-16.72383">
        <ele>26.4</ele>
      </trkpt>
      <trkpt lat="28.05972" lon="-16.72383">
        <ele>26.4</ele>
      </trkpt>
      <trkpt lat="28.05972" lon="-16.72384">
        <ele>26.4</ele>
      </trkpt>
      <trkpt lat="28.05972" lon="-16.723849">
        <ele>26.4</ele>
      </trkpt>
      <trkpt lat="28.05972" lon="-16.723859">
        <ele>26.4</ele>
      </trkpt>
      <trkpt lat="28.05972" lon="-16.72387">
        <ele>26.4</ele>
      </trkpt>
      <trkpt lat="28.05972" lon="-16.72388">
        <ele>26.4</ele>
      </trkpt>
      <trkpt lat="28.05972" lon="-16.72389">
        <ele>26.4</ele>
      </trkpt>
      <trkpt lat="28.05971" lon="-16.7239">
        <ele>26.4</ele>
      </trkpt>
      <trkpt lat="28.05971" lon="-16.72391">
        <ele>26.4</ele>
      </trkpt>
      <trkpt lat="28.05971" lon="-16.72392">
        <ele>26.4</ele>
      </trkpt>
      <trkpt lat="28.0597" lon="-16.72393">
        <ele>26.4</ele>
      </trkpt>
      <trkpt lat="28.0597" lon="-16.72393">
        <ele>26.4</ele>
      </trkpt>
      <trkpt lat="28.05972" lon="-16.72399">
        <ele>26.5</ele>
      </trkpt>
      <trkpt lat="28.05974" lon="-16.724049">
        <ele>26.6</ele>
      </trkpt>
      <trkpt lat="28.05975" lon="-16.72408">
        <ele>26.7</ele>
      </trkpt>
      <trkpt lat="28.05976" lon="-16.72411">
        <ele>26.8</ele>
      </trkpt>
      <trkpt lat="28.05978" lon="-16.724139">
        <ele>26.9</ele>
      </trkpt>
      <trkpt lat="28.05982" lon="-16.7242">
        <ele>27.0</ele>
      </trkpt>
      <trkpt lat="28.05987" lon="-16.72425">
        <ele>27.1</ele>
      </trkpt>
      <trkpt lat="28.06" lon="-16.7244">
        <ele>27.2</ele>
      </trkpt>
      <trkpt lat="28.06013" lon="-16.724519">
        <ele>27.3</ele>
      </trkpt>
      <trkpt lat="28.06018" lon="-16.72457">
        <ele>27.3</ele>
      </trkpt>
      <trkpt lat="28.06064" lon="-16.72501">
        <ele>28.1</ele>
      </trkpt>
      <trkpt lat="28.06073" lon="-16.72509">
        <ele>28.4</ele>
      </trkpt>
      <trkpt lat="28.06081" lon="-16.725169">
        <ele>28.7</ele>
      </trkpt>
      <trkpt lat="28.06084" lon="-16.72521">
        <ele>28.8</ele>
      </trkpt>
      <trkpt lat="28.06092" lon="-16.72533">
        <ele>29.0</ele>
      </trkpt>
      <trkpt lat="28.061" lon="-16.72547">
        <ele>29.2</ele>
      </trkpt>
      <trkpt lat="28.06106" lon="-16.72561">
        <ele>29.4</ele>
      </trkpt>
      <trkpt lat="28.06111" lon="-16.72576">
        <ele>29.4</ele>
      </trkpt>
      <trkpt lat="28.061175" lon="-16.726057">
        <ele>29.2</ele>
      </trkpt>
      <trkpt lat="28.0612" lon="-16.72617">
        <ele>29.1</ele>
      </trkpt>
      <trkpt lat="28.06134" lon="-16.726659">
        <ele>29.1</ele>
      </trkpt>
      <trkpt lat="28.06134" lon="-16.726669">
        <ele>29.0</ele>
      </trkpt>
      <trkpt lat="28.06136" lon="-16.72675">
        <ele>29.2</ele>
      </trkpt>
      <trkpt lat="28.06136" lon="-16.72675">
        <ele>29.2</ele>
      </trkpt>
      <trkpt lat="28.06137" lon="-16.72675">
        <ele>29.3</ele>
      </trkpt>
      <trkpt lat="28.06137" lon="-16.726759">
        <ele>29.3</ele>
      </trkpt>
      <trkpt lat="28.06138" lon="-16.726759">
        <ele>29.4</ele>
      </trkpt>
      <trkpt lat="28.06138" lon="-16.726769">
        <ele>29.4</ele>
      </trkpt>
      <trkpt lat="28.06138" lon="-16.72678">
        <ele>29.4</ele>
      </trkpt>
      <trkpt lat="28.06139" lon="-16.72678">
        <ele>29.4</ele>
      </trkpt>
      <trkpt lat="28.06139" lon="-16.72679">
        <ele>29.4</ele>
      </trkpt>
      <trkpt lat="28.06139" lon="-16.7268">
        <ele>29.4</ele>
      </trkpt>
      <trkpt lat="28.06139" lon="-16.72681">
        <ele>29.5</ele>
      </trkpt>
      <trkpt lat="28.06139" lon="-16.72682">
        <ele>29.5</ele>
      </trkpt>
      <trkpt lat="28.06139" lon="-16.72683">
        <ele>29.5</ele>
      </trkpt>
      <trkpt lat="28.06139" lon="-16.72684">
        <ele>29.5</ele>
      </trkpt>
      <trkpt lat="28.06139" lon="-16.726849">
        <ele>29.5</ele>
      </trkpt>
      <trkpt lat="28.06139" lon="-16.726859">
        <ele>29.5</ele>
      </trkpt>
      <trkpt lat="28.06143" lon="-16.72703">
        <ele>29.8</ele>
      </trkpt>
      <trkpt lat="28.06154" lon="-16.72745">
        <ele>30.0</ele>
      </trkpt>
      <trkpt lat="28.06166" lon="-16.72792">
        <ele>25.0</ele>
      </trkpt>
      <trkpt lat="28.061687" lon="-16.728109">
        <ele>22.7</ele>
      </trkpt>
      <trkpt lat="28.0617" lon="-16.7282">
        <ele>21.7</ele>
      </trkpt>
      <trkpt lat="28.06171" lon="-16.7282">
        <ele>21.7</ele>
      </trkpt>
      <trkpt lat="28.06172" lon="-16.7282">
        <ele>21.7</ele>
      </trkpt>
      <trkpt lat="28.06172" lon="-16.72821">
        <ele>21.6</ele>
      </trkpt>
      <trkpt lat="28.06173" lon="-16.72821">
        <ele>21.6</ele>
      </trkpt>
      <trkpt lat="28.06174" lon="-16.72822">
        <ele>21.5</ele>
      </trkpt>
      <trkpt lat="28.06174" lon="-16.72823">
        <ele>21.4</ele>
      </trkpt>
      <trkpt lat="28.06175" lon="-16.72823">
        <ele>21.4</ele>
      </trkpt>
      <trkpt lat="28.06175" lon="-16.72824">
        <ele>21.3</ele>
      </trkpt>
      <trkpt lat="28.06176" lon="-16.72824">
        <ele>21.3</ele>
      </trkpt>
      <trkpt lat="28.06176" lon="-16.72825">
        <ele>21.2</ele>
      </trkpt>
      <trkpt lat="28.06176" lon="-16.728259">
        <ele>21.1</ele>
      </trkpt>
      <trkpt lat="28.06177" lon="-16.728269">
        <ele>21.0</ele>
      </trkpt>
      <trkpt lat="28.06177" lon="-16.72828">
        <ele>20.9</ele>
      </trkpt>
      <trkpt lat="28.06177" lon="-16.72829">
        <ele>20.8</ele>
      </trkpt>
      <trkpt lat="28.06177" lon="-16.7283">
        <ele>20.6</ele>
      </trkpt>
      <trkpt lat="28.06177" lon="-16.72831">
        <ele>20.5</ele>
      </trkpt>
      <trkpt lat="28.06177" lon="-16.72832">
        <ele>20.4</ele>
      </trkpt>
      <trkpt lat="28.06176" lon="-16.72832">
        <ele>20.4</ele>
      </trkpt>
      <trkpt lat="28.06176" lon="-16.72833">
        <ele>20.3</ele>
      </trkpt>
      <trkpt lat="28.06176" lon="-16.72834">
        <ele>20.2</ele>
      </trkpt>
      <trkpt lat="28.06175" lon="-16.72834">
        <ele>20.2</ele>
      </trkpt>
      <trkpt lat="28.06175" lon="-16.728349">
        <ele>20.2</ele>
      </trkpt>
      <trkpt lat="28.06175" lon="-16.728359">
        <ele>20.2</ele>
      </trkpt>
      <trkpt lat="28.06174" lon="-16.728359">
        <ele>20.1</ele>
      </trkpt>
      <trkpt lat="28.06182" lon="-16.728639">
        <ele>20.1</ele>
      </trkpt>
      <trkpt lat="28.06204" lon="-16.72941">
        <ele>19.4</ele>
      </trkpt>
      <trkpt lat="28.0621" lon="-16.72966">
        <ele>18.5</ele>
      </trkpt>
      <trkpt lat="28.06231" lon="-16.73045">
        <ele>14.3</ele>
      </trkpt>
      <trkpt lat="28.06236" lon="-16.73063">
        <ele>13.0</ele>
      </trkpt>
      <trkpt lat="28.06242" lon="-16.73084">
        <ele>11.4</ele>
      </trkpt>
      <trkpt lat="28.06244" lon="-16.730889">
        <ele>11.0</ele>
      </trkpt>
      <trkpt lat="28.06245" lon="-16.73093">
        <ele>10.8</ele>
      </trkpt>
      <trkpt lat="28.06248" lon="-16.73096">
        <ele>10.5</ele>
      </trkpt>
      <trkpt lat="28.06256" lon="-16.73102">
        <ele>10.0</ele>
      </trkpt>
      <trkpt lat="28.06256" lon="-16.73102">
        <ele>10.0</ele>
      </trkpt>
      <trkpt lat="28.06274" lon="-16.73096">
        <ele>9.9</ele>
      </trkpt>
      <trkpt lat="28.06293" lon="-16.730889">
        <ele>9.8</ele>
      </trkpt>
      <trkpt lat="28.06299" lon="-16.73088">
        <ele>9.7</ele>
      </trkpt>
      <trkpt lat="28.063" lon="-16.73087">
        <ele>9.7</ele>
      </trkpt>
      <trkpt lat="28.06307" lon="-16.73085">
        <ele>9.6</ele>
      </trkpt>
      <trkpt lat="28.06362" lon="-16.73068">
        <ele>10.4</ele>
      </trkpt>
      <trkpt lat="28.06367" lon="-16.73067">
        <ele>10.5</ele>
      </trkpt>
      <trkpt lat="28.06411" lon="-16.73053">
        <ele>11.5</ele>
      </trkpt>
      <trkpt lat="28.06417" lon="-16.730519">
        <ele>11.5</ele>
      </trkpt>
      <trkpt lat="28.06423" lon="-16.730509">
        <ele>11.6</ele>
      </trkpt>
      <trkpt lat="28.06429" lon="-16.730519">
        <ele>11.6</ele>
      </trkpt>
      <trkpt lat="28.0643" lon="-16.730519">
        <ele>11.6</ele>
      </trkpt>
      <trkpt lat="28.06436" lon="-16.73053">
        <ele>11.6</ele>
      </trkpt>
      <trkpt lat="28.06443" lon="-16.73055">
        <ele>11.6</ele>
      </trkpt>
      <trkpt lat="28.06451" lon="-16.73059">
        <ele>11.5</ele>
      </trkpt>
      <trkpt lat="28.06459" lon="-16.73063">
        <ele>11.4</ele>
      </trkpt>
      <trkpt lat="28.06465" lon="-16.73068">
        <ele>11.2</ele>
      </trkpt>
      <trkpt lat="28.06469" lon="-16.73073">
        <ele>11.0</ele>
      </trkpt>
      <trkpt lat="28.06471" lon="-16.73075">
        <ele>11.0</ele>
      </trkpt>
      <trkpt lat="28.06474" lon="-16.73078">
        <ele>10.9</ele>
      </trkpt>
      <trkpt lat="28.06478" lon="-16.73082">
        <ele>10.8</ele>
      </trkpt>
      <trkpt lat="28.06486" lon="-16.73092">
        <ele>10.3</ele>
      </trkpt>
      <trkpt lat="28.06486" lon="-16.73093">
        <ele>10.3</ele>
      </trkpt>
      <trkpt lat="28.06487" lon="-16.73093">
        <ele>10.3</ele>
      </trkpt>
      <trkpt lat="28.06494" lon="-16.73101">
        <ele>9.9</ele>
      </trkpt>
      <trkpt lat="28.06503" lon="-16.7311">
        <ele>9.5</ele>
      </trkpt>
      <trkpt lat="28.06515" lon="-16.73124">
        <ele>9.1</ele>
      </trkpt>
      <trkpt lat="28.0652" lon="-16.73128">
        <ele>9.0</ele>
      </trkpt>
      <trkpt lat="28.06527" lon="-16.731349">
        <ele>8.8</ele>
      </trkpt>
      <trkpt lat="28.06539" lon="-16.73147">
        <ele>8.3</ele>
      </trkpt>
      <trkpt lat="28.06546" lon="-16.73152">
        <ele>8.2</ele>
      </trkpt>
      <trkpt lat="28.06555" lon="-16.73159">
        <ele>7.9</ele>
      </trkpt>
      <trkpt lat="28.06556" lon="-16.7316">
        <ele>7.9</ele>
      </trkpt>
      <trkpt lat="28.06565" lon="-16.73166">
        <ele>7.6</ele>
      </trkpt>
      <trkpt lat="28.06573" lon="-16.73171">
        <ele>7.6</ele>
      </trkpt>
      <trkpt lat="28.06583" lon="-16.73177">
        <ele>7.6</ele>
      </trkpt>
      <trkpt lat="28.06589" lon="-16.7318">
        <ele>7.4</ele>
      </trkpt>
      <trkpt lat="28.0659" lon="-16.73181">
        <ele>7.3</ele>
      </trkpt>
      <trkpt lat="28.06596" lon="-16.731839">
        <ele>7.1</ele>
      </trkpt>
      <trkpt lat="28.06608" lon="-16.73189">
        <ele>6.6</ele>
      </trkpt>
      <trkpt lat="28.06616" lon="-16.731919">
        <ele>6.3</ele>
      </trkpt>
      <trkpt lat="28.06622" lon="-16.73194">
        <ele>6.1</ele>
      </trkpt>
      <trkpt lat="28.06643" lon="-16.73199">
        <ele>5.4</ele>
      </trkpt>
      <trkpt lat="28.06658" lon="-16.73204">
        <ele>4.9</ele>
      </trkpt>
      <trkpt lat="28.06677" lon="-16.73208">
        <ele>4.8</ele>
      </trkpt>
      <trkpt lat="28.06685" lon="-16.7321">
        <ele>4.7</ele>
      </trkpt>
      <trkpt lat="28.06705" lon="-16.73213">
        <ele>4.6</ele>
      </trkpt>
      <trkpt lat="28.06719" lon="-16.73216">
        <ele>4.6</ele>
      </trkpt>
      <trkpt lat="28.0679" lon="-16.732289">
        <ele>4.3</ele>
      </trkpt>
      <trkpt lat="28.06797" lon="-16.732289">
        <ele>4.7</ele>
      </trkpt>
      <trkpt lat="28.06815" lon="-16.732299">
        <ele>5.8</ele>
      </trkpt>
      <trkpt lat="28.06833" lon="-16.732309">
        <ele>6.8</ele>
      </trkpt>
      <trkpt lat="28.06869" lon="-16.732309">
        <ele>7.1</ele>
      </trkpt>
      <trkpt lat="28.06876" lon="-16.732309">
        <ele>7.1</ele>
      </trkpt>
      <trkpt lat="28.06882" lon="-16.732309">
        <ele>7.1</ele>
      </trkpt>
      <trkpt lat="28.06897" lon="-16.732309">
        <ele>7.2</ele>
      </trkpt>
      <trkpt lat="28.06951" lon="-16.73228">
        <ele>7.0</ele>
      </trkpt>
      <trkpt lat="28.06959" lon="-16.73227">
        <ele>6.9</ele>
      </trkpt>
      <trkpt lat="28.06992" lon="-16.73225">
        <ele>6.5</ele>
      </trkpt>
      <trkpt lat="28.07002" lon="-16.73224">
        <ele>6.5</ele>
      </trkpt>
      <trkpt lat="28.07006" lon="-16.73223">
        <ele>6.5</ele>
      </trkpt>
      <trkpt lat="28.07013" lon="-16.73222">
        <ele>6.6</ele>
      </trkpt>
      <trkpt lat="28.07019" lon="-16.73219">
        <ele>6.8</ele>
      </trkpt>
      <trkpt lat="28.07028" lon="-16.73214">
        <ele>7.2</ele>
      </trkpt>
      <trkpt lat="28.07038" lon="-16.73207">
        <ele>7.7</ele>
      </trkpt>
      <trkpt lat="28.07045" lon="-16.732009">
        <ele>8.1</ele>
      </trkpt>
      <trkpt lat="28.07049" lon="-16.73197">
        <ele>8.3</ele>
      </trkpt>
      <trkpt lat="28.0706" lon="-16.731839">
        <ele>9.2</ele>
      </trkpt>
      <trkpt lat="28.07063" lon="-16.73179">
        <ele>9.5</ele>
      </trkpt>
      <trkpt lat="28.07071" lon="-16.731639">
        <ele>10.4</ele>
      </trkpt>
      <trkpt lat="28.07082" lon="-16.73149">
        <ele>10.5</ele>
      </trkpt>
      <trkpt lat="28.07095" lon="-16.73131">
        <ele>11.2</ele>
      </trkpt>
      <trkpt lat="28.07103" lon="-16.7312">
        <ele>11.7</ele>
      </trkpt>
      <trkpt lat="28.07111" lon="-16.731089">
        <ele>12.0</ele>
      </trkpt>
      <trkpt lat="28.07114" lon="-16.73105">
        <ele>12.1</ele>
      </trkpt>
      <trkpt lat="28.07118" lon="-16.73101">
        <ele>12.3</ele>
      </trkpt>
      <trkpt lat="28.07122" lon="-16.730979">
        <ele>12.4</ele>
      </trkpt>
      <trkpt lat="28.07128" lon="-16.73095">
        <ele>12.5</ele>
      </trkpt>
      <trkpt lat="28.07138" lon="-16.730889">
        <ele>12.7</ele>
      </trkpt>
      <trkpt lat="28.07149" lon="-16.73086">
        <ele>12.8</ele>
      </trkpt>
      <trkpt lat="28.07152" lon="-16.73086">
        <ele>12.8</ele>
      </trkpt>
      <trkpt lat="28.07161" lon="-16.73085">
        <ele>12.9</ele>
      </trkpt>
      <trkpt lat="28.07168" lon="-16.73085">
        <ele>13.1</ele>
      </trkpt>
      <trkpt lat="28.07174" lon="-16.73086">
        <ele>13.6</ele>
      </trkpt>
      <trkpt lat="28.07181" lon="-16.73088">
        <ele>14.2</ele>
      </trkpt>
      <trkpt lat="28.07186" lon="-16.730889">
        <ele>14.6</ele>
      </trkpt>
      <trkpt lat="28.07196" lon="-16.73094">
        <ele>15.5</ele>
      </trkpt>
      <trkpt lat="28.07198" lon="-16.73094">
        <ele>15.6</ele>
      </trkpt>
      <trkpt lat="28.07206" lon="-16.730979">
        <ele>16.2</ele>
      </trkpt>
      <trkpt lat="28.07209" lon="-16.730989">
        <ele>16.5</ele>
      </trkpt>
      <trkpt lat="28.07222" lon="-16.73105">
        <ele>17.4</ele>
      </trkpt>
      <trkpt lat="28.07238" lon="-16.73111">
        <ele>18.5</ele>
      </trkpt>
      <trkpt lat="28.07244" lon="-16.73113">
        <ele>18.9</ele>
      </trkpt>
      <trkpt lat="28.07251" lon="-16.73113">
        <ele>19.3</ele>
      </trkpt>
      <trkpt lat="28.07258" lon="-16.73114">
        <ele>19.4</ele>
      </trkpt>
      <trkpt lat="28.07262" lon="-16.73113">
        <ele>19.4</ele>
      </trkpt>
      <trkpt lat="28.07266" lon="-16.73112">
        <ele>19.5</ele>
      </trkpt>
      <trkpt lat="28.07269" lon="-16.73111">
        <ele>19.6</ele>
      </trkpt>
      <trkpt lat="28.07278" lon="-16.731089">
        <ele>19.7</ele>
      </trkpt>
      <trkpt lat="28.07278" lon="-16.731089">
        <ele>19.7</ele>
      </trkpt>
      <trkpt lat="28.07286" lon="-16.731079">
        <ele>19.8</ele>
      </trkpt>
      <trkpt lat="28.07293" lon="-16.731069">
        <ele>19.9</ele>
      </trkpt>
      <trkpt lat="28.07298" lon="-16.731069">
        <ele>20.0</ele>
      </trkpt>
      <trkpt lat="28.07301" lon="-16.731069">
        <ele>20.0</ele>
      </trkpt>
      <trkpt lat="28.07305" lon="-16.731079">
        <ele>20.1</ele>
      </trkpt>
      <trkpt lat="28.07309" lon="-16.731079">
        <ele>20.1</ele>
      </trkpt>
      <trkpt lat="28.07322" lon="-16.7311">
        <ele>20.2</ele>
      </trkpt>
      <trkpt lat="28.0733" lon="-16.73112">
        <ele>20.3</ele>
      </trkpt>
      <trkpt lat="28.07338" lon="-16.73114">
        <ele>20.8</ele>
      </trkpt>
      <trkpt lat="28.0734" lon="-16.73115">
        <ele>21.0</ele>
      </trkpt>
      <trkpt lat="28.07341" lon="-16.731169">
        <ele>21.1</ele>
      </trkpt>
      <trkpt lat="28.07343" lon="-16.731179">
        <ele>21.3</ele>
      </trkpt>
      <trkpt lat="28.07348" lon="-16.731269">
        <ele>21.7</ele>
      </trkpt>
      <trkpt lat="28.07347" lon="-16.73134">
        <ele>21.4</ele>
      </trkpt>
      <trkpt lat="28.07345" lon="-16.7314">
        <ele>21.0</ele>
      </trkpt>
      <trkpt lat="28.07342" lon="-16.7315">
        <ele>20.4</ele>
      </trkpt>
      <trkpt lat="28.07339" lon="-16.7316">
        <ele>19.8</ele>
      </trkpt>
      <trkpt lat="28.07338" lon="-16.73166">
        <ele>19.6</ele>
      </trkpt>
      <trkpt lat="28.07337" lon="-16.73167">
        <ele>19.4</ele>
      </trkpt>
      <trkpt lat="28.07337" lon="-16.73175">
        <ele>19.2</ele>
      </trkpt>
      <trkpt lat="28.07337" lon="-16.731819">
        <ele>18.9</ele>
      </trkpt>
      <trkpt lat="28.07338" lon="-16.73186">
        <ele>18.9</ele>
      </trkpt>
      <trkpt lat="28.07339" lon="-16.73188">
        <ele>19.0</ele>
      </trkpt>
      <trkpt lat="28.07341" lon="-16.73191">
        <ele>19.2</ele>
      </trkpt>
      <trkpt lat="28.07342" lon="-16.73195">
        <ele>19.2</ele>
      </trkpt>
      <trkpt lat="28.07345" lon="-16.73198">
        <ele>19.5</ele>
      </trkpt>
      <trkpt lat="28.07347" lon="-16.732009">
        <ele>19.7</ele>
      </trkpt>
      <trkpt lat="28.0735" lon="-16.73204">
        <ele>20.0</ele>
      </trkpt>
      <trkpt lat="28.07353" lon="-16.73206">
        <ele>20.4</ele>
      </trkpt>
      <trkpt lat="28.07357" lon="-16.73209">
        <ele>20.9</ele>
      </trkpt>
      <trkpt lat="28.07361" lon="-16.732109">
        <ele>21.4</ele>
      </trkpt>
      <trkpt lat="28.07367" lon="-16.732119">
        <ele>22.3</ele>
      </trkpt>
      <trkpt lat="28.0737" lon="-16.732119">
        <ele>22.7</ele>
      </trkpt>
      <trkpt lat="28.07373" lon="-16.732119">
        <ele>23.2</ele>
      </trkpt>
      <trkpt lat="28.07375" lon="-16.732119">
        <ele>23.5</ele>
      </trkpt>
      <trkpt lat="28.07377" lon="-16.732119">
        <ele>23.8</ele>
      </trkpt>
      <trkpt lat="28.0738" lon="-16.7321">
        <ele>24.2</ele>
      </trkpt>
      <trkpt lat="28.07382" lon="-16.7321">
        <ele>24.5</ele>
      </trkpt>
      <trkpt lat="28.07394" lon="-16.73206">
        <ele>26.2</ele>
      </trkpt>
      <trkpt lat="28.07396" lon="-16.73205">
        <ele>26.5</ele>
      </trkpt>
      <trkpt lat="28.07403" lon="-16.732009">
        <ele>27.5</ele>
      </trkpt>
      <trkpt lat="28.07413" lon="-16.73195">
        <ele>28.8</ele>
      </trkpt>
      <trkpt lat="28.07425" lon="-16.73188">
        <ele>29.5</ele>
      </trkpt>
      <trkpt lat="28.07429" lon="-16.731839">
        <ele>29.5</ele>
      </trkpt>
      <trkpt lat="28.07443" lon="-16.7317">
        <ele>29.9</ele>
      </trkpt>
      <trkpt lat="28.07449" lon="-16.731639">
        <ele>30.3</ele>
      </trkpt>
      <trkpt lat="28.07452" lon="-16.73162">
        <ele>30.5</ele>
      </trkpt>
      <trkpt lat="28.07454" lon="-16.7316">
        <ele>30.6</ele>
      </trkpt>
      <trkpt lat="28.07456" lon="-16.73158">
        <ele>30.8</ele>
      </trkpt>
      <trkpt lat="28.07457" lon="-16.731549">
        <ele>30.9</ele>
      </trkpt>
      <trkpt lat="28.074573" lon="-16.731539">
        <ele>31.0</ele>
      </trkpt>
      <trkpt lat="28.07458" lon="-16.73152">
        <ele>31.1</ele>
      </trkpt>
      <trkpt lat="28.0746" lon="-16.73149">
        <ele>31.3</ele>
      </trkpt>
      <trkpt lat="28.07461" lon="-16.731459">
        <ele>31.5</ele>
      </trkpt>
      <trkpt lat="28.07466" lon="-16.73138">
        <ele>32.1</ele>
      </trkpt>
      <trkpt lat="28.07466" lon="-16.73138">
        <ele>32.1</ele>
      </trkpt>
      <trkpt lat="28.07465" lon="-16.731369">
        <ele>32.1</ele>
      </trkpt>
      <trkpt lat="28.07465" lon="-16.731349">
        <ele>32.2</ele>
      </trkpt>
      <trkpt lat="28.07465" lon="-16.73133">
        <ele>32.3</ele>
      </trkpt>
      <trkpt lat="28.07465" lon="-16.73132">
        <ele>32.3</ele>
      </trkpt>
      <trkpt lat="28.07466" lon="-16.7313">
        <ele>32.4</ele>
      </trkpt>
      <trkpt lat="28.07467" lon="-16.73128">
        <ele>32.6</ele>
      </trkpt>
      <trkpt lat="28.07468" lon="-16.731269">
        <ele>32.7</ele>
      </trkpt>
      <trkpt lat="28.0747" lon="-16.731259">
        <ele>32.8</ele>
      </trkpt>
      <trkpt lat="28.07471" lon="-16.731259">
        <ele>32.9</ele>
      </trkpt>
      <trkpt lat="28.07473" lon="-16.73125">
        <ele>33.0</ele>
      </trkpt>
      <trkpt lat="28.07474" lon="-16.731259">
        <ele>33.0</ele>
      </trkpt>
      <trkpt lat="28.07476" lon="-16.731259">
        <ele>33.2</ele>
      </trkpt>
      <trkpt lat="28.07478" lon="-16.731269">
        <ele>33.2</ele>
      </trkpt>
      <trkpt lat="28.07479" lon="-16.73128">
        <ele>33.2</ele>
      </trkpt>
      <trkpt lat="28.0748" lon="-16.7313">
        <ele>33.2</ele>
      </trkpt>
      <trkpt lat="28.0748" lon="-16.73132">
        <ele>33.1</ele>
      </trkpt>
      <trkpt lat="28.07481" lon="-16.73132">
        <ele>33.1</ele>
      </trkpt>
      <trkpt lat="28.07489" lon="-16.731349">
        <ele>33.4</ele>
      </trkpt>
      <trkpt lat="28.0749" lon="-16.731359">
        <ele>33.3</ele>
      </trkpt>
      <trkpt lat="28.07498" lon="-16.73139">
        <ele>33.6</ele>
      </trkpt>
      <trkpt lat="28.07502" lon="-16.7314">
        <ele>33.6</ele>
      </trkpt>
      <trkpt lat="28.07517" lon="-16.731449">
        <ele>33.1</ele>
      </trkpt>
      <trkpt lat="28.07543" lon="-16.73153">
        <ele>32.4</ele>
      </trkpt>
      <trkpt lat="28.07559" lon="-16.73158">
        <ele>31.9</ele>
      </trkpt>
      <trkpt lat="28.07608" lon="-16.73171">
        <ele>31.7</ele>
      </trkpt>
      <trkpt lat="28.07647" lon="-16.73185">
        <ele>32.6</ele>
      </trkpt>
      <trkpt lat="28.07654" lon="-16.73186">
        <ele>32.8</ele>
      </trkpt>
      <trkpt lat="28.07666" lon="-16.73189">
        <ele>33.2</ele>
      </trkpt>
      <trkpt lat="28.07681" lon="-16.73194">
        <ele>33.6</ele>
      </trkpt>
      <trkpt lat="28.07686" lon="-16.73196">
        <ele>33.7</ele>
      </trkpt>
      <trkpt lat="28.07699" lon="-16.732">
        <ele>34.0</ele>
      </trkpt>
      <trkpt lat="28.07719" lon="-16.73206">
        <ele>34.5</ele>
      </trkpt>
      <trkpt lat="28.07733" lon="-16.7321">
        <ele>34.8</ele>
      </trkpt>
      <trkpt lat="28.077602" lon="-16.732178">
        <ele>35.0</ele>
      </trkpt>
      <trkpt lat="28.07778" lon="-16.73223">
        <ele>34.7</ele>
      </trkpt>
      <trkpt lat="28.07789" lon="-16.73227">
        <ele>34.4</ele>
      </trkpt>
      <trkpt lat="28.07799" lon="-16.732289">
        <ele>34.3</ele>
      </trkpt>
      <trkpt lat="28.07799" lon="-16.732289">
        <ele>34.3</ele>
      </trkpt>
      <trkpt lat="28.078" lon="-16.73228">
        <ele>34.4</ele>
      </trkpt>
      <trkpt lat="28.07802" lon="-16.73228">
        <ele>34.4</ele>
      </trkpt>
      <trkpt lat="28.07804" lon="-16.73227">
        <ele>34.4</ele>
      </trkpt>
      <trkpt lat="28.07805" lon="-16.73228">
        <ele>34.4</ele>
      </trkpt>
      <trkpt lat="28.07807" lon="-16.73228">
        <ele>34.4</ele>
      </trkpt>
      <trkpt lat="28.07808" lon="-16.732289">
        <ele>34.3</ele>
      </trkpt>
      <trkpt lat="28.0781" lon="-16.732299">
        <ele>34.2</ele>
      </trkpt>
      <trkpt lat="28.07811" lon="-16.73232">
        <ele>34.0</ele>
      </trkpt>
      <trkpt lat="28.07811" lon="-16.73233">
        <ele>33.9</ele>
      </trkpt>
      <trkpt lat="28.07812" lon="-16.73235">
        <ele>33.7</ele>
      </trkpt>
      <trkpt lat="28.07812" lon="-16.73237">
        <ele>33.5</ele>
      </trkpt>
      <trkpt lat="28.07812" lon="-16.732389">
        <ele>33.3</ele>
      </trkpt>
      <trkpt lat="28.07811" lon="-16.73241">
        <ele>33.1</ele>
      </trkpt>
      <trkpt lat="28.07811" lon="-16.73242">
        <ele>33.0</ele>
      </trkpt>
      <trkpt lat="28.0781" lon="-16.73244">
        <ele>32.8</ele>
      </trkpt>
      <trkpt lat="28.07815" lon="-16.732489">
        <ele>32.3</ele>
      </trkpt>
      <trkpt lat="28.07817" lon="-16.7325">
        <ele>32.2</ele>
      </trkpt>
      <trkpt lat="28.07823" lon="-16.73253">
        <ele>31.9</ele>
      </trkpt>
      <trkpt lat="28.07828" lon="-16.73255">
        <ele>31.8</ele>
      </trkpt>
      <trkpt lat="28.07831" lon="-16.732569">
        <ele>31.6</ele>
      </trkpt>
      <trkpt lat="28.07834" lon="-16.732579">
        <ele>31.5</ele>
      </trkpt>
      <trkpt lat="28.07836" lon="-16.732589">
        <ele>31.3</ele>
      </trkpt>
      <trkpt lat="28.07842" lon="-16.73265">
        <ele>30.6</ele>
      </trkpt>
      <trkpt lat="28.07846" lon="-16.732679">
        <ele>30.2</ele>
      </trkpt>
      <trkpt lat="28.07851" lon="-16.73273">
        <ele>29.6</ele>
      </trkpt>
      <trkpt lat="28.07858" lon="-16.73279">
        <ele>28.8</ele>
      </trkpt>
      <trkpt lat="28.07877" lon="-16.733039">
        <ele>25.6</ele>
      </trkpt>
      <trkpt lat="28.07888" lon="-16.73318">
        <ele>23.7</ele>
      </trkpt>
      <trkpt lat="28.07895" lon="-16.73326">
        <ele>22.5</ele>
      </trkpt>
      <trkpt lat="28.07898" lon="-16.73329">
        <ele>21.9</ele>
      </trkpt>
      <trkpt lat="28.079" lon="-16.73331">
        <ele>21.6</ele>
      </trkpt>
      <trkpt lat="28.07903" lon="-16.73335">
        <ele>21.0</ele>
      </trkpt>
      <trkpt lat="28.07908" lon="-16.73339">
        <ele>20.3</ele>
      </trkpt>
      <trkpt lat="28.07912" lon="-16.733419">
        <ele>19.8</ele>
      </trkpt>
      <trkpt lat="28.07915" lon="-16.73344">
        <ele>19.4</ele>
      </trkpt>
      <trkpt lat="28.07923" lon="-16.73349">
        <ele>18.7</ele>
      </trkpt>
      <trkpt lat="28.07927" lon="-16.733519">
        <ele>18.4</ele>
      </trkpt>
      <trkpt lat="28.07931" lon="-16.73354">
        <ele>18.2</ele>
      </trkpt>
      <trkpt lat="28.0794" lon="-16.73359">
        <ele>17.6</ele>
      </trkpt>
      <trkpt lat="28.07956" lon="-16.73364">
        <ele>16.8</ele>
      </trkpt>
      <trkpt lat="28.0798" lon="-16.73368">
        <ele>16.0</ele>
      </trkpt>
      <trkpt lat="28.07996" lon="-16.73368">
        <ele>15.6</ele>
      </trkpt>
      <trkpt lat="28.08018" lon="-16.73368">
        <ele>15.8</ele>
      </trkpt>
      <trkpt lat="28.08029" lon="-16.73367">
        <ele>16.1</ele>
      </trkpt>
      <trkpt lat="28.0807" lon="-16.73358">
        <ele>17.8</ele>
      </trkpt>
      <trkpt lat="28.08079" lon="-16.73354">
        <ele>18.4</ele>
      </trkpt>
      <trkpt lat="28.08086" lon="-16.733519">
        <ele>18.7</ele>
      </trkpt>
      <trkpt lat="28.08095" lon="-16.73346">
        <ele>19.3</ele>
      </trkpt>
      <trkpt lat="28.08121" lon="-16.73328">
        <ele>20.4</ele>
      </trkpt>
      <trkpt lat="28.08121" lon="-16.73327">
        <ele>20.5</ele>
      </trkpt>
      <trkpt lat="28.08146" lon="-16.73313">
        <ele>21.0</ele>
      </trkpt>
      <trkpt lat="28.08189" lon="-16.732959">
        <ele>22.0</ele>
      </trkpt>
      <trkpt lat="28.08189" lon="-16.732959">
        <ele>22.0</ele>
      </trkpt>
      <trkpt lat="28.08207" lon="-16.732949">
        <ele>21.9</ele>
      </trkpt>
      <trkpt lat="28.08224" lon="-16.73299">
        <ele>21.6</ele>
      </trkpt>
      <trkpt lat="28.08234" lon="-16.73303">
        <ele>21.4</ele>
      </trkpt>
      <trkpt lat="28.08252" lon="-16.73316">
        <ele>21.4</ele>
      </trkpt>
      <trkpt lat="28.08296" lon="-16.73359">
        <ele>23.0</ele>
      </trkpt>
      <trkpt lat="28.08301" lon="-16.73364">
        <ele>22.9</ele>
      </trkpt>
      <trkpt lat="28.08315" lon="-16.73376">
        <ele>22.7</ele>
      </trkpt>
      <trkpt lat="28.0833" lon="-16.733899">
        <ele>22.0</ele>
      </trkpt>
      <trkpt lat="28.08339" lon="-16.73396">
        <ele>21.9</ele>
      </trkpt>
      <trkpt lat="28.08344" lon="-16.733979">
        <ele>22.1</ele>
      </trkpt>
      <trkpt lat="28.08351" lon="-16.734">
        <ele>22.5</ele>
      </trkpt>
      <trkpt lat="28.0836" lon="-16.73401">
        <ele>23.2</ele>
      </trkpt>
      <trkpt lat="28.08363" lon="-16.73401">
        <ele>23.5</ele>
      </trkpt>
      <trkpt lat="28.08364" lon="-16.73401">
        <ele>23.6</ele>
      </trkpt>
      <trkpt lat="28.0837" lon="-16.734">
        <ele>24.2</ele>
      </trkpt>
      <trkpt lat="28.0838" lon="-16.733979">
        <ele>25.2</ele>
      </trkpt>
      <trkpt lat="28.08387" lon="-16.73395">
        <ele>25.9</ele>
      </trkpt>
      <trkpt lat="28.08394" lon="-16.733899">
        <ele>26.7</ele>
      </trkpt>
      <trkpt lat="28.08399" lon="-16.73385">
        <ele>27.2</ele>
      </trkpt>
      <trkpt lat="28.08404" lon="-16.733789">
        <ele>27.7</ele>
      </trkpt>
      <trkpt lat="28.08408" lon="-16.73373">
        <ele>28.1</ele>
      </trkpt>
      <trkpt lat="28.08418" lon="-16.73356">
        <ele>28.6</ele>
      </trkpt>
      <trkpt lat="28.08421" lon="-16.733519">
        <ele>28.5</ele>
      </trkpt>
      <trkpt lat="28.08454" lon="-16.73293">
        <ele>28.8</ele>
      </trkpt>
      <trkpt lat="28.08464" lon="-16.73272">
        <ele>29.2</ele>
      </trkpt>
      <trkpt lat="28.08481" lon="-16.73241">
        <ele>29.0</ele>
      </trkpt>
      <trkpt lat="28.08483" lon="-16.732399">
        <ele>28.8</ele>
      </trkpt>
      <trkpt lat="28.08484" lon="-16.73238">
        <ele>28.7</ele>
      </trkpt>
      <trkpt lat="28.08487" lon="-16.73237">
        <ele>28.5</ele>
      </trkpt>
      <trkpt lat="28.08489" lon="-16.73235">
        <ele>28.3</ele>
      </trkpt>
      <trkpt lat="28.08491" lon="-16.73234">
        <ele>28.2</ele>
      </trkpt>
      <trkpt lat="28.08491" lon="-16.73234">
        <ele>28.2</ele>
      </trkpt>
      <trkpt lat="28.08492" lon="-16.73233">
        <ele>28.1</ele>
      </trkpt>
      <trkpt lat="28.08492" lon="-16.73232">
        <ele>28.1</ele>
      </trkpt>
      <trkpt lat="28.08492" lon="-16.732309">
        <ele>28.2</ele>
      </trkpt>
      <trkpt lat="28.08493" lon="-16.732309">
        <ele>28.1</ele>
      </trkpt>
      <trkpt lat="28.08493" lon="-16.732299">
        <ele>28.1</ele>
      </trkpt>
      <trkpt lat="28.08494" lon="-16.732299">
        <ele>28.0</ele>
      </trkpt>
      <trkpt lat="28.08494" lon="-16.732289">
        <ele>28.0</ele>
      </trkpt>
      <trkpt lat="28.08495" lon="-16.73228">
        <ele>28.0</ele>
      </trkpt>
      <trkpt lat="28.08496" lon="-16.73227">
        <ele>27.9</ele>
      </trkpt>
      <trkpt lat="28.08497" lon="-16.73227">
        <ele>27.8</ele>
      </trkpt>
      <trkpt lat="28.08498" lon="-16.73226">
        <ele>27.7</ele>
      </trkpt>
      <trkpt lat="28.08499" lon="-16.73226">
        <ele>27.7</ele>
      </trkpt>
      <trkpt lat="28.085" lon="-16.73225">
        <ele>27.6</ele>
      </trkpt>
      <trkpt lat="28.08501" lon="-16.73225">
        <ele>27.6</ele>
      </trkpt>
      <trkpt lat="28.08502" lon="-16.73225">
        <ele>27.6</ele>
      </trkpt>
      <trkpt lat="28.08503" lon="-16.73225">
        <ele>27.6</ele>
      </trkpt>
      <trkpt lat="28.08504" lon="-16.73225">
        <ele>27.6</ele>
      </trkpt>
      <trkpt lat="28.08505" lon="-16.73225">
        <ele>27.7</ele>
      </trkpt>
      <trkpt lat="28.08506" lon="-16.73225">
        <ele>27.7</ele>
      </trkpt>
      <trkpt lat="28.08507" lon="-16.73225">
        <ele>27.7</ele>
      </trkpt>
      <trkpt lat="28.08508" lon="-16.73226">
        <ele>27.7</ele>
      </trkpt>
      <trkpt lat="28.08509" lon="-16.73226">
        <ele>27.7</ele>
      </trkpt>
      <trkpt lat="28.0851" lon="-16.73227">
        <ele>27.7</ele>
      </trkpt>
      <trkpt lat="28.08511" lon="-16.73227">
        <ele>27.7</ele>
      </trkpt>
      <trkpt lat="28.08511" lon="-16.73228">
        <ele>27.6</ele>
      </trkpt>
      <trkpt lat="28.08512" lon="-16.73228">
        <ele>27.6</ele>
      </trkpt>
      <trkpt lat="28.08512" lon="-16.732289">
        <ele>27.6</ele>
      </trkpt>
      <trkpt lat="28.08513" lon="-16.732289">
        <ele>27.6</ele>
      </trkpt>
      <trkpt lat="28.08513" lon="-16.732299">
        <ele>27.6</ele>
      </trkpt>
      <trkpt lat="28.08514" lon="-16.732309">
        <ele>27.6</ele>
      </trkpt>
      <trkpt lat="28.08514" lon="-16.73232">
        <ele>27.5</ele>
      </trkpt>
      <trkpt lat="28.08515" lon="-16.73233">
        <ele>27.5</ele>
      </trkpt>
      <trkpt lat="28.08515" lon="-16.73234">
        <ele>27.5</ele>
      </trkpt>
      <trkpt lat="28.0852" lon="-16.73238">
        <ele>27.4</ele>
      </trkpt>
      <trkpt lat="28.08522" lon="-16.732389">
        <ele>27.4</ele>
      </trkpt>
      <trkpt lat="28.08525" lon="-16.73242">
        <ele>27.3</ele>
      </trkpt>
      <trkpt lat="28.08526" lon="-16.73243">
        <ele>27.2</ele>
      </trkpt>
      <trkpt lat="28.0853" lon="-16.73245">
        <ele>27.2</ele>
      </trkpt>
      <trkpt lat="28.08532" lon="-16.73246">
        <ele>27.2</ele>
      </trkpt>
      <trkpt lat="28.0854" lon="-16.73247">
        <ele>27.1</ele>
      </trkpt>
      <trkpt lat="28.08547" lon="-16.732489">
        <ele>27.0</ele>
      </trkpt>
      <trkpt lat="28.08552" lon="-16.7325">
        <ele>27.0</ele>
      </trkpt>
      <trkpt lat="28.08554" lon="-16.73251">
        <ele>26.9</ele>
      </trkpt>
      <trkpt lat="28.08565" lon="-16.73253">
        <ele>26.8</ele>
      </trkpt>
      <trkpt lat="28.08607" lon="-16.73265">
        <ele>25.2</ele>
      </trkpt>
      <trkpt lat="28.08607" lon="-16.73264">
        <ele>25.3</ele>
      </trkpt>
      <trkpt lat="28.08608" lon="-16.73264">
        <ele>25.3</ele>
      </trkpt>
      <trkpt lat="28.08608" lon="-16.73263">
        <ele>25.4</ele>
      </trkpt>
      <trkpt lat="28.08609" lon="-16.73263">
        <ele>25.3</ele>
      </trkpt>
      <trkpt lat="28.08609" lon="-16.73262">
        <ele>25.4</ele>
      </trkpt>
      <trkpt lat="28.0861" lon="-16.73262">
        <ele>25.4</ele>
      </trkpt>
      <trkpt lat="28.08611" lon="-16.73262">
        <ele>25.4</ele>
      </trkpt>
      <trkpt lat="28.08612" lon="-16.73261">
        <ele>25.4</ele>
      </trkpt>
      <trkpt lat="28.08613" lon="-16.73261">
        <ele>25.4</ele>
      </trkpt>
      <trkpt lat="28.08614" lon="-16.73261">
        <ele>25.4</ele>
      </trkpt>
      <trkpt lat="28.08615" lon="-16.73261">
        <ele>25.4</ele>
      </trkpt>
      <trkpt lat="28.08616" lon="-16.73261">
        <ele>25.3</ele>
      </trkpt>
      <trkpt lat="28.08617" lon="-16.73261">
        <ele>25.3</ele>
      </trkpt>
      <trkpt lat="28.08618" lon="-16.73261">
        <ele>25.3</ele>
      </trkpt>
      <trkpt lat="28.08638" lon="-16.73255">
        <ele>25.3</ele>
      </trkpt>
      <trkpt lat="28.0866" lon="-16.73246">
        <ele>25.5</ele>
      </trkpt>
      <trkpt lat="28.0871" lon="-16.732289">
        <ele>27.4</ele>
      </trkpt>
      <trkpt lat="28.08727" lon="-16.73223">
        <ele>28.1</ele>
      </trkpt>
      <trkpt lat="28.087357" lon="-16.732198">
        <ele>28.4</ele>
      </trkpt>
      <trkpt lat="28.08738" lon="-16.73219">
        <ele>28.5</ele>
      </trkpt>
      <trkpt lat="28.08739" lon="-16.73218">
        <ele>28.6</ele>
      </trkpt>
      <trkpt lat="28.08746" lon="-16.73215">
        <ele>28.9</ele>
      </trkpt>
      <trkpt lat="28.08756" lon="-16.7321">
        <ele>29.7</ele>
      </trkpt>
      <trkpt lat="28.0876" lon="-16.73209">
        <ele>30.0</ele>
      </trkpt>
      <trkpt lat="28.08764" lon="-16.7321">
        <ele>30.1</ele>
      </trkpt>
      <trkpt lat="28.08764" lon="-16.7321">
        <ele>30.1</ele>
      </trkpt>
      <trkpt lat="28.08765" lon="-16.7321">
        <ele>30.2</ele>
      </trkpt>
      <trkpt lat="28.08767" lon="-16.73208">
        <ele>30.4</ele>
      </trkpt>
      <trkpt lat="28.08768" lon="-16.73208">
        <ele>30.5</ele>
      </trkpt>
      <trkpt lat="28.08769" lon="-16.73208">
        <ele>30.6</ele>
      </trkpt>
      <trkpt lat="28.08771" lon="-16.73207">
        <ele>30.8</ele>
      </trkpt>
      <trkpt lat="28.08774" lon="-16.73207">
        <ele>30.9</ele>
      </trkpt>
      <trkpt lat="28.08776" lon="-16.73207">
        <ele>31.0</ele>
      </trkpt>
      <trkpt lat="28.08778" lon="-16.73208">
        <ele>31.0</ele>
      </trkpt>
      <trkpt lat="28.08781" lon="-16.73209">
        <ele>31.1</ele>
      </trkpt>
      <trkpt lat="28.08783" lon="-16.7321">
        <ele>31.1</ele>
      </trkpt>
      <trkpt lat="28.08785" lon="-16.732109">
        <ele>31.2</ele>
      </trkpt>
      <trkpt lat="28.08786" lon="-16.73213">
        <ele>31.0</ele>
      </trkpt>
      <trkpt lat="28.08788" lon="-16.73215">
        <ele>31.0</ele>
      </trkpt>
      <trkpt lat="28.08789" lon="-16.73218">
        <ele>30.7</ele>
      </trkpt>
      <trkpt lat="28.0879" lon="-16.732199">
        <ele>30.6</ele>
      </trkpt>
      <trkpt lat="28.0879" lon="-16.73223">
        <ele>30.3</ele>
      </trkpt>
      <trkpt lat="28.0879" lon="-16.73228">
        <ele>29.9</ele>
      </trkpt>
      <trkpt lat="28.0879" lon="-16.732309">
        <ele>29.6</ele>
      </trkpt>
      <trkpt lat="28.08792" lon="-16.73234">
        <ele>29.5</ele>
      </trkpt>
      <trkpt lat="28.08794" lon="-16.73238">
        <ele>29.2</ele>
      </trkpt>
      <trkpt lat="28.08796" lon="-16.73247">
        <ele>28.5</ele>
      </trkpt>
      <trkpt lat="28.08798" lon="-16.73252">
        <ele>28.3</ele>
      </trkpt>
      <trkpt lat="28.08801" lon="-16.73262">
        <ele>28.4</ele>
      </trkpt>
      <trkpt lat="28.08804" lon="-16.73271">
        <ele>28.4</ele>
      </trkpt>
      <trkpt lat="28.0881" lon="-16.73283">
        <ele>28.6</ele>
      </trkpt>
      <trkpt lat="28.08841" lon="-16.7334">
        <ele>29.5</ele>
      </trkpt>
      <trkpt lat="28.08844" lon="-16.73346">
        <ele>29.7</ele>
      </trkpt>
      <trkpt lat="28.08885" lon="-16.73425">
        <ele>31.3</ele>
      </trkpt>
      <trkpt lat="28.08886" lon="-16.734279">
        <ele>31.3</ele>
      </trkpt>
      <trkpt lat="28.08892" lon="-16.73439">
        <ele>31.5</ele>
      </trkpt>
      <trkpt lat="28.08905" lon="-16.73463">
        <ele>31.8</ele>
      </trkpt>
      <trkpt lat="28.08908" lon="-16.73468">
        <ele>31.9</ele>
      </trkpt>
      <trkpt lat="28.08938" lon="-16.73516">
        <ele>32.6</ele>
      </trkpt>
      <trkpt lat="28.08938" lon="-16.73516">
        <ele>32.6</ele>
      </trkpt>
      <trkpt lat="28.08939" lon="-16.73516">
        <ele>32.7</ele>
      </trkpt>
      <trkpt lat="28.0894" lon="-16.73516">
        <ele>32.7</ele>
      </trkpt>
      <trkpt lat="28.08941" lon="-16.73516">
        <ele>32.7</ele>
      </trkpt>
      <trkpt lat="28.08942" lon="-16.73516">
        <ele>32.8</ele>
      </trkpt>
      <trkpt lat="28.08943" lon="-16.73517">
        <ele>32.8</ele>
      </trkpt>
      <trkpt lat="28.08944" lon="-16.73517">
        <ele>32.8</ele>
      </trkpt>
      <trkpt lat="28.08945" lon="-16.73518">
        <ele>32.9</ele>
      </trkpt>
      <trkpt lat="28.08946" lon="-16.73518">
        <ele>32.9</ele>
      </trkpt>
      <trkpt lat="28.08947" lon="-16.73519">
        <ele>32.9</ele>
      </trkpt>
      <trkpt lat="28.0896" lon="-16.73515">
        <ele>33.5</ele>
      </trkpt>
      <trkpt lat="28.08965" lon="-16.73514">
        <ele>33.7</ele>
      </trkpt>
      <trkpt lat="28.0897" lon="-16.735109">
        <ele>33.9</ele>
      </trkpt>
      <trkpt lat="28.08975" lon="-16.73509">
        <ele>34.1</ele>
      </trkpt>
      <trkpt lat="28.0898" lon="-16.73506">
        <ele>34.3</ele>
      </trkpt>
      <trkpt lat="28.08988" lon="-16.735009">
        <ele>34.6</ele>
      </trkpt>
      <trkpt lat="28.08992" lon="-16.73498">
        <ele>34.7</ele>
      </trkpt>
      <trkpt lat="28.09001" lon="-16.734919">
        <ele>34.9</ele>
      </trkpt>
      <trkpt lat="28.09004" lon="-16.7349">
        <ele>35.0</ele>
      </trkpt>
      <trkpt lat="28.09015" lon="-16.734829">
        <ele>35.1</ele>
      </trkpt>
      <trkpt lat="28.09024" lon="-16.73479">
        <ele>35.3</ele>
      </trkpt>
      <trkpt lat="28.09037" lon="-16.73477">
        <ele>35.7</ele>
      </trkpt>
      <trkpt lat="28.0904" lon="-16.73477">
        <ele>35.7</ele>
      </trkpt>
      <trkpt lat="28.09047" lon="-16.73476">
        <ele>35.9</ele>
      </trkpt>
      <trkpt lat="28.0905" lon="-16.73476">
        <ele>36.0</ele>
      </trkpt>
      <trkpt lat="28.09087" lon="-16.73476">
        <ele>37.1</ele>
      </trkpt>
      <trkpt lat="28.09088" lon="-16.73476">
        <ele>37.1</ele>
      </trkpt>
      <trkpt lat="28.09123" lon="-16.73481">
        <ele>38.7</ele>
      </trkpt>
      <trkpt lat="28.09123" lon="-16.73481">
        <ele>38.7</ele>
      </trkpt>
      <trkpt lat="28.09124" lon="-16.7348">
        <ele>38.8</ele>
      </trkpt>
      <trkpt lat="28.09125" lon="-16.7348">
        <ele>38.8</ele>
      </trkpt>
      <trkpt lat="28.09126" lon="-16.73479">
        <ele>38.9</ele>
      </trkpt>
      <trkpt lat="28.09127" lon="-16.73479">
        <ele>39.0</ele>
      </trkpt>
      <trkpt lat="28.09127" lon="-16.73478">
        <ele>39.0</ele>
      </trkpt>
      <trkpt lat="28.09128" lon="-16.73478">
        <ele>39.1</ele>
      </trkpt>
      <trkpt lat="28.09129" lon="-16.73478">
        <ele>39.1</ele>
      </trkpt>
      <trkpt lat="28.09131" lon="-16.73478">
        <ele>39.2</ele>
      </trkpt>
      <trkpt lat="28.09132" lon="-16.73478">
        <ele>39.3</ele>
      </trkpt>
      <trkpt lat="28.09133" lon="-16.73478">
        <ele>39.3</ele>
      </trkpt>
      <trkpt lat="28.09135" lon="-16.73478">
        <ele>39.4</ele>
      </trkpt>
      <trkpt lat="28.09136" lon="-16.73478">
        <ele>39.5</ele>
      </trkpt>
      <trkpt lat="28.09137" lon="-16.73478">
        <ele>39.5</ele>
      </trkpt>
      <trkpt lat="28.09138" lon="-16.73479">
        <ele>39.5</ele>
      </trkpt>
      <trkpt lat="28.09139" lon="-16.73479">
        <ele>39.6</ele>
      </trkpt>
      <trkpt lat="28.0914" lon="-16.7348">
        <ele>39.6</ele>
      </trkpt>
      <trkpt lat="28.09141" lon="-16.73481">
        <ele>39.6</ele>
      </trkpt>
      <trkpt lat="28.09142" lon="-16.73482">
        <ele>39.6</ele>
      </trkpt>
      <trkpt lat="28.09143" lon="-16.73482">
        <ele>39.7</ele>
      </trkpt>
      <trkpt lat="28.09144" lon="-16.734829">
        <ele>39.7</ele>
      </trkpt>
      <trkpt lat="28.09145" lon="-16.734839">
        <ele>39.7</ele>
      </trkpt>
      <trkpt lat="28.09146" lon="-16.73486">
        <ele>39.6</ele>
      </trkpt>
      <trkpt lat="28.09146" lon="-16.73487">
        <ele>39.6</ele>
      </trkpt>
      <trkpt lat="28.09147" lon="-16.73488">
        <ele>39.6</ele>
      </trkpt>
      <trkpt lat="28.09147" lon="-16.73489">
        <ele>39.6</ele>
      </trkpt>
      <trkpt lat="28.09148" lon="-16.7349">
        <ele>39.6</ele>
      </trkpt>
      <trkpt lat="28.09148" lon="-16.734919">
        <ele>39.5</ele>
      </trkpt>
      <trkpt lat="28.09148" lon="-16.734929">
        <ele>39.4</ele>
      </trkpt>
      <trkpt lat="28.09149" lon="-16.73495">
        <ele>39.4</ele>
      </trkpt>
      <trkpt lat="28.09149" lon="-16.73496">
        <ele>39.3</ele>
      </trkpt>
      <trkpt lat="28.09149" lon="-16.73497">
        <ele>39.3</ele>
      </trkpt>
      <trkpt lat="28.09148" lon="-16.73499">
        <ele>39.2</ele>
      </trkpt>
      <trkpt lat="28.09148" lon="-16.735">
        <ele>39.1</ele>
      </trkpt>
      <trkpt lat="28.09148" lon="-16.735009">
        <ele>39.1</ele>
      </trkpt>
      <trkpt lat="28.09148" lon="-16.735029">
        <ele>39.0</ele>
      </trkpt>
      <trkpt lat="28.09147" lon="-16.73504">
        <ele>38.9</ele>
      </trkpt>
      <trkpt lat="28.09146" lon="-16.73506">
        <ele>38.7</ele>
      </trkpt>
      <trkpt lat="28.09146" lon="-16.73507">
        <ele>38.7</ele>
      </trkpt>
      <trkpt lat="28.09145" lon="-16.73508">
        <ele>38.6</ele>
      </trkpt>
      <trkpt lat="28.09144" lon="-16.73509">
        <ele>38.5</ele>
      </trkpt>
      <trkpt lat="28.09144" lon="-16.7351">
        <ele>38.4</ele>
      </trkpt>
      <trkpt lat="28.09143" lon="-16.735109">
        <ele>38.4</ele>
      </trkpt>
      <trkpt lat="28.09142" lon="-16.735119">
        <ele>38.3</ele>
      </trkpt>
      <trkpt lat="28.09141" lon="-16.735119">
        <ele>38.2</ele>
      </trkpt>
      <trkpt lat="28.0914" lon="-16.73513">
        <ele>38.1</ele>
      </trkpt>
      <trkpt lat="28.09138" lon="-16.73514">
        <ele>38.0</ele>
      </trkpt>
      <trkpt lat="28.09137" lon="-16.73514">
        <ele>38.0</ele>
      </trkpt>
      <trkpt lat="28.09136" lon="-16.73515">
        <ele>37.9</ele>
      </trkpt>
      <trkpt lat="28.09135" lon="-16.73515">
        <ele>37.9</ele>
      </trkpt>
      <trkpt lat="28.09134" lon="-16.73515">
        <ele>37.8</ele>
      </trkpt>
      <trkpt lat="28.09133" lon="-16.73515">
        <ele>37.8</ele>
      </trkpt>
      <trkpt lat="28.09131" lon="-16.73515">
        <ele>37.7</ele>
      </trkpt>
      <trkpt lat="28.0913" lon="-16.73515">
        <ele>37.7</ele>
      </trkpt>
      <trkpt lat="28.09129" lon="-16.73515">
        <ele>37.6</ele>
      </trkpt>
      <trkpt lat="28.09128" lon="-16.73514">
        <ele>37.6</ele>
      </trkpt>
      <trkpt lat="28.09127" lon="-16.73514">
        <ele>37.6</ele>
      </trkpt>
      <trkpt lat="28.09126" lon="-16.73514">
        <ele>37.5</ele>
      </trkpt>
      <trkpt lat="28.09125" lon="-16.73513">
        <ele>37.5</ele>
      </trkpt>
      <trkpt lat="28.09124" lon="-16.73513">
        <ele>37.5</ele>
      </trkpt>
      <trkpt lat="28.09123" lon="-16.735119">
        <ele>37.5</ele>
      </trkpt>
      <trkpt lat="28.09115" lon="-16.73515">
        <ele>37.1</ele>
      </trkpt>
      <trkpt lat="28.09105" lon="-16.73515">
        <ele>36.7</ele>
      </trkpt>
      <trkpt lat="28.09103" lon="-16.73515">
        <ele>36.6</ele>
      </trkpt>
      <trkpt lat="28.09103" lon="-16.73515">
        <ele>36.6</ele>
      </trkpt>
      <trkpt lat="28.09103" lon="-16.73515">
        <ele>36.6</ele>
      </trkpt>
      <trkpt lat="28.09105" lon="-16.73515">
        <ele>36.7</ele>
      </trkpt>
      <trkpt lat="28.09115" lon="-16.73515">
        <ele>37.1</ele>
      </trkpt>
      <trkpt lat="28.09123" lon="-16.735119">
        <ele>37.5</ele>
      </trkpt>
      <trkpt lat="28.09123" lon="-16.735119">
        <ele>37.5</ele>
      </trkpt>
      <trkpt lat="28.09122" lon="-16.735109">
        <ele>37.5</ele>
      </trkpt>
      <trkpt lat="28.09121" lon="-16.7351">
        <ele>37.5</ele>
      </trkpt>
      <trkpt lat="28.0912" lon="-16.73509">
        <ele>37.5</ele>
      </trkpt>
      <trkpt lat="28.09119" lon="-16.73508">
        <ele>37.5</ele>
      </trkpt>
      <trkpt lat="28.09118" lon="-16.73507">
        <ele>37.4</ele>
      </trkpt>
      <trkpt lat="28.09118" lon="-16.73506">
        <ele>37.5</ele>
      </trkpt>
      <trkpt lat="28.09117" lon="-16.73504">
        <ele>37.5</ele>
      </trkpt>
      <trkpt lat="28.09117" lon="-16.735029">
        <ele>37.5</ele>
      </trkpt>
      <trkpt lat="28.09116" lon="-16.735019">
        <ele>37.5</ele>
      </trkpt>
      <trkpt lat="28.09116" lon="-16.735">
        <ele>37.6</ele>
      </trkpt>
      <trkpt lat="28.09116" lon="-16.73499">
        <ele>37.6</ele>
      </trkpt>
      <trkpt lat="28.09116" lon="-16.73498">
        <ele>37.7</ele>
      </trkpt>
      <trkpt lat="28.09116" lon="-16.73496">
        <ele>37.7</ele>
      </trkpt>
      <trkpt lat="28.09116" lon="-16.73495">
        <ele>37.8</ele>
      </trkpt>
      <trkpt lat="28.09116" lon="-16.73494">
        <ele>37.8</ele>
      </trkpt>
      <trkpt lat="28.09116" lon="-16.734919">
        <ele>37.9</ele>
      </trkpt>
      <trkpt lat="28.09116" lon="-16.73491">
        <ele>37.9</ele>
      </trkpt>
      <trkpt lat="28.09117" lon="-16.7349">
        <ele>38.0</ele>
      </trkpt>
      <trkpt lat="28.09117" lon="-16.73489">
        <ele>38.1</ele>
      </trkpt>
      <trkpt lat="28.09117" lon="-16.73488">
        <ele>38.1</ele>
      </trkpt>
      <trkpt lat="28.09118" lon="-16.73487">
        <ele>38.2</ele>
      </trkpt>
      <trkpt lat="28.09118" lon="-16.73486">
        <ele>38.2</ele>
      </trkpt>
      <trkpt lat="28.09119" lon="-16.73485">
        <ele>38.3</ele>
      </trkpt>
      <trkpt lat="28.0912" lon="-16.734839">
        <ele>38.4</ele>
      </trkpt>
      <trkpt lat="28.09121" lon="-16.734829">
        <ele>38.5</ele>
      </trkpt>
      <trkpt lat="28.09122" lon="-16.73482">
        <ele>38.6</ele>
      </trkpt>
      <trkpt lat="28.09123" lon="-16.73481">
        <ele>38.7</ele>
      </trkpt>
      <trkpt lat="28.09124" lon="-16.7348">
        <ele>38.8</ele>
      </trkpt>
      <trkpt lat="28.09125" lon="-16.7348">
        <ele>38.8</ele>
      </trkpt>
      <trkpt lat="28.09126" lon="-16.73479">
        <ele>38.9</ele>
      </trkpt>
      <trkpt lat="28.09127" lon="-16.73479">
        <ele>39.0</ele>
      </trkpt>
      <trkpt lat="28.09127" lon="-16.73478">
        <ele>39.0</ele>
      </trkpt>
      <trkpt lat="28.09128" lon="-16.73478">
        <ele>39.1</ele>
      </trkpt>
      <trkpt lat="28.09129" lon="-16.73478">
        <ele>39.1</ele>
      </trkpt>
      <trkpt lat="28.09131" lon="-16.73478">
        <ele>39.2</ele>
      </trkpt>
      <trkpt lat="28.09132" lon="-16.73478">
        <ele>39.3</ele>
      </trkpt>
      <trkpt lat="28.09133" lon="-16.73478">
        <ele>39.3</ele>
      </trkpt>
      <trkpt lat="28.09135" lon="-16.73478">
        <ele>39.4</ele>
      </trkpt>
      <trkpt lat="28.09136" lon="-16.73478">
        <ele>39.5</ele>
      </trkpt>
      <trkpt lat="28.09137" lon="-16.73478">
        <ele>39.5</ele>
      </trkpt>
      <trkpt lat="28.09138" lon="-16.73479">
        <ele>39.5</ele>
      </trkpt>
      <trkpt lat="28.09139" lon="-16.73479">
        <ele>39.6</ele>
      </trkpt>
      <trkpt lat="28.0914" lon="-16.7348">
        <ele>39.6</ele>
      </trkpt>
      <trkpt lat="28.09141" lon="-16.73481">
        <ele>39.6</ele>
      </trkpt>
      <trkpt lat="28.09142" lon="-16.73482">
        <ele>39.6</ele>
      </trkpt>
      <trkpt lat="28.09143" lon="-16.73482">
        <ele>39.7</ele>
      </trkpt>
      <trkpt lat="28.09144" lon="-16.734829">
        <ele>39.7</ele>
      </trkpt>
      <trkpt lat="28.09145" lon="-16.734839">
        <ele>39.7</ele>
      </trkpt>
      <trkpt lat="28.09146" lon="-16.73486">
        <ele>39.6</ele>
      </trkpt>
      <trkpt lat="28.09146" lon="-16.73487">
        <ele>39.6</ele>
      </trkpt>
      <trkpt lat="28.09147" lon="-16.73488">
        <ele>39.6</ele>
      </trkpt>
      <trkpt lat="28.09147" lon="-16.73489">
        <ele>39.6</ele>
      </trkpt>
      <trkpt lat="28.09148" lon="-16.7349">
        <ele>39.6</ele>
      </trkpt>
      <trkpt lat="28.09148" lon="-16.734919">
        <ele>39.5</ele>
      </trkpt>
      <trkpt lat="28.09148" lon="-16.734929">
        <ele>39.4</ele>
      </trkpt>
      <trkpt lat="28.09149" lon="-16.73495">
        <ele>39.4</ele>
      </trkpt>
      <trkpt lat="28.09149" lon="-16.73496">
        <ele>39.3</ele>
      </trkpt>
      <trkpt lat="28.09149" lon="-16.73497">
        <ele>39.3</ele>
      </trkpt>
      <trkpt lat="28.09148" lon="-16.73499">
        <ele>39.2</ele>
      </trkpt>
      <trkpt lat="28.09148" lon="-16.735">
        <ele>39.1</ele>
      </trkpt>
      <trkpt lat="28.09148" lon="-16.735009">
        <ele>39.1</ele>
      </trkpt>
      <trkpt lat="28.09148" lon="-16.735029">
        <ele>39.0</ele>
      </trkpt>
      <trkpt lat="28.09147" lon="-16.73504">
        <ele>38.9</ele>
      </trkpt>
      <trkpt lat="28.09154" lon="-16.73542">
        <ele>37.2</ele>
      </trkpt>
      <trkpt lat="28.09154" lon="-16.73543">
        <ele>37.1</ele>
      </trkpt>
      <trkpt lat="28.09155" lon="-16.73546">
        <ele>37.0</ele>
      </trkpt>
      <trkpt lat="28.09157" lon="-16.73551">
        <ele>36.8</ele>
      </trkpt>
      <trkpt lat="28.0916" lon="-16.73555">
        <ele>36.6</ele>
      </trkpt>
      <trkpt lat="28.09166" lon="-16.73562">
        <ele>36.3</ele>
      </trkpt>
      <trkpt lat="28.0918" lon="-16.73574">
        <ele>36.4</ele>
      </trkpt>
      <trkpt lat="28.09193" lon="-16.73584">
        <ele>36.6</ele>
      </trkpt>
      <trkpt lat="28.09211" lon="-16.736">
        <ele>37.1</ele>
      </trkpt>
      <trkpt lat="28.09227" lon="-16.736139">
        <ele>37.5</ele>
      </trkpt>
      <trkpt lat="28.09228" lon="-16.736149">
        <ele>37.5</ele>
      </trkpt>
      <trkpt lat="28.09243" lon="-16.73629">
        <ele>37.9</ele>
      </trkpt>
      <trkpt lat="28.0926" lon="-16.73645">
        <ele>38.6</ele>
      </trkpt>
      <trkpt lat="28.09288" lon="-16.73669">
        <ele>39.6</ele>
      </trkpt>
      <trkpt lat="28.09326" lon="-16.73701">
        <ele>40.4</ele>
      </trkpt>
      <trkpt lat="28.09358" lon="-16.737279">
        <ele>41.3</ele>
      </trkpt>
      <trkpt lat="28.093589" lon="-16.737285">
        <ele>41.4</ele>
      </trkpt>
      <trkpt lat="28.0937" lon="-16.737359">
        <ele>41.8</ele>
      </trkpt>
      <trkpt lat="28.09371" lon="-16.737359">
        <ele>41.9</ele>
      </trkpt>
      <trkpt lat="28.09372" lon="-16.73735">
        <ele>42.1</ele>
      </trkpt>
      <trkpt lat="28.09373" lon="-16.73735">
        <ele>42.1</ele>
      </trkpt>
      <trkpt lat="28.09373" lon="-16.73734">
        <ele>42.2</ele>
      </trkpt>
      <trkpt lat="28.09374" lon="-16.73734">
        <ele>42.3</ele>
      </trkpt>
      <trkpt lat="28.09375" lon="-16.73734">
        <ele>42.4</ele>
      </trkpt>
      <trkpt lat="28.09376" lon="-16.73734">
        <ele>42.4</ele>
      </trkpt>
      <trkpt lat="28.09377" lon="-16.73734">
        <ele>42.5</ele>
      </trkpt>
      <trkpt lat="28.09378" lon="-16.73734">
        <ele>42.6</ele>
      </trkpt>
      <trkpt lat="28.09379" lon="-16.73734">
        <ele>42.7</ele>
      </trkpt>
      <trkpt lat="28.0938" lon="-16.73734">
        <ele>42.8</ele>
      </trkpt>
      <trkpt lat="28.09381" lon="-16.73734">
        <ele>42.9</ele>
      </trkpt>
      <trkpt lat="28.09382" lon="-16.73735">
        <ele>42.9</ele>
      </trkpt>
      <trkpt lat="28.09383" lon="-16.73735">
        <ele>43.0</ele>
      </trkpt>
      <trkpt lat="28.09384" lon="-16.737359">
        <ele>43.0</ele>
      </trkpt>
      <trkpt lat="28.09385" lon="-16.737369">
        <ele>43.0</ele>
      </trkpt>
      <trkpt lat="28.09386" lon="-16.737369">
        <ele>43.1</ele>
      </trkpt>
      <trkpt lat="28.09386" lon="-16.73738">
        <ele>43.1</ele>
      </trkpt>
      <trkpt lat="28.09387" lon="-16.73738">
        <ele>43.1</ele>
      </trkpt>
      <trkpt lat="28.09387" lon="-16.73739">
        <ele>43.1</ele>
      </trkpt>
      <trkpt lat="28.09388" lon="-16.73739">
        <ele>43.2</ele>
      </trkpt>
      <trkpt lat="28.09388" lon="-16.7374">
        <ele>43.1</ele>
      </trkpt>
      <trkpt lat="28.09388" lon="-16.73741">
        <ele>43.1</ele>
      </trkpt>
      <trkpt lat="28.09389" lon="-16.73741">
        <ele>43.1</ele>
      </trkpt>
      <trkpt lat="28.09389" lon="-16.73742">
        <ele>43.1</ele>
      </trkpt>
      <trkpt lat="28.09389" lon="-16.73743">
        <ele>43.0</ele>
      </trkpt>
      <trkpt lat="28.09389" lon="-16.73744">
        <ele>43.0</ele>
      </trkpt>
      <trkpt lat="28.0939" lon="-16.73744">
        <ele>43.1</ele>
      </trkpt>
      <trkpt lat="28.0939" lon="-16.737449">
        <ele>43.0</ele>
      </trkpt>
      <trkpt lat="28.0939" lon="-16.737459">
        <ele>43.0</ele>
      </trkpt>
      <trkpt lat="28.0939" lon="-16.737469">
        <ele>42.9</ele>
      </trkpt>
      <trkpt lat="28.0939" lon="-16.73748">
        <ele>42.9</ele>
      </trkpt>
      <trkpt lat="28.0939" lon="-16.73749">
        <ele>42.8</ele>
      </trkpt>
      <trkpt lat="28.0939" lon="-16.73751">
        <ele>42.7</ele>
      </trkpt>
      <trkpt lat="28.09389" lon="-16.73752">
        <ele>42.5</ele>
      </trkpt>
      <trkpt lat="28.09389" lon="-16.73753">
        <ele>42.4</ele>
      </trkpt>
      <trkpt lat="28.09389" lon="-16.73754">
        <ele>42.4</ele>
      </trkpt>
      <trkpt lat="28.09389" lon="-16.737549">
        <ele>42.3</ele>
      </trkpt>
      <trkpt lat="28.09388" lon="-16.737549">
        <ele>42.2</ele>
      </trkpt>
      <trkpt lat="28.09388" lon="-16.737559">
        <ele>42.1</ele>
      </trkpt>
      <trkpt lat="28.09402" lon="-16.73769">
        <ele>42.2</ele>
      </trkpt>
      <trkpt lat="28.09435" lon="-16.73797">
        <ele>43.3</ele>
      </trkpt>
      <trkpt lat="28.09457" lon="-16.73817">
        <ele>44.0</ele>
      </trkpt>
      <trkpt lat="28.09462" lon="-16.73824">
        <ele>43.9</ele>
      </trkpt>
      <trkpt lat="28.09474" lon="-16.73837">
        <ele>44.0</ele>
      </trkpt>
      <trkpt lat="28.09475" lon="-16.738389">
        <ele>44.0</ele>
      </trkpt>
      <trkpt lat="28.09485" lon="-16.73856">
        <ele>44.3</ele>
      </trkpt>
      <trkpt lat="28.09491" lon="-16.7387">
        <ele>44.4</ele>
      </trkpt>
      <trkpt lat="28.09495" lon="-16.7388">
        <ele>44.6</ele>
      </trkpt>
      <trkpt lat="28.095" lon="-16.73902">
        <ele>44.5</ele>
      </trkpt>
      <trkpt lat="28.09504" lon="-16.73918">
        <ele>45.0</ele>
      </trkpt>
      <trkpt lat="28.09505" lon="-16.73936">
        <ele>46.8</ele>
      </trkpt>
      <trkpt lat="28.09504" lon="-16.73957">
        <ele>48.6</ele>
      </trkpt>
      <trkpt lat="28.09503" lon="-16.73976">
        <ele>50.2</ele>
      </trkpt>
      <trkpt lat="28.09498" lon="-16.74001">
        <ele>51.5</ele>
      </trkpt>
      <trkpt lat="28.09497" lon="-16.74002">
        <ele>51.2</ele>
      </trkpt>
      <trkpt lat="28.09492" lon="-16.74016">
        <ele>50.6</ele>
      </trkpt>
      <trkpt lat="28.09487" lon="-16.740279">
        <ele>50.0</ele>
      </trkpt>
      <trkpt lat="28.09482" lon="-16.74039">
        <ele>49.5</ele>
      </trkpt>
      <trkpt lat="28.0948" lon="-16.74045">
        <ele>49.4</ele>
      </trkpt>
      <trkpt lat="28.09479" lon="-16.740459">
        <ele>49.3</ele>
      </trkpt>
      <trkpt lat="28.09479" lon="-16.74048">
        <ele>49.4</ele>
      </trkpt>
      <trkpt lat="28.09478" lon="-16.74052">
        <ele>49.5</ele>
      </trkpt>
      <trkpt lat="28.09478" lon="-16.740559">
        <ele>49.8</ele>
      </trkpt>
      <trkpt lat="28.09478" lon="-16.7406">
        <ele>50.1</ele>
      </trkpt>
      <trkpt lat="28.09478" lon="-16.7406">
        <ele>50.1</ele>
      </trkpt>
      <trkpt lat="28.09479" lon="-16.74061">
        <ele>50.4</ele>
      </trkpt>
      <trkpt lat="28.0948" lon="-16.74061">
        <ele>50.6</ele>
      </trkpt>
      <trkpt lat="28.09481" lon="-16.74062">
        <ele>50.9</ele>
      </trkpt>
      <trkpt lat="28.09482" lon="-16.74063">
        <ele>51.1</ele>
      </trkpt>
      <trkpt lat="28.09483" lon="-16.74063">
        <ele>51.4</ele>
      </trkpt>
      <trkpt lat="28.09484" lon="-16.74064">
        <ele>51.6</ele>
      </trkpt>
      <trkpt lat="28.09485" lon="-16.740649">
        <ele>51.9</ele>
      </trkpt>
      <trkpt lat="28.09486" lon="-16.740659">
        <ele>52.2</ele>
      </trkpt>
      <trkpt lat="28.09487" lon="-16.74068">
        <ele>52.5</ele>
      </trkpt>
      <trkpt lat="28.09488" lon="-16.7407">
        <ele>52.9</ele>
      </trkpt>
      <trkpt lat="28.09488" lon="-16.74071">
        <ele>52.9</ele>
      </trkpt>
      <trkpt lat="28.09489" lon="-16.74072">
        <ele>53.2</ele>
      </trkpt>
      <trkpt lat="28.09489" lon="-16.740739">
        <ele>53.3</ele>
      </trkpt>
      <trkpt lat="28.0949" lon="-16.740749">
        <ele>53.6</ele>
      </trkpt>
      <trkpt lat="28.0949" lon="-16.74077">
        <ele>53.7</ele>
      </trkpt>
      <trkpt lat="28.0949" lon="-16.74078">
        <ele>53.8</ele>
      </trkpt>
      <trkpt lat="28.0949" lon="-16.7408">
        <ele>53.9</ele>
      </trkpt>
      <trkpt lat="28.0949" lon="-16.74082">
        <ele>54.0</ele>
      </trkpt>
      <trkpt lat="28.0949" lon="-16.740829">
        <ele>54.1</ele>
      </trkpt>
      <trkpt lat="28.09489" lon="-16.740839">
        <ele>53.9</ele>
      </trkpt>
      <trkpt lat="28.09489" lon="-16.74086">
        <ele>54.0</ele>
      </trkpt>
      <trkpt lat="28.09488" lon="-16.74087">
        <ele>53.8</ele>
      </trkpt>
      <trkpt lat="28.09488" lon="-16.74089">
        <ele>53.9</ele>
      </trkpt>
      <trkpt lat="28.09487" lon="-16.7409">
        <ele>53.7</ele>
      </trkpt>
      <trkpt lat="28.09486" lon="-16.74091">
        <ele>53.6</ele>
      </trkpt>
      <trkpt lat="28.09486" lon="-16.74092">
        <ele>53.6</ele>
      </trkpt>
      <trkpt lat="28.09485" lon="-16.740929">
        <ele>53.5</ele>
      </trkpt>
      <trkpt lat="28.09484" lon="-16.740939">
        <ele>53.3</ele>
      </trkpt>
      <trkpt lat="28.09483" lon="-16.74095">
        <ele>53.2</ele>
      </trkpt>
      <trkpt lat="28.09481" lon="-16.74096">
        <ele>52.8</ele>
      </trkpt>
      <trkpt lat="28.0948" lon="-16.74097">
        <ele>52.7</ele>
      </trkpt>
      <trkpt lat="28.09479" lon="-16.74097">
        <ele>52.5</ele>
      </trkpt>
      <trkpt lat="28.09478" lon="-16.74098">
        <ele>52.4</ele>
      </trkpt>
      <trkpt lat="28.09477" lon="-16.74098">
        <ele>52.2</ele>
      </trkpt>
      <trkpt lat="28.09475" lon="-16.74098">
        <ele>51.8</ele>
      </trkpt>
      <trkpt lat="28.09474" lon="-16.74098">
        <ele>51.6</ele>
      </trkpt>
      <trkpt lat="28.09473" lon="-16.74098">
        <ele>51.5</ele>
      </trkpt>
      <trkpt lat="28.09472" lon="-16.74098">
        <ele>51.3</ele>
      </trkpt>
      <trkpt lat="28.09469" lon="-16.74098">
        <ele>50.7</ele>
      </trkpt>
      <trkpt lat="28.09468" lon="-16.74098">
        <ele>50.5</ele>
      </trkpt>
      <trkpt lat="28.09466" lon="-16.74097">
        <ele>50.1</ele>
      </trkpt>
      <trkpt lat="28.09465" lon="-16.74096">
        <ele>49.9</ele>
      </trkpt>
      <trkpt lat="28.09464" lon="-16.74096">
        <ele>49.7</ele>
      </trkpt>
      <trkpt lat="28.09463" lon="-16.74095">
        <ele>49.5</ele>
      </trkpt>
      <trkpt lat="28.09462" lon="-16.740939">
        <ele>49.3</ele>
      </trkpt>
      <trkpt lat="28.09461" lon="-16.740929">
        <ele>49.0</ele>
      </trkpt>
      <trkpt lat="28.0946" lon="-16.74092">
        <ele>48.8</ele>
      </trkpt>
      <trkpt lat="28.0945" lon="-16.74109">
        <ele>47.9</ele>
      </trkpt>
      <trkpt lat="28.09428" lon="-16.74146">
        <ele>46.9</ele>
      </trkpt>
      <trkpt lat="28.09422" lon="-16.741599">
        <ele>47.2</ele>
      </trkpt>
      <trkpt lat="28.09385" lon="-16.74236">
        <ele>44.3</ele>
      </trkpt>
      <trkpt lat="28.09377" lon="-16.74254">
        <ele>43.5</ele>
      </trkpt>
      <trkpt lat="28.09373" lon="-16.742619">
        <ele>42.4</ele>
      </trkpt>
      <trkpt lat="28.09344" lon="-16.74316">
        <ele>35.2</ele>
      </trkpt>
      <trkpt lat="28.09338" lon="-16.743269">
        <ele>33.9</ele>
      </trkpt>
      <trkpt lat="28.09334" lon="-16.743369">
        <ele>32.7</ele>
      </trkpt>
      <trkpt lat="28.09332" lon="-16.74341">
        <ele>31.9</ele>
      </trkpt>
      <trkpt lat="28.09325" lon="-16.743569">
        <ele>28.9</ele>
      </trkpt>
      <trkpt lat="28.09324" lon="-16.74359">
        <ele>28.6</ele>
      </trkpt>
      <trkpt lat="28.09323" lon="-16.74361">
        <ele>28.2</ele>
      </trkpt>
      <trkpt lat="28.09322" lon="-16.74372">
        <ele>27.0</ele>
      </trkpt>
      <trkpt lat="28.09322" lon="-16.74381">
        <ele>26.1</ele>
      </trkpt>
      <trkpt lat="28.09326" lon="-16.744039">
        <ele>24.4</ele>
      </trkpt>
      <trkpt lat="28.09332" lon="-16.7442">
        <ele>23.7</ele>
      </trkpt>
      <trkpt lat="28.09338" lon="-16.74427">
        <ele>23.8</ele>
      </trkpt>
      <trkpt lat="28.09342" lon="-16.74433">
        <ele>23.7</ele>
      </trkpt>
      <trkpt lat="28.09343" lon="-16.74434">
        <ele>23.7</ele>
      </trkpt>
      <trkpt lat="28.09351" lon="-16.744409">
        <ele>23.8</ele>
      </trkpt>
      <trkpt lat="28.09354" lon="-16.74444">
        <ele>23.8</ele>
      </trkpt>
      <trkpt lat="28.09357" lon="-16.74446">
        <ele>23.8</ele>
      </trkpt>
      <trkpt lat="28.09367" lon="-16.744499">
        <ele>24.0</ele>
      </trkpt>
      <trkpt lat="28.09368" lon="-16.744509">
        <ele>24.0</ele>
      </trkpt>
      <trkpt lat="28.09374" lon="-16.74452">
        <ele>24.2</ele>
      </trkpt>
      <trkpt lat="28.09377" lon="-16.74452">
        <ele>24.3</ele>
      </trkpt>
      <trkpt lat="28.09381" lon="-16.74453">
        <ele>24.4</ele>
      </trkpt>
      <trkpt lat="28.09384" lon="-16.74453">
        <ele>24.5</ele>
      </trkpt>
      <trkpt lat="28.09392" lon="-16.74453">
        <ele>24.8</ele>
      </trkpt>
      <trkpt lat="28.09405" lon="-16.744509">
        <ele>25.3</ele>
      </trkpt>
      <trkpt lat="28.09455" lon="-16.74439">
        <ele>27.3</ele>
      </trkpt>
      <trkpt lat="28.09469" lon="-16.744409">
        <ele>27.6</ele>
      </trkpt>
      <trkpt lat="28.09473" lon="-16.744409">
        <ele>27.8</ele>
      </trkpt>
      <trkpt lat="28.09481" lon="-16.74442">
        <ele>27.9</ele>
      </trkpt>
      <trkpt lat="28.0949" lon="-16.74444">
        <ele>28.1</ele>
      </trkpt>
      <trkpt lat="28.09491" lon="-16.74444">
        <ele>28.1</ele>
      </trkpt>
      <trkpt lat="28.09508" lon="-16.744489">
        <ele>28.3</ele>
      </trkpt>
      <trkpt lat="28.09555" lon="-16.74461">
        <ele>28.7</ele>
      </trkpt>
      <trkpt lat="28.09556" lon="-16.74461">
        <ele>28.7</ele>
      </trkpt>
      <trkpt lat="28.09577" lon="-16.74471">
        <ele>28.6</ele>
      </trkpt>
      <trkpt lat="28.09577" lon="-16.74471">
        <ele>28.6</ele>
      </trkpt>
      <trkpt lat="28.09578" lon="-16.74471">
        <ele>28.6</ele>
      </trkpt>
      <trkpt lat="28.09579" lon="-16.74471">
        <ele>28.6</ele>
      </trkpt>
      <trkpt lat="28.0958" lon="-16.74471">
        <ele>28.7</ele>
      </trkpt>
      <trkpt lat="28.09581" lon="-16.74471">
        <ele>28.7</ele>
      </trkpt>
      <trkpt lat="28.09581" lon="-16.74471">
        <ele>28.7</ele>
      </trkpt>
      <trkpt lat="28.09581" lon="-16.74471">
        <ele>28.7</ele>
      </trkpt>
      <trkpt lat="28.09582" lon="-16.74472">
        <ele>28.6</ele>
      </trkpt>
      <trkpt lat="28.09583" lon="-16.74472">
        <ele>28.7</ele>
      </trkpt>
      <trkpt lat="28.09583" lon="-16.74473">
        <ele>28.6</ele>
      </trkpt>
      <trkpt lat="28.09584" lon="-16.74473">
        <ele>28.6</ele>
      </trkpt>
      <trkpt lat="28.09584" lon="-16.74474">
        <ele>28.5</ele>
      </trkpt>
      <trkpt lat="28.09585" lon="-16.74474">
        <ele>28.5</ele>
      </trkpt>
      <trkpt lat="28.09585" lon="-16.74475">
        <ele>28.5</ele>
      </trkpt>
      <trkpt lat="28.09586" lon="-16.74475">
        <ele>28.4</ele>
      </trkpt>
      <trkpt lat="28.09586" lon="-16.74476">
        <ele>28.4</ele>
      </trkpt>
      <trkpt lat="28.09586" lon="-16.744769">
        <ele>28.3</ele>
      </trkpt>
      <trkpt lat="28.09586" lon="-16.744769">
        <ele>28.3</ele>
      </trkpt>
      <trkpt lat="28.09589" lon="-16.744789">
        <ele>28.1</ele>
      </trkpt>
      <trkpt lat="28.09591" lon="-16.74481">
        <ele>28.0</ele>
      </trkpt>
      <trkpt lat="28.09593" lon="-16.74483">
        <ele>27.8</ele>
      </trkpt>
      <trkpt lat="28.09595" lon="-16.74485">
        <ele>27.6</ele>
      </trkpt>
      <trkpt lat="28.09598" lon="-16.74489">
        <ele>27.3</ele>
      </trkpt>
      <trkpt lat="28.09609" lon="-16.74508">
        <ele>26.1</ele>
      </trkpt>
      <trkpt lat="28.09618" lon="-16.74523">
        <ele>25.4</ele>
      </trkpt>
      <trkpt lat="28.0964" lon="-16.74559">
        <ele>23.3</ele>
      </trkpt>
      <trkpt lat="28.09645" lon="-16.74576">
        <ele>22.3</ele>
      </trkpt>
      <trkpt lat="28.09652" lon="-16.74595">
        <ele>21.7</ele>
      </trkpt>
      <trkpt lat="28.09658" lon="-16.74613">
        <ele>21.1</ele>
      </trkpt>
      <trkpt lat="28.09678" lon="-16.74652">
        <ele>19.9</ele>
      </trkpt>
      <trkpt lat="28.09698" lon="-16.746839">
        <ele>18.8</ele>
      </trkpt>
      <trkpt lat="28.097" lon="-16.74686">
        <ele>18.9</ele>
      </trkpt>
      <trkpt lat="28.0971" lon="-16.747">
        <ele>19.1</ele>
      </trkpt>
      <trkpt lat="28.09734" lon="-16.747309">
        <ele>19.2</ele>
      </trkpt>
      <trkpt lat="28.09735" lon="-16.747309">
        <ele>19.2</ele>
      </trkpt>
      <trkpt lat="28.09744" lon="-16.74743">
        <ele>19.1</ele>
      </trkpt>
      <trkpt lat="28.09764" lon="-16.74764">
        <ele>17.7</ele>
      </trkpt>
      <trkpt lat="28.09803" lon="-16.74801">
        <ele>15.2</ele>
      </trkpt>
      <trkpt lat="28.09809" lon="-16.748069">
        <ele>14.9</ele>
      </trkpt>
      <trkpt lat="28.09846" lon="-16.748439">
        <ele>13.2</ele>
      </trkpt>
      <trkpt lat="28.09865" lon="-16.74864">
        <ele>12.0</ele>
      </trkpt>
      <trkpt lat="28.09871" lon="-16.74867">
        <ele>11.9</ele>
      </trkpt>
      <trkpt lat="28.09896" lon="-16.74893">
        <ele>11.1</ele>
      </trkpt>
      <trkpt lat="28.09899" lon="-16.74895">
        <ele>11.1</ele>
      </trkpt>
      <trkpt lat="28.099" lon="-16.74896">
        <ele>11.1</ele>
      </trkpt>
      <trkpt lat="28.09902" lon="-16.74898">
        <ele>11.1</ele>
      </trkpt>
      <trkpt lat="28.09904" lon="-16.74899">
        <ele>11.1</ele>
      </trkpt>
      <trkpt lat="28.09909" lon="-16.74902">
        <ele>11.1</ele>
      </trkpt>
      <trkpt lat="28.09917" lon="-16.74906">
        <ele>11.3</ele>
      </trkpt>
      <trkpt lat="28.09922" lon="-16.749089">
        <ele>11.4</ele>
      </trkpt>
      <trkpt lat="28.09924" lon="-16.74911">
        <ele>11.5</ele>
      </trkpt>
      <trkpt lat="28.09927" lon="-16.74913">
        <ele>11.6</ele>
      </trkpt>
      <trkpt lat="28.0993" lon="-16.74916">
        <ele>11.7</ele>
      </trkpt>
      <trkpt lat="28.09933" lon="-16.749189">
        <ele>11.8</ele>
      </trkpt>
      <trkpt lat="28.09937" lon="-16.74923">
        <ele>11.9</ele>
      </trkpt>
      <trkpt lat="28.09938" lon="-16.74924">
        <ele>12.0</ele>
      </trkpt>
      <trkpt lat="28.09941" lon="-16.749279">
        <ele>12.1</ele>
      </trkpt>
      <trkpt lat="28.09945" lon="-16.74933">
        <ele>12.2</ele>
      </trkpt>
      <trkpt lat="28.09948" lon="-16.749389">
        <ele>12.3</ele>
      </trkpt>
      <trkpt lat="28.09956" lon="-16.74952">
        <ele>12.7</ele>
      </trkpt>
      <trkpt lat="28.0996" lon="-16.74959">
        <ele>12.8</ele>
      </trkpt>
      <trkpt lat="28.09961" lon="-16.74962">
        <ele>12.9</ele>
      </trkpt>
      <trkpt lat="28.09966" lon="-16.74972">
        <ele>13.1</ele>
      </trkpt>
      <trkpt lat="28.09969" lon="-16.7498">
        <ele>13.2</ele>
      </trkpt>
      <trkpt lat="28.09972" lon="-16.74988">
        <ele>13.4</ele>
      </trkpt>
      <trkpt lat="28.09973" lon="-16.7499">
        <ele>13.4</ele>
      </trkpt>
      <trkpt lat="28.09975" lon="-16.74996">
        <ele>13.5</ele>
      </trkpt>
      <trkpt lat="28.09978" lon="-16.750029">
        <ele>13.8</ele>
      </trkpt>
      <trkpt lat="28.09981" lon="-16.75015">
        <ele>14.2</ele>
      </trkpt>
      <trkpt lat="28.09985" lon="-16.75028">
        <ele>14.9</ele>
      </trkpt>
      <trkpt lat="28.09985" lon="-16.75028">
        <ele>14.9</ele>
      </trkpt>
      <trkpt lat="28.09987" lon="-16.75028">
        <ele>15.0</ele>
      </trkpt>
      <trkpt lat="28.09989" lon="-16.75029">
        <ele>15.2</ele>
      </trkpt>
      <trkpt lat="28.09991" lon="-16.7503">
        <ele>15.4</ele>
      </trkpt>
      <trkpt lat="28.09992" lon="-16.750309">
        <ele>15.5</ele>
      </trkpt>
      <trkpt lat="28.09993" lon="-16.750319">
        <ele>15.6</ele>
      </trkpt>
      <trkpt lat="28.09995" lon="-16.75033">
        <ele>15.8</ele>
      </trkpt>
      <trkpt lat="28.09996" lon="-16.75034">
        <ele>15.9</ele>
      </trkpt>
      <trkpt lat="28.09997" lon="-16.75035">
        <ele>16.0</ele>
      </trkpt>
      <trkpt lat="28.09998" lon="-16.75037">
        <ele>16.2</ele>
      </trkpt>
      <trkpt lat="28.09999" lon="-16.75038">
        <ele>16.3</ele>
      </trkpt>
      <trkpt lat="28.1" lon="-16.750399">
        <ele>16.4</ele>
      </trkpt>
      <trkpt lat="28.1" lon="-16.750419">
        <ele>16.5</ele>
      </trkpt>
      <trkpt lat="28.10001" lon="-16.75043">
        <ele>16.7</ele>
      </trkpt>
      <trkpt lat="28.10001" lon="-16.75045">
        <ele>16.8</ele>
      </trkpt>
      <trkpt lat="28.10002" lon="-16.75047">
        <ele>17.0</ele>
      </trkpt>
      <trkpt lat="28.10002" lon="-16.75049">
        <ele>17.1</ele>
      </trkpt>
      <trkpt lat="28.10002" lon="-16.750509">
        <ele>17.2</ele>
      </trkpt>
      <trkpt lat="28.10002" lon="-16.75053">
        <ele>17.3</ele>
      </trkpt>
      <trkpt lat="28.10001" lon="-16.75055">
        <ele>17.2</ele>
      </trkpt>
      <trkpt lat="28.10001" lon="-16.75056">
        <ele>17.2</ele>
      </trkpt>
      <trkpt lat="28.1" lon="-16.75058">
        <ele>17.1</ele>
      </trkpt>
      <trkpt lat="28.1" lon="-16.750589">
        <ele>17.1</ele>
      </trkpt>
      <trkpt lat="28.1" lon="-16.750599">
        <ele>17.2</ele>
      </trkpt>
      <trkpt lat="28.09999" lon="-16.75061">
        <ele>17.1</ele>
      </trkpt>
      <trkpt lat="28.09998" lon="-16.75063">
        <ele>17.1</ele>
      </trkpt>
      <trkpt lat="28.09997" lon="-16.75064">
        <ele>17.0</ele>
      </trkpt>
      <trkpt lat="28.09996" lon="-16.75066">
        <ele>17.0</ele>
      </trkpt>
      <trkpt lat="28.09994" lon="-16.75067">
        <ele>16.8</ele>
      </trkpt>
      <trkpt lat="28.09993" lon="-16.75068">
        <ele>16.8</ele>
      </trkpt>
      <trkpt lat="28.09991" lon="-16.750689">
        <ele>16.6</ele>
      </trkpt>
      <trkpt lat="28.09993" lon="-16.750889">
        <ele>17.6</ele>
      </trkpt>
      <trkpt lat="28.09994" lon="-16.75099">
        <ele>18.5</ele>
      </trkpt>
      <trkpt lat="28.09994" lon="-16.75103">
        <ele>18.8</ele>
      </trkpt>
      <trkpt lat="28.09996" lon="-16.751159">
        <ele>19.9</ele>
      </trkpt>
      <trkpt lat="28.09997" lon="-16.75119">
        <ele>20.2</ele>
      </trkpt>
      <trkpt lat="28.10001" lon="-16.75131">
        <ele>21.5</ele>
      </trkpt>
      <trkpt lat="28.10003" lon="-16.751349">
        <ele>22.0</ele>
      </trkpt>
      <trkpt lat="28.10005" lon="-16.75141">
        <ele>22.6</ele>
      </trkpt>
      <trkpt lat="28.10013" lon="-16.751529">
        <ele>24.0</ele>
      </trkpt>
      <trkpt lat="28.10026" lon="-16.75166">
        <ele>25.5</ele>
      </trkpt>
      <trkpt lat="28.10028" lon="-16.75168">
        <ele>25.7</ele>
      </trkpt>
      <trkpt lat="28.10031" lon="-16.75171">
        <ele>25.8</ele>
      </trkpt>
      <trkpt lat="28.10056" lon="-16.75193">
        <ele>26.3</ele>
      </trkpt>
      <trkpt lat="28.10066" lon="-16.752009">
        <ele>26.3</ele>
      </trkpt>
      <trkpt lat="28.10068" lon="-16.75203">
        <ele>26.3</ele>
      </trkpt>
      <trkpt lat="28.1007" lon="-16.75205">
        <ele>26.3</ele>
      </trkpt>
      <trkpt lat="28.10096" lon="-16.752289">
        <ele>24.8</ele>
      </trkpt>
      <trkpt lat="28.10098" lon="-16.75231">
        <ele>24.7</ele>
      </trkpt>
      <trkpt lat="28.10123" lon="-16.75254">
        <ele>22.2</ele>
      </trkpt>
      <trkpt lat="28.10172" lon="-16.75298">
        <ele>19.4</ele>
      </trkpt>
      <trkpt lat="28.10178" lon="-16.753039">
        <ele>19.4</ele>
      </trkpt>
      <trkpt lat="28.1021" lon="-16.753329">
        <ele>19.6</ele>
      </trkpt>
      <trkpt lat="28.10224" lon="-16.75346">
        <ele>19.6</ele>
      </trkpt>
      <trkpt lat="28.10238" lon="-16.75359">
        <ele>19.8</ele>
      </trkpt>
      <trkpt lat="28.10238" lon="-16.75359">
        <ele>19.8</ele>
      </trkpt>
      <trkpt lat="28.10243" lon="-16.75357">
        <ele>20.1</ele>
      </trkpt>
      <trkpt lat="28.10245" lon="-16.75356">
        <ele>20.2</ele>
      </trkpt>
      <trkpt lat="28.10247" lon="-16.75356">
        <ele>20.3</ele>
      </trkpt>
      <trkpt lat="28.1025" lon="-16.75356">
        <ele>20.5</ele>
      </trkpt>
      <trkpt lat="28.10252" lon="-16.75356">
        <ele>20.5</ele>
      </trkpt>
      <trkpt lat="28.10255" lon="-16.75356">
        <ele>20.5</ele>
      </trkpt>
      <trkpt lat="28.10257" lon="-16.75357">
        <ele>20.5</ele>
      </trkpt>
      <trkpt lat="28.10259" lon="-16.75358">
        <ele>20.5</ele>
      </trkpt>
      <trkpt lat="28.10262" lon="-16.75359">
        <ele>20.5</ele>
      </trkpt>
      <trkpt lat="28.10277" lon="-16.75339">
        <ele>21.4</ele>
      </trkpt>
      <trkpt lat="28.1029" lon="-16.753229">
        <ele>22.4</ele>
      </trkpt>
      <trkpt lat="28.10305" lon="-16.75307">
        <ele>23.8</ele>
      </trkpt>
      <trkpt lat="28.1032" lon="-16.75288">
        <ele>25.6</ele>
      </trkpt>
      <trkpt lat="28.10328" lon="-16.75278">
        <ele>26.7</ele>
      </trkpt>
      <trkpt lat="28.10341" lon="-16.752659">
        <ele>27.4</ele>
      </trkpt>
      <trkpt lat="28.10341" lon="-16.75265">
        <ele>27.5</ele>
      </trkpt>
      <trkpt lat="28.10341" lon="-16.75264">
        <ele>27.5</ele>
      </trkpt>
      <trkpt lat="28.10341" lon="-16.75263">
        <ele>27.6</ele>
      </trkpt>
      <trkpt lat="28.10342" lon="-16.75263">
        <ele>27.5</ele>
      </trkpt>
      <trkpt lat="28.10342" lon="-16.75262">
        <ele>27.6</ele>
      </trkpt>
      <trkpt lat="28.10343" lon="-16.75262">
        <ele>27.6</ele>
      </trkpt>
      <trkpt lat="28.10343" lon="-16.75261">
        <ele>27.6</ele>
      </trkpt>
      <trkpt lat="28.10344" lon="-16.75261">
        <ele>27.6</ele>
      </trkpt>
      <trkpt lat="28.10344" lon="-16.7526">
        <ele>27.6</ele>
      </trkpt>
      <trkpt lat="28.10345" lon="-16.7526">
        <ele>27.6</ele>
      </trkpt>
      <trkpt lat="28.10346" lon="-16.7526">
        <ele>27.5</ele>
      </trkpt>
      <trkpt lat="28.10347" lon="-16.7526">
        <ele>27.5</ele>
      </trkpt>
      <trkpt lat="28.10348" lon="-16.7526">
        <ele>27.4</ele>
      </trkpt>
      <trkpt lat="28.10349" lon="-16.7526">
        <ele>27.3</ele>
      </trkpt>
      <trkpt lat="28.10355" lon="-16.75243">
        <ele>28.0</ele>
      </trkpt>
      <trkpt lat="28.10361" lon="-16.75233">
        <ele>28.3</ele>
      </trkpt>
      <trkpt lat="28.10383" lon="-16.75175">
        <ele>32.1</ele>
      </trkpt>
      <trkpt lat="28.10383" lon="-16.75175">
        <ele>32.1</ele>
      </trkpt>
      <trkpt lat="28.10382" lon="-16.75174">
        <ele>32.2</ele>
      </trkpt>
      <trkpt lat="28.1038" lon="-16.751719">
        <ele>32.3</ele>
      </trkpt>
      <trkpt lat="28.10378" lon="-16.7517">
        <ele>32.4</ele>
      </trkpt>
      <trkpt lat="28.10377" lon="-16.75168">
        <ele>32.5</ele>
      </trkpt>
      <trkpt lat="28.10376" lon="-16.75166">
        <ele>32.6</ele>
      </trkpt>
      <trkpt lat="28.10375" lon="-16.751639">
        <ele>32.7</ele>
      </trkpt>
      <trkpt lat="28.10374" lon="-16.751619">
        <ele>32.7</ele>
      </trkpt>
      <trkpt lat="28.10373" lon="-16.75159">
        <ele>32.9</ele>
      </trkpt>
      <trkpt lat="28.10373" lon="-16.75157">
        <ele>33.0</ele>
      </trkpt>
      <trkpt lat="28.10373" lon="-16.751539">
        <ele>33.2</ele>
      </trkpt>
      <trkpt lat="28.10373" lon="-16.75152">
        <ele>33.3</ele>
      </trkpt>
      <trkpt lat="28.10373" lon="-16.75149">
        <ele>33.5</ele>
      </trkpt>
      <trkpt lat="28.10373" lon="-16.75147">
        <ele>33.6</ele>
      </trkpt>
      <trkpt lat="28.10374" lon="-16.751449">
        <ele>33.7</ele>
      </trkpt>
      <trkpt lat="28.10375" lon="-16.75142">
        <ele>34.0</ele>
      </trkpt>
      <trkpt lat="28.10376" lon="-16.7514">
        <ele>34.2</ele>
      </trkpt>
      <trkpt lat="28.10377" lon="-16.75138">
        <ele>34.3</ele>
      </trkpt>
      <trkpt lat="28.10379" lon="-16.751359">
        <ele>34.6</ele>
      </trkpt>
      <trkpt lat="28.10382" lon="-16.75133">
        <ele>35.0</ele>
      </trkpt>
      <trkpt lat="28.10371" lon="-16.7511">
        <ele>35.6</ele>
      </trkpt>
      <trkpt lat="28.10367" lon="-16.751">
        <ele>35.8</ele>
      </trkpt>
      <trkpt lat="28.10352" lon="-16.75076">
        <ele>35.5</ele>
      </trkpt>
      <trkpt lat="28.10338" lon="-16.75052">
        <ele>36.0</ele>
      </trkpt>
      <trkpt lat="28.10334" lon="-16.75044">
        <ele>36.4</ele>
      </trkpt>
      <trkpt lat="28.10329" lon="-16.75034">
        <ele>37.2</ele>
      </trkpt>
      <trkpt lat="28.10325" lon="-16.750219">
        <ele>38.3</ele>
      </trkpt>
      <trkpt lat="28.10323" lon="-16.75011">
        <ele>39.4</ele>
      </trkpt>
      <trkpt lat="28.10322" lon="-16.75002">
        <ele>40.2</ele>
      </trkpt>
      <trkpt lat="28.10321" lon="-16.749949">
        <ele>40.8</ele>
      </trkpt>
      <trkpt lat="28.10321" lon="-16.74988">
        <ele>41.4</ele>
      </trkpt>
      <trkpt lat="28.10322" lon="-16.74979">
        <ele>42.1</ele>
      </trkpt>
      <trkpt lat="28.10323" lon="-16.74973">
        <ele>42.5</ele>
      </trkpt>
      <trkpt lat="28.10325" lon="-16.74964">
        <ele>43.2</ele>
      </trkpt>
      <trkpt lat="28.10327" lon="-16.749569">
        <ele>43.7</ele>
      </trkpt>
      <trkpt lat="28.1033" lon="-16.7495">
        <ele>44.2</ele>
      </trkpt>
      <trkpt lat="28.10332" lon="-16.74945">
        <ele>44.6</ele>
      </trkpt>
      <trkpt lat="28.10336" lon="-16.749379">
        <ele>45.2</ele>
      </trkpt>
      <trkpt lat="28.1034" lon="-16.74931">
        <ele>45.8</ele>
      </trkpt>
      <trkpt lat="28.10345" lon="-16.74926">
        <ele>46.3</ele>
      </trkpt>
      <trkpt lat="28.10349" lon="-16.749199">
        <ele>46.7</ele>
      </trkpt>
      <trkpt lat="28.10354" lon="-16.74916">
        <ele>47.0</ele>
      </trkpt>
      <trkpt lat="28.10359" lon="-16.74912">
        <ele>47.3</ele>
      </trkpt>
      <trkpt lat="28.10359" lon="-16.74911">
        <ele>47.3</ele>
      </trkpt>
      <trkpt lat="28.10395" lon="-16.74886">
        <ele>48.8</ele>
      </trkpt>
      <trkpt lat="28.10418" lon="-16.748719">
        <ele>49.7</ele>
      </trkpt>
      <trkpt lat="28.1044" lon="-16.74856">
        <ele>51.0</ele>
      </trkpt>
      <trkpt lat="28.10468" lon="-16.74837">
        <ele>52.9</ele>
      </trkpt>
      <trkpt lat="28.10493" lon="-16.74822">
        <ele>54.8</ele>
      </trkpt>
      <trkpt lat="28.10506" lon="-16.74813">
        <ele>55.7</ele>
      </trkpt>
      <trkpt lat="28.10517" lon="-16.748059">
        <ele>56.4</ele>
      </trkpt>
      <trkpt lat="28.10526" lon="-16.748">
        <ele>57.1</ele>
      </trkpt>
      <trkpt lat="28.10535" lon="-16.74796">
        <ele>57.5</ele>
      </trkpt>
      <trkpt lat="28.10546" lon="-16.74791">
        <ele>58.1</ele>
      </trkpt>
      <trkpt lat="28.1057" lon="-16.74781">
        <ele>59.5</ele>
      </trkpt>
      <trkpt lat="28.10582" lon="-16.74777">
        <ele>60.1</ele>
      </trkpt>
      <trkpt lat="28.10595" lon="-16.74773">
        <ele>60.7</ele>
      </trkpt>
      <trkpt lat="28.10612" lon="-16.74766">
        <ele>61.5</ele>
      </trkpt>
      <trkpt lat="28.1062" lon="-16.74763">
        <ele>61.9</ele>
      </trkpt>
      <trkpt lat="28.10627" lon="-16.74761">
        <ele>62.1</ele>
      </trkpt>
      <trkpt lat="28.10635" lon="-16.747599">
        <ele>62.2</ele>
      </trkpt>
      <trkpt lat="28.10645" lon="-16.747589">
        <ele>62.3</ele>
      </trkpt>
      <trkpt lat="28.10654" lon="-16.74758">
        <ele>62.5</ele>
      </trkpt>
      <trkpt lat="28.10662" lon="-16.74756">
        <ele>62.6</ele>
      </trkpt>
      <trkpt lat="28.10672" lon="-16.74753">
        <ele>63.0</ele>
      </trkpt>
      <trkpt lat="28.1068" lon="-16.747499">
        <ele>63.5</ele>
      </trkpt>
      <trkpt lat="28.10687" lon="-16.74746">
        <ele>64.0</ele>
      </trkpt>
      <trkpt lat="28.10696" lon="-16.74742">
        <ele>64.6</ele>
      </trkpt>
      <trkpt lat="28.10702" lon="-16.74738">
        <ele>65.1</ele>
      </trkpt>
      <trkpt lat="28.10708" lon="-16.74734">
        <ele>65.6</ele>
      </trkpt>
      <trkpt lat="28.10713" lon="-16.7473">
        <ele>66.1</ele>
      </trkpt>
      <trkpt lat="28.10719" lon="-16.74726">
        <ele>66.6</ele>
      </trkpt>
      <trkpt lat="28.10737" lon="-16.747129">
        <ele>68.2</ele>
      </trkpt>
      <trkpt lat="28.10746" lon="-16.74707">
        <ele>69.0</ele>
      </trkpt>
      <trkpt lat="28.10756" lon="-16.74699">
        <ele>70.0</ele>
      </trkpt>
      <trkpt lat="28.10765" lon="-16.746939">
        <ele>70.8</ele>
      </trkpt>
      <trkpt lat="28.10777" lon="-16.74689">
        <ele>71.6</ele>
      </trkpt>
      <trkpt lat="28.10793" lon="-16.74686">
        <ele>72.5</ele>
      </trkpt>
      <trkpt lat="28.10797" lon="-16.746849">
        <ele>72.7</ele>
      </trkpt>
      <trkpt lat="28.10847" lon="-16.746749">
        <ele>75.5</ele>
      </trkpt>
      <trkpt lat="28.10889" lon="-16.746659">
        <ele>77.7</ele>
      </trkpt>
      <trkpt lat="28.10926" lon="-16.74658">
        <ele>79.7</ele>
      </trkpt>
      <trkpt lat="28.10934" lon="-16.746559">
        <ele>80.2</ele>
      </trkpt>
      <trkpt lat="28.10989" lon="-16.74644">
        <ele>83.1</ele>
      </trkpt>
      <trkpt lat="28.10991" lon="-16.74644">
        <ele>83.2</ele>
      </trkpt>
      <trkpt lat="28.11042" lon="-16.74633">
        <ele>87.5</ele>
      </trkpt>
      <trkpt lat="28.11057" lon="-16.7463">
        <ele>89.0</ele>
      </trkpt>
      <trkpt lat="28.11065" lon="-16.746279">
        <ele>89.7</ele>
      </trkpt>
      <trkpt lat="28.11075" lon="-16.74627">
        <ele>90.7</ele>
      </trkpt>
      <trkpt lat="28.11079" lon="-16.74627">
        <ele>91.2</ele>
      </trkpt>
      <trkpt lat="28.11083" lon="-16.74627">
        <ele>91.6</ele>
      </trkpt>
      <trkpt lat="28.11089" lon="-16.74627">
        <ele>92.3</ele>
      </trkpt>
      <trkpt lat="28.11094" lon="-16.746289">
        <ele>92.9</ele>
      </trkpt>
      <trkpt lat="28.11098" lon="-16.7463">
        <ele>93.4</ele>
      </trkpt>
      <trkpt lat="28.11101" lon="-16.74632">
        <ele>93.8</ele>
      </trkpt>
      <trkpt lat="28.11106" lon="-16.74636">
        <ele>94.4</ele>
      </trkpt>
      <trkpt lat="28.11109" lon="-16.746379">
        <ele>94.8</ele>
      </trkpt>
      <trkpt lat="28.1111" lon="-16.74639">
        <ele>94.9</ele>
      </trkpt>
      <trkpt lat="28.11115" lon="-16.74645">
        <ele>95.5</ele>
      </trkpt>
      <trkpt lat="28.11119" lon="-16.74651">
        <ele>95.9</ele>
      </trkpt>
      <trkpt lat="28.1112" lon="-16.74653">
        <ele>96.0</ele>
      </trkpt>
      <trkpt lat="28.1112" lon="-16.74654">
        <ele>96.0</ele>
      </trkpt>
      <trkpt lat="28.11122" lon="-16.74658">
        <ele>96.2</ele>
      </trkpt>
      <trkpt lat="28.11124" lon="-16.74662">
        <ele>96.4</ele>
      </trkpt>
      <trkpt lat="28.11125" lon="-16.74667">
        <ele>96.5</ele>
      </trkpt>
      <trkpt lat="28.11126" lon="-16.746749">
        <ele>96.7</ele>
      </trkpt>
      <trkpt lat="28.11127" lon="-16.7468">
        <ele>96.8</ele>
      </trkpt>
      <trkpt lat="28.11126" lon="-16.74686">
        <ele>96.8</ele>
      </trkpt>
      <trkpt lat="28.11125" lon="-16.746929">
        <ele>96.8</ele>
      </trkpt>
      <trkpt lat="28.11122" lon="-16.747029">
        <ele>96.8</ele>
      </trkpt>
      <trkpt lat="28.11113" lon="-16.747309">
        <ele>97.0</ele>
      </trkpt>
      <trkpt lat="28.1111" lon="-16.747409">
        <ele>97.1</ele>
      </trkpt>
      <trkpt lat="28.11109" lon="-16.74745">
        <ele>97.2</ele>
      </trkpt>
      <trkpt lat="28.11105" lon="-16.74764">
        <ele>98.2</ele>
      </trkpt>
      <trkpt lat="28.11104" lon="-16.74771">
        <ele>98.6</ele>
      </trkpt>
      <trkpt lat="28.11104" lon="-16.74777">
        <ele>98.9</ele>
      </trkpt>
      <trkpt lat="28.11104" lon="-16.74782">
        <ele>99.3</ele>
      </trkpt>
      <trkpt lat="28.11104" lon="-16.74786">
        <ele>99.5</ele>
      </trkpt>
      <trkpt lat="28.11106" lon="-16.74793">
        <ele>100.1</ele>
      </trkpt>
      <trkpt lat="28.11108" lon="-16.74799">
        <ele>100.6</ele>
      </trkpt>
      <trkpt lat="28.11112" lon="-16.748069">
        <ele>101.5</ele>
      </trkpt>
      <trkpt lat="28.11116" lon="-16.74814">
        <ele>102.4</ele>
      </trkpt>
      <trkpt lat="28.11124" lon="-16.74821">
        <ele>103.8</ele>
      </trkpt>
      <trkpt lat="28.11126" lon="-16.74823">
        <ele>104.2</ele>
      </trkpt>
      <trkpt lat="28.11128" lon="-16.748249">
        <ele>104.6</ele>
      </trkpt>
      <trkpt lat="28.11133" lon="-16.74828">
        <ele>105.4</ele>
      </trkpt>
      <trkpt lat="28.11137" lon="-16.74829">
        <ele>106.0</ele>
      </trkpt>
      <trkpt lat="28.1114" lon="-16.7483">
        <ele>106.4</ele>
      </trkpt>
      <trkpt lat="28.11142" lon="-16.74831">
        <ele>106.8</ele>
      </trkpt>
      <trkpt lat="28.11143" lon="-16.74831">
        <ele>106.9</ele>
      </trkpt>
      <trkpt lat="28.11146" lon="-16.74831">
        <ele>107.2</ele>
      </trkpt>
      <trkpt lat="28.1115" lon="-16.74832">
        <ele>107.8</ele>
      </trkpt>
      <trkpt lat="28.11154" lon="-16.74832">
        <ele>108.3</ele>
      </trkpt>
      <trkpt lat="28.11157" lon="-16.74832">
        <ele>108.7</ele>
      </trkpt>
      <trkpt lat="28.1116" lon="-16.74832">
        <ele>109.0</ele>
      </trkpt>
      <trkpt lat="28.11161" lon="-16.74832">
        <ele>109.1</ele>
      </trkpt>
      <trkpt lat="28.11163" lon="-16.74832">
        <ele>109.4</ele>
      </trkpt>
      <trkpt lat="28.11166" lon="-16.74832">
        <ele>109.7</ele>
      </trkpt>
      <trkpt lat="28.11167" lon="-16.74831">
        <ele>109.7</ele>
      </trkpt>
      <trkpt lat="28.1117" lon="-16.74831">
        <ele>110.1</ele>
      </trkpt>
      <trkpt lat="28.11174" lon="-16.74829">
        <ele>110.3</ele>
      </trkpt>
      <trkpt lat="28.11191" lon="-16.74823">
        <ele>111.7</ele>
      </trkpt>
      <trkpt lat="28.11198" lon="-16.74821">
        <ele>112.3</ele>
      </trkpt>
      <trkpt lat="28.11206" lon="-16.74818">
        <ele>112.9</ele>
      </trkpt>
      <trkpt lat="28.11215" lon="-16.74814">
        <ele>113.5</ele>
      </trkpt>
      <trkpt lat="28.1125" lon="-16.74802">
        <ele>116.1</ele>
      </trkpt>
      <trkpt lat="28.11267" lon="-16.74796">
        <ele>117.9</ele>
      </trkpt>
      <trkpt lat="28.11296" lon="-16.74785">
        <ele>121.6</ele>
      </trkpt>
      <trkpt lat="28.11303" lon="-16.74782">
        <ele>122.6</ele>
      </trkpt>
      <trkpt lat="28.11308" lon="-16.747789">
        <ele>123.3</ele>
      </trkpt>
      <trkpt lat="28.11312" lon="-16.74776">
        <ele>123.9</ele>
      </trkpt>
      <trkpt lat="28.11316" lon="-16.74774">
        <ele>124.5</ele>
      </trkpt>
      <trkpt lat="28.11319" lon="-16.74771">
        <ele>124.9</ele>
      </trkpt>
      <trkpt lat="28.11325" lon="-16.74766">
        <ele>125.9</ele>
      </trkpt>
      <trkpt lat="28.11329" lon="-16.747599">
        <ele>126.4</ele>
      </trkpt>
      <trkpt lat="28.11333" lon="-16.74754">
        <ele>127.1</ele>
      </trkpt>
      <trkpt lat="28.11336" lon="-16.747499">
        <ele>127.4</ele>
      </trkpt>
      <trkpt lat="28.11339" lon="-16.74745">
        <ele>127.8</ele>
      </trkpt>
      <trkpt lat="28.1134" lon="-16.74742">
        <ele>127.9</ele>
      </trkpt>
      <trkpt lat="28.11342" lon="-16.74738">
        <ele>128.1</ele>
      </trkpt>
      <trkpt lat="28.11343" lon="-16.74734">
        <ele>128.1</ele>
      </trkpt>
      <trkpt lat="28.11345" lon="-16.7473">
        <ele>128.4</ele>
      </trkpt>
      <trkpt lat="28.11346" lon="-16.74725">
        <ele>128.4</ele>
      </trkpt>
      <trkpt lat="28.11346" lon="-16.747229">
        <ele>128.4</ele>
      </trkpt>
      <trkpt lat="28.11347" lon="-16.74719">
        <ele>128.5</ele>
      </trkpt>
      <trkpt lat="28.11347" lon="-16.74715">
        <ele>128.4</ele>
      </trkpt>
      <trkpt lat="28.11348" lon="-16.7471">
        <ele>128.4</ele>
      </trkpt>
      <trkpt lat="28.11348" lon="-16.74705">
        <ele>128.3</ele>
      </trkpt>
      <trkpt lat="28.11348" lon="-16.74699">
        <ele>128.2</ele>
      </trkpt>
      <trkpt lat="28.11348" lon="-16.746939">
        <ele>128.1</ele>
      </trkpt>
      <trkpt lat="28.11346" lon="-16.7466">
        <ele>127.2</ele>
      </trkpt>
      <trkpt lat="28.11341" lon="-16.746189">
        <ele>126.7</ele>
      </trkpt>
      <trkpt lat="28.11341" lon="-16.746099">
        <ele>126.8</ele>
      </trkpt>
      <trkpt lat="28.1134" lon="-16.74604">
        <ele>126.7</ele>
      </trkpt>
      <trkpt lat="28.1134" lon="-16.746009">
        <ele>126.7</ele>
      </trkpt>
      <trkpt lat="28.1134" lon="-16.745999">
        <ele>126.7</ele>
      </trkpt>
      <trkpt lat="28.11341" lon="-16.74594">
        <ele>126.9</ele>
      </trkpt>
      <trkpt lat="28.11342" lon="-16.74589">
        <ele>127.1</ele>
      </trkpt>
      <trkpt lat="28.11344" lon="-16.74585">
        <ele>127.4</ele>
      </trkpt>
      <trkpt lat="28.11347" lon="-16.74579">
        <ele>127.9</ele>
      </trkpt>
      <trkpt lat="28.11349" lon="-16.74576">
        <ele>128.2</ele>
      </trkpt>
      <trkpt lat="28.11353" lon="-16.745719">
        <ele>128.7</ele>
      </trkpt>
      <trkpt lat="28.11357" lon="-16.74568">
        <ele>129.3</ele>
      </trkpt>
      <trkpt lat="28.1136" lon="-16.74565">
        <ele>129.7</ele>
      </trkpt>
      <trkpt lat="28.11364" lon="-16.745629">
        <ele>130.2</ele>
      </trkpt>
      <trkpt lat="28.11369" lon="-16.745619">
        <ele>130.8</ele>
      </trkpt>
      <trkpt lat="28.11373" lon="-16.7456">
        <ele>131.3</ele>
      </trkpt>
      <trkpt lat="28.11376" lon="-16.7456">
        <ele>131.6</ele>
      </trkpt>
      <trkpt lat="28.11382" lon="-16.74561">
        <ele>132.3</ele>
      </trkpt>
      <trkpt lat="28.11399" lon="-16.745629">
        <ele>134.4</ele>
      </trkpt>
      <trkpt lat="28.11435" lon="-16.74568">
        <ele>138.7</ele>
      </trkpt>
      <trkpt lat="28.11451" lon="-16.74568">
        <ele>140.5</ele>
      </trkpt>
      <trkpt lat="28.11466" lon="-16.74566">
        <ele>142.1</ele>
      </trkpt>
      <trkpt lat="28.11475" lon="-16.74564">
        <ele>143.0</ele>
      </trkpt>
      <trkpt lat="28.11493" lon="-16.74561">
        <ele>144.9</ele>
      </trkpt>
      <trkpt lat="28.11505" lon="-16.74558">
        <ele>146.0</ele>
      </trkpt>
      <trkpt lat="28.11523" lon="-16.74555">
        <ele>147.5</ele>
      </trkpt>
      <trkpt lat="28.11529" lon="-16.745529">
        <ele>148.0</ele>
      </trkpt>
      <trkpt lat="28.1154" lon="-16.74551">
        <ele>149.0</ele>
      </trkpt>
      <trkpt lat="28.11543" lon="-16.7455">
        <ele>149.2</ele>
      </trkpt>
      <trkpt lat="28.11552" lon="-16.74546">
        <ele>150.0</ele>
      </trkpt>
      <trkpt lat="28.11557" lon="-16.745429">
        <ele>150.4</ele>
      </trkpt>
      <trkpt lat="28.11564" lon="-16.7454">
        <ele>151.0</ele>
      </trkpt>
      <trkpt lat="28.11573" lon="-16.74533">
        <ele>151.7</ele>
      </trkpt>
      <trkpt lat="28.11575" lon="-16.74531">
        <ele>151.9</ele>
      </trkpt>
      <trkpt lat="28.1159" lon="-16.74512">
        <ele>153.1</ele>
      </trkpt>
      <trkpt lat="28.11597" lon="-16.744969">
        <ele>153.8</ele>
      </trkpt>
      <trkpt lat="28.11601" lon="-16.74482">
        <ele>154.9</ele>
      </trkpt>
      <trkpt lat="28.11603" lon="-16.74476">
        <ele>155.3</ele>
      </trkpt>
      <trkpt lat="28.11605" lon="-16.74456">
        <ele>156.3</ele>
      </trkpt>
      <trkpt lat="28.11605" lon="-16.74455">
        <ele>156.3</ele>
      </trkpt>
      <trkpt lat="28.116069" lon="-16.744482">
        <ele>156.7</ele>
      </trkpt>
      <trkpt lat="28.11608" lon="-16.74444">
        <ele>156.9</ele>
      </trkpt>
      <trkpt lat="28.116097" lon="-16.744381">
        <ele>157.2</ele>
      </trkpt>
      <trkpt lat="28.1161" lon="-16.74438">
        <ele>157.3</ele>
      </trkpt>
      <trkpt lat="28.1161" lon="-16.74437">
        <ele>157.3</ele>
      </trkpt>
      <trkpt lat="28.11611" lon="-16.74436">
        <ele>157.4</ele>
      </trkpt>
      <trkpt lat="28.11612" lon="-16.744319">
        <ele>157.6</ele>
      </trkpt>
      <trkpt lat="28.11612" lon="-16.744309">
        <ele>157.6</ele>
      </trkpt>
      <trkpt lat="28.11611" lon="-16.744309">
        <ele>157.5</ele>
      </trkpt>
      <trkpt lat="28.11611" lon="-16.7443">
        <ele>157.6</ele>
      </trkpt>
      <trkpt lat="28.11611" lon="-16.74429">
        <ele>157.6</ele>
      </trkpt>
      <trkpt lat="28.1161" lon="-16.74429">
        <ele>157.6</ele>
      </trkpt>
      <trkpt lat="28.1161" lon="-16.74428">
        <ele>157.6</ele>
      </trkpt>
      <trkpt lat="28.1161" lon="-16.74427">
        <ele>157.6</ele>
      </trkpt>
      <trkpt lat="28.1161" lon="-16.74426">
        <ele>157.7</ele>
      </trkpt>
      <trkpt lat="28.1161" lon="-16.74425">
        <ele>157.7</ele>
      </trkpt>
      <trkpt lat="28.1161" lon="-16.74424">
        <ele>157.7</ele>
      </trkpt>
      <trkpt lat="28.1161" lon="-16.74423">
        <ele>157.8</ele>
      </trkpt>
      <trkpt lat="28.1161" lon="-16.744219">
        <ele>157.8</ele>
      </trkpt>
      <trkpt lat="28.1161" lon="-16.744209">
        <ele>157.8</ele>
      </trkpt>
      <trkpt lat="28.1161" lon="-16.7442">
        <ele>157.9</ele>
      </trkpt>
      <trkpt lat="28.11611" lon="-16.7442">
        <ele>157.9</ele>
      </trkpt>
      <trkpt lat="28.11611" lon="-16.74419">
        <ele>157.9</ele>
      </trkpt>
      <trkpt lat="28.11612" lon="-16.74418">
        <ele>158.0</ele>
      </trkpt>
      <trkpt lat="28.11612" lon="-16.74417">
        <ele>158.0</ele>
      </trkpt>
      <trkpt lat="28.11613" lon="-16.74417">
        <ele>158.1</ele>
      </trkpt>
      <trkpt lat="28.11613" lon="-16.74416">
        <ele>158.1</ele>
      </trkpt>
      <trkpt lat="28.11614" lon="-16.74416">
        <ele>158.1</ele>
      </trkpt>
      <trkpt lat="28.11615" lon="-16.74415">
        <ele>158.2</ele>
      </trkpt>
      <trkpt lat="28.11616" lon="-16.74415">
        <ele>158.2</ele>
      </trkpt>
      <trkpt lat="28.11617" lon="-16.74415">
        <ele>158.2</ele>
      </trkpt>
      <trkpt lat="28.11616" lon="-16.744039">
        <ele>158.4</ele>
      </trkpt>
      <trkpt lat="28.11616" lon="-16.743939">
        <ele>158.7</ele>
      </trkpt>
      <trkpt lat="28.11618" lon="-16.74381">
        <ele>159.0</ele>
      </trkpt>
      <trkpt lat="28.1162" lon="-16.743749">
        <ele>159.3</ele>
      </trkpt>
      <trkpt lat="28.11623" lon="-16.74368">
        <ele>159.6</ele>
      </trkpt>
      <trkpt lat="28.11625" lon="-16.74361">
        <ele>159.8</ele>
      </trkpt>
      <trkpt lat="28.11628" lon="-16.743559">
        <ele>160.1</ele>
      </trkpt>
      <trkpt lat="28.11628" lon="-16.743549">
        <ele>160.1</ele>
      </trkpt>
      <trkpt lat="28.11633" lon="-16.74345">
        <ele>160.7</ele>
      </trkpt>
      <trkpt lat="28.11638" lon="-16.743369">
        <ele>161.2</ele>
      </trkpt>
      <trkpt lat="28.11645" lon="-16.743269">
        <ele>161.9</ele>
      </trkpt>
      <trkpt lat="28.11654" lon="-16.74317">
        <ele>162.7</ele>
      </trkpt>
      <trkpt lat="28.11667" lon="-16.74304">
        <ele>163.7</ele>
      </trkpt>
      <trkpt lat="28.11675" lon="-16.74297">
        <ele>164.2</ele>
      </trkpt>
      <trkpt lat="28.1168" lon="-16.74293">
        <ele>164.4</ele>
      </trkpt>
      <trkpt lat="28.11689" lon="-16.74287">
        <ele>164.9</ele>
      </trkpt>
      <trkpt lat="28.117" lon="-16.742809">
        <ele>165.6</ele>
      </trkpt>
      <trkpt lat="28.11714" lon="-16.74275">
        <ele>166.3</ele>
      </trkpt>
      <trkpt lat="28.1176" lon="-16.74261">
        <ele>169.1</ele>
      </trkpt>
      <trkpt lat="28.11794" lon="-16.7425">
        <ele>171.6</ele>
      </trkpt>
      <trkpt lat="28.11821" lon="-16.74242">
        <ele>173.5</ele>
      </trkpt>
      <trkpt lat="28.11864" lon="-16.7423">
        <ele>176.4</ele>
      </trkpt>
      <trkpt lat="28.118672" lon="-16.742287">
        <ele>176.6</ele>
      </trkpt>
      <trkpt lat="28.11869" lon="-16.74228">
        <ele>176.8</ele>
      </trkpt>
      <trkpt lat="28.11874" lon="-16.742239">
        <ele>177.2</ele>
      </trkpt>
      <trkpt lat="28.11876" lon="-16.742239">
        <ele>177.3</ele>
      </trkpt>
      <trkpt lat="28.1188" lon="-16.742239">
        <ele>177.6</ele>
      </trkpt>
      <trkpt lat="28.11885" lon="-16.742239">
        <ele>177.9</ele>
      </trkpt>
      <trkpt lat="28.1189" lon="-16.742239">
        <ele>178.2</ele>
      </trkpt>
      <trkpt lat="28.11895" lon="-16.74219">
        <ele>178.7</ele>
      </trkpt>
      <trkpt lat="28.11896" lon="-16.74218">
        <ele>178.8</ele>
      </trkpt>
      <trkpt lat="28.11897" lon="-16.74217">
        <ele>178.9</ele>
      </trkpt>
      <trkpt lat="28.11899" lon="-16.742159">
        <ele>179.1</ele>
      </trkpt>
      <trkpt lat="28.119" lon="-16.742149">
        <ele>179.2</ele>
      </trkpt>
      <trkpt lat="28.11902" lon="-16.74214">
        <ele>179.3</ele>
      </trkpt>
      <trkpt lat="28.11904" lon="-16.74214">
        <ele>179.5</ele>
      </trkpt>
      <trkpt lat="28.11905" lon="-16.74214">
        <ele>179.5</ele>
      </trkpt>
      <trkpt lat="28.11906" lon="-16.74214">
        <ele>179.6</ele>
      </trkpt>
      <trkpt lat="28.11908" lon="-16.74214">
        <ele>179.7</ele>
      </trkpt>
      <trkpt lat="28.1191" lon="-16.74214">
        <ele>179.9</ele>
      </trkpt>
      <trkpt lat="28.11913" lon="-16.74214">
        <ele>180.1</ele>
      </trkpt>
      <trkpt lat="28.11915" lon="-16.742149">
        <ele>180.2</ele>
      </trkpt>
      <trkpt lat="28.11917" lon="-16.742159">
        <ele>180.2</ele>
      </trkpt>
      <trkpt lat="28.11919" lon="-16.74217">
        <ele>180.3</ele>
      </trkpt>
      <trkpt lat="28.11927" lon="-16.74213">
        <ele>180.8</ele>
      </trkpt>
      <trkpt lat="28.11935" lon="-16.742069">
        <ele>181.4</ele>
      </trkpt>
      <trkpt lat="28.11937" lon="-16.742069">
        <ele>181.5</ele>
      </trkpt>
      <trkpt lat="28.11941" lon="-16.742069">
        <ele>181.7</ele>
      </trkpt>
      <trkpt lat="28.11956" lon="-16.74202">
        <ele>182.7</ele>
      </trkpt>
      <trkpt lat="28.12006" lon="-16.741869">
        <ele>186.3</ele>
      </trkpt>
      <trkpt lat="28.12019" lon="-16.74183">
        <ele>187.7</ele>
      </trkpt>
      <trkpt lat="28.12051" lon="-16.74173">
        <ele>191.0</ele>
      </trkpt>
      <trkpt lat="28.12089" lon="-16.74162">
        <ele>194.7</ele>
      </trkpt>
      <trkpt lat="28.12102" lon="-16.741579">
        <ele>195.6</ele>
      </trkpt>
      <trkpt lat="28.12117" lon="-16.74154">
        <ele>196.5</ele>
      </trkpt>
      <trkpt lat="28.12121" lon="-16.74152">
        <ele>196.8</ele>
      </trkpt>
      <trkpt lat="28.12139" lon="-16.74145">
        <ele>198.0</ele>
      </trkpt>
      <trkpt lat="28.12148" lon="-16.741399">
        <ele>198.6</ele>
      </trkpt>
      <trkpt lat="28.12153" lon="-16.74137">
        <ele>198.9</ele>
      </trkpt>
      <trkpt lat="28.12154" lon="-16.74136">
        <ele>199.0</ele>
      </trkpt>
      <trkpt lat="28.12165" lon="-16.741299">
        <ele>199.7</ele>
      </trkpt>
      <trkpt lat="28.1217" lon="-16.74126">
        <ele>200.2</ele>
      </trkpt>
      <trkpt lat="28.12177" lon="-16.741219">
        <ele>200.8</ele>
      </trkpt>
      <trkpt lat="28.12189" lon="-16.741129">
        <ele>201.8</ele>
      </trkpt>
      <trkpt lat="28.12192" lon="-16.741109">
        <ele>202.1</ele>
      </trkpt>
      <trkpt lat="28.12203" lon="-16.741019">
        <ele>203.0</ele>
      </trkpt>
      <trkpt lat="28.12204" lon="-16.741019">
        <ele>203.1</ele>
      </trkpt>
      <trkpt lat="28.122086" lon="-16.740977">
        <ele>203.5</ele>
      </trkpt>
      <trkpt lat="28.12216" lon="-16.74091">
        <ele>204.1</ele>
      </trkpt>
      <trkpt lat="28.12221" lon="-16.74087">
        <ele>204.5</ele>
      </trkpt>
      <trkpt lat="28.12224" lon="-16.74081">
        <ele>204.8</ele>
      </trkpt>
      <trkpt lat="28.12226" lon="-16.74078">
        <ele>205.0</ele>
      </trkpt>
      <trkpt lat="28.12228" lon="-16.740749">
        <ele>205.1</ele>
      </trkpt>
      <trkpt lat="28.12229" lon="-16.74072">
        <ele>205.3</ele>
      </trkpt>
      <trkpt lat="28.1223" lon="-16.74069">
        <ele>205.4</ele>
      </trkpt>
      <trkpt lat="28.12232" lon="-16.740649">
        <ele>205.6</ele>
      </trkpt>
      <trkpt lat="28.12233" lon="-16.7406">
        <ele>205.7</ele>
      </trkpt>
      <trkpt lat="28.12232" lon="-16.74058">
        <ele>205.7</ele>
      </trkpt>
      <trkpt lat="28.1223" lon="-16.740549">
        <ele>205.7</ele>
      </trkpt>
      <trkpt lat="28.12229" lon="-16.74051">
        <ele>205.8</ele>
      </trkpt>
      <trkpt lat="28.12228" lon="-16.740459">
        <ele>205.9</ele>
      </trkpt>
      <trkpt lat="28.12227" lon="-16.74043">
        <ele>206.0</ele>
      </trkpt>
      <trkpt lat="28.12227" lon="-16.74042">
        <ele>206.1</ele>
      </trkpt>
      <trkpt lat="28.12226" lon="-16.740379">
        <ele>206.2</ele>
      </trkpt>
      <trkpt lat="28.12226" lon="-16.74033">
        <ele>206.4</ele>
      </trkpt>
      <trkpt lat="28.12226" lon="-16.74029">
        <ele>206.5</ele>
      </trkpt>
      <trkpt lat="28.12227" lon="-16.74025">
        <ele>206.7</ele>
      </trkpt>
      <trkpt lat="28.12228" lon="-16.7402">
        <ele>206.8</ele>
      </trkpt>
      <trkpt lat="28.12229" lon="-16.74016">
        <ele>207.0</ele>
      </trkpt>
      <trkpt lat="28.1223" lon="-16.74012">
        <ele>207.1</ele>
      </trkpt>
      <trkpt lat="28.12232" lon="-16.740079">
        <ele>207.3</ele>
      </trkpt>
      <trkpt lat="28.12234" lon="-16.74005">
        <ele>207.4</ele>
      </trkpt>
      <trkpt lat="28.12237" lon="-16.74001">
        <ele>207.6</ele>
      </trkpt>
      <trkpt lat="28.1224" lon="-16.73998">
        <ele>207.8</ele>
      </trkpt>
      <trkpt lat="28.12243" lon="-16.73995">
        <ele>207.9</ele>
      </trkpt>
      <trkpt lat="28.12246" lon="-16.73993">
        <ele>208.1</ele>
      </trkpt>
      <trkpt lat="28.12249" lon="-16.739909">
        <ele>208.4</ele>
      </trkpt>
      <trkpt lat="28.12253" lon="-16.739889">
        <ele>208.7</ele>
      </trkpt>
      <trkpt lat="28.12256" lon="-16.73987">
        <ele>209.0</ele>
      </trkpt>
      <trkpt lat="28.1226" lon="-16.73986">
        <ele>209.4</ele>
      </trkpt>
      <trkpt lat="28.12264" lon="-16.73986">
        <ele>209.6</ele>
      </trkpt>
      <trkpt lat="28.12266" lon="-16.73986">
        <ele>209.8</ele>
      </trkpt>
      <trkpt lat="28.12268" lon="-16.73986">
        <ele>209.9</ele>
      </trkpt>
      <trkpt lat="28.12272" lon="-16.73986">
        <ele>210.2</ele>
      </trkpt>
      <trkpt lat="28.12276" lon="-16.73986">
        <ele>210.4</ele>
      </trkpt>
      <trkpt lat="28.1228" lon="-16.73987">
        <ele>210.7</ele>
      </trkpt>
      <trkpt lat="28.12281" lon="-16.73988">
        <ele>210.7</ele>
      </trkpt>
      <trkpt lat="28.12288" lon="-16.73986">
        <ele>211.3</ele>
      </trkpt>
      <trkpt lat="28.1229" lon="-16.73985">
        <ele>211.4</ele>
      </trkpt>
      <trkpt lat="28.12293" lon="-16.73984">
        <ele>211.7</ele>
      </trkpt>
      <trkpt lat="28.12296" lon="-16.73982">
        <ele>211.9</ele>
      </trkpt>
      <trkpt lat="28.12298" lon="-16.739809">
        <ele>212.1</ele>
      </trkpt>
      <trkpt lat="28.123" lon="-16.73978">
        <ele>212.3</ele>
      </trkpt>
      <trkpt lat="28.12302" lon="-16.73976">
        <ele>212.5</ele>
      </trkpt>
      <trkpt lat="28.12303" lon="-16.73974">
        <ele>212.7</ele>
      </trkpt>
      <trkpt lat="28.1231" lon="-16.73966">
        <ele>213.4</ele>
      </trkpt>
      <trkpt lat="28.12315" lon="-16.7396">
        <ele>213.9</ele>
      </trkpt>
      <trkpt lat="28.12316" lon="-16.7396">
        <ele>213.9</ele>
      </trkpt>
      <trkpt lat="28.1234" lon="-16.73936">
        <ele>216.0</ele>
      </trkpt>
      <trkpt lat="28.12362" lon="-16.739139">
        <ele>217.8</ele>
      </trkpt>
      <trkpt lat="28.12366" lon="-16.73911">
        <ele>218.1</ele>
      </trkpt>
      <trkpt lat="28.12375" lon="-16.73903">
        <ele>218.7</ele>
      </trkpt>
      <trkpt lat="28.12384" lon="-16.73895">
        <ele>219.4</ele>
      </trkpt>
      <trkpt lat="28.12419" lon="-16.738679">
        <ele>221.7</ele>
      </trkpt>
      <trkpt lat="28.1246" lon="-16.73843">
        <ele>224.6</ele>
      </trkpt>
      <trkpt lat="28.1246" lon="-16.73843">
        <ele>224.6</ele>
      </trkpt>
      <trkpt lat="28.1246" lon="-16.738389">
        <ele>224.6</ele>
      </trkpt>
      <trkpt lat="28.12461" lon="-16.73835">
        <ele>224.7</ele>
      </trkpt>
      <trkpt lat="28.12461" lon="-16.73832">
        <ele>224.7</ele>
      </trkpt>
      <trkpt lat="28.12462" lon="-16.73828">
        <ele>224.8</ele>
      </trkpt>
      <trkpt lat="28.12464" lon="-16.73825">
        <ele>225.0</ele>
      </trkpt>
      <trkpt lat="28.12466" lon="-16.738219">
        <ele>225.2</ele>
      </trkpt>
      <trkpt lat="28.12468" lon="-16.73819">
        <ele>225.4</ele>
      </trkpt>
      <trkpt lat="28.1247" lon="-16.73816">
        <ele>225.6</ele>
      </trkpt>
      <trkpt lat="28.12473" lon="-16.73814">
        <ele>225.8</ele>
      </trkpt>
      <trkpt lat="28.12478" lon="-16.738109">
        <ele>226.1</ele>
      </trkpt>
      <trkpt lat="28.12483" lon="-16.73809">
        <ele>226.4</ele>
      </trkpt>
      <trkpt lat="28.12487" lon="-16.73809">
        <ele>226.6</ele>
      </trkpt>
      <trkpt lat="28.1249" lon="-16.73809">
        <ele>226.8</ele>
      </trkpt>
      <trkpt lat="28.12493" lon="-16.7381">
        <ele>226.9</ele>
      </trkpt>
      <trkpt lat="28.12497" lon="-16.7381">
        <ele>227.1</ele>
      </trkpt>
      <trkpt lat="28.125" lon="-16.738119">
        <ele>227.3</ele>
      </trkpt>
      <trkpt lat="28.12503" lon="-16.73814">
        <ele>227.4</ele>
      </trkpt>
      <trkpt lat="28.12505" lon="-16.73816">
        <ele>227.5</ele>
      </trkpt>
      <trkpt lat="28.12508" lon="-16.73819">
        <ele>227.6</ele>
      </trkpt>
      <trkpt lat="28.1251" lon="-16.738219">
        <ele>227.7</ele>
      </trkpt>
      <trkpt lat="28.12511" lon="-16.73823">
        <ele>227.8</ele>
      </trkpt>
      <trkpt lat="28.12512" lon="-16.73825">
        <ele>227.8</ele>
      </trkpt>
      <trkpt lat="28.12513" lon="-16.73827">
        <ele>227.8</ele>
      </trkpt>
      <trkpt lat="28.12513" lon="-16.73829">
        <ele>227.8</ele>
      </trkpt>
      <trkpt lat="28.12514" lon="-16.738299">
        <ele>227.9</ele>
      </trkpt>
      <trkpt lat="28.12515" lon="-16.73832">
        <ele>227.9</ele>
      </trkpt>
      <trkpt lat="28.12515" lon="-16.73834">
        <ele>227.9</ele>
      </trkpt>
      <trkpt lat="28.12515" lon="-16.73836">
        <ele>227.9</ele>
      </trkpt>
      <trkpt lat="28.12515" lon="-16.73843">
        <ele>228.0</ele>
      </trkpt>
      <trkpt lat="28.12515" lon="-16.73847">
        <ele>228.1</ele>
      </trkpt>
      <trkpt lat="28.12514" lon="-16.738499">
        <ele>228.1</ele>
      </trkpt>
      <trkpt lat="28.12513" lon="-16.73854">
        <ele>228.1</ele>
      </trkpt>
      <trkpt lat="28.12511" lon="-16.73857">
        <ele>228.0</ele>
      </trkpt>
      <trkpt lat="28.12509" lon="-16.7386">
        <ele>227.9</ele>
      </trkpt>
      <trkpt lat="28.12507" lon="-16.73863">
        <ele>227.8</ele>
      </trkpt>
      <trkpt lat="28.12504" lon="-16.73865">
        <ele>227.6</ele>
      </trkpt>
      <trkpt lat="28.12501" lon="-16.738669">
        <ele>227.5</ele>
      </trkpt>
      <trkpt lat="28.12498" lon="-16.738689">
        <ele>227.3</ele>
      </trkpt>
      <trkpt lat="28.12512" lon="-16.73911">
        <ele>228.8</ele>
      </trkpt>
      <trkpt lat="28.12525" lon="-16.73949">
        <ele>230.2</ele>
      </trkpt>
      <trkpt lat="28.12534" lon="-16.73979">
        <ele>231.0</ele>
      </trkpt>
      <trkpt lat="28.12551" lon="-16.74032">
        <ele>232.0</ele>
      </trkpt>
      <trkpt lat="28.12555" lon="-16.74045">
        <ele>232.3</ele>
      </trkpt>
      <trkpt lat="28.12565" lon="-16.740749">
        <ele>233.3</ele>
      </trkpt>
      <trkpt lat="28.12568" lon="-16.74086">
        <ele>233.7</ele>
      </trkpt>
      <trkpt lat="28.12576" lon="-16.741019">
        <ele>234.0</ele>
      </trkpt>
      <trkpt lat="28.12582" lon="-16.74114">
        <ele>234.2</ele>
      </trkpt>
      <trkpt lat="28.12593" lon="-16.741309">
        <ele>234.8</ele>
      </trkpt>
      <trkpt lat="28.12594" lon="-16.74132">
        <ele>234.9</ele>
      </trkpt>
      <trkpt lat="28.12629" lon="-16.74165">
        <ele>237.4</ele>
      </trkpt>
      <trkpt lat="28.1265" lon="-16.74183">
        <ele>238.7</ele>
      </trkpt>
      <trkpt lat="28.12651" lon="-16.74184">
        <ele>238.7</ele>
      </trkpt>
      <trkpt lat="28.12691" lon="-16.7422">
        <ele>241.4</ele>
      </trkpt>
      <trkpt lat="28.12777" lon="-16.742999">
        <ele>241.7</ele>
      </trkpt>
      <trkpt lat="28.12777" lon="-16.742999">
        <ele>241.7</ele>
      </trkpt>
      <trkpt lat="28.12777" lon="-16.742989">
        <ele>241.8</ele>
      </trkpt>
      <trkpt lat="28.12778" lon="-16.742989">
        <ele>241.9</ele>
      </trkpt>
      <trkpt lat="28.12778" lon="-16.74298">
        <ele>242.0</ele>
      </trkpt>
      <trkpt lat="28.12779" lon="-16.74298">
        <ele>242.0</ele>
      </trkpt>
      <trkpt lat="28.12779" lon="-16.74297">
        <ele>242.1</ele>
      </trkpt>
      <trkpt lat="28.1278" lon="-16.74297">
        <ele>242.2</ele>
      </trkpt>
      <trkpt lat="28.1278" lon="-16.74296">
        <ele>242.3</ele>
      </trkpt>
      <trkpt lat="28.12781" lon="-16.74296">
        <ele>242.4</ele>
      </trkpt>
      <trkpt lat="28.12782" lon="-16.74296">
        <ele>242.4</ele>
      </trkpt>
      <trkpt lat="28.12783" lon="-16.74296">
        <ele>242.5</ele>
      </trkpt>
      <trkpt lat="28.12784" lon="-16.74296">
        <ele>242.6</ele>
      </trkpt>
      <trkpt lat="28.12785" lon="-16.74296">
        <ele>242.6</ele>
      </trkpt>
      <trkpt lat="28.12785" lon="-16.74297">
        <ele>242.5</ele>
      </trkpt>
      <trkpt lat="28.12786" lon="-16.74297">
        <ele>242.6</ele>
      </trkpt>
      <trkpt lat="28.12787" lon="-16.74298">
        <ele>242.5</ele>
      </trkpt>
      <trkpt lat="28.12787" lon="-16.742989">
        <ele>242.4</ele>
      </trkpt>
      <trkpt lat="28.12788" lon="-16.742989">
        <ele>242.5</ele>
      </trkpt>
      <trkpt lat="28.12788" lon="-16.742999">
        <ele>242.4</ele>
      </trkpt>
      <trkpt lat="28.12789" lon="-16.742999">
        <ele>242.4</ele>
      </trkpt>
      <trkpt lat="28.12789" lon="-16.74301">
        <ele>242.3</ele>
      </trkpt>
      <trkpt lat="28.12789" lon="-16.74302">
        <ele>242.2</ele>
      </trkpt>
      <trkpt lat="28.12789" lon="-16.74303">
        <ele>242.1</ele>
      </trkpt>
      <trkpt lat="28.12789" lon="-16.74304">
        <ele>242.0</ele>
      </trkpt>
      <trkpt lat="28.12789" lon="-16.74305">
        <ele>241.9</ele>
      </trkpt>
      <trkpt lat="28.12789" lon="-16.74306">
        <ele>241.8</ele>
      </trkpt>
      <trkpt lat="28.12788" lon="-16.74306">
        <ele>241.7</ele>
      </trkpt>
      <trkpt lat="28.12788" lon="-16.74307">
        <ele>241.6</ele>
      </trkpt>
      <trkpt lat="28.12788" lon="-16.74308">
        <ele>241.5</ele>
      </trkpt>
      <trkpt lat="28.12787" lon="-16.74308">
        <ele>241.4</ele>
      </trkpt>
      <trkpt lat="28.12787" lon="-16.743089">
        <ele>241.3</ele>
      </trkpt>
      <trkpt lat="28.12786" lon="-16.743089">
        <ele>241.3</ele>
      </trkpt>
      <trkpt lat="28.12786" lon="-16.743099">
        <ele>241.2</ele>
      </trkpt>
      <trkpt lat="28.12785" lon="-16.743099">
        <ele>241.1</ele>
      </trkpt>
      <trkpt lat="28.12784" lon="-16.743099">
        <ele>241.0</ele>
      </trkpt>
      <trkpt lat="28.12783" lon="-16.743099">
        <ele>241.0</ele>
      </trkpt>
      <trkpt lat="28.12782" lon="-16.743099">
        <ele>240.9</ele>
      </trkpt>
      <trkpt lat="28.12781" lon="-16.743099">
        <ele>240.8</ele>
      </trkpt>
      <trkpt lat="28.1278" lon="-16.743099">
        <ele>240.8</ele>
      </trkpt>
      <trkpt lat="28.12774" lon="-16.743289">
        <ele>238.2</ele>
      </trkpt>
      <trkpt lat="28.1276" lon="-16.743659">
        <ele>234.5</ele>
      </trkpt>
      <trkpt lat="28.12759" lon="-16.74391">
        <ele>232.6</ele>
      </trkpt>
      <trkpt lat="28.12759" lon="-16.74391">
        <ele>232.6</ele>
      </trkpt>
      <trkpt lat="28.12761" lon="-16.743929">
        <ele>232.7</ele>
      </trkpt>
      <trkpt lat="28.12763" lon="-16.743939">
        <ele>232.8</ele>
      </trkpt>
      <trkpt lat="28.12765" lon="-16.74396">
        <ele>232.8</ele>
      </trkpt>
      <trkpt lat="28.12767" lon="-16.74398">
        <ele>232.9</ele>
      </trkpt>
      <trkpt lat="28.12768" lon="-16.74399">
        <ele>232.9</ele>
      </trkpt>
      <trkpt lat="28.1277" lon="-16.744019">
        <ele>232.9</ele>
      </trkpt>
      <trkpt lat="28.12771" lon="-16.744039">
        <ele>232.9</ele>
      </trkpt>
      <trkpt lat="28.12772" lon="-16.74406">
        <ele>232.8</ele>
      </trkpt>
      <trkpt lat="28.12774" lon="-16.744129">
        <ele>232.5</ele>
      </trkpt>
      <trkpt lat="28.12775" lon="-16.74417">
        <ele>232.4</ele>
      </trkpt>
      <trkpt lat="28.12776" lon="-16.744209">
        <ele>232.1</ele>
      </trkpt>
      <trkpt lat="28.12775" lon="-16.74426">
        <ele>231.8</ele>
      </trkpt>
      <trkpt lat="28.12775" lon="-16.7443">
        <ele>231.6</ele>
      </trkpt>
      <trkpt lat="28.12773" lon="-16.74435">
        <ele>231.2</ele>
      </trkpt>
      <trkpt lat="28.12772" lon="-16.74439">
        <ele>231.0</ele>
      </trkpt>
      <trkpt lat="28.12769" lon="-16.74442">
        <ele>230.7</ele>
      </trkpt>
      <trkpt lat="28.12767" lon="-16.74446">
        <ele>230.4</ele>
      </trkpt>
      <trkpt lat="28.12766" lon="-16.74447">
        <ele>230.3</ele>
      </trkpt>
      <trkpt lat="28.12764" lon="-16.744489">
        <ele>230.2</ele>
      </trkpt>
      <trkpt lat="28.12761" lon="-16.744509">
        <ele>229.9</ele>
      </trkpt>
      <trkpt lat="28.12757" lon="-16.74453">
        <ele>229.6</ele>
      </trkpt>
      <trkpt lat="28.12753" lon="-16.74454">
        <ele>229.4</ele>
      </trkpt>
      <trkpt lat="28.12749" lon="-16.74455">
        <ele>229.0</ele>
      </trkpt>
      <trkpt lat="28.12749" lon="-16.74456">
        <ele>229.0</ele>
      </trkpt>
      <trkpt lat="28.12748" lon="-16.74456">
        <ele>228.9</ele>
      </trkpt>
      <trkpt lat="28.12747" lon="-16.74456">
        <ele>228.9</ele>
      </trkpt>
      <trkpt lat="28.12746" lon="-16.74456">
        <ele>228.8</ele>
      </trkpt>
      <trkpt lat="28.12745" lon="-16.74456">
        <ele>228.8</ele>
      </trkpt>
      <trkpt lat="28.12743" lon="-16.74458">
        <ele>228.6</ele>
      </trkpt>
      <trkpt lat="28.12734" lon="-16.74466">
        <ele>228.0</ele>
      </trkpt>
      <trkpt lat="28.1273" lon="-16.74471">
        <ele>227.7</ele>
      </trkpt>
      <trkpt lat="28.1273" lon="-16.74472">
        <ele>227.6</ele>
      </trkpt>
      <trkpt lat="28.12727" lon="-16.744779">
        <ele>227.4</ele>
      </trkpt>
      <trkpt lat="28.12721" lon="-16.7449">
        <ele>226.8</ele>
      </trkpt>
      <trkpt lat="28.12716" lon="-16.74509">
        <ele>225.8</ele>
      </trkpt>
      <trkpt lat="28.12715" lon="-16.74512">
        <ele>225.6</ele>
      </trkpt>
      <trkpt lat="28.12714" lon="-16.74517">
        <ele>225.3</ele>
      </trkpt>
      <trkpt lat="28.127116" lon="-16.745262">
        <ele>224.6</ele>
      </trkpt>
      <trkpt lat="28.12709" lon="-16.74536">
        <ele>223.9</ele>
      </trkpt>
      <trkpt lat="28.12705" lon="-16.74549">
        <ele>222.9</ele>
      </trkpt>
      <trkpt lat="28.12696" lon="-16.74577">
        <ele>220.5</ele>
      </trkpt>
      <trkpt lat="28.12691" lon="-16.74595">
        <ele>219.9</ele>
      </trkpt>
      <trkpt lat="28.12686" lon="-16.74613">
        <ele>219.7</ele>
      </trkpt>
      <trkpt lat="28.12681" lon="-16.74632">
        <ele>219.6</ele>
      </trkpt>
      <trkpt lat="28.12673" lon="-16.74658">
        <ele>219.4</ele>
      </trkpt>
      <trkpt lat="28.12669" lon="-16.74674">
        <ele>219.2</ele>
      </trkpt>
      <trkpt lat="28.12661" lon="-16.74701">
        <ele>218.6</ele>
      </trkpt>
      <trkpt lat="28.12643" lon="-16.747589">
        <ele>216.8</ele>
      </trkpt>
      <trkpt lat="28.12638" lon="-16.747779">
        <ele>215.5</ele>
      </trkpt>
      <trkpt lat="28.12636" lon="-16.74785">
        <ele>215.0</ele>
      </trkpt>
      <trkpt lat="28.12635" lon="-16.747879">
        <ele>214.7</ele>
      </trkpt>
      <trkpt lat="28.12632" lon="-16.747979">
        <ele>214.0</ele>
      </trkpt>
      <trkpt lat="28.12626" lon="-16.748169">
        <ele>212.5</ele>
      </trkpt>
      <trkpt lat="28.12624" lon="-16.74824">
        <ele>211.9</ele>
      </trkpt>
      <trkpt lat="28.12618" lon="-16.74847">
        <ele>209.8</ele>
      </trkpt>
      <trkpt lat="28.12616" lon="-16.74857">
        <ele>208.9</ele>
      </trkpt>
      <trkpt lat="28.12615" lon="-16.748629">
        <ele>208.3</ele>
      </trkpt>
      <trkpt lat="28.12613" lon="-16.74876">
        <ele>207.1</ele>
      </trkpt>
      <trkpt lat="28.12613" lon="-16.74886">
        <ele>206.3</ele>
      </trkpt>
      <trkpt lat="28.12614" lon="-16.74897">
        <ele>205.5</ele>
      </trkpt>
      <trkpt lat="28.12614" lon="-16.748999">
        <ele>205.3</ele>
      </trkpt>
      <trkpt lat="28.12617" lon="-16.74917">
        <ele>204.2</ele>
      </trkpt>
      <trkpt lat="28.12617" lon="-16.749189">
        <ele>204.0</ele>
      </trkpt>
      <trkpt lat="28.12621" lon="-16.74936">
        <ele>202.7</ele>
      </trkpt>
      <trkpt lat="28.12628" lon="-16.74968">
        <ele>200.0</ele>
      </trkpt>
      <trkpt lat="28.1263" lon="-16.749759">
        <ele>199.3</ele>
      </trkpt>
      <trkpt lat="28.12635" lon="-16.74996">
        <ele>197.5</ele>
      </trkpt>
      <trkpt lat="28.1264" lon="-16.75015">
        <ele>196.3</ele>
      </trkpt>
      <trkpt lat="28.12642" lon="-16.75027">
        <ele>195.5</ele>
      </trkpt>
      <trkpt lat="28.12646" lon="-16.75044">
        <ele>194.5</ele>
      </trkpt>
      <trkpt lat="28.12647" lon="-16.75047">
        <ele>194.3</ele>
      </trkpt>
      <trkpt lat="28.12652" lon="-16.75067">
        <ele>193.2</ele>
      </trkpt>
      <trkpt lat="28.12656" lon="-16.75083">
        <ele>192.3</ele>
      </trkpt>
      <trkpt lat="28.12665" lon="-16.75119">
        <ele>189.0</ele>
      </trkpt>
      <trkpt lat="28.12666" lon="-16.75122">
        <ele>188.8</ele>
      </trkpt>
      <trkpt lat="28.12668" lon="-16.75129">
        <ele>188.2</ele>
      </trkpt>
      <trkpt lat="28.12672" lon="-16.75137">
        <ele>187.5</ele>
      </trkpt>
      <trkpt lat="28.12674" lon="-16.7514">
        <ele>187.4</ele>
      </trkpt>
      <trkpt lat="28.12676" lon="-16.751439">
        <ele>187.0</ele>
      </trkpt>
      <trkpt lat="28.12692" lon="-16.751619">
        <ele>186.0</ele>
      </trkpt>
      <trkpt lat="28.12733" lon="-16.752009">
        <ele>184.0</ele>
      </trkpt>
      <trkpt lat="28.12738" lon="-16.75205">
        <ele>183.8</ele>
      </trkpt>
      <trkpt lat="28.12746" lon="-16.75216">
        <ele>182.9</ele>
      </trkpt>
      <trkpt lat="28.12756" lon="-16.75233">
        <ele>181.3</ele>
      </trkpt>
      <trkpt lat="28.12762" lon="-16.752469">
        <ele>179.9</ele>
      </trkpt>
      <trkpt lat="28.12766" lon="-16.7526">
        <ele>179.1</ele>
      </trkpt>
      <trkpt lat="28.12767" lon="-16.752669">
        <ele>178.7</ele>
      </trkpt>
      <trkpt lat="28.12768" lon="-16.75271">
        <ele>178.5</ele>
      </trkpt>
      <trkpt lat="28.12769" lon="-16.752759">
        <ele>178.3</ele>
      </trkpt>
      <trkpt lat="28.12769" lon="-16.752839">
        <ele>177.7</ele>
      </trkpt>
      <trkpt lat="28.12769" lon="-16.75287">
        <ele>177.6</ele>
      </trkpt>
      <trkpt lat="28.12769" lon="-16.752949">
        <ele>177.0</ele>
      </trkpt>
      <trkpt lat="28.12766" lon="-16.75311">
        <ele>175.8</ele>
      </trkpt>
      <trkpt lat="28.12763" lon="-16.753309">
        <ele>174.2</ele>
      </trkpt>
      <trkpt lat="28.12759" lon="-16.753509">
        <ele>173.5</ele>
      </trkpt>
      <trkpt lat="28.12759" lon="-16.75353">
        <ele>173.5</ele>
      </trkpt>
      <trkpt lat="28.12756" lon="-16.75371">
        <ele>173.1</ele>
      </trkpt>
      <trkpt lat="28.12755" lon="-16.75376">
        <ele>172.9</ele>
      </trkpt>
      <trkpt lat="28.12752" lon="-16.75391">
        <ele>172.5</ele>
      </trkpt>
      <trkpt lat="28.12752" lon="-16.75392">
        <ele>172.5</ele>
      </trkpt>
      <trkpt lat="28.12751" lon="-16.75399">
        <ele>172.3</ele>
      </trkpt>
      <trkpt lat="28.127509" lon="-16.753996">
        <ele>172.3</ele>
      </trkpt>
      <trkpt lat="28.12747" lon="-16.75419">
        <ele>171.0</ele>
      </trkpt>
      <trkpt lat="28.12747" lon="-16.75424">
        <ele>170.7</ele>
      </trkpt>
      <trkpt lat="28.12746" lon="-16.754349">
        <ele>170.0</ele>
      </trkpt>
      <trkpt lat="28.12743" lon="-16.754529">
        <ele>168.9</ele>
      </trkpt>
      <trkpt lat="28.12744" lon="-16.754549">
        <ele>168.8</ele>
      </trkpt>
      <trkpt lat="28.12745" lon="-16.75456">
        <ele>168.8</ele>
      </trkpt>
      <trkpt lat="28.12746" lon="-16.75458">
        <ele>168.8</ele>
      </trkpt>
      <trkpt lat="28.12746" lon="-16.75459">
        <ele>168.7</ele>
      </trkpt>
      <trkpt lat="28.12747" lon="-16.7546">
        <ele>168.7</ele>
      </trkpt>
      <trkpt lat="28.12747" lon="-16.75461">
        <ele>168.6</ele>
      </trkpt>
      <trkpt lat="28.12747" lon="-16.754629">
        <ele>168.5</ele>
      </trkpt>
      <trkpt lat="28.12748" lon="-16.754639">
        <ele>168.5</ele>
      </trkpt>
      <trkpt lat="28.12748" lon="-16.75466">
        <ele>168.3</ele>
      </trkpt>
      <trkpt lat="28.12748" lon="-16.75468">
        <ele>168.2</ele>
      </trkpt>
      <trkpt lat="28.12748" lon="-16.7547">
        <ele>168.0</ele>
      </trkpt>
      <trkpt lat="28.12748" lon="-16.75471">
        <ele>168.0</ele>
      </trkpt>
      <trkpt lat="28.12747" lon="-16.754729">
        <ele>167.8</ele>
      </trkpt>
      <trkpt lat="28.12753" lon="-16.75495">
        <ele>167.4</ele>
      </trkpt>
      <trkpt lat="28.12757" lon="-16.75509">
        <ele>167.2</ele>
      </trkpt>
      <trkpt lat="28.12757" lon="-16.755099">
        <ele>167.2</ele>
      </trkpt>
      <trkpt lat="28.12764" lon="-16.75522">
        <ele>167.0</ele>
      </trkpt>
      <trkpt lat="28.12768" lon="-16.755289">
        <ele>166.9</ele>
      </trkpt>
      <trkpt lat="28.12772" lon="-16.75535">
        <ele>166.8</ele>
      </trkpt>
      <trkpt lat="28.12774" lon="-16.7554">
        <ele>166.7</ele>
      </trkpt>
      <trkpt lat="28.12784" lon="-16.755569">
        <ele>166.5</ele>
      </trkpt>
      <trkpt lat="28.12787" lon="-16.75562">
        <ele>166.6</ele>
      </trkpt>
      <trkpt lat="28.12797" lon="-16.755849">
        <ele>166.7</ele>
      </trkpt>
      <trkpt lat="28.12803" lon="-16.756">
        <ele>167.3</ele>
      </trkpt>
      <trkpt lat="28.12805" lon="-16.756039">
        <ele>167.4</ele>
      </trkpt>
      <trkpt lat="28.12805" lon="-16.75609">
        <ele>167.3</ele>
      </trkpt>
      <trkpt lat="28.12809" lon="-16.75674">
        <ele>165.9</ele>
      </trkpt>
      <trkpt lat="28.1281" lon="-16.75695">
        <ele>165.1</ele>
      </trkpt>
      <trkpt lat="28.12813" lon="-16.75731">
        <ele>163.6</ele>
      </trkpt>
      <trkpt lat="28.12813" lon="-16.757349">
        <ele>163.5</ele>
      </trkpt>
      <trkpt lat="28.12818" lon="-16.7575">
        <ele>163.1</ele>
      </trkpt>
      <trkpt lat="28.12853" lon="-16.7585">
        <ele>157.3</ele>
      </trkpt>
      <trkpt lat="28.12863" lon="-16.75881">
        <ele>155.9</ele>
      </trkpt>
      <trkpt lat="28.12878" lon="-16.759239">
        <ele>153.6</ele>
      </trkpt>
      <trkpt lat="28.12885" lon="-16.75945">
        <ele>152.4</ele>
      </trkpt>
      <trkpt lat="28.12886" lon="-16.75947">
        <ele>152.2</ele>
      </trkpt>
      <trkpt lat="28.12905" lon="-16.759889">
        <ele>149.6</ele>
      </trkpt>
      <trkpt lat="28.12911" lon="-16.76001">
        <ele>148.8</ele>
      </trkpt>
      <trkpt lat="28.1292" lon="-16.760179">
        <ele>147.9</ele>
      </trkpt>
      <trkpt lat="28.12922" lon="-16.76021">
        <ele>147.8</ele>
      </trkpt>
      <trkpt lat="28.12928" lon="-16.76032">
        <ele>147.3</ele>
      </trkpt>
      <trkpt lat="28.12938" lon="-16.76048">
        <ele>146.5</ele>
      </trkpt>
      <trkpt lat="28.12954" lon="-16.7607">
        <ele>145.1</ele>
      </trkpt>
      <trkpt lat="28.1296" lon="-16.7608">
        <ele>144.4</ele>
      </trkpt>
      <trkpt lat="28.13001" lon="-16.76136">
        <ele>144.5</ele>
      </trkpt>
      <trkpt lat="28.13041" lon="-16.7619">
        <ele>144.6</ele>
      </trkpt>
      <trkpt lat="28.13045" lon="-16.761949">
        <ele>144.6</ele>
      </trkpt>
      <trkpt lat="28.13078" lon="-16.76241">
        <ele>144.7</ele>
      </trkpt>
      <trkpt lat="28.13109" lon="-16.76282">
        <ele>143.1</ele>
      </trkpt>
      <trkpt lat="28.13111" lon="-16.76283">
        <ele>143.1</ele>
      </trkpt>
      <trkpt lat="28.13146" lon="-16.76321">
        <ele>140.7</ele>
      </trkpt>
      <trkpt lat="28.13147" lon="-16.76322">
        <ele>140.6</ele>
      </trkpt>
      <trkpt lat="28.13195" lon="-16.76362">
        <ele>140.9</ele>
      </trkpt>
      <trkpt lat="28.131962" lon="-16.763625">
        <ele>140.9</ele>
      </trkpt>
      <trkpt lat="28.13218" lon="-16.763739">
        <ele>141.9</ele>
      </trkpt>
      <trkpt lat="28.13219" lon="-16.763739">
        <ele>142.0</ele>
      </trkpt>
      <trkpt lat="28.1322" lon="-16.763739">
        <ele>142.1</ele>
      </trkpt>
      <trkpt lat="28.1322" lon="-16.763729">
        <ele>142.1</ele>
      </trkpt>
      <trkpt lat="28.13221" lon="-16.763729">
        <ele>142.2</ele>
      </trkpt>
      <trkpt lat="28.13222" lon="-16.763729">
        <ele>142.2</ele>
      </trkpt>
      <trkpt lat="28.13223" lon="-16.763729">
        <ele>142.3</ele>
      </trkpt>
      <trkpt lat="28.13224" lon="-16.763729">
        <ele>142.4</ele>
      </trkpt>
      <trkpt lat="28.13225" lon="-16.763729">
        <ele>142.4</ele>
      </trkpt>
      <trkpt lat="28.13226" lon="-16.763729">
        <ele>142.5</ele>
      </trkpt>
      <trkpt lat="28.13227" lon="-16.763729">
        <ele>142.6</ele>
      </trkpt>
      <trkpt lat="28.13228" lon="-16.763729">
        <ele>142.6</ele>
      </trkpt>
      <trkpt lat="28.13229" lon="-16.763729">
        <ele>142.7</ele>
      </trkpt>
      <trkpt lat="28.13229" lon="-16.763739">
        <ele>142.7</ele>
      </trkpt>
      <trkpt lat="28.1323" lon="-16.763739">
        <ele>142.7</ele>
      </trkpt>
      <trkpt lat="28.13231" lon="-16.763739">
        <ele>142.8</ele>
      </trkpt>
      <trkpt lat="28.13231" lon="-16.76375">
        <ele>142.7</ele>
      </trkpt>
      <trkpt lat="28.13232" lon="-16.76375">
        <ele>142.8</ele>
      </trkpt>
      <trkpt lat="28.13232" lon="-16.76376">
        <ele>142.8</ele>
      </trkpt>
      <trkpt lat="28.13233" lon="-16.76376">
        <ele>142.8</ele>
      </trkpt>
      <trkpt lat="28.13234" lon="-16.76377">
        <ele>142.9</ele>
      </trkpt>
      <trkpt lat="28.13235" lon="-16.76378">
        <ele>142.9</ele>
      </trkpt>
      <trkpt lat="28.13235" lon="-16.76379">
        <ele>142.8</ele>
      </trkpt>
      <trkpt lat="28.13236" lon="-16.7638">
        <ele>142.8</ele>
      </trkpt>
      <trkpt lat="28.13236" lon="-16.76381">
        <ele>142.8</ele>
      </trkpt>
      <trkpt lat="28.13237" lon="-16.76381">
        <ele>142.9</ele>
      </trkpt>
      <trkpt lat="28.13237" lon="-16.763819">
        <ele>142.8</ele>
      </trkpt>
      <trkpt lat="28.13237" lon="-16.763829">
        <ele>142.8</ele>
      </trkpt>
      <trkpt lat="28.13237" lon="-16.763839">
        <ele>142.7</ele>
      </trkpt>
      <trkpt lat="28.13238" lon="-16.76385">
        <ele>142.7</ele>
      </trkpt>
      <trkpt lat="28.13238" lon="-16.76386">
        <ele>142.7</ele>
      </trkpt>
      <trkpt lat="28.13238" lon="-16.76387">
        <ele>142.7</ele>
      </trkpt>
      <trkpt lat="28.13238" lon="-16.76388">
        <ele>142.6</ele>
      </trkpt>
      <trkpt lat="28.13238" lon="-16.76389">
        <ele>142.6</ele>
      </trkpt>
      <trkpt lat="28.13238" lon="-16.7639">
        <ele>142.5</ele>
      </trkpt>
      <trkpt lat="28.13238" lon="-16.76391">
        <ele>142.5</ele>
      </trkpt>
      <trkpt lat="28.13238" lon="-16.763919">
        <ele>142.4</ele>
      </trkpt>
      <trkpt lat="28.13238" lon="-16.763929">
        <ele>142.4</ele>
      </trkpt>
      <trkpt lat="28.13237" lon="-16.76394">
        <ele>142.3</ele>
      </trkpt>
      <trkpt lat="28.13241" lon="-16.76399">
        <ele>142.3</ele>
      </trkpt>
      <trkpt lat="28.1325" lon="-16.7641">
        <ele>142.3</ele>
      </trkpt>
      <trkpt lat="28.13278" lon="-16.76432">
        <ele>141.5</ele>
      </trkpt>
      <trkpt lat="28.13289" lon="-16.764399">
        <ele>141.2</ele>
      </trkpt>
      <trkpt lat="28.13322" lon="-16.764669">
        <ele>140.5</ele>
      </trkpt>
      <trkpt lat="28.13337" lon="-16.76479">
        <ele>140.6</ele>
      </trkpt>
      <trkpt lat="28.13337" lon="-16.7648">
        <ele>140.5</ele>
      </trkpt>
      <trkpt lat="28.13341" lon="-16.76483">
        <ele>140.7</ele>
      </trkpt>
      <trkpt lat="28.13367" lon="-16.765049">
        <ele>141.8</ele>
      </trkpt>
      <trkpt lat="28.13382" lon="-16.76517">
        <ele>141.9</ele>
      </trkpt>
      <trkpt lat="28.13396" lon="-16.76529">
        <ele>140.9</ele>
      </trkpt>
      <trkpt lat="28.13397" lon="-16.76529">
        <ele>140.8</ele>
      </trkpt>
      <trkpt lat="28.13405" lon="-16.76536">
        <ele>140.2</ele>
      </trkpt>
      <trkpt lat="28.13412" lon="-16.76544">
        <ele>139.7</ele>
      </trkpt>
      <trkpt lat="28.13417" lon="-16.765509">
        <ele>139.2</ele>
      </trkpt>
      <trkpt lat="28.13421" lon="-16.76558">
        <ele>138.8</ele>
      </trkpt>
      <trkpt lat="28.13422" lon="-16.76559">
        <ele>138.8</ele>
      </trkpt>
      <trkpt lat="28.13427" lon="-16.76568">
        <ele>138.2</ele>
      </trkpt>
      <trkpt lat="28.13429" lon="-16.76576">
        <ele>137.8</ele>
      </trkpt>
      <trkpt lat="28.1343" lon="-16.76578">
        <ele>137.7</ele>
      </trkpt>
      <trkpt lat="28.13432" lon="-16.765889">
        <ele>137.2</ele>
      </trkpt>
      <trkpt lat="28.13432" lon="-16.76597">
        <ele>137.0</ele>
      </trkpt>
      <trkpt lat="28.13432" lon="-16.766089">
        <ele>136.6</ele>
      </trkpt>
      <trkpt lat="28.13431" lon="-16.7662">
        <ele>136.1</ele>
      </trkpt>
      <trkpt lat="28.13428" lon="-16.766359">
        <ele>135.1</ele>
      </trkpt>
      <trkpt lat="28.13428" lon="-16.76638">
        <ele>135.1</ele>
      </trkpt>
      <trkpt lat="28.13424" lon="-16.76661">
        <ele>133.6</ele>
      </trkpt>
      <trkpt lat="28.13423" lon="-16.76671">
        <ele>133.5</ele>
      </trkpt>
      <trkpt lat="28.13419" lon="-16.76699">
        <ele>134.3</ele>
      </trkpt>
      <trkpt lat="28.13416" lon="-16.76736">
        <ele>136.0</ele>
      </trkpt>
      <trkpt lat="28.13415" lon="-16.76747">
        <ele>136.5</ele>
      </trkpt>
      <trkpt lat="28.13415" lon="-16.76753">
        <ele>136.5</ele>
      </trkpt>
      <trkpt lat="28.13416" lon="-16.76766">
        <ele>135.9</ele>
      </trkpt>
      <trkpt lat="28.13417" lon="-16.76775">
        <ele>135.5</ele>
      </trkpt>
      <trkpt lat="28.1342" lon="-16.76782">
        <ele>135.4</ele>
      </trkpt>
      <trkpt lat="28.13424" lon="-16.76792">
        <ele>135.1</ele>
      </trkpt>
      <trkpt lat="28.13428" lon="-16.76799">
        <ele>134.9</ele>
      </trkpt>
      <trkpt lat="28.13432" lon="-16.76804">
        <ele>134.8</ele>
      </trkpt>
      <trkpt lat="28.13436" lon="-16.7681">
        <ele>134.6</ele>
      </trkpt>
      <trkpt lat="28.13447" lon="-16.76823">
        <ele>134.0</ele>
      </trkpt>
      <trkpt lat="28.13475" lon="-16.76854">
        <ele>132.5</ele>
      </trkpt>
      <trkpt lat="28.13485" lon="-16.768699">
        <ele>132.3</ele>
      </trkpt>
      <trkpt lat="28.13489" lon="-16.76877">
        <ele>132.3</ele>
      </trkpt>
      <trkpt lat="28.13493" lon="-16.76886">
        <ele>132.3</ele>
      </trkpt>
      <trkpt lat="28.13495" lon="-16.76896">
        <ele>132.1</ele>
      </trkpt>
      <trkpt lat="28.13496" lon="-16.769089">
        <ele>131.7</ele>
      </trkpt>
      <trkpt lat="28.13494" lon="-16.769269">
        <ele>131.5</ele>
      </trkpt>
      <trkpt lat="28.1349" lon="-16.76945">
        <ele>131.6</ele>
      </trkpt>
      <trkpt lat="28.13478" lon="-16.76989">
        <ele>131.5</ele>
      </trkpt>
      <trkpt lat="28.13473" lon="-16.77004">
        <ele>131.1</ele>
      </trkpt>
      <trkpt lat="28.13472" lon="-16.77008">
        <ele>131.0</ele>
      </trkpt>
      <trkpt lat="28.13466" lon="-16.77027">
        <ele>130.0</ele>
      </trkpt>
      <trkpt lat="28.1346" lon="-16.770489">
        <ele>129.1</ele>
      </trkpt>
      <trkpt lat="28.1346" lon="-16.770499">
        <ele>129.1</ele>
      </trkpt>
      <trkpt lat="28.13454" lon="-16.770689">
        <ele>128.3</ele>
      </trkpt>
      <trkpt lat="28.13449" lon="-16.77084">
        <ele>127.6</ele>
      </trkpt>
      <trkpt lat="28.13427" lon="-16.77159">
        <ele>119.8</ele>
      </trkpt>
      <trkpt lat="28.13423" lon="-16.771719">
        <ele>118.6</ele>
      </trkpt>
      <trkpt lat="28.13411" lon="-16.772099">
        <ele>115.4</ele>
      </trkpt>
      <trkpt lat="28.13409" lon="-16.77217">
        <ele>114.9</ele>
      </trkpt>
      <trkpt lat="28.13407" lon="-16.77226">
        <ele>114.3</ele>
      </trkpt>
      <trkpt lat="28.134047" lon="-16.772328">
        <ele>113.8</ele>
      </trkpt>
      <trkpt lat="28.13403" lon="-16.772379">
        <ele>113.4</ele>
      </trkpt>
      <trkpt lat="28.13402" lon="-16.77239">
        <ele>113.3</ele>
      </trkpt>
      <trkpt lat="28.13398" lon="-16.77259">
        <ele>112.3</ele>
      </trkpt>
      <trkpt lat="28.13397" lon="-16.77264">
        <ele>112.2</ele>
      </trkpt>
      <trkpt lat="28.13396" lon="-16.7727">
        <ele>112.0</ele>
      </trkpt>
      <trkpt lat="28.13395" lon="-16.77276">
        <ele>111.9</ele>
      </trkpt>
      <trkpt lat="28.13396" lon="-16.77289">
        <ele>111.8</ele>
      </trkpt>
      <trkpt lat="28.13397" lon="-16.77291">
        <ele>111.9</ele>
      </trkpt>
      <trkpt lat="28.13398" lon="-16.77292">
        <ele>111.9</ele>
      </trkpt>
      <trkpt lat="28.13398" lon="-16.772929">
        <ele>111.9</ele>
      </trkpt>
      <trkpt lat="28.13399" lon="-16.77295">
        <ele>112.0</ele>
      </trkpt>
      <trkpt lat="28.13399" lon="-16.77296">
        <ele>112.0</ele>
      </trkpt>
      <trkpt lat="28.13399" lon="-16.77297">
        <ele>112.0</ele>
      </trkpt>
      <trkpt lat="28.13399" lon="-16.77299">
        <ele>111.9</ele>
      </trkpt>
      <trkpt lat="28.13399" lon="-16.773">
        <ele>111.9</ele>
      </trkpt>
      <trkpt lat="28.13399" lon="-16.77301">
        <ele>111.9</ele>
      </trkpt>
      <trkpt lat="28.13399" lon="-16.773029">
        <ele>111.9</ele>
      </trkpt>
      <trkpt lat="28.13399" lon="-16.77304">
        <ele>111.9</ele>
      </trkpt>
      <trkpt lat="28.13399" lon="-16.77305">
        <ele>111.9</ele>
      </trkpt>
      <trkpt lat="28.13398" lon="-16.77307">
        <ele>111.7</ele>
      </trkpt>
      <trkpt lat="28.13398" lon="-16.77308">
        <ele>111.7</ele>
      </trkpt>
      <trkpt lat="28.13397" lon="-16.77309">
        <ele>111.6</ele>
      </trkpt>
      <trkpt lat="28.13397" lon="-16.7731">
        <ele>111.6</ele>
      </trkpt>
      <trkpt lat="28.13396" lon="-16.77311">
        <ele>111.5</ele>
      </trkpt>
      <trkpt lat="28.13395" lon="-16.773119">
        <ele>111.4</ele>
      </trkpt>
      <trkpt lat="28.13394" lon="-16.773129">
        <ele>111.3</ele>
      </trkpt>
      <trkpt lat="28.13394" lon="-16.77314">
        <ele>111.3</ele>
      </trkpt>
      <trkpt lat="28.13393" lon="-16.77314">
        <ele>111.2</ele>
      </trkpt>
      <trkpt lat="28.13392" lon="-16.77314">
        <ele>111.2</ele>
      </trkpt>
      <trkpt lat="28.13392" lon="-16.77315">
        <ele>111.1</ele>
      </trkpt>
      <trkpt lat="28.13391" lon="-16.77315">
        <ele>111.1</ele>
      </trkpt>
      <trkpt lat="28.1339" lon="-16.77315">
        <ele>111.0</ele>
      </trkpt>
      <trkpt lat="28.1339" lon="-16.77316">
        <ele>111.0</ele>
      </trkpt>
      <trkpt lat="28.13389" lon="-16.77316">
        <ele>110.9</ele>
      </trkpt>
      <trkpt lat="28.13373" lon="-16.77347">
        <ele>109.2</ele>
      </trkpt>
      <trkpt lat="28.13365" lon="-16.77365">
        <ele>108.3</ele>
      </trkpt>
      <trkpt lat="28.13362" lon="-16.77376">
        <ele>107.9</ele>
      </trkpt>
      <trkpt lat="28.13359" lon="-16.773879">
        <ele>107.5</ele>
      </trkpt>
      <trkpt lat="28.13358" lon="-16.773959">
        <ele>107.3</ele>
      </trkpt>
      <trkpt lat="28.13355" lon="-16.77414">
        <ele>106.9</ele>
      </trkpt>
      <trkpt lat="28.13354" lon="-16.77429">
        <ele>105.4</ele>
      </trkpt>
      <trkpt lat="28.13354" lon="-16.77436">
        <ele>104.7</ele>
      </trkpt>
      <trkpt lat="28.13354" lon="-16.77446">
        <ele>103.7</ele>
      </trkpt>
      <trkpt lat="28.13355" lon="-16.77459">
        <ele>102.4</ele>
      </trkpt>
      <trkpt lat="28.13356" lon="-16.774719">
        <ele>101.1</ele>
      </trkpt>
      <trkpt lat="28.13358" lon="-16.77486">
        <ele>99.8</ele>
      </trkpt>
      <trkpt lat="28.13362" lon="-16.77501">
        <ele>98.6</ele>
      </trkpt>
      <trkpt lat="28.13366" lon="-16.77515">
        <ele>97.1</ele>
      </trkpt>
      <trkpt lat="28.13371" lon="-16.77525">
        <ele>96.1</ele>
      </trkpt>
      <trkpt lat="28.13389" lon="-16.77561">
        <ele>92.1</ele>
      </trkpt>
      <trkpt lat="28.13398" lon="-16.77579">
        <ele>89.8</ele>
      </trkpt>
      <trkpt lat="28.13407" lon="-16.77596">
        <ele>88.4</ele>
      </trkpt>
      <trkpt lat="28.13416" lon="-16.77614">
        <ele>87.0</ele>
      </trkpt>
      <trkpt lat="28.13438" lon="-16.77656">
        <ele>85.1</ele>
      </trkpt>
      <trkpt lat="28.13458" lon="-16.77693">
        <ele>85.4</ele>
      </trkpt>
      <trkpt lat="28.13464" lon="-16.77704">
        <ele>85.5</ele>
      </trkpt>
      <trkpt lat="28.13473" lon="-16.77723">
        <ele>85.4</ele>
      </trkpt>
      <trkpt lat="28.13492" lon="-16.77757">
        <ele>84.6</ele>
      </trkpt>
      <trkpt lat="28.13505" lon="-16.77779">
        <ele>82.9</ele>
      </trkpt>
      <trkpt lat="28.13515" lon="-16.77796">
        <ele>81.8</ele>
      </trkpt>
      <trkpt lat="28.13519" lon="-16.77803">
        <ele>81.5</ele>
      </trkpt>
      <trkpt lat="28.13522" lon="-16.77808">
        <ele>81.3</ele>
      </trkpt>
      <trkpt lat="28.13525" lon="-16.77813">
        <ele>81.2</ele>
      </trkpt>
      <trkpt lat="28.13531" lon="-16.77825">
        <ele>80.8</ele>
      </trkpt>
      <trkpt lat="28.1357" lon="-16.77894">
        <ele>87.3</ele>
      </trkpt>
      <trkpt lat="28.13573" lon="-16.77899">
        <ele>87.7</ele>
      </trkpt>
      <trkpt lat="28.13574" lon="-16.779">
        <ele>87.8</ele>
      </trkpt>
      <trkpt lat="28.136" lon="-16.77944">
        <ele>88.0</ele>
      </trkpt>
      <trkpt lat="28.13615" lon="-16.77969">
        <ele>87.4</ele>
      </trkpt>
      <trkpt lat="28.13618" lon="-16.77973">
        <ele>87.3</ele>
      </trkpt>
      <trkpt lat="28.1363" lon="-16.77991">
        <ele>87.1</ele>
      </trkpt>
      <trkpt lat="28.13642" lon="-16.78008">
        <ele>87.1</ele>
      </trkpt>
      <trkpt lat="28.13657" lon="-16.7803">
        <ele>87.2</ele>
      </trkpt>
      <trkpt lat="28.13657" lon="-16.7803">
        <ele>87.2</ele>
      </trkpt>
      <trkpt lat="28.13657" lon="-16.7803">
        <ele>87.2</ele>
      </trkpt>
      <trkpt lat="28.13668" lon="-16.78046">
        <ele>87.3</ele>
      </trkpt>
      <trkpt lat="28.13673" lon="-16.78053">
        <ele>87.3</ele>
      </trkpt>
      <trkpt lat="28.13684" lon="-16.7807">
        <ele>86.9</ele>
      </trkpt>
      <trkpt lat="28.13691" lon="-16.7808">
        <ele>86.7</ele>
      </trkpt>
      <trkpt lat="28.13703" lon="-16.78099">
        <ele>86.3</ele>
      </trkpt>
      <trkpt lat="28.1371" lon="-16.78112">
        <ele>86.1</ele>
      </trkpt>
      <trkpt lat="28.1372" lon="-16.78126">
        <ele>86.0</ele>
      </trkpt>
      <trkpt lat="28.13728" lon="-16.78137">
        <ele>85.9</ele>
      </trkpt>
      <trkpt lat="28.13735" lon="-16.78145">
        <ele>86.0</ele>
      </trkpt>
      <trkpt lat="28.13751" lon="-16.78156">
        <ele>86.5</ele>
      </trkpt>
      <trkpt lat="28.13783" lon="-16.78175">
        <ele>85.2</ele>
      </trkpt>
      <trkpt lat="28.13789" lon="-16.78178">
        <ele>84.9</ele>
      </trkpt>
      <trkpt lat="28.13818" lon="-16.78193">
        <ele>83.7</ele>
      </trkpt>
      <trkpt lat="28.13823" lon="-16.78196">
        <ele>83.5</ele>
      </trkpt>
      <trkpt lat="28.13828" lon="-16.78198">
        <ele>83.4</ele>
      </trkpt>
      <trkpt lat="28.13838" lon="-16.78203">
        <ele>83.1</ele>
      </trkpt>
      <trkpt lat="28.13867" lon="-16.78218">
        <ele>81.6</ele>
      </trkpt>
      <trkpt lat="28.13885" lon="-16.78228">
        <ele>80.5</ele>
      </trkpt>
      <trkpt lat="28.13894" lon="-16.78233">
        <ele>80.0</ele>
      </trkpt>
      <trkpt lat="28.13911" lon="-16.78241">
        <ele>79.1</ele>
      </trkpt>
      <trkpt lat="28.13935" lon="-16.78254">
        <ele>77.2</ele>
      </trkpt>
      <trkpt lat="28.13944" lon="-16.78258">
        <ele>76.6</ele>
      </trkpt>
      <trkpt lat="28.13951" lon="-16.78263">
        <ele>76.0</ele>
      </trkpt>
      <trkpt lat="28.13958" lon="-16.78269">
        <ele>75.4</ele>
      </trkpt>
      <trkpt lat="28.13962" lon="-16.78273">
        <ele>75.0</ele>
      </trkpt>
      <trkpt lat="28.13968" lon="-16.7828">
        <ele>74.4</ele>
      </trkpt>
      <trkpt lat="28.13976" lon="-16.78289">
        <ele>73.7</ele>
      </trkpt>
      <trkpt lat="28.13982" lon="-16.78299">
        <ele>73.0</ele>
      </trkpt>
      <trkpt lat="28.13987" lon="-16.78308">
        <ele>72.4</ele>
      </trkpt>
      <trkpt lat="28.13991" lon="-16.78317">
        <ele>71.8</ele>
      </trkpt>
      <trkpt lat="28.13997" lon="-16.78332">
        <ele>71.0</ele>
      </trkpt>
      <trkpt lat="28.14013" lon="-16.78375">
        <ele>68.6</ele>
      </trkpt>
      <trkpt lat="28.14025" lon="-16.78407">
        <ele>66.9</ele>
      </trkpt>
      <trkpt lat="28.14028" lon="-16.78415">
        <ele>66.5</ele>
      </trkpt>
      <trkpt lat="28.14043" lon="-16.78455">
        <ele>64.3</ele>
      </trkpt>
      <trkpt lat="28.14054" lon="-16.78485">
        <ele>62.7</ele>
      </trkpt>
      <trkpt lat="28.14061" lon="-16.78501">
        <ele>61.9</ele>
      </trkpt>
      <trkpt lat="28.14067" lon="-16.78511">
        <ele>61.4</ele>
      </trkpt>
      <trkpt lat="28.14073" lon="-16.78521">
        <ele>61.0</ele>
      </trkpt>
      <trkpt lat="28.14078" lon="-16.78527">
        <ele>60.8</ele>
      </trkpt>
      <trkpt lat="28.14085" lon="-16.78538">
        <ele>60.3</ele>
      </trkpt>
      <trkpt lat="28.14089" lon="-16.78542">
        <ele>60.2</ele>
      </trkpt>
      <trkpt lat="28.14092" lon="-16.78546">
        <ele>60.1</ele>
      </trkpt>
      <trkpt lat="28.14104" lon="-16.78558">
        <ele>59.8</ele>
      </trkpt>
      <trkpt lat="28.14119" lon="-16.7857">
        <ele>59.9</ele>
      </trkpt>
      <trkpt lat="28.14133" lon="-16.78582">
        <ele>60.0</ele>
      </trkpt>
      <trkpt lat="28.14142" lon="-16.7859">
        <ele>60.4</ele>
      </trkpt>
      <trkpt lat="28.14168" lon="-16.78614">
        <ele>61.7</ele>
      </trkpt>
      <trkpt lat="28.14237" lon="-16.78678">
        <ele>64.7</ele>
      </trkpt>
      <trkpt lat="28.14279" lon="-16.78717">
        <ele>66.9</ele>
      </trkpt>
      <trkpt lat="28.14293" lon="-16.7873">
        <ele>68.0</ele>
      </trkpt>
      <trkpt lat="28.14323" lon="-16.78757">
        <ele>70.7</ele>
      </trkpt>
      <trkpt lat="28.14365" lon="-16.78795">
        <ele>72.2</ele>
      </trkpt>
      <trkpt lat="28.14403" lon="-16.7883">
        <ele>71.9</ele>
      </trkpt>
      <trkpt lat="28.14443" lon="-16.78865">
        <ele>69.0</ele>
      </trkpt>
      <trkpt lat="28.14471" lon="-16.78891">
        <ele>66.1</ele>
      </trkpt>
      <trkpt lat="28.14485" lon="-16.78903">
        <ele>64.7</ele>
      </trkpt>
      <trkpt lat="28.14499" lon="-16.78916">
        <ele>63.1</ele>
      </trkpt>
      <trkpt lat="28.14513" lon="-16.78929">
        <ele>65.1</ele>
      </trkpt>
      <trkpt lat="28.14551" lon="-16.78963">
        <ele>70.4</ele>
      </trkpt>
      <trkpt lat="28.14555" lon="-16.78968">
        <ele>70.7</ele>
      </trkpt>
      <trkpt lat="28.14567" lon="-16.78979">
        <ele>72.0</ele>
      </trkpt>
      <trkpt lat="28.14571" lon="-16.78984">
        <ele>72.3</ele>
      </trkpt>
      <trkpt lat="28.14624" lon="-16.79034">
        <ele>77.1</ele>
      </trkpt>
      <trkpt lat="28.14629" lon="-16.79038">
        <ele>77.6</ele>
      </trkpt>
      <trkpt lat="28.14637" lon="-16.79046">
        <ele>78.5</ele>
      </trkpt>
      <trkpt lat="28.14652" lon="-16.79059">
        <ele>80.2</ele>
      </trkpt>
      <trkpt lat="28.14673" lon="-16.79081">
        <ele>82.3</ele>
      </trkpt>
      <trkpt lat="28.14677" lon="-16.79085">
        <ele>82.7</ele>
      </trkpt>
      <trkpt lat="28.14682" lon="-16.79089">
        <ele>83.3</ele>
      </trkpt>
      <trkpt lat="28.14684" lon="-16.79091">
        <ele>83.5</ele>
      </trkpt>
      <trkpt lat="28.14704" lon="-16.79109">
        <ele>84.6</ele>
      </trkpt>
      <trkpt lat="28.14712" lon="-16.79116">
        <ele>84.4</ele>
      </trkpt>
      <trkpt lat="28.14729" lon="-16.79132">
        <ele>82.8</ele>
      </trkpt>
      <trkpt lat="28.1474" lon="-16.79142">
        <ele>81.0</ele>
      </trkpt>
      <trkpt lat="28.14761" lon="-16.7916">
        <ele>77.8</ele>
      </trkpt>
      <trkpt lat="28.14789" lon="-16.79186">
        <ele>75.7</ele>
      </trkpt>
      <trkpt lat="28.14806" lon="-16.79201">
        <ele>74.8</ele>
      </trkpt>
      <trkpt lat="28.14824" lon="-16.79218">
        <ele>74.0</ele>
      </trkpt>
      <trkpt lat="28.14838" lon="-16.79231">
        <ele>73.8</ele>
      </trkpt>
      <trkpt lat="28.14839" lon="-16.79232">
        <ele>73.8</ele>
      </trkpt>
      <trkpt lat="28.14852" lon="-16.79244">
        <ele>74.3</ele>
      </trkpt>
      <trkpt lat="28.14858" lon="-16.7925">
        <ele>74.7</ele>
      </trkpt>
      <trkpt lat="28.14866" lon="-16.79256">
        <ele>75.8</ele>
      </trkpt>
      <trkpt lat="28.14878" lon="-16.79267">
        <ele>77.5</ele>
      </trkpt>
      <trkpt lat="28.14882" lon="-16.7927">
        <ele>78.0</ele>
      </trkpt>
      <trkpt lat="28.14909" lon="-16.79294">
        <ele>81.4</ele>
      </trkpt>
      <trkpt lat="28.14912" lon="-16.79296">
        <ele>81.7</ele>
      </trkpt>
      <trkpt lat="28.14923" lon="-16.79306">
        <ele>82.6</ele>
      </trkpt>
      <trkpt lat="28.14932" lon="-16.79314">
        <ele>83.2</ele>
      </trkpt>
      <trkpt lat="28.14942" lon="-16.79323">
        <ele>83.6</ele>
      </trkpt>
      <trkpt lat="28.1495" lon="-16.79328">
        <ele>83.8</ele>
      </trkpt>
      <trkpt lat="28.14974" lon="-16.7935">
        <ele>83.2</ele>
      </trkpt>
      <trkpt lat="28.14983" lon="-16.79358">
        <ele>82.8</ele>
      </trkpt>
      <trkpt lat="28.15036" lon="-16.79408">
        <ele>81.8</ele>
      </trkpt>
      <trkpt lat="28.15048" lon="-16.79416">
        <ele>81.9</ele>
      </trkpt>
      <trkpt lat="28.15058" lon="-16.79421">
        <ele>81.9</ele>
      </trkpt>
      <trkpt lat="28.15068" lon="-16.79425">
        <ele>81.9</ele>
      </trkpt>
      <trkpt lat="28.15071" lon="-16.79426">
        <ele>81.9</ele>
      </trkpt>
      <trkpt lat="28.15085" lon="-16.79427">
        <ele>82.3</ele>
      </trkpt>
      <trkpt lat="28.15094" lon="-16.79426">
        <ele>82.0</ele>
      </trkpt>
      <trkpt lat="28.15099" lon="-16.79425">
        <ele>82.0</ele>
      </trkpt>
      <trkpt lat="28.15109" lon="-16.79422">
        <ele>82.0</ele>
      </trkpt>
      <trkpt lat="28.15137" lon="-16.79414">
        <ele>81.8</ele>
      </trkpt>
      <trkpt lat="28.15189" lon="-16.79401">
        <ele>83.4</ele>
      </trkpt>
      <trkpt lat="28.15222" lon="-16.79392">
        <ele>86.0</ele>
      </trkpt>
      <trkpt lat="28.15243" lon="-16.79387">
        <ele>87.6</ele>
      </trkpt>
      <trkpt lat="28.15265" lon="-16.79383">
        <ele>88.9</ele>
      </trkpt>
      <trkpt lat="28.15282" lon="-16.79383">
        <ele>89.2</ele>
      </trkpt>
      <trkpt lat="28.15298" lon="-16.79387">
        <ele>88.7</ele>
      </trkpt>
      <trkpt lat="28.15306" lon="-16.7939">
        <ele>88.2</ele>
      </trkpt>
      <trkpt lat="28.15317" lon="-16.79395">
        <ele>87.5</ele>
      </trkpt>
      <trkpt lat="28.1532" lon="-16.79396">
        <ele>87.4</ele>
      </trkpt>
      <trkpt lat="28.15321" lon="-16.79397">
        <ele>87.2</ele>
      </trkpt>
      <trkpt lat="28.15324" lon="-16.79399">
        <ele>86.9</ele>
      </trkpt>
      <trkpt lat="28.15333" lon="-16.79408">
        <ele>85.6</ele>
      </trkpt>
      <trkpt lat="28.15352" lon="-16.79427">
        <ele>85.9</ele>
      </trkpt>
      <trkpt lat="28.15358" lon="-16.79434">
        <ele>86.2</ele>
      </trkpt>
      <trkpt lat="28.15366" lon="-16.79444">
        <ele>86.6</ele>
      </trkpt>
      <trkpt lat="28.15378" lon="-16.79457">
        <ele>87.2</ele>
      </trkpt>
      <trkpt lat="28.15382" lon="-16.79462">
        <ele>87.3</ele>
      </trkpt>
      <trkpt lat="28.1541" lon="-16.79494">
        <ele>87.8</ele>
      </trkpt>
      <trkpt lat="28.15429" lon="-16.79515">
        <ele>87.8</ele>
      </trkpt>
      <trkpt lat="28.1543" lon="-16.79517">
        <ele>87.7</ele>
      </trkpt>
      <trkpt lat="28.15439" lon="-16.79525">
        <ele>87.6</ele>
      </trkpt>
      <trkpt lat="28.15446" lon="-16.79532">
        <ele>87.4</ele>
      </trkpt>
      <trkpt lat="28.15457" lon="-16.79538">
        <ele>87.2</ele>
      </trkpt>
      <trkpt lat="28.15458" lon="-16.79538">
        <ele>87.2</ele>
      </trkpt>
      <trkpt lat="28.15467" lon="-16.79543">
        <ele>87.0</ele>
      </trkpt>
      <trkpt lat="28.15482" lon="-16.79547">
        <ele>86.9</ele>
      </trkpt>
      <trkpt lat="28.15496" lon="-16.79548">
        <ele>86.9</ele>
      </trkpt>
      <trkpt lat="28.15509" lon="-16.79548">
        <ele>86.5</ele>
      </trkpt>
      <trkpt lat="28.15557" lon="-16.79539">
        <ele>84.7</ele>
      </trkpt>
      <trkpt lat="28.15558" lon="-16.79539">
        <ele>84.6</ele>
      </trkpt>
      <trkpt lat="28.15561" lon="-16.79538">
        <ele>84.5</ele>
      </trkpt>
      <trkpt lat="28.15584" lon="-16.79533">
        <ele>83.8</ele>
      </trkpt>
      <trkpt lat="28.15644" lon="-16.79521">
        <ele>79.7</ele>
      </trkpt>
      <trkpt lat="28.15683" lon="-16.79513">
        <ele>78.9</ele>
      </trkpt>
      <trkpt lat="28.15685" lon="-16.79512">
        <ele>79.1</ele>
      </trkpt>
      <trkpt lat="28.15692" lon="-16.79511">
        <ele>79.3</ele>
      </trkpt>
      <trkpt lat="28.15723" lon="-16.79505">
        <ele>80.7</ele>
      </trkpt>
      <trkpt lat="28.15724" lon="-16.79505">
        <ele>80.7</ele>
      </trkpt>
      <trkpt lat="28.1575" lon="-16.79499">
        <ele>82.1</ele>
      </trkpt>
      <trkpt lat="28.1579" lon="-16.79491">
        <ele>82.7</ele>
      </trkpt>
      <trkpt lat="28.15797" lon="-16.79489">
        <ele>82.9</ele>
      </trkpt>
      <trkpt lat="28.15827" lon="-16.79487">
        <ele>83.1</ele>
      </trkpt>
      <trkpt lat="28.15853" lon="-16.79485">
        <ele>82.8</ele>
      </trkpt>
      <trkpt lat="28.15898" lon="-16.79489">
        <ele>81.1</ele>
      </trkpt>
      <trkpt lat="28.15903" lon="-16.7949">
        <ele>80.8</ele>
      </trkpt>
      <trkpt lat="28.15909" lon="-16.79492">
        <ele>80.3</ele>
      </trkpt>
      <trkpt lat="28.15915" lon="-16.79497">
        <ele>79.5</ele>
      </trkpt>
      <trkpt lat="28.15921" lon="-16.79502">
        <ele>79.2</ele>
      </trkpt>
      <trkpt lat="28.15924" lon="-16.79506">
        <ele>79.1</ele>
      </trkpt>
      <trkpt lat="28.15926" lon="-16.7951">
        <ele>78.9</ele>
      </trkpt>
      <trkpt lat="28.15928" lon="-16.79514">
        <ele>78.7</ele>
      </trkpt>
      <trkpt lat="28.1593" lon="-16.7952">
        <ele>78.4</ele>
      </trkpt>
      <trkpt lat="28.15933" lon="-16.7953">
        <ele>77.9</ele>
      </trkpt>
      <trkpt lat="28.15934" lon="-16.79545">
        <ele>76.7</ele>
      </trkpt>
      <trkpt lat="28.15934" lon="-16.79558">
        <ele>75.5</ele>
      </trkpt>
      <trkpt lat="28.15934" lon="-16.79559">
        <ele>75.4</ele>
      </trkpt>
      <trkpt lat="28.15934" lon="-16.79562">
        <ele>75.2</ele>
      </trkpt>
      <trkpt lat="28.15934" lon="-16.7958">
        <ele>73.5</ele>
      </trkpt>
      <trkpt lat="28.15934" lon="-16.79599">
        <ele>73.8</ele>
      </trkpt>
      <trkpt lat="28.15934" lon="-16.796">
        <ele>73.9</ele>
      </trkpt>
      <trkpt lat="28.15934" lon="-16.7962">
        <ele>74.7</ele>
      </trkpt>
      <trkpt lat="28.15934" lon="-16.79658">
        <ele>76.3</ele>
      </trkpt>
      <trkpt lat="28.15934" lon="-16.79724">
        <ele>76.9</ele>
      </trkpt>
      <trkpt lat="28.15932" lon="-16.79782">
        <ele>78.8</ele>
      </trkpt>
      <trkpt lat="28.15932" lon="-16.79784">
        <ele>78.9</ele>
      </trkpt>
      <trkpt lat="28.15931" lon="-16.79821">
        <ele>81.5</ele>
      </trkpt>
      <trkpt lat="28.15931" lon="-16.79844">
        <ele>82.3</ele>
      </trkpt>
      <trkpt lat="28.15931" lon="-16.79847">
        <ele>82.2</ele>
      </trkpt>
      <trkpt lat="28.15932" lon="-16.79858">
        <ele>82.3</ele>
      </trkpt>
      <trkpt lat="28.15933" lon="-16.79863">
        <ele>82.3</ele>
      </trkpt>
      <trkpt lat="28.15934" lon="-16.79867">
        <ele>82.4</ele>
      </trkpt>
      <trkpt lat="28.15935" lon="-16.79872">
        <ele>82.5</ele>
      </trkpt>
      <trkpt lat="28.15936" lon="-16.79875">
        <ele>82.6</ele>
      </trkpt>
      <trkpt lat="28.15938" lon="-16.79878">
        <ele>82.8</ele>
      </trkpt>
      <trkpt lat="28.1594" lon="-16.79883">
        <ele>82.9</ele>
      </trkpt>
      <trkpt lat="28.15945" lon="-16.79894">
        <ele>83.3</ele>
      </trkpt>
      <trkpt lat="28.15948" lon="-16.79898">
        <ele>83.5</ele>
      </trkpt>
      <trkpt lat="28.15951" lon="-16.79901">
        <ele>83.8</ele>
      </trkpt>
      <trkpt lat="28.15955" lon="-16.79906">
        <ele>84.0</ele>
      </trkpt>
      <trkpt lat="28.15961" lon="-16.79911">
        <ele>84.5</ele>
      </trkpt>
      <trkpt lat="28.15962" lon="-16.79912">
        <ele>84.5</ele>
      </trkpt>
      <trkpt lat="28.15967" lon="-16.79916">
        <ele>84.9</ele>
      </trkpt>
      <trkpt lat="28.15972" lon="-16.79919">
        <ele>85.1</ele>
      </trkpt>
      <trkpt lat="28.15977" lon="-16.79921">
        <ele>85.4</ele>
      </trkpt>
      <trkpt lat="28.15983" lon="-16.79923">
        <ele>85.9</ele>
      </trkpt>
      <trkpt lat="28.15989" lon="-16.79924">
        <ele>86.3</ele>
      </trkpt>
      <trkpt lat="28.15994" lon="-16.79925">
        <ele>86.7</ele>
      </trkpt>
      <trkpt lat="28.15998" lon="-16.79926">
        <ele>87.0</ele>
      </trkpt>
      <trkpt lat="28.16" lon="-16.79926">
        <ele>87.2</ele>
      </trkpt>
      <trkpt lat="28.16001" lon="-16.79926">
        <ele>87.2</ele>
      </trkpt>
      <trkpt lat="28.16005" lon="-16.79926">
        <ele>87.2</ele>
      </trkpt>
      <trkpt lat="28.16012" lon="-16.79925">
        <ele>87.2</ele>
      </trkpt>
      <trkpt lat="28.16021" lon="-16.79924">
        <ele>87.3</ele>
      </trkpt>
      <trkpt lat="28.16033" lon="-16.79923">
        <ele>87.3</ele>
      </trkpt>
      <trkpt lat="28.16038" lon="-16.79922">
        <ele>87.4</ele>
      </trkpt>
      <trkpt lat="28.16056" lon="-16.79919">
        <ele>87.7</ele>
      </trkpt>
      <trkpt lat="28.16068" lon="-16.79917">
        <ele>88.0</ele>
      </trkpt>
      <trkpt lat="28.16082" lon="-16.79915">
        <ele>88.1</ele>
      </trkpt>
      <trkpt lat="28.16101" lon="-16.79913">
        <ele>88.3</ele>
      </trkpt>
      <trkpt lat="28.1611" lon="-16.79912">
        <ele>88.3</ele>
      </trkpt>
      <trkpt lat="28.1613" lon="-16.79909">
        <ele>88.6</ele>
      </trkpt>
      <trkpt lat="28.16143" lon="-16.79907">
        <ele>88.7</ele>
      </trkpt>
      <trkpt lat="28.1615" lon="-16.79906">
        <ele>88.8</ele>
      </trkpt>
      <trkpt lat="28.16154" lon="-16.79906">
        <ele>88.8</ele>
      </trkpt>
      <trkpt lat="28.16199" lon="-16.79899">
        <ele>89.0</ele>
      </trkpt>
      <trkpt lat="28.16234" lon="-16.79894">
        <ele>89.3</ele>
      </trkpt>
      <trkpt lat="28.16264" lon="-16.79889">
        <ele>89.3</ele>
      </trkpt>
      <trkpt lat="28.16283" lon="-16.79886">
        <ele>89.2</ele>
      </trkpt>
      <trkpt lat="28.163" lon="-16.79882">
        <ele>89.1</ele>
      </trkpt>
      <trkpt lat="28.16306" lon="-16.79881">
        <ele>89.1</ele>
      </trkpt>
      <trkpt lat="28.16324" lon="-16.79879">
        <ele>88.8</ele>
      </trkpt>
      <trkpt lat="28.16356" lon="-16.79875">
        <ele>87.8</ele>
      </trkpt>
      <trkpt lat="28.1636" lon="-16.79875">
        <ele>87.6</ele>
      </trkpt>
      <trkpt lat="28.16378" lon="-16.79872">
        <ele>86.8</ele>
      </trkpt>
      <trkpt lat="28.16387" lon="-16.79871">
        <ele>86.3</ele>
      </trkpt>
      <trkpt lat="28.16402" lon="-16.79869">
        <ele>85.6</ele>
      </trkpt>
      <trkpt lat="28.16432" lon="-16.79865">
        <ele>85.1</ele>
      </trkpt>
      <trkpt lat="28.16454" lon="-16.79862">
        <ele>85.5</ele>
      </trkpt>
      <trkpt lat="28.16465" lon="-16.7986">
        <ele>85.9</ele>
      </trkpt>
      <trkpt lat="28.16474" lon="-16.79859">
        <ele>86.1</ele>
      </trkpt>
      <trkpt lat="28.16486" lon="-16.79857">
        <ele>86.5</ele>
      </trkpt>
      <trkpt lat="28.16507" lon="-16.79854">
        <ele>87.0</ele>
      </trkpt>
      <trkpt lat="28.16526" lon="-16.79851">
        <ele>87.0</ele>
      </trkpt>
      <trkpt lat="28.16527" lon="-16.79851">
        <ele>87.0</ele>
      </trkpt>
      <trkpt lat="28.16545" lon="-16.79847">
        <ele>87.1</ele>
      </trkpt>
      <trkpt lat="28.16562" lon="-16.79844">
        <ele>87.0</ele>
      </trkpt>
      <trkpt lat="28.16589" lon="-16.79839">
        <ele>87.2</ele>
      </trkpt>
      <trkpt lat="28.16597" lon="-16.79838">
        <ele>87.8</ele>
      </trkpt>
      <trkpt lat="28.16598" lon="-16.79838">
        <ele>87.9</ele>
      </trkpt>
      <trkpt lat="28.16605" lon="-16.79836">
        <ele>88.4</ele>
      </trkpt>
      <trkpt lat="28.16685" lon="-16.79824">
        <ele>94.2</ele>
      </trkpt>
      <trkpt lat="28.16739" lon="-16.79816">
        <ele>96.9</ele>
      </trkpt>
      <trkpt lat="28.16742" lon="-16.79816">
        <ele>97.0</ele>
      </trkpt>
      <trkpt lat="28.16764" lon="-16.79813">
        <ele>97.1</ele>
      </trkpt>
      <trkpt lat="28.16771" lon="-16.79812">
        <ele>97.0</ele>
      </trkpt>
      <trkpt lat="28.16782" lon="-16.7981">
        <ele>96.8</ele>
      </trkpt>
      <trkpt lat="28.16819" lon="-16.79805">
        <ele>96.0</ele>
      </trkpt>
      <trkpt lat="28.16842" lon="-16.79801">
        <ele>95.8</ele>
      </trkpt>
      <trkpt lat="28.16844" lon="-16.79801">
        <ele>95.8</ele>
      </trkpt>
      <trkpt lat="28.16871" lon="-16.79797">
        <ele>96.2</ele>
      </trkpt>
      <trkpt lat="28.16884" lon="-16.79795">
        <ele>96.3</ele>
      </trkpt>
      <trkpt lat="28.16908" lon="-16.79791">
        <ele>96.6</ele>
      </trkpt>
      <trkpt lat="28.16935" lon="-16.79788">
        <ele>98.0</ele>
      </trkpt>
      <trkpt lat="28.16937" lon="-16.79787">
        <ele>98.1</ele>
      </trkpt>
      <trkpt lat="28.16947" lon="-16.79786">
        <ele>98.6</ele>
      </trkpt>
      <trkpt lat="28.16954" lon="-16.79785">
        <ele>99.0</ele>
      </trkpt>
      <trkpt lat="28.16966" lon="-16.79784">
        <ele>99.6</ele>
      </trkpt>
      <trkpt lat="28.16978" lon="-16.79782">
        <ele>100.3</ele>
      </trkpt>
      <trkpt lat="28.16997" lon="-16.7978">
        <ele>101.2</ele>
      </trkpt>
      <trkpt lat="28.17017" lon="-16.79781">
        <ele>102.8</ele>
      </trkpt>
      <trkpt lat="28.17021" lon="-16.79781">
        <ele>103.1</ele>
      </trkpt>
      <trkpt lat="28.17047" lon="-16.79783">
        <ele>105.4</ele>
      </trkpt>
      <trkpt lat="28.17053" lon="-16.79784">
        <ele>105.9</ele>
      </trkpt>
      <trkpt lat="28.17072" lon="-16.79787">
        <ele>107.5</ele>
      </trkpt>
      <trkpt lat="28.17083" lon="-16.79789">
        <ele>108.5</ele>
      </trkpt>
      <trkpt lat="28.17102" lon="-16.79792">
        <ele>109.4</ele>
      </trkpt>
      <trkpt lat="28.17115" lon="-16.79794">
        <ele>109.9</ele>
      </trkpt>
      <trkpt lat="28.17116" lon="-16.79794">
        <ele>110.0</ele>
      </trkpt>
      <trkpt lat="28.17126" lon="-16.79795">
        <ele>110.4</ele>
      </trkpt>
      <trkpt lat="28.17136" lon="-16.79797">
        <ele>110.7</ele>
      </trkpt>
      <trkpt lat="28.17138" lon="-16.79797">
        <ele>110.8</ele>
      </trkpt>
      <trkpt lat="28.17163" lon="-16.79802">
        <ele>111.5</ele>
      </trkpt>
      <trkpt lat="28.17173" lon="-16.79804">
        <ele>111.3</ele>
      </trkpt>
      <trkpt lat="28.17189" lon="-16.79808">
        <ele>110.4</ele>
      </trkpt>
      <trkpt lat="28.1719" lon="-16.79808">
        <ele>110.3</ele>
      </trkpt>
      <trkpt lat="28.17205" lon="-16.79811">
        <ele>109.5</ele>
      </trkpt>
      <trkpt lat="28.17208" lon="-16.79811">
        <ele>109.4</ele>
      </trkpt>
      <trkpt lat="28.17215" lon="-16.79812">
        <ele>109.1</ele>
      </trkpt>
      <trkpt lat="28.17221" lon="-16.79813">
        <ele>108.7</ele>
      </trkpt>
      <trkpt lat="28.17224" lon="-16.79813">
        <ele>108.6</ele>
      </trkpt>
      <trkpt lat="28.17226" lon="-16.79814">
        <ele>108.4</ele>
      </trkpt>
      <trkpt lat="28.17241" lon="-16.79816">
        <ele>107.6</ele>
      </trkpt>
      <trkpt lat="28.17246" lon="-16.79817">
        <ele>107.3</ele>
      </trkpt>
      <trkpt lat="28.17249" lon="-16.79818">
        <ele>107.1</ele>
      </trkpt>
      <trkpt lat="28.17264" lon="-16.79819">
        <ele>106.5</ele>
      </trkpt>
      <trkpt lat="28.17286" lon="-16.79823">
        <ele>105.3</ele>
      </trkpt>
      <trkpt lat="28.17297" lon="-16.79824">
        <ele>104.9</ele>
      </trkpt>
      <trkpt lat="28.17307" lon="-16.79826">
        <ele>104.4</ele>
      </trkpt>
      <trkpt lat="28.17319" lon="-16.79828">
        <ele>103.9</ele>
      </trkpt>
      <trkpt lat="28.17329" lon="-16.79828">
        <ele>103.6</ele>
      </trkpt>
      <trkpt lat="28.17336" lon="-16.79828">
        <ele>103.0</ele>
      </trkpt>
      <trkpt lat="28.17339" lon="-16.79827">
        <ele>102.5</ele>
      </trkpt>
      <trkpt lat="28.17344" lon="-16.79826">
        <ele>101.7</ele>
      </trkpt>
      <trkpt lat="28.17351" lon="-16.79823">
        <ele>100.7</ele>
      </trkpt>
      <trkpt lat="28.17358" lon="-16.7982">
        <ele>99.6</ele>
      </trkpt>
      <trkpt lat="28.17366" lon="-16.79815">
        <ele>98.7</ele>
      </trkpt>
      <trkpt lat="28.17376" lon="-16.79807">
        <ele>97.7</ele>
      </trkpt>
      <trkpt lat="28.17386" lon="-16.79799">
        <ele>96.7</ele>
      </trkpt>
      <trkpt lat="28.17391" lon="-16.79796">
        <ele>96.1</ele>
      </trkpt>
      <trkpt lat="28.17401" lon="-16.79787">
        <ele>95.4</ele>
      </trkpt>
      <trkpt lat="28.17406" lon="-16.79783">
        <ele>94.9</ele>
      </trkpt>
      <trkpt lat="28.1742" lon="-16.79775">
        <ele>94.7</ele>
      </trkpt>
      <trkpt lat="28.17425" lon="-16.79773">
        <ele>95.9</ele>
      </trkpt>
      <trkpt lat="28.17432" lon="-16.79772">
        <ele>97.4</ele>
      </trkpt>
      <trkpt lat="28.17434" lon="-16.79772">
        <ele>97.8</ele>
      </trkpt>
      <trkpt lat="28.17442" lon="-16.79772">
        <ele>99.4</ele>
      </trkpt>
      <trkpt lat="28.17446" lon="-16.79773">
        <ele>100.1</ele>
      </trkpt>
      <trkpt lat="28.17451" lon="-16.79775">
        <ele>100.8</ele>
      </trkpt>
      <trkpt lat="28.17458" lon="-16.79779">
        <ele>101.8</ele>
      </trkpt>
      <trkpt lat="28.17462" lon="-16.79784">
        <ele>102.1</ele>
      </trkpt>
      <trkpt lat="28.17465" lon="-16.79788">
        <ele>102.3</ele>
      </trkpt>
      <trkpt lat="28.17465" lon="-16.79789">
        <ele>102.1</ele>
      </trkpt>
      <trkpt lat="28.17469" lon="-16.79797">
        <ele>102.1</ele>
      </trkpt>
      <trkpt lat="28.17471" lon="-16.79804">
        <ele>101.8</ele>
      </trkpt>
      <trkpt lat="28.17472" lon="-16.79807">
        <ele>101.7</ele>
      </trkpt>
      <trkpt lat="28.17472" lon="-16.79811">
        <ele>101.3</ele>
      </trkpt>
      <trkpt lat="28.17473" lon="-16.79819">
        <ele>100.7</ele>
      </trkpt>
      <trkpt lat="28.17472" lon="-16.79836">
        <ele>98.9</ele>
      </trkpt>
      <trkpt lat="28.17471" lon="-16.79852">
        <ele>98.3</ele>
      </trkpt>
      <trkpt lat="28.1747" lon="-16.79872">
        <ele>97.7</ele>
      </trkpt>
      <trkpt lat="28.1747" lon="-16.79888">
        <ele>97.3</ele>
      </trkpt>
      <trkpt lat="28.1747" lon="-16.79891">
        <ele>97.2</ele>
      </trkpt>
      <trkpt lat="28.17469" lon="-16.79909">
        <ele>96.5</ele>
      </trkpt>
      <trkpt lat="28.17468" lon="-16.79916">
        <ele>96.0</ele>
      </trkpt>
      <trkpt lat="28.17469" lon="-16.79935">
        <ele>95.0</ele>
      </trkpt>
      <trkpt lat="28.1747" lon="-16.79949">
        <ele>94.2</ele>
      </trkpt>
      <trkpt lat="28.17471" lon="-16.79959">
        <ele>93.8</ele>
      </trkpt>
      <trkpt lat="28.17472" lon="-16.79966">
        <ele>93.5</ele>
      </trkpt>
      <trkpt lat="28.17474" lon="-16.79974">
        <ele>93.5</ele>
      </trkpt>
      <trkpt lat="28.17477" lon="-16.79983">
        <ele>93.7</ele>
      </trkpt>
      <trkpt lat="28.17479" lon="-16.79988">
        <ele>93.9</ele>
      </trkpt>
      <trkpt lat="28.17481" lon="-16.79993">
        <ele>94.1</ele>
      </trkpt>
      <trkpt lat="28.17486" lon="-16.80001">
        <ele>94.8</ele>
      </trkpt>
      <trkpt lat="28.1749" lon="-16.80005">
        <ele>95.3</ele>
      </trkpt>
      <trkpt lat="28.17492" lon="-16.80007">
        <ele>95.6</ele>
      </trkpt>
      <trkpt lat="28.17502" lon="-16.80018">
        <ele>96.2</ele>
      </trkpt>
      <trkpt lat="28.17503" lon="-16.80019">
        <ele>96.2</ele>
      </trkpt>
      <trkpt lat="28.17513" lon="-16.80027">
        <ele>96.0</ele>
      </trkpt>
      <trkpt lat="28.17524" lon="-16.80039">
        <ele>95.2</ele>
      </trkpt>
      <trkpt lat="28.17531" lon="-16.80044">
        <ele>95.1</ele>
      </trkpt>
      <trkpt lat="28.17534" lon="-16.80048">
        <ele>94.7</ele>
      </trkpt>
      <trkpt lat="28.17545" lon="-16.80059">
        <ele>93.9</ele>
      </trkpt>
      <trkpt lat="28.17549" lon="-16.80063">
        <ele>93.6</ele>
      </trkpt>
      <trkpt lat="28.17555" lon="-16.80074">
        <ele>92.1</ele>
      </trkpt>
      <trkpt lat="28.17558" lon="-16.8008">
        <ele>91.2</ele>
      </trkpt>
      <trkpt lat="28.1756" lon="-16.80086">
        <ele>90.5</ele>
      </trkpt>
      <trkpt lat="28.17561" lon="-16.80093">
        <ele>89.8</ele>
      </trkpt>
      <trkpt lat="28.17564" lon="-16.8011">
        <ele>88.2</ele>
      </trkpt>
      <trkpt lat="28.17565" lon="-16.80122">
        <ele>87.0</ele>
      </trkpt>
      <trkpt lat="28.17568" lon="-16.80134">
        <ele>85.9</ele>
      </trkpt>
      <trkpt lat="28.17571" lon="-16.80143">
        <ele>85.3</ele>
      </trkpt>
      <trkpt lat="28.17573" lon="-16.80148">
        <ele>84.9</ele>
      </trkpt>
      <trkpt lat="28.1758" lon="-16.80158">
        <ele>84.6</ele>
      </trkpt>
      <trkpt lat="28.17597" lon="-16.80183">
        <ele>83.5</ele>
      </trkpt>
      <trkpt lat="28.17599" lon="-16.80186">
        <ele>83.3</ele>
      </trkpt>
      <trkpt lat="28.17611" lon="-16.80201">
        <ele>82.4</ele>
      </trkpt>
      <trkpt lat="28.17611" lon="-16.80202">
        <ele>82.2</ele>
      </trkpt>
      <trkpt lat="28.17623" lon="-16.80215">
        <ele>81.3</ele>
      </trkpt>
      <trkpt lat="28.17629" lon="-16.80221">
        <ele>80.8</ele>
      </trkpt>
      <trkpt lat="28.17632" lon="-16.80224">
        <ele>80.6</ele>
      </trkpt>
      <trkpt lat="28.17636" lon="-16.80227">
        <ele>80.3</ele>
      </trkpt>
      <trkpt lat="28.17642" lon="-16.80231">
        <ele>80.1</ele>
      </trkpt>
      <trkpt lat="28.17648" lon="-16.80235">
        <ele>79.7</ele>
      </trkpt>
      <trkpt lat="28.17654" lon="-16.80238">
        <ele>79.6</ele>
      </trkpt>
      <trkpt lat="28.17665" lon="-16.80243">
        <ele>79.3</ele>
      </trkpt>
      <trkpt lat="28.17669" lon="-16.80245">
        <ele>79.3</ele>
      </trkpt>
      <trkpt lat="28.17676" lon="-16.80249">
        <ele>79.4</ele>
      </trkpt>
      <trkpt lat="28.17682" lon="-16.80253">
        <ele>80.0</ele>
      </trkpt>
      <trkpt lat="28.17687" lon="-16.80259">
        <ele>80.6</ele>
      </trkpt>
      <trkpt lat="28.17689" lon="-16.80262">
        <ele>80.8</ele>
      </trkpt>
      <trkpt lat="28.17691" lon="-16.80264">
        <ele>81.1</ele>
      </trkpt>
      <trkpt lat="28.17692" lon="-16.80267">
        <ele>81.2</ele>
      </trkpt>
      <trkpt lat="28.17693" lon="-16.80268">
        <ele>81.3</ele>
      </trkpt>
      <trkpt lat="28.17695" lon="-16.80274">
        <ele>81.6</ele>
      </trkpt>
      <trkpt lat="28.17695" lon="-16.80277">
        <ele>81.5</ele>
      </trkpt>
      <trkpt lat="28.17695" lon="-16.8028">
        <ele>81.5</ele>
      </trkpt>
      <trkpt lat="28.17695" lon="-16.80285">
        <ele>81.5</ele>
      </trkpt>
      <trkpt lat="28.17694" lon="-16.80292">
        <ele>81.3</ele>
      </trkpt>
      <trkpt lat="28.17692" lon="-16.80297">
        <ele>81.0</ele>
      </trkpt>
      <trkpt lat="28.17689" lon="-16.80302">
        <ele>80.5</ele>
      </trkpt>
      <trkpt lat="28.17686" lon="-16.80305">
        <ele>80.0</ele>
      </trkpt>
      <trkpt lat="28.17685" lon="-16.80307">
        <ele>79.9</ele>
      </trkpt>
      <trkpt lat="28.17678" lon="-16.80317">
        <ele>78.8</ele>
      </trkpt>
      <trkpt lat="28.1767" lon="-16.8033">
        <ele>77.5</ele>
      </trkpt>
      <trkpt lat="28.17667" lon="-16.80337">
        <ele>77.1</ele>
      </trkpt>
      <trkpt lat="28.17666" lon="-16.80344">
        <ele>77.1</ele>
      </trkpt>
      <trkpt lat="28.17665" lon="-16.8035">
        <ele>77.1</ele>
      </trkpt>
      <trkpt lat="28.17665" lon="-16.80358">
        <ele>77.2</ele>
      </trkpt>
      <trkpt lat="28.17665" lon="-16.80359">
        <ele>77.2</ele>
      </trkpt>
      <trkpt lat="28.17665" lon="-16.80364">
        <ele>77.3</ele>
      </trkpt>
      <trkpt lat="28.17666" lon="-16.80369">
        <ele>77.7</ele>
      </trkpt>
      <trkpt lat="28.17667" lon="-16.80374">
        <ele>78.0</ele>
      </trkpt>
      <trkpt lat="28.17668" lon="-16.80379">
        <ele>78.2</ele>
      </trkpt>
      <trkpt lat="28.17671" lon="-16.80385">
        <ele>78.7</ele>
      </trkpt>
      <trkpt lat="28.17674" lon="-16.80392">
        <ele>79.1</ele>
      </trkpt>
      <trkpt lat="28.17679" lon="-16.804">
        <ele>79.7</ele>
      </trkpt>
      <trkpt lat="28.17687" lon="-16.80409">
        <ele>80.4</ele>
      </trkpt>
      <trkpt lat="28.17693" lon="-16.80415">
        <ele>80.9</ele>
      </trkpt>
      <trkpt lat="28.17701" lon="-16.80421">
        <ele>81.2</ele>
      </trkpt>
      <trkpt lat="28.17706" lon="-16.80424">
        <ele>81.4</ele>
      </trkpt>
      <trkpt lat="28.17712" lon="-16.80428">
        <ele>81.6</ele>
      </trkpt>
      <trkpt lat="28.17716" lon="-16.8043">
        <ele>81.8</ele>
      </trkpt>
      <trkpt lat="28.17721" lon="-16.80432">
        <ele>82.0</ele>
      </trkpt>
      <trkpt lat="28.17727" lon="-16.80434">
        <ele>82.4</ele>
      </trkpt>
      <trkpt lat="28.17733" lon="-16.80435">
        <ele>82.8</ele>
      </trkpt>
      <trkpt lat="28.17739" lon="-16.80436">
        <ele>83.2</ele>
      </trkpt>
      <trkpt lat="28.17743" lon="-16.80437">
        <ele>83.5</ele>
      </trkpt>
      <trkpt lat="28.17747" lon="-16.80437">
        <ele>83.8</ele>
      </trkpt>
      <trkpt lat="28.17758" lon="-16.80437">
        <ele>84.2</ele>
      </trkpt>
      <trkpt lat="28.17767" lon="-16.80438">
        <ele>84.4</ele>
      </trkpt>
      <trkpt lat="28.17769" lon="-16.80438">
        <ele>84.4</ele>
      </trkpt>
      <trkpt lat="28.17789" lon="-16.80439">
        <ele>84.8</ele>
      </trkpt>
      <trkpt lat="28.17807" lon="-16.80442">
        <ele>85.0</ele>
      </trkpt>
      <trkpt lat="28.17824" lon="-16.80446">
        <ele>85.0</ele>
      </trkpt>
      <trkpt lat="28.17827" lon="-16.80448">
        <ele>84.9</ele>
      </trkpt>
      <trkpt lat="28.17838" lon="-16.80451">
        <ele>84.8</ele>
      </trkpt>
      <trkpt lat="28.17879" lon="-16.80466">
        <ele>83.5</ele>
      </trkpt>
      <trkpt lat="28.17924" lon="-16.80483">
        <ele>80.7</ele>
      </trkpt>
      <trkpt lat="28.18031" lon="-16.80526">
        <ele>74.0</ele>
      </trkpt>
      <trkpt lat="28.1804" lon="-16.80531">
        <ele>73.2</ele>
      </trkpt>
      <trkpt lat="28.18044" lon="-16.80532">
        <ele>72.9</ele>
      </trkpt>
      <trkpt lat="28.18048" lon="-16.80534">
        <ele>72.5</ele>
      </trkpt>
      <trkpt lat="28.18049" lon="-16.80534">
        <ele>72.5</ele>
      </trkpt>
      <trkpt lat="28.18079" lon="-16.80545">
        <ele>69.9</ele>
      </trkpt>
      <trkpt lat="28.18108" lon="-16.80551">
        <ele>68.9</ele>
      </trkpt>
      <trkpt lat="28.18122" lon="-16.80551">
        <ele>68.8</ele>
      </trkpt>
      <trkpt lat="28.18127" lon="-16.80551">
        <ele>68.8</ele>
      </trkpt>
      <trkpt lat="28.18141" lon="-16.80549">
        <ele>68.9</ele>
      </trkpt>
      <trkpt lat="28.18144" lon="-16.80548">
        <ele>69.0</ele>
      </trkpt>
      <trkpt lat="28.18158" lon="-16.80544">
        <ele>69.3</ele>
      </trkpt>
      <trkpt lat="28.1817" lon="-16.8054">
        <ele>69.5</ele>
      </trkpt>
      <trkpt lat="28.18178" lon="-16.80541">
        <ele>69.1</ele>
      </trkpt>
      <trkpt lat="28.18184" lon="-16.80542">
        <ele>68.7</ele>
      </trkpt>
      <trkpt lat="28.18188" lon="-16.80544">
        <ele>68.4</ele>
      </trkpt>
      <trkpt lat="28.18191" lon="-16.80546">
        <ele>68.1</ele>
      </trkpt>
      <trkpt lat="28.18196" lon="-16.8055">
        <ele>67.5</ele>
      </trkpt>
      <trkpt lat="28.18198" lon="-16.80554">
        <ele>67.0</ele>
      </trkpt>
      <trkpt lat="28.18199" lon="-16.80557">
        <ele>66.7</ele>
      </trkpt>
      <trkpt lat="28.18201" lon="-16.80569">
        <ele>65.5</ele>
      </trkpt>
      <trkpt lat="28.1818" lon="-16.80645">
        <ele>60.0</ele>
      </trkpt>
      <trkpt lat="28.18175" lon="-16.80659">
        <ele>58.8</ele>
      </trkpt>
      <trkpt lat="28.18172" lon="-16.80679">
        <ele>57.2</ele>
      </trkpt>
      <trkpt lat="28.18171" lon="-16.80696">
        <ele>56.0</ele>
      </trkpt>
      <trkpt lat="28.18172" lon="-16.80711">
        <ele>54.9</ele>
      </trkpt>
      <trkpt lat="28.18186" lon="-16.80859">
        <ele>44.9</ele>
      </trkpt>
      <trkpt lat="28.18189" lon="-16.8088">
        <ele>43.2</ele>
      </trkpt>
      <trkpt lat="28.18205" lon="-16.80973">
        <ele>35.6</ele>
      </trkpt>
      <trkpt lat="28.18206" lon="-16.80979">
        <ele>35.1</ele>
      </trkpt>
      <trkpt lat="28.18213" lon="-16.8102">
        <ele>32.4</ele>
      </trkpt>
      <trkpt lat="28.18218" lon="-16.81049">
        <ele>31.1</ele>
      </trkpt>
      <trkpt lat="28.18219" lon="-16.8106">
        <ele>30.6</ele>
      </trkpt>
      <trkpt lat="28.18225" lon="-16.81084">
        <ele>29.7</ele>
      </trkpt>
      <trkpt lat="28.18232" lon="-16.81107">
        <ele>29.1</ele>
      </trkpt>
      <trkpt lat="28.18237" lon="-16.81117">
        <ele>28.9</ele>
      </trkpt>
      <trkpt lat="28.1824" lon="-16.81124">
        <ele>28.8</ele>
      </trkpt>
      <trkpt lat="28.18246" lon="-16.81136">
        <ele>28.6</ele>
      </trkpt>
      <trkpt lat="28.18258" lon="-16.81153">
        <ele>27.8</ele>
      </trkpt>
      <trkpt lat="28.18274" lon="-16.81172">
        <ele>25.8</ele>
      </trkpt>
      <trkpt lat="28.18285" lon="-16.81179">
        <ele>24.5</ele>
      </trkpt>
      <trkpt lat="28.18305" lon="-16.81192">
        <ele>22.3</ele>
      </trkpt>
      <trkpt lat="28.18316" lon="-16.81199">
        <ele>21.3</ele>
      </trkpt>
      <trkpt lat="28.18318" lon="-16.812">
        <ele>21.1</ele>
      </trkpt>
      <trkpt lat="28.18318" lon="-16.812">
        <ele>21.1</ele>
      </trkpt>
      <trkpt lat="28.18318" lon="-16.812">
        <ele>21.1</ele>
      </trkpt>
      <trkpt lat="28.18321" lon="-16.81202">
        <ele>20.9</ele>
      </trkpt>
      <trkpt lat="28.18332" lon="-16.81209">
        <ele>20.0</ele>
      </trkpt>
      <trkpt lat="28.18348" lon="-16.8122">
        <ele>20.8</ele>
      </trkpt>
      <trkpt lat="28.18351" lon="-16.81223">
        <ele>21.0</ele>
      </trkpt>
      <trkpt lat="28.1836" lon="-16.81234">
        <ele>21.6</ele>
      </trkpt>
      <trkpt lat="28.18373" lon="-16.81248">
        <ele>22.4</ele>
      </trkpt>
      <trkpt lat="28.18376" lon="-16.81252">
        <ele>22.7</ele>
      </trkpt>
      <trkpt lat="28.18395" lon="-16.81278">
        <ele>26.1</ele>
      </trkpt>
      <trkpt lat="28.18397" lon="-16.81283">
        <ele>26.6</ele>
      </trkpt>
      <trkpt lat="28.18398" lon="-16.81288">
        <ele>26.9</ele>
      </trkpt>
      <trkpt lat="28.18398" lon="-16.81291">
        <ele>27.1</ele>
      </trkpt>
      <trkpt lat="28.18397" lon="-16.81294">
        <ele>27.1</ele>
      </trkpt>
      <trkpt lat="28.18396" lon="-16.81299">
        <ele>27.3</ele>
      </trkpt>
      <trkpt lat="28.18393" lon="-16.81304">
        <ele>27.2</ele>
      </trkpt>
      <trkpt lat="28.18391" lon="-16.81307">
        <ele>27.2</ele>
      </trkpt>
      <trkpt lat="28.1839" lon="-16.81308">
        <ele>27.1</ele>
      </trkpt>
      <trkpt lat="28.18389" lon="-16.81309">
        <ele>27.1</ele>
      </trkpt>
      <trkpt lat="28.18388" lon="-16.8131">
        <ele>27.0</ele>
      </trkpt>
      <trkpt lat="28.18387" lon="-16.81311">
        <ele>27.0</ele>
      </trkpt>
      <trkpt lat="28.18384" lon="-16.81312">
        <ele>26.7</ele>
      </trkpt>
      <trkpt lat="28.18382" lon="-16.81313">
        <ele>26.6</ele>
      </trkpt>
      <trkpt lat="28.1838" lon="-16.81314">
        <ele>26.5</ele>
      </trkpt>
      <trkpt lat="28.18378" lon="-16.81315">
        <ele>26.3</ele>
      </trkpt>
      <trkpt lat="28.18323" lon="-16.81314">
        <ele>21.2</ele>
      </trkpt>
      <trkpt lat="28.1832" lon="-16.81314">
        <ele>21.0</ele>
      </trkpt>
      <trkpt lat="28.18311" lon="-16.81315">
        <ele>20.5</ele>
      </trkpt>
      <trkpt lat="28.18303" lon="-16.81319">
        <ele>20.1</ele>
      </trkpt>
      <trkpt lat="28.18294" lon="-16.81324">
        <ele>19.6</ele>
      </trkpt>
      <trkpt lat="28.18288" lon="-16.81327">
        <ele>19.1</ele>
      </trkpt>
      <trkpt lat="28.18275" lon="-16.81352">
        <ele>19.4</ele>
      </trkpt>
      <trkpt lat="28.18271" lon="-16.81358">
        <ele>19.5</ele>
      </trkpt>
      <trkpt lat="28.18268" lon="-16.81364">
        <ele>19.6</ele>
      </trkpt>
      <trkpt lat="28.18263" lon="-16.81374">
        <ele>19.9</ele>
      </trkpt>
      <trkpt lat="28.18255" lon="-16.81389">
        <ele>20.4</ele>
      </trkpt>
      <trkpt lat="28.18248" lon="-16.81406">
        <ele>21.1</ele>
      </trkpt>
      <trkpt lat="28.18248" lon="-16.81406">
        <ele>21.1</ele>
      </trkpt>
      <trkpt lat="28.18253" lon="-16.81417">
        <ele>22.2</ele>
      </trkpt>
      <trkpt lat="28.18261" lon="-16.81435">
        <ele>23.2</ele>
      </trkpt>
      <trkpt lat="28.18277" lon="-16.8147">
        <ele>24.8</ele>
      </trkpt>
      <trkpt lat="28.18295" lon="-16.81508">
        <ele>26.2</ele>
      </trkpt>
      <trkpt lat="28.18313" lon="-16.81551">
        <ele>27.0</ele>
      </trkpt>
      <trkpt lat="28.18315" lon="-16.81555">
        <ele>27.1</ele>
      </trkpt>
      <trkpt lat="28.18324" lon="-16.81578">
        <ele>27.6</ele>
      </trkpt>
      <trkpt lat="28.18339" lon="-16.8162">
        <ele>26.9</ele>
      </trkpt>
      <trkpt lat="28.18351" lon="-16.81635">
        <ele>26.8</ele>
      </trkpt>
      <trkpt lat="28.183553" lon="-16.816393">
        <ele>26.8</ele>
      </trkpt>
      <trkpt lat="28.18359" lon="-16.81643">
        <ele>26.8</ele>
      </trkpt>
      <trkpt lat="28.18376" lon="-16.81654">
        <ele>27.0</ele>
      </trkpt>
      <trkpt lat="28.1838" lon="-16.81656">
        <ele>27.1</ele>
      </trkpt>
      <trkpt lat="28.18393" lon="-16.81665">
        <ele>27.2</ele>
      </trkpt>
      <trkpt lat="28.18405" lon="-16.81672">
        <ele>27.1</ele>
      </trkpt>
      <trkpt lat="28.18409" lon="-16.81675">
        <ele>27.0</ele>
      </trkpt>
      <trkpt lat="28.18452" lon="-16.81702">
        <ele>25.5</ele>
      </trkpt>
      <trkpt lat="28.18458" lon="-16.81705">
        <ele>25.3</ele>
      </trkpt>
      <trkpt lat="28.18471" lon="-16.81713">
        <ele>24.9</ele>
      </trkpt>
      <trkpt lat="28.18484" lon="-16.81721">
        <ele>24.4</ele>
      </trkpt>
      <trkpt lat="28.18492" lon="-16.81726">
        <ele>24.1</ele>
      </trkpt>
      <trkpt lat="28.18496" lon="-16.81729">
        <ele>23.9</ele>
      </trkpt>
      <trkpt lat="28.18533" lon="-16.81751">
        <ele>21.5</ele>
      </trkpt>
      <trkpt lat="28.18571" lon="-16.81775">
        <ele>19.3</ele>
      </trkpt>
      <trkpt lat="28.18583" lon="-16.81781">
        <ele>18.8</ele>
      </trkpt>
      <trkpt lat="28.18591" lon="-16.81787">
        <ele>18.2</ele>
      </trkpt>
      <trkpt lat="28.18595" lon="-16.81789">
        <ele>18.0</ele>
      </trkpt>
      <trkpt lat="28.18603" lon="-16.81794">
        <ele>17.6</ele>
      </trkpt>
      <trkpt lat="28.1861" lon="-16.81799">
        <ele>17.2</ele>
      </trkpt>
      <trkpt lat="28.18619" lon="-16.81804">
        <ele>16.8</ele>
      </trkpt>
      <trkpt lat="28.18623" lon="-16.81806">
        <ele>16.7</ele>
      </trkpt>
      <trkpt lat="28.18626" lon="-16.81808">
        <ele>16.5</ele>
      </trkpt>
      <trkpt lat="28.18635" lon="-16.81814">
        <ele>16.1</ele>
      </trkpt>
      <trkpt lat="28.18638" lon="-16.81816">
        <ele>16.0</ele>
      </trkpt>
      <trkpt lat="28.18642" lon="-16.81818">
        <ele>15.8</ele>
      </trkpt>
      <trkpt lat="28.18651" lon="-16.81823">
        <ele>15.5</ele>
      </trkpt>
      <trkpt lat="28.18658" lon="-16.81828">
        <ele>15.3</ele>
      </trkpt>
      <trkpt lat="28.18666" lon="-16.81833">
        <ele>15.0</ele>
      </trkpt>
      <trkpt lat="28.1867" lon="-16.81835">
        <ele>15.1</ele>
      </trkpt>
      <trkpt lat="28.18672" lon="-16.81837">
        <ele>15.1</ele>
      </trkpt>
      <trkpt lat="28.18674" lon="-16.81837">
        <ele>15.2</ele>
      </trkpt>
      <trkpt lat="28.1868" lon="-16.81841">
        <ele>15.3</ele>
      </trkpt>
      <trkpt lat="28.18682" lon="-16.81843">
        <ele>15.3</ele>
      </trkpt>
      <trkpt lat="28.18686" lon="-16.81845">
        <ele>15.5</ele>
      </trkpt>
      <trkpt lat="28.1869" lon="-16.81847">
        <ele>15.6</ele>
      </trkpt>
      <trkpt lat="28.18698" lon="-16.81852">
        <ele>15.9</ele>
      </trkpt>
      <trkpt lat="28.18775" lon="-16.81899">
        <ele>19.8</ele>
      </trkpt>
      <trkpt lat="28.18781" lon="-16.81903">
        <ele>20.2</ele>
      </trkpt>
      <trkpt lat="28.18816" lon="-16.81925">
        <ele>22.7</ele>
      </trkpt>
      <trkpt lat="28.18888" lon="-16.81969">
        <ele>26.9</ele>
      </trkpt>
      <trkpt lat="28.1891" lon="-16.81983">
        <ele>27.7</ele>
      </trkpt>
      <trkpt lat="28.18926" lon="-16.81992">
        <ele>28.1</ele>
      </trkpt>
      <trkpt lat="28.18931" lon="-16.81995">
        <ele>28.2</ele>
      </trkpt>
      <trkpt lat="28.18944" lon="-16.82002">
        <ele>28.5</ele>
      </trkpt>
      <trkpt lat="28.18964" lon="-16.82011">
        <ele>28.9</ele>
      </trkpt>
      <trkpt lat="28.18985" lon="-16.82016">
        <ele>29.5</ele>
      </trkpt>
      <trkpt lat="28.18991" lon="-16.82017">
        <ele>29.7</ele>
      </trkpt>
      <trkpt lat="28.19009" lon="-16.82019">
        <ele>29.9</ele>
      </trkpt>
      <trkpt lat="28.19012" lon="-16.82019">
        <ele>29.9</ele>
      </trkpt>
      <trkpt lat="28.19052" lon="-16.8202">
        <ele>29.5</ele>
      </trkpt>
      <trkpt lat="28.19063" lon="-16.82021">
        <ele>29.4</ele>
      </trkpt>
      <trkpt lat="28.19081" lon="-16.82021">
        <ele>29.2</ele>
      </trkpt>
      <trkpt lat="28.19097" lon="-16.8202">
        <ele>29.0</ele>
      </trkpt>
      <trkpt lat="28.19116" lon="-16.82021">
        <ele>28.3</ele>
      </trkpt>
      <trkpt lat="28.19132" lon="-16.82023">
        <ele>27.6</ele>
      </trkpt>
      <trkpt lat="28.19138" lon="-16.82025">
        <ele>27.2</ele>
      </trkpt>
      <trkpt lat="28.19143" lon="-16.82026">
        <ele>26.9</ele>
      </trkpt>
      <trkpt lat="28.19153" lon="-16.8203">
        <ele>26.1</ele>
      </trkpt>
      <trkpt lat="28.19159" lon="-16.82033">
        <ele>25.5</ele>
      </trkpt>
      <trkpt lat="28.19168" lon="-16.82037">
        <ele>24.7</ele>
      </trkpt>
      <trkpt lat="28.19174" lon="-16.82041">
        <ele>24.4</ele>
      </trkpt>
      <trkpt lat="28.19178" lon="-16.82044">
        <ele>24.1</ele>
      </trkpt>
      <trkpt lat="28.19183" lon="-16.82047">
        <ele>23.9</ele>
      </trkpt>
      <trkpt lat="28.1919" lon="-16.82052">
        <ele>23.5</ele>
      </trkpt>
      <trkpt lat="28.19198" lon="-16.8206">
        <ele>22.8</ele>
      </trkpt>
      <trkpt lat="28.19211" lon="-16.82073">
        <ele>21.9</ele>
      </trkpt>
      <trkpt lat="28.19219" lon="-16.82082">
        <ele>21.3</ele>
      </trkpt>
      <trkpt lat="28.19224" lon="-16.82087">
        <ele>21.3</ele>
      </trkpt>
      <trkpt lat="28.19236" lon="-16.82099">
        <ele>21.8</ele>
      </trkpt>
      <trkpt lat="28.19258" lon="-16.82126">
        <ele>22.7</ele>
      </trkpt>
      <trkpt lat="28.19261" lon="-16.82132">
        <ele>22.9</ele>
      </trkpt>
      <trkpt lat="28.19266" lon="-16.82135">
        <ele>23.3</ele>
      </trkpt>
      <trkpt lat="28.19268" lon="-16.82137">
        <ele>23.5</ele>
      </trkpt>
      <trkpt lat="28.19274" lon="-16.82144">
        <ele>24.0</ele>
      </trkpt>
      <trkpt lat="28.1928" lon="-16.82151">
        <ele>24.5</ele>
      </trkpt>
      <trkpt lat="28.19284" lon="-16.82154">
        <ele>24.9</ele>
      </trkpt>
      <trkpt lat="28.19288" lon="-16.82157">
        <ele>25.2</ele>
      </trkpt>
      <trkpt lat="28.19293" lon="-16.8216">
        <ele>25.7</ele>
      </trkpt>
      <trkpt lat="28.19301" lon="-16.82163">
        <ele>26.5</ele>
      </trkpt>
      <trkpt lat="28.19302" lon="-16.82162">
        <ele>26.7</ele>
      </trkpt>
      <trkpt lat="28.19304" lon="-16.82161">
        <ele>26.9</ele>
      </trkpt>
      <trkpt lat="28.19307" lon="-16.8216">
        <ele>27.2</ele>
      </trkpt>
      <trkpt lat="28.19313" lon="-16.82159">
        <ele>27.9</ele>
      </trkpt>
      <trkpt lat="28.19318" lon="-16.8216">
        <ele>28.4</ele>
      </trkpt>
      <trkpt lat="28.19322" lon="-16.8216">
        <ele>28.8</ele>
      </trkpt>
      <trkpt lat="28.19324" lon="-16.82161">
        <ele>29.0</ele>
      </trkpt>
      <trkpt lat="28.19329" lon="-16.82163">
        <ele>29.5</ele>
      </trkpt>
      <trkpt lat="28.19334" lon="-16.82166">
        <ele>30.0</ele>
      </trkpt>
      <trkpt lat="28.19339" lon="-16.82171">
        <ele>30.3</ele>
      </trkpt>
      <trkpt lat="28.19343" lon="-16.82175">
        <ele>30.5</ele>
      </trkpt>
      <trkpt lat="28.19346" lon="-16.82181">
        <ele>30.6</ele>
      </trkpt>
      <trkpt lat="28.19347" lon="-16.82184">
        <ele>30.6</ele>
      </trkpt>
      <trkpt lat="28.19348" lon="-16.82187">
        <ele>30.6</ele>
      </trkpt>
      <trkpt lat="28.19349" lon="-16.82193">
        <ele>30.6</ele>
      </trkpt>
      <trkpt lat="28.1935" lon="-16.82199">
        <ele>30.5</ele>
      </trkpt>
      <trkpt lat="28.19349" lon="-16.82205">
        <ele>30.4</ele>
      </trkpt>
      <trkpt lat="28.19349" lon="-16.82208">
        <ele>30.4</ele>
      </trkpt>
      <trkpt lat="28.19348" lon="-16.82211">
        <ele>30.3</ele>
      </trkpt>
      <trkpt lat="28.19347" lon="-16.82213">
        <ele>30.2</ele>
      </trkpt>
      <trkpt lat="28.19346" lon="-16.82217">
        <ele>30.1</ele>
      </trkpt>
      <trkpt lat="28.19343" lon="-16.82223">
        <ele>29.8</ele>
      </trkpt>
      <trkpt lat="28.19338" lon="-16.82227">
        <ele>29.5</ele>
      </trkpt>
      <trkpt lat="28.19334" lon="-16.8223">
        <ele>29.3</ele>
      </trkpt>
      <trkpt lat="28.19333" lon="-16.82234">
        <ele>29.2</ele>
      </trkpt>
      <trkpt lat="28.19332" lon="-16.8224">
        <ele>29.0</ele>
      </trkpt>
      <trkpt lat="28.19332" lon="-16.82242">
        <ele>29.0</ele>
      </trkpt>
      <trkpt lat="28.19332" lon="-16.82245">
        <ele>29.0</ele>
      </trkpt>
      <trkpt lat="28.19333" lon="-16.82248">
        <ele>29.0</ele>
      </trkpt>
      <trkpt lat="28.19335" lon="-16.82252">
        <ele>29.0</ele>
      </trkpt>
      <trkpt lat="28.19337" lon="-16.82255">
        <ele>29.1</ele>
      </trkpt>
      <trkpt lat="28.1934" lon="-16.82258">
        <ele>29.1</ele>
      </trkpt>
      <trkpt lat="28.19344" lon="-16.82261">
        <ele>29.3</ele>
      </trkpt>
      <trkpt lat="28.19346" lon="-16.82264">
        <ele>29.3</ele>
      </trkpt>
      <trkpt lat="28.19348" lon="-16.82266">
        <ele>29.4</ele>
      </trkpt>
      <trkpt lat="28.1935" lon="-16.8227">
        <ele>29.4</ele>
      </trkpt>
      <trkpt lat="28.19361" lon="-16.82277">
        <ele>29.9</ele>
      </trkpt>
      <trkpt lat="28.19373" lon="-16.82282">
        <ele>30.5</ele>
      </trkpt>
      <trkpt lat="28.19375" lon="-16.82283">
        <ele>30.6</ele>
      </trkpt>
      <trkpt lat="28.19376" lon="-16.82284">
        <ele>30.7</ele>
      </trkpt>
      <trkpt lat="28.19391" lon="-16.82289">
        <ele>31.5</ele>
      </trkpt>
      <trkpt lat="28.19408" lon="-16.82293">
        <ele>32.5</ele>
      </trkpt>
      <trkpt lat="28.19428" lon="-16.823">
        <ele>33.3</ele>
      </trkpt>
      <trkpt lat="28.19429" lon="-16.823">
        <ele>33.3</ele>
      </trkpt>
      <trkpt lat="28.1943" lon="-16.82301">
        <ele>33.3</ele>
      </trkpt>
      <trkpt lat="28.19443" lon="-16.82311">
        <ele>33.6</ele>
      </trkpt>
      <trkpt lat="28.19445" lon="-16.82312">
        <ele>33.6</ele>
      </trkpt>
      <trkpt lat="28.19448" lon="-16.82314">
        <ele>33.6</ele>
      </trkpt>
      <trkpt lat="28.1946" lon="-16.82323">
        <ele>33.7</ele>
      </trkpt>
      <trkpt lat="28.19464" lon="-16.82326">
        <ele>33.7</ele>
      </trkpt>
      <trkpt lat="28.19474" lon="-16.82333">
        <ele>33.7</ele>
      </trkpt>
      <trkpt lat="28.19476" lon="-16.82334">
        <ele>33.7</ele>
      </trkpt>
      <trkpt lat="28.19485" lon="-16.8234">
        <ele>33.8</ele>
      </trkpt>
      <trkpt lat="28.19491" lon="-16.82344">
        <ele>33.9</ele>
      </trkpt>
      <trkpt lat="28.19506" lon="-16.82353">
        <ele>33.9</ele>
      </trkpt>
      <trkpt lat="28.19507" lon="-16.82353">
        <ele>33.9</ele>
      </trkpt>
      <trkpt lat="28.19523" lon="-16.82363">
        <ele>33.8</ele>
      </trkpt>
      <trkpt lat="28.19571" lon="-16.82391">
        <ele>33.7</ele>
      </trkpt>
      <trkpt lat="28.19577" lon="-16.82395">
        <ele>33.8</ele>
      </trkpt>
      <trkpt lat="28.19587" lon="-16.824">
        <ele>33.8</ele>
      </trkpt>
      <trkpt lat="28.19587" lon="-16.82401">
        <ele>33.8</ele>
      </trkpt>
      <trkpt lat="28.19709" lon="-16.82472">
        <ele>28.8</ele>
      </trkpt>
      <trkpt lat="28.1973" lon="-16.82486">
        <ele>27.4</ele>
      </trkpt>
      <trkpt lat="28.1977" lon="-16.82511">
        <ele>25.6</ele>
      </trkpt>
      <trkpt lat="28.19801" lon="-16.82531">
        <ele>25.1</ele>
      </trkpt>
      <trkpt lat="28.19864" lon="-16.82571">
        <ele>24.7</ele>
      </trkpt>
      <trkpt lat="28.19872" lon="-16.82572">
        <ele>24.8</ele>
      </trkpt>
      <trkpt lat="28.1988" lon="-16.82578">
        <ele>24.7</ele>
      </trkpt>
      <trkpt lat="28.1989" lon="-16.82584">
        <ele>24.7</ele>
      </trkpt>
      <trkpt lat="28.19903" lon="-16.82591">
        <ele>24.6</ele>
      </trkpt>
      <trkpt lat="28.19904" lon="-16.82592">
        <ele>24.6</ele>
      </trkpt>
      <trkpt lat="28.19919" lon="-16.82601">
        <ele>24.1</ele>
      </trkpt>
      <trkpt lat="28.19926" lon="-16.82606">
        <ele>23.2</ele>
      </trkpt>
      <trkpt lat="28.19956" lon="-16.82623">
        <ele>20.2</ele>
      </trkpt>
      <trkpt lat="28.19962" lon="-16.82627">
        <ele>19.7</ele>
      </trkpt>
      <trkpt lat="28.19967" lon="-16.8263">
        <ele>19.3</ele>
      </trkpt>
      <trkpt lat="28.19968" lon="-16.82631">
        <ele>19.2</ele>
      </trkpt>
      <trkpt lat="28.20003" lon="-16.8265">
        <ele>17.2</ele>
      </trkpt>
      <trkpt lat="28.20013" lon="-16.82657">
        <ele>16.8</ele>
      </trkpt>
      <trkpt lat="28.20023" lon="-16.82661">
        <ele>16.2</ele>
      </trkpt>
      <trkpt lat="28.20031" lon="-16.82665">
        <ele>15.7</ele>
      </trkpt>
      <trkpt lat="28.20036" lon="-16.82667">
        <ele>15.4</ele>
      </trkpt>
      <trkpt lat="28.20044" lon="-16.82674">
        <ele>14.6</ele>
      </trkpt>
      <trkpt lat="28.2005" lon="-16.82677">
        <ele>14.2</ele>
      </trkpt>
      <trkpt lat="28.20061" lon="-16.82683">
        <ele>13.3</ele>
      </trkpt>
      <trkpt lat="28.20075" lon="-16.8269">
        <ele>12.5</ele>
      </trkpt>
      <trkpt lat="28.20082" lon="-16.82694">
        <ele>12.1</ele>
      </trkpt>
      <trkpt lat="28.201" lon="-16.82704">
        <ele>12.8</ele>
      </trkpt>
      <trkpt lat="28.20123" lon="-16.82718">
        <ele>13.8</ele>
      </trkpt>
      <trkpt lat="28.20125" lon="-16.82718">
        <ele>13.9</ele>
      </trkpt>
      <trkpt lat="28.20143" lon="-16.82728">
        <ele>14.5</ele>
      </trkpt>
      <trkpt lat="28.20159" lon="-16.82736">
        <ele>15.0</ele>
      </trkpt>
      <trkpt lat="28.20199" lon="-16.82757">
        <ele>18.3</ele>
      </trkpt>
      <trkpt lat="28.20214" lon="-16.82763">
        <ele>19.8</ele>
      </trkpt>
      <trkpt lat="28.20224" lon="-16.82771">
        <ele>20.7</ele>
      </trkpt>
      <trkpt lat="28.20232" lon="-16.82779">
        <ele>21.4</ele>
      </trkpt>
      <trkpt lat="28.20241" lon="-16.82788">
        <ele>22.1</ele>
      </trkpt>
      <trkpt lat="28.20251" lon="-16.82798">
        <ele>22.9</ele>
      </trkpt>
      <trkpt lat="28.20259" lon="-16.8281">
        <ele>22.8</ele>
      </trkpt>
      <trkpt lat="28.20271" lon="-16.82823">
        <ele>22.9</ele>
      </trkpt>
      <trkpt lat="28.20282" lon="-16.82839">
        <ele>23.1</ele>
      </trkpt>
      <trkpt lat="28.20298" lon="-16.82856">
        <ele>23.5</ele>
      </trkpt>
      <trkpt lat="28.20307" lon="-16.82865">
        <ele>23.7</ele>
      </trkpt>
      <trkpt lat="28.20311" lon="-16.8287">
        <ele>23.8</ele>
      </trkpt>
      <trkpt lat="28.20323" lon="-16.82883">
        <ele>24.0</ele>
      </trkpt>
      <trkpt lat="28.20344" lon="-16.82906">
        <ele>24.2</ele>
      </trkpt>
      <trkpt lat="28.20351" lon="-16.82914">
        <ele>24.1</ele>
      </trkpt>
      <trkpt lat="28.20358" lon="-16.82921">
        <ele>23.9</ele>
      </trkpt>
      <trkpt lat="28.20366" lon="-16.82928">
        <ele>23.6</ele>
      </trkpt>
      <trkpt lat="28.20371" lon="-16.82931">
        <ele>23.6</ele>
      </trkpt>
      <trkpt lat="28.20379" lon="-16.82936">
        <ele>23.4</ele>
      </trkpt>
      <trkpt lat="28.20382" lon="-16.82935">
        <ele>23.5</ele>
      </trkpt>
      <trkpt lat="28.20384" lon="-16.82934">
        <ele>23.5</ele>
      </trkpt>
      <trkpt lat="28.20387" lon="-16.82933">
        <ele>23.5</ele>
      </trkpt>
      <trkpt lat="28.20389" lon="-16.82933">
        <ele>23.5</ele>
      </trkpt>
      <trkpt lat="28.20392" lon="-16.82933">
        <ele>23.6</ele>
      </trkpt>
      <trkpt lat="28.20394" lon="-16.82933">
        <ele>23.6</ele>
      </trkpt>
      <trkpt lat="28.20397" lon="-16.82934">
        <ele>23.5</ele>
      </trkpt>
      <trkpt lat="28.20399" lon="-16.82935">
        <ele>23.5</ele>
      </trkpt>
      <trkpt lat="28.20402" lon="-16.82936">
        <ele>23.5</ele>
      </trkpt>
      <trkpt lat="28.20404" lon="-16.82938">
        <ele>23.4</ele>
      </trkpt>
      <trkpt lat="28.20406" lon="-16.82939">
        <ele>23.4</ele>
      </trkpt>
      <trkpt lat="28.20408" lon="-16.82941">
        <ele>23.4</ele>
      </trkpt>
      <trkpt lat="28.2041" lon="-16.82944">
        <ele>23.3</ele>
      </trkpt>
      <trkpt lat="28.20411" lon="-16.82946">
        <ele>23.3</ele>
      </trkpt>
      <trkpt lat="28.20412" lon="-16.82949">
        <ele>23.2</ele>
      </trkpt>
      <trkpt lat="28.20413" lon="-16.82951">
        <ele>23.2</ele>
      </trkpt>
      <trkpt lat="28.20414" lon="-16.82954">
        <ele>23.1</ele>
      </trkpt>
      <trkpt lat="28.20414" lon="-16.82957">
        <ele>23.0</ele>
      </trkpt>
      <trkpt lat="28.20414" lon="-16.82958">
        <ele>23.0</ele>
      </trkpt>
      <trkpt lat="28.20422" lon="-16.82963">
        <ele>22.9</ele>
      </trkpt>
      <trkpt lat="28.20427" lon="-16.82966">
        <ele>22.9</ele>
      </trkpt>
      <trkpt lat="28.20431" lon="-16.82967">
        <ele>22.9</ele>
      </trkpt>
      <trkpt lat="28.20444" lon="-16.82971">
        <ele>22.8</ele>
      </trkpt>
      <trkpt lat="28.20484" lon="-16.82969">
        <ele>23.0</ele>
      </trkpt>
      <trkpt lat="28.20504" lon="-16.82968">
        <ele>23.2</ele>
      </trkpt>
      <trkpt lat="28.20507" lon="-16.82968">
        <ele>23.3</ele>
      </trkpt>
      <trkpt lat="28.20531" lon="-16.82968">
        <ele>23.7</ele>
      </trkpt>
      <trkpt lat="28.20537" lon="-16.82968">
        <ele>23.8</ele>
      </trkpt>
      <trkpt lat="28.20607" lon="-16.82968">
        <ele>24.0</ele>
      </trkpt>
      <trkpt lat="28.20618" lon="-16.82969">
        <ele>23.7</ele>
      </trkpt>
      <trkpt lat="28.20633" lon="-16.82971">
        <ele>23.2</ele>
      </trkpt>
      <trkpt lat="28.20664" lon="-16.8297">
        <ele>22.5</ele>
      </trkpt>
      <trkpt lat="28.2067" lon="-16.8297">
        <ele>22.4</ele>
      </trkpt>
      <trkpt lat="28.20682" lon="-16.8297">
        <ele>22.1</ele>
      </trkpt>
      <trkpt lat="28.20688" lon="-16.82971">
        <ele>21.9</ele>
      </trkpt>
      <trkpt lat="28.20711" lon="-16.82976">
        <ele>21.1</ele>
      </trkpt>
      <trkpt lat="28.20734" lon="-16.82984">
        <ele>20.2</ele>
      </trkpt>
      <trkpt lat="28.20736" lon="-16.82984">
        <ele>20.1</ele>
      </trkpt>
      <trkpt lat="28.20748" lon="-16.82989">
        <ele>19.6</ele>
      </trkpt>
      <trkpt lat="28.20783" lon="-16.83001">
        <ele>20.6</ele>
      </trkpt>
      <trkpt lat="28.2083" lon="-16.83019">
        <ele>22.6</ele>
      </trkpt>
      <trkpt lat="28.20864" lon="-16.83031">
        <ele>24.3</ele>
      </trkpt>
      <trkpt lat="28.20898" lon="-16.83044">
        <ele>25.9</ele>
      </trkpt>
      <trkpt lat="28.20922" lon="-16.83052">
        <ele>26.8</ele>
      </trkpt>
      <trkpt lat="28.20933" lon="-16.83056">
        <ele>26.7</ele>
      </trkpt>
      <trkpt lat="28.2096" lon="-16.83067">
        <ele>26.5</ele>
      </trkpt>
      <trkpt lat="28.20988" lon="-16.8308">
        <ele>26.1</ele>
      </trkpt>
      <trkpt lat="28.21023" lon="-16.83095">
        <ele>25.5</ele>
      </trkpt>
      <trkpt lat="28.2107" lon="-16.83116">
        <ele>24.7</ele>
      </trkpt>
      <trkpt lat="28.21087" lon="-16.83124">
        <ele>24.5</ele>
      </trkpt>
      <trkpt lat="28.21112" lon="-16.83134">
        <ele>24.4</ele>
      </trkpt>
      <trkpt lat="28.2112" lon="-16.83138">
        <ele>24.3</ele>
      </trkpt>
      <trkpt lat="28.21141" lon="-16.83149">
        <ele>24.2</ele>
      </trkpt>
      <trkpt lat="28.21158" lon="-16.8316">
        <ele>24.1</ele>
      </trkpt>
      <trkpt lat="28.21192" lon="-16.83182">
        <ele>25.4</ele>
      </trkpt>
      <trkpt lat="28.21201" lon="-16.83191">
        <ele>25.5</ele>
      </trkpt>
      <trkpt lat="28.21226" lon="-16.83212">
        <ele>25.8</ele>
      </trkpt>
      <trkpt lat="28.21248" lon="-16.83229">
        <ele>25.7</ele>
      </trkpt>
      <trkpt lat="28.21268" lon="-16.83244">
        <ele>24.8</ele>
      </trkpt>
      <trkpt lat="28.21286" lon="-16.83259">
        <ele>23.7</ele>
      </trkpt>
      <trkpt lat="28.21288" lon="-16.8326">
        <ele>23.7</ele>
      </trkpt>
      <trkpt lat="28.21303" lon="-16.83272">
        <ele>22.9</ele>
      </trkpt>
      <trkpt lat="28.21305" lon="-16.83273">
        <ele>22.8</ele>
      </trkpt>
      <trkpt lat="28.21323" lon="-16.83287">
        <ele>21.8</ele>
      </trkpt>
      <trkpt lat="28.21343" lon="-16.83303">
        <ele>20.9</ele>
      </trkpt>
      <trkpt lat="28.21357" lon="-16.83313">
        <ele>20.6</ele>
      </trkpt>
      <trkpt lat="28.21383" lon="-16.83333">
        <ele>20.4</ele>
      </trkpt>
      <trkpt lat="28.21392" lon="-16.83341">
        <ele>20.3</ele>
      </trkpt>
      <trkpt lat="28.21402" lon="-16.83348">
        <ele>20.4</ele>
      </trkpt>
      <trkpt lat="28.2143" lon="-16.83369">
        <ele>19.9</ele>
      </trkpt>
      <trkpt lat="28.21438" lon="-16.83376">
        <ele>19.6</ele>
      </trkpt>
      <trkpt lat="28.21446" lon="-16.83381">
        <ele>19.3</ele>
      </trkpt>
      <trkpt lat="28.21453" lon="-16.83387">
        <ele>19.1</ele>
      </trkpt>
      <trkpt lat="28.21465" lon="-16.83395">
        <ele>18.7</ele>
      </trkpt>
      <trkpt lat="28.21489" lon="-16.83409">
        <ele>18.2</ele>
      </trkpt>
      <trkpt lat="28.2151" lon="-16.83422">
        <ele>17.9</ele>
      </trkpt>
      <trkpt lat="28.21539" lon="-16.8344">
        <ele>17.4</ele>
      </trkpt>
      <trkpt lat="28.21548" lon="-16.83446">
        <ele>17.1</ele>
      </trkpt>
      <trkpt lat="28.21584" lon="-16.83468">
        <ele>16.0</ele>
      </trkpt>
      <trkpt lat="28.21588" lon="-16.8347">
        <ele>16.1</ele>
      </trkpt>
      <trkpt lat="28.21604" lon="-16.83479">
        <ele>16.4</ele>
      </trkpt>
      <trkpt lat="28.21621" lon="-16.83489">
        <ele>16.6</ele>
      </trkpt>
      <trkpt lat="28.21628" lon="-16.83493">
        <ele>16.7</ele>
      </trkpt>
      <trkpt lat="28.21635" lon="-16.83497">
        <ele>16.7</ele>
      </trkpt>
      <trkpt lat="28.2164" lon="-16.83498">
        <ele>16.9</ele>
      </trkpt>
      <trkpt lat="28.21644" lon="-16.83499">
        <ele>17.0</ele>
      </trkpt>
      <trkpt lat="28.21651" lon="-16.83501">
        <ele>17.1</ele>
      </trkpt>
      <trkpt lat="28.21658" lon="-16.83502">
        <ele>17.3</ele>
      </trkpt>
      <trkpt lat="28.21669" lon="-16.83502">
        <ele>17.6</ele>
      </trkpt>
      <trkpt lat="28.2168" lon="-16.835">
        <ele>17.4</ele>
      </trkpt>
      <trkpt lat="28.21692" lon="-16.83497">
        <ele>17.1</ele>
      </trkpt>
      <trkpt lat="28.2171" lon="-16.83489">
        <ele>17.3</ele>
      </trkpt>
      <trkpt lat="28.21723" lon="-16.83483">
        <ele>17.6</ele>
      </trkpt>
      <trkpt lat="28.21742" lon="-16.83474">
        <ele>18.3</ele>
      </trkpt>
      <trkpt lat="28.21756" lon="-16.83468">
        <ele>18.8</ele>
      </trkpt>
      <trkpt lat="28.21777" lon="-16.8346">
        <ele>19.1</ele>
      </trkpt>
      <trkpt lat="28.21787" lon="-16.83455">
        <ele>19.4</ele>
      </trkpt>
      <trkpt lat="28.21795" lon="-16.83453">
        <ele>19.3</ele>
      </trkpt>
      <trkpt lat="28.21802" lon="-16.83451">
        <ele>19.3</ele>
      </trkpt>
      <trkpt lat="28.21807" lon="-16.8345">
        <ele>19.2</ele>
      </trkpt>
      <trkpt lat="28.21813" lon="-16.83449">
        <ele>19.1</ele>
      </trkpt>
      <trkpt lat="28.21818" lon="-16.83449">
        <ele>18.8</ele>
      </trkpt>
      <trkpt lat="28.21823" lon="-16.83449">
        <ele>18.6</ele>
      </trkpt>
      <trkpt lat="28.21832" lon="-16.83449">
        <ele>18.2</ele>
      </trkpt>
      <trkpt lat="28.2185" lon="-16.83453">
        <ele>17.6</ele>
      </trkpt>
      <trkpt lat="28.21903" lon="-16.83467">
        <ele>16.3</ele>
      </trkpt>
      <trkpt lat="28.21966" lon="-16.83484">
        <ele>19.5</ele>
      </trkpt>
      <trkpt lat="28.21987" lon="-16.8349">
        <ele>20.8</ele>
      </trkpt>
      <trkpt lat="28.2199" lon="-16.8349">
        <ele>21.1</ele>
      </trkpt>
      <trkpt lat="28.21998" lon="-16.83492">
        <ele>21.6</ele>
      </trkpt>
      <trkpt lat="28.22008" lon="-16.83492">
        <ele>22.2</ele>
      </trkpt>
      <trkpt lat="28.22011" lon="-16.83492">
        <ele>22.3</ele>
      </trkpt>
      <trkpt lat="28.22026" lon="-16.83491">
        <ele>23.1</ele>
      </trkpt>
      <trkpt lat="28.22046" lon="-16.83491">
        <ele>24.1</ele>
      </trkpt>
      <trkpt lat="28.22073" lon="-16.83489">
        <ele>25.7</ele>
      </trkpt>
      <trkpt lat="28.22079" lon="-16.83488">
        <ele>26.1</ele>
      </trkpt>
      <trkpt lat="28.22115" lon="-16.83486">
        <ele>28.7</ele>
      </trkpt>
      <trkpt lat="28.22133" lon="-16.83487">
        <ele>29.9</ele>
      </trkpt>
      <trkpt lat="28.22168" lon="-16.83491">
        <ele>32.0</ele>
      </trkpt>
      <trkpt lat="28.22206" lon="-16.83497">
        <ele>33.8</ele>
      </trkpt>
      <trkpt lat="28.22229" lon="-16.83502">
        <ele>34.6</ele>
      </trkpt>
      <trkpt lat="28.22246" lon="-16.83505">
        <ele>35.5</ele>
      </trkpt>
      <trkpt lat="28.22257" lon="-16.83507">
        <ele>36.1</ele>
      </trkpt>
      <trkpt lat="28.22264" lon="-16.83509">
        <ele>36.5</ele>
      </trkpt>
      <trkpt lat="28.22276" lon="-16.83513">
        <ele>37.2</ele>
      </trkpt>
      <trkpt lat="28.22282" lon="-16.83515">
        <ele>37.6</ele>
      </trkpt>
      <trkpt lat="28.22288" lon="-16.83519">
        <ele>37.9</ele>
      </trkpt>
      <trkpt lat="28.223" lon="-16.83524">
        <ele>38.7</ele>
      </trkpt>
      <trkpt lat="28.223003" lon="-16.835242">
        <ele>38.7</ele>
      </trkpt>
      <trkpt lat="28.22315" lon="-16.83534">
        <ele>39.6</ele>
      </trkpt>
      <trkpt lat="28.22329" lon="-16.83543">
        <ele>40.6</ele>
      </trkpt>
      <trkpt lat="28.22343" lon="-16.8355">
        <ele>41.4</ele>
      </trkpt>
      <trkpt lat="28.22354" lon="-16.83556">
        <ele>42.0</ele>
      </trkpt>
      <trkpt lat="28.22362" lon="-16.83561">
        <ele>42.3</ele>
      </trkpt>
      <trkpt lat="28.22376" lon="-16.83569">
        <ele>43.0</ele>
      </trkpt>
      <trkpt lat="28.2239" lon="-16.83578">
        <ele>43.6</ele>
      </trkpt>
      <trkpt lat="28.22392" lon="-16.83579">
        <ele>43.7</ele>
      </trkpt>
      <trkpt lat="28.22397" lon="-16.83582">
        <ele>43.9</ele>
      </trkpt>
      <trkpt lat="28.22397" lon="-16.83582">
        <ele>43.9</ele>
      </trkpt>
      <trkpt lat="28.22403" lon="-16.83594">
        <ele>43.7</ele>
      </trkpt>
      <trkpt lat="28.22404" lon="-16.83595">
        <ele>43.7</ele>
      </trkpt>
      <trkpt lat="28.22404" lon="-16.83601">
        <ele>43.4</ele>
      </trkpt>
      <trkpt lat="28.22404" lon="-16.83609">
        <ele>43.0</ele>
      </trkpt>
      <trkpt lat="28.22404" lon="-16.83617">
        <ele>42.6</ele>
      </trkpt>
      <trkpt lat="28.22403" lon="-16.8362">
        <ele>42.4</ele>
      </trkpt>
      <trkpt lat="28.22403" lon="-16.83625">
        <ele>42.2</ele>
      </trkpt>
      <trkpt lat="28.22403" lon="-16.8363">
        <ele>41.9</ele>
      </trkpt>
      <trkpt lat="28.22404" lon="-16.83632">
        <ele>41.9</ele>
      </trkpt>
      <trkpt lat="28.22404" lon="-16.83635">
        <ele>41.8</ele>
      </trkpt>
      <trkpt lat="28.22408" lon="-16.83648">
        <ele>41.4</ele>
      </trkpt>
      <trkpt lat="28.22409" lon="-16.83652">
        <ele>41.2</ele>
      </trkpt>
      <trkpt lat="28.22414" lon="-16.83664">
        <ele>41.0</ele>
      </trkpt>
      <trkpt lat="28.22427" lon="-16.83703">
        <ele>38.9</ele>
      </trkpt>
      <trkpt lat="28.22428" lon="-16.8371">
        <ele>38.5</ele>
      </trkpt>
      <trkpt lat="28.2243" lon="-16.83714">
        <ele>38.3</ele>
      </trkpt>
      <trkpt lat="28.22442" lon="-16.8373">
        <ele>37.5</ele>
      </trkpt>
      <trkpt lat="28.22454" lon="-16.83744">
        <ele>36.8</ele>
      </trkpt>
      <trkpt lat="28.22461" lon="-16.83752">
        <ele>36.1</ele>
      </trkpt>
      <trkpt lat="28.22486" lon="-16.83773">
        <ele>32.6</ele>
      </trkpt>
      <trkpt lat="28.225" lon="-16.83784">
        <ele>31.3</ele>
      </trkpt>
      <trkpt lat="28.22505" lon="-16.83788">
        <ele>30.7</ele>
      </trkpt>
      <trkpt lat="28.22533" lon="-16.83805">
        <ele>28.5</ele>
      </trkpt>
      <trkpt lat="28.22548" lon="-16.83814">
        <ele>27.8</ele>
      </trkpt>
      <trkpt lat="28.22556" lon="-16.83819">
        <ele>27.4</ele>
      </trkpt>
      <trkpt lat="28.22564" lon="-16.83824">
        <ele>27.1</ele>
      </trkpt>
      <trkpt lat="28.22577" lon="-16.83833">
        <ele>26.7</ele>
      </trkpt>
      <trkpt lat="28.22579" lon="-16.83835">
        <ele>26.4</ele>
      </trkpt>
      <trkpt lat="28.22593" lon="-16.83847">
        <ele>24.4</ele>
      </trkpt>
      <trkpt lat="28.22598" lon="-16.8385">
        <ele>24.0</ele>
      </trkpt>
      <trkpt lat="28.2261" lon="-16.83862">
        <ele>22.1</ele>
      </trkpt>
      <trkpt lat="28.22622" lon="-16.83877">
        <ele>20.0</ele>
      </trkpt>
      <trkpt lat="28.22646" lon="-16.83904">
        <ele>17.2</ele>
      </trkpt>
      <trkpt lat="28.22653" lon="-16.83913">
        <ele>16.4</ele>
      </trkpt>
      <trkpt lat="28.22659" lon="-16.83919">
        <ele>16.1</ele>
      </trkpt>
      <trkpt lat="28.22666" lon="-16.83927">
        <ele>15.8</ele>
      </trkpt>
      <trkpt lat="28.22684" lon="-16.83947">
        <ele>16.8</ele>
      </trkpt>
      <trkpt lat="28.22707" lon="-16.83974">
        <ele>18.3</ele>
      </trkpt>
      <trkpt lat="28.22718" lon="-16.83987">
        <ele>19.1</ele>
      </trkpt>
      <trkpt lat="28.2273" lon="-16.84001">
        <ele>20.1</ele>
      </trkpt>
      <trkpt lat="28.22748" lon="-16.8402">
        <ele>21.5</ele>
      </trkpt>
      <trkpt lat="28.22758" lon="-16.84026">
        <ele>21.3</ele>
      </trkpt>
      <trkpt lat="28.22759" lon="-16.84027">
        <ele>21.2</ele>
      </trkpt>
      <trkpt lat="28.22775" lon="-16.84034">
        <ele>20.5</ele>
      </trkpt>
      <trkpt lat="28.2278" lon="-16.84036">
        <ele>20.3</ele>
      </trkpt>
      <trkpt lat="28.22785" lon="-16.84039">
        <ele>20.0</ele>
      </trkpt>
      <trkpt lat="28.22785" lon="-16.84039">
        <ele>20.0</ele>
      </trkpt>
      <trkpt lat="28.22802" lon="-16.84047">
        <ele>19.2</ele>
      </trkpt>
      <trkpt lat="28.22842" lon="-16.84066">
        <ele>16.6</ele>
      </trkpt>
      <trkpt lat="28.22855" lon="-16.84071">
        <ele>15.3</ele>
      </trkpt>
      <trkpt lat="28.22866" lon="-16.84074">
        <ele>14.3</ele>
      </trkpt>
      <trkpt lat="28.22872" lon="-16.84075">
        <ele>13.8</ele>
      </trkpt>
      <trkpt lat="28.22881" lon="-16.84075">
        <ele>13.3</ele>
      </trkpt>
      <trkpt lat="28.22886" lon="-16.84074">
        <ele>13.2</ele>
      </trkpt>
      <trkpt lat="28.2291" lon="-16.84062">
        <ele>13.7</ele>
      </trkpt>
      <trkpt lat="28.22912" lon="-16.84062">
        <ele>13.6</ele>
      </trkpt>
      <trkpt lat="28.22921" lon="-16.84056">
        <ele>14.1</ele>
      </trkpt>
      <trkpt lat="28.22926" lon="-16.84053">
        <ele>14.5</ele>
      </trkpt>
      <trkpt lat="28.22942" lon="-16.84044">
        <ele>15.3</ele>
      </trkpt>
      <trkpt lat="28.22952" lon="-16.84041">
        <ele>15.3</ele>
      </trkpt>
      <trkpt lat="28.22963" lon="-16.8404">
        <ele>15.0</ele>
      </trkpt>
      <trkpt lat="28.2297" lon="-16.84041">
        <ele>14.7</ele>
      </trkpt>
      <trkpt lat="28.22989" lon="-16.84043">
        <ele>13.7</ele>
      </trkpt>
      <trkpt lat="28.23007" lon="-16.84047">
        <ele>13.2</ele>
      </trkpt>
      <trkpt lat="28.23037" lon="-16.84053">
        <ele>13.8</ele>
      </trkpt>
      <trkpt lat="28.23048" lon="-16.84055">
        <ele>14.0</ele>
      </trkpt>
      <trkpt lat="28.23051" lon="-16.84056">
        <ele>14.0</ele>
      </trkpt>
      <trkpt lat="28.23066" lon="-16.84059">
        <ele>14.2</ele>
      </trkpt>
      <trkpt lat="28.23075" lon="-16.84063">
        <ele>14.1</ele>
      </trkpt>
      <trkpt lat="28.23083" lon="-16.84065">
        <ele>14.2</ele>
      </trkpt>
      <trkpt lat="28.23092" lon="-16.84075">
        <ele>14.4</ele>
      </trkpt>
      <trkpt lat="28.23098" lon="-16.84084">
        <ele>14.2</ele>
      </trkpt>
      <trkpt lat="28.23104" lon="-16.84096">
        <ele>13.9</ele>
      </trkpt>
      <trkpt lat="28.23109" lon="-16.84105">
        <ele>13.7</ele>
      </trkpt>
      <trkpt lat="28.23111" lon="-16.84109">
        <ele>13.5</ele>
      </trkpt>
      <trkpt lat="28.23114" lon="-16.84115">
        <ele>13.3</ele>
      </trkpt>
      <trkpt lat="28.23117" lon="-16.84121">
        <ele>13.1</ele>
      </trkpt>
      <trkpt lat="28.2312" lon="-16.84124">
        <ele>13.2</ele>
      </trkpt>
      <trkpt lat="28.23121" lon="-16.84125">
        <ele>13.2</ele>
      </trkpt>
      <trkpt lat="28.23122" lon="-16.84126">
        <ele>13.2</ele>
      </trkpt>
      <trkpt lat="28.23124" lon="-16.84128">
        <ele>13.3</ele>
      </trkpt>
      <trkpt lat="28.23126" lon="-16.84129">
        <ele>13.4</ele>
      </trkpt>
      <trkpt lat="28.23128" lon="-16.8413">
        <ele>13.6</ele>
      </trkpt>
      <trkpt lat="28.23131" lon="-16.84131">
        <ele>13.9</ele>
      </trkpt>
      <trkpt lat="28.23133" lon="-16.84132">
        <ele>14.0</ele>
      </trkpt>
      <trkpt lat="28.23135" lon="-16.84132">
        <ele>14.3</ele>
      </trkpt>
      <trkpt lat="28.23143" lon="-16.84132">
        <ele>15.4</ele>
      </trkpt>
      <trkpt lat="28.23164" lon="-16.84132">
        <ele>18.2</ele>
      </trkpt>
      <trkpt lat="28.23174" lon="-16.84132">
        <ele>18.6</ele>
      </trkpt>
      <trkpt lat="28.23192" lon="-16.84132">
        <ele>18.7</ele>
      </trkpt>
      <trkpt lat="28.232" lon="-16.84132">
        <ele>18.7</ele>
      </trkpt>
      <trkpt lat="28.23203" lon="-16.84132">
        <ele>18.8</ele>
      </trkpt>
      <trkpt lat="28.23218" lon="-16.84131">
        <ele>19.0</ele>
      </trkpt>
      <trkpt lat="28.23231" lon="-16.84131">
        <ele>19.0</ele>
      </trkpt>
      <trkpt lat="28.2325" lon="-16.84131">
        <ele>19.1</ele>
      </trkpt>
      <trkpt lat="28.23254" lon="-16.84131">
        <ele>18.8</ele>
      </trkpt>
      <trkpt lat="28.23261" lon="-16.8413">
        <ele>18.4</ele>
      </trkpt>
      <trkpt lat="28.23276" lon="-16.84127">
        <ele>17.7</ele>
      </trkpt>
      <trkpt lat="28.23296" lon="-16.84116">
        <ele>17.8</ele>
      </trkpt>
      <trkpt lat="28.23306" lon="-16.8411">
        <ele>17.9</ele>
      </trkpt>
      <trkpt lat="28.23309" lon="-16.84109">
        <ele>17.8</ele>
      </trkpt>
      <trkpt lat="28.23309" lon="-16.84109">
        <ele>17.8</ele>
      </trkpt>
      <trkpt lat="28.23309" lon="-16.84109">
        <ele>17.8</ele>
      </trkpt>
      <trkpt lat="28.23317" lon="-16.84105">
        <ele>17.8</ele>
      </trkpt>
      <trkpt lat="28.23322" lon="-16.84103">
        <ele>17.8</ele>
      </trkpt>
      <trkpt lat="28.2333" lon="-16.84103">
        <ele>17.2</ele>
      </trkpt>
      <trkpt lat="28.23339" lon="-16.84104">
        <ele>16.5</ele>
      </trkpt>
      <trkpt lat="28.23341" lon="-16.84104">
        <ele>16.4</ele>
      </trkpt>
      <trkpt lat="28.23357" lon="-16.84109">
        <ele>14.9</ele>
      </trkpt>
      <trkpt lat="28.23382" lon="-16.84119">
        <ele>12.5</ele>
      </trkpt>
      <trkpt lat="28.23396" lon="-16.84123">
        <ele>11.5</ele>
      </trkpt>
      <trkpt lat="28.23399" lon="-16.84124">
        <ele>11.3</ele>
      </trkpt>
      <trkpt lat="28.23402" lon="-16.84125">
        <ele>11.0</ele>
      </trkpt>
      <trkpt lat="28.23428" lon="-16.84132">
        <ele>10.5</ele>
      </trkpt>
      <trkpt lat="28.23467" lon="-16.84143">
        <ele>12.3</ele>
      </trkpt>
      <trkpt lat="28.23512" lon="-16.84152">
        <ele>16.0</ele>
      </trkpt>
      <trkpt lat="28.23514" lon="-16.84153">
        <ele>16.3</ele>
      </trkpt>
      <trkpt lat="28.23516" lon="-16.84153">
        <ele>16.6</ele>
      </trkpt>
      <trkpt lat="28.23521" lon="-16.84154">
        <ele>17.3</ele>
      </trkpt>
      <trkpt lat="28.23528" lon="-16.84155">
        <ele>18.5</ele>
      </trkpt>
      <trkpt lat="28.2353" lon="-16.84156">
        <ele>18.8</ele>
      </trkpt>
      <trkpt lat="28.23548" lon="-16.84159">
        <ele>21.7</ele>
      </trkpt>
      <trkpt lat="28.23548" lon="-16.84159">
        <ele>21.7</ele>
      </trkpt>
      <trkpt lat="28.23553" lon="-16.84163">
        <ele>22.6</ele>
      </trkpt>
      <trkpt lat="28.23556" lon="-16.84167">
        <ele>23.0</ele>
      </trkpt>
      <trkpt lat="28.23559" lon="-16.8417">
        <ele>23.3</ele>
      </trkpt>
      <trkpt lat="28.2356" lon="-16.84174">
        <ele>23.0</ele>
      </trkpt>
      <trkpt lat="28.23562" lon="-16.84178">
        <ele>23.0</ele>
      </trkpt>
      <trkpt lat="28.23564" lon="-16.8419">
        <ele>22.1</ele>
      </trkpt>
      <trkpt lat="28.23565" lon="-16.84207">
        <ele>20.5</ele>
      </trkpt>
      <trkpt lat="28.23564" lon="-16.84213">
        <ele>19.6</ele>
      </trkpt>
      <trkpt lat="28.23564" lon="-16.84219">
        <ele>19.0</ele>
      </trkpt>
      <trkpt lat="28.23563" lon="-16.84221">
        <ele>18.6</ele>
      </trkpt>
      <trkpt lat="28.23563" lon="-16.84224">
        <ele>18.3</ele>
      </trkpt>
      <trkpt lat="28.23564" lon="-16.84228">
        <ele>18.1</ele>
      </trkpt>
      <trkpt lat="28.23565" lon="-16.8423">
        <ele>18.0</ele>
      </trkpt>
      <trkpt lat="28.23567" lon="-16.84232">
        <ele>18.2</ele>
      </trkpt>
      <trkpt lat="28.23572" lon="-16.84235">
        <ele>18.7</ele>
      </trkpt>
      <trkpt lat="28.23574" lon="-16.84236">
        <ele>18.9</ele>
      </trkpt>
      <trkpt lat="28.23589" lon="-16.84243">
        <ele>20.2</ele>
      </trkpt>
      <trkpt lat="28.23595" lon="-16.84247">
        <ele>20.1</ele>
      </trkpt>
      <trkpt lat="28.23599" lon="-16.84249">
        <ele>20.1</ele>
      </trkpt>
      <trkpt lat="28.23603" lon="-16.8425">
        <ele>20.2</ele>
      </trkpt>
      <trkpt lat="28.23603" lon="-16.8425">
        <ele>20.2</ele>
      </trkpt>
      <trkpt lat="28.23606" lon="-16.84244">
        <ele>21.2</ele>
      </trkpt>
      <trkpt lat="28.23607" lon="-16.84239">
        <ele>22.1</ele>
      </trkpt>
      <trkpt lat="28.23608" lon="-16.84233">
        <ele>23.0</ele>
      </trkpt>
      <trkpt lat="28.23607" lon="-16.84225">
        <ele>24.1</ele>
      </trkpt>
      <trkpt lat="28.23607" lon="-16.84225">
        <ele>24.1</ele>
      </trkpt>
      <trkpt lat="28.23611" lon="-16.84222">
        <ele>25.0</ele>
      </trkpt>
      <trkpt lat="28.23615" lon="-16.84219">
        <ele>25.9</ele>
      </trkpt>
      <trkpt lat="28.23621" lon="-16.84217">
        <ele>27.0</ele>
      </trkpt>
      <trkpt lat="28.23629" lon="-16.84217">
        <ele>27.9</ele>
      </trkpt>
      <trkpt lat="28.23636" lon="-16.84219">
        <ele>28.3</ele>
      </trkpt>
      <trkpt lat="28.23648" lon="-16.84225">
        <ele>28.4</ele>
      </trkpt>
      <trkpt lat="28.23657" lon="-16.84229">
        <ele>28.4</ele>
      </trkpt>
      <trkpt lat="28.23661" lon="-16.8423">
        <ele>28.5</ele>
      </trkpt>
      <trkpt lat="28.23664" lon="-16.84231">
        <ele>28.5</ele>
      </trkpt>
      <trkpt lat="28.23668" lon="-16.84231">
        <ele>29.0</ele>
      </trkpt>
      <trkpt lat="28.23674" lon="-16.84229">
        <ele>30.7</ele>
      </trkpt>
      <trkpt lat="28.23678" lon="-16.84226">
        <ele>32.2</ele>
      </trkpt>
      <trkpt lat="28.23684" lon="-16.84222">
        <ele>34.3</ele>
      </trkpt>
      <trkpt lat="28.23689" lon="-16.84219">
        <ele>36.0</ele>
      </trkpt>
      <trkpt lat="28.23697" lon="-16.84215">
        <ele>38.5</ele>
      </trkpt>
      <trkpt lat="28.23703" lon="-16.84213">
        <ele>40.1</ele>
      </trkpt>
      <trkpt lat="28.23707" lon="-16.84213">
        <ele>40.9</ele>
      </trkpt>
      <trkpt lat="28.23711" lon="-16.84214">
        <ele>41.4</ele>
      </trkpt>
      <trkpt lat="28.23712" lon="-16.84214">
        <ele>41.5</ele>
      </trkpt>
      <trkpt lat="28.23715" lon="-16.84215">
        <ele>41.9</ele>
      </trkpt>
      <trkpt lat="28.23723" lon="-16.84218">
        <ele>42.6</ele>
      </trkpt>
      <trkpt lat="28.23728" lon="-16.84221">
        <ele>42.8</ele>
      </trkpt>
      <trkpt lat="28.23736" lon="-16.84225">
        <ele>43.4</ele>
      </trkpt>
      <trkpt lat="28.23745" lon="-16.84229">
        <ele>44.1</ele>
      </trkpt>
      <trkpt lat="28.2375" lon="-16.84232">
        <ele>44.3</ele>
      </trkpt>
      <trkpt lat="28.2376" lon="-16.84236">
        <ele>43.6</ele>
      </trkpt>
      <trkpt lat="28.23761" lon="-16.84237">
        <ele>43.4</ele>
      </trkpt>
      <trkpt lat="28.23769" lon="-16.84241">
        <ele>42.6</ele>
      </trkpt>
      <trkpt lat="28.23777" lon="-16.84245">
        <ele>41.8</ele>
      </trkpt>
      <trkpt lat="28.23785" lon="-16.84247">
        <ele>41.5</ele>
      </trkpt>
      <trkpt lat="28.23794" lon="-16.84248">
        <ele>41.5</ele>
      </trkpt>
      <trkpt lat="28.23796" lon="-16.84248">
        <ele>41.6</ele>
      </trkpt>
      <trkpt lat="28.23801" lon="-16.84248">
        <ele>41.7</ele>
      </trkpt>
      <trkpt lat="28.2381" lon="-16.84247">
        <ele>42.1</ele>
      </trkpt>
      <trkpt lat="28.23814" lon="-16.84246">
        <ele>42.5</ele>
      </trkpt>
      <trkpt lat="28.2382" lon="-16.84244">
        <ele>43.1</ele>
      </trkpt>
      <trkpt lat="28.23829" lon="-16.8424">
        <ele>44.2</ele>
      </trkpt>
      <trkpt lat="28.23833" lon="-16.84237">
        <ele>45.0</ele>
      </trkpt>
      <trkpt lat="28.23835" lon="-16.84236">
        <ele>45.0</ele>
      </trkpt>
      <trkpt lat="28.23835" lon="-16.84235">
        <ele>45.2</ele>
      </trkpt>
      <trkpt lat="28.23842" lon="-16.84229">
        <ele>45.8</ele>
      </trkpt>
      <trkpt lat="28.23848" lon="-16.84222">
        <ele>46.7</ele>
      </trkpt>
      <trkpt lat="28.23848" lon="-16.84221">
        <ele>47.0</ele>
      </trkpt>
      <trkpt lat="28.23856" lon="-16.8421">
        <ele>48.7</ele>
      </trkpt>
      <trkpt lat="28.23865" lon="-16.842">
        <ele>50.1</ele>
      </trkpt>
      <trkpt lat="28.23869" lon="-16.84194">
        <ele>51.1</ele>
      </trkpt>
      <trkpt lat="28.23874" lon="-16.8419">
        <ele>51.5</ele>
      </trkpt>
      <trkpt lat="28.23883" lon="-16.84185">
        <ele>51.8</ele>
      </trkpt>
      <trkpt lat="28.23891" lon="-16.84181">
        <ele>52.0</ele>
      </trkpt>
      <trkpt lat="28.23906" lon="-16.84177">
        <ele>51.5</ele>
      </trkpt>
      <trkpt lat="28.23917" lon="-16.84175">
        <ele>50.9</ele>
      </trkpt>
      <trkpt lat="28.2395" lon="-16.84166">
        <ele>51.1</ele>
      </trkpt>
      <trkpt lat="28.23959" lon="-16.84163">
        <ele>51.1</ele>
      </trkpt>
      <trkpt lat="28.23965" lon="-16.8416">
        <ele>51.1</ele>
      </trkpt>
      <trkpt lat="28.2397" lon="-16.84156">
        <ele>51.4</ele>
      </trkpt>
      <trkpt lat="28.23973" lon="-16.84151">
        <ele>52.0</ele>
      </trkpt>
      <trkpt lat="28.23975" lon="-16.84147">
        <ele>52.5</ele>
      </trkpt>
      <trkpt lat="28.23977" lon="-16.84144">
        <ele>52.7</ele>
      </trkpt>
      <trkpt lat="28.23979" lon="-16.84138">
        <ele>53.5</ele>
      </trkpt>
      <trkpt lat="28.2398" lon="-16.84129">
        <ele>54.7</ele>
      </trkpt>
      <trkpt lat="28.2398" lon="-16.84123">
        <ele>55.6</ele>
      </trkpt>
      <trkpt lat="28.23979" lon="-16.84118">
        <ele>56.4</ele>
      </trkpt>
      <trkpt lat="28.23978" lon="-16.84111">
        <ele>57.6</ele>
      </trkpt>
      <trkpt lat="28.23975" lon="-16.84103">
        <ele>59.1</ele>
      </trkpt>
      <trkpt lat="28.23973" lon="-16.84096">
        <ele>60.3</ele>
      </trkpt>
      <trkpt lat="28.23969" lon="-16.84085">
        <ele>62.5</ele>
      </trkpt>
      <trkpt lat="28.23967" lon="-16.84081">
        <ele>63.0</ele>
      </trkpt>
      <trkpt lat="28.23965" lon="-16.84075">
        <ele>63.4</ele>
      </trkpt>
      <trkpt lat="28.23958" lon="-16.84062">
        <ele>64.4</ele>
      </trkpt>
      <trkpt lat="28.23943" lon="-16.84029">
        <ele>66.5</ele>
      </trkpt>
      <trkpt lat="28.23936" lon="-16.84015">
        <ele>67.2</ele>
      </trkpt>
      <trkpt lat="28.23936" lon="-16.84015">
        <ele>67.2</ele>
      </trkpt>
      <trkpt lat="28.23936" lon="-16.84014">
        <ele>67.3</ele>
      </trkpt>
      <trkpt lat="28.23935" lon="-16.84014">
        <ele>67.3</ele>
      </trkpt>
      <trkpt lat="28.23935" lon="-16.84013">
        <ele>67.4</ele>
      </trkpt>
      <trkpt lat="28.23934" lon="-16.84013">
        <ele>67.4</ele>
      </trkpt>
      <trkpt lat="28.23934" lon="-16.84012">
        <ele>67.5</ele>
      </trkpt>
      <trkpt lat="28.23933" lon="-16.84012">
        <ele>67.5</ele>
      </trkpt>
      <trkpt lat="28.23933" lon="-16.84011">
        <ele>67.5</ele>
      </trkpt>
      <trkpt lat="28.23933" lon="-16.8401">
        <ele>67.6</ele>
      </trkpt>
      <trkpt lat="28.23933" lon="-16.84009">
        <ele>67.6</ele>
      </trkpt>
      <trkpt lat="28.23933" lon="-16.84008">
        <ele>67.6</ele>
      </trkpt>
      <trkpt lat="28.23933" lon="-16.84007">
        <ele>67.6</ele>
      </trkpt>
      <trkpt lat="28.23933" lon="-16.84006">
        <ele>67.6</ele>
      </trkpt>
      <trkpt lat="28.23933" lon="-16.84005">
        <ele>67.6</ele>
      </trkpt>
      <trkpt lat="28.23934" lon="-16.84004">
        <ele>67.5</ele>
      </trkpt>
      <trkpt lat="28.23934" lon="-16.84003">
        <ele>67.5</ele>
      </trkpt>
      <trkpt lat="28.23935" lon="-16.84003">
        <ele>67.4</ele>
      </trkpt>
      <trkpt lat="28.23935" lon="-16.84002">
        <ele>67.4</ele>
      </trkpt>
      <trkpt lat="28.23936" lon="-16.84002">
        <ele>67.4</ele>
      </trkpt>
      <trkpt lat="28.2393" lon="-16.83988">
        <ele>68.4</ele>
      </trkpt>
      <trkpt lat="28.23925" lon="-16.83969">
        <ele>69.6</ele>
      </trkpt>
      <trkpt lat="28.23922" lon="-16.83959">
        <ele>70.2</ele>
      </trkpt>
      <trkpt lat="28.23921" lon="-16.83949">
        <ele>70.7</ele>
      </trkpt>
      <trkpt lat="28.2392" lon="-16.83943">
        <ele>70.9</ele>
      </trkpt>
      <trkpt lat="28.23919" lon="-16.83934">
        <ele>71.3</ele>
      </trkpt>
      <trkpt lat="28.23919" lon="-16.83931">
        <ele>71.4</ele>
      </trkpt>
      <trkpt lat="28.23919" lon="-16.83929">
        <ele>71.5</ele>
      </trkpt>
      <trkpt lat="28.23919" lon="-16.83927">
        <ele>71.6</ele>
      </trkpt>
      <trkpt lat="28.23919" lon="-16.8392">
        <ele>71.8</ele>
      </trkpt>
      <trkpt lat="28.23921" lon="-16.83914">
        <ele>72.5</ele>
      </trkpt>
      <trkpt lat="28.23925" lon="-16.83902">
        <ele>74.7</ele>
      </trkpt>
      <trkpt lat="28.23925" lon="-16.83902">
        <ele>74.7</ele>
      </trkpt>
      <trkpt lat="28.23924" lon="-16.83901">
        <ele>74.9</ele>
      </trkpt>
      <trkpt lat="28.23923" lon="-16.839">
        <ele>75.1</ele>
      </trkpt>
      <trkpt lat="28.23921" lon="-16.83899">
        <ele>75.3</ele>
      </trkpt>
      <trkpt lat="28.2392" lon="-16.83899">
        <ele>75.3</ele>
      </trkpt>
      <trkpt lat="28.23919" lon="-16.83897">
        <ele>75.7</ele>
      </trkpt>
      <trkpt lat="28.23918" lon="-16.83896">
        <ele>75.9</ele>
      </trkpt>
      <trkpt lat="28.23918" lon="-16.83895">
        <ele>76.1</ele>
      </trkpt>
      <trkpt lat="28.23917" lon="-16.83894">
        <ele>76.3</ele>
      </trkpt>
      <trkpt lat="28.23916" lon="-16.83893">
        <ele>76.6</ele>
      </trkpt>
      <trkpt lat="28.23916" lon="-16.83891">
        <ele>77.0</ele>
      </trkpt>
      <trkpt lat="28.23915" lon="-16.83889">
        <ele>77.4</ele>
      </trkpt>
      <trkpt lat="28.23915" lon="-16.83887">
        <ele>77.8</ele>
      </trkpt>
      <trkpt lat="28.23914" lon="-16.83886">
        <ele>78.1</ele>
      </trkpt>
      <trkpt lat="28.23914" lon="-16.83884">
        <ele>78.4</ele>
      </trkpt>
      <trkpt lat="28.23914" lon="-16.83883">
        <ele>78.6</ele>
      </trkpt>
      <trkpt lat="28.23914" lon="-16.83881">
        <ele>79.0</ele>
      </trkpt>
      <trkpt lat="28.23915" lon="-16.8388">
        <ele>79.1</ele>
      </trkpt>
      <trkpt lat="28.23915" lon="-16.83878">
        <ele>79.5</ele>
      </trkpt>
      <trkpt lat="28.23915" lon="-16.83877">
        <ele>79.7</ele>
      </trkpt>
      <trkpt lat="28.23916" lon="-16.83875">
        <ele>80.0</ele>
      </trkpt>
      <trkpt lat="28.23916" lon="-16.83874">
        <ele>80.2</ele>
      </trkpt>
      <trkpt lat="28.23917" lon="-16.83873">
        <ele>80.4</ele>
      </trkpt>
      <trkpt lat="28.23918" lon="-16.83872">
        <ele>80.5</ele>
      </trkpt>
      <trkpt lat="28.23919" lon="-16.8387">
        <ele>80.9</ele>
      </trkpt>
      <trkpt lat="28.2392" lon="-16.83869">
        <ele>81.0</ele>
      </trkpt>
      <trkpt lat="28.23921" lon="-16.83868">
        <ele>81.2</ele>
      </trkpt>
      <trkpt lat="28.23922" lon="-16.83867">
        <ele>81.4</ele>
      </trkpt>
      <trkpt lat="28.23923" lon="-16.83867">
        <ele>81.3</ele>
      </trkpt>
      <trkpt lat="28.23924" lon="-16.83866">
        <ele>81.5</ele>
      </trkpt>
      <trkpt lat="28.23925" lon="-16.83865">
        <ele>81.6</ele>
      </trkpt>
      <trkpt lat="28.23927" lon="-16.83865">
        <ele>81.6</ele>
      </trkpt>
      <trkpt lat="28.23928" lon="-16.83864">
        <ele>81.7</ele>
      </trkpt>
      <trkpt lat="28.23929" lon="-16.83864">
        <ele>81.7</ele>
      </trkpt>
      <trkpt lat="28.2393" lon="-16.83864">
        <ele>81.7</ele>
      </trkpt>
      <trkpt lat="28.23932" lon="-16.83864">
        <ele>81.6</ele>
      </trkpt>
      <trkpt lat="28.23933" lon="-16.83864">
        <ele>81.5</ele>
      </trkpt>
      <trkpt lat="28.23934" lon="-16.83864">
        <ele>81.5</ele>
      </trkpt>
      <trkpt lat="28.23936" lon="-16.83865">
        <ele>81.3</ele>
      </trkpt>
      <trkpt lat="28.23937" lon="-16.83865">
        <ele>81.2</ele>
      </trkpt>
      <trkpt lat="28.23938" lon="-16.83866">
        <ele>81.0</ele>
      </trkpt>
      <trkpt lat="28.23939" lon="-16.83866">
        <ele>81.0</ele>
      </trkpt>
      <trkpt lat="28.23941" lon="-16.83867">
        <ele>80.7</ele>
      </trkpt>
      <trkpt lat="28.23942" lon="-16.83868">
        <ele>80.5</ele>
      </trkpt>
      <trkpt lat="28.23943" lon="-16.83869">
        <ele>80.3</ele>
      </trkpt>
      <trkpt lat="28.23944" lon="-16.8387">
        <ele>80.1</ele>
      </trkpt>
      <trkpt lat="28.23951" lon="-16.83861">
        <ele>81.5</ele>
      </trkpt>
      <trkpt lat="28.23955" lon="-16.83856">
        <ele>82.2</ele>
      </trkpt>
      <trkpt lat="28.23958" lon="-16.83853">
        <ele>82.6</ele>
      </trkpt>
      <trkpt lat="28.23962" lon="-16.8385">
        <ele>83.0</ele>
      </trkpt>
      <trkpt lat="28.23966" lon="-16.83849">
        <ele>83.0</ele>
      </trkpt>
      <trkpt lat="28.23971" lon="-16.83848">
        <ele>82.9</ele>
      </trkpt>
      <trkpt lat="28.23972" lon="-16.83847">
        <ele>83.0</ele>
      </trkpt>
      <trkpt lat="28.23981" lon="-16.83847">
        <ele>82.7</ele>
      </trkpt>
      <trkpt lat="28.2399" lon="-16.83847">
        <ele>82.3</ele>
      </trkpt>
      <trkpt lat="28.23993" lon="-16.83847">
        <ele>82.2</ele>
      </trkpt>
      <trkpt lat="28.24018" lon="-16.83848">
        <ele>80.7</ele>
      </trkpt>
      <trkpt lat="28.24026" lon="-16.83849">
        <ele>80.1</ele>
      </trkpt>
      <trkpt lat="28.24051" lon="-16.83851">
        <ele>78.3</ele>
      </trkpt>
      <trkpt lat="28.24058" lon="-16.83851">
        <ele>77.9</ele>
      </trkpt>
      <trkpt lat="28.24063" lon="-16.8385">
        <ele>77.8</ele>
      </trkpt>
      <trkpt lat="28.24067" lon="-16.83849">
        <ele>77.7</ele>
      </trkpt>
      <trkpt lat="28.24071" lon="-16.83847">
        <ele>77.7</ele>
      </trkpt>
      <trkpt lat="28.24075" lon="-16.83845">
        <ele>77.8</ele>
      </trkpt>
      <trkpt lat="28.24077" lon="-16.83843">
        <ele>78.0</ele>
      </trkpt>
      <trkpt lat="28.2408" lon="-16.83841">
        <ele>78.1</ele>
      </trkpt>
      <trkpt lat="28.24082" lon="-16.83837">
        <ele>78.6</ele>
      </trkpt>
      <trkpt lat="28.24084" lon="-16.83832">
        <ele>79.2</ele>
      </trkpt>
      <trkpt lat="28.24085" lon="-16.83828">
        <ele>80.0</ele>
      </trkpt>
      <trkpt lat="28.24088" lon="-16.83819">
        <ele>81.6</ele>
      </trkpt>
      <trkpt lat="28.2409" lon="-16.83808">
        <ele>84.1</ele>
      </trkpt>
      <trkpt lat="28.24091" lon="-16.83802">
        <ele>85.5</ele>
      </trkpt>
      <trkpt lat="28.24091" lon="-16.83796">
        <ele>87.2</ele>
      </trkpt>
      <trkpt lat="28.24091" lon="-16.83794">
        <ele>87.7</ele>
      </trkpt>
      <trkpt lat="28.2409" lon="-16.83788">
        <ele>89.6</ele>
      </trkpt>
      <trkpt lat="28.24089" lon="-16.83783">
        <ele>91.1</ele>
      </trkpt>
      <trkpt lat="28.24088" lon="-16.8378">
        <ele>92.2</ele>
      </trkpt>
      <trkpt lat="28.24087" lon="-16.83779">
        <ele>92.6</ele>
      </trkpt>
      <trkpt lat="28.24086" lon="-16.83777">
        <ele>93.4</ele>
      </trkpt>
      <trkpt lat="28.24084" lon="-16.83774">
        <ele>94.5</ele>
      </trkpt>
      <trkpt lat="28.24079" lon="-16.83768">
        <ele>96.6</ele>
      </trkpt>
      <trkpt lat="28.24075" lon="-16.83765">
        <ele>97.6</ele>
      </trkpt>
      <trkpt lat="28.24071" lon="-16.83763">
        <ele>98.4</ele>
      </trkpt>
      <trkpt lat="28.24068" lon="-16.83763">
        <ele>98.6</ele>
      </trkpt>
      <trkpt lat="28.24068" lon="-16.83763">
        <ele>98.6</ele>
      </trkpt>
      <trkpt lat="28.24086" lon="-16.83757">
        <ele>98.7</ele>
      </trkpt>
      <trkpt lat="28.24087" lon="-16.83757">
        <ele>98.5</ele>
      </trkpt>
      <trkpt lat="28.24099" lon="-16.83753">
        <ele>97.7</ele>
      </trkpt>
      <trkpt lat="28.24106" lon="-16.83754">
        <ele>96.3</ele>
      </trkpt>
      <trkpt lat="28.24116" lon="-16.83749">
        <ele>96.4</ele>
      </trkpt>
      <trkpt lat="28.24129" lon="-16.83743">
        <ele>97.3</ele>
      </trkpt>
      <trkpt lat="28.24145" lon="-16.8374">
        <ele>96.9</ele>
      </trkpt>
      <trkpt lat="28.24152" lon="-16.8374">
        <ele>96.0</ele>
      </trkpt>
      <trkpt lat="28.24158" lon="-16.83741">
        <ele>94.7</ele>
      </trkpt>
      <trkpt lat="28.24158" lon="-16.83741">
        <ele>94.7</ele>
      </trkpt>
      <trkpt lat="28.24161" lon="-16.83741">
        <ele>94.3</ele>
      </trkpt>
      <trkpt lat="28.24166" lon="-16.83743">
        <ele>92.5</ele>
      </trkpt>
      <trkpt lat="28.24174" lon="-16.83746">
        <ele>91.0</ele>
      </trkpt>
      <trkpt lat="28.24175" lon="-16.83747">
        <ele>90.5</ele>
      </trkpt>
      <trkpt lat="28.24195" lon="-16.83757">
        <ele>87.3</ele>
      </trkpt>
      <trkpt lat="28.24221" lon="-16.8377">
        <ele>84.1</ele>
      </trkpt>
      <trkpt lat="28.24224" lon="-16.83772">
        <ele>83.5</ele>
      </trkpt>
      <trkpt lat="28.2424" lon="-16.83781">
        <ele>81.1</ele>
      </trkpt>
      <trkpt lat="28.2425" lon="-16.83785">
        <ele>80.1</ele>
      </trkpt>
      <trkpt lat="28.24257" lon="-16.83789">
        <ele>79.7</ele>
      </trkpt>
      <trkpt lat="28.2426" lon="-16.8379">
        <ele>79.7</ele>
      </trkpt>
      <trkpt lat="28.24262" lon="-16.83791">
        <ele>79.7</ele>
      </trkpt>
      <trkpt lat="28.24274" lon="-16.83797">
        <ele>79.0</ele>
      </trkpt>
      <trkpt lat="28.24276" lon="-16.83798">
        <ele>78.9</ele>
      </trkpt>
      <trkpt lat="28.24284" lon="-16.83802">
        <ele>78.3</ele>
      </trkpt>
      <trkpt lat="28.2429" lon="-16.83805">
        <ele>77.9</ele>
      </trkpt>
      <trkpt lat="28.24298" lon="-16.83808">
        <ele>77.6</ele>
      </trkpt>
      <trkpt lat="28.24307" lon="-16.83811">
        <ele>77.5</ele>
      </trkpt>
      <trkpt lat="28.24308" lon="-16.83811">
        <ele>77.6</ele>
      </trkpt>
      <trkpt lat="28.2431" lon="-16.83812">
        <ele>77.4</ele>
      </trkpt>
      <trkpt lat="28.24323" lon="-16.83816">
        <ele>77.2</ele>
      </trkpt>
      <trkpt lat="28.2434" lon="-16.83821">
        <ele>76.7</ele>
      </trkpt>
      <trkpt lat="28.24342" lon="-16.83821">
        <ele>76.9</ele>
      </trkpt>
      <trkpt lat="28.24364" lon="-16.83826">
        <ele>76.5</ele>
      </trkpt>
      <trkpt lat="28.24376" lon="-16.8383">
        <ele>75.4</ele>
      </trkpt>
      <trkpt lat="28.24377" lon="-16.8383">
        <ele>75.5</ele>
      </trkpt>
      <trkpt lat="28.24384" lon="-16.83832">
        <ele>75.0</ele>
      </trkpt>
      <trkpt lat="28.2441" lon="-16.83839">
        <ele>74.8</ele>
      </trkpt>
      <trkpt lat="28.2442" lon="-16.83842">
        <ele>74.8</ele>
      </trkpt>
      <trkpt lat="28.24455" lon="-16.83852">
        <ele>75.3</ele>
      </trkpt>
      <trkpt lat="28.24461" lon="-16.83854">
        <ele>75.3</ele>
      </trkpt>
      <trkpt lat="28.24462" lon="-16.83856">
        <ele>74.8</ele>
      </trkpt>
      <trkpt lat="28.24462" lon="-16.83856">
        <ele>74.8</ele>
      </trkpt>
      <trkpt lat="28.24464" lon="-16.83861">
        <ele>73.4</ele>
      </trkpt>
      <trkpt lat="28.24465" lon="-16.83865">
        <ele>72.3</ele>
      </trkpt>
      <trkpt lat="28.24466" lon="-16.83869">
        <ele>71.1</ele>
      </trkpt>
      <trkpt lat="28.24465" lon="-16.83873">
        <ele>69.8</ele>
      </trkpt>
      <trkpt lat="28.24465" lon="-16.83874">
        <ele>69.5</ele>
      </trkpt>
      <trkpt lat="28.24464" lon="-16.83879">
        <ele>67.8</ele>
      </trkpt>
      <trkpt lat="28.24462" lon="-16.83883">
        <ele>66.4</ele>
      </trkpt>
      <trkpt lat="28.24458" lon="-16.83887">
        <ele>64.7</ele>
      </trkpt>
      <trkpt lat="28.24456" lon="-16.83889">
        <ele>63.9</ele>
      </trkpt>
      <trkpt lat="28.24454" lon="-16.8389">
        <ele>63.4</ele>
      </trkpt>
      <trkpt lat="28.24453" lon="-16.83891">
        <ele>63.0</ele>
      </trkpt>
      <trkpt lat="28.2445" lon="-16.83891">
        <ele>62.8</ele>
      </trkpt>
      <trkpt lat="28.24447" lon="-16.83892">
        <ele>62.2</ele>
      </trkpt>
      <trkpt lat="28.24438" lon="-16.83891">
        <ele>61.7</ele>
      </trkpt>
      <trkpt lat="28.24437" lon="-16.83891">
        <ele>61.6</ele>
      </trkpt>
      <trkpt lat="28.2442" lon="-16.8389">
        <ele>60.3</ele>
      </trkpt>
      <trkpt lat="28.24412" lon="-16.8389">
        <ele>59.7</ele>
      </trkpt>
      <trkpt lat="28.24405" lon="-16.8389">
        <ele>59.3</ele>
      </trkpt>
      <trkpt lat="28.24398" lon="-16.83891">
        <ele>58.6</ele>
      </trkpt>
      <trkpt lat="28.24383" lon="-16.83895">
        <ele>56.6</ele>
      </trkpt>
      <trkpt lat="28.24367" lon="-16.83898">
        <ele>54.8</ele>
      </trkpt>
      <trkpt lat="28.24348" lon="-16.83902">
        <ele>52.7</ele>
      </trkpt>
      <trkpt lat="28.24332" lon="-16.83906">
        <ele>50.8</ele>
      </trkpt>
      <trkpt lat="28.24307" lon="-16.83917">
        <ele>47.0</ele>
      </trkpt>
      <trkpt lat="28.24299" lon="-16.83921">
        <ele>46.2</ele>
      </trkpt>
      <trkpt lat="28.24298" lon="-16.83922">
        <ele>46.0</ele>
      </trkpt>
      <trkpt lat="28.24296" lon="-16.83923">
        <ele>45.8</ele>
      </trkpt>
      <trkpt lat="28.24293" lon="-16.83925">
        <ele>45.4</ele>
      </trkpt>
      <trkpt lat="28.24291" lon="-16.83927">
        <ele>45.1</ele>
      </trkpt>
      <trkpt lat="28.2429" lon="-16.83929">
        <ele>44.8</ele>
      </trkpt>
      <trkpt lat="28.24288" lon="-16.83932">
        <ele>44.4</ele>
      </trkpt>
      <trkpt lat="28.24287" lon="-16.83936">
        <ele>43.8</ele>
      </trkpt>
      <trkpt lat="28.24285" lon="-16.83945">
        <ele>42.6</ele>
      </trkpt>
      <trkpt lat="28.24284" lon="-16.83957">
        <ele>41.0</ele>
      </trkpt>
      <trkpt lat="28.24284" lon="-16.83957">
        <ele>41.0</ele>
      </trkpt>
      <trkpt lat="28.24312" lon="-16.83976">
        <ele>39.1</ele>
      </trkpt>
      <trkpt lat="28.24318" lon="-16.8398">
        <ele>38.6</ele>
      </trkpt>
      <trkpt lat="28.24322" lon="-16.83982">
        <ele>38.4</ele>
      </trkpt>
      <trkpt lat="28.24325" lon="-16.83984">
        <ele>38.2</ele>
      </trkpt>
      <trkpt lat="28.24329" lon="-16.83984">
        <ele>38.2</ele>
      </trkpt>
      <trkpt lat="28.24335" lon="-16.83985">
        <ele>38.2</ele>
      </trkpt>
      <trkpt lat="28.24339" lon="-16.83985">
        <ele>38.3</ele>
      </trkpt>
      <trkpt lat="28.24343" lon="-16.83985">
        <ele>38.3</ele>
      </trkpt>
      <trkpt lat="28.24361" lon="-16.83978">
        <ele>39.8</ele>
      </trkpt>
      <trkpt lat="28.24377" lon="-16.83974">
        <ele>40.8</ele>
      </trkpt>
      <trkpt lat="28.24384" lon="-16.83971">
        <ele>41.4</ele>
      </trkpt>
      <trkpt lat="28.24386" lon="-16.83971">
        <ele>41.5</ele>
      </trkpt>
      <trkpt lat="28.24386" lon="-16.83971">
        <ele>41.5</ele>
      </trkpt>
      <trkpt lat="28.2439" lon="-16.83971">
        <ele>41.6</ele>
      </trkpt>
      <trkpt lat="28.24404" lon="-16.83974">
        <ele>41.4</ele>
      </trkpt>
      <trkpt lat="28.24405" lon="-16.83975">
        <ele>41.2</ele>
      </trkpt>
      <trkpt lat="28.24411" lon="-16.83977">
        <ele>41.0</ele>
      </trkpt>
      <trkpt lat="28.24416" lon="-16.8398">
        <ele>40.6</ele>
      </trkpt>
      <trkpt lat="28.24419" lon="-16.83983">
        <ele>40.1</ele>
      </trkpt>
      <trkpt lat="28.24422" lon="-16.83985">
        <ele>39.8</ele>
      </trkpt>
      <trkpt lat="28.24427" lon="-16.8399">
        <ele>38.9</ele>
      </trkpt>
      <trkpt lat="28.24432" lon="-16.83997">
        <ele>37.6</ele>
      </trkpt>
      <trkpt lat="28.24433" lon="-16.83998">
        <ele>37.4</ele>
      </trkpt>
      <trkpt lat="28.24453" lon="-16.8403">
        <ele>33.7</ele>
      </trkpt>
      <trkpt lat="28.24455" lon="-16.84034">
        <ele>33.2</ele>
      </trkpt>
      <trkpt lat="28.24459" lon="-16.84041">
        <ele>32.3</ele>
      </trkpt>
      <trkpt lat="28.24466" lon="-16.8405">
        <ele>31.0</ele>
      </trkpt>
      <trkpt lat="28.24481" lon="-16.84066">
        <ele>28.4</ele>
      </trkpt>
      <trkpt lat="28.24488" lon="-16.84074">
        <ele>27.0</ele>
      </trkpt>
      <trkpt lat="28.24499" lon="-16.84084">
        <ele>25.0</ele>
      </trkpt>
      <trkpt lat="28.24504" lon="-16.84089">
        <ele>24.7</ele>
      </trkpt>
      <trkpt lat="28.24509" lon="-16.84096">
        <ele>24.2</ele>
      </trkpt>
      <trkpt lat="28.24513" lon="-16.84101">
        <ele>23.8</ele>
      </trkpt>
      <trkpt lat="28.24517" lon="-16.8411">
        <ele>23.0</ele>
      </trkpt>
      <trkpt lat="28.24517" lon="-16.8411">
        <ele>23.0</ele>
      </trkpt>
      <trkpt lat="28.24523" lon="-16.8414">
        <ele>20.0</ele>
      </trkpt>
      <trkpt lat="28.24526" lon="-16.84147">
        <ele>19.1</ele>
      </trkpt>
      <trkpt lat="28.24528" lon="-16.84151">
        <ele>18.6</ele>
      </trkpt>
      <trkpt lat="28.24529" lon="-16.84152">
        <ele>18.5</ele>
      </trkpt>
      <trkpt lat="28.2453" lon="-16.84154">
        <ele>18.2</ele>
      </trkpt>
      <trkpt lat="28.24533" lon="-16.84158">
        <ele>17.6</ele>
      </trkpt>
      <trkpt lat="28.24553" lon="-16.8418">
        <ele>14.1</ele>
      </trkpt>
      <trkpt lat="28.24569" lon="-16.84198">
        <ele>11.2</ele>
      </trkpt>
      <trkpt lat="28.24579" lon="-16.84211">
        <ele>9.1</ele>
      </trkpt>
      <trkpt lat="28.24602" lon="-16.84238">
        <ele>4.6</ele>
      </trkpt>
      <trkpt lat="28.24608" lon="-16.84245">
        <ele>3.4</ele>
      </trkpt>
      <trkpt lat="28.24608" lon="-16.84245">
        <ele>3.4</ele>
      </trkpt>
      <trkpt lat="28.246059" lon="-16.842425">
        <ele>3.8</ele>
      </trkpt>
      <trkpt lat="28.24602" lon="-16.84238">
        <ele>4.6</ele>
      </trkpt>
      <trkpt lat="28.24579" lon="-16.84211">
        <ele>9.1</ele>
      </trkpt>
      <trkpt lat="28.24569" lon="-16.84198">
        <ele>11.2</ele>
      </trkpt>
      <trkpt lat="28.24553" lon="-16.8418">
        <ele>14.1</ele>
      </trkpt>
      <trkpt lat="28.24533" lon="-16.84158">
        <ele>17.6</ele>
      </trkpt>
      <trkpt lat="28.2453" lon="-16.84154">
        <ele>18.2</ele>
      </trkpt>
      <trkpt lat="28.24529" lon="-16.84152">
        <ele>18.5</ele>
      </trkpt>
      <trkpt lat="28.24528" lon="-16.84151">
        <ele>18.6</ele>
      </trkpt>
      <trkpt lat="28.24526" lon="-16.84147">
        <ele>19.1</ele>
      </trkpt>
      <trkpt lat="28.24523" lon="-16.8414">
        <ele>20.0</ele>
      </trkpt>
      <trkpt lat="28.24505" lon="-16.84132">
        <ele>21.3</ele>
      </trkpt>
      <trkpt lat="28.24505" lon="-16.84132">
        <ele>21.3</ele>
      </trkpt>
      <trkpt lat="28.24505" lon="-16.84131">
        <ele>21.4</ele>
      </trkpt>
      <trkpt lat="28.24504" lon="-16.84114">
        <ele>22.7</ele>
      </trkpt>
      <trkpt lat="28.24504" lon="-16.8411">
        <ele>23.1</ele>
      </trkpt>
      <trkpt lat="28.24504" lon="-16.84106">
        <ele>23.4</ele>
      </trkpt>
      <trkpt lat="28.24503" lon="-16.84101">
        <ele>23.7</ele>
      </trkpt>
      <trkpt lat="28.24502" lon="-16.84096">
        <ele>24.1</ele>
      </trkpt>
      <trkpt lat="28.24501" lon="-16.84092">
        <ele>24.4</ele>
      </trkpt>
      <trkpt lat="28.24499" lon="-16.84084">
        <ele>25.0</ele>
      </trkpt>
      <trkpt lat="28.24488" lon="-16.84074">
        <ele>27.0</ele>
      </trkpt>
      <trkpt lat="28.24488" lon="-16.84074">
        <ele>27.0</ele>
      </trkpt>
      <trkpt lat="28.24474" lon="-16.84075">
        <ele>27.6</ele>
      </trkpt>
      <trkpt lat="28.24468" lon="-16.84075">
        <ele>27.9</ele>
      </trkpt>
      <trkpt lat="28.24455" lon="-16.84073">
        <ele>28.9</ele>
      </trkpt>
      <trkpt lat="28.24452" lon="-16.84073">
        <ele>29.0</ele>
      </trkpt>
      <trkpt lat="28.2445" lon="-16.84073">
        <ele>29.1</ele>
      </trkpt>
      <trkpt lat="28.24448" lon="-16.84073">
        <ele>29.2</ele>
      </trkpt>
      <trkpt lat="28.24446" lon="-16.84074">
        <ele>29.2</ele>
      </trkpt>
      <trkpt lat="28.24444" lon="-16.84075">
        <ele>29.2</ele>
      </trkpt>
      <trkpt lat="28.24433" lon="-16.84081">
        <ele>29.2</ele>
      </trkpt>
      <trkpt lat="28.24427" lon="-16.84085">
        <ele>29.2</ele>
      </trkpt>
      <trkpt lat="28.24425" lon="-16.84087">
        <ele>29.2</ele>
      </trkpt>
      <trkpt lat="28.24422" lon="-16.84089">
        <ele>29.2</ele>
      </trkpt>
      <trkpt lat="28.24421" lon="-16.84092">
        <ele>29.0</ele>
      </trkpt>
      <trkpt lat="28.2442" lon="-16.84094">
        <ele>28.9</ele>
      </trkpt>
      <trkpt lat="28.24419" lon="-16.84098">
        <ele>28.6</ele>
      </trkpt>
      <trkpt lat="28.24418" lon="-16.84101">
        <ele>28.4</ele>
      </trkpt>
      <trkpt lat="28.24418" lon="-16.84104">
        <ele>28.2</ele>
      </trkpt>
      <trkpt lat="28.24418" lon="-16.84105">
        <ele>28.1</ele>
      </trkpt>
      <trkpt lat="28.24419" lon="-16.84107">
        <ele>27.9</ele>
      </trkpt>
      <trkpt lat="28.2442" lon="-16.84111">
        <ele>27.5</ele>
      </trkpt>
      <trkpt lat="28.24421" lon="-16.84116">
        <ele>27.0</ele>
      </trkpt>
      <trkpt lat="28.24422" lon="-16.84121">
        <ele>26.5</ele>
      </trkpt>
      <trkpt lat="28.24422" lon="-16.84124">
        <ele>26.3</ele>
      </trkpt>
      <trkpt lat="28.24422" lon="-16.84126">
        <ele>26.1</ele>
      </trkpt>
      <trkpt lat="28.24421" lon="-16.8413">
        <ele>25.8</ele>
      </trkpt>
      <trkpt lat="28.2442" lon="-16.8413">
        <ele>25.9</ele>
      </trkpt>
      <trkpt lat="28.24418" lon="-16.84133">
        <ele>25.8</ele>
      </trkpt>
      <trkpt lat="28.24415" lon="-16.84136">
        <ele>25.5</ele>
      </trkpt>
      <trkpt lat="28.24405" lon="-16.8414">
        <ele>24.7</ele>
      </trkpt>
      <trkpt lat="28.24401" lon="-16.84139">
        <ele>24.6</ele>
      </trkpt>
      <trkpt lat="28.24401" lon="-16.84139">
        <ele>24.6</ele>
      </trkpt>
      <trkpt lat="28.244" lon="-16.84139">
        <ele>24.6</ele>
      </trkpt>
      <trkpt lat="28.24398" lon="-16.84138">
        <ele>24.6</ele>
      </trkpt>
      <trkpt lat="28.24396" lon="-16.84135">
        <ele>24.7</ele>
      </trkpt>
      <trkpt lat="28.24389" lon="-16.84128">
        <ele>24.9</ele>
      </trkpt>
      <trkpt lat="28.24373" lon="-16.84108">
        <ele>25.6</ele>
      </trkpt>
      <trkpt lat="28.2437" lon="-16.84104">
        <ele>25.7</ele>
      </trkpt>
      <trkpt lat="28.24369" lon="-16.84103">
        <ele>25.8</ele>
      </trkpt>
      <trkpt lat="28.24367" lon="-16.84099">
        <ele>25.9</ele>
      </trkpt>
      <trkpt lat="28.24364" lon="-16.84095">
        <ele>26.0</ele>
      </trkpt>
      <trkpt lat="28.2436" lon="-16.84086">
        <ele>26.4</ele>
      </trkpt>
      <trkpt lat="28.24354" lon="-16.8407">
        <ele>27.8</ele>
      </trkpt>
      <trkpt lat="28.24351" lon="-16.84064">
        <ele>28.4</ele>
      </trkpt>
      <trkpt lat="28.24345" lon="-16.84047">
        <ele>30.3</ele>
      </trkpt>
      <trkpt lat="28.24342" lon="-16.84039">
        <ele>31.2</ele>
      </trkpt>
      <trkpt lat="28.2434" lon="-16.84031">
        <ele>32.1</ele>
      </trkpt>
      <trkpt lat="28.24337" lon="-16.84013">
        <ele>34.4</ele>
      </trkpt>
      <trkpt lat="28.24335" lon="-16.84007">
        <ele>35.1</ele>
      </trkpt>
      <trkpt lat="28.24335" lon="-16.84007">
        <ele>35.1</ele>
      </trkpt>
      <trkpt lat="28.24332" lon="-16.83999">
        <ele>36.1</ele>
      </trkpt>
      <trkpt lat="28.24329" lon="-16.83992">
        <ele>37.1</ele>
      </trkpt>
      <trkpt lat="28.24325" lon="-16.83986">
        <ele>37.9</ele>
      </trkpt>
      <trkpt lat="28.24322" lon="-16.83982">
        <ele>38.4</ele>
      </trkpt>
      <trkpt lat="28.24322" lon="-16.83982">
        <ele>38.4</ele>
      </trkpt>
      <trkpt lat="28.24318" lon="-16.8398">
        <ele>38.6</ele>
      </trkpt>
      <trkpt lat="28.24312" lon="-16.83976">
        <ele>39.1</ele>
      </trkpt>
      <trkpt lat="28.24284" lon="-16.83957">
        <ele>41.0</ele>
      </trkpt>
      <trkpt lat="28.24284" lon="-16.83957">
        <ele>41.0</ele>
      </trkpt>
      <trkpt lat="28.24273" lon="-16.8395">
        <ele>41.6</ele>
      </trkpt>
      <trkpt lat="28.24257" lon="-16.8394">
        <ele>42.4</ele>
      </trkpt>
      <trkpt lat="28.2425" lon="-16.83935">
        <ele>42.8</ele>
      </trkpt>
      <trkpt lat="28.24247" lon="-16.83933">
        <ele>43.2</ele>
      </trkpt>
      <trkpt lat="28.24244" lon="-16.83931">
        <ele>43.6</ele>
      </trkpt>
      <trkpt lat="28.24242" lon="-16.83929">
        <ele>44.0</ele>
      </trkpt>
      <trkpt lat="28.2424" lon="-16.83926">
        <ele>44.4</ele>
      </trkpt>
      <trkpt lat="28.24231" lon="-16.83914">
        <ele>46.1</ele>
      </trkpt>
      <trkpt lat="28.24196" lon="-16.83871">
        <ele>52.9</ele>
      </trkpt>
      <trkpt lat="28.24192" lon="-16.83867">
        <ele>53.3</ele>
      </trkpt>
      <trkpt lat="28.24188" lon="-16.83864">
        <ele>53.6</ele>
      </trkpt>
      <trkpt lat="28.24185" lon="-16.83862">
        <ele>53.7</ele>
      </trkpt>
      <trkpt lat="28.24181" lon="-16.8386">
        <ele>53.9</ele>
      </trkpt>
      <trkpt lat="28.24178" lon="-16.83859">
        <ele>53.9</ele>
      </trkpt>
      <trkpt lat="28.24178" lon="-16.83859">
        <ele>53.9</ele>
      </trkpt>
      <trkpt lat="28.24166" lon="-16.83855">
        <ele>54.1</ele>
      </trkpt>
      <trkpt lat="28.24161" lon="-16.83854">
        <ele>55.5</ele>
      </trkpt>
      <trkpt lat="28.24155" lon="-16.83854">
        <ele>57.1</ele>
      </trkpt>
      <trkpt lat="28.24148" lon="-16.83857">
        <ele>58.6</ele>
      </trkpt>
      <trkpt lat="28.24145" lon="-16.83861">
        <ele>59.0</ele>
      </trkpt>
      <trkpt lat="28.24142" lon="-16.83863">
        <ele>59.5</ele>
      </trkpt>
      <trkpt lat="28.2414" lon="-16.83866">
        <ele>59.7</ele>
      </trkpt>
      <trkpt lat="28.24132" lon="-16.83874">
        <ele>60.9</ele>
      </trkpt>
      <trkpt lat="28.24132" lon="-16.83875">
        <ele>60.7</ele>
      </trkpt>
      <trkpt lat="28.24127" lon="-16.83881">
        <ele>61.3</ele>
      </trkpt>
      <trkpt lat="28.24124" lon="-16.83886">
        <ele>61.4</ele>
      </trkpt>
      <trkpt lat="28.2412" lon="-16.83892">
        <ele>61.7</ele>
      </trkpt>
      <trkpt lat="28.24119" lon="-16.83898">
        <ele>61.2</ele>
      </trkpt>
      <trkpt lat="28.24117" lon="-16.83903">
        <ele>61.0</ele>
      </trkpt>
      <trkpt lat="28.24117" lon="-16.83911">
        <ele>60.0</ele>
      </trkpt>
      <trkpt lat="28.24117" lon="-16.83914">
        <ele>59.7</ele>
      </trkpt>
      <trkpt lat="28.24117" lon="-16.83923">
        <ele>59.1</ele>
      </trkpt>
      <trkpt lat="28.24116" lon="-16.83928">
        <ele>59.2</ele>
      </trkpt>
      <trkpt lat="28.24115" lon="-16.83932">
        <ele>59.2</ele>
      </trkpt>
      <trkpt lat="28.24113" lon="-16.83935">
        <ele>59.5</ele>
      </trkpt>
      <trkpt lat="28.24112" lon="-16.83937">
        <ele>59.7</ele>
      </trkpt>
      <trkpt lat="28.24109" lon="-16.83939">
        <ele>60.2</ele>
      </trkpt>
      <trkpt lat="28.24106" lon="-16.83941">
        <ele>60.7</ele>
      </trkpt>
      <trkpt lat="28.24103" lon="-16.83942">
        <ele>61.3</ele>
      </trkpt>
      <trkpt lat="28.24101" lon="-16.83943">
        <ele>61.6</ele>
      </trkpt>
      <trkpt lat="28.241" lon="-16.83943">
        <ele>61.8</ele>
      </trkpt>
      <trkpt lat="28.24098" lon="-16.83943">
        <ele>62.2</ele>
      </trkpt>
      <trkpt lat="28.24083" lon="-16.83943">
        <ele>65.1</ele>
      </trkpt>
      <trkpt lat="28.24081" lon="-16.83943">
        <ele>65.2</ele>
      </trkpt>
      <trkpt lat="28.24071" lon="-16.83942">
        <ele>65.6</ele>
      </trkpt>
      <trkpt lat="28.24067" lon="-16.83942">
        <ele>65.8</ele>
      </trkpt>
      <trkpt lat="28.24065" lon="-16.83941">
        <ele>65.9</ele>
      </trkpt>
      <trkpt lat="28.24063" lon="-16.83941">
        <ele>66.0</ele>
      </trkpt>
      <trkpt lat="28.24059" lon="-16.83939">
        <ele>66.3</ele>
      </trkpt>
      <trkpt lat="28.2404" lon="-16.83932">
        <ele>67.7</ele>
      </trkpt>
      <trkpt lat="28.24019" lon="-16.83924">
        <ele>69.4</ele>
      </trkpt>
      <trkpt lat="28.24001" lon="-16.83917">
        <ele>70.9</ele>
      </trkpt>
      <trkpt lat="28.23994" lon="-16.83914">
        <ele>71.5</ele>
      </trkpt>
      <trkpt lat="28.23991" lon="-16.83912">
        <ele>71.9</ele>
      </trkpt>
      <trkpt lat="28.23981" lon="-16.83906">
        <ele>73.0</ele>
      </trkpt>
      <trkpt lat="28.23978" lon="-16.83904">
        <ele>73.4</ele>
      </trkpt>
      <trkpt lat="28.23968" lon="-16.83896">
        <ele>74.9</ele>
      </trkpt>
      <trkpt lat="28.23966" lon="-16.83895">
        <ele>75.1</ele>
      </trkpt>
      <trkpt lat="28.23961" lon="-16.83893">
        <ele>75.6</ele>
      </trkpt>
      <trkpt lat="28.23955" lon="-16.83891">
        <ele>76.0</ele>
      </trkpt>
      <trkpt lat="28.23948" lon="-16.83889">
        <ele>76.6</ele>
      </trkpt>
      <trkpt lat="28.23948" lon="-16.83889">
        <ele>76.6</ele>
      </trkpt>
      <trkpt lat="28.23948" lon="-16.8389">
        <ele>76.4</ele>
      </trkpt>
      <trkpt lat="28.23947" lon="-16.83892">
        <ele>76.1</ele>
      </trkpt>
      <trkpt lat="28.23947" lon="-16.83893">
        <ele>75.9</ele>
      </trkpt>
      <trkpt lat="28.23946" lon="-16.83894">
        <ele>75.7</ele>
      </trkpt>
      <trkpt lat="28.23945" lon="-16.83896">
        <ele>75.4</ele>
      </trkpt>
      <trkpt lat="28.23944" lon="-16.83897">
        <ele>75.2</ele>
      </trkpt>
      <trkpt lat="28.23943" lon="-16.83898">
        <ele>75.1</ele>
      </trkpt>
      <trkpt lat="28.23942" lon="-16.83899">
        <ele>74.9</ele>
      </trkpt>
      <trkpt lat="28.23941" lon="-16.839">
        <ele>74.7</ele>
      </trkpt>
      <trkpt lat="28.2394" lon="-16.83901">
        <ele>74.6</ele>
      </trkpt>
      <trkpt lat="28.23939" lon="-16.83901">
        <ele>74.6</ele>
      </trkpt>
      <trkpt lat="28.23938" lon="-16.83902">
        <ele>74.4</ele>
      </trkpt>
      <trkpt lat="28.23937" lon="-16.83902">
        <ele>74.4</ele>
      </trkpt>
      <trkpt lat="28.23935" lon="-16.83903">
        <ele>74.3</ele>
      </trkpt>
      <trkpt lat="28.23934" lon="-16.83903">
        <ele>74.3</ele>
      </trkpt>
      <trkpt lat="28.23933" lon="-16.83903">
        <ele>74.3</ele>
      </trkpt>
      <trkpt lat="28.23931" lon="-16.83903">
        <ele>74.4</ele>
      </trkpt>
      <trkpt lat="28.2393" lon="-16.83903">
        <ele>74.4</ele>
      </trkpt>
      <trkpt lat="28.23929" lon="-16.83903">
        <ele>74.4</ele>
      </trkpt>
      <trkpt lat="28.23927" lon="-16.83903">
        <ele>74.4</ele>
      </trkpt>
      <trkpt lat="28.23926" lon="-16.83902">
        <ele>74.6</ele>
      </trkpt>
      <trkpt lat="28.23925" lon="-16.83902">
        <ele>74.7</ele>
      </trkpt>
      <trkpt lat="28.23924" lon="-16.83901">
        <ele>74.9</ele>
      </trkpt>
      <trkpt lat="28.23923" lon="-16.839">
        <ele>75.1</ele>
      </trkpt>
      <trkpt lat="28.23921" lon="-16.83899">
        <ele>75.3</ele>
      </trkpt>
      <trkpt lat="28.2392" lon="-16.83899">
        <ele>75.3</ele>
      </trkpt>
      <trkpt lat="28.23919" lon="-16.83897">
        <ele>75.7</ele>
      </trkpt>
      <trkpt lat="28.23918" lon="-16.83896">
        <ele>75.9</ele>
      </trkpt>
      <trkpt lat="28.23918" lon="-16.83895">
        <ele>76.1</ele>
      </trkpt>
      <trkpt lat="28.23917" lon="-16.83894">
        <ele>76.3</ele>
      </trkpt>
      <trkpt lat="28.23916" lon="-16.83893">
        <ele>76.6</ele>
      </trkpt>
      <trkpt lat="28.23916" lon="-16.83891">
        <ele>77.0</ele>
      </trkpt>
      <trkpt lat="28.23915" lon="-16.83889">
        <ele>77.4</ele>
      </trkpt>
      <trkpt lat="28.23915" lon="-16.83887">
        <ele>77.8</ele>
      </trkpt>
      <trkpt lat="28.23914" lon="-16.83886">
        <ele>78.1</ele>
      </trkpt>
      <trkpt lat="28.23914" lon="-16.83884">
        <ele>78.4</ele>
      </trkpt>
      <trkpt lat="28.23914" lon="-16.83883">
        <ele>78.6</ele>
      </trkpt>
      <trkpt lat="28.23914" lon="-16.83881">
        <ele>79.0</ele>
      </trkpt>
      <trkpt lat="28.23915" lon="-16.8388">
        <ele>79.1</ele>
      </trkpt>
      <trkpt lat="28.23915" lon="-16.83878">
        <ele>79.5</ele>
      </trkpt>
      <trkpt lat="28.23915" lon="-16.83877">
        <ele>79.7</ele>
      </trkpt>
      <trkpt lat="28.23916" lon="-16.83875">
        <ele>80.0</ele>
      </trkpt>
      <trkpt lat="28.23916" lon="-16.83874">
        <ele>80.2</ele>
      </trkpt>
      <trkpt lat="28.23917" lon="-16.83873">
        <ele>80.4</ele>
      </trkpt>
      <trkpt lat="28.23918" lon="-16.83872">
        <ele>80.5</ele>
      </trkpt>
      <trkpt lat="28.23919" lon="-16.8387">
        <ele>80.9</ele>
      </trkpt>
      <trkpt lat="28.2392" lon="-16.83869">
        <ele>81.0</ele>
      </trkpt>
      <trkpt lat="28.23921" lon="-16.83868">
        <ele>81.2</ele>
      </trkpt>
      <trkpt lat="28.23922" lon="-16.83867">
        <ele>81.4</ele>
      </trkpt>
      <trkpt lat="28.23923" lon="-16.83867">
        <ele>81.3</ele>
      </trkpt>
      <trkpt lat="28.23924" lon="-16.83866">
        <ele>81.5</ele>
      </trkpt>
      <trkpt lat="28.23925" lon="-16.83865">
        <ele>81.6</ele>
      </trkpt>
      <trkpt lat="28.23927" lon="-16.83865">
        <ele>81.6</ele>
      </trkpt>
      <trkpt lat="28.23928" lon="-16.83864">
        <ele>81.7</ele>
      </trkpt>
      <trkpt lat="28.23929" lon="-16.83864">
        <ele>81.7</ele>
      </trkpt>
      <trkpt lat="28.2393" lon="-16.83864">
        <ele>81.7</ele>
      </trkpt>
      <trkpt lat="28.23932" lon="-16.83864">
        <ele>81.6</ele>
      </trkpt>
      <trkpt lat="28.23933" lon="-16.83864">
        <ele>81.5</ele>
      </trkpt>
      <trkpt lat="28.23934" lon="-16.83864">
        <ele>81.5</ele>
      </trkpt>
      <trkpt lat="28.23936" lon="-16.83865">
        <ele>81.3</ele>
      </trkpt>
      <trkpt lat="28.23937" lon="-16.83865">
        <ele>81.2</ele>
      </trkpt>
      <trkpt lat="28.23938" lon="-16.83866">
        <ele>81.0</ele>
      </trkpt>
      <trkpt lat="28.23939" lon="-16.83866">
        <ele>81.0</ele>
      </trkpt>
      <trkpt lat="28.23941" lon="-16.83867">
        <ele>80.7</ele>
      </trkpt>
      <trkpt lat="28.23942" lon="-16.83868">
        <ele>80.5</ele>
      </trkpt>
      <trkpt lat="28.23943" lon="-16.83869">
        <ele>80.3</ele>
      </trkpt>
      <trkpt lat="28.23944" lon="-16.8387">
        <ele>80.1</ele>
      </trkpt>
      <trkpt lat="28.23951" lon="-16.83861">
        <ele>81.5</ele>
      </trkpt>
      <trkpt lat="28.23955" lon="-16.83856">
        <ele>82.2</ele>
      </trkpt>
      <trkpt lat="28.23958" lon="-16.83853">
        <ele>82.6</ele>
      </trkpt>
      <trkpt lat="28.23962" lon="-16.8385">
        <ele>83.0</ele>
      </trkpt>
      <trkpt lat="28.23966" lon="-16.83849">
        <ele>83.0</ele>
      </trkpt>
      <trkpt lat="28.23971" lon="-16.83848">
        <ele>82.9</ele>
      </trkpt>
      <trkpt lat="28.23972" lon="-16.83847">
        <ele>83.0</ele>
      </trkpt>
      <trkpt lat="28.23981" lon="-16.83847">
        <ele>82.7</ele>
      </trkpt>
      <trkpt lat="28.2399" lon="-16.83847">
        <ele>82.3</ele>
      </trkpt>
      <trkpt lat="28.23993" lon="-16.83847">
        <ele>82.2</ele>
      </trkpt>
      <trkpt lat="28.24018" lon="-16.83848">
        <ele>80.7</ele>
      </trkpt>
      <trkpt lat="28.24026" lon="-16.83849">
        <ele>80.1</ele>
      </trkpt>
      <trkpt lat="28.24051" lon="-16.83851">
        <ele>78.3</ele>
      </trkpt>
      <trkpt lat="28.24058" lon="-16.83851">
        <ele>77.9</ele>
      </trkpt>
      <trkpt lat="28.24063" lon="-16.8385">
        <ele>77.8</ele>
      </trkpt>
      <trkpt lat="28.24067" lon="-16.83849">
        <ele>77.7</ele>
      </trkpt>
      <trkpt lat="28.24071" lon="-16.83847">
        <ele>77.7</ele>
      </trkpt>
      <trkpt lat="28.24075" lon="-16.83845">
        <ele>77.8</ele>
      </trkpt>
      <trkpt lat="28.24077" lon="-16.83843">
        <ele>78.0</ele>
      </trkpt>
      <trkpt lat="28.2408" lon="-16.83841">
        <ele>78.1</ele>
      </trkpt>
      <trkpt lat="28.24082" lon="-16.83837">
        <ele>78.6</ele>
      </trkpt>
      <trkpt lat="28.24084" lon="-16.83832">
        <ele>79.2</ele>
      </trkpt>
      <trkpt lat="28.24085" lon="-16.83828">
        <ele>80.0</ele>
      </trkpt>
      <trkpt lat="28.24088" lon="-16.83819">
        <ele>81.6</ele>
      </trkpt>
      <trkpt lat="28.2409" lon="-16.83808">
        <ele>84.1</ele>
      </trkpt>
      <trkpt lat="28.24091" lon="-16.83802">
        <ele>85.5</ele>
      </trkpt>
      <trkpt lat="28.24091" lon="-16.83796">
        <ele>87.2</ele>
      </trkpt>
      <trkpt lat="28.24091" lon="-16.83794">
        <ele>87.7</ele>
      </trkpt>
      <trkpt lat="28.2409" lon="-16.83788">
        <ele>89.6</ele>
      </trkpt>
      <trkpt lat="28.24089" lon="-16.83783">
        <ele>91.1</ele>
      </trkpt>
      <trkpt lat="28.24088" lon="-16.8378">
        <ele>92.2</ele>
      </trkpt>
      <trkpt lat="28.24087" lon="-16.83779">
        <ele>92.6</ele>
      </trkpt>
      <trkpt lat="28.24086" lon="-16.83777">
        <ele>93.4</ele>
      </trkpt>
      <trkpt lat="28.24084" lon="-16.83774">
        <ele>94.5</ele>
      </trkpt>
      <trkpt lat="28.24079" lon="-16.83768">
        <ele>96.6</ele>
      </trkpt>
      <trkpt lat="28.24075" lon="-16.83765">
        <ele>97.6</ele>
      </trkpt>
      <trkpt lat="28.24071" lon="-16.83763">
        <ele>98.4</ele>
      </trkpt>
      <trkpt lat="28.24068" lon="-16.83763">
        <ele>98.6</ele>
      </trkpt>
      <trkpt lat="28.24062" lon="-16.83762">
        <ele>99.3</ele>
      </trkpt>
      <trkpt lat="28.24058" lon="-16.83763">
        <ele>99.3</ele>
      </trkpt>
      <trkpt lat="28.2405" lon="-16.83765">
        <ele>99.4</ele>
      </trkpt>
      <trkpt lat="28.24045" lon="-16.83765">
        <ele>99.7</ele>
      </trkpt>
      <trkpt lat="28.24041" lon="-16.83765">
        <ele>100.0</ele>
      </trkpt>
      <trkpt lat="28.24034" lon="-16.83765">
        <ele>100.5</ele>
      </trkpt>
      <trkpt lat="28.2403" lon="-16.83765">
        <ele>100.8</ele>
      </trkpt>
      <trkpt lat="28.24026" lon="-16.83765">
        <ele>101.0</ele>
      </trkpt>
      <trkpt lat="28.24021" lon="-16.83763">
        <ele>101.9</ele>
      </trkpt>
      <trkpt lat="28.24015" lon="-16.83762">
        <ele>102.6</ele>
      </trkpt>
      <trkpt lat="28.24014" lon="-16.83762">
        <ele>102.7</ele>
      </trkpt>
      <trkpt lat="28.23997" lon="-16.83757">
        <ele>104.9</ele>
      </trkpt>
      <trkpt lat="28.23983" lon="-16.83752">
        <ele>105.3</ele>
      </trkpt>
      <trkpt lat="28.2398" lon="-16.83751">
        <ele>105.3</ele>
      </trkpt>
      <trkpt lat="28.23964" lon="-16.83746">
        <ele>105.1</ele>
      </trkpt>
      <trkpt lat="28.23962" lon="-16.83745">
        <ele>105.2</ele>
      </trkpt>
      <trkpt lat="28.23947" lon="-16.83738">
        <ele>105.2</ele>
      </trkpt>
      <trkpt lat="28.23946" lon="-16.83737">
        <ele>105.3</ele>
      </trkpt>
      <trkpt lat="28.23938" lon="-16.83732">
        <ele>105.4</ele>
      </trkpt>
      <trkpt lat="28.2393" lon="-16.83723">
        <ele>106.1</ele>
      </trkpt>
      <trkpt lat="28.23921" lon="-16.83714">
        <ele>106.6</ele>
      </trkpt>
      <trkpt lat="28.23913" lon="-16.83707">
        <ele>107.2</ele>
      </trkpt>
      <trkpt lat="28.23903" lon="-16.83703">
        <ele>107.9</ele>
      </trkpt>
      <trkpt lat="28.23892" lon="-16.83701">
        <ele>108.2</ele>
      </trkpt>
      <trkpt lat="28.23885" lon="-16.83699">
        <ele>108.5</ele>
      </trkpt>
      <trkpt lat="28.23884" lon="-16.83699">
        <ele>108.5</ele>
      </trkpt>
      <trkpt lat="28.23879" lon="-16.83698">
        <ele>108.6</ele>
      </trkpt>
      <trkpt lat="28.23877" lon="-16.83697">
        <ele>108.7</ele>
      </trkpt>
      <trkpt lat="28.23875" lon="-16.83696">
        <ele>108.8</ele>
      </trkpt>
      <trkpt lat="28.23873" lon="-16.83695">
        <ele>108.9</ele>
      </trkpt>
      <trkpt lat="28.23872" lon="-16.83692">
        <ele>109.3</ele>
      </trkpt>
      <trkpt lat="28.23871" lon="-16.83691">
        <ele>109.4</ele>
      </trkpt>
      <trkpt lat="28.2387" lon="-16.83689">
        <ele>109.6</ele>
      </trkpt>
      <trkpt lat="28.23869" lon="-16.83686">
        <ele>109.9</ele>
      </trkpt>
      <trkpt lat="28.23869" lon="-16.83684">
        <ele>110.1</ele>
      </trkpt>
      <trkpt lat="28.23868" lon="-16.83681">
        <ele>110.4</ele>
      </trkpt>
      <trkpt lat="28.23869" lon="-16.83679">
        <ele>110.6</ele>
      </trkpt>
      <trkpt lat="28.23869" lon="-16.83677">
        <ele>110.8</ele>
      </trkpt>
      <trkpt lat="28.2387" lon="-16.83675">
        <ele>111.0</ele>
      </trkpt>
      <trkpt lat="28.23871" lon="-16.83673">
        <ele>111.2</ele>
      </trkpt>
      <trkpt lat="28.23872" lon="-16.83671">
        <ele>111.5</ele>
      </trkpt>
      <trkpt lat="28.23873" lon="-16.83671">
        <ele>111.5</ele>
      </trkpt>
      <trkpt lat="28.23873" lon="-16.8367">
        <ele>111.6</ele>
      </trkpt>
      <trkpt lat="28.23874" lon="-16.8367">
        <ele>111.6</ele>
      </trkpt>
      <trkpt lat="28.23875" lon="-16.83668">
        <ele>111.9</ele>
      </trkpt>
      <trkpt lat="28.23878" lon="-16.83667">
        <ele>112.0</ele>
      </trkpt>
      <trkpt lat="28.23879" lon="-16.83667">
        <ele>112.1</ele>
      </trkpt>
      <trkpt lat="28.23881" lon="-16.83667">
        <ele>112.1</ele>
      </trkpt>
      <trkpt lat="28.23883" lon="-16.83666">
        <ele>112.3</ele>
      </trkpt>
      <trkpt lat="28.23885" lon="-16.83666">
        <ele>112.3</ele>
      </trkpt>
      <trkpt lat="28.23887" lon="-16.83667">
        <ele>112.3</ele>
      </trkpt>
      <trkpt lat="28.2389" lon="-16.83668">
        <ele>112.2</ele>
      </trkpt>
      <trkpt lat="28.23897" lon="-16.83671">
        <ele>112.0</ele>
      </trkpt>
      <trkpt lat="28.23906" lon="-16.83676">
        <ele>111.5</ele>
      </trkpt>
      <trkpt lat="28.23912" lon="-16.83679">
        <ele>111.2</ele>
      </trkpt>
      <trkpt lat="28.23922" lon="-16.83685">
        <ele>111.0</ele>
      </trkpt>
      <trkpt lat="28.23927" lon="-16.83688">
        <ele>111.1</ele>
      </trkpt>
      <trkpt lat="28.23928" lon="-16.83689">
        <ele>111.1</ele>
      </trkpt>
      <trkpt lat="28.23951" lon="-16.837">
        <ele>111.9</ele>
      </trkpt>
      <trkpt lat="28.23961" lon="-16.83704">
        <ele>112.3</ele>
      </trkpt>
      <trkpt lat="28.23968" lon="-16.83707">
        <ele>112.5</ele>
      </trkpt>
      <trkpt lat="28.23978" lon="-16.83709">
        <ele>113.1</ele>
      </trkpt>
      <trkpt lat="28.23979" lon="-16.83709">
        <ele>113.2</ele>
      </trkpt>
      <trkpt lat="28.23984" lon="-16.83711">
        <ele>113.4</ele>
      </trkpt>
      <trkpt lat="28.2399" lon="-16.83711">
        <ele>114.0</ele>
      </trkpt>
      <trkpt lat="28.23996" lon="-16.83711">
        <ele>114.6</ele>
      </trkpt>
      <trkpt lat="28.24" lon="-16.83712">
        <ele>114.8</ele>
      </trkpt>
      <trkpt lat="28.24008" lon="-16.83711">
        <ele>114.9</ele>
      </trkpt>
      <trkpt lat="28.24014" lon="-16.8371">
        <ele>115.0</ele>
      </trkpt>
      <trkpt lat="28.24017" lon="-16.8371">
        <ele>115.0</ele>
      </trkpt>
      <trkpt lat="28.24023" lon="-16.83709">
        <ele>115.2</ele>
      </trkpt>
      <trkpt lat="28.24027" lon="-16.83706">
        <ele>115.9</ele>
      </trkpt>
      <trkpt lat="28.24029" lon="-16.83702">
        <ele>116.9</ele>
      </trkpt>
      <trkpt lat="28.24031" lon="-16.83698">
        <ele>117.9</ele>
      </trkpt>
      <trkpt lat="28.24031" lon="-16.83694">
        <ele>118.9</ele>
      </trkpt>
      <trkpt lat="28.24031" lon="-16.83691">
        <ele>119.7</ele>
      </trkpt>
      <trkpt lat="28.24031" lon="-16.83688">
        <ele>120.5</ele>
      </trkpt>
      <trkpt lat="28.24029" lon="-16.83685">
        <ele>121.2</ele>
      </trkpt>
      <trkpt lat="28.24028" lon="-16.83683">
        <ele>121.6</ele>
      </trkpt>
      <trkpt lat="28.24027" lon="-16.83683">
        <ele>121.6</ele>
      </trkpt>
      <trkpt lat="28.24027" lon="-16.83682">
        <ele>121.8</ele>
      </trkpt>
      <trkpt lat="28.2402" lon="-16.83679">
        <ele>122.3</ele>
      </trkpt>
      <trkpt lat="28.24017" lon="-16.83679">
        <ele>122.2</ele>
      </trkpt>
      <trkpt lat="28.24012" lon="-16.83679">
        <ele>122.0</ele>
      </trkpt>
      <trkpt lat="28.2401" lon="-16.83679">
        <ele>121.9</ele>
      </trkpt>
      <trkpt lat="28.24005" lon="-16.83679">
        <ele>121.7</ele>
      </trkpt>
      <trkpt lat="28.23992" lon="-16.83678">
        <ele>120.7</ele>
      </trkpt>
      <trkpt lat="28.23991" lon="-16.83678">
        <ele>120.6</ele>
      </trkpt>
      <trkpt lat="28.23979" lon="-16.83677">
        <ele>119.3</ele>
      </trkpt>
      <trkpt lat="28.23975" lon="-16.83674">
        <ele>119.3</ele>
      </trkpt>
      <trkpt lat="28.23968" lon="-16.83668">
        <ele>119.5</ele>
      </trkpt>
      <trkpt lat="28.23966" lon="-16.83665">
        <ele>119.7</ele>
      </trkpt>
      <trkpt lat="28.23963" lon="-16.83659">
        <ele>119.9</ele>
      </trkpt>
      <trkpt lat="28.23962" lon="-16.83656">
        <ele>120.0</ele>
      </trkpt>
      <trkpt lat="28.2396" lon="-16.83646">
        <ele>120.7</ele>
      </trkpt>
      <trkpt lat="28.23961" lon="-16.83639">
        <ele>121.5</ele>
      </trkpt>
      <trkpt lat="28.23963" lon="-16.83632">
        <ele>122.5</ele>
      </trkpt>
      <trkpt lat="28.23969" lon="-16.83622">
        <ele>124.3</ele>
      </trkpt>
      <trkpt lat="28.23981" lon="-16.83606">
        <ele>127.7</ele>
      </trkpt>
      <trkpt lat="28.23984" lon="-16.83601">
        <ele>128.7</ele>
      </trkpt>
      <trkpt lat="28.23992" lon="-16.8359">
        <ele>131.1</ele>
      </trkpt>
      <trkpt lat="28.23993" lon="-16.83589">
        <ele>131.3</ele>
      </trkpt>
      <trkpt lat="28.24003" lon="-16.83574">
        <ele>134.4</ele>
      </trkpt>
      <trkpt lat="28.24004" lon="-16.83573">
        <ele>134.6</ele>
      </trkpt>
      <trkpt lat="28.24008" lon="-16.83567">
        <ele>135.7</ele>
      </trkpt>
      <trkpt lat="28.2401" lon="-16.83565">
        <ele>136.2</ele>
      </trkpt>
      <trkpt lat="28.24011" lon="-16.83561">
        <ele>136.7</ele>
      </trkpt>
      <trkpt lat="28.24013" lon="-16.83558">
        <ele>137.3</ele>
      </trkpt>
      <trkpt lat="28.24014" lon="-16.83554">
        <ele>137.8</ele>
      </trkpt>
      <trkpt lat="28.24014" lon="-16.83551">
        <ele>138.0</ele>
      </trkpt>
      <trkpt lat="28.24014" lon="-16.83548">
        <ele>138.3</ele>
      </trkpt>
      <trkpt lat="28.24014" lon="-16.83544">
        <ele>138.6</ele>
      </trkpt>
      <trkpt lat="28.24014" lon="-16.83541">
        <ele>138.9</ele>
      </trkpt>
      <trkpt lat="28.24013" lon="-16.83538">
        <ele>139.0</ele>
      </trkpt>
      <trkpt lat="28.24013" lon="-16.83537">
        <ele>139.1</ele>
      </trkpt>
      <trkpt lat="28.24013" lon="-16.83535">
        <ele>139.3</ele>
      </trkpt>
      <trkpt lat="28.24012" lon="-16.83532">
        <ele>139.4</ele>
      </trkpt>
      <trkpt lat="28.2401" lon="-16.83529">
        <ele>139.5</ele>
      </trkpt>
      <trkpt lat="28.24008" lon="-16.83526">
        <ele>139.5</ele>
      </trkpt>
      <trkpt lat="28.24008" lon="-16.83525">
        <ele>139.6</ele>
      </trkpt>
      <trkpt lat="28.24006" lon="-16.83522">
        <ele>139.6</ele>
      </trkpt>
      <trkpt lat="28.24" lon="-16.83513">
        <ele>139.8</ele>
      </trkpt>
      <trkpt lat="28.23996" lon="-16.8351">
        <ele>139.5</ele>
      </trkpt>
      <trkpt lat="28.23993" lon="-16.83507">
        <ele>139.3</ele>
      </trkpt>
      <trkpt lat="28.23986" lon="-16.83499">
        <ele>139.1</ele>
      </trkpt>
      <trkpt lat="28.23983" lon="-16.83495">
        <ele>139.2</ele>
      </trkpt>
      <trkpt lat="28.23982" lon="-16.83493">
        <ele>139.3</ele>
      </trkpt>
      <trkpt lat="28.23979" lon="-16.83487">
        <ele>139.6</ele>
      </trkpt>
      <trkpt lat="28.23976" lon="-16.83477">
        <ele>140.4</ele>
      </trkpt>
      <trkpt lat="28.23976" lon="-16.83475">
        <ele>140.6</ele>
      </trkpt>
      <trkpt lat="28.23974" lon="-16.8347">
        <ele>141.0</ele>
      </trkpt>
      <trkpt lat="28.2397" lon="-16.83457">
        <ele>142.0</ele>
      </trkpt>
      <trkpt lat="28.2397" lon="-16.83457">
        <ele>142.0</ele>
      </trkpt>
      <trkpt lat="28.23957" lon="-16.83455">
        <ele>140.5</ele>
      </trkpt>
      <trkpt lat="28.239432" lon="-16.834517">
        <ele>139.0</ele>
      </trkpt>
      <trkpt lat="28.2394" lon="-16.83451">
        <ele>138.7</ele>
      </trkpt>
      <trkpt lat="28.23934" lon="-16.83451">
        <ele>137.8</ele>
      </trkpt>
      <trkpt lat="28.23929" lon="-16.8345">
        <ele>137.3</ele>
      </trkpt>
      <trkpt lat="28.2392" lon="-16.83449">
        <ele>136.2</ele>
      </trkpt>
      <trkpt lat="28.23916" lon="-16.83449">
        <ele>135.7</ele>
      </trkpt>
      <trkpt lat="28.23913" lon="-16.8345">
        <ele>135.5</ele>
      </trkpt>
      <trkpt lat="28.239" lon="-16.83451">
        <ele>135.0</ele>
      </trkpt>
      <trkpt lat="28.23895" lon="-16.83452">
        <ele>134.7</ele>
      </trkpt>
      <trkpt lat="28.23877" lon="-16.83454">
        <ele>133.8</ele>
      </trkpt>
      <trkpt lat="28.23863" lon="-16.83456">
        <ele>133.0</ele>
      </trkpt>
      <trkpt lat="28.23859" lon="-16.83456">
        <ele>132.9</ele>
      </trkpt>
      <trkpt lat="28.23842" lon="-16.83459">
        <ele>131.7</ele>
      </trkpt>
      <trkpt lat="28.23802" lon="-16.83464">
        <ele>128.5</ele>
      </trkpt>
      <trkpt lat="28.23788" lon="-16.83465">
        <ele>127.5</ele>
      </trkpt>
      <trkpt lat="28.23761" lon="-16.83468">
        <ele>125.3</ele>
      </trkpt>
      <trkpt lat="28.23756" lon="-16.83469">
        <ele>124.8</ele>
      </trkpt>
      <trkpt lat="28.23752" lon="-16.83469">
        <ele>124.6</ele>
      </trkpt>
      <trkpt lat="28.2374" lon="-16.83467">
        <ele>123.8</ele>
      </trkpt>
      <trkpt lat="28.23738" lon="-16.83466">
        <ele>123.8</ele>
      </trkpt>
      <trkpt lat="28.2373" lon="-16.83462">
        <ele>123.8</ele>
      </trkpt>
      <trkpt lat="28.23719" lon="-16.83454">
        <ele>124.2</ele>
      </trkpt>
      <trkpt lat="28.2371" lon="-16.83449">
        <ele>124.0</ele>
      </trkpt>
      <trkpt lat="28.23662" lon="-16.83411">
        <ele>123.3</ele>
      </trkpt>
      <trkpt lat="28.23659" lon="-16.83409">
        <ele>123.3</ele>
      </trkpt>
      <trkpt lat="28.23651" lon="-16.83402">
        <ele>123.5</ele>
      </trkpt>
      <trkpt lat="28.23639" lon="-16.83396">
        <ele>123.4</ele>
      </trkpt>
      <trkpt lat="28.23631" lon="-16.83392">
        <ele>123.3</ele>
      </trkpt>
      <trkpt lat="28.23627" lon="-16.83391">
        <ele>123.2</ele>
      </trkpt>
      <trkpt lat="28.23621" lon="-16.8339">
        <ele>122.9</ele>
      </trkpt>
      <trkpt lat="28.23603" lon="-16.83389">
        <ele>121.7</ele>
      </trkpt>
      <trkpt lat="28.23591" lon="-16.83392">
        <ele>120.4</ele>
      </trkpt>
      <trkpt lat="28.235788" lon="-16.833961">
        <ele>119.2</ele>
      </trkpt>
      <trkpt lat="28.2357" lon="-16.83399">
        <ele>118.8</ele>
      </trkpt>
      <trkpt lat="28.2357" lon="-16.83401">
        <ele>118.5</ele>
      </trkpt>
      <trkpt lat="28.23571" lon="-16.83402">
        <ele>118.3</ele>
      </trkpt>
      <trkpt lat="28.23571" lon="-16.83403">
        <ele>118.2</ele>
      </trkpt>
      <trkpt lat="28.23571" lon="-16.83405">
        <ele>117.9</ele>
      </trkpt>
      <trkpt lat="28.23571" lon="-16.83406">
        <ele>117.7</ele>
      </trkpt>
      <trkpt lat="28.23571" lon="-16.83407">
        <ele>117.5</ele>
      </trkpt>
      <trkpt lat="28.23571" lon="-16.83409">
        <ele>117.2</ele>
      </trkpt>
      <trkpt lat="28.23571" lon="-16.8341">
        <ele>117.1</ele>
      </trkpt>
      <trkpt lat="28.23571" lon="-16.83412">
        <ele>116.7</ele>
      </trkpt>
      <trkpt lat="28.2357" lon="-16.83413">
        <ele>116.6</ele>
      </trkpt>
      <trkpt lat="28.2357" lon="-16.83414">
        <ele>116.4</ele>
      </trkpt>
      <trkpt lat="28.23569" lon="-16.83415">
        <ele>116.3</ele>
      </trkpt>
      <trkpt lat="28.23569" lon="-16.83417">
        <ele>116.0</ele>
      </trkpt>
      <trkpt lat="28.23568" lon="-16.83418">
        <ele>115.8</ele>
      </trkpt>
      <trkpt lat="28.23567" lon="-16.83419">
        <ele>115.7</ele>
      </trkpt>
      <trkpt lat="28.23567" lon="-16.8342">
        <ele>115.6</ele>
      </trkpt>
      <trkpt lat="28.23566" lon="-16.83421">
        <ele>115.5</ele>
      </trkpt>
      <trkpt lat="28.23565" lon="-16.83422">
        <ele>115.4</ele>
      </trkpt>
      <trkpt lat="28.23564" lon="-16.83423">
        <ele>115.2</ele>
      </trkpt>
      <trkpt lat="28.23563" lon="-16.83423">
        <ele>115.2</ele>
      </trkpt>
      <trkpt lat="28.23562" lon="-16.83424">
        <ele>115.1</ele>
      </trkpt>
      <trkpt lat="28.2356" lon="-16.83425">
        <ele>115.0</ele>
      </trkpt>
      <trkpt lat="28.23559" lon="-16.83425">
        <ele>115.0</ele>
      </trkpt>
      <trkpt lat="28.23558" lon="-16.83426">
        <ele>114.8</ele>
      </trkpt>
      <trkpt lat="28.23556" lon="-16.83426">
        <ele>114.8</ele>
      </trkpt>
      <trkpt lat="28.23555" lon="-16.83426">
        <ele>114.8</ele>
      </trkpt>
      <trkpt lat="28.23554" lon="-16.83426">
        <ele>114.8</ele>
      </trkpt>
      <trkpt lat="28.23553" lon="-16.83426">
        <ele>114.8</ele>
      </trkpt>
      <trkpt lat="28.23552" lon="-16.83426">
        <ele>114.8</ele>
      </trkpt>
      <trkpt lat="28.2355" lon="-16.83425">
        <ele>114.9</ele>
      </trkpt>
      <trkpt lat="28.23549" lon="-16.83425">
        <ele>114.9</ele>
      </trkpt>
      <trkpt lat="28.23548" lon="-16.83424">
        <ele>115.0</ele>
      </trkpt>
      <trkpt lat="28.23547" lon="-16.83424">
        <ele>115.0</ele>
      </trkpt>
      <trkpt lat="28.23546" lon="-16.83423">
        <ele>115.1</ele>
      </trkpt>
      <trkpt lat="28.23545" lon="-16.83422">
        <ele>115.3</ele>
      </trkpt>
      <trkpt lat="28.23544" lon="-16.83421">
        <ele>115.4</ele>
      </trkpt>
      <trkpt lat="28.23543" lon="-16.83421">
        <ele>115.4</ele>
      </trkpt>
      <trkpt lat="28.23542" lon="-16.8342">
        <ele>115.5</ele>
      </trkpt>
      <trkpt lat="28.23542" lon="-16.83418">
        <ele>115.8</ele>
      </trkpt>
      <trkpt lat="28.23541" lon="-16.83417">
        <ele>116.0</ele>
      </trkpt>
      <trkpt lat="28.23531" lon="-16.83423">
        <ele>115.1</ele>
      </trkpt>
      <trkpt lat="28.23523" lon="-16.8343">
        <ele>114.0</ele>
      </trkpt>
      <trkpt lat="28.23507" lon="-16.83441">
        <ele>112.0</ele>
      </trkpt>
      <trkpt lat="28.2349" lon="-16.83451">
        <ele>109.7</ele>
      </trkpt>
      <trkpt lat="28.23482" lon="-16.83454">
        <ele>108.8</ele>
      </trkpt>
      <trkpt lat="28.23474" lon="-16.83456">
        <ele>108.0</ele>
      </trkpt>
      <trkpt lat="28.23459" lon="-16.83457">
        <ele>107.0</ele>
      </trkpt>
      <trkpt lat="28.23449" lon="-16.83457">
        <ele>106.5</ele>
      </trkpt>
      <trkpt lat="28.23419" lon="-16.83457">
        <ele>104.9</ele>
      </trkpt>
      <trkpt lat="28.23399" lon="-16.83457">
        <ele>103.0</ele>
      </trkpt>
      <trkpt lat="28.23384" lon="-16.83456">
        <ele>101.8</ele>
      </trkpt>
      <trkpt lat="28.2337" lon="-16.83453">
        <ele>101.0</ele>
      </trkpt>
      <trkpt lat="28.23355" lon="-16.83448">
        <ele>100.4</ele>
      </trkpt>
      <trkpt lat="28.23331" lon="-16.83437">
        <ele>100.2</ele>
      </trkpt>
      <trkpt lat="28.23311" lon="-16.83427">
        <ele>100.2</ele>
      </trkpt>
      <trkpt lat="28.23309" lon="-16.83426">
        <ele>100.2</ele>
      </trkpt>
      <trkpt lat="28.23269" lon="-16.83408">
        <ele>99.1</ele>
      </trkpt>
      <trkpt lat="28.23248" lon="-16.83399">
        <ele>98.3</ele>
      </trkpt>
      <trkpt lat="28.23229" lon="-16.83394">
        <ele>96.7</ele>
      </trkpt>
      <trkpt lat="28.23207" lon="-16.83391">
        <ele>94.5</ele>
      </trkpt>
      <trkpt lat="28.23204" lon="-16.83391">
        <ele>94.2</ele>
      </trkpt>
      <trkpt lat="28.23154" lon="-16.83384">
        <ele>90.5</ele>
      </trkpt>
      <trkpt lat="28.2314" lon="-16.83383">
        <ele>90.5</ele>
      </trkpt>
      <trkpt lat="28.23131" lon="-16.83383">
        <ele>90.3</ele>
      </trkpt>
      <trkpt lat="28.23113" lon="-16.83382">
        <ele>90.2</ele>
      </trkpt>
      <trkpt lat="28.231" lon="-16.83382">
        <ele>90.1</ele>
      </trkpt>
      <trkpt lat="28.23095" lon="-16.83382">
        <ele>90.0</ele>
      </trkpt>
      <trkpt lat="28.23077" lon="-16.83383">
        <ele>89.7</ele>
      </trkpt>
      <trkpt lat="28.23074" lon="-16.83383">
        <ele>89.7</ele>
      </trkpt>
      <trkpt lat="28.2307" lon="-16.83384">
        <ele>89.6</ele>
      </trkpt>
      <trkpt lat="28.23067" lon="-16.83384">
        <ele>89.6</ele>
      </trkpt>
      <trkpt lat="28.23059" lon="-16.83386">
        <ele>89.4</ele>
      </trkpt>
      <trkpt lat="28.23057" lon="-16.83387">
        <ele>89.2</ele>
      </trkpt>
      <trkpt lat="28.23041" lon="-16.83391">
        <ele>88.6</ele>
      </trkpt>
      <trkpt lat="28.23038" lon="-16.83392">
        <ele>88.5</ele>
      </trkpt>
      <trkpt lat="28.23013" lon="-16.834">
        <ele>87.1</ele>
      </trkpt>
      <trkpt lat="28.23007" lon="-16.83402">
        <ele>86.8</ele>
      </trkpt>
      <trkpt lat="28.22989" lon="-16.83408">
        <ele>85.4</ele>
      </trkpt>
      <trkpt lat="28.22986" lon="-16.83409">
        <ele>85.1</ele>
      </trkpt>
      <trkpt lat="28.22985" lon="-16.8341">
        <ele>84.9</ele>
      </trkpt>
      <trkpt lat="28.22981" lon="-16.83411">
        <ele>84.6</ele>
      </trkpt>
      <trkpt lat="28.22954" lon="-16.8342">
        <ele>82.5</ele>
      </trkpt>
      <trkpt lat="28.22927" lon="-16.83429">
        <ele>80.6</ele>
      </trkpt>
      <trkpt lat="28.22917" lon="-16.83433">
        <ele>79.9</ele>
      </trkpt>
      <trkpt lat="28.22901" lon="-16.83438">
        <ele>79.0</ele>
      </trkpt>
      <trkpt lat="28.2288" lon="-16.83446">
        <ele>77.7</ele>
      </trkpt>
      <trkpt lat="28.22865" lon="-16.83451">
        <ele>76.7</ele>
      </trkpt>
      <trkpt lat="28.22861" lon="-16.83452">
        <ele>76.5</ele>
      </trkpt>
      <trkpt lat="28.22848" lon="-16.83456">
        <ele>75.6</ele>
      </trkpt>
      <trkpt lat="28.22844" lon="-16.83457">
        <ele>75.4</ele>
      </trkpt>
      <trkpt lat="28.22828" lon="-16.83461">
        <ele>74.2</ele>
      </trkpt>
      <trkpt lat="28.22813" lon="-16.83464">
        <ele>72.8</ele>
      </trkpt>
      <trkpt lat="28.22804" lon="-16.83465">
        <ele>72.1</ele>
      </trkpt>
      <trkpt lat="28.22798" lon="-16.83466">
        <ele>71.6</ele>
      </trkpt>
      <trkpt lat="28.22792" lon="-16.83465">
        <ele>71.4</ele>
      </trkpt>
      <trkpt lat="28.22771" lon="-16.83463">
        <ele>70.5</ele>
      </trkpt>
      <trkpt lat="28.22759" lon="-16.83461">
        <ele>70.1</ele>
      </trkpt>
      <trkpt lat="28.22748" lon="-16.83459">
        <ele>69.8</ele>
      </trkpt>
      <trkpt lat="28.22744" lon="-16.83459">
        <ele>69.7</ele>
      </trkpt>
      <trkpt lat="28.22731" lon="-16.83457">
        <ele>69.7</ele>
      </trkpt>
      <trkpt lat="28.22714" lon="-16.83455">
        <ele>69.5</ele>
      </trkpt>
      <trkpt lat="28.22692" lon="-16.83452">
        <ele>69.3</ele>
      </trkpt>
      <trkpt lat="28.22676" lon="-16.8345">
        <ele>69.1</ele>
      </trkpt>
      <trkpt lat="28.2267" lon="-16.83449">
        <ele>69.1</ele>
      </trkpt>
      <trkpt lat="28.22664" lon="-16.83449">
        <ele>68.9</ele>
      </trkpt>
      <trkpt lat="28.22654" lon="-16.8345">
        <ele>68.5</ele>
      </trkpt>
      <trkpt lat="28.22652" lon="-16.8345">
        <ele>68.5</ele>
      </trkpt>
      <trkpt lat="28.22642" lon="-16.83452">
        <ele>67.9</ele>
      </trkpt>
      <trkpt lat="28.2263" lon="-16.83455">
        <ele>67.1</ele>
      </trkpt>
      <trkpt lat="28.22628" lon="-16.83456">
        <ele>66.9</ele>
      </trkpt>
      <trkpt lat="28.22619" lon="-16.8346">
        <ele>66.1</ele>
      </trkpt>
      <trkpt lat="28.22615" lon="-16.83462">
        <ele>65.7</ele>
      </trkpt>
      <trkpt lat="28.22609" lon="-16.8347">
        <ele>64.3</ele>
      </trkpt>
      <trkpt lat="28.22599" lon="-16.83481">
        <ele>62.3</ele>
      </trkpt>
      <trkpt lat="28.22587" lon="-16.83498">
        <ele>59.4</ele>
      </trkpt>
      <trkpt lat="28.22572" lon="-16.83517">
        <ele>57.7</ele>
      </trkpt>
      <trkpt lat="28.22571" lon="-16.8352">
        <ele>57.5</ele>
      </trkpt>
      <trkpt lat="28.2257" lon="-16.83522">
        <ele>57.4</ele>
      </trkpt>
      <trkpt lat="28.22565" lon="-16.83529">
        <ele>56.8</ele>
      </trkpt>
      <trkpt lat="28.22538" lon="-16.83565">
        <ele>53.9</ele>
      </trkpt>
      <trkpt lat="28.22531" lon="-16.83573">
        <ele>53.2</ele>
      </trkpt>
      <trkpt lat="28.22524" lon="-16.8358">
        <ele>52.6</ele>
      </trkpt>
      <trkpt lat="28.22517" lon="-16.83585">
        <ele>52.0</ele>
      </trkpt>
      <trkpt lat="28.22511" lon="-16.8359">
        <ele>51.4</ele>
      </trkpt>
      <trkpt lat="28.22507" lon="-16.83593">
        <ele>50.9</ele>
      </trkpt>
      <trkpt lat="28.22495" lon="-16.836">
        <ele>49.7</ele>
      </trkpt>
      <trkpt lat="28.22485" lon="-16.83603">
        <ele>48.6</ele>
      </trkpt>
      <trkpt lat="28.22468" lon="-16.83608">
        <ele>47.0</ele>
      </trkpt>
      <trkpt lat="28.22456" lon="-16.83609">
        <ele>46.2</ele>
      </trkpt>
      <trkpt lat="28.22443" lon="-16.83608">
        <ele>45.5</ele>
      </trkpt>
      <trkpt lat="28.22432" lon="-16.83607">
        <ele>44.8</ele>
      </trkpt>
      <trkpt lat="28.22424" lon="-16.83605">
        <ele>44.4</ele>
      </trkpt>
      <trkpt lat="28.22404" lon="-16.83595">
        <ele>43.7</ele>
      </trkpt>
      <trkpt lat="28.22401" lon="-16.83594">
        <ele>43.5</ele>
      </trkpt>
      <trkpt lat="28.22386" lon="-16.83583">
        <ele>43.2</ele>
      </trkpt>
      <trkpt lat="28.22373" lon="-16.83574">
        <ele>42.7</ele>
      </trkpt>
      <trkpt lat="28.22362" lon="-16.83568">
        <ele>42.2</ele>
      </trkpt>
      <trkpt lat="28.22352" lon="-16.83562">
        <ele>41.7</ele>
      </trkpt>
      <trkpt lat="28.22352" lon="-16.83562">
        <ele>41.7</ele>
      </trkpt>
      <trkpt lat="28.22352" lon="-16.83562">
        <ele>41.7</ele>
      </trkpt>
      <trkpt lat="28.22274" lon="-16.83517">
        <ele>36.9</ele>
      </trkpt>
      <trkpt lat="28.22246" lon="-16.83505">
        <ele>35.5</ele>
      </trkpt>
      <trkpt lat="28.22229" lon="-16.83502">
        <ele>34.6</ele>
      </trkpt>
      <trkpt lat="28.22206" lon="-16.83497">
        <ele>33.8</ele>
      </trkpt>
      <trkpt lat="28.22168" lon="-16.83491">
        <ele>32.0</ele>
      </trkpt>
      <trkpt lat="28.22133" lon="-16.83487">
        <ele>29.9</ele>
      </trkpt>
      <trkpt lat="28.22115" lon="-16.83486">
        <ele>28.7</ele>
      </trkpt>
      <trkpt lat="28.22079" lon="-16.83488">
        <ele>26.1</ele>
      </trkpt>
      <trkpt lat="28.22073" lon="-16.83489">
        <ele>25.7</ele>
      </trkpt>
      <trkpt lat="28.22046" lon="-16.83491">
        <ele>24.1</ele>
      </trkpt>
      <trkpt lat="28.22026" lon="-16.83491">
        <ele>23.1</ele>
      </trkpt>
      <trkpt lat="28.22011" lon="-16.83492">
        <ele>22.3</ele>
      </trkpt>
      <trkpt lat="28.22008" lon="-16.83492">
        <ele>22.2</ele>
      </trkpt>
      <trkpt lat="28.21998" lon="-16.83492">
        <ele>21.6</ele>
      </trkpt>
      <trkpt lat="28.2199" lon="-16.8349">
        <ele>21.1</ele>
      </trkpt>
      <trkpt lat="28.21987" lon="-16.8349">
        <ele>20.8</ele>
      </trkpt>
      <trkpt lat="28.21966" lon="-16.83484">
        <ele>19.5</ele>
      </trkpt>
      <trkpt lat="28.21903" lon="-16.83467">
        <ele>16.3</ele>
      </trkpt>
      <trkpt lat="28.2185" lon="-16.83453">
        <ele>17.6</ele>
      </trkpt>
      <trkpt lat="28.21832" lon="-16.83449">
        <ele>18.2</ele>
      </trkpt>
      <trkpt lat="28.21823" lon="-16.83449">
        <ele>18.6</ele>
      </trkpt>
      <trkpt lat="28.21818" lon="-16.83449">
        <ele>18.8</ele>
      </trkpt>
      <trkpt lat="28.21813" lon="-16.83449">
        <ele>19.1</ele>
      </trkpt>
      <trkpt lat="28.21807" lon="-16.8345">
        <ele>19.2</ele>
      </trkpt>
      <trkpt lat="28.21802" lon="-16.83451">
        <ele>19.3</ele>
      </trkpt>
      <trkpt lat="28.21795" lon="-16.83453">
        <ele>19.3</ele>
      </trkpt>
      <trkpt lat="28.21787" lon="-16.83455">
        <ele>19.4</ele>
      </trkpt>
      <trkpt lat="28.21777" lon="-16.8346">
        <ele>19.1</ele>
      </trkpt>
      <trkpt lat="28.21756" lon="-16.83468">
        <ele>18.8</ele>
      </trkpt>
      <trkpt lat="28.21742" lon="-16.83474">
        <ele>18.3</ele>
      </trkpt>
      <trkpt lat="28.21723" lon="-16.83483">
        <ele>17.6</ele>
      </trkpt>
      <trkpt lat="28.2171" lon="-16.83489">
        <ele>17.3</ele>
      </trkpt>
      <trkpt lat="28.21692" lon="-16.83497">
        <ele>17.1</ele>
      </trkpt>
      <trkpt lat="28.2168" lon="-16.835">
        <ele>17.4</ele>
      </trkpt>
      <trkpt lat="28.21669" lon="-16.83502">
        <ele>17.6</ele>
      </trkpt>
      <trkpt lat="28.21658" lon="-16.83502">
        <ele>17.3</ele>
      </trkpt>
      <trkpt lat="28.21651" lon="-16.83501">
        <ele>17.1</ele>
      </trkpt>
      <trkpt lat="28.21644" lon="-16.83499">
        <ele>17.0</ele>
      </trkpt>
      <trkpt lat="28.2164" lon="-16.83498">
        <ele>16.9</ele>
      </trkpt>
      <trkpt lat="28.21635" lon="-16.83497">
        <ele>16.7</ele>
      </trkpt>
      <trkpt lat="28.21628" lon="-16.83493">
        <ele>16.7</ele>
      </trkpt>
      <trkpt lat="28.21621" lon="-16.83489">
        <ele>16.6</ele>
      </trkpt>
      <trkpt lat="28.21604" lon="-16.83479">
        <ele>16.4</ele>
      </trkpt>
      <trkpt lat="28.21588" lon="-16.8347">
        <ele>16.1</ele>
      </trkpt>
      <trkpt lat="28.21584" lon="-16.83468">
        <ele>16.0</ele>
      </trkpt>
      <trkpt lat="28.21548" lon="-16.83446">
        <ele>17.1</ele>
      </trkpt>
      <trkpt lat="28.21539" lon="-16.8344">
        <ele>17.4</ele>
      </trkpt>
      <trkpt lat="28.2151" lon="-16.83422">
        <ele>17.9</ele>
      </trkpt>
      <trkpt lat="28.21489" lon="-16.83409">
        <ele>18.2</ele>
      </trkpt>
      <trkpt lat="28.21465" lon="-16.83395">
        <ele>18.7</ele>
      </trkpt>
      <trkpt lat="28.21453" lon="-16.83387">
        <ele>19.1</ele>
      </trkpt>
      <trkpt lat="28.21446" lon="-16.83381">
        <ele>19.3</ele>
      </trkpt>
      <trkpt lat="28.21438" lon="-16.83376">
        <ele>19.6</ele>
      </trkpt>
      <trkpt lat="28.2143" lon="-16.83369">
        <ele>19.9</ele>
      </trkpt>
      <trkpt lat="28.21402" lon="-16.83348">
        <ele>20.4</ele>
      </trkpt>
      <trkpt lat="28.21392" lon="-16.83341">
        <ele>20.3</ele>
      </trkpt>
      <trkpt lat="28.21383" lon="-16.83333">
        <ele>20.4</ele>
      </trkpt>
      <trkpt lat="28.21357" lon="-16.83313">
        <ele>20.6</ele>
      </trkpt>
      <trkpt lat="28.21343" lon="-16.83303">
        <ele>20.9</ele>
      </trkpt>
      <trkpt lat="28.21323" lon="-16.83287">
        <ele>21.8</ele>
      </trkpt>
      <trkpt lat="28.21305" lon="-16.83273">
        <ele>22.8</ele>
      </trkpt>
      <trkpt lat="28.21303" lon="-16.83272">
        <ele>22.9</ele>
      </trkpt>
      <trkpt lat="28.21288" lon="-16.8326">
        <ele>23.7</ele>
      </trkpt>
      <trkpt lat="28.21286" lon="-16.83259">
        <ele>23.7</ele>
      </trkpt>
      <trkpt lat="28.21268" lon="-16.83244">
        <ele>24.8</ele>
      </trkpt>
      <trkpt lat="28.21248" lon="-16.83229">
        <ele>25.7</ele>
      </trkpt>
      <trkpt lat="28.21226" lon="-16.83212">
        <ele>25.8</ele>
      </trkpt>
      <trkpt lat="28.21201" lon="-16.83191">
        <ele>25.5</ele>
      </trkpt>
      <trkpt lat="28.21192" lon="-16.83182">
        <ele>25.4</ele>
      </trkpt>
      <trkpt lat="28.21158" lon="-16.8316">
        <ele>24.1</ele>
      </trkpt>
      <trkpt lat="28.21141" lon="-16.83149">
        <ele>24.2</ele>
      </trkpt>
      <trkpt lat="28.2112" lon="-16.83138">
        <ele>24.3</ele>
      </trkpt>
      <trkpt lat="28.21112" lon="-16.83134">
        <ele>24.4</ele>
      </trkpt>
      <trkpt lat="28.21087" lon="-16.83124">
        <ele>24.5</ele>
      </trkpt>
      <trkpt lat="28.2107" lon="-16.83116">
        <ele>24.7</ele>
      </trkpt>
      <trkpt lat="28.21023" lon="-16.83095">
        <ele>25.5</ele>
      </trkpt>
      <trkpt lat="28.20988" lon="-16.8308">
        <ele>26.1</ele>
      </trkpt>
      <trkpt lat="28.2096" lon="-16.83067">
        <ele>26.5</ele>
      </trkpt>
      <trkpt lat="28.20933" lon="-16.83056">
        <ele>26.7</ele>
      </trkpt>
      <trkpt lat="28.20922" lon="-16.83052">
        <ele>26.8</ele>
      </trkpt>
      <trkpt lat="28.20898" lon="-16.83044">
        <ele>25.9</ele>
      </trkpt>
      <trkpt lat="28.20864" lon="-16.83031">
        <ele>24.3</ele>
      </trkpt>
      <trkpt lat="28.2083" lon="-16.83019">
        <ele>22.6</ele>
      </trkpt>
      <trkpt lat="28.20783" lon="-16.83001">
        <ele>20.6</ele>
      </trkpt>
      <trkpt lat="28.20748" lon="-16.82989">
        <ele>19.6</ele>
      </trkpt>
      <trkpt lat="28.20736" lon="-16.82984">
        <ele>20.1</ele>
      </trkpt>
      <trkpt lat="28.20734" lon="-16.82984">
        <ele>20.2</ele>
      </trkpt>
      <trkpt lat="28.20711" lon="-16.82976">
        <ele>21.1</ele>
      </trkpt>
      <trkpt lat="28.20688" lon="-16.82971">
        <ele>21.9</ele>
      </trkpt>
      <trkpt lat="28.20682" lon="-16.8297">
        <ele>22.1</ele>
      </trkpt>
      <trkpt lat="28.2067" lon="-16.8297">
        <ele>22.4</ele>
      </trkpt>
      <trkpt lat="28.20664" lon="-16.8297">
        <ele>22.5</ele>
      </trkpt>
      <trkpt lat="28.20633" lon="-16.82971">
        <ele>23.2</ele>
      </trkpt>
      <trkpt lat="28.20618" lon="-16.82969">
        <ele>23.7</ele>
      </trkpt>
      <trkpt lat="28.20607" lon="-16.82968">
        <ele>24.0</ele>
      </trkpt>
      <trkpt lat="28.20537" lon="-16.82968">
        <ele>23.8</ele>
      </trkpt>
      <trkpt lat="28.20531" lon="-16.82968">
        <ele>23.7</ele>
      </trkpt>
      <trkpt lat="28.20507" lon="-16.82968">
        <ele>23.3</ele>
      </trkpt>
      <trkpt lat="28.20504" lon="-16.82968">
        <ele>23.2</ele>
      </trkpt>
      <trkpt lat="28.20484" lon="-16.82969">
        <ele>23.0</ele>
      </trkpt>
      <trkpt lat="28.204753" lon="-16.829694">
        <ele>23.0</ele>
      </trkpt>
      <trkpt lat="28.20444" lon="-16.82971">
        <ele>22.8</ele>
      </trkpt>
      <trkpt lat="28.20434" lon="-16.82972">
        <ele>22.7</ele>
      </trkpt>
      <trkpt lat="28.20426" lon="-16.82973">
        <ele>22.7</ele>
      </trkpt>
      <trkpt lat="28.20424" lon="-16.82973">
        <ele>22.7</ele>
      </trkpt>
      <trkpt lat="28.20418" lon="-16.82974">
        <ele>22.6</ele>
      </trkpt>
      <trkpt lat="28.20411" lon="-16.82975">
        <ele>22.6</ele>
      </trkpt>
      <trkpt lat="28.20409" lon="-16.82977">
        <ele>22.5</ele>
      </trkpt>
      <trkpt lat="28.20408" lon="-16.8298">
        <ele>22.4</ele>
      </trkpt>
      <trkpt lat="28.20406" lon="-16.82981">
        <ele>22.4</ele>
      </trkpt>
      <trkpt lat="28.20403" lon="-16.82983">
        <ele>22.3</ele>
      </trkpt>
      <trkpt lat="28.20401" lon="-16.82985">
        <ele>22.2</ele>
      </trkpt>
      <trkpt lat="28.20399" lon="-16.82986">
        <ele>22.2</ele>
      </trkpt>
      <trkpt lat="28.20396" lon="-16.82987">
        <ele>22.1</ele>
      </trkpt>
      <trkpt lat="28.20394" lon="-16.82987">
        <ele>22.1</ele>
      </trkpt>
      <trkpt lat="28.20391" lon="-16.82987">
        <ele>22.1</ele>
      </trkpt>
      <trkpt lat="28.20389" lon="-16.82987">
        <ele>22.0</ele>
      </trkpt>
      <trkpt lat="28.20386" lon="-16.82987">
        <ele>22.0</ele>
      </trkpt>
      <trkpt lat="28.20384" lon="-16.82986">
        <ele>22.0</ele>
      </trkpt>
      <trkpt lat="28.20381" lon="-16.82985">
        <ele>22.0</ele>
      </trkpt>
      <trkpt lat="28.20379" lon="-16.82984">
        <ele>22.0</ele>
      </trkpt>
      <trkpt lat="28.20377" lon="-16.82983">
        <ele>22.0</ele>
      </trkpt>
      <trkpt lat="28.20375" lon="-16.82982">
        <ele>22.0</ele>
      </trkpt>
      <trkpt lat="28.20374" lon="-16.82981">
        <ele>22.1</ele>
      </trkpt>
      <trkpt lat="28.20373" lon="-16.8298">
        <ele>22.1</ele>
      </trkpt>
      <trkpt lat="28.20372" lon="-16.82978">
        <ele>22.1</ele>
      </trkpt>
      <trkpt lat="28.20372" lon="-16.82977">
        <ele>22.2</ele>
      </trkpt>
      <trkpt lat="28.20371" lon="-16.82976">
        <ele>22.2</ele>
      </trkpt>
      <trkpt lat="28.2037" lon="-16.82974">
        <ele>22.2</ele>
      </trkpt>
      <trkpt lat="28.20369" lon="-16.82973">
        <ele>22.3</ele>
      </trkpt>
      <trkpt lat="28.20367" lon="-16.82968">
        <ele>22.4</ele>
      </trkpt>
      <trkpt lat="28.20367" lon="-16.82965">
        <ele>22.5</ele>
      </trkpt>
      <trkpt lat="28.20366" lon="-16.82962">
        <ele>22.6</ele>
      </trkpt>
      <trkpt lat="28.20366" lon="-16.82959">
        <ele>22.7</ele>
      </trkpt>
      <trkpt lat="28.20367" lon="-16.82957">
        <ele>22.7</ele>
      </trkpt>
      <trkpt lat="28.20367" lon="-16.82954">
        <ele>22.8</ele>
      </trkpt>
      <trkpt lat="28.20368" lon="-16.82951">
        <ele>22.9</ele>
      </trkpt>
      <trkpt lat="28.20369" lon="-16.82948">
        <ele>23.0</ele>
      </trkpt>
      <trkpt lat="28.2037" lon="-16.82946">
        <ele>23.1</ele>
      </trkpt>
      <trkpt lat="28.20365" lon="-16.82937">
        <ele>23.4</ele>
      </trkpt>
      <trkpt lat="28.20361" lon="-16.82931">
        <ele>23.5</ele>
      </trkpt>
      <trkpt lat="28.20353" lon="-16.82921">
        <ele>23.9</ele>
      </trkpt>
      <trkpt lat="28.20318" lon="-16.82881">
        <ele>23.9</ele>
      </trkpt>
      <trkpt lat="28.20309" lon="-16.82871">
        <ele>23.7</ele>
      </trkpt>
      <trkpt lat="28.20296" lon="-16.82857">
        <ele>23.4</ele>
      </trkpt>
      <trkpt lat="28.20295" lon="-16.82856">
        <ele>23.3</ele>
      </trkpt>
      <trkpt lat="28.20283" lon="-16.82843">
        <ele>23.1</ele>
      </trkpt>
      <trkpt lat="28.20276" lon="-16.82836">
        <ele>22.9</ele>
      </trkpt>
      <trkpt lat="28.20267" lon="-16.82827">
        <ele>22.7</ele>
      </trkpt>
      <trkpt lat="28.20256" lon="-16.82813">
        <ele>22.7</ele>
      </trkpt>
      <trkpt lat="28.20247" lon="-16.828">
        <ele>22.5</ele>
      </trkpt>
      <trkpt lat="28.20228" lon="-16.82783">
        <ele>20.8</ele>
      </trkpt>
      <trkpt lat="28.2021" lon="-16.8277">
        <ele>19.2</ele>
      </trkpt>
      <trkpt lat="28.20196" lon="-16.82761">
        <ele>17.9</ele>
      </trkpt>
      <trkpt lat="28.20157" lon="-16.82742">
        <ele>14.8</ele>
      </trkpt>
      <trkpt lat="28.20141" lon="-16.82733">
        <ele>14.4</ele>
      </trkpt>
      <trkpt lat="28.20125" lon="-16.82722">
        <ele>13.8</ele>
      </trkpt>
      <trkpt lat="28.201" lon="-16.82709">
        <ele>12.8</ele>
      </trkpt>
      <trkpt lat="28.20093" lon="-16.82705">
        <ele>12.5</ele>
      </trkpt>
      <trkpt lat="28.20082" lon="-16.82699">
        <ele>12.1</ele>
      </trkpt>
      <trkpt lat="28.20077" lon="-16.82696">
        <ele>12.3</ele>
      </trkpt>
      <trkpt lat="28.20061" lon="-16.82688">
        <ele>13.3</ele>
      </trkpt>
      <trkpt lat="28.20049" lon="-16.82682">
        <ele>14.1</ele>
      </trkpt>
      <trkpt lat="28.20042" lon="-16.82679">
        <ele>14.6</ele>
      </trkpt>
      <trkpt lat="28.20034" lon="-16.82674">
        <ele>15.3</ele>
      </trkpt>
      <trkpt lat="28.20029" lon="-16.82672">
        <ele>15.7</ele>
      </trkpt>
      <trkpt lat="28.2001" lon="-16.82662">
        <ele>17.1</ele>
      </trkpt>
      <trkpt lat="28.20002" lon="-16.82658">
        <ele>17.5</ele>
      </trkpt>
      <trkpt lat="28.19965" lon="-16.82636">
        <ele>19.5</ele>
      </trkpt>
      <trkpt lat="28.1996" lon="-16.82632">
        <ele>19.9</ele>
      </trkpt>
      <trkpt lat="28.19954" lon="-16.82629">
        <ele>20.3</ele>
      </trkpt>
      <trkpt lat="28.19924" lon="-16.82611">
        <ele>23.3</ele>
      </trkpt>
      <trkpt lat="28.19916" lon="-16.82606">
        <ele>24.2</ele>
      </trkpt>
      <trkpt lat="28.19902" lon="-16.82597">
        <ele>24.4</ele>
      </trkpt>
      <trkpt lat="28.19901" lon="-16.82595">
        <ele>24.4</ele>
      </trkpt>
      <trkpt lat="28.19876" lon="-16.8258">
        <ele>24.6</ele>
      </trkpt>
      <trkpt lat="28.19869" lon="-16.82577">
        <ele>24.6</ele>
      </trkpt>
      <trkpt lat="28.19864" lon="-16.82571">
        <ele>24.7</ele>
      </trkpt>
      <trkpt lat="28.19801" lon="-16.82531">
        <ele>25.1</ele>
      </trkpt>
      <trkpt lat="28.1977" lon="-16.82511">
        <ele>25.6</ele>
      </trkpt>
      <trkpt lat="28.1973" lon="-16.82486">
        <ele>27.4</ele>
      </trkpt>
      <trkpt lat="28.19709" lon="-16.82472">
        <ele>28.8</ele>
      </trkpt>
      <trkpt lat="28.19587" lon="-16.82401">
        <ele>33.8</ele>
      </trkpt>
      <trkpt lat="28.19587" lon="-16.824">
        <ele>33.8</ele>
      </trkpt>
      <trkpt lat="28.19577" lon="-16.82395">
        <ele>33.8</ele>
      </trkpt>
      <trkpt lat="28.19571" lon="-16.82391">
        <ele>33.7</ele>
      </trkpt>
      <trkpt lat="28.19523" lon="-16.82363">
        <ele>33.8</ele>
      </trkpt>
      <trkpt lat="28.19507" lon="-16.82353">
        <ele>33.9</ele>
      </trkpt>
      <trkpt lat="28.19506" lon="-16.82353">
        <ele>33.9</ele>
      </trkpt>
      <trkpt lat="28.19491" lon="-16.82344">
        <ele>33.9</ele>
      </trkpt>
      <trkpt lat="28.19485" lon="-16.8234">
        <ele>33.8</ele>
      </trkpt>
      <trkpt lat="28.19476" lon="-16.82334">
        <ele>33.7</ele>
      </trkpt>
      <trkpt lat="28.19474" lon="-16.82333">
        <ele>33.7</ele>
      </trkpt>
      <trkpt lat="28.19464" lon="-16.82326">
        <ele>33.7</ele>
      </trkpt>
      <trkpt lat="28.1946" lon="-16.82323">
        <ele>33.7</ele>
      </trkpt>
      <trkpt lat="28.19448" lon="-16.82314">
        <ele>33.6</ele>
      </trkpt>
      <trkpt lat="28.19445" lon="-16.82312">
        <ele>33.6</ele>
      </trkpt>
      <trkpt lat="28.19443" lon="-16.82311">
        <ele>33.6</ele>
      </trkpt>
      <trkpt lat="28.1943" lon="-16.82301">
        <ele>33.3</ele>
      </trkpt>
      <trkpt lat="28.19429" lon="-16.823">
        <ele>33.3</ele>
      </trkpt>
      <trkpt lat="28.19428" lon="-16.823">
        <ele>33.3</ele>
      </trkpt>
      <trkpt lat="28.19408" lon="-16.82293">
        <ele>32.5</ele>
      </trkpt>
      <trkpt lat="28.19391" lon="-16.82289">
        <ele>31.5</ele>
      </trkpt>
      <trkpt lat="28.19376" lon="-16.82284">
        <ele>30.7</ele>
      </trkpt>
      <trkpt lat="28.19376" lon="-16.82284">
        <ele>30.7</ele>
      </trkpt>
      <trkpt lat="28.19375" lon="-16.82283">
        <ele>30.6</ele>
      </trkpt>
      <trkpt lat="28.19373" lon="-16.82282">
        <ele>30.5</ele>
      </trkpt>
      <trkpt lat="28.19361" lon="-16.82277">
        <ele>29.9</ele>
      </trkpt>
      <trkpt lat="28.1935" lon="-16.8227">
        <ele>29.4</ele>
      </trkpt>
      <trkpt lat="28.19346" lon="-16.82269">
        <ele>29.2</ele>
      </trkpt>
      <trkpt lat="28.19344" lon="-16.82268">
        <ele>29.1</ele>
      </trkpt>
      <trkpt lat="28.19339" lon="-16.82264">
        <ele>29.0</ele>
      </trkpt>
      <trkpt lat="28.19335" lon="-16.82259">
        <ele>28.9</ele>
      </trkpt>
      <trkpt lat="28.1933" lon="-16.82254">
        <ele>28.8</ele>
      </trkpt>
      <trkpt lat="28.19313" lon="-16.82237">
        <ele>28.0</ele>
      </trkpt>
      <trkpt lat="28.1931" lon="-16.82238">
        <ele>27.8</ele>
      </trkpt>
      <trkpt lat="28.19305" lon="-16.82237">
        <ele>27.5</ele>
      </trkpt>
      <trkpt lat="28.193" lon="-16.82235">
        <ele>27.2</ele>
      </trkpt>
      <trkpt lat="28.19295" lon="-16.82232">
        <ele>26.9</ele>
      </trkpt>
      <trkpt lat="28.19291" lon="-16.82229">
        <ele>26.6</ele>
      </trkpt>
      <trkpt lat="28.19287" lon="-16.82224">
        <ele>26.2</ele>
      </trkpt>
      <trkpt lat="28.19284" lon="-16.82219">
        <ele>25.9</ele>
      </trkpt>
      <trkpt lat="28.19283" lon="-16.82216">
        <ele>25.8</ele>
      </trkpt>
      <trkpt lat="28.19282" lon="-16.82214">
        <ele>25.6</ele>
      </trkpt>
      <trkpt lat="28.1928" lon="-16.82208">
        <ele>25.3</ele>
      </trkpt>
      <trkpt lat="28.1928" lon="-16.82202">
        <ele>25.2</ele>
      </trkpt>
      <trkpt lat="28.1928" lon="-16.822">
        <ele>25.1</ele>
      </trkpt>
      <trkpt lat="28.1928" lon="-16.82195">
        <ele>25.0</ele>
      </trkpt>
      <trkpt lat="28.19281" lon="-16.82189">
        <ele>24.9</ele>
      </trkpt>
      <trkpt lat="28.19282" lon="-16.82183">
        <ele>24.9</ele>
      </trkpt>
      <trkpt lat="28.19284" lon="-16.8218">
        <ele>25.0</ele>
      </trkpt>
      <trkpt lat="28.19283" lon="-16.82174">
        <ele>24.7</ele>
      </trkpt>
      <trkpt lat="28.19282" lon="-16.8217">
        <ele>24.5</ele>
      </trkpt>
      <trkpt lat="28.19279" lon="-16.82164">
        <ele>24.2</ele>
      </trkpt>
      <trkpt lat="28.19275" lon="-16.82157">
        <ele>23.9</ele>
      </trkpt>
      <trkpt lat="28.1927" lon="-16.82147">
        <ele>23.5</ele>
      </trkpt>
      <trkpt lat="28.19266" lon="-16.8214">
        <ele>23.2</ele>
      </trkpt>
      <trkpt lat="28.19264" lon="-16.82138">
        <ele>23.1</ele>
      </trkpt>
      <trkpt lat="28.19261" lon="-16.82132">
        <ele>22.9</ele>
      </trkpt>
      <trkpt lat="28.19258" lon="-16.82126">
        <ele>22.7</ele>
      </trkpt>
      <trkpt lat="28.19236" lon="-16.82099">
        <ele>21.8</ele>
      </trkpt>
      <trkpt lat="28.19224" lon="-16.82087">
        <ele>21.3</ele>
      </trkpt>
      <trkpt lat="28.19219" lon="-16.82082">
        <ele>21.3</ele>
      </trkpt>
      <trkpt lat="28.19211" lon="-16.82073">
        <ele>21.9</ele>
      </trkpt>
      <trkpt lat="28.19198" lon="-16.8206">
        <ele>22.8</ele>
      </trkpt>
      <trkpt lat="28.1919" lon="-16.82052">
        <ele>23.5</ele>
      </trkpt>
      <trkpt lat="28.19183" lon="-16.82047">
        <ele>23.9</ele>
      </trkpt>
      <trkpt lat="28.19178" lon="-16.82044">
        <ele>24.1</ele>
      </trkpt>
      <trkpt lat="28.19174" lon="-16.82041">
        <ele>24.4</ele>
      </trkpt>
      <trkpt lat="28.19168" lon="-16.82037">
        <ele>24.7</ele>
      </trkpt>
      <trkpt lat="28.19159" lon="-16.82033">
        <ele>25.5</ele>
      </trkpt>
      <trkpt lat="28.19153" lon="-16.8203">
        <ele>26.1</ele>
      </trkpt>
      <trkpt lat="28.19143" lon="-16.82026">
        <ele>26.9</ele>
      </trkpt>
      <trkpt lat="28.19138" lon="-16.82025">
        <ele>27.2</ele>
      </trkpt>
      <trkpt lat="28.19132" lon="-16.82023">
        <ele>27.6</ele>
      </trkpt>
      <trkpt lat="28.19116" lon="-16.82021">
        <ele>28.3</ele>
      </trkpt>
      <trkpt lat="28.19097" lon="-16.8202">
        <ele>29.0</ele>
      </trkpt>
      <trkpt lat="28.19081" lon="-16.82021">
        <ele>29.2</ele>
      </trkpt>
      <trkpt lat="28.19063" lon="-16.82021">
        <ele>29.4</ele>
      </trkpt>
      <trkpt lat="28.19052" lon="-16.8202">
        <ele>29.5</ele>
      </trkpt>
      <trkpt lat="28.19012" lon="-16.82019">
        <ele>29.9</ele>
      </trkpt>
      <trkpt lat="28.19009" lon="-16.82019">
        <ele>29.9</ele>
      </trkpt>
      <trkpt lat="28.18991" lon="-16.82017">
        <ele>29.7</ele>
      </trkpt>
      <trkpt lat="28.18985" lon="-16.82016">
        <ele>29.5</ele>
      </trkpt>
      <trkpt lat="28.18964" lon="-16.82011">
        <ele>28.9</ele>
      </trkpt>
      <trkpt lat="28.18944" lon="-16.82002">
        <ele>28.5</ele>
      </trkpt>
      <trkpt lat="28.18931" lon="-16.81995">
        <ele>28.2</ele>
      </trkpt>
      <trkpt lat="28.18926" lon="-16.81992">
        <ele>28.1</ele>
      </trkpt>
      <trkpt lat="28.1891" lon="-16.81983">
        <ele>27.7</ele>
      </trkpt>
      <trkpt lat="28.18888" lon="-16.81969">
        <ele>26.9</ele>
      </trkpt>
      <trkpt lat="28.18816" lon="-16.81925">
        <ele>22.7</ele>
      </trkpt>
      <trkpt lat="28.18781" lon="-16.81903">
        <ele>20.2</ele>
      </trkpt>
      <trkpt lat="28.18775" lon="-16.81899">
        <ele>19.8</ele>
      </trkpt>
      <trkpt lat="28.18698" lon="-16.81852">
        <ele>15.9</ele>
      </trkpt>
      <trkpt lat="28.1869" lon="-16.81847">
        <ele>15.6</ele>
      </trkpt>
      <trkpt lat="28.18686" lon="-16.81845">
        <ele>15.5</ele>
      </trkpt>
      <trkpt lat="28.18682" lon="-16.81843">
        <ele>15.3</ele>
      </trkpt>
      <trkpt lat="28.1868" lon="-16.81841">
        <ele>15.3</ele>
      </trkpt>
      <trkpt lat="28.18674" lon="-16.81837">
        <ele>15.2</ele>
      </trkpt>
      <trkpt lat="28.18672" lon="-16.81837">
        <ele>15.1</ele>
      </trkpt>
      <trkpt lat="28.1867" lon="-16.81835">
        <ele>15.1</ele>
      </trkpt>
      <trkpt lat="28.18666" lon="-16.81833">
        <ele>15.0</ele>
      </trkpt>
      <trkpt lat="28.18658" lon="-16.81828">
        <ele>15.3</ele>
      </trkpt>
      <trkpt lat="28.18651" lon="-16.81823">
        <ele>15.5</ele>
      </trkpt>
      <trkpt lat="28.18642" lon="-16.81818">
        <ele>15.8</ele>
      </trkpt>
      <trkpt lat="28.18638" lon="-16.81816">
        <ele>16.0</ele>
      </trkpt>
      <trkpt lat="28.18635" lon="-16.81814">
        <ele>16.1</ele>
      </trkpt>
      <trkpt lat="28.18626" lon="-16.81808">
        <ele>16.5</ele>
      </trkpt>
      <trkpt lat="28.18623" lon="-16.81806">
        <ele>16.7</ele>
      </trkpt>
      <trkpt lat="28.18619" lon="-16.81804">
        <ele>16.8</ele>
      </trkpt>
      <trkpt lat="28.1861" lon="-16.81799">
        <ele>17.2</ele>
      </trkpt>
      <trkpt lat="28.18603" lon="-16.81794">
        <ele>17.6</ele>
      </trkpt>
      <trkpt lat="28.18595" lon="-16.81789">
        <ele>18.0</ele>
      </trkpt>
      <trkpt lat="28.18591" lon="-16.81787">
        <ele>18.2</ele>
      </trkpt>
      <trkpt lat="28.18583" lon="-16.81781">
        <ele>18.8</ele>
      </trkpt>
      <trkpt lat="28.18571" lon="-16.81775">
        <ele>19.3</ele>
      </trkpt>
      <trkpt lat="28.18533" lon="-16.81751">
        <ele>21.5</ele>
      </trkpt>
      <trkpt lat="28.18496" lon="-16.81729">
        <ele>23.9</ele>
      </trkpt>
      <trkpt lat="28.18492" lon="-16.81726">
        <ele>24.1</ele>
      </trkpt>
      <trkpt lat="28.18484" lon="-16.81721">
        <ele>24.4</ele>
      </trkpt>
      <trkpt lat="28.18471" lon="-16.81713">
        <ele>24.9</ele>
      </trkpt>
      <trkpt lat="28.18458" lon="-16.81705">
        <ele>25.3</ele>
      </trkpt>
      <trkpt lat="28.18452" lon="-16.81702">
        <ele>25.5</ele>
      </trkpt>
      <trkpt lat="28.18409" lon="-16.81675">
        <ele>27.0</ele>
      </trkpt>
      <trkpt lat="28.18405" lon="-16.81672">
        <ele>27.1</ele>
      </trkpt>
      <trkpt lat="28.183993" lon="-16.816687">
        <ele>27.2</ele>
      </trkpt>
      <trkpt lat="28.18393" lon="-16.81665">
        <ele>27.2</ele>
      </trkpt>
      <trkpt lat="28.1838" lon="-16.81656">
        <ele>27.1</ele>
      </trkpt>
      <trkpt lat="28.18376" lon="-16.81654">
        <ele>27.0</ele>
      </trkpt>
      <trkpt lat="28.18359" lon="-16.81643">
        <ele>26.8</ele>
      </trkpt>
      <trkpt lat="28.18351" lon="-16.81635">
        <ele>26.8</ele>
      </trkpt>
      <trkpt lat="28.18339" lon="-16.8162">
        <ele>26.9</ele>
      </trkpt>
      <trkpt lat="28.18324" lon="-16.81578">
        <ele>27.6</ele>
      </trkpt>
      <trkpt lat="28.18315" lon="-16.81555">
        <ele>27.1</ele>
      </trkpt>
      <trkpt lat="28.18313" lon="-16.81551">
        <ele>27.0</ele>
      </trkpt>
      <trkpt lat="28.18295" lon="-16.81508">
        <ele>26.2</ele>
      </trkpt>
      <trkpt lat="28.18277" lon="-16.8147">
        <ele>24.8</ele>
      </trkpt>
      <trkpt lat="28.18261" lon="-16.81435">
        <ele>23.2</ele>
      </trkpt>
      <trkpt lat="28.18253" lon="-16.81417">
        <ele>22.2</ele>
      </trkpt>
      <trkpt lat="28.18248" lon="-16.81406">
        <ele>21.1</ele>
      </trkpt>
      <trkpt lat="28.18245" lon="-16.81384">
        <ele>19.2</ele>
      </trkpt>
      <trkpt lat="28.18248" lon="-16.81368">
        <ele>18.3</ele>
      </trkpt>
      <trkpt lat="28.18249" lon="-16.81363">
        <ele>18.0</ele>
      </trkpt>
      <trkpt lat="28.18251" lon="-16.81359">
        <ele>17.9</ele>
      </trkpt>
      <trkpt lat="28.18254" lon="-16.81354">
        <ele>17.8</ele>
      </trkpt>
      <trkpt lat="28.18257" lon="-16.8135">
        <ele>17.8</ele>
      </trkpt>
      <trkpt lat="28.18262" lon="-16.81343">
        <ele>17.7</ele>
      </trkpt>
      <trkpt lat="28.18279" lon="-16.8133">
        <ele>18.4</ele>
      </trkpt>
      <trkpt lat="28.18282" lon="-16.81328">
        <ele>18.7</ele>
      </trkpt>
      <trkpt lat="28.18285" lon="-16.81327">
        <ele>18.9</ele>
      </trkpt>
      <trkpt lat="28.18288" lon="-16.81327">
        <ele>19.1</ele>
      </trkpt>
      <trkpt lat="28.18294" lon="-16.81324">
        <ele>19.6</ele>
      </trkpt>
      <trkpt lat="28.18303" lon="-16.81319">
        <ele>20.1</ele>
      </trkpt>
      <trkpt lat="28.18311" lon="-16.81315">
        <ele>20.5</ele>
      </trkpt>
      <trkpt lat="28.1832" lon="-16.81314">
        <ele>21.0</ele>
      </trkpt>
      <trkpt lat="28.18323" lon="-16.81314">
        <ele>21.2</ele>
      </trkpt>
      <trkpt lat="28.18378" lon="-16.81315">
        <ele>26.3</ele>
      </trkpt>
      <trkpt lat="28.1838" lon="-16.81314">
        <ele>26.5</ele>
      </trkpt>
      <trkpt lat="28.18382" lon="-16.81313">
        <ele>26.6</ele>
      </trkpt>
      <trkpt lat="28.18384" lon="-16.81312">
        <ele>26.7</ele>
      </trkpt>
      <trkpt lat="28.18387" lon="-16.81311">
        <ele>27.0</ele>
      </trkpt>
      <trkpt lat="28.18388" lon="-16.8131">
        <ele>27.0</ele>
      </trkpt>
      <trkpt lat="28.18389" lon="-16.81309">
        <ele>27.1</ele>
      </trkpt>
      <trkpt lat="28.1839" lon="-16.81308">
        <ele>27.1</ele>
      </trkpt>
      <trkpt lat="28.18391" lon="-16.81307">
        <ele>27.2</ele>
      </trkpt>
      <trkpt lat="28.18393" lon="-16.81304">
        <ele>27.2</ele>
      </trkpt>
      <trkpt lat="28.18396" lon="-16.81299">
        <ele>27.3</ele>
      </trkpt>
      <trkpt lat="28.18397" lon="-16.81294">
        <ele>27.1</ele>
      </trkpt>
      <trkpt lat="28.18398" lon="-16.81291">
        <ele>27.1</ele>
      </trkpt>
      <trkpt lat="28.18398" lon="-16.81288">
        <ele>26.9</ele>
      </trkpt>
      <trkpt lat="28.18397" lon="-16.81283">
        <ele>26.6</ele>
      </trkpt>
      <trkpt lat="28.18395" lon="-16.81278">
        <ele>26.1</ele>
      </trkpt>
      <trkpt lat="28.18376" lon="-16.81252">
        <ele>22.7</ele>
      </trkpt>
      <trkpt lat="28.18373" lon="-16.81248">
        <ele>22.3</ele>
      </trkpt>
      <trkpt lat="28.1836" lon="-16.81234">
        <ele>22.0</ele>
      </trkpt>
      <trkpt lat="28.18351" lon="-16.81223">
        <ele>21.8</ele>
      </trkpt>
      <trkpt lat="28.18348" lon="-16.8122">
        <ele>21.8</ele>
      </trkpt>
      <trkpt lat="28.18332" lon="-16.81209">
        <ele>21.5</ele>
      </trkpt>
      <trkpt lat="28.18321" lon="-16.81202">
        <ele>21.3</ele>
      </trkpt>
      <trkpt lat="28.18316" lon="-16.81199">
        <ele>21.3</ele>
      </trkpt>
      <trkpt lat="28.18305" lon="-16.81192">
        <ele>22.3</ele>
      </trkpt>
      <trkpt lat="28.18285" lon="-16.81179">
        <ele>24.5</ele>
      </trkpt>
      <trkpt lat="28.18274" lon="-16.81172">
        <ele>25.8</ele>
      </trkpt>
      <trkpt lat="28.18258" lon="-16.81153">
        <ele>27.8</ele>
      </trkpt>
      <trkpt lat="28.18246" lon="-16.81136">
        <ele>28.6</ele>
      </trkpt>
      <trkpt lat="28.1824" lon="-16.81124">
        <ele>28.8</ele>
      </trkpt>
      <trkpt lat="28.18237" lon="-16.81117">
        <ele>28.9</ele>
      </trkpt>
      <trkpt lat="28.18232" lon="-16.81107">
        <ele>29.1</ele>
      </trkpt>
      <trkpt lat="28.18225" lon="-16.81084">
        <ele>29.7</ele>
      </trkpt>
      <trkpt lat="28.18219" lon="-16.8106">
        <ele>30.6</ele>
      </trkpt>
      <trkpt lat="28.18218" lon="-16.81049">
        <ele>31.1</ele>
      </trkpt>
      <trkpt lat="28.18213" lon="-16.8102">
        <ele>32.4</ele>
      </trkpt>
      <trkpt lat="28.18206" lon="-16.80979">
        <ele>35.1</ele>
      </trkpt>
      <trkpt lat="28.18205" lon="-16.80973">
        <ele>35.6</ele>
      </trkpt>
      <trkpt lat="28.18189" lon="-16.8088">
        <ele>43.2</ele>
      </trkpt>
      <trkpt lat="28.18186" lon="-16.80859">
        <ele>44.9</ele>
      </trkpt>
      <trkpt lat="28.18172" lon="-16.80711">
        <ele>54.9</ele>
      </trkpt>
      <trkpt lat="28.18171" lon="-16.80696">
        <ele>56.0</ele>
      </trkpt>
      <trkpt lat="28.18172" lon="-16.80679">
        <ele>57.2</ele>
      </trkpt>
      <trkpt lat="28.18175" lon="-16.80659">
        <ele>58.8</ele>
      </trkpt>
      <trkpt lat="28.1818" lon="-16.80645">
        <ele>60.0</ele>
      </trkpt>
      <trkpt lat="28.18201" lon="-16.80569">
        <ele>65.5</ele>
      </trkpt>
      <trkpt lat="28.18199" lon="-16.80557">
        <ele>66.7</ele>
      </trkpt>
      <trkpt lat="28.18198" lon="-16.80554">
        <ele>67.0</ele>
      </trkpt>
      <trkpt lat="28.18196" lon="-16.8055">
        <ele>67.5</ele>
      </trkpt>
      <trkpt lat="28.18191" lon="-16.80546">
        <ele>68.1</ele>
      </trkpt>
      <trkpt lat="28.18188" lon="-16.80544">
        <ele>68.4</ele>
      </trkpt>
      <trkpt lat="28.18184" lon="-16.80542">
        <ele>68.7</ele>
      </trkpt>
      <trkpt lat="28.18178" lon="-16.80541">
        <ele>69.1</ele>
      </trkpt>
      <trkpt lat="28.1817" lon="-16.8054">
        <ele>69.5</ele>
      </trkpt>
      <trkpt lat="28.18158" lon="-16.80544">
        <ele>69.3</ele>
      </trkpt>
      <trkpt lat="28.18144" lon="-16.80548">
        <ele>69.0</ele>
      </trkpt>
      <trkpt lat="28.18141" lon="-16.80549">
        <ele>68.9</ele>
      </trkpt>
      <trkpt lat="28.18127" lon="-16.80551">
        <ele>68.8</ele>
      </trkpt>
      <trkpt lat="28.18122" lon="-16.80551">
        <ele>68.8</ele>
      </trkpt>
      <trkpt lat="28.18108" lon="-16.80551">
        <ele>68.9</ele>
      </trkpt>
      <trkpt lat="28.18079" lon="-16.80545">
        <ele>69.9</ele>
      </trkpt>
      <trkpt lat="28.18049" lon="-16.80534">
        <ele>72.5</ele>
      </trkpt>
      <trkpt lat="28.18048" lon="-16.80534">
        <ele>72.5</ele>
      </trkpt>
      <trkpt lat="28.18044" lon="-16.80532">
        <ele>72.9</ele>
      </trkpt>
      <trkpt lat="28.1804" lon="-16.80531">
        <ele>73.2</ele>
      </trkpt>
      <trkpt lat="28.18031" lon="-16.80526">
        <ele>74.0</ele>
      </trkpt>
      <trkpt lat="28.17924" lon="-16.80483">
        <ele>80.7</ele>
      </trkpt>
      <trkpt lat="28.17879" lon="-16.80466">
        <ele>83.5</ele>
      </trkpt>
      <trkpt lat="28.17838" lon="-16.80451">
        <ele>84.8</ele>
      </trkpt>
      <trkpt lat="28.17827" lon="-16.80448">
        <ele>84.9</ele>
      </trkpt>
      <trkpt lat="28.17824" lon="-16.80446">
        <ele>85.0</ele>
      </trkpt>
      <trkpt lat="28.17807" lon="-16.80442">
        <ele>85.0</ele>
      </trkpt>
      <trkpt lat="28.17789" lon="-16.80439">
        <ele>84.8</ele>
      </trkpt>
      <trkpt lat="28.17769" lon="-16.80438">
        <ele>84.4</ele>
      </trkpt>
      <trkpt lat="28.17767" lon="-16.80438">
        <ele>84.4</ele>
      </trkpt>
      <trkpt lat="28.17758" lon="-16.80437">
        <ele>84.2</ele>
      </trkpt>
      <trkpt lat="28.17752" lon="-16.80437">
        <ele>84.1</ele>
      </trkpt>
      <trkpt lat="28.17747" lon="-16.80437">
        <ele>83.8</ele>
      </trkpt>
      <trkpt lat="28.17743" lon="-16.80437">
        <ele>83.5</ele>
      </trkpt>
      <trkpt lat="28.17739" lon="-16.80436">
        <ele>83.2</ele>
      </trkpt>
      <trkpt lat="28.17733" lon="-16.80435">
        <ele>82.8</ele>
      </trkpt>
      <trkpt lat="28.17727" lon="-16.80434">
        <ele>82.4</ele>
      </trkpt>
      <trkpt lat="28.17721" lon="-16.80432">
        <ele>82.0</ele>
      </trkpt>
      <trkpt lat="28.17716" lon="-16.8043">
        <ele>81.8</ele>
      </trkpt>
      <trkpt lat="28.17712" lon="-16.80428">
        <ele>81.6</ele>
      </trkpt>
      <trkpt lat="28.17706" lon="-16.80424">
        <ele>81.4</ele>
      </trkpt>
      <trkpt lat="28.17701" lon="-16.80421">
        <ele>81.2</ele>
      </trkpt>
      <trkpt lat="28.17693" lon="-16.80415">
        <ele>80.9</ele>
      </trkpt>
      <trkpt lat="28.17687" lon="-16.80409">
        <ele>80.4</ele>
      </trkpt>
      <trkpt lat="28.17679" lon="-16.804">
        <ele>79.7</ele>
      </trkpt>
      <trkpt lat="28.17674" lon="-16.80392">
        <ele>79.1</ele>
      </trkpt>
      <trkpt lat="28.17671" lon="-16.80385">
        <ele>78.7</ele>
      </trkpt>
      <trkpt lat="28.17668" lon="-16.80379">
        <ele>78.2</ele>
      </trkpt>
      <trkpt lat="28.17667" lon="-16.80374">
        <ele>78.0</ele>
      </trkpt>
      <trkpt lat="28.17666" lon="-16.80369">
        <ele>77.7</ele>
      </trkpt>
      <trkpt lat="28.17665" lon="-16.80364">
        <ele>77.3</ele>
      </trkpt>
      <trkpt lat="28.17665" lon="-16.80359">
        <ele>77.2</ele>
      </trkpt>
      <trkpt lat="28.17665" lon="-16.80358">
        <ele>77.2</ele>
      </trkpt>
      <trkpt lat="28.17665" lon="-16.8035">
        <ele>77.1</ele>
      </trkpt>
      <trkpt lat="28.17666" lon="-16.80344">
        <ele>77.1</ele>
      </trkpt>
      <trkpt lat="28.17667" lon="-16.80337">
        <ele>77.1</ele>
      </trkpt>
      <trkpt lat="28.1767" lon="-16.8033">
        <ele>77.5</ele>
      </trkpt>
      <trkpt lat="28.17678" lon="-16.80317">
        <ele>78.8</ele>
      </trkpt>
      <trkpt lat="28.17685" lon="-16.80307">
        <ele>79.9</ele>
      </trkpt>
      <trkpt lat="28.17686" lon="-16.80305">
        <ele>80.0</ele>
      </trkpt>
      <trkpt lat="28.17689" lon="-16.80302">
        <ele>80.5</ele>
      </trkpt>
      <trkpt lat="28.17692" lon="-16.80297">
        <ele>81.0</ele>
      </trkpt>
      <trkpt lat="28.17694" lon="-16.80292">
        <ele>81.3</ele>
      </trkpt>
      <trkpt lat="28.17695" lon="-16.80285">
        <ele>81.5</ele>
      </trkpt>
      <trkpt lat="28.17695" lon="-16.8028">
        <ele>81.5</ele>
      </trkpt>
      <trkpt lat="28.17695" lon="-16.80277">
        <ele>81.5</ele>
      </trkpt>
      <trkpt lat="28.17695" lon="-16.80274">
        <ele>81.6</ele>
      </trkpt>
      <trkpt lat="28.17693" lon="-16.80268">
        <ele>81.3</ele>
      </trkpt>
      <trkpt lat="28.17692" lon="-16.80267">
        <ele>81.2</ele>
      </trkpt>
      <trkpt lat="28.17691" lon="-16.80264">
        <ele>81.1</ele>
      </trkpt>
      <trkpt lat="28.17689" lon="-16.80262">
        <ele>80.8</ele>
      </trkpt>
      <trkpt lat="28.17687" lon="-16.80259">
        <ele>80.6</ele>
      </trkpt>
      <trkpt lat="28.17682" lon="-16.80253">
        <ele>80.0</ele>
      </trkpt>
      <trkpt lat="28.17676" lon="-16.80249">
        <ele>79.4</ele>
      </trkpt>
      <trkpt lat="28.17669" lon="-16.80245">
        <ele>79.3</ele>
      </trkpt>
      <trkpt lat="28.17665" lon="-16.80243">
        <ele>79.3</ele>
      </trkpt>
      <trkpt lat="28.17654" lon="-16.80238">
        <ele>79.6</ele>
      </trkpt>
      <trkpt lat="28.17648" lon="-16.80235">
        <ele>79.7</ele>
      </trkpt>
      <trkpt lat="28.17642" lon="-16.80231">
        <ele>80.1</ele>
      </trkpt>
      <trkpt lat="28.17636" lon="-16.80227">
        <ele>80.3</ele>
      </trkpt>
      <trkpt lat="28.17632" lon="-16.80224">
        <ele>80.6</ele>
      </trkpt>
      <trkpt lat="28.17629" lon="-16.80221">
        <ele>80.8</ele>
      </trkpt>
      <trkpt lat="28.17623" lon="-16.80215">
        <ele>81.3</ele>
      </trkpt>
      <trkpt lat="28.17611" lon="-16.80202">
        <ele>82.2</ele>
      </trkpt>
      <trkpt lat="28.17611" lon="-16.80201">
        <ele>82.4</ele>
      </trkpt>
      <trkpt lat="28.17599" lon="-16.80186">
        <ele>83.3</ele>
      </trkpt>
      <trkpt lat="28.17597" lon="-16.80183">
        <ele>83.5</ele>
      </trkpt>
      <trkpt lat="28.1758" lon="-16.80158">
        <ele>84.6</ele>
      </trkpt>
      <trkpt lat="28.17573" lon="-16.80148">
        <ele>84.9</ele>
      </trkpt>
      <trkpt lat="28.17571" lon="-16.80143">
        <ele>85.3</ele>
      </trkpt>
      <trkpt lat="28.17568" lon="-16.80134">
        <ele>85.9</ele>
      </trkpt>
      <trkpt lat="28.17565" lon="-16.80122">
        <ele>87.0</ele>
      </trkpt>
      <trkpt lat="28.17564" lon="-16.8011">
        <ele>88.2</ele>
      </trkpt>
      <trkpt lat="28.17561" lon="-16.80093">
        <ele>89.8</ele>
      </trkpt>
      <trkpt lat="28.1756" lon="-16.80086">
        <ele>90.5</ele>
      </trkpt>
      <trkpt lat="28.17558" lon="-16.8008">
        <ele>91.2</ele>
      </trkpt>
      <trkpt lat="28.17555" lon="-16.80074">
        <ele>92.1</ele>
      </trkpt>
      <trkpt lat="28.17549" lon="-16.80063">
        <ele>93.6</ele>
      </trkpt>
      <trkpt lat="28.17545" lon="-16.80059">
        <ele>93.9</ele>
      </trkpt>
      <trkpt lat="28.17534" lon="-16.80048">
        <ele>94.7</ele>
      </trkpt>
      <trkpt lat="28.17531" lon="-16.80044">
        <ele>95.1</ele>
      </trkpt>
      <trkpt lat="28.17524" lon="-16.80039">
        <ele>95.2</ele>
      </trkpt>
      <trkpt lat="28.17513" lon="-16.80027">
        <ele>96.0</ele>
      </trkpt>
      <trkpt lat="28.17503" lon="-16.80019">
        <ele>96.2</ele>
      </trkpt>
      <trkpt lat="28.17502" lon="-16.80018">
        <ele>96.2</ele>
      </trkpt>
      <trkpt lat="28.17492" lon="-16.80007">
        <ele>95.6</ele>
      </trkpt>
      <trkpt lat="28.1749" lon="-16.80005">
        <ele>95.3</ele>
      </trkpt>
      <trkpt lat="28.17486" lon="-16.80001">
        <ele>94.8</ele>
      </trkpt>
      <trkpt lat="28.17481" lon="-16.79993">
        <ele>94.1</ele>
      </trkpt>
      <trkpt lat="28.17479" lon="-16.79988">
        <ele>93.9</ele>
      </trkpt>
      <trkpt lat="28.17477" lon="-16.79983">
        <ele>93.7</ele>
      </trkpt>
      <trkpt lat="28.17474" lon="-16.79974">
        <ele>93.5</ele>
      </trkpt>
      <trkpt lat="28.17472" lon="-16.79966">
        <ele>93.5</ele>
      </trkpt>
      <trkpt lat="28.17471" lon="-16.79959">
        <ele>93.8</ele>
      </trkpt>
      <trkpt lat="28.1747" lon="-16.79949">
        <ele>94.2</ele>
      </trkpt>
      <trkpt lat="28.17469" lon="-16.79935">
        <ele>95.0</ele>
      </trkpt>
      <trkpt lat="28.17468" lon="-16.79916">
        <ele>96.0</ele>
      </trkpt>
      <trkpt lat="28.17469" lon="-16.79909">
        <ele>96.5</ele>
      </trkpt>
      <trkpt lat="28.1747" lon="-16.79891">
        <ele>97.2</ele>
      </trkpt>
      <trkpt lat="28.1747" lon="-16.79888">
        <ele>97.3</ele>
      </trkpt>
      <trkpt lat="28.1747" lon="-16.79872">
        <ele>97.7</ele>
      </trkpt>
      <trkpt lat="28.17471" lon="-16.79852">
        <ele>98.3</ele>
      </trkpt>
      <trkpt lat="28.17472" lon="-16.79836">
        <ele>98.9</ele>
      </trkpt>
      <trkpt lat="28.17473" lon="-16.79819">
        <ele>100.7</ele>
      </trkpt>
      <trkpt lat="28.17472" lon="-16.79811">
        <ele>101.3</ele>
      </trkpt>
      <trkpt lat="28.17472" lon="-16.79807">
        <ele>101.7</ele>
      </trkpt>
      <trkpt lat="28.17471" lon="-16.79804">
        <ele>101.8</ele>
      </trkpt>
      <trkpt lat="28.17469" lon="-16.79797">
        <ele>102.1</ele>
      </trkpt>
      <trkpt lat="28.17465" lon="-16.79789">
        <ele>102.1</ele>
      </trkpt>
      <trkpt lat="28.17465" lon="-16.79788">
        <ele>102.3</ele>
      </trkpt>
      <trkpt lat="28.17462" lon="-16.79784">
        <ele>102.1</ele>
      </trkpt>
      <trkpt lat="28.17458" lon="-16.79779">
        <ele>101.8</ele>
      </trkpt>
      <trkpt lat="28.17451" lon="-16.79775">
        <ele>100.8</ele>
      </trkpt>
      <trkpt lat="28.17446" lon="-16.79773">
        <ele>100.1</ele>
      </trkpt>
      <trkpt lat="28.17442" lon="-16.79772">
        <ele>99.4</ele>
      </trkpt>
      <trkpt lat="28.17434" lon="-16.79772">
        <ele>97.8</ele>
      </trkpt>
      <trkpt lat="28.17432" lon="-16.79772">
        <ele>97.4</ele>
      </trkpt>
      <trkpt lat="28.17425" lon="-16.79773">
        <ele>95.9</ele>
      </trkpt>
      <trkpt lat="28.1742" lon="-16.79775">
        <ele>94.7</ele>
      </trkpt>
      <trkpt lat="28.17406" lon="-16.79783">
        <ele>94.9</ele>
      </trkpt>
      <trkpt lat="28.17401" lon="-16.79787">
        <ele>95.4</ele>
      </trkpt>
      <trkpt lat="28.17391" lon="-16.79796">
        <ele>96.1</ele>
      </trkpt>
      <trkpt lat="28.17386" lon="-16.79799">
        <ele>96.7</ele>
      </trkpt>
      <trkpt lat="28.17376" lon="-16.79807">
        <ele>97.7</ele>
      </trkpt>
      <trkpt lat="28.17366" lon="-16.79815">
        <ele>98.7</ele>
      </trkpt>
      <trkpt lat="28.17358" lon="-16.7982">
        <ele>99.6</ele>
      </trkpt>
      <trkpt lat="28.17351" lon="-16.79823">
        <ele>100.7</ele>
      </trkpt>
      <trkpt lat="28.17344" lon="-16.79826">
        <ele>101.7</ele>
      </trkpt>
      <trkpt lat="28.17339" lon="-16.79827">
        <ele>102.5</ele>
      </trkpt>
      <trkpt lat="28.17336" lon="-16.79828">
        <ele>103.0</ele>
      </trkpt>
      <trkpt lat="28.17329" lon="-16.79828">
        <ele>103.6</ele>
      </trkpt>
      <trkpt lat="28.17319" lon="-16.79828">
        <ele>103.9</ele>
      </trkpt>
      <trkpt lat="28.17307" lon="-16.79826">
        <ele>104.4</ele>
      </trkpt>
      <trkpt lat="28.17297" lon="-16.79824">
        <ele>104.9</ele>
      </trkpt>
      <trkpt lat="28.17286" lon="-16.79823">
        <ele>105.3</ele>
      </trkpt>
      <trkpt lat="28.17264" lon="-16.79819">
        <ele>106.5</ele>
      </trkpt>
      <trkpt lat="28.17249" lon="-16.79818">
        <ele>107.1</ele>
      </trkpt>
      <trkpt lat="28.17246" lon="-16.79817">
        <ele>107.3</ele>
      </trkpt>
      <trkpt lat="28.17241" lon="-16.79816">
        <ele>107.6</ele>
      </trkpt>
      <trkpt lat="28.17226" lon="-16.79814">
        <ele>108.4</ele>
      </trkpt>
      <trkpt lat="28.17224" lon="-16.79813">
        <ele>108.6</ele>
      </trkpt>
      <trkpt lat="28.17221" lon="-16.79813">
        <ele>108.7</ele>
      </trkpt>
      <trkpt lat="28.17215" lon="-16.79812">
        <ele>109.1</ele>
      </trkpt>
      <trkpt lat="28.17208" lon="-16.79811">
        <ele>109.4</ele>
      </trkpt>
      <trkpt lat="28.17205" lon="-16.79811">
        <ele>109.5</ele>
      </trkpt>
      <trkpt lat="28.1719" lon="-16.79808">
        <ele>110.3</ele>
      </trkpt>
      <trkpt lat="28.17189" lon="-16.79808">
        <ele>110.4</ele>
      </trkpt>
      <trkpt lat="28.17173" lon="-16.79804">
        <ele>111.3</ele>
      </trkpt>
      <trkpt lat="28.17163" lon="-16.79802">
        <ele>111.5</ele>
      </trkpt>
      <trkpt lat="28.17138" lon="-16.79797">
        <ele>110.8</ele>
      </trkpt>
      <trkpt lat="28.17136" lon="-16.79797">
        <ele>110.7</ele>
      </trkpt>
      <trkpt lat="28.17126" lon="-16.79795">
        <ele>110.4</ele>
      </trkpt>
      <trkpt lat="28.17116" lon="-16.79794">
        <ele>110.0</ele>
      </trkpt>
      <trkpt lat="28.17115" lon="-16.79794">
        <ele>109.9</ele>
      </trkpt>
      <trkpt lat="28.17102" lon="-16.79792">
        <ele>109.4</ele>
      </trkpt>
      <trkpt lat="28.17083" lon="-16.79789">
        <ele>108.5</ele>
      </trkpt>
      <trkpt lat="28.17072" lon="-16.79787">
        <ele>107.5</ele>
      </trkpt>
      <trkpt lat="28.17053" lon="-16.79784">
        <ele>105.9</ele>
      </trkpt>
      <trkpt lat="28.17047" lon="-16.79783">
        <ele>105.4</ele>
      </trkpt>
      <trkpt lat="28.17021" lon="-16.79781">
        <ele>103.1</ele>
      </trkpt>
      <trkpt lat="28.17017" lon="-16.79781">
        <ele>102.8</ele>
      </trkpt>
      <trkpt lat="28.16997" lon="-16.7978">
        <ele>101.2</ele>
      </trkpt>
      <trkpt lat="28.16978" lon="-16.79782">
        <ele>100.1</ele>
      </trkpt>
      <trkpt lat="28.16966" lon="-16.79784">
        <ele>99.5</ele>
      </trkpt>
      <trkpt lat="28.16954" lon="-16.79785">
        <ele>98.8</ele>
      </trkpt>
      <trkpt lat="28.16947" lon="-16.79786">
        <ele>98.4</ele>
      </trkpt>
      <trkpt lat="28.16937" lon="-16.79787">
        <ele>97.9</ele>
      </trkpt>
      <trkpt lat="28.16935" lon="-16.79788">
        <ele>97.8</ele>
      </trkpt>
      <trkpt lat="28.16908" lon="-16.79791">
        <ele>96.6</ele>
      </trkpt>
      <trkpt lat="28.16884" lon="-16.79795">
        <ele>96.3</ele>
      </trkpt>
      <trkpt lat="28.16871" lon="-16.79797">
        <ele>96.2</ele>
      </trkpt>
      <trkpt lat="28.16844" lon="-16.79801">
        <ele>95.8</ele>
      </trkpt>
      <trkpt lat="28.16842" lon="-16.79801">
        <ele>95.8</ele>
      </trkpt>
      <trkpt lat="28.16819" lon="-16.79805">
        <ele>96.0</ele>
      </trkpt>
      <trkpt lat="28.16782" lon="-16.7981">
        <ele>96.8</ele>
      </trkpt>
      <trkpt lat="28.16771" lon="-16.79812">
        <ele>97.0</ele>
      </trkpt>
      <trkpt lat="28.16764" lon="-16.79813">
        <ele>97.1</ele>
      </trkpt>
      <trkpt lat="28.16742" lon="-16.79816">
        <ele>97.0</ele>
      </trkpt>
      <trkpt lat="28.16739" lon="-16.79816">
        <ele>96.9</ele>
      </trkpt>
      <trkpt lat="28.16685" lon="-16.79824">
        <ele>94.2</ele>
      </trkpt>
      <trkpt lat="28.16605" lon="-16.79836">
        <ele>88.4</ele>
      </trkpt>
      <trkpt lat="28.166" lon="-16.79835">
        <ele>88.1</ele>
      </trkpt>
      <trkpt lat="28.16598" lon="-16.79835">
        <ele>88.0</ele>
      </trkpt>
      <trkpt lat="28.16597" lon="-16.79835">
        <ele>87.9</ele>
      </trkpt>
      <trkpt lat="28.16589" lon="-16.79835">
        <ele>87.3</ele>
      </trkpt>
      <trkpt lat="28.16578" lon="-16.79837">
        <ele>87.0</ele>
      </trkpt>
      <trkpt lat="28.16559" lon="-16.79839">
        <ele>87.3</ele>
      </trkpt>
      <trkpt lat="28.16544" lon="-16.79842">
        <ele>87.4</ele>
      </trkpt>
      <trkpt lat="28.16526" lon="-16.79844">
        <ele>87.6</ele>
      </trkpt>
      <trkpt lat="28.16508" lon="-16.79847">
        <ele>87.6</ele>
      </trkpt>
      <trkpt lat="28.16462" lon="-16.79854">
        <ele>86.2</ele>
      </trkpt>
      <trkpt lat="28.1646" lon="-16.79854">
        <ele>86.2</ele>
      </trkpt>
      <trkpt lat="28.16418" lon="-16.7986">
        <ele>85.1</ele>
      </trkpt>
      <trkpt lat="28.16408" lon="-16.79861">
        <ele>85.6</ele>
      </trkpt>
      <trkpt lat="28.16391" lon="-16.79864">
        <ele>86.5</ele>
      </trkpt>
      <trkpt lat="28.16386" lon="-16.79864">
        <ele>86.8</ele>
      </trkpt>
      <trkpt lat="28.16381" lon="-16.79865">
        <ele>87.0</ele>
      </trkpt>
      <trkpt lat="28.16377" lon="-16.79866">
        <ele>87.2</ele>
      </trkpt>
      <trkpt lat="28.16362" lon="-16.79868">
        <ele>88.0</ele>
      </trkpt>
      <trkpt lat="28.16353" lon="-16.79869">
        <ele>88.4</ele>
      </trkpt>
      <trkpt lat="28.16347" lon="-16.7987">
        <ele>88.7</ele>
      </trkpt>
      <trkpt lat="28.16336" lon="-16.79872">
        <ele>89.1</ele>
      </trkpt>
      <trkpt lat="28.16324" lon="-16.79873">
        <ele>89.4</ele>
      </trkpt>
      <trkpt lat="28.16318" lon="-16.79874">
        <ele>89.5</ele>
      </trkpt>
      <trkpt lat="28.16296" lon="-16.79877">
        <ele>89.7</ele>
      </trkpt>
      <trkpt lat="28.16268" lon="-16.79882">
        <ele>89.9</ele>
      </trkpt>
      <trkpt lat="28.16264" lon="-16.79882">
        <ele>90.0</ele>
      </trkpt>
      <trkpt lat="28.16239" lon="-16.79886">
        <ele>90.0</ele>
      </trkpt>
      <trkpt lat="28.16232" lon="-16.79887">
        <ele>89.9</ele>
      </trkpt>
      <trkpt lat="28.16196" lon="-16.79892">
        <ele>89.6</ele>
      </trkpt>
      <trkpt lat="28.16152" lon="-16.79899">
        <ele>89.3</ele>
      </trkpt>
      <trkpt lat="28.16143" lon="-16.799">
        <ele>89.2</ele>
      </trkpt>
      <trkpt lat="28.16108" lon="-16.79905">
        <ele>88.8</ele>
      </trkpt>
      <trkpt lat="28.16107" lon="-16.79905">
        <ele>88.8</ele>
      </trkpt>
      <trkpt lat="28.16035" lon="-16.79916">
        <ele>88.0</ele>
      </trkpt>
      <trkpt lat="28.16023" lon="-16.79917">
        <ele>88.0</ele>
      </trkpt>
      <trkpt lat="28.16017" lon="-16.79918">
        <ele>87.9</ele>
      </trkpt>
      <trkpt lat="28.16011" lon="-16.79919">
        <ele>87.8</ele>
      </trkpt>
      <trkpt lat="28.16004" lon="-16.7992">
        <ele>87.7</ele>
      </trkpt>
      <trkpt lat="28.15997" lon="-16.79919">
        <ele>87.5</ele>
      </trkpt>
      <trkpt lat="28.15991" lon="-16.79919">
        <ele>86.9</ele>
      </trkpt>
      <trkpt lat="28.15983" lon="-16.79917">
        <ele>86.3</ele>
      </trkpt>
      <trkpt lat="28.15975" lon="-16.79914">
        <ele>85.7</ele>
      </trkpt>
      <trkpt lat="28.1597" lon="-16.79912">
        <ele>85.3</ele>
      </trkpt>
      <trkpt lat="28.15965" lon="-16.79909">
        <ele>85.0</ele>
      </trkpt>
      <trkpt lat="28.15964" lon="-16.79908">
        <ele>84.9</ele>
      </trkpt>
      <trkpt lat="28.15956" lon="-16.79901">
        <ele>84.3</ele>
      </trkpt>
      <trkpt lat="28.15947" lon="-16.79891">
        <ele>83.6</ele>
      </trkpt>
      <trkpt lat="28.1594" lon="-16.79883">
        <ele>82.9</ele>
      </trkpt>
      <trkpt lat="28.15938" lon="-16.79878">
        <ele>82.8</ele>
      </trkpt>
      <trkpt lat="28.15936" lon="-16.79875">
        <ele>82.6</ele>
      </trkpt>
      <trkpt lat="28.15935" lon="-16.79872">
        <ele>82.5</ele>
      </trkpt>
      <trkpt lat="28.15934" lon="-16.79867">
        <ele>82.4</ele>
      </trkpt>
      <trkpt lat="28.15933" lon="-16.79863">
        <ele>82.3</ele>
      </trkpt>
      <trkpt lat="28.15932" lon="-16.79858">
        <ele>82.3</ele>
      </trkpt>
      <trkpt lat="28.15931" lon="-16.79847">
        <ele>82.2</ele>
      </trkpt>
      <trkpt lat="28.15931" lon="-16.79844">
        <ele>82.3</ele>
      </trkpt>
      <trkpt lat="28.15931" lon="-16.79821">
        <ele>81.5</ele>
      </trkpt>
      <trkpt lat="28.15932" lon="-16.79784">
        <ele>78.9</ele>
      </trkpt>
      <trkpt lat="28.15932" lon="-16.79782">
        <ele>78.8</ele>
      </trkpt>
      <trkpt lat="28.15934" lon="-16.79724">
        <ele>76.9</ele>
      </trkpt>
      <trkpt lat="28.15934" lon="-16.79658">
        <ele>76.3</ele>
      </trkpt>
      <trkpt lat="28.15934" lon="-16.7962">
        <ele>74.7</ele>
      </trkpt>
      <trkpt lat="28.15934" lon="-16.796">
        <ele>73.9</ele>
      </trkpt>
      <trkpt lat="28.15934" lon="-16.79599">
        <ele>73.8</ele>
      </trkpt>
      <trkpt lat="28.15934" lon="-16.7958">
        <ele>73.5</ele>
      </trkpt>
      <trkpt lat="28.15934" lon="-16.79562">
        <ele>75.2</ele>
      </trkpt>
      <trkpt lat="28.15934" lon="-16.79559">
        <ele>75.4</ele>
      </trkpt>
      <trkpt lat="28.15934" lon="-16.79558">
        <ele>75.5</ele>
      </trkpt>
      <trkpt lat="28.15934" lon="-16.79545">
        <ele>76.7</ele>
      </trkpt>
      <trkpt lat="28.15933" lon="-16.7953">
        <ele>77.9</ele>
      </trkpt>
      <trkpt lat="28.1593" lon="-16.7952">
        <ele>78.4</ele>
      </trkpt>
      <trkpt lat="28.15928" lon="-16.79514">
        <ele>78.7</ele>
      </trkpt>
      <trkpt lat="28.15926" lon="-16.7951">
        <ele>78.9</ele>
      </trkpt>
      <trkpt lat="28.15924" lon="-16.79506">
        <ele>79.1</ele>
      </trkpt>
      <trkpt lat="28.15921" lon="-16.79502">
        <ele>79.2</ele>
      </trkpt>
      <trkpt lat="28.15915" lon="-16.79497">
        <ele>79.5</ele>
      </trkpt>
      <trkpt lat="28.15909" lon="-16.79492">
        <ele>80.3</ele>
      </trkpt>
      <trkpt lat="28.15903" lon="-16.7949">
        <ele>80.8</ele>
      </trkpt>
      <trkpt lat="28.15898" lon="-16.79489">
        <ele>81.1</ele>
      </trkpt>
      <trkpt lat="28.15853" lon="-16.79485">
        <ele>82.8</ele>
      </trkpt>
      <trkpt lat="28.15827" lon="-16.79487">
        <ele>83.1</ele>
      </trkpt>
      <trkpt lat="28.15797" lon="-16.79489">
        <ele>82.9</ele>
      </trkpt>
      <trkpt lat="28.1579" lon="-16.79491">
        <ele>82.7</ele>
      </trkpt>
      <trkpt lat="28.1575" lon="-16.79499">
        <ele>82.1</ele>
      </trkpt>
      <trkpt lat="28.15724" lon="-16.79505">
        <ele>80.7</ele>
      </trkpt>
      <trkpt lat="28.15723" lon="-16.79505">
        <ele>80.7</ele>
      </trkpt>
      <trkpt lat="28.15692" lon="-16.79511">
        <ele>79.3</ele>
      </trkpt>
      <trkpt lat="28.15685" lon="-16.79512">
        <ele>79.1</ele>
      </trkpt>
      <trkpt lat="28.15683" lon="-16.79513">
        <ele>78.9</ele>
      </trkpt>
      <trkpt lat="28.15644" lon="-16.79521">
        <ele>79.7</ele>
      </trkpt>
      <trkpt lat="28.15584" lon="-16.79533">
        <ele>83.8</ele>
      </trkpt>
      <trkpt lat="28.15561" lon="-16.79538">
        <ele>84.5</ele>
      </trkpt>
      <trkpt lat="28.15558" lon="-16.79539">
        <ele>84.6</ele>
      </trkpt>
      <trkpt lat="28.15557" lon="-16.79539">
        <ele>84.7</ele>
      </trkpt>
      <trkpt lat="28.15509" lon="-16.79548">
        <ele>86.5</ele>
      </trkpt>
      <trkpt lat="28.15496" lon="-16.79548">
        <ele>86.9</ele>
      </trkpt>
      <trkpt lat="28.15482" lon="-16.79547">
        <ele>86.9</ele>
      </trkpt>
      <trkpt lat="28.15467" lon="-16.79543">
        <ele>87.0</ele>
      </trkpt>
      <trkpt lat="28.15458" lon="-16.79538">
        <ele>87.2</ele>
      </trkpt>
      <trkpt lat="28.15457" lon="-16.79538">
        <ele>87.2</ele>
      </trkpt>
      <trkpt lat="28.15446" lon="-16.79532">
        <ele>87.4</ele>
      </trkpt>
      <trkpt lat="28.15439" lon="-16.79525">
        <ele>87.6</ele>
      </trkpt>
      <trkpt lat="28.1543" lon="-16.79517">
        <ele>87.7</ele>
      </trkpt>
      <trkpt lat="28.15429" lon="-16.79515">
        <ele>87.8</ele>
      </trkpt>
      <trkpt lat="28.1541" lon="-16.79494">
        <ele>87.8</ele>
      </trkpt>
      <trkpt lat="28.15382" lon="-16.79462">
        <ele>87.3</ele>
      </trkpt>
      <trkpt lat="28.15378" lon="-16.79457">
        <ele>87.2</ele>
      </trkpt>
      <trkpt lat="28.15366" lon="-16.79444">
        <ele>86.6</ele>
      </trkpt>
      <trkpt lat="28.15358" lon="-16.79434">
        <ele>86.2</ele>
      </trkpt>
      <trkpt lat="28.15352" lon="-16.79427">
        <ele>85.9</ele>
      </trkpt>
      <trkpt lat="28.15333" lon="-16.79408">
        <ele>85.6</ele>
      </trkpt>
      <trkpt lat="28.15324" lon="-16.79399">
        <ele>86.9</ele>
      </trkpt>
      <trkpt lat="28.15321" lon="-16.79397">
        <ele>87.2</ele>
      </trkpt>
      <trkpt lat="28.1532" lon="-16.79396">
        <ele>87.4</ele>
      </trkpt>
      <trkpt lat="28.15317" lon="-16.79395">
        <ele>87.5</ele>
      </trkpt>
      <trkpt lat="28.15306" lon="-16.7939">
        <ele>88.2</ele>
      </trkpt>
      <trkpt lat="28.15298" lon="-16.79387">
        <ele>88.7</ele>
      </trkpt>
      <trkpt lat="28.15282" lon="-16.79383">
        <ele>89.2</ele>
      </trkpt>
      <trkpt lat="28.15265" lon="-16.79383">
        <ele>88.9</ele>
      </trkpt>
      <trkpt lat="28.15243" lon="-16.79387">
        <ele>87.6</ele>
      </trkpt>
      <trkpt lat="28.15222" lon="-16.79392">
        <ele>86.0</ele>
      </trkpt>
      <trkpt lat="28.15189" lon="-16.79401">
        <ele>83.4</ele>
      </trkpt>
      <trkpt lat="28.15137" lon="-16.79414">
        <ele>81.8</ele>
      </trkpt>
      <trkpt lat="28.15109" lon="-16.79422">
        <ele>82.0</ele>
      </trkpt>
      <trkpt lat="28.15099" lon="-16.79425">
        <ele>82.0</ele>
      </trkpt>
      <trkpt lat="28.15094" lon="-16.79426">
        <ele>82.0</ele>
      </trkpt>
      <trkpt lat="28.15085" lon="-16.79427">
        <ele>82.3</ele>
      </trkpt>
      <trkpt lat="28.15071" lon="-16.79426">
        <ele>81.9</ele>
      </trkpt>
      <trkpt lat="28.15068" lon="-16.79425">
        <ele>81.9</ele>
      </trkpt>
      <trkpt lat="28.15058" lon="-16.79421">
        <ele>81.9</ele>
      </trkpt>
      <trkpt lat="28.15048" lon="-16.79416">
        <ele>81.9</ele>
      </trkpt>
      <trkpt lat="28.15036" lon="-16.79408">
        <ele>81.8</ele>
      </trkpt>
      <trkpt lat="28.14983" lon="-16.79358">
        <ele>82.8</ele>
      </trkpt>
      <trkpt lat="28.14974" lon="-16.7935">
        <ele>83.2</ele>
      </trkpt>
      <trkpt lat="28.1495" lon="-16.79328">
        <ele>83.8</ele>
      </trkpt>
      <trkpt lat="28.14944" lon="-16.7932">
        <ele>83.7</ele>
      </trkpt>
      <trkpt lat="28.14939" lon="-16.79315">
        <ele>83.5</ele>
      </trkpt>
      <trkpt lat="28.14935" lon="-16.79311">
        <ele>83.3</ele>
      </trkpt>
      <trkpt lat="28.14917" lon="-16.79295">
        <ele>82.1</ele>
      </trkpt>
      <trkpt lat="28.14909" lon="-16.79286">
        <ele>81.2</ele>
      </trkpt>
      <trkpt lat="28.14893" lon="-16.79272">
        <ele>79.2</ele>
      </trkpt>
      <trkpt lat="28.14869" lon="-16.7925">
        <ele>75.9</ele>
      </trkpt>
      <trkpt lat="28.14851" lon="-16.79233">
        <ele>74.8</ele>
      </trkpt>
      <trkpt lat="28.14839" lon="-16.79222">
        <ele>74.4</ele>
      </trkpt>
      <trkpt lat="28.14816" lon="-16.79201">
        <ele>75.1</ele>
      </trkpt>
      <trkpt lat="28.14807" lon="-16.79193">
        <ele>75.5</ele>
      </trkpt>
      <trkpt lat="28.14793" lon="-16.7918">
        <ele>76.3</ele>
      </trkpt>
      <trkpt lat="28.14773" lon="-16.79162">
        <ele>77.8</ele>
      </trkpt>
      <trkpt lat="28.14765" lon="-16.79156">
        <ele>78.3</ele>
      </trkpt>
      <trkpt lat="28.14758" lon="-16.79149">
        <ele>79.0</ele>
      </trkpt>
      <trkpt lat="28.14752" lon="-16.79143">
        <ele>79.6</ele>
      </trkpt>
      <trkpt lat="28.14745" lon="-16.79137">
        <ele>80.8</ele>
      </trkpt>
      <trkpt lat="28.14717" lon="-16.79111">
        <ele>84.2</ele>
      </trkpt>
      <trkpt lat="28.14711" lon="-16.79106">
        <ele>84.4</ele>
      </trkpt>
      <trkpt lat="28.14705" lon="-16.79101">
        <ele>84.3</ele>
      </trkpt>
      <trkpt lat="28.14685" lon="-16.79083">
        <ele>82.9</ele>
      </trkpt>
      <trkpt lat="28.14678" lon="-16.79076">
        <ele>82.5</ele>
      </trkpt>
      <trkpt lat="28.14665" lon="-16.79063">
        <ele>81.6</ele>
      </trkpt>
      <trkpt lat="28.14663" lon="-16.79062">
        <ele>81.4</ele>
      </trkpt>
      <trkpt lat="28.1465" lon="-16.79049">
        <ele>79.9</ele>
      </trkpt>
      <trkpt lat="28.14632" lon="-16.79034">
        <ele>77.9</ele>
      </trkpt>
      <trkpt lat="28.14626" lon="-16.79029">
        <ele>77.3</ele>
      </trkpt>
      <trkpt lat="28.14572" lon="-16.78981">
        <ele>72.7</ele>
      </trkpt>
      <trkpt lat="28.14567" lon="-16.78979">
        <ele>72.0</ele>
      </trkpt>
      <trkpt lat="28.14555" lon="-16.78968">
        <ele>70.7</ele>
      </trkpt>
      <trkpt lat="28.14551" lon="-16.78963">
        <ele>70.4</ele>
      </trkpt>
      <trkpt lat="28.14513" lon="-16.78929">
        <ele>65.1</ele>
      </trkpt>
      <trkpt lat="28.14499" lon="-16.78916">
        <ele>63.1</ele>
      </trkpt>
      <trkpt lat="28.14485" lon="-16.78903">
        <ele>64.7</ele>
      </trkpt>
      <trkpt lat="28.14471" lon="-16.78891">
        <ele>66.1</ele>
      </trkpt>
      <trkpt lat="28.14443" lon="-16.78865">
        <ele>69.0</ele>
      </trkpt>
      <trkpt lat="28.14403" lon="-16.7883">
        <ele>71.9</ele>
      </trkpt>
      <trkpt lat="28.14365" lon="-16.78795">
        <ele>72.2</ele>
      </trkpt>
      <trkpt lat="28.14323" lon="-16.78757">
        <ele>70.7</ele>
      </trkpt>
      <trkpt lat="28.14293" lon="-16.7873">
        <ele>68.0</ele>
      </trkpt>
      <trkpt lat="28.14279" lon="-16.78717">
        <ele>66.9</ele>
      </trkpt>
      <trkpt lat="28.14237" lon="-16.78678">
        <ele>64.7</ele>
      </trkpt>
      <trkpt lat="28.14168" lon="-16.78614">
        <ele>61.7</ele>
      </trkpt>
      <trkpt lat="28.14142" lon="-16.7859">
        <ele>60.4</ele>
      </trkpt>
      <trkpt lat="28.14133" lon="-16.78582">
        <ele>60.0</ele>
      </trkpt>
      <trkpt lat="28.14119" lon="-16.7857">
        <ele>59.9</ele>
      </trkpt>
      <trkpt lat="28.14104" lon="-16.78558">
        <ele>59.8</ele>
      </trkpt>
      <trkpt lat="28.14092" lon="-16.78546">
        <ele>60.1</ele>
      </trkpt>
      <trkpt lat="28.14089" lon="-16.78542">
        <ele>60.2</ele>
      </trkpt>
      <trkpt lat="28.14085" lon="-16.78538">
        <ele>60.3</ele>
      </trkpt>
      <trkpt lat="28.14078" lon="-16.78527">
        <ele>60.8</ele>
      </trkpt>
      <trkpt lat="28.14073" lon="-16.78521">
        <ele>61.0</ele>
      </trkpt>
      <trkpt lat="28.14067" lon="-16.78511">
        <ele>61.4</ele>
      </trkpt>
      <trkpt lat="28.14061" lon="-16.78501">
        <ele>61.9</ele>
      </trkpt>
      <trkpt lat="28.14054" lon="-16.78485">
        <ele>62.7</ele>
      </trkpt>
      <trkpt lat="28.14043" lon="-16.78455">
        <ele>64.3</ele>
      </trkpt>
      <trkpt lat="28.14028" lon="-16.78415">
        <ele>66.5</ele>
      </trkpt>
      <trkpt lat="28.14025" lon="-16.78407">
        <ele>66.9</ele>
      </trkpt>
      <trkpt lat="28.14013" lon="-16.78375">
        <ele>68.6</ele>
      </trkpt>
      <trkpt lat="28.13997" lon="-16.78332">
        <ele>71.0</ele>
      </trkpt>
      <trkpt lat="28.13991" lon="-16.78317">
        <ele>71.8</ele>
      </trkpt>
      <trkpt lat="28.13987" lon="-16.78308">
        <ele>72.4</ele>
      </trkpt>
      <trkpt lat="28.13982" lon="-16.78299">
        <ele>73.0</ele>
      </trkpt>
      <trkpt lat="28.13976" lon="-16.78289">
        <ele>73.7</ele>
      </trkpt>
      <trkpt lat="28.13968" lon="-16.7828">
        <ele>74.4</ele>
      </trkpt>
      <trkpt lat="28.13962" lon="-16.78273">
        <ele>75.0</ele>
      </trkpt>
      <trkpt lat="28.13958" lon="-16.78269">
        <ele>75.4</ele>
      </trkpt>
      <trkpt lat="28.13951" lon="-16.78263">
        <ele>76.0</ele>
      </trkpt>
      <trkpt lat="28.13944" lon="-16.78258">
        <ele>76.6</ele>
      </trkpt>
      <trkpt lat="28.13935" lon="-16.78254">
        <ele>77.2</ele>
      </trkpt>
      <trkpt lat="28.13911" lon="-16.78241">
        <ele>79.1</ele>
      </trkpt>
      <trkpt lat="28.13894" lon="-16.78233">
        <ele>80.0</ele>
      </trkpt>
      <trkpt lat="28.13885" lon="-16.78228">
        <ele>80.5</ele>
      </trkpt>
      <trkpt lat="28.13867" lon="-16.78218">
        <ele>81.6</ele>
      </trkpt>
      <trkpt lat="28.13838" lon="-16.78203">
        <ele>83.1</ele>
      </trkpt>
      <trkpt lat="28.13828" lon="-16.78198">
        <ele>83.4</ele>
      </trkpt>
      <trkpt lat="28.13823" lon="-16.78196">
        <ele>83.5</ele>
      </trkpt>
      <trkpt lat="28.13818" lon="-16.78193">
        <ele>83.7</ele>
      </trkpt>
      <trkpt lat="28.13789" lon="-16.78178">
        <ele>84.9</ele>
      </trkpt>
      <trkpt lat="28.13783" lon="-16.78175">
        <ele>85.2</ele>
      </trkpt>
      <trkpt lat="28.13751" lon="-16.78156">
        <ele>86.5</ele>
      </trkpt>
      <trkpt lat="28.13735" lon="-16.78145">
        <ele>86.0</ele>
      </trkpt>
      <trkpt lat="28.13728" lon="-16.78137">
        <ele>85.9</ele>
      </trkpt>
      <trkpt lat="28.1372" lon="-16.78126">
        <ele>86.0</ele>
      </trkpt>
      <trkpt lat="28.1371" lon="-16.78112">
        <ele>86.1</ele>
      </trkpt>
      <trkpt lat="28.13703" lon="-16.78099">
        <ele>86.3</ele>
      </trkpt>
      <trkpt lat="28.13691" lon="-16.7808">
        <ele>86.7</ele>
      </trkpt>
      <trkpt lat="28.13684" lon="-16.7807">
        <ele>86.9</ele>
      </trkpt>
      <trkpt lat="28.13673" lon="-16.78053">
        <ele>87.3</ele>
      </trkpt>
      <trkpt lat="28.13668" lon="-16.78046">
        <ele>87.3</ele>
      </trkpt>
      <trkpt lat="28.13642" lon="-16.78008">
        <ele>87.1</ele>
      </trkpt>
      <trkpt lat="28.1363" lon="-16.77991">
        <ele>87.1</ele>
      </trkpt>
      <trkpt lat="28.13618" lon="-16.77973">
        <ele>87.3</ele>
      </trkpt>
      <trkpt lat="28.13615" lon="-16.77969">
        <ele>87.4</ele>
      </trkpt>
      <trkpt lat="28.136" lon="-16.77944">
        <ele>88.0</ele>
      </trkpt>
      <trkpt lat="28.13574" lon="-16.779">
        <ele>87.8</ele>
      </trkpt>
      <trkpt lat="28.13573" lon="-16.77899">
        <ele>87.7</ele>
      </trkpt>
      <trkpt lat="28.1357" lon="-16.77894">
        <ele>87.3</ele>
      </trkpt>
      <trkpt lat="28.13531" lon="-16.77825">
        <ele>80.8</ele>
      </trkpt>
      <trkpt lat="28.13525" lon="-16.77813">
        <ele>81.2</ele>
      </trkpt>
      <trkpt lat="28.13522" lon="-16.77808">
        <ele>81.3</ele>
      </trkpt>
      <trkpt lat="28.13519" lon="-16.77803">
        <ele>81.5</ele>
      </trkpt>
      <trkpt lat="28.13515" lon="-16.77796">
        <ele>81.8</ele>
      </trkpt>
      <trkpt lat="28.13505" lon="-16.77779">
        <ele>82.9</ele>
      </trkpt>
      <trkpt lat="28.13492" lon="-16.77757">
        <ele>84.6</ele>
      </trkpt>
      <trkpt lat="28.13473" lon="-16.77723">
        <ele>85.4</ele>
      </trkpt>
      <trkpt lat="28.13464" lon="-16.77704">
        <ele>85.5</ele>
      </trkpt>
      <trkpt lat="28.13458" lon="-16.77693">
        <ele>85.4</ele>
      </trkpt>
      <trkpt lat="28.13438" lon="-16.77656">
        <ele>85.1</ele>
      </trkpt>
      <trkpt lat="28.13416" lon="-16.77614">
        <ele>87.0</ele>
      </trkpt>
      <trkpt lat="28.13407" lon="-16.77596">
        <ele>88.4</ele>
      </trkpt>
      <trkpt lat="28.13398" lon="-16.77579">
        <ele>89.8</ele>
      </trkpt>
      <trkpt lat="28.13389" lon="-16.77561">
        <ele>92.1</ele>
      </trkpt>
      <trkpt lat="28.13371" lon="-16.77525">
        <ele>96.1</ele>
      </trkpt>
      <trkpt lat="28.13366" lon="-16.77515">
        <ele>97.1</ele>
      </trkpt>
      <trkpt lat="28.13362" lon="-16.77501">
        <ele>98.6</ele>
      </trkpt>
      <trkpt lat="28.13358" lon="-16.77486">
        <ele>99.8</ele>
      </trkpt>
      <trkpt lat="28.13356" lon="-16.774719">
        <ele>101.1</ele>
      </trkpt>
      <trkpt lat="28.13355" lon="-16.77459">
        <ele>102.4</ele>
      </trkpt>
      <trkpt lat="28.13354" lon="-16.77446">
        <ele>103.7</ele>
      </trkpt>
      <trkpt lat="28.13354" lon="-16.77436">
        <ele>104.7</ele>
      </trkpt>
      <trkpt lat="28.13354" lon="-16.77429">
        <ele>105.4</ele>
      </trkpt>
      <trkpt lat="28.13355" lon="-16.77414">
        <ele>106.9</ele>
      </trkpt>
      <trkpt lat="28.133572" lon="-16.774006">
        <ele>107.2</ele>
      </trkpt>
      <trkpt lat="28.13358" lon="-16.773959">
        <ele>107.3</ele>
      </trkpt>
      <trkpt lat="28.13359" lon="-16.773879">
        <ele>107.5</ele>
      </trkpt>
      <trkpt lat="28.13362" lon="-16.77376">
        <ele>107.9</ele>
      </trkpt>
      <trkpt lat="28.13365" lon="-16.77365">
        <ele>108.3</ele>
      </trkpt>
      <trkpt lat="28.13373" lon="-16.77347">
        <ele>109.2</ele>
      </trkpt>
      <trkpt lat="28.13389" lon="-16.77316">
        <ele>110.9</ele>
      </trkpt>
      <trkpt lat="28.1339" lon="-16.77316">
        <ele>111.0</ele>
      </trkpt>
      <trkpt lat="28.1339" lon="-16.77315">
        <ele>111.0</ele>
      </trkpt>
      <trkpt lat="28.13391" lon="-16.77315">
        <ele>111.1</ele>
      </trkpt>
      <trkpt lat="28.13392" lon="-16.77315">
        <ele>111.1</ele>
      </trkpt>
      <trkpt lat="28.13392" lon="-16.77314">
        <ele>111.2</ele>
      </trkpt>
      <trkpt lat="28.13393" lon="-16.77314">
        <ele>111.2</ele>
      </trkpt>
      <trkpt lat="28.13394" lon="-16.77314">
        <ele>111.3</ele>
      </trkpt>
      <trkpt lat="28.13394" lon="-16.773129">
        <ele>111.3</ele>
      </trkpt>
      <trkpt lat="28.13395" lon="-16.773119">
        <ele>111.4</ele>
      </trkpt>
      <trkpt lat="28.13396" lon="-16.77311">
        <ele>111.5</ele>
      </trkpt>
      <trkpt lat="28.13397" lon="-16.7731">
        <ele>111.6</ele>
      </trkpt>
      <trkpt lat="28.13397" lon="-16.77309">
        <ele>111.6</ele>
      </trkpt>
      <trkpt lat="28.13398" lon="-16.77308">
        <ele>111.7</ele>
      </trkpt>
      <trkpt lat="28.13398" lon="-16.77307">
        <ele>111.7</ele>
      </trkpt>
      <trkpt lat="28.13399" lon="-16.77305">
        <ele>111.9</ele>
      </trkpt>
      <trkpt lat="28.13399" lon="-16.77304">
        <ele>111.9</ele>
      </trkpt>
      <trkpt lat="28.13399" lon="-16.773029">
        <ele>111.9</ele>
      </trkpt>
      <trkpt lat="28.13399" lon="-16.77301">
        <ele>111.9</ele>
      </trkpt>
      <trkpt lat="28.13399" lon="-16.773">
        <ele>111.9</ele>
      </trkpt>
      <trkpt lat="28.13399" lon="-16.77299">
        <ele>111.9</ele>
      </trkpt>
      <trkpt lat="28.13399" lon="-16.77297">
        <ele>112.0</ele>
      </trkpt>
      <trkpt lat="28.13399" lon="-16.77296">
        <ele>112.0</ele>
      </trkpt>
      <trkpt lat="28.13399" lon="-16.77295">
        <ele>112.0</ele>
      </trkpt>
      <trkpt lat="28.13398" lon="-16.772929">
        <ele>111.9</ele>
      </trkpt>
      <trkpt lat="28.13398" lon="-16.77292">
        <ele>111.9</ele>
      </trkpt>
      <trkpt lat="28.13397" lon="-16.77291">
        <ele>111.9</ele>
      </trkpt>
      <trkpt lat="28.13396" lon="-16.77289">
        <ele>111.8</ele>
      </trkpt>
      <trkpt lat="28.13395" lon="-16.77276">
        <ele>111.9</ele>
      </trkpt>
      <trkpt lat="28.13396" lon="-16.7727">
        <ele>112.0</ele>
      </trkpt>
      <trkpt lat="28.13397" lon="-16.77264">
        <ele>112.2</ele>
      </trkpt>
      <trkpt lat="28.13398" lon="-16.77259">
        <ele>112.3</ele>
      </trkpt>
      <trkpt lat="28.13402" lon="-16.77239">
        <ele>113.3</ele>
      </trkpt>
      <trkpt lat="28.13403" lon="-16.772379">
        <ele>113.4</ele>
      </trkpt>
      <trkpt lat="28.13407" lon="-16.77226">
        <ele>114.3</ele>
      </trkpt>
      <trkpt lat="28.13409" lon="-16.77217">
        <ele>114.9</ele>
      </trkpt>
      <trkpt lat="28.13411" lon="-16.772099">
        <ele>115.4</ele>
      </trkpt>
      <trkpt lat="28.13423" lon="-16.771719">
        <ele>118.6</ele>
      </trkpt>
      <trkpt lat="28.13427" lon="-16.77159">
        <ele>119.8</ele>
      </trkpt>
      <trkpt lat="28.13449" lon="-16.77084">
        <ele>127.6</ele>
      </trkpt>
      <trkpt lat="28.13454" lon="-16.770689">
        <ele>128.3</ele>
      </trkpt>
      <trkpt lat="28.1346" lon="-16.770499">
        <ele>129.1</ele>
      </trkpt>
      <trkpt lat="28.1346" lon="-16.770489">
        <ele>129.1</ele>
      </trkpt>
      <trkpt lat="28.13466" lon="-16.77027">
        <ele>130.0</ele>
      </trkpt>
      <trkpt lat="28.13472" lon="-16.77008">
        <ele>131.0</ele>
      </trkpt>
      <trkpt lat="28.13473" lon="-16.77004">
        <ele>131.1</ele>
      </trkpt>
      <trkpt lat="28.13478" lon="-16.76989">
        <ele>131.5</ele>
      </trkpt>
      <trkpt lat="28.1349" lon="-16.76945">
        <ele>131.6</ele>
      </trkpt>
      <trkpt lat="28.13494" lon="-16.769269">
        <ele>131.5</ele>
      </trkpt>
      <trkpt lat="28.13496" lon="-16.769089">
        <ele>131.7</ele>
      </trkpt>
      <trkpt lat="28.13495" lon="-16.76896">
        <ele>132.1</ele>
      </trkpt>
      <trkpt lat="28.13493" lon="-16.76886">
        <ele>132.3</ele>
      </trkpt>
      <trkpt lat="28.13489" lon="-16.76877">
        <ele>132.3</ele>
      </trkpt>
      <trkpt lat="28.13485" lon="-16.768699">
        <ele>132.3</ele>
      </trkpt>
      <trkpt lat="28.13475" lon="-16.76854">
        <ele>132.5</ele>
      </trkpt>
      <trkpt lat="28.13447" lon="-16.76823">
        <ele>134.0</ele>
      </trkpt>
      <trkpt lat="28.13436" lon="-16.7681">
        <ele>134.6</ele>
      </trkpt>
      <trkpt lat="28.13432" lon="-16.76804">
        <ele>134.8</ele>
      </trkpt>
      <trkpt lat="28.13428" lon="-16.76799">
        <ele>134.9</ele>
      </trkpt>
      <trkpt lat="28.13424" lon="-16.76792">
        <ele>135.1</ele>
      </trkpt>
      <trkpt lat="28.1342" lon="-16.76782">
        <ele>135.4</ele>
      </trkpt>
      <trkpt lat="28.13417" lon="-16.76775">
        <ele>135.5</ele>
      </trkpt>
      <trkpt lat="28.13416" lon="-16.76766">
        <ele>135.9</ele>
      </trkpt>
      <trkpt lat="28.13415" lon="-16.76753">
        <ele>136.5</ele>
      </trkpt>
      <trkpt lat="28.13415" lon="-16.76747">
        <ele>136.5</ele>
      </trkpt>
      <trkpt lat="28.13416" lon="-16.76736">
        <ele>136.0</ele>
      </trkpt>
      <trkpt lat="28.13419" lon="-16.76699">
        <ele>134.3</ele>
      </trkpt>
      <trkpt lat="28.13423" lon="-16.76671">
        <ele>133.5</ele>
      </trkpt>
      <trkpt lat="28.13424" lon="-16.76661">
        <ele>133.6</ele>
      </trkpt>
      <trkpt lat="28.13428" lon="-16.76638">
        <ele>135.1</ele>
      </trkpt>
      <trkpt lat="28.13428" lon="-16.766359">
        <ele>135.1</ele>
      </trkpt>
      <trkpt lat="28.13431" lon="-16.7662">
        <ele>136.1</ele>
      </trkpt>
      <trkpt lat="28.13432" lon="-16.766089">
        <ele>136.6</ele>
      </trkpt>
      <trkpt lat="28.13432" lon="-16.76597">
        <ele>137.0</ele>
      </trkpt>
      <trkpt lat="28.13432" lon="-16.765889">
        <ele>137.2</ele>
      </trkpt>
      <trkpt lat="28.1343" lon="-16.76578">
        <ele>137.7</ele>
      </trkpt>
      <trkpt lat="28.13429" lon="-16.76576">
        <ele>137.8</ele>
      </trkpt>
      <trkpt lat="28.13427" lon="-16.76568">
        <ele>138.2</ele>
      </trkpt>
      <trkpt lat="28.13422" lon="-16.76559">
        <ele>138.8</ele>
      </trkpt>
      <trkpt lat="28.13421" lon="-16.76558">
        <ele>138.8</ele>
      </trkpt>
      <trkpt lat="28.13417" lon="-16.765509">
        <ele>139.2</ele>
      </trkpt>
      <trkpt lat="28.13412" lon="-16.76544">
        <ele>139.7</ele>
      </trkpt>
      <trkpt lat="28.13405" lon="-16.76536">
        <ele>140.2</ele>
      </trkpt>
      <trkpt lat="28.13397" lon="-16.76529">
        <ele>140.8</ele>
      </trkpt>
      <trkpt lat="28.13396" lon="-16.76529">
        <ele>140.9</ele>
      </trkpt>
      <trkpt lat="28.13382" lon="-16.76517">
        <ele>141.9</ele>
      </trkpt>
      <trkpt lat="28.13367" lon="-16.765049">
        <ele>141.8</ele>
      </trkpt>
      <trkpt lat="28.13341" lon="-16.76483">
        <ele>140.7</ele>
      </trkpt>
      <trkpt lat="28.13337" lon="-16.7648">
        <ele>140.5</ele>
      </trkpt>
      <trkpt lat="28.13337" lon="-16.76479">
        <ele>140.6</ele>
      </trkpt>
      <trkpt lat="28.13322" lon="-16.764669">
        <ele>140.5</ele>
      </trkpt>
      <trkpt lat="28.13289" lon="-16.764399">
        <ele>141.2</ele>
      </trkpt>
      <trkpt lat="28.13278" lon="-16.76432">
        <ele>141.5</ele>
      </trkpt>
      <trkpt lat="28.132577" lon="-16.764161">
        <ele>142.2</ele>
      </trkpt>
      <trkpt lat="28.1325" lon="-16.7641">
        <ele>142.3</ele>
      </trkpt>
      <trkpt lat="28.13241" lon="-16.76399">
        <ele>142.3</ele>
      </trkpt>
      <trkpt lat="28.13237" lon="-16.76394">
        <ele>142.3</ele>
      </trkpt>
      <trkpt lat="28.13238" lon="-16.763929">
        <ele>142.4</ele>
      </trkpt>
      <trkpt lat="28.13238" lon="-16.763919">
        <ele>142.4</ele>
      </trkpt>
      <trkpt lat="28.13238" lon="-16.76391">
        <ele>142.5</ele>
      </trkpt>
      <trkpt lat="28.13238" lon="-16.7639">
        <ele>142.5</ele>
      </trkpt>
      <trkpt lat="28.13238" lon="-16.76389">
        <ele>142.6</ele>
      </trkpt>
      <trkpt lat="28.13238" lon="-16.76388">
        <ele>142.6</ele>
      </trkpt>
      <trkpt lat="28.13238" lon="-16.76387">
        <ele>142.7</ele>
      </trkpt>
      <trkpt lat="28.13238" lon="-16.76386">
        <ele>142.7</ele>
      </trkpt>
      <trkpt lat="28.13238" lon="-16.76385">
        <ele>142.7</ele>
      </trkpt>
      <trkpt lat="28.13237" lon="-16.763839">
        <ele>142.7</ele>
      </trkpt>
      <trkpt lat="28.13237" lon="-16.763829">
        <ele>142.8</ele>
      </trkpt>
      <trkpt lat="28.13237" lon="-16.763819">
        <ele>142.8</ele>
      </trkpt>
      <trkpt lat="28.13237" lon="-16.76381">
        <ele>142.9</ele>
      </trkpt>
      <trkpt lat="28.13236" lon="-16.76381">
        <ele>142.8</ele>
      </trkpt>
      <trkpt lat="28.13236" lon="-16.7638">
        <ele>142.8</ele>
      </trkpt>
      <trkpt lat="28.13235" lon="-16.76379">
        <ele>142.8</ele>
      </trkpt>
      <trkpt lat="28.13235" lon="-16.76378">
        <ele>142.9</ele>
      </trkpt>
      <trkpt lat="28.13234" lon="-16.76377">
        <ele>142.9</ele>
      </trkpt>
      <trkpt lat="28.13233" lon="-16.76376">
        <ele>142.8</ele>
      </trkpt>
      <trkpt lat="28.13232" lon="-16.76376">
        <ele>142.8</ele>
      </trkpt>
      <trkpt lat="28.13232" lon="-16.76375">
        <ele>142.8</ele>
      </trkpt>
      <trkpt lat="28.13231" lon="-16.76375">
        <ele>142.7</ele>
      </trkpt>
      <trkpt lat="28.13231" lon="-16.763739">
        <ele>142.8</ele>
      </trkpt>
      <trkpt lat="28.1323" lon="-16.763739">
        <ele>142.7</ele>
      </trkpt>
      <trkpt lat="28.13229" lon="-16.763739">
        <ele>142.7</ele>
      </trkpt>
      <trkpt lat="28.13229" lon="-16.763729">
        <ele>142.7</ele>
      </trkpt>
      <trkpt lat="28.13228" lon="-16.763729">
        <ele>142.6</ele>
      </trkpt>
      <trkpt lat="28.13227" lon="-16.763729">
        <ele>142.6</ele>
      </trkpt>
      <trkpt lat="28.13226" lon="-16.763729">
        <ele>142.5</ele>
      </trkpt>
      <trkpt lat="28.13225" lon="-16.763729">
        <ele>142.4</ele>
      </trkpt>
      <trkpt lat="28.13224" lon="-16.763729">
        <ele>142.4</ele>
      </trkpt>
      <trkpt lat="28.13223" lon="-16.763729">
        <ele>142.3</ele>
      </trkpt>
      <trkpt lat="28.13222" lon="-16.763729">
        <ele>142.2</ele>
      </trkpt>
      <trkpt lat="28.13221" lon="-16.763729">
        <ele>142.2</ele>
      </trkpt>
      <trkpt lat="28.1322" lon="-16.763729">
        <ele>142.1</ele>
      </trkpt>
      <trkpt lat="28.1322" lon="-16.763739">
        <ele>142.1</ele>
      </trkpt>
      <trkpt lat="28.13219" lon="-16.763739">
        <ele>142.0</ele>
      </trkpt>
      <trkpt lat="28.13218" lon="-16.763739">
        <ele>141.9</ele>
      </trkpt>
      <trkpt lat="28.13195" lon="-16.76362">
        <ele>140.9</ele>
      </trkpt>
      <trkpt lat="28.13147" lon="-16.76322">
        <ele>140.6</ele>
      </trkpt>
      <trkpt lat="28.13146" lon="-16.76321">
        <ele>140.7</ele>
      </trkpt>
      <trkpt lat="28.13111" lon="-16.76283">
        <ele>143.1</ele>
      </trkpt>
      <trkpt lat="28.13109" lon="-16.76282">
        <ele>143.1</ele>
      </trkpt>
      <trkpt lat="28.13078" lon="-16.76241">
        <ele>144.7</ele>
      </trkpt>
      <trkpt lat="28.13045" lon="-16.761949">
        <ele>144.6</ele>
      </trkpt>
      <trkpt lat="28.13041" lon="-16.7619">
        <ele>144.6</ele>
      </trkpt>
      <trkpt lat="28.13001" lon="-16.76136">
        <ele>144.5</ele>
      </trkpt>
      <trkpt lat="28.1296" lon="-16.7608">
        <ele>144.4</ele>
      </trkpt>
      <trkpt lat="28.12954" lon="-16.7607">
        <ele>145.1</ele>
      </trkpt>
      <trkpt lat="28.12938" lon="-16.76048">
        <ele>146.5</ele>
      </trkpt>
      <trkpt lat="28.12928" lon="-16.76032">
        <ele>147.3</ele>
      </trkpt>
      <trkpt lat="28.12922" lon="-16.76021">
        <ele>147.8</ele>
      </trkpt>
      <trkpt lat="28.1292" lon="-16.760179">
        <ele>147.9</ele>
      </trkpt>
      <trkpt lat="28.12911" lon="-16.76001">
        <ele>148.8</ele>
      </trkpt>
      <trkpt lat="28.12905" lon="-16.759889">
        <ele>149.6</ele>
      </trkpt>
      <trkpt lat="28.12886" lon="-16.75947">
        <ele>152.2</ele>
      </trkpt>
      <trkpt lat="28.12885" lon="-16.75945">
        <ele>152.4</ele>
      </trkpt>
      <trkpt lat="28.12878" lon="-16.759239">
        <ele>153.6</ele>
      </trkpt>
      <trkpt lat="28.12863" lon="-16.75881">
        <ele>155.9</ele>
      </trkpt>
      <trkpt lat="28.12853" lon="-16.7585">
        <ele>157.3</ele>
      </trkpt>
      <trkpt lat="28.12818" lon="-16.7575">
        <ele>163.1</ele>
      </trkpt>
      <trkpt lat="28.12813" lon="-16.757349">
        <ele>163.5</ele>
      </trkpt>
      <trkpt lat="28.12813" lon="-16.75731">
        <ele>163.6</ele>
      </trkpt>
      <trkpt lat="28.1281" lon="-16.75695">
        <ele>165.1</ele>
      </trkpt>
      <trkpt lat="28.12809" lon="-16.75674">
        <ele>165.9</ele>
      </trkpt>
      <trkpt lat="28.12805" lon="-16.75609">
        <ele>167.3</ele>
      </trkpt>
      <trkpt lat="28.12805" lon="-16.756039">
        <ele>167.4</ele>
      </trkpt>
      <trkpt lat="28.12803" lon="-16.756">
        <ele>167.3</ele>
      </trkpt>
      <trkpt lat="28.12797" lon="-16.755849">
        <ele>166.7</ele>
      </trkpt>
      <trkpt lat="28.12787" lon="-16.75562">
        <ele>166.6</ele>
      </trkpt>
      <trkpt lat="28.12784" lon="-16.755569">
        <ele>166.5</ele>
      </trkpt>
      <trkpt lat="28.12774" lon="-16.7554">
        <ele>166.7</ele>
      </trkpt>
      <trkpt lat="28.12772" lon="-16.75535">
        <ele>166.8</ele>
      </trkpt>
      <trkpt lat="28.12768" lon="-16.755289">
        <ele>166.9</ele>
      </trkpt>
      <trkpt lat="28.12764" lon="-16.75522">
        <ele>167.0</ele>
      </trkpt>
      <trkpt lat="28.127597" lon="-16.755146">
        <ele>166.2</ele>
      </trkpt>
      <trkpt lat="28.12757" lon="-16.755099">
        <ele>167.2</ele>
      </trkpt>
      <trkpt lat="28.12757" lon="-16.75509">
        <ele>167.2</ele>
      </trkpt>
      <trkpt lat="28.12753" lon="-16.75495">
        <ele>167.4</ele>
      </trkpt>
      <trkpt lat="28.12747" lon="-16.754729">
        <ele>167.8</ele>
      </trkpt>
      <trkpt lat="28.12748" lon="-16.75471">
        <ele>168.0</ele>
      </trkpt>
      <trkpt lat="28.12748" lon="-16.7547">
        <ele>168.0</ele>
      </trkpt>
      <trkpt lat="28.12748" lon="-16.75468">
        <ele>168.2</ele>
      </trkpt>
      <trkpt lat="28.12748" lon="-16.75466">
        <ele>168.3</ele>
      </trkpt>
      <trkpt lat="28.12748" lon="-16.754639">
        <ele>168.5</ele>
      </trkpt>
      <trkpt lat="28.12747" lon="-16.754629">
        <ele>168.5</ele>
      </trkpt>
      <trkpt lat="28.12747" lon="-16.75461">
        <ele>168.6</ele>
      </trkpt>
      <trkpt lat="28.12747" lon="-16.7546">
        <ele>168.7</ele>
      </trkpt>
      <trkpt lat="28.12746" lon="-16.75459">
        <ele>168.7</ele>
      </trkpt>
      <trkpt lat="28.12746" lon="-16.75458">
        <ele>168.8</ele>
      </trkpt>
      <trkpt lat="28.12745" lon="-16.75456">
        <ele>168.8</ele>
      </trkpt>
      <trkpt lat="28.12744" lon="-16.754549">
        <ele>168.8</ele>
      </trkpt>
      <trkpt lat="28.12743" lon="-16.754529">
        <ele>168.9</ele>
      </trkpt>
      <trkpt lat="28.12746" lon="-16.754349">
        <ele>170.0</ele>
      </trkpt>
      <trkpt lat="28.12747" lon="-16.75424">
        <ele>170.7</ele>
      </trkpt>
      <trkpt lat="28.12747" lon="-16.75419">
        <ele>171.0</ele>
      </trkpt>
      <trkpt lat="28.12751" lon="-16.75399">
        <ele>172.3</ele>
      </trkpt>
      <trkpt lat="28.12752" lon="-16.75392">
        <ele>172.5</ele>
      </trkpt>
      <trkpt lat="28.12752" lon="-16.75391">
        <ele>172.5</ele>
      </trkpt>
      <trkpt lat="28.12755" lon="-16.75376">
        <ele>172.9</ele>
      </trkpt>
      <trkpt lat="28.12756" lon="-16.75371">
        <ele>173.1</ele>
      </trkpt>
      <trkpt lat="28.12759" lon="-16.75353">
        <ele>173.5</ele>
      </trkpt>
      <trkpt lat="28.12759" lon="-16.753509">
        <ele>173.5</ele>
      </trkpt>
      <trkpt lat="28.12763" lon="-16.753309">
        <ele>174.2</ele>
      </trkpt>
      <trkpt lat="28.12766" lon="-16.75311">
        <ele>175.8</ele>
      </trkpt>
      <trkpt lat="28.12769" lon="-16.752949">
        <ele>177.0</ele>
      </trkpt>
      <trkpt lat="28.12769" lon="-16.75287">
        <ele>177.6</ele>
      </trkpt>
      <trkpt lat="28.12769" lon="-16.752839">
        <ele>177.7</ele>
      </trkpt>
      <trkpt lat="28.12769" lon="-16.752759">
        <ele>178.3</ele>
      </trkpt>
      <trkpt lat="28.12768" lon="-16.75271">
        <ele>178.5</ele>
      </trkpt>
      <trkpt lat="28.12767" lon="-16.752669">
        <ele>178.7</ele>
      </trkpt>
      <trkpt lat="28.12766" lon="-16.7526">
        <ele>179.1</ele>
      </trkpt>
      <trkpt lat="28.12762" lon="-16.752469">
        <ele>179.9</ele>
      </trkpt>
      <trkpt lat="28.12756" lon="-16.75233">
        <ele>181.3</ele>
      </trkpt>
      <trkpt lat="28.12746" lon="-16.75216">
        <ele>182.9</ele>
      </trkpt>
      <trkpt lat="28.12738" lon="-16.75205">
        <ele>183.8</ele>
      </trkpt>
      <trkpt lat="28.12733" lon="-16.752009">
        <ele>184.0</ele>
      </trkpt>
      <trkpt lat="28.12692" lon="-16.751619">
        <ele>186.0</ele>
      </trkpt>
      <trkpt lat="28.12676" lon="-16.751439">
        <ele>187.0</ele>
      </trkpt>
      <trkpt lat="28.12674" lon="-16.7514">
        <ele>187.4</ele>
      </trkpt>
      <trkpt lat="28.12672" lon="-16.75137">
        <ele>187.5</ele>
      </trkpt>
      <trkpt lat="28.12668" lon="-16.75129">
        <ele>188.2</ele>
      </trkpt>
      <trkpt lat="28.12666" lon="-16.75122">
        <ele>188.8</ele>
      </trkpt>
      <trkpt lat="28.12665" lon="-16.75119">
        <ele>189.0</ele>
      </trkpt>
      <trkpt lat="28.12656" lon="-16.75083">
        <ele>192.3</ele>
      </trkpt>
      <trkpt lat="28.12652" lon="-16.75067">
        <ele>193.2</ele>
      </trkpt>
      <trkpt lat="28.12647" lon="-16.75047">
        <ele>194.3</ele>
      </trkpt>
      <trkpt lat="28.12646" lon="-16.75044">
        <ele>194.5</ele>
      </trkpt>
      <trkpt lat="28.12642" lon="-16.75027">
        <ele>195.5</ele>
      </trkpt>
      <trkpt lat="28.1264" lon="-16.75015">
        <ele>196.3</ele>
      </trkpt>
      <trkpt lat="28.12635" lon="-16.74996">
        <ele>197.5</ele>
      </trkpt>
      <trkpt lat="28.1263" lon="-16.749759">
        <ele>199.3</ele>
      </trkpt>
      <trkpt lat="28.12628" lon="-16.74968">
        <ele>200.0</ele>
      </trkpt>
      <trkpt lat="28.12621" lon="-16.74936">
        <ele>202.7</ele>
      </trkpt>
      <trkpt lat="28.12617" lon="-16.749189">
        <ele>204.0</ele>
      </trkpt>
      <trkpt lat="28.12617" lon="-16.74917">
        <ele>204.2</ele>
      </trkpt>
      <trkpt lat="28.12614" lon="-16.748999">
        <ele>205.3</ele>
      </trkpt>
      <trkpt lat="28.12614" lon="-16.74897">
        <ele>205.5</ele>
      </trkpt>
      <trkpt lat="28.12613" lon="-16.74886">
        <ele>206.3</ele>
      </trkpt>
      <trkpt lat="28.12613" lon="-16.74876">
        <ele>207.1</ele>
      </trkpt>
      <trkpt lat="28.12614" lon="-16.74867">
        <ele>207.9</ele>
      </trkpt>
      <trkpt lat="28.12614" lon="-16.74867">
        <ele>207.9</ele>
      </trkpt>
      <trkpt lat="28.12614" lon="-16.74867">
        <ele>207.9</ele>
      </trkpt>
      <trkpt lat="28.12615" lon="-16.748629">
        <ele>208.3</ele>
      </trkpt>
      <trkpt lat="28.12616" lon="-16.74857">
        <ele>208.9</ele>
      </trkpt>
      <trkpt lat="28.12618" lon="-16.74847">
        <ele>209.8</ele>
      </trkpt>
      <trkpt lat="28.12624" lon="-16.74824">
        <ele>211.9</ele>
      </trkpt>
      <trkpt lat="28.12626" lon="-16.748169">
        <ele>212.5</ele>
      </trkpt>
      <trkpt lat="28.12632" lon="-16.747979">
        <ele>214.0</ele>
      </trkpt>
      <trkpt lat="28.12635" lon="-16.747879">
        <ele>214.7</ele>
      </trkpt>
      <trkpt lat="28.12636" lon="-16.74785">
        <ele>215.0</ele>
      </trkpt>
      <trkpt lat="28.12638" lon="-16.747779">
        <ele>215.5</ele>
      </trkpt>
      <trkpt lat="28.12643" lon="-16.747589">
        <ele>216.8</ele>
      </trkpt>
      <trkpt lat="28.12661" lon="-16.74701">
        <ele>218.6</ele>
      </trkpt>
      <trkpt lat="28.12669" lon="-16.74674">
        <ele>219.2</ele>
      </trkpt>
      <trkpt lat="28.12673" lon="-16.74658">
        <ele>219.4</ele>
      </trkpt>
      <trkpt lat="28.12681" lon="-16.74632">
        <ele>219.6</ele>
      </trkpt>
      <trkpt lat="28.12686" lon="-16.74613">
        <ele>219.7</ele>
      </trkpt>
      <trkpt lat="28.12691" lon="-16.74595">
        <ele>219.9</ele>
      </trkpt>
      <trkpt lat="28.12691" lon="-16.74595">
        <ele>219.9</ele>
      </trkpt>
      <trkpt lat="28.12686" lon="-16.745899">
        <ele>219.5</ele>
      </trkpt>
      <trkpt lat="28.12668" lon="-16.74564">
        <ele>219.5</ele>
      </trkpt>
      <trkpt lat="28.12646" lon="-16.74531">
        <ele>219.2</ele>
      </trkpt>
      <trkpt lat="28.12635" lon="-16.745149">
        <ele>218.9</ele>
      </trkpt>
      <trkpt lat="28.12635" lon="-16.745149">
        <ele>218.9</ele>
      </trkpt>
      <trkpt lat="28.12587" lon="-16.74519">
        <ele>212.6</ele>
      </trkpt>
      <trkpt lat="28.12582" lon="-16.7452">
        <ele>212.0</ele>
      </trkpt>
      <trkpt lat="28.12571" lon="-16.74521">
        <ele>211.8</ele>
      </trkpt>
      <trkpt lat="28.1257" lon="-16.7452">
        <ele>211.8</ele>
      </trkpt>
      <trkpt lat="28.12565" lon="-16.7452">
        <ele>211.7</ele>
      </trkpt>
      <trkpt lat="28.12558" lon="-16.74519">
        <ele>211.7</ele>
      </trkpt>
      <trkpt lat="28.12552" lon="-16.74517">
        <ele>211.7</ele>
      </trkpt>
      <trkpt lat="28.12547" lon="-16.74514">
        <ele>211.9</ele>
      </trkpt>
      <trkpt lat="28.1254" lon="-16.7451">
        <ele>212.1</ele>
      </trkpt>
      <trkpt lat="28.12536" lon="-16.745069">
        <ele>212.4</ele>
      </trkpt>
      <trkpt lat="28.12532" lon="-16.74502">
        <ele>212.8</ele>
      </trkpt>
      <trkpt lat="28.12503" lon="-16.74476">
        <ele>215.9</ele>
      </trkpt>
      <trkpt lat="28.12481" lon="-16.74455">
        <ele>218.1</ele>
      </trkpt>
      <trkpt lat="28.12476" lon="-16.744509">
        <ele>218.4</ele>
      </trkpt>
      <trkpt lat="28.1242" lon="-16.74401">
        <ele>219.7</ele>
      </trkpt>
      <trkpt lat="28.12409" lon="-16.74388">
        <ele>219.7</ele>
      </trkpt>
      <trkpt lat="28.12406" lon="-16.743839">
        <ele>219.7</ele>
      </trkpt>
      <trkpt lat="28.12405" lon="-16.7438">
        <ele>219.8</ele>
      </trkpt>
      <trkpt lat="28.12404" lon="-16.743749">
        <ele>219.9</ele>
      </trkpt>
      <trkpt lat="28.12405" lon="-16.74369">
        <ele>220.1</ele>
      </trkpt>
      <trkpt lat="28.12408" lon="-16.74363">
        <ele>220.5</ele>
      </trkpt>
      <trkpt lat="28.12417" lon="-16.7435">
        <ele>221.4</ele>
      </trkpt>
      <trkpt lat="28.12428" lon="-16.74334">
        <ele>222.8</ele>
      </trkpt>
      <trkpt lat="28.12482" lon="-16.74258">
        <ele>226.3</ele>
      </trkpt>
      <trkpt lat="28.12482" lon="-16.74258">
        <ele>226.3</ele>
      </trkpt>
      <trkpt lat="28.12465" lon="-16.742429">
        <ele>224.5</ele>
      </trkpt>
      <trkpt lat="28.12376" lon="-16.74162">
        <ele>214.2</ele>
      </trkpt>
      <trkpt lat="28.12359" lon="-16.74146">
        <ele>213.2</ele>
      </trkpt>
      <trkpt lat="28.12357" lon="-16.74145">
        <ele>213.0</ele>
      </trkpt>
      <trkpt lat="28.12348" lon="-16.74136">
        <ele>212.3</ele>
      </trkpt>
      <trkpt lat="28.12343" lon="-16.74132">
        <ele>211.9</ele>
      </trkpt>
      <trkpt lat="28.12334" lon="-16.74124">
        <ele>211.1</ele>
      </trkpt>
      <trkpt lat="28.12329" lon="-16.7412">
        <ele>210.7</ele>
      </trkpt>
      <trkpt lat="28.12308" lon="-16.741019">
        <ele>209.3</ele>
      </trkpt>
      <trkpt lat="28.12305" lon="-16.74099">
        <ele>209.2</ele>
      </trkpt>
      <trkpt lat="28.123" lon="-16.74098">
        <ele>208.9</ele>
      </trkpt>
      <trkpt lat="28.12293" lon="-16.74092">
        <ele>208.5</ele>
      </trkpt>
      <trkpt lat="28.12288" lon="-16.74088">
        <ele>208.2</ele>
      </trkpt>
      <trkpt lat="28.12282" lon="-16.740839">
        <ele>207.9</ele>
      </trkpt>
      <trkpt lat="28.12274" lon="-16.74081">
        <ele>207.5</ele>
      </trkpt>
      <trkpt lat="28.12274" lon="-16.74081">
        <ele>207.5</ele>
      </trkpt>
      <trkpt lat="28.12272" lon="-16.74081">
        <ele>207.4</ele>
      </trkpt>
      <trkpt lat="28.12268" lon="-16.74081">
        <ele>207.1</ele>
      </trkpt>
      <trkpt lat="28.12264" lon="-16.74081">
        <ele>206.9</ele>
      </trkpt>
      <trkpt lat="28.1226" lon="-16.7408">
        <ele>206.7</ele>
      </trkpt>
      <trkpt lat="28.12256" lon="-16.74079">
        <ele>206.5</ele>
      </trkpt>
      <trkpt lat="28.12253" lon="-16.74078">
        <ele>206.3</ele>
      </trkpt>
      <trkpt lat="28.12244" lon="-16.74079">
        <ele>205.8</ele>
      </trkpt>
      <trkpt lat="28.12239" lon="-16.7408">
        <ele>205.6</ele>
      </trkpt>
      <trkpt lat="28.12235" lon="-16.74082">
        <ele>205.3</ele>
      </trkpt>
      <trkpt lat="28.12234" lon="-16.74082">
        <ele>205.3</ele>
      </trkpt>
      <trkpt lat="28.1223" lon="-16.740839">
        <ele>205.0</ele>
      </trkpt>
      <trkpt lat="28.12228" lon="-16.74086">
        <ele>204.9</ele>
      </trkpt>
      <trkpt lat="28.12221" lon="-16.74087">
        <ele>204.5</ele>
      </trkpt>
      <trkpt lat="28.12216" lon="-16.74091">
        <ele>204.1</ele>
      </trkpt>
      <trkpt lat="28.12204" lon="-16.741019">
        <ele>203.1</ele>
      </trkpt>
      <trkpt lat="28.12203" lon="-16.741019">
        <ele>203.0</ele>
      </trkpt>
      <trkpt lat="28.12192" lon="-16.741109">
        <ele>202.1</ele>
      </trkpt>
      <trkpt lat="28.12189" lon="-16.741129">
        <ele>201.8</ele>
      </trkpt>
      <trkpt lat="28.12177" lon="-16.741219">
        <ele>200.8</ele>
      </trkpt>
      <trkpt lat="28.1217" lon="-16.74126">
        <ele>200.2</ele>
      </trkpt>
      <trkpt lat="28.12165" lon="-16.741299">
        <ele>199.7</ele>
      </trkpt>
      <trkpt lat="28.12154" lon="-16.74136">
        <ele>199.0</ele>
      </trkpt>
      <trkpt lat="28.12153" lon="-16.74137">
        <ele>198.9</ele>
      </trkpt>
      <trkpt lat="28.12148" lon="-16.741399">
        <ele>198.6</ele>
      </trkpt>
      <trkpt lat="28.12139" lon="-16.74145">
        <ele>198.0</ele>
      </trkpt>
      <trkpt lat="28.12121" lon="-16.74152">
        <ele>196.8</ele>
      </trkpt>
      <trkpt lat="28.12117" lon="-16.74154">
        <ele>196.5</ele>
      </trkpt>
      <trkpt lat="28.12102" lon="-16.741579">
        <ele>195.6</ele>
      </trkpt>
      <trkpt lat="28.12089" lon="-16.74162">
        <ele>194.7</ele>
      </trkpt>
      <trkpt lat="28.12051" lon="-16.74173">
        <ele>191.0</ele>
      </trkpt>
      <trkpt lat="28.12019" lon="-16.74183">
        <ele>187.7</ele>
      </trkpt>
      <trkpt lat="28.12006" lon="-16.741869">
        <ele>186.3</ele>
      </trkpt>
      <trkpt lat="28.11956" lon="-16.74202">
        <ele>182.7</ele>
      </trkpt>
      <trkpt lat="28.11941" lon="-16.742069">
        <ele>181.7</ele>
      </trkpt>
      <trkpt lat="28.11941" lon="-16.742069">
        <ele>181.7</ele>
      </trkpt>
      <trkpt lat="28.11939" lon="-16.74212">
        <ele>181.4</ele>
      </trkpt>
      <trkpt lat="28.11938" lon="-16.74213">
        <ele>181.3</ele>
      </trkpt>
      <trkpt lat="28.11928" lon="-16.74227">
        <ele>180.3</ele>
      </trkpt>
      <trkpt lat="28.11929" lon="-16.74228">
        <ele>180.3</ele>
      </trkpt>
      <trkpt lat="28.1193" lon="-16.74231">
        <ele>180.2</ele>
      </trkpt>
      <trkpt lat="28.11931" lon="-16.742339">
        <ele>180.2</ele>
      </trkpt>
      <trkpt lat="28.11931" lon="-16.742349">
        <ele>180.1</ele>
      </trkpt>
      <trkpt lat="28.11931" lon="-16.74237">
        <ele>180.0</ele>
      </trkpt>
      <trkpt lat="28.11931" lon="-16.74239">
        <ele>180.0</ele>
      </trkpt>
      <trkpt lat="28.11931" lon="-16.74241">
        <ele>179.9</ele>
      </trkpt>
      <trkpt lat="28.11931" lon="-16.742429">
        <ele>179.8</ele>
      </trkpt>
      <trkpt lat="28.11931" lon="-16.74245">
        <ele>179.7</ele>
      </trkpt>
      <trkpt lat="28.1193" lon="-16.74247">
        <ele>179.6</ele>
      </trkpt>
      <trkpt lat="28.1193" lon="-16.74249">
        <ele>179.5</ele>
      </trkpt>
      <trkpt lat="28.11929" lon="-16.74251">
        <ele>179.4</ele>
      </trkpt>
      <trkpt lat="28.11928" lon="-16.742529">
        <ele>179.3</ele>
      </trkpt>
      <trkpt lat="28.11926" lon="-16.74256">
        <ele>179.0</ele>
      </trkpt>
      <trkpt lat="28.11925" lon="-16.74258">
        <ele>178.9</ele>
      </trkpt>
      <trkpt lat="28.11923" lon="-16.74259">
        <ele>178.7</ele>
      </trkpt>
      <trkpt lat="28.11922" lon="-16.74261">
        <ele>178.6</ele>
      </trkpt>
      <trkpt lat="28.11919" lon="-16.742629">
        <ele>178.3</ele>
      </trkpt>
      <trkpt lat="28.11917" lon="-16.74264">
        <ele>178.2</ele>
      </trkpt>
      <trkpt lat="28.11914" lon="-16.74265">
        <ele>178.0</ele>
      </trkpt>
      <trkpt lat="28.11912" lon="-16.74265">
        <ele>177.8</ele>
      </trkpt>
      <trkpt lat="28.11909" lon="-16.74266">
        <ele>177.6</ele>
      </trkpt>
      <trkpt lat="28.11906" lon="-16.74265">
        <ele>177.5</ele>
      </trkpt>
      <trkpt lat="28.11904" lon="-16.74265">
        <ele>177.4</ele>
      </trkpt>
      <trkpt lat="28.11901" lon="-16.74264">
        <ele>177.3</ele>
      </trkpt>
      <trkpt lat="28.11899" lon="-16.742629">
        <ele>177.2</ele>
      </trkpt>
      <trkpt lat="28.11896" lon="-16.74261">
        <ele>177.2</ele>
      </trkpt>
      <trkpt lat="28.11895" lon="-16.7426">
        <ele>177.2</ele>
      </trkpt>
      <trkpt lat="28.11894" lon="-16.74259">
        <ele>177.2</ele>
      </trkpt>
      <trkpt lat="28.11892" lon="-16.74257">
        <ele>177.2</ele>
      </trkpt>
      <trkpt lat="28.1189" lon="-16.74254">
        <ele>177.2</ele>
      </trkpt>
      <trkpt lat="28.11889" lon="-16.74251">
        <ele>177.3</ele>
      </trkpt>
      <trkpt lat="28.11888" lon="-16.74248">
        <ele>177.3</ele>
      </trkpt>
      <trkpt lat="28.11887" lon="-16.74245">
        <ele>177.4</ele>
      </trkpt>
      <trkpt lat="28.11886" lon="-16.74242">
        <ele>177.4</ele>
      </trkpt>
      <trkpt lat="28.11886" lon="-16.74239">
        <ele>177.5</ele>
      </trkpt>
      <trkpt lat="28.11886" lon="-16.74236">
        <ele>177.6</ele>
      </trkpt>
      <trkpt lat="28.11882" lon="-16.742329">
        <ele>177.4</ele>
      </trkpt>
      <trkpt lat="28.11878" lon="-16.74231">
        <ele>177.3</ele>
      </trkpt>
      <trkpt lat="28.11874" lon="-16.7423">
        <ele>177.0</ele>
      </trkpt>
      <trkpt lat="28.11869" lon="-16.74228">
        <ele>176.8</ele>
      </trkpt>
      <trkpt lat="28.11864" lon="-16.7423">
        <ele>176.4</ele>
      </trkpt>
      <trkpt lat="28.11821" lon="-16.74242">
        <ele>173.5</ele>
      </trkpt>
      <trkpt lat="28.11794" lon="-16.7425">
        <ele>171.6</ele>
      </trkpt>
      <trkpt lat="28.1176" lon="-16.74261">
        <ele>169.1</ele>
      </trkpt>
      <trkpt lat="28.11714" lon="-16.74275">
        <ele>166.3</ele>
      </trkpt>
      <trkpt lat="28.117" lon="-16.742809">
        <ele>165.6</ele>
      </trkpt>
      <trkpt lat="28.11689" lon="-16.74287">
        <ele>164.9</ele>
      </trkpt>
      <trkpt lat="28.1168" lon="-16.74293">
        <ele>164.4</ele>
      </trkpt>
      <trkpt lat="28.11675" lon="-16.74297">
        <ele>164.2</ele>
      </trkpt>
      <trkpt lat="28.11667" lon="-16.74304">
        <ele>163.7</ele>
      </trkpt>
      <trkpt lat="28.11654" lon="-16.74317">
        <ele>162.7</ele>
      </trkpt>
      <trkpt lat="28.11645" lon="-16.743269">
        <ele>161.9</ele>
      </trkpt>
      <trkpt lat="28.11638" lon="-16.743369">
        <ele>161.2</ele>
      </trkpt>
      <trkpt lat="28.11633" lon="-16.74345">
        <ele>160.7</ele>
      </trkpt>
      <trkpt lat="28.11628" lon="-16.743549">
        <ele>160.1</ele>
      </trkpt>
      <trkpt lat="28.11628" lon="-16.743559">
        <ele>160.1</ele>
      </trkpt>
      <trkpt lat="28.11625" lon="-16.74361">
        <ele>159.8</ele>
      </trkpt>
      <trkpt lat="28.11623" lon="-16.74368">
        <ele>159.6</ele>
      </trkpt>
      <trkpt lat="28.116207" lon="-16.743734">
        <ele>159.3</ele>
      </trkpt>
      <trkpt lat="28.1162" lon="-16.743749">
        <ele>159.3</ele>
      </trkpt>
      <trkpt lat="28.11618" lon="-16.74381">
        <ele>159.0</ele>
      </trkpt>
      <trkpt lat="28.11616" lon="-16.743939">
        <ele>158.7</ele>
      </trkpt>
      <trkpt lat="28.11616" lon="-16.744039">
        <ele>158.4</ele>
      </trkpt>
      <trkpt lat="28.11617" lon="-16.74415">
        <ele>158.2</ele>
      </trkpt>
      <trkpt lat="28.11618" lon="-16.74414">
        <ele>158.3</ele>
      </trkpt>
      <trkpt lat="28.11619" lon="-16.74414">
        <ele>158.3</ele>
      </trkpt>
      <trkpt lat="28.1162" lon="-16.74414">
        <ele>158.4</ele>
      </trkpt>
      <trkpt lat="28.1162" lon="-16.74415">
        <ele>158.4</ele>
      </trkpt>
      <trkpt lat="28.11621" lon="-16.74415">
        <ele>158.4</ele>
      </trkpt>
      <trkpt lat="28.11622" lon="-16.74415">
        <ele>158.4</ele>
      </trkpt>
      <trkpt lat="28.11623" lon="-16.74416">
        <ele>158.4</ele>
      </trkpt>
      <trkpt lat="28.11624" lon="-16.74416">
        <ele>158.5</ele>
      </trkpt>
      <trkpt lat="28.11624" lon="-16.74417">
        <ele>158.5</ele>
      </trkpt>
      <trkpt lat="28.11625" lon="-16.74417">
        <ele>158.5</ele>
      </trkpt>
      <trkpt lat="28.11625" lon="-16.74418">
        <ele>158.5</ele>
      </trkpt>
      <trkpt lat="28.11626" lon="-16.74418">
        <ele>158.5</ele>
      </trkpt>
      <trkpt lat="28.11626" lon="-16.74419">
        <ele>158.5</ele>
      </trkpt>
      <trkpt lat="28.11626" lon="-16.7442">
        <ele>158.5</ele>
      </trkpt>
      <trkpt lat="28.11627" lon="-16.7442">
        <ele>158.5</ele>
      </trkpt>
      <trkpt lat="28.11627" lon="-16.744209">
        <ele>158.5</ele>
      </trkpt>
      <trkpt lat="28.11627" lon="-16.744219">
        <ele>158.5</ele>
      </trkpt>
      <trkpt lat="28.11627" lon="-16.74423">
        <ele>158.5</ele>
      </trkpt>
      <trkpt lat="28.11628" lon="-16.74424">
        <ele>158.5</ele>
      </trkpt>
      <trkpt lat="28.11628" lon="-16.74425">
        <ele>158.5</ele>
      </trkpt>
      <trkpt lat="28.11628" lon="-16.74426">
        <ele>158.5</ele>
      </trkpt>
      <trkpt lat="28.11627" lon="-16.74426">
        <ele>158.4</ele>
      </trkpt>
      <trkpt lat="28.11627" lon="-16.74427">
        <ele>158.4</ele>
      </trkpt>
      <trkpt lat="28.11627" lon="-16.74428">
        <ele>158.4</ele>
      </trkpt>
      <trkpt lat="28.11627" lon="-16.74429">
        <ele>158.4</ele>
      </trkpt>
      <trkpt lat="28.11626" lon="-16.7443">
        <ele>158.3</ele>
      </trkpt>
      <trkpt lat="28.11626" lon="-16.744309">
        <ele>158.3</ele>
      </trkpt>
      <trkpt lat="28.11625" lon="-16.744309">
        <ele>158.2</ele>
      </trkpt>
      <trkpt lat="28.11625" lon="-16.744319">
        <ele>158.2</ele>
      </trkpt>
      <trkpt lat="28.11624" lon="-16.744319">
        <ele>158.2</ele>
      </trkpt>
      <trkpt lat="28.11624" lon="-16.74433">
        <ele>158.2</ele>
      </trkpt>
      <trkpt lat="28.11623" lon="-16.74433">
        <ele>158.1</ele>
      </trkpt>
      <trkpt lat="28.11623" lon="-16.74434">
        <ele>158.1</ele>
      </trkpt>
      <trkpt lat="28.11622" lon="-16.74434">
        <ele>158.0</ele>
      </trkpt>
      <trkpt lat="28.11621" lon="-16.74434">
        <ele>158.0</ele>
      </trkpt>
      <trkpt lat="28.11621" lon="-16.74435">
        <ele>158.0</ele>
      </trkpt>
      <trkpt lat="28.1162" lon="-16.74435">
        <ele>157.9</ele>
      </trkpt>
      <trkpt lat="28.11619" lon="-16.74435">
        <ele>157.8</ele>
      </trkpt>
      <trkpt lat="28.11618" lon="-16.74435">
        <ele>157.8</ele>
      </trkpt>
      <trkpt lat="28.11617" lon="-16.74435">
        <ele>157.7</ele>
      </trkpt>
      <trkpt lat="28.11616" lon="-16.74435">
        <ele>157.7</ele>
      </trkpt>
      <trkpt lat="28.11616" lon="-16.74434">
        <ele>157.7</ele>
      </trkpt>
      <trkpt lat="28.11615" lon="-16.74434">
        <ele>157.7</ele>
      </trkpt>
      <trkpt lat="28.11614" lon="-16.74434">
        <ele>157.6</ele>
      </trkpt>
      <trkpt lat="28.11614" lon="-16.74433">
        <ele>157.6</ele>
      </trkpt>
      <trkpt lat="28.11613" lon="-16.74433">
        <ele>157.6</ele>
      </trkpt>
      <trkpt lat="28.11612" lon="-16.744319">
        <ele>157.6</ele>
      </trkpt>
      <trkpt lat="28.11611" lon="-16.74436">
        <ele>157.4</ele>
      </trkpt>
      <trkpt lat="28.1161" lon="-16.74437">
        <ele>157.3</ele>
      </trkpt>
      <trkpt lat="28.11608" lon="-16.74444">
        <ele>156.9</ele>
      </trkpt>
      <trkpt lat="28.11605" lon="-16.74455">
        <ele>156.3</ele>
      </trkpt>
      <trkpt lat="28.11605" lon="-16.74456">
        <ele>156.3</ele>
      </trkpt>
      <trkpt lat="28.11603" lon="-16.74476">
        <ele>155.3</ele>
      </trkpt>
      <trkpt lat="28.11601" lon="-16.74482">
        <ele>154.9</ele>
      </trkpt>
      <trkpt lat="28.11597" lon="-16.744969">
        <ele>153.8</ele>
      </trkpt>
      <trkpt lat="28.1159" lon="-16.74512">
        <ele>153.1</ele>
      </trkpt>
      <trkpt lat="28.11575" lon="-16.74531">
        <ele>151.9</ele>
      </trkpt>
      <trkpt lat="28.11573" lon="-16.74533">
        <ele>151.7</ele>
      </trkpt>
      <trkpt lat="28.11564" lon="-16.7454">
        <ele>151.0</ele>
      </trkpt>
      <trkpt lat="28.11557" lon="-16.745429">
        <ele>150.4</ele>
      </trkpt>
      <trkpt lat="28.11552" lon="-16.74546">
        <ele>150.0</ele>
      </trkpt>
      <trkpt lat="28.11543" lon="-16.7455">
        <ele>149.2</ele>
      </trkpt>
      <trkpt lat="28.1154" lon="-16.74551">
        <ele>149.0</ele>
      </trkpt>
      <trkpt lat="28.11529" lon="-16.745529">
        <ele>148.0</ele>
      </trkpt>
      <trkpt lat="28.11523" lon="-16.74555">
        <ele>147.5</ele>
      </trkpt>
      <trkpt lat="28.11505" lon="-16.74558">
        <ele>146.0</ele>
      </trkpt>
      <trkpt lat="28.11493" lon="-16.74561">
        <ele>144.9</ele>
      </trkpt>
      <trkpt lat="28.11475" lon="-16.74564">
        <ele>143.0</ele>
      </trkpt>
      <trkpt lat="28.11466" lon="-16.74566">
        <ele>142.1</ele>
      </trkpt>
      <trkpt lat="28.11451" lon="-16.74568">
        <ele>140.5</ele>
      </trkpt>
      <trkpt lat="28.11435" lon="-16.74568">
        <ele>138.7</ele>
      </trkpt>
      <trkpt lat="28.11399" lon="-16.745629">
        <ele>134.4</ele>
      </trkpt>
      <trkpt lat="28.11382" lon="-16.74561">
        <ele>132.3</ele>
      </trkpt>
      <trkpt lat="28.11376" lon="-16.7456">
        <ele>131.6</ele>
      </trkpt>
      <trkpt lat="28.11373" lon="-16.7456">
        <ele>131.3</ele>
      </trkpt>
      <trkpt lat="28.11369" lon="-16.745619">
        <ele>130.8</ele>
      </trkpt>
      <trkpt lat="28.11364" lon="-16.745629">
        <ele>130.2</ele>
      </trkpt>
      <trkpt lat="28.1136" lon="-16.74565">
        <ele>129.7</ele>
      </trkpt>
      <trkpt lat="28.11357" lon="-16.74568">
        <ele>129.3</ele>
      </trkpt>
      <trkpt lat="28.11353" lon="-16.745719">
        <ele>128.7</ele>
      </trkpt>
      <trkpt lat="28.11349" lon="-16.74576">
        <ele>128.2</ele>
      </trkpt>
      <trkpt lat="28.11347" lon="-16.74579">
        <ele>127.9</ele>
      </trkpt>
      <trkpt lat="28.11344" lon="-16.74585">
        <ele>127.4</ele>
      </trkpt>
      <trkpt lat="28.11342" lon="-16.74589">
        <ele>127.1</ele>
      </trkpt>
      <trkpt lat="28.11341" lon="-16.74594">
        <ele>126.9</ele>
      </trkpt>
      <trkpt lat="28.1134" lon="-16.745999">
        <ele>126.7</ele>
      </trkpt>
      <trkpt lat="28.1134" lon="-16.746009">
        <ele>126.7</ele>
      </trkpt>
      <trkpt lat="28.1134" lon="-16.74604">
        <ele>126.7</ele>
      </trkpt>
      <trkpt lat="28.11341" lon="-16.746099">
        <ele>126.8</ele>
      </trkpt>
      <trkpt lat="28.11341" lon="-16.746189">
        <ele>126.7</ele>
      </trkpt>
      <trkpt lat="28.11346" lon="-16.7466">
        <ele>127.2</ele>
      </trkpt>
      <trkpt lat="28.11348" lon="-16.746939">
        <ele>128.1</ele>
      </trkpt>
      <trkpt lat="28.11348" lon="-16.74699">
        <ele>128.2</ele>
      </trkpt>
      <trkpt lat="28.11348" lon="-16.74705">
        <ele>128.3</ele>
      </trkpt>
      <trkpt lat="28.11348" lon="-16.7471">
        <ele>128.4</ele>
      </trkpt>
      <trkpt lat="28.11347" lon="-16.74715">
        <ele>128.4</ele>
      </trkpt>
      <trkpt lat="28.11347" lon="-16.74719">
        <ele>128.5</ele>
      </trkpt>
      <trkpt lat="28.11346" lon="-16.747229">
        <ele>128.4</ele>
      </trkpt>
      <trkpt lat="28.11346" lon="-16.74725">
        <ele>128.4</ele>
      </trkpt>
      <trkpt lat="28.11345" lon="-16.7473">
        <ele>128.4</ele>
      </trkpt>
      <trkpt lat="28.11343" lon="-16.74734">
        <ele>128.1</ele>
      </trkpt>
      <trkpt lat="28.11342" lon="-16.74738">
        <ele>128.1</ele>
      </trkpt>
      <trkpt lat="28.1134" lon="-16.74742">
        <ele>127.9</ele>
      </trkpt>
      <trkpt lat="28.11339" lon="-16.74745">
        <ele>127.8</ele>
      </trkpt>
      <trkpt lat="28.11336" lon="-16.747499">
        <ele>127.4</ele>
      </trkpt>
      <trkpt lat="28.11333" lon="-16.74754">
        <ele>127.1</ele>
      </trkpt>
      <trkpt lat="28.11329" lon="-16.747599">
        <ele>126.4</ele>
      </trkpt>
      <trkpt lat="28.11325" lon="-16.74766">
        <ele>125.9</ele>
      </trkpt>
      <trkpt lat="28.11319" lon="-16.74771">
        <ele>124.9</ele>
      </trkpt>
      <trkpt lat="28.11316" lon="-16.74774">
        <ele>124.5</ele>
      </trkpt>
      <trkpt lat="28.11312" lon="-16.74776">
        <ele>123.9</ele>
      </trkpt>
      <trkpt lat="28.11308" lon="-16.747789">
        <ele>123.3</ele>
      </trkpt>
      <trkpt lat="28.11303" lon="-16.74782">
        <ele>122.6</ele>
      </trkpt>
      <trkpt lat="28.11296" lon="-16.74785">
        <ele>121.6</ele>
      </trkpt>
      <trkpt lat="28.11267" lon="-16.74796">
        <ele>117.9</ele>
      </trkpt>
      <trkpt lat="28.1125" lon="-16.74802">
        <ele>116.1</ele>
      </trkpt>
      <trkpt lat="28.11215" lon="-16.74814">
        <ele>113.5</ele>
      </trkpt>
      <trkpt lat="28.11206" lon="-16.74818">
        <ele>112.9</ele>
      </trkpt>
      <trkpt lat="28.11198" lon="-16.74821">
        <ele>112.3</ele>
      </trkpt>
      <trkpt lat="28.11191" lon="-16.74823">
        <ele>111.7</ele>
      </trkpt>
      <trkpt lat="28.11174" lon="-16.74829">
        <ele>110.3</ele>
      </trkpt>
      <trkpt lat="28.1117" lon="-16.74831">
        <ele>110.1</ele>
      </trkpt>
      <trkpt lat="28.11167" lon="-16.74831">
        <ele>109.7</ele>
      </trkpt>
      <trkpt lat="28.11166" lon="-16.74832">
        <ele>109.7</ele>
      </trkpt>
      <trkpt lat="28.11163" lon="-16.74832">
        <ele>109.4</ele>
      </trkpt>
      <trkpt lat="28.11161" lon="-16.74832">
        <ele>109.1</ele>
      </trkpt>
      <trkpt lat="28.1116" lon="-16.74832">
        <ele>109.0</ele>
      </trkpt>
      <trkpt lat="28.11157" lon="-16.74832">
        <ele>108.7</ele>
      </trkpt>
      <trkpt lat="28.11154" lon="-16.74832">
        <ele>108.3</ele>
      </trkpt>
      <trkpt lat="28.1115" lon="-16.74832">
        <ele>107.8</ele>
      </trkpt>
      <trkpt lat="28.11146" lon="-16.74831">
        <ele>107.2</ele>
      </trkpt>
      <trkpt lat="28.11143" lon="-16.74831">
        <ele>106.9</ele>
      </trkpt>
      <trkpt lat="28.11142" lon="-16.74831">
        <ele>106.8</ele>
      </trkpt>
      <trkpt lat="28.1114" lon="-16.7483">
        <ele>106.4</ele>
      </trkpt>
      <trkpt lat="28.11137" lon="-16.74829">
        <ele>106.0</ele>
      </trkpt>
      <trkpt lat="28.11133" lon="-16.74828">
        <ele>105.4</ele>
      </trkpt>
      <trkpt lat="28.11128" lon="-16.748249">
        <ele>104.6</ele>
      </trkpt>
      <trkpt lat="28.11126" lon="-16.74823">
        <ele>104.2</ele>
      </trkpt>
      <trkpt lat="28.11124" lon="-16.74821">
        <ele>103.8</ele>
      </trkpt>
      <trkpt lat="28.11116" lon="-16.74814">
        <ele>102.4</ele>
      </trkpt>
      <trkpt lat="28.11112" lon="-16.748069">
        <ele>101.5</ele>
      </trkpt>
      <trkpt lat="28.11108" lon="-16.74799">
        <ele>100.6</ele>
      </trkpt>
      <trkpt lat="28.11106" lon="-16.74793">
        <ele>100.1</ele>
      </trkpt>
      <trkpt lat="28.11104" lon="-16.74786">
        <ele>99.5</ele>
      </trkpt>
      <trkpt lat="28.11104" lon="-16.74782">
        <ele>99.3</ele>
      </trkpt>
      <trkpt lat="28.11104" lon="-16.74777">
        <ele>98.9</ele>
      </trkpt>
      <trkpt lat="28.11104" lon="-16.74771">
        <ele>98.6</ele>
      </trkpt>
      <trkpt lat="28.11105" lon="-16.74764">
        <ele>98.2</ele>
      </trkpt>
      <trkpt lat="28.11109" lon="-16.74745">
        <ele>97.2</ele>
      </trkpt>
      <trkpt lat="28.1111" lon="-16.747409">
        <ele>97.1</ele>
      </trkpt>
      <trkpt lat="28.11113" lon="-16.747309">
        <ele>97.0</ele>
      </trkpt>
      <trkpt lat="28.11122" lon="-16.747029">
        <ele>96.8</ele>
      </trkpt>
      <trkpt lat="28.11125" lon="-16.746929">
        <ele>96.8</ele>
      </trkpt>
      <trkpt lat="28.11126" lon="-16.74686">
        <ele>96.8</ele>
      </trkpt>
      <trkpt lat="28.11127" lon="-16.7468">
        <ele>96.8</ele>
      </trkpt>
      <trkpt lat="28.11126" lon="-16.746749">
        <ele>96.7</ele>
      </trkpt>
      <trkpt lat="28.11125" lon="-16.74667">
        <ele>96.5</ele>
      </trkpt>
      <trkpt lat="28.11124" lon="-16.74662">
        <ele>96.4</ele>
      </trkpt>
      <trkpt lat="28.11122" lon="-16.74658">
        <ele>96.2</ele>
      </trkpt>
      <trkpt lat="28.1112" lon="-16.74654">
        <ele>96.0</ele>
      </trkpt>
      <trkpt lat="28.1112" lon="-16.74653">
        <ele>96.0</ele>
      </trkpt>
      <trkpt lat="28.11119" lon="-16.74651">
        <ele>95.9</ele>
      </trkpt>
      <trkpt lat="28.11115" lon="-16.74645">
        <ele>95.5</ele>
      </trkpt>
      <trkpt lat="28.1111" lon="-16.74639">
        <ele>94.9</ele>
      </trkpt>
      <trkpt lat="28.11109" lon="-16.746379">
        <ele>94.8</ele>
      </trkpt>
      <trkpt lat="28.11106" lon="-16.74636">
        <ele>94.4</ele>
      </trkpt>
      <trkpt lat="28.11101" lon="-16.74632">
        <ele>93.8</ele>
      </trkpt>
      <trkpt lat="28.11098" lon="-16.7463">
        <ele>93.4</ele>
      </trkpt>
      <trkpt lat="28.11094" lon="-16.746289">
        <ele>92.9</ele>
      </trkpt>
      <trkpt lat="28.11089" lon="-16.74627">
        <ele>92.3</ele>
      </trkpt>
      <trkpt lat="28.11083" lon="-16.74627">
        <ele>91.6</ele>
      </trkpt>
      <trkpt lat="28.11079" lon="-16.74627">
        <ele>91.2</ele>
      </trkpt>
      <trkpt lat="28.11075" lon="-16.74627">
        <ele>90.7</ele>
      </trkpt>
      <trkpt lat="28.11065" lon="-16.746279">
        <ele>89.7</ele>
      </trkpt>
      <trkpt lat="28.11057" lon="-16.7463">
        <ele>89.0</ele>
      </trkpt>
      <trkpt lat="28.11042" lon="-16.74633">
        <ele>87.5</ele>
      </trkpt>
      <trkpt lat="28.10991" lon="-16.74644">
        <ele>83.2</ele>
      </trkpt>
      <trkpt lat="28.10989" lon="-16.74644">
        <ele>83.1</ele>
      </trkpt>
      <trkpt lat="28.10934" lon="-16.746559">
        <ele>80.2</ele>
      </trkpt>
      <trkpt lat="28.10926" lon="-16.74658">
        <ele>79.7</ele>
      </trkpt>
      <trkpt lat="28.10889" lon="-16.746659">
        <ele>77.7</ele>
      </trkpt>
      <trkpt lat="28.10847" lon="-16.746749">
        <ele>75.5</ele>
      </trkpt>
      <trkpt lat="28.10797" lon="-16.746849">
        <ele>72.7</ele>
      </trkpt>
      <trkpt lat="28.10793" lon="-16.74686">
        <ele>72.5</ele>
      </trkpt>
      <trkpt lat="28.10777" lon="-16.74689">
        <ele>71.6</ele>
      </trkpt>
      <trkpt lat="28.10765" lon="-16.746939">
        <ele>70.8</ele>
      </trkpt>
      <trkpt lat="28.10756" lon="-16.74699">
        <ele>70.0</ele>
      </trkpt>
      <trkpt lat="28.10746" lon="-16.74707">
        <ele>69.0</ele>
      </trkpt>
      <trkpt lat="28.10737" lon="-16.747129">
        <ele>68.2</ele>
      </trkpt>
      <trkpt lat="28.10719" lon="-16.74726">
        <ele>66.6</ele>
      </trkpt>
      <trkpt lat="28.10713" lon="-16.7473">
        <ele>66.1</ele>
      </trkpt>
      <trkpt lat="28.10708" lon="-16.74734">
        <ele>65.6</ele>
      </trkpt>
      <trkpt lat="28.10702" lon="-16.74738">
        <ele>65.1</ele>
      </trkpt>
      <trkpt lat="28.10696" lon="-16.74742">
        <ele>64.6</ele>
      </trkpt>
      <trkpt lat="28.10687" lon="-16.74746">
        <ele>64.0</ele>
      </trkpt>
      <trkpt lat="28.1068" lon="-16.747499">
        <ele>63.5</ele>
      </trkpt>
      <trkpt lat="28.10672" lon="-16.74753">
        <ele>63.0</ele>
      </trkpt>
      <trkpt lat="28.10662" lon="-16.74756">
        <ele>62.6</ele>
      </trkpt>
      <trkpt lat="28.10654" lon="-16.74758">
        <ele>62.5</ele>
      </trkpt>
      <trkpt lat="28.10645" lon="-16.747589">
        <ele>62.3</ele>
      </trkpt>
      <trkpt lat="28.10635" lon="-16.747599">
        <ele>62.2</ele>
      </trkpt>
      <trkpt lat="28.10627" lon="-16.74761">
        <ele>62.1</ele>
      </trkpt>
      <trkpt lat="28.1062" lon="-16.74763">
        <ele>61.9</ele>
      </trkpt>
      <trkpt lat="28.10612" lon="-16.74766">
        <ele>61.5</ele>
      </trkpt>
      <trkpt lat="28.10595" lon="-16.74773">
        <ele>60.7</ele>
      </trkpt>
      <trkpt lat="28.10582" lon="-16.74777">
        <ele>60.1</ele>
      </trkpt>
      <trkpt lat="28.1057" lon="-16.74781">
        <ele>59.5</ele>
      </trkpt>
      <trkpt lat="28.10546" lon="-16.74791">
        <ele>58.1</ele>
      </trkpt>
      <trkpt lat="28.10535" lon="-16.74796">
        <ele>57.5</ele>
      </trkpt>
      <trkpt lat="28.10526" lon="-16.748">
        <ele>57.1</ele>
      </trkpt>
      <trkpt lat="28.10517" lon="-16.748059">
        <ele>56.4</ele>
      </trkpt>
      <trkpt lat="28.10506" lon="-16.74813">
        <ele>55.7</ele>
      </trkpt>
      <trkpt lat="28.10493" lon="-16.74822">
        <ele>54.8</ele>
      </trkpt>
      <trkpt lat="28.10468" lon="-16.74837">
        <ele>52.9</ele>
      </trkpt>
      <trkpt lat="28.1044" lon="-16.74856">
        <ele>51.0</ele>
      </trkpt>
      <trkpt lat="28.10418" lon="-16.748719">
        <ele>49.7</ele>
      </trkpt>
      <trkpt lat="28.10395" lon="-16.74886">
        <ele>48.8</ele>
      </trkpt>
      <trkpt lat="28.10359" lon="-16.74911">
        <ele>47.3</ele>
      </trkpt>
      <trkpt lat="28.10359" lon="-16.74912">
        <ele>47.3</ele>
      </trkpt>
      <trkpt lat="28.10354" lon="-16.74916">
        <ele>47.0</ele>
      </trkpt>
      <trkpt lat="28.10349" lon="-16.749199">
        <ele>46.7</ele>
      </trkpt>
      <trkpt lat="28.10345" lon="-16.74926">
        <ele>46.3</ele>
      </trkpt>
      <trkpt lat="28.1034" lon="-16.74931">
        <ele>45.8</ele>
      </trkpt>
      <trkpt lat="28.10336" lon="-16.749379">
        <ele>45.2</ele>
      </trkpt>
      <trkpt lat="28.10332" lon="-16.74945">
        <ele>44.6</ele>
      </trkpt>
      <trkpt lat="28.1033" lon="-16.7495">
        <ele>44.2</ele>
      </trkpt>
      <trkpt lat="28.10327" lon="-16.749569">
        <ele>43.7</ele>
      </trkpt>
      <trkpt lat="28.10325" lon="-16.74964">
        <ele>43.2</ele>
      </trkpt>
      <trkpt lat="28.10323" lon="-16.74973">
        <ele>42.5</ele>
      </trkpt>
      <trkpt lat="28.10322" lon="-16.74979">
        <ele>42.1</ele>
      </trkpt>
      <trkpt lat="28.10321" lon="-16.74988">
        <ele>41.4</ele>
      </trkpt>
      <trkpt lat="28.10321" lon="-16.749949">
        <ele>40.8</ele>
      </trkpt>
      <trkpt lat="28.10322" lon="-16.75002">
        <ele>40.2</ele>
      </trkpt>
      <trkpt lat="28.10323" lon="-16.75011">
        <ele>39.4</ele>
      </trkpt>
      <trkpt lat="28.10325" lon="-16.750219">
        <ele>38.3</ele>
      </trkpt>
      <trkpt lat="28.10329" lon="-16.75034">
        <ele>37.2</ele>
      </trkpt>
      <trkpt lat="28.10334" lon="-16.75044">
        <ele>36.4</ele>
      </trkpt>
      <trkpt lat="28.10338" lon="-16.75052">
        <ele>36.0</ele>
      </trkpt>
      <trkpt lat="28.10352" lon="-16.75076">
        <ele>35.5</ele>
      </trkpt>
      <trkpt lat="28.10367" lon="-16.751">
        <ele>35.8</ele>
      </trkpt>
      <trkpt lat="28.10371" lon="-16.7511">
        <ele>35.6</ele>
      </trkpt>
      <trkpt lat="28.10388" lon="-16.75128">
        <ele>35.7</ele>
      </trkpt>
      <trkpt lat="28.10388" lon="-16.75128">
        <ele>35.7</ele>
      </trkpt>
      <trkpt lat="28.10391" lon="-16.75127">
        <ele>36.0</ele>
      </trkpt>
      <trkpt lat="28.10393" lon="-16.751259">
        <ele>36.2</ele>
      </trkpt>
      <trkpt lat="28.10396" lon="-16.751259">
        <ele>36.4</ele>
      </trkpt>
      <trkpt lat="28.10398" lon="-16.751249">
        <ele>36.7</ele>
      </trkpt>
      <trkpt lat="28.10401" lon="-16.751249">
        <ele>36.9</ele>
      </trkpt>
      <trkpt lat="28.10403" lon="-16.751259">
        <ele>36.9</ele>
      </trkpt>
      <trkpt lat="28.10406" lon="-16.75127">
        <ele>37.1</ele>
      </trkpt>
      <trkpt lat="28.10408" lon="-16.75127">
        <ele>37.2</ele>
      </trkpt>
      <trkpt lat="28.1041" lon="-16.75129">
        <ele>37.2</ele>
      </trkpt>
      <trkpt lat="28.10412" lon="-16.7513">
        <ele>37.2</ele>
      </trkpt>
      <trkpt lat="28.10414" lon="-16.75132">
        <ele>37.2</ele>
      </trkpt>
      <trkpt lat="28.10415" lon="-16.75133">
        <ele>37.1</ele>
      </trkpt>
      <trkpt lat="28.10417" lon="-16.751339">
        <ele>37.1</ele>
      </trkpt>
      <trkpt lat="28.10418" lon="-16.751349">
        <ele>37.1</ele>
      </trkpt>
      <trkpt lat="28.10419" lon="-16.75137">
        <ele>36.9</ele>
      </trkpt>
      <trkpt lat="28.10419" lon="-16.75138">
        <ele>36.8</ele>
      </trkpt>
      <trkpt lat="28.1042" lon="-16.7514">
        <ele>36.6</ele>
      </trkpt>
      <trkpt lat="28.10421" lon="-16.75141">
        <ele>36.5</ele>
      </trkpt>
      <trkpt lat="28.10421" lon="-16.75143">
        <ele>36.3</ele>
      </trkpt>
      <trkpt lat="28.10422" lon="-16.75148">
        <ele>35.8</ele>
      </trkpt>
      <trkpt lat="28.10422" lon="-16.75152">
        <ele>35.4</ele>
      </trkpt>
      <trkpt lat="28.10421" lon="-16.75155">
        <ele>35.1</ele>
      </trkpt>
      <trkpt lat="28.1042" lon="-16.75159">
        <ele>34.7</ele>
      </trkpt>
      <trkpt lat="28.10419" lon="-16.751619">
        <ele>34.4</ele>
      </trkpt>
      <trkpt lat="28.10417" lon="-16.75165">
        <ele>34.2</ele>
      </trkpt>
      <trkpt lat="28.10415" lon="-16.75168">
        <ele>33.8</ele>
      </trkpt>
      <trkpt lat="28.10413" lon="-16.75171">
        <ele>33.4</ele>
      </trkpt>
      <trkpt lat="28.1041" lon="-16.751729">
        <ele>33.1</ele>
      </trkpt>
      <trkpt lat="28.10407" lon="-16.75175">
        <ele>32.7</ele>
      </trkpt>
      <trkpt lat="28.10405" lon="-16.75176">
        <ele>32.6</ele>
      </trkpt>
      <trkpt lat="28.10402" lon="-16.75177">
        <ele>32.4</ele>
      </trkpt>
      <trkpt lat="28.10398" lon="-16.75178">
        <ele>32.2</ele>
      </trkpt>
      <trkpt lat="28.10396" lon="-16.75178">
        <ele>32.2</ele>
      </trkpt>
      <trkpt lat="28.10395" lon="-16.75178">
        <ele>32.1</ele>
      </trkpt>
      <trkpt lat="28.10393" lon="-16.75178">
        <ele>32.1</ele>
      </trkpt>
      <trkpt lat="28.10391" lon="-16.75178">
        <ele>32.1</ele>
      </trkpt>
      <trkpt lat="28.10389" lon="-16.75177">
        <ele>32.1</ele>
      </trkpt>
      <trkpt lat="28.10387" lon="-16.75177">
        <ele>32.0</ele>
      </trkpt>
      <trkpt lat="28.10385" lon="-16.75176">
        <ele>32.1</ele>
      </trkpt>
      <trkpt lat="28.10383" lon="-16.75175">
        <ele>32.1</ele>
      </trkpt>
      <trkpt lat="28.10374" lon="-16.75199">
        <ele>30.2</ele>
      </trkpt>
      <trkpt lat="28.10374" lon="-16.75199">
        <ele>30.2</ele>
      </trkpt>
      <trkpt lat="28.10374" lon="-16.75199">
        <ele>30.2</ele>
      </trkpt>
      <trkpt lat="28.10361" lon="-16.75233">
        <ele>28.3</ele>
      </trkpt>
      <trkpt lat="28.10355" lon="-16.75243">
        <ele>28.0</ele>
      </trkpt>
      <trkpt lat="28.10349" lon="-16.7526">
        <ele>27.3</ele>
      </trkpt>
      <trkpt lat="28.1035" lon="-16.75261">
        <ele>27.2</ele>
      </trkpt>
      <trkpt lat="28.10351" lon="-16.75262">
        <ele>27.1</ele>
      </trkpt>
      <trkpt lat="28.10351" lon="-16.75263">
        <ele>27.0</ele>
      </trkpt>
      <trkpt lat="28.10352" lon="-16.75263">
        <ele>26.9</ele>
      </trkpt>
      <trkpt lat="28.10352" lon="-16.75264">
        <ele>26.9</ele>
      </trkpt>
      <trkpt lat="28.10352" lon="-16.75265">
        <ele>26.8</ele>
      </trkpt>
      <trkpt lat="28.10352" lon="-16.752659">
        <ele>26.7</ele>
      </trkpt>
      <trkpt lat="28.10352" lon="-16.752669">
        <ele>26.7</ele>
      </trkpt>
      <trkpt lat="28.10352" lon="-16.75268">
        <ele>26.6</ele>
      </trkpt>
      <trkpt lat="28.10352" lon="-16.75269">
        <ele>26.5</ele>
      </trkpt>
      <trkpt lat="28.10351" lon="-16.75269">
        <ele>26.6</ele>
      </trkpt>
      <trkpt lat="28.10351" lon="-16.7527">
        <ele>26.5</ele>
      </trkpt>
      <trkpt lat="28.1035" lon="-16.75271">
        <ele>26.5</ele>
      </trkpt>
      <trkpt lat="28.10349" lon="-16.75271">
        <ele>26.5</ele>
      </trkpt>
      <trkpt lat="28.10349" lon="-16.75272">
        <ele>26.5</ele>
      </trkpt>
      <trkpt lat="28.10348" lon="-16.75272">
        <ele>26.5</ele>
      </trkpt>
      <trkpt lat="28.10347" lon="-16.75272">
        <ele>26.6</ele>
      </trkpt>
      <trkpt lat="28.10336" lon="-16.75291">
        <ele>25.9</ele>
      </trkpt>
      <trkpt lat="28.10319" lon="-16.7531">
        <ele>24.1</ele>
      </trkpt>
      <trkpt lat="28.10302" lon="-16.753309">
        <ele>22.4</ele>
      </trkpt>
      <trkpt lat="28.10285" lon="-16.75352">
        <ele>21.1</ele>
      </trkpt>
      <trkpt lat="28.10271" lon="-16.75372">
        <ele>20.2</ele>
      </trkpt>
      <trkpt lat="28.10271" lon="-16.75372">
        <ele>20.2</ele>
      </trkpt>
      <trkpt lat="28.10272" lon="-16.75374">
        <ele>20.2</ele>
      </trkpt>
      <trkpt lat="28.10273" lon="-16.75377">
        <ele>20.1</ele>
      </trkpt>
      <trkpt lat="28.10273" lon="-16.753789">
        <ele>20.0</ele>
      </trkpt>
      <trkpt lat="28.10273" lon="-16.75382">
        <ele>19.9</ele>
      </trkpt>
      <trkpt lat="28.10273" lon="-16.75385">
        <ele>19.8</ele>
      </trkpt>
      <trkpt lat="28.10273" lon="-16.75387">
        <ele>19.7</ele>
      </trkpt>
      <trkpt lat="28.10273" lon="-16.7539">
        <ele>19.6</ele>
      </trkpt>
      <trkpt lat="28.10272" lon="-16.75392">
        <ele>19.6</ele>
      </trkpt>
      <trkpt lat="28.10271" lon="-16.75395">
        <ele>19.5</ele>
      </trkpt>
      <trkpt lat="28.1027" lon="-16.753969">
        <ele>19.4</ele>
      </trkpt>
      <trkpt lat="28.10268" lon="-16.754">
        <ele>19.3</ele>
      </trkpt>
      <trkpt lat="28.10266" lon="-16.75402">
        <ele>19.3</ele>
      </trkpt>
      <trkpt lat="28.10264" lon="-16.75403">
        <ele>19.2</ele>
      </trkpt>
      <trkpt lat="28.10262" lon="-16.75405">
        <ele>19.2</ele>
      </trkpt>
      <trkpt lat="28.1026" lon="-16.754059">
        <ele>19.2</ele>
      </trkpt>
      <trkpt lat="28.10258" lon="-16.754069">
        <ele>19.2</ele>
      </trkpt>
      <trkpt lat="28.10256" lon="-16.754079">
        <ele>19.2</ele>
      </trkpt>
      <trkpt lat="28.10254" lon="-16.754079">
        <ele>19.2</ele>
      </trkpt>
      <trkpt lat="28.10252" lon="-16.754079">
        <ele>19.2</ele>
      </trkpt>
      <trkpt lat="28.10251" lon="-16.754079">
        <ele>19.2</ele>
      </trkpt>
      <trkpt lat="28.10249" lon="-16.754079">
        <ele>19.1</ele>
      </trkpt>
      <trkpt lat="28.10247" lon="-16.754079">
        <ele>19.0</ele>
      </trkpt>
      <trkpt lat="28.10244" lon="-16.754079">
        <ele>18.7</ele>
      </trkpt>
      <trkpt lat="28.10242" lon="-16.754069">
        <ele>18.6</ele>
      </trkpt>
      <trkpt lat="28.1024" lon="-16.754059">
        <ele>18.5</ele>
      </trkpt>
      <trkpt lat="28.10238" lon="-16.75404">
        <ele>18.4</ele>
      </trkpt>
      <trkpt lat="28.10236" lon="-16.75403">
        <ele>18.3</ele>
      </trkpt>
      <trkpt lat="28.10236" lon="-16.75402">
        <ele>18.3</ele>
      </trkpt>
      <trkpt lat="28.10235" lon="-16.75401">
        <ele>18.3</ele>
      </trkpt>
      <trkpt lat="28.10234" lon="-16.754">
        <ele>18.2</ele>
      </trkpt>
      <trkpt lat="28.10233" lon="-16.75399">
        <ele>18.2</ele>
      </trkpt>
      <trkpt lat="28.10233" lon="-16.753979">
        <ele>18.2</ele>
      </trkpt>
      <trkpt lat="28.10232" lon="-16.753969">
        <ele>18.2</ele>
      </trkpt>
      <trkpt lat="28.10231" lon="-16.75395">
        <ele>18.2</ele>
      </trkpt>
      <trkpt lat="28.1023" lon="-16.75392">
        <ele>18.2</ele>
      </trkpt>
      <trkpt lat="28.10229" lon="-16.7539">
        <ele>18.2</ele>
      </trkpt>
      <trkpt lat="28.10228" lon="-16.75387">
        <ele>18.2</ele>
      </trkpt>
      <trkpt lat="28.10228" lon="-16.75384">
        <ele>18.4</ele>
      </trkpt>
      <trkpt lat="28.10228" lon="-16.75382">
        <ele>18.4</ele>
      </trkpt>
      <trkpt lat="28.10228" lon="-16.753789">
        <ele>18.5</ele>
      </trkpt>
      <trkpt lat="28.10228" lon="-16.75376">
        <ele>18.6</ele>
      </trkpt>
      <trkpt lat="28.10229" lon="-16.75373">
        <ele>18.8</ele>
      </trkpt>
      <trkpt lat="28.1023" lon="-16.75371">
        <ele>18.9</ele>
      </trkpt>
      <trkpt lat="28.10215" lon="-16.75358">
        <ele>18.7</ele>
      </trkpt>
      <trkpt lat="28.10213" lon="-16.75356">
        <ele>18.6</ele>
      </trkpt>
      <trkpt lat="28.10209" lon="-16.75353">
        <ele>18.6</ele>
      </trkpt>
      <trkpt lat="28.10192" lon="-16.75339">
        <ele>18.6</ele>
      </trkpt>
      <trkpt lat="28.10187" lon="-16.75334">
        <ele>18.7</ele>
      </trkpt>
      <trkpt lat="28.10166" lon="-16.75316">
        <ele>18.6</ele>
      </trkpt>
      <trkpt lat="28.10111" lon="-16.75264">
        <ele>21.5</ele>
      </trkpt>
      <trkpt lat="28.10089" lon="-16.75244">
        <ele>24.2</ele>
      </trkpt>
      <trkpt lat="28.10061" lon="-16.75218">
        <ele>25.4</ele>
      </trkpt>
      <trkpt lat="28.10058" lon="-16.75216">
        <ele>25.4</ele>
      </trkpt>
      <trkpt lat="28.10033" lon="-16.751919">
        <ele>25.4</ele>
      </trkpt>
      <trkpt lat="28.10019" lon="-16.75179">
        <ele>25.0</ele>
      </trkpt>
      <trkpt lat="28.10008" lon="-16.75169">
        <ele>24.5</ele>
      </trkpt>
      <trkpt lat="28.10003" lon="-16.751629">
        <ele>23.9</ele>
      </trkpt>
      <trkpt lat="28.09998" lon="-16.75156">
        <ele>23.0</ele>
      </trkpt>
      <trkpt lat="28.09994" lon="-16.7515">
        <ele>22.1</ele>
      </trkpt>
      <trkpt lat="28.09993" lon="-16.75149">
        <ele>21.9</ele>
      </trkpt>
      <trkpt lat="28.09989" lon="-16.7514">
        <ele>20.8</ele>
      </trkpt>
      <trkpt lat="28.09987" lon="-16.75133">
        <ele>20.1</ele>
      </trkpt>
      <trkpt lat="28.09985" lon="-16.75127">
        <ele>19.4</ele>
      </trkpt>
      <trkpt lat="28.09983" lon="-16.7512">
        <ele>18.7</ele>
      </trkpt>
      <trkpt lat="28.09982" lon="-16.75112">
        <ele>18.0</ele>
      </trkpt>
      <trkpt lat="28.09981" lon="-16.75092">
        <ele>16.5</ele>
      </trkpt>
      <trkpt lat="28.0998" lon="-16.75082">
        <ele>15.8</ele>
      </trkpt>
      <trkpt lat="28.09978" lon="-16.75071">
        <ele>15.3</ele>
      </trkpt>
      <trkpt lat="28.09978" lon="-16.75071">
        <ele>15.3</ele>
      </trkpt>
      <trkpt lat="28.09977" lon="-16.750699">
        <ele>15.2</ele>
      </trkpt>
      <trkpt lat="28.09976" lon="-16.750699">
        <ele>15.1</ele>
      </trkpt>
      <trkpt lat="28.09975" lon="-16.750689">
        <ele>15.0</ele>
      </trkpt>
      <trkpt lat="28.09973" lon="-16.750689">
        <ele>14.8</ele>
      </trkpt>
      <trkpt lat="28.09972" lon="-16.75068">
        <ele>14.7</ele>
      </trkpt>
      <trkpt lat="28.09971" lon="-16.75067">
        <ele>14.6</ele>
      </trkpt>
      <trkpt lat="28.0997" lon="-16.75066">
        <ele>14.4</ele>
      </trkpt>
      <trkpt lat="28.09969" lon="-16.75065">
        <ele>14.3</ele>
      </trkpt>
      <trkpt lat="28.09968" lon="-16.75062">
        <ele>14.2</ele>
      </trkpt>
      <trkpt lat="28.09967" lon="-16.75061">
        <ele>14.1</ele>
      </trkpt>
      <trkpt lat="28.09967" lon="-16.750599">
        <ele>14.0</ele>
      </trkpt>
      <trkpt lat="28.09966" lon="-16.750589">
        <ele>13.9</ele>
      </trkpt>
      <trkpt lat="28.09966" lon="-16.75058">
        <ele>13.9</ele>
      </trkpt>
      <trkpt lat="28.09966" lon="-16.75057">
        <ele>13.9</ele>
      </trkpt>
      <trkpt lat="28.09965" lon="-16.75055">
        <ele>13.8</ele>
      </trkpt>
      <trkpt lat="28.09965" lon="-16.75053">
        <ele>13.7</ele>
      </trkpt>
      <trkpt lat="28.09965" lon="-16.750509">
        <ele>13.7</ele>
      </trkpt>
      <trkpt lat="28.09965" lon="-16.75049">
        <ele>13.7</ele>
      </trkpt>
      <trkpt lat="28.09965" lon="-16.75047">
        <ele>13.6</ele>
      </trkpt>
      <trkpt lat="28.09965" lon="-16.75045">
        <ele>13.6</ele>
      </trkpt>
      <trkpt lat="28.09966" lon="-16.75044">
        <ele>13.7</ele>
      </trkpt>
      <trkpt lat="28.09966" lon="-16.750419">
        <ele>13.7</ele>
      </trkpt>
      <trkpt lat="28.09967" lon="-16.750399">
        <ele>13.7</ele>
      </trkpt>
      <trkpt lat="28.09968" lon="-16.75038">
        <ele>13.7</ele>
      </trkpt>
      <trkpt lat="28.09969" lon="-16.75037">
        <ele>13.8</ele>
      </trkpt>
      <trkpt lat="28.0997" lon="-16.75035">
        <ele>13.9</ele>
      </trkpt>
      <trkpt lat="28.09971" lon="-16.75034">
        <ele>13.9</ele>
      </trkpt>
      <trkpt lat="28.09973" lon="-16.750319">
        <ele>14.0</ele>
      </trkpt>
      <trkpt lat="28.09974" lon="-16.750309">
        <ele>14.1</ele>
      </trkpt>
      <trkpt lat="28.09975" lon="-16.7503">
        <ele>14.1</ele>
      </trkpt>
      <trkpt lat="28.09977" lon="-16.7503">
        <ele>14.3</ele>
      </trkpt>
      <trkpt lat="28.09978" lon="-16.75029">
        <ele>14.4</ele>
      </trkpt>
      <trkpt lat="28.0998" lon="-16.75028">
        <ele>14.5</ele>
      </trkpt>
      <trkpt lat="28.09981" lon="-16.75028">
        <ele>14.6</ele>
      </trkpt>
      <trkpt lat="28.09983" lon="-16.75028">
        <ele>14.7</ele>
      </trkpt>
      <trkpt lat="28.09985" lon="-16.75028">
        <ele>14.9</ele>
      </trkpt>
      <trkpt lat="28.09987" lon="-16.75028">
        <ele>15.0</ele>
      </trkpt>
      <trkpt lat="28.09989" lon="-16.75029">
        <ele>15.2</ele>
      </trkpt>
      <trkpt lat="28.09991" lon="-16.7503">
        <ele>15.4</ele>
      </trkpt>
      <trkpt lat="28.09992" lon="-16.750309">
        <ele>15.5</ele>
      </trkpt>
      <trkpt lat="28.09993" lon="-16.750319">
        <ele>15.6</ele>
      </trkpt>
      <trkpt lat="28.09995" lon="-16.75033">
        <ele>15.8</ele>
      </trkpt>
      <trkpt lat="28.09996" lon="-16.75034">
        <ele>15.9</ele>
      </trkpt>
      <trkpt lat="28.09997" lon="-16.75035">
        <ele>16.0</ele>
      </trkpt>
      <trkpt lat="28.09998" lon="-16.75037">
        <ele>16.2</ele>
      </trkpt>
      <trkpt lat="28.09999" lon="-16.75038">
        <ele>16.3</ele>
      </trkpt>
      <trkpt lat="28.1" lon="-16.750399">
        <ele>16.4</ele>
      </trkpt>
      <trkpt lat="28.1" lon="-16.750419">
        <ele>16.5</ele>
      </trkpt>
      <trkpt lat="28.10001" lon="-16.75043">
        <ele>16.7</ele>
      </trkpt>
      <trkpt lat="28.10001" lon="-16.75045">
        <ele>16.8</ele>
      </trkpt>
      <trkpt lat="28.10002" lon="-16.75047">
        <ele>17.0</ele>
      </trkpt>
      <trkpt lat="28.10002" lon="-16.75049">
        <ele>17.1</ele>
      </trkpt>
      <trkpt lat="28.10002" lon="-16.750509">
        <ele>17.2</ele>
      </trkpt>
      <trkpt lat="28.10002" lon="-16.75053">
        <ele>17.3</ele>
      </trkpt>
      <trkpt lat="28.10001" lon="-16.75055">
        <ele>17.2</ele>
      </trkpt>
      <trkpt lat="28.10001" lon="-16.75056">
        <ele>17.2</ele>
      </trkpt>
      <trkpt lat="28.1" lon="-16.75058">
        <ele>17.1</ele>
      </trkpt>
      <trkpt lat="28.1" lon="-16.750589">
        <ele>17.1</ele>
      </trkpt>
      <trkpt lat="28.1" lon="-16.750599">
        <ele>17.2</ele>
      </trkpt>
      <trkpt lat="28.09999" lon="-16.75061">
        <ele>17.1</ele>
      </trkpt>
      <trkpt lat="28.09998" lon="-16.75063">
        <ele>17.1</ele>
      </trkpt>
      <trkpt lat="28.09997" lon="-16.75064">
        <ele>17.0</ele>
      </trkpt>
      <trkpt lat="28.09996" lon="-16.75066">
        <ele>17.0</ele>
      </trkpt>
      <trkpt lat="28.09994" lon="-16.75067">
        <ele>16.8</ele>
      </trkpt>
      <trkpt lat="28.09993" lon="-16.75068">
        <ele>16.8</ele>
      </trkpt>
      <trkpt lat="28.09991" lon="-16.750689">
        <ele>16.6</ele>
      </trkpt>
      <trkpt lat="28.09993" lon="-16.750889">
        <ele>17.6</ele>
      </trkpt>
      <trkpt lat="28.09994" lon="-16.75099">
        <ele>18.5</ele>
      </trkpt>
      <trkpt lat="28.09994" lon="-16.75103">
        <ele>18.8</ele>
      </trkpt>
      <trkpt lat="28.09996" lon="-16.751159">
        <ele>19.9</ele>
      </trkpt>
      <trkpt lat="28.09997" lon="-16.75119">
        <ele>20.2</ele>
      </trkpt>
      <trkpt lat="28.10001" lon="-16.75131">
        <ele>21.5</ele>
      </trkpt>
      <trkpt lat="28.10003" lon="-16.751349">
        <ele>22.0</ele>
      </trkpt>
      <trkpt lat="28.10005" lon="-16.75141">
        <ele>22.6</ele>
      </trkpt>
      <trkpt lat="28.10013" lon="-16.751529">
        <ele>24.0</ele>
      </trkpt>
      <trkpt lat="28.10013" lon="-16.751529">
        <ele>24.0</ele>
      </trkpt>
      <trkpt lat="28.10005" lon="-16.75141">
        <ele>22.6</ele>
      </trkpt>
      <trkpt lat="28.10003" lon="-16.751349">
        <ele>22.0</ele>
      </trkpt>
      <trkpt lat="28.10001" lon="-16.75131">
        <ele>21.5</ele>
      </trkpt>
      <trkpt lat="28.09997" lon="-16.75119">
        <ele>20.2</ele>
      </trkpt>
      <trkpt lat="28.09996" lon="-16.751159">
        <ele>19.9</ele>
      </trkpt>
      <trkpt lat="28.09994" lon="-16.75103">
        <ele>18.8</ele>
      </trkpt>
      <trkpt lat="28.09994" lon="-16.75099">
        <ele>18.5</ele>
      </trkpt>
      <trkpt lat="28.09993" lon="-16.750889">
        <ele>17.6</ele>
      </trkpt>
      <trkpt lat="28.09991" lon="-16.750689">
        <ele>16.6</ele>
      </trkpt>
      <trkpt lat="28.09991" lon="-16.750689">
        <ele>16.6</ele>
      </trkpt>
      <trkpt lat="28.09989" lon="-16.750699">
        <ele>16.4</ele>
      </trkpt>
      <trkpt lat="28.09988" lon="-16.75071">
        <ele>16.3</ele>
      </trkpt>
      <trkpt lat="28.09986" lon="-16.75071">
        <ele>16.1</ele>
      </trkpt>
      <trkpt lat="28.09985" lon="-16.75071">
        <ele>16.0</ele>
      </trkpt>
      <trkpt lat="28.09983" lon="-16.75071">
        <ele>15.8</ele>
      </trkpt>
      <trkpt lat="28.09981" lon="-16.75071">
        <ele>15.6</ele>
      </trkpt>
      <trkpt lat="28.0998" lon="-16.75071">
        <ele>15.5</ele>
      </trkpt>
      <trkpt lat="28.09978" lon="-16.75071">
        <ele>15.3</ele>
      </trkpt>
      <trkpt lat="28.09977" lon="-16.750699">
        <ele>15.2</ele>
      </trkpt>
      <trkpt lat="28.09976" lon="-16.750699">
        <ele>15.1</ele>
      </trkpt>
      <trkpt lat="28.09975" lon="-16.750689">
        <ele>15.0</ele>
      </trkpt>
      <trkpt lat="28.09973" lon="-16.750689">
        <ele>14.8</ele>
      </trkpt>
      <trkpt lat="28.09972" lon="-16.75068">
        <ele>14.7</ele>
      </trkpt>
      <trkpt lat="28.09971" lon="-16.75067">
        <ele>14.6</ele>
      </trkpt>
      <trkpt lat="28.0997" lon="-16.75066">
        <ele>14.4</ele>
      </trkpt>
      <trkpt lat="28.09969" lon="-16.75065">
        <ele>14.3</ele>
      </trkpt>
      <trkpt lat="28.09968" lon="-16.75062">
        <ele>14.2</ele>
      </trkpt>
      <trkpt lat="28.09967" lon="-16.75061">
        <ele>14.1</ele>
      </trkpt>
      <trkpt lat="28.09967" lon="-16.750599">
        <ele>14.0</ele>
      </trkpt>
      <trkpt lat="28.09966" lon="-16.750589">
        <ele>13.9</ele>
      </trkpt>
      <trkpt lat="28.09966" lon="-16.75058">
        <ele>13.9</ele>
      </trkpt>
      <trkpt lat="28.09966" lon="-16.75057">
        <ele>13.9</ele>
      </trkpt>
      <trkpt lat="28.09965" lon="-16.75055">
        <ele>13.8</ele>
      </trkpt>
      <trkpt lat="28.09965" lon="-16.75053">
        <ele>13.7</ele>
      </trkpt>
      <trkpt lat="28.09965" lon="-16.750509">
        <ele>13.7</ele>
      </trkpt>
      <trkpt lat="28.09965" lon="-16.75049">
        <ele>13.7</ele>
      </trkpt>
      <trkpt lat="28.09965" lon="-16.75047">
        <ele>13.6</ele>
      </trkpt>
      <trkpt lat="28.09965" lon="-16.75045">
        <ele>13.6</ele>
      </trkpt>
      <trkpt lat="28.09966" lon="-16.75044">
        <ele>13.7</ele>
      </trkpt>
      <trkpt lat="28.09966" lon="-16.750419">
        <ele>13.7</ele>
      </trkpt>
      <trkpt lat="28.09967" lon="-16.750399">
        <ele>13.7</ele>
      </trkpt>
      <trkpt lat="28.09968" lon="-16.75038">
        <ele>13.7</ele>
      </trkpt>
      <trkpt lat="28.09969" lon="-16.75037">
        <ele>13.8</ele>
      </trkpt>
      <trkpt lat="28.0997" lon="-16.75035">
        <ele>13.9</ele>
      </trkpt>
      <trkpt lat="28.09971" lon="-16.75034">
        <ele>13.9</ele>
      </trkpt>
      <trkpt lat="28.09973" lon="-16.750319">
        <ele>14.0</ele>
      </trkpt>
      <trkpt lat="28.09965" lon="-16.7501">
        <ele>13.1</ele>
      </trkpt>
      <trkpt lat="28.09961" lon="-16.74997">
        <ele>12.7</ele>
      </trkpt>
      <trkpt lat="28.0996" lon="-16.749939">
        <ele>12.6</ele>
      </trkpt>
      <trkpt lat="28.09956" lon="-16.749849">
        <ele>12.5</ele>
      </trkpt>
      <trkpt lat="28.09955" lon="-16.74982">
        <ele>12.4</ele>
      </trkpt>
      <trkpt lat="28.09952" lon="-16.749749">
        <ele>12.3</ele>
      </trkpt>
      <trkpt lat="28.09947" lon="-16.749669">
        <ele>12.1</ele>
      </trkpt>
      <trkpt lat="28.09943" lon="-16.7496">
        <ele>11.9</ele>
      </trkpt>
      <trkpt lat="28.09938" lon="-16.74952">
        <ele>11.7</ele>
      </trkpt>
      <trkpt lat="28.09931" lon="-16.7494">
        <ele>11.5</ele>
      </trkpt>
      <trkpt lat="28.09926" lon="-16.74934">
        <ele>11.3</ele>
      </trkpt>
      <trkpt lat="28.0992" lon="-16.74926">
        <ele>11.1</ele>
      </trkpt>
      <trkpt lat="28.09914" lon="-16.749189">
        <ele>10.9</ele>
      </trkpt>
      <trkpt lat="28.09912" lon="-16.74916">
        <ele>10.9</ele>
      </trkpt>
      <trkpt lat="28.09902" lon="-16.74905">
        <ele>10.9</ele>
      </trkpt>
      <trkpt lat="28.09891" lon="-16.74894">
        <ele>11.0</ele>
      </trkpt>
      <trkpt lat="28.09888" lon="-16.748909">
        <ele>11.0</ele>
      </trkpt>
      <trkpt lat="28.09877" lon="-16.748809">
        <ele>11.2</ele>
      </trkpt>
      <trkpt lat="28.09875" lon="-16.74878">
        <ele>11.4</ele>
      </trkpt>
      <trkpt lat="28.09868" lon="-16.74871">
        <ele>11.6</ele>
      </trkpt>
      <trkpt lat="28.09865" lon="-16.74864">
        <ele>12.0</ele>
      </trkpt>
      <trkpt lat="28.09865" lon="-16.74864">
        <ele>12.0</ele>
      </trkpt>
      <trkpt lat="28.09846" lon="-16.748439">
        <ele>13.2</ele>
      </trkpt>
      <trkpt lat="28.09809" lon="-16.748069">
        <ele>14.9</ele>
      </trkpt>
      <trkpt lat="28.09803" lon="-16.74801">
        <ele>15.2</ele>
      </trkpt>
      <trkpt lat="28.09764" lon="-16.74764">
        <ele>17.7</ele>
      </trkpt>
      <trkpt lat="28.09744" lon="-16.74743">
        <ele>19.1</ele>
      </trkpt>
      <trkpt lat="28.09735" lon="-16.747309">
        <ele>19.2</ele>
      </trkpt>
      <trkpt lat="28.09734" lon="-16.747309">
        <ele>19.2</ele>
      </trkpt>
      <trkpt lat="28.0971" lon="-16.747">
        <ele>19.1</ele>
      </trkpt>
      <trkpt lat="28.097" lon="-16.74686">
        <ele>18.9</ele>
      </trkpt>
      <trkpt lat="28.09698" lon="-16.746839">
        <ele>18.8</ele>
      </trkpt>
      <trkpt lat="28.09678" lon="-16.74652">
        <ele>18.4</ele>
      </trkpt>
      <trkpt lat="28.09658" lon="-16.74613">
        <ele>20.5</ele>
      </trkpt>
      <trkpt lat="28.09651" lon="-16.74606">
        <ele>21.1</ele>
      </trkpt>
      <trkpt lat="28.09646" lon="-16.74598">
        <ele>21.5</ele>
      </trkpt>
      <trkpt lat="28.09632" lon="-16.745709">
        <ele>23.1</ele>
      </trkpt>
      <trkpt lat="28.0961" lon="-16.74532">
        <ele>25.3</ele>
      </trkpt>
      <trkpt lat="28.09597" lon="-16.74511">
        <ele>26.4</ele>
      </trkpt>
      <trkpt lat="28.09589" lon="-16.74499">
        <ele>26.9</ele>
      </trkpt>
      <trkpt lat="28.09581" lon="-16.744879">
        <ele>27.7</ele>
      </trkpt>
      <trkpt lat="28.0958" lon="-16.744879">
        <ele>27.6</ele>
      </trkpt>
      <trkpt lat="28.09579" lon="-16.744879">
        <ele>27.6</ele>
      </trkpt>
      <trkpt lat="28.09578" lon="-16.744879">
        <ele>27.6</ele>
      </trkpt>
      <trkpt lat="28.09577" lon="-16.744879">
        <ele>27.6</ele>
      </trkpt>
      <trkpt lat="28.09576" lon="-16.744879">
        <ele>27.5</ele>
      </trkpt>
      <trkpt lat="28.09575" lon="-16.744869">
        <ele>27.6</ele>
      </trkpt>
      <trkpt lat="28.09574" lon="-16.744869">
        <ele>27.6</ele>
      </trkpt>
      <trkpt lat="28.09574" lon="-16.74486">
        <ele>27.6</ele>
      </trkpt>
      <trkpt lat="28.09573" lon="-16.74486">
        <ele>27.6</ele>
      </trkpt>
      <trkpt lat="28.09573" lon="-16.74485">
        <ele>27.7</ele>
      </trkpt>
      <trkpt lat="28.09572" lon="-16.74484">
        <ele>27.7</ele>
      </trkpt>
      <trkpt lat="28.09572" lon="-16.74483">
        <ele>27.7</ele>
      </trkpt>
      <trkpt lat="28.09555" lon="-16.74474">
        <ele>27.9</ele>
      </trkpt>
      <trkpt lat="28.09526" lon="-16.74466">
        <ele>27.7</ele>
      </trkpt>
      <trkpt lat="28.09519" lon="-16.74464">
        <ele>27.6</ele>
      </trkpt>
      <trkpt lat="28.09503" lon="-16.74461">
        <ele>27.4</ele>
      </trkpt>
      <trkpt lat="28.09501" lon="-16.74461">
        <ele>27.4</ele>
      </trkpt>
      <trkpt lat="28.09493" lon="-16.744589">
        <ele>27.3</ele>
      </trkpt>
      <trkpt lat="28.09476" lon="-16.74457">
        <ele>27.0</ele>
      </trkpt>
      <trkpt lat="28.09467" lon="-16.74456">
        <ele>26.8</ele>
      </trkpt>
      <trkpt lat="28.09456" lon="-16.74456">
        <ele>26.6</ele>
      </trkpt>
      <trkpt lat="28.09414" lon="-16.74464">
        <ele>25.2</ele>
      </trkpt>
      <trkpt lat="28.09408" lon="-16.74465">
        <ele>24.9</ele>
      </trkpt>
      <trkpt lat="28.09397" lon="-16.74467">
        <ele>24.5</ele>
      </trkpt>
      <trkpt lat="28.09394" lon="-16.74467">
        <ele>24.4</ele>
      </trkpt>
      <trkpt lat="28.09385" lon="-16.744679">
        <ele>24.0</ele>
      </trkpt>
      <trkpt lat="28.09373" lon="-16.74467">
        <ele>23.6</ele>
      </trkpt>
      <trkpt lat="28.09362" lon="-16.74464">
        <ele>23.3</ele>
      </trkpt>
      <trkpt lat="28.09358" lon="-16.74461">
        <ele>23.3</ele>
      </trkpt>
      <trkpt lat="28.09353" lon="-16.744589">
        <ele>23.2</ele>
      </trkpt>
      <trkpt lat="28.09351" lon="-16.74458">
        <ele>23.1</ele>
      </trkpt>
      <trkpt lat="28.0934" lon="-16.74452">
        <ele>23.0</ele>
      </trkpt>
      <trkpt lat="28.09339" lon="-16.744509">
        <ele>23.0</ele>
      </trkpt>
      <trkpt lat="28.09333" lon="-16.74444">
        <ele>23.0</ele>
      </trkpt>
      <trkpt lat="28.09325" lon="-16.74437">
        <ele>22.3</ele>
      </trkpt>
      <trkpt lat="28.09317" lon="-16.744219">
        <ele>21.9</ele>
      </trkpt>
      <trkpt lat="28.09312" lon="-16.74405">
        <ele>22.5</ele>
      </trkpt>
      <trkpt lat="28.09309" lon="-16.74382">
        <ele>24.0</ele>
      </trkpt>
      <trkpt lat="28.09309" lon="-16.74369">
        <ele>25.1</ele>
      </trkpt>
      <trkpt lat="28.09311" lon="-16.7436">
        <ele>26.2</ele>
      </trkpt>
      <trkpt lat="28.09313" lon="-16.74349">
        <ele>27.5</ele>
      </trkpt>
      <trkpt lat="28.09317" lon="-16.74341">
        <ele>29.0</ele>
      </trkpt>
      <trkpt lat="28.09327" lon="-16.74323">
        <ele>32.2</ele>
      </trkpt>
      <trkpt lat="28.09338" lon="-16.74305">
        <ele>35.0</ele>
      </trkpt>
      <trkpt lat="28.09353" lon="-16.742819">
        <ele>38.3</ele>
      </trkpt>
      <trkpt lat="28.09367" lon="-16.7426">
        <ele>41.6</ele>
      </trkpt>
      <trkpt lat="28.09382" lon="-16.74228">
        <ele>43.4</ele>
      </trkpt>
      <trkpt lat="28.09404" lon="-16.74182">
        <ele>45.1</ele>
      </trkpt>
      <trkpt lat="28.09437" lon="-16.74116">
        <ele>46.2</ele>
      </trkpt>
      <trkpt lat="28.09437" lon="-16.74115">
        <ele>46.1</ele>
      </trkpt>
      <trkpt lat="28.09444" lon="-16.74104">
        <ele>46.6</ele>
      </trkpt>
      <trkpt lat="28.09447" lon="-16.74098">
        <ele>46.7</ele>
      </trkpt>
      <trkpt lat="28.09456" lon="-16.7408">
        <ele>47.2</ele>
      </trkpt>
      <trkpt lat="28.09456" lon="-16.7408">
        <ele>47.2</ele>
      </trkpt>
      <trkpt lat="28.09456" lon="-16.74077">
        <ele>46.9</ele>
      </trkpt>
      <trkpt lat="28.09456" lon="-16.74076">
        <ele>46.8</ele>
      </trkpt>
      <trkpt lat="28.09456" lon="-16.740739">
        <ele>46.6</ele>
      </trkpt>
      <trkpt lat="28.09456" lon="-16.74073">
        <ele>46.5</ele>
      </trkpt>
      <trkpt lat="28.09457" lon="-16.74072">
        <ele>46.6</ele>
      </trkpt>
      <trkpt lat="28.09457" lon="-16.7407">
        <ele>46.4</ele>
      </trkpt>
      <trkpt lat="28.09458" lon="-16.74069">
        <ele>46.6</ele>
      </trkpt>
      <trkpt lat="28.09459" lon="-16.74068">
        <ele>46.7</ele>
      </trkpt>
      <trkpt lat="28.09459" lon="-16.740659">
        <ele>46.5</ele>
      </trkpt>
      <trkpt lat="28.0946" lon="-16.740649">
        <ele>46.6</ele>
      </trkpt>
      <trkpt lat="28.09461" lon="-16.74064">
        <ele>46.7</ele>
      </trkpt>
      <trkpt lat="28.09462" lon="-16.74063">
        <ele>46.8</ele>
      </trkpt>
      <trkpt lat="28.09463" lon="-16.74062">
        <ele>47.0</ele>
      </trkpt>
      <trkpt lat="28.09464" lon="-16.74062">
        <ele>47.2</ele>
      </trkpt>
      <trkpt lat="28.09466" lon="-16.74061">
        <ele>47.5</ele>
      </trkpt>
      <trkpt lat="28.09469" lon="-16.74052">
        <ele>47.4</ele>
      </trkpt>
      <trkpt lat="28.09472" lon="-16.74044">
        <ele>47.5</ele>
      </trkpt>
      <trkpt lat="28.09474" lon="-16.74041">
        <ele>47.7</ele>
      </trkpt>
      <trkpt lat="28.09477" lon="-16.74035">
        <ele>48.0</ele>
      </trkpt>
      <trkpt lat="28.0948" lon="-16.74026">
        <ele>48.1</ele>
      </trkpt>
      <trkpt lat="28.09487" lon="-16.740089">
        <ele>48.8</ele>
      </trkpt>
      <trkpt lat="28.09492" lon="-16.73995">
        <ele>49.3</ele>
      </trkpt>
      <trkpt lat="28.09495" lon="-16.739809">
        <ele>48.9</ele>
      </trkpt>
      <trkpt lat="28.09497" lon="-16.73958">
        <ele>47.3</ele>
      </trkpt>
      <trkpt lat="28.09498" lon="-16.739339">
        <ele>45.3</ele>
      </trkpt>
      <trkpt lat="28.09496" lon="-16.73918">
        <ele>43.4</ele>
      </trkpt>
      <trkpt lat="28.09491" lon="-16.73893">
        <ele>43.4</ele>
      </trkpt>
      <trkpt lat="28.09488" lon="-16.73882">
        <ele>43.4</ele>
      </trkpt>
      <trkpt lat="28.09483" lon="-16.7387">
        <ele>43.3</ele>
      </trkpt>
      <trkpt lat="28.09482" lon="-16.738689">
        <ele>43.2</ele>
      </trkpt>
      <trkpt lat="28.09476" lon="-16.73855">
        <ele>43.2</ele>
      </trkpt>
      <trkpt lat="28.09467" lon="-16.738409">
        <ele>42.9</ele>
      </trkpt>
      <trkpt lat="28.09467" lon="-16.738399">
        <ele>43.0</ele>
      </trkpt>
      <trkpt lat="28.09463" lon="-16.73835">
        <ele>42.9</ele>
      </trkpt>
      <trkpt lat="28.09455" lon="-16.73825">
        <ele>43.0</ele>
      </trkpt>
      <trkpt lat="28.0945" lon="-16.738209">
        <ele>42.8</ele>
      </trkpt>
      <trkpt lat="28.09447" lon="-16.73818">
        <ele>42.8</ele>
      </trkpt>
      <trkpt lat="28.09435" lon="-16.7381">
        <ele>42.1</ele>
      </trkpt>
      <trkpt lat="28.09429" lon="-16.73806">
        <ele>41.8</ele>
      </trkpt>
      <trkpt lat="28.09409" lon="-16.73789">
        <ele>41.1</ele>
      </trkpt>
      <trkpt lat="28.09396" lon="-16.73779">
        <ele>40.9</ele>
      </trkpt>
      <trkpt lat="28.093872" lon="-16.737718">
        <ele>40.8</ele>
      </trkpt>
      <trkpt lat="28.09386" lon="-16.73771">
        <ele>40.8</ele>
      </trkpt>
      <trkpt lat="28.09379" lon="-16.737649">
        <ele>40.7</ele>
      </trkpt>
      <trkpt lat="28.09377" lon="-16.73762">
        <ele>40.7</ele>
      </trkpt>
      <trkpt lat="28.09376" lon="-16.73762">
        <ele>40.6</ele>
      </trkpt>
      <trkpt lat="28.09375" lon="-16.73762">
        <ele>40.6</ele>
      </trkpt>
      <trkpt lat="28.09374" lon="-16.73762">
        <ele>40.5</ele>
      </trkpt>
      <trkpt lat="28.09373" lon="-16.73761">
        <ele>40.5</ele>
      </trkpt>
      <trkpt lat="28.09372" lon="-16.73761">
        <ele>40.4</ele>
      </trkpt>
      <trkpt lat="28.09371" lon="-16.7376">
        <ele>40.4</ele>
      </trkpt>
      <trkpt lat="28.0937" lon="-16.7376">
        <ele>40.3</ele>
      </trkpt>
      <trkpt lat="28.09369" lon="-16.73759">
        <ele>40.3</ele>
      </trkpt>
      <trkpt lat="28.09368" lon="-16.73758">
        <ele>40.3</ele>
      </trkpt>
      <trkpt lat="28.09368" lon="-16.73757">
        <ele>40.4</ele>
      </trkpt>
      <trkpt lat="28.09367" lon="-16.73757">
        <ele>40.3</ele>
      </trkpt>
      <trkpt lat="28.09367" lon="-16.737559">
        <ele>40.4</ele>
      </trkpt>
      <trkpt lat="28.09367" lon="-16.737549">
        <ele>40.4</ele>
      </trkpt>
      <trkpt lat="28.09366" lon="-16.737549">
        <ele>40.4</ele>
      </trkpt>
      <trkpt lat="28.09366" lon="-16.73754">
        <ele>40.4</ele>
      </trkpt>
      <trkpt lat="28.09366" lon="-16.73753">
        <ele>40.5</ele>
      </trkpt>
      <trkpt lat="28.09365" lon="-16.73752">
        <ele>40.5</ele>
      </trkpt>
      <trkpt lat="28.09365" lon="-16.73751">
        <ele>40.6</ele>
      </trkpt>
      <trkpt lat="28.0936" lon="-16.737469">
        <ele>40.4</ele>
      </trkpt>
      <trkpt lat="28.09358" lon="-16.737459">
        <ele>40.3</ele>
      </trkpt>
      <trkpt lat="28.09349" lon="-16.7374">
        <ele>39.9</ele>
      </trkpt>
      <trkpt lat="28.09327" lon="-16.7372">
        <ele>39.4</ele>
      </trkpt>
      <trkpt lat="28.09317" lon="-16.73712">
        <ele>39.2</ele>
      </trkpt>
      <trkpt lat="28.09282" lon="-16.73682">
        <ele>38.5</ele>
      </trkpt>
      <trkpt lat="28.09251" lon="-16.73656">
        <ele>37.5</ele>
      </trkpt>
      <trkpt lat="28.09226" lon="-16.73631">
        <ele>36.8</ele>
      </trkpt>
      <trkpt lat="28.09171" lon="-16.73581">
        <ele>35.4</ele>
      </trkpt>
      <trkpt lat="28.09166" lon="-16.73575">
        <ele>35.5</ele>
      </trkpt>
      <trkpt lat="28.09166" lon="-16.73575">
        <ele>35.5</ele>
      </trkpt>
      <trkpt lat="28.09153" lon="-16.73566">
        <ele>35.9</ele>
      </trkpt>
      <trkpt lat="28.09146" lon="-16.73562">
        <ele>36.0</ele>
      </trkpt>
      <trkpt lat="28.09094" lon="-16.73516">
        <ele>36.2</ele>
      </trkpt>
      <trkpt lat="28.09061" lon="-16.734919">
        <ele>35.9</ele>
      </trkpt>
      <trkpt lat="28.09052" lon="-16.7349">
        <ele>35.8</ele>
      </trkpt>
      <trkpt lat="28.09041" lon="-16.7349">
        <ele>35.6</ele>
      </trkpt>
      <trkpt lat="28.09032" lon="-16.73491">
        <ele>35.4</ele>
      </trkpt>
      <trkpt lat="28.09025" lon="-16.734929">
        <ele>35.3</ele>
      </trkpt>
      <trkpt lat="28.09019" lon="-16.73497">
        <ele>35.2</ele>
      </trkpt>
      <trkpt lat="28.09007" lon="-16.73504">
        <ele>35.1</ele>
      </trkpt>
      <trkpt lat="28.08994" lon="-16.73513">
        <ele>34.8</ele>
      </trkpt>
      <trkpt lat="28.0898" lon="-16.73522">
        <ele>34.2</ele>
      </trkpt>
      <trkpt lat="28.08965" lon="-16.73532">
        <ele>33.6</ele>
      </trkpt>
      <trkpt lat="28.08959" lon="-16.73536">
        <ele>33.3</ele>
      </trkpt>
      <trkpt lat="28.08955" lon="-16.73538">
        <ele>33.1</ele>
      </trkpt>
      <trkpt lat="28.0895" lon="-16.735399">
        <ele>32.9</ele>
      </trkpt>
      <trkpt lat="28.0895" lon="-16.735399">
        <ele>32.9</ele>
      </trkpt>
      <trkpt lat="28.0895" lon="-16.73541">
        <ele>32.9</ele>
      </trkpt>
      <trkpt lat="28.08949" lon="-16.73542">
        <ele>32.9</ele>
      </trkpt>
      <trkpt lat="28.08948" lon="-16.73543">
        <ele>32.8</ele>
      </trkpt>
      <trkpt lat="28.08947" lon="-16.73544">
        <ele>32.8</ele>
      </trkpt>
      <trkpt lat="28.08946" lon="-16.73545">
        <ele>32.7</ele>
      </trkpt>
      <trkpt lat="28.08945" lon="-16.73545">
        <ele>32.7</ele>
      </trkpt>
      <trkpt lat="28.08945" lon="-16.73546">
        <ele>32.7</ele>
      </trkpt>
      <trkpt lat="28.08944" lon="-16.73546">
        <ele>32.6</ele>
      </trkpt>
      <trkpt lat="28.08943" lon="-16.73547">
        <ele>32.6</ele>
      </trkpt>
      <trkpt lat="28.08942" lon="-16.73547">
        <ele>32.5</ele>
      </trkpt>
      <trkpt lat="28.08941" lon="-16.73547">
        <ele>32.5</ele>
      </trkpt>
      <trkpt lat="28.0894" lon="-16.73547">
        <ele>32.4</ele>
      </trkpt>
      <trkpt lat="28.08939" lon="-16.735479">
        <ele>32.4</ele>
      </trkpt>
      <trkpt lat="28.08937" lon="-16.73547">
        <ele>32.3</ele>
      </trkpt>
      <trkpt lat="28.08936" lon="-16.73547">
        <ele>32.3</ele>
      </trkpt>
      <trkpt lat="28.08935" lon="-16.73547">
        <ele>32.2</ele>
      </trkpt>
      <trkpt lat="28.08934" lon="-16.73547">
        <ele>32.2</ele>
      </trkpt>
      <trkpt lat="28.08933" lon="-16.73546">
        <ele>32.1</ele>
      </trkpt>
      <trkpt lat="28.08932" lon="-16.73546">
        <ele>32.1</ele>
      </trkpt>
      <trkpt lat="28.08931" lon="-16.73545">
        <ele>32.1</ele>
      </trkpt>
      <trkpt lat="28.0893" lon="-16.73545">
        <ele>32.0</ele>
      </trkpt>
      <trkpt lat="28.0893" lon="-16.73544">
        <ele>32.0</ele>
      </trkpt>
      <trkpt lat="28.08929" lon="-16.73544">
        <ele>32.0</ele>
      </trkpt>
      <trkpt lat="28.08928" lon="-16.73543">
        <ele>32.0</ele>
      </trkpt>
      <trkpt lat="28.08928" lon="-16.73542">
        <ele>32.0</ele>
      </trkpt>
      <trkpt lat="28.08927" lon="-16.73542">
        <ele>31.9</ele>
      </trkpt>
      <trkpt lat="28.08927" lon="-16.73541">
        <ele>31.9</ele>
      </trkpt>
      <trkpt lat="28.08926" lon="-16.735399">
        <ele>31.9</ele>
      </trkpt>
      <trkpt lat="28.08925" lon="-16.735389">
        <ele>31.9</ele>
      </trkpt>
      <trkpt lat="28.08925" lon="-16.73538">
        <ele>31.9</ele>
      </trkpt>
      <trkpt lat="28.08925" lon="-16.73537">
        <ele>31.9</ele>
      </trkpt>
      <trkpt lat="28.08925" lon="-16.73536">
        <ele>31.9</ele>
      </trkpt>
      <trkpt lat="28.08924" lon="-16.73535">
        <ele>31.9</ele>
      </trkpt>
      <trkpt lat="28.08924" lon="-16.73534">
        <ele>31.9</ele>
      </trkpt>
      <trkpt lat="28.08924" lon="-16.73533">
        <ele>31.9</ele>
      </trkpt>
      <trkpt lat="28.08924" lon="-16.73532">
        <ele>31.9</ele>
      </trkpt>
      <trkpt lat="28.08924" lon="-16.735309">
        <ele>31.9</ele>
      </trkpt>
      <trkpt lat="28.08924" lon="-16.735299">
        <ele>31.9</ele>
      </trkpt>
      <trkpt lat="28.08914" lon="-16.735119">
        <ele>31.7</ele>
      </trkpt>
      <trkpt lat="28.08908" lon="-16.735019">
        <ele>31.5</ele>
      </trkpt>
      <trkpt lat="28.08881" lon="-16.73451">
        <ele>30.7</ele>
      </trkpt>
      <trkpt lat="28.08867" lon="-16.734259">
        <ele>30.4</ele>
      </trkpt>
      <trkpt lat="28.08824" lon="-16.73338">
        <ele>28.7</ele>
      </trkpt>
      <trkpt lat="28.08812" lon="-16.733139">
        <ele>28.4</ele>
      </trkpt>
      <trkpt lat="28.08807" lon="-16.733039">
        <ele>28.3</ele>
      </trkpt>
      <trkpt lat="28.08788" lon="-16.73269">
        <ele>27.7</ele>
      </trkpt>
      <trkpt lat="28.08786" lon="-16.73266">
        <ele>27.6</ele>
      </trkpt>
      <trkpt lat="28.08781" lon="-16.73256">
        <ele>27.5</ele>
      </trkpt>
      <trkpt lat="28.08774" lon="-16.732479">
        <ele>27.3</ele>
      </trkpt>
      <trkpt lat="28.08771" lon="-16.73243">
        <ele>27.6</ele>
      </trkpt>
      <trkpt lat="28.08771" lon="-16.73243">
        <ele>27.6</ele>
      </trkpt>
      <trkpt lat="28.08769" lon="-16.73243">
        <ele>27.5</ele>
      </trkpt>
      <trkpt lat="28.08768" lon="-16.73242">
        <ele>27.6</ele>
      </trkpt>
      <trkpt lat="28.08767" lon="-16.73242">
        <ele>27.5</ele>
      </trkpt>
      <trkpt lat="28.08765" lon="-16.73241">
        <ele>27.5</ele>
      </trkpt>
      <trkpt lat="28.08763" lon="-16.732399">
        <ele>27.5</ele>
      </trkpt>
      <trkpt lat="28.08762" lon="-16.73238">
        <ele>27.6</ele>
      </trkpt>
      <trkpt lat="28.08756" lon="-16.73238">
        <ele>27.3</ele>
      </trkpt>
      <trkpt lat="28.08748" lon="-16.73237">
        <ele>27.1</ele>
      </trkpt>
      <trkpt lat="28.08741" lon="-16.73237">
        <ele>27.0</ele>
      </trkpt>
      <trkpt lat="28.08735" lon="-16.73237">
        <ele>26.9</ele>
      </trkpt>
      <trkpt lat="28.0873" lon="-16.73237">
        <ele>26.9</ele>
      </trkpt>
      <trkpt lat="28.08724" lon="-16.732389">
        <ele>26.7</ele>
      </trkpt>
      <trkpt lat="28.08704" lon="-16.73246">
        <ele>25.8</ele>
      </trkpt>
      <trkpt lat="28.08704" lon="-16.73246">
        <ele>25.8</ele>
      </trkpt>
      <trkpt lat="28.08696" lon="-16.732489">
        <ele>25.4</ele>
      </trkpt>
      <trkpt lat="28.08693" lon="-16.7325">
        <ele>25.3</ele>
      </trkpt>
      <trkpt lat="28.08665" lon="-16.7326">
        <ele>24.3</ele>
      </trkpt>
      <trkpt lat="28.08657" lon="-16.73264">
        <ele>24.2</ele>
      </trkpt>
      <trkpt lat="28.08655" lon="-16.73265">
        <ele>24.2</ele>
      </trkpt>
      <trkpt lat="28.08645" lon="-16.7327">
        <ele>24.0</ele>
      </trkpt>
      <trkpt lat="28.08624" lon="-16.73282">
        <ele>23.5</ele>
      </trkpt>
      <trkpt lat="28.08623" lon="-16.73283">
        <ele>23.5</ele>
      </trkpt>
      <trkpt lat="28.08622" lon="-16.73283">
        <ele>23.5</ele>
      </trkpt>
      <trkpt lat="28.08621" lon="-16.73284">
        <ele>23.4</ele>
      </trkpt>
      <trkpt lat="28.0862" lon="-16.73285">
        <ele>23.4</ele>
      </trkpt>
      <trkpt lat="28.08619" lon="-16.73285">
        <ele>23.4</ele>
      </trkpt>
      <trkpt lat="28.08618" lon="-16.732859">
        <ele>23.3</ele>
      </trkpt>
      <trkpt lat="28.08617" lon="-16.732859">
        <ele>23.3</ele>
      </trkpt>
      <trkpt lat="28.08616" lon="-16.732859">
        <ele>23.4</ele>
      </trkpt>
      <trkpt lat="28.08615" lon="-16.732859">
        <ele>23.4</ele>
      </trkpt>
      <trkpt lat="28.08614" lon="-16.732859">
        <ele>23.4</ele>
      </trkpt>
      <trkpt lat="28.08613" lon="-16.732859">
        <ele>23.4</ele>
      </trkpt>
      <trkpt lat="28.08612" lon="-16.732859">
        <ele>23.4</ele>
      </trkpt>
      <trkpt lat="28.08611" lon="-16.732859">
        <ele>23.5</ele>
      </trkpt>
      <trkpt lat="28.08611" lon="-16.73285">
        <ele>23.5</ele>
      </trkpt>
      <trkpt lat="28.0861" lon="-16.73285">
        <ele>23.6</ele>
      </trkpt>
      <trkpt lat="28.08609" lon="-16.73285">
        <ele>23.6</ele>
      </trkpt>
      <trkpt lat="28.08609" lon="-16.73284">
        <ele>23.7</ele>
      </trkpt>
      <trkpt lat="28.08608" lon="-16.73284">
        <ele>23.7</ele>
      </trkpt>
      <trkpt lat="28.08608" lon="-16.73283">
        <ele>23.8</ele>
      </trkpt>
      <trkpt lat="28.08607" lon="-16.73283">
        <ele>23.8</ele>
      </trkpt>
      <trkpt lat="28.08607" lon="-16.73282">
        <ele>23.9</ele>
      </trkpt>
      <trkpt lat="28.08606" lon="-16.73282">
        <ele>23.9</ele>
      </trkpt>
      <trkpt lat="28.08606" lon="-16.73281">
        <ele>24.0</ele>
      </trkpt>
      <trkpt lat="28.08605" lon="-16.7328">
        <ele>24.1</ele>
      </trkpt>
      <trkpt lat="28.08605" lon="-16.73279">
        <ele>24.1</ele>
      </trkpt>
      <trkpt lat="28.08604" lon="-16.73278">
        <ele>24.2</ele>
      </trkpt>
      <trkpt lat="28.08604" lon="-16.732769">
        <ele>24.3</ele>
      </trkpt>
      <trkpt lat="28.08582" lon="-16.73272">
        <ele>25.2</ele>
      </trkpt>
      <trkpt lat="28.08553" lon="-16.73265">
        <ele>25.9</ele>
      </trkpt>
      <trkpt lat="28.08524" lon="-16.732589">
        <ele>26.5</ele>
      </trkpt>
      <trkpt lat="28.0852" lon="-16.732579">
        <ele>26.5</ele>
      </trkpt>
      <trkpt lat="28.08516" lon="-16.732569">
        <ele>26.6</ele>
      </trkpt>
      <trkpt lat="28.08511" lon="-16.73256">
        <ele>26.7</ele>
      </trkpt>
      <trkpt lat="28.08505" lon="-16.73253">
        <ele>26.9</ele>
      </trkpt>
      <trkpt lat="28.08505" lon="-16.73253">
        <ele>26.9</ele>
      </trkpt>
      <trkpt lat="28.08504" lon="-16.73253">
        <ele>26.9</ele>
      </trkpt>
      <trkpt lat="28.08503" lon="-16.73253">
        <ele>26.9</ele>
      </trkpt>
      <trkpt lat="28.08502" lon="-16.73253">
        <ele>26.9</ele>
      </trkpt>
      <trkpt lat="28.08501" lon="-16.73253">
        <ele>26.9</ele>
      </trkpt>
      <trkpt lat="28.085" lon="-16.73253">
        <ele>26.9</ele>
      </trkpt>
      <trkpt lat="28.08499" lon="-16.73253">
        <ele>27.0</ele>
      </trkpt>
      <trkpt lat="28.08498" lon="-16.73252">
        <ele>27.1</ele>
      </trkpt>
      <trkpt lat="28.08497" lon="-16.73252">
        <ele>27.2</ele>
      </trkpt>
      <trkpt lat="28.08497" lon="-16.73251">
        <ele>27.2</ele>
      </trkpt>
      <trkpt lat="28.08496" lon="-16.73251">
        <ele>27.3</ele>
      </trkpt>
      <trkpt lat="28.08495" lon="-16.7325">
        <ele>27.5</ele>
      </trkpt>
      <trkpt lat="28.08494" lon="-16.732489">
        <ele>27.6</ele>
      </trkpt>
      <trkpt lat="28.08493" lon="-16.732479">
        <ele>27.7</ele>
      </trkpt>
      <trkpt lat="28.08493" lon="-16.73247">
        <ele>27.7</ele>
      </trkpt>
      <trkpt lat="28.08492" lon="-16.73246">
        <ele>27.8</ele>
      </trkpt>
      <trkpt lat="28.08492" lon="-16.73245">
        <ele>27.9</ele>
      </trkpt>
      <trkpt lat="28.08491" lon="-16.73244">
        <ele>28.0</ele>
      </trkpt>
      <trkpt lat="28.08491" lon="-16.73243">
        <ele>28.0</ele>
      </trkpt>
      <trkpt lat="28.08491" lon="-16.73242">
        <ele>28.0</ele>
      </trkpt>
      <trkpt lat="28.08491" lon="-16.73241">
        <ele>28.0</ele>
      </trkpt>
      <trkpt lat="28.08491" lon="-16.732399">
        <ele>28.1</ele>
      </trkpt>
      <trkpt lat="28.08491" lon="-16.732389">
        <ele>28.1</ele>
      </trkpt>
      <trkpt lat="28.08491" lon="-16.73238">
        <ele>28.1</ele>
      </trkpt>
      <trkpt lat="28.08491" lon="-16.73237">
        <ele>28.1</ele>
      </trkpt>
      <trkpt lat="28.08491" lon="-16.73236">
        <ele>28.1</ele>
      </trkpt>
      <trkpt lat="28.08491" lon="-16.73235">
        <ele>28.2</ele>
      </trkpt>
      <trkpt lat="28.08491" lon="-16.73234">
        <ele>28.2</ele>
      </trkpt>
      <trkpt lat="28.08492" lon="-16.73233">
        <ele>28.1</ele>
      </trkpt>
      <trkpt lat="28.08492" lon="-16.73232">
        <ele>28.1</ele>
      </trkpt>
      <trkpt lat="28.08492" lon="-16.732309">
        <ele>28.2</ele>
      </trkpt>
      <trkpt lat="28.08493" lon="-16.73227">
        <ele>28.2</ele>
      </trkpt>
      <trkpt lat="28.08494" lon="-16.73224">
        <ele>28.1</ele>
      </trkpt>
      <trkpt lat="28.08495" lon="-16.732199">
        <ele>28.1</ele>
      </trkpt>
      <trkpt lat="28.08498" lon="-16.73216">
        <ele>28.0</ele>
      </trkpt>
      <trkpt lat="28.085" lon="-16.73213">
        <ele>27.9</ele>
      </trkpt>
      <trkpt lat="28.08501" lon="-16.7321">
        <ele>28.0</ele>
      </trkpt>
      <trkpt lat="28.08501" lon="-16.7321">
        <ele>28.0</ele>
      </trkpt>
      <trkpt lat="28.08507" lon="-16.73205">
        <ele>28.2</ele>
      </trkpt>
      <trkpt lat="28.08518" lon="-16.73196">
        <ele>28.7</ele>
      </trkpt>
      <trkpt lat="28.0852" lon="-16.73195">
        <ele>28.8</ele>
      </trkpt>
      <trkpt lat="28.08531" lon="-16.73188">
        <ele>29.3</ele>
      </trkpt>
      <trkpt lat="28.08534" lon="-16.73186">
        <ele>29.5</ele>
      </trkpt>
      <trkpt lat="28.08552" lon="-16.731739">
        <ele>30.5</ele>
      </trkpt>
      <trkpt lat="28.08591" lon="-16.73144">
        <ele>33.8</ele>
      </trkpt>
      <trkpt lat="28.08594" lon="-16.73142">
        <ele>33.9</ele>
      </trkpt>
      <trkpt lat="28.08595" lon="-16.73141">
        <ele>34.0</ele>
      </trkpt>
      <trkpt lat="28.08603" lon="-16.73132">
        <ele>34.8</ele>
      </trkpt>
      <trkpt lat="28.08607" lon="-16.73128">
        <ele>35.2</ele>
      </trkpt>
      <trkpt lat="28.08612" lon="-16.73122">
        <ele>35.7</ele>
      </trkpt>
      <trkpt lat="28.08614" lon="-16.73119">
        <ele>36.0</ele>
      </trkpt>
      <trkpt lat="28.08615" lon="-16.731169">
        <ele>36.2</ele>
      </trkpt>
      <trkpt lat="28.08619" lon="-16.73111">
        <ele>36.7</ele>
      </trkpt>
      <trkpt lat="28.08621" lon="-16.73106">
        <ele>37.2</ele>
      </trkpt>
      <trkpt lat="28.08623" lon="-16.73102">
        <ele>37.5</ele>
      </trkpt>
      <trkpt lat="28.08625" lon="-16.73097">
        <ele>37.9</ele>
      </trkpt>
      <trkpt lat="28.08626" lon="-16.73093">
        <ele>38.3</ele>
      </trkpt>
      <trkpt lat="28.08627" lon="-16.73092">
        <ele>38.4</ele>
      </trkpt>
      <trkpt lat="28.08628" lon="-16.73088">
        <ele>38.7</ele>
      </trkpt>
      <trkpt lat="28.08629" lon="-16.73084">
        <ele>39.0</ele>
      </trkpt>
      <trkpt lat="28.0863" lon="-16.730789">
        <ele>39.3</ele>
      </trkpt>
      <trkpt lat="28.08631" lon="-16.73074">
        <ele>39.5</ele>
      </trkpt>
      <trkpt lat="28.08631" lon="-16.730699">
        <ele>39.7</ele>
      </trkpt>
      <trkpt lat="28.08631" lon="-16.73067">
        <ele>39.8</ele>
      </trkpt>
      <trkpt lat="28.08632" lon="-16.730599">
        <ele>40.2</ele>
      </trkpt>
      <trkpt lat="28.08632" lon="-16.73054">
        <ele>40.4</ele>
      </trkpt>
      <trkpt lat="28.08632" lon="-16.73049">
        <ele>40.6</ele>
      </trkpt>
      <trkpt lat="28.08631" lon="-16.73041">
        <ele>41.0</ele>
      </trkpt>
      <trkpt lat="28.08631" lon="-16.73038">
        <ele>41.1</ele>
      </trkpt>
      <trkpt lat="28.08629" lon="-16.73021">
        <ele>41.8</ele>
      </trkpt>
      <trkpt lat="28.08628" lon="-16.73003">
        <ele>42.5</ele>
      </trkpt>
      <trkpt lat="28.08628" lon="-16.73003">
        <ele>42.5</ele>
      </trkpt>
      <trkpt lat="28.08627" lon="-16.72993">
        <ele>43.0</ele>
      </trkpt>
      <trkpt lat="28.08624" lon="-16.72981">
        <ele>43.6</ele>
      </trkpt>
      <trkpt lat="28.08623" lon="-16.72978">
        <ele>43.8</ele>
      </trkpt>
      <trkpt lat="28.08623" lon="-16.729759">
        <ele>43.9</ele>
      </trkpt>
      <trkpt lat="28.08623" lon="-16.72975">
        <ele>43.9</ele>
      </trkpt>
      <trkpt lat="28.08622" lon="-16.72974">
        <ele>44.0</ele>
      </trkpt>
      <trkpt lat="28.08622" lon="-16.72973">
        <ele>44.0</ele>
      </trkpt>
      <trkpt lat="28.08621" lon="-16.72972">
        <ele>44.1</ele>
      </trkpt>
      <trkpt lat="28.0862" lon="-16.7297">
        <ele>44.2</ele>
      </trkpt>
      <trkpt lat="28.08618" lon="-16.729679">
        <ele>44.2</ele>
      </trkpt>
      <trkpt lat="28.08617" lon="-16.72966">
        <ele>44.3</ele>
      </trkpt>
      <trkpt lat="28.08612" lon="-16.72962">
        <ele>44.5</ele>
      </trkpt>
      <trkpt lat="28.08606" lon="-16.729579">
        <ele>44.6</ele>
      </trkpt>
      <trkpt lat="28.086" lon="-16.72956">
        <ele>44.6</ele>
      </trkpt>
      <trkpt lat="28.08595" lon="-16.72955">
        <ele>44.5</ele>
      </trkpt>
      <trkpt lat="28.08589" lon="-16.72954">
        <ele>44.4</ele>
      </trkpt>
      <trkpt lat="28.08584" lon="-16.72952">
        <ele>44.5</ele>
      </trkpt>
      <trkpt lat="28.08581" lon="-16.729489">
        <ele>44.5</ele>
      </trkpt>
      <trkpt lat="28.08578" lon="-16.72947">
        <ele>44.5</ele>
      </trkpt>
      <trkpt lat="28.08576" lon="-16.72944">
        <ele>44.6</ele>
      </trkpt>
      <trkpt lat="28.08574" lon="-16.72941">
        <ele>44.7</ele>
      </trkpt>
      <trkpt lat="28.08572" lon="-16.729379">
        <ele>44.8</ele>
      </trkpt>
      <trkpt lat="28.08571" lon="-16.72934">
        <ele>45.1</ele>
      </trkpt>
      <trkpt lat="28.0857" lon="-16.729289">
        <ele>45.4</ele>
      </trkpt>
      <trkpt lat="28.08568" lon="-16.72923">
        <ele>45.8</ele>
      </trkpt>
      <trkpt lat="28.08568" lon="-16.72923">
        <ele>45.8</ele>
      </trkpt>
      <trkpt lat="28.08565" lon="-16.729209">
        <ele>45.8</ele>
      </trkpt>
      <trkpt lat="28.08563" lon="-16.729199">
        <ele>45.8</ele>
      </trkpt>
      <trkpt lat="28.08562" lon="-16.72917">
        <ele>46.0</ele>
      </trkpt>
      <trkpt lat="28.0856" lon="-16.72914">
        <ele>46.0</ele>
      </trkpt>
      <trkpt lat="28.08558" lon="-16.72912">
        <ele>46.1</ele>
      </trkpt>
      <trkpt lat="28.08555" lon="-16.729109">
        <ele>46.0</ele>
      </trkpt>
      <trkpt lat="28.08545" lon="-16.729109">
        <ele>45.6</ele>
      </trkpt>
      <trkpt lat="28.0853" lon="-16.729099">
        <ele>45.0</ele>
      </trkpt>
      <trkpt lat="28.08527" lon="-16.72909">
        <ele>44.9</ele>
      </trkpt>
      <trkpt lat="28.08524" lon="-16.72906">
        <ele>45.1</ele>
      </trkpt>
      <trkpt lat="28.08513" lon="-16.72907">
        <ele>44.6</ele>
      </trkpt>
      <trkpt lat="28.08503" lon="-16.72909">
        <ele>44.0</ele>
      </trkpt>
      <trkpt lat="28.08494" lon="-16.729099">
        <ele>43.6</ele>
      </trkpt>
      <trkpt lat="28.08446" lon="-16.72915">
        <ele>41.9</ele>
      </trkpt>
      <trkpt lat="28.08422" lon="-16.72918">
        <ele>41.1</ele>
      </trkpt>
      <trkpt lat="28.08391" lon="-16.729209">
        <ele>41.8</ele>
      </trkpt>
      <trkpt lat="28.08328" lon="-16.72928">
        <ele>43.3</ele>
      </trkpt>
      <trkpt lat="28.08253" lon="-16.72936">
        <ele>41.9</ele>
      </trkpt>
      <trkpt lat="28.08223" lon="-16.729399">
        <ele>43.3</ele>
      </trkpt>
      <trkpt lat="28.08223" lon="-16.729399">
        <ele>43.3</ele>
      </trkpt>
      <trkpt lat="28.08216" lon="-16.72942">
        <ele>43.6</ele>
      </trkpt>
      <trkpt lat="28.08206" lon="-16.72945">
        <ele>43.9</ele>
      </trkpt>
      <trkpt lat="28.08192" lon="-16.729489">
        <ele>44.4</ele>
      </trkpt>
      <trkpt lat="28.08187" lon="-16.7295">
        <ele>44.6</ele>
      </trkpt>
      <trkpt lat="28.08181" lon="-16.72952">
        <ele>44.8</ele>
      </trkpt>
      <trkpt lat="28.08172" lon="-16.729579">
        <ele>44.7</ele>
      </trkpt>
      <trkpt lat="28.08156" lon="-16.729679">
        <ele>44.1</ele>
      </trkpt>
      <trkpt lat="28.08089" lon="-16.7302">
        <ele>40.6</ele>
      </trkpt>
      <trkpt lat="28.08073" lon="-16.730319">
        <ele>39.8</ele>
      </trkpt>
      <trkpt lat="28.08064" lon="-16.7304">
        <ele>39.3</ele>
      </trkpt>
      <trkpt lat="28.08034" lon="-16.73064">
        <ele>37.2</ele>
      </trkpt>
      <trkpt lat="28.08005" lon="-16.73087">
        <ele>34.9</ele>
      </trkpt>
      <trkpt lat="28.08004" lon="-16.73088">
        <ele>34.8</ele>
      </trkpt>
      <trkpt lat="28.07995" lon="-16.73094">
        <ele>34.7</ele>
      </trkpt>
      <trkpt lat="28.07969" lon="-16.73114">
        <ele>34.7</ele>
      </trkpt>
      <trkpt lat="28.07965" lon="-16.731169">
        <ele>34.7</ele>
      </trkpt>
      <trkpt lat="28.07935" lon="-16.7314">
        <ele>34.3</ele>
      </trkpt>
      <trkpt lat="28.07929" lon="-16.73144">
        <ele>34.3</ele>
      </trkpt>
      <trkpt lat="28.0792" lon="-16.73151">
        <ele>34.0</ele>
      </trkpt>
      <trkpt lat="28.07905" lon="-16.73163">
        <ele>34.4</ele>
      </trkpt>
      <trkpt lat="28.07892" lon="-16.73172">
        <ele>35.0</ele>
      </trkpt>
      <trkpt lat="28.07876" lon="-16.73185">
        <ele>35.4</ele>
      </trkpt>
      <trkpt lat="28.07875" lon="-16.73185">
        <ele>35.5</ele>
      </trkpt>
      <trkpt lat="28.07872" lon="-16.73188">
        <ele>35.5</ele>
      </trkpt>
      <trkpt lat="28.07848" lon="-16.73207">
        <ele>35.6</ele>
      </trkpt>
      <trkpt lat="28.07833" lon="-16.73218">
        <ele>35.5</ele>
      </trkpt>
      <trkpt lat="28.07812" lon="-16.73235">
        <ele>33.7</ele>
      </trkpt>
      <trkpt lat="28.07812" lon="-16.73237">
        <ele>33.5</ele>
      </trkpt>
      <trkpt lat="28.07812" lon="-16.732389">
        <ele>33.3</ele>
      </trkpt>
      <trkpt lat="28.07811" lon="-16.73241">
        <ele>33.1</ele>
      </trkpt>
      <trkpt lat="28.07811" lon="-16.73242">
        <ele>33.0</ele>
      </trkpt>
      <trkpt lat="28.0781" lon="-16.73244">
        <ele>32.8</ele>
      </trkpt>
      <trkpt lat="28.07808" lon="-16.73245">
        <ele>32.8</ele>
      </trkpt>
      <trkpt lat="28.07807" lon="-16.73246">
        <ele>32.7</ele>
      </trkpt>
      <trkpt lat="28.07806" lon="-16.73246">
        <ele>32.7</ele>
      </trkpt>
      <trkpt lat="28.07805" lon="-16.73246">
        <ele>32.7</ele>
      </trkpt>
      <trkpt lat="28.07804" lon="-16.73247">
        <ele>32.6</ele>
      </trkpt>
      <trkpt lat="28.07802" lon="-16.73246">
        <ele>32.7</ele>
      </trkpt>
      <trkpt lat="28.078" lon="-16.73246">
        <ele>32.8</ele>
      </trkpt>
      <trkpt lat="28.07799" lon="-16.73245">
        <ele>32.9</ele>
      </trkpt>
      <trkpt lat="28.07798" lon="-16.73244">
        <ele>33.0</ele>
      </trkpt>
      <trkpt lat="28.07797" lon="-16.73242">
        <ele>33.1</ele>
      </trkpt>
      <trkpt lat="28.07796" lon="-16.73241">
        <ele>33.2</ele>
      </trkpt>
      <trkpt lat="28.07795" lon="-16.732389">
        <ele>33.4</ele>
      </trkpt>
      <trkpt lat="28.07795" lon="-16.73237">
        <ele>33.6</ele>
      </trkpt>
      <trkpt lat="28.07786" lon="-16.73232">
        <ele>34.0</ele>
      </trkpt>
      <trkpt lat="28.07782" lon="-16.732299">
        <ele>34.2</ele>
      </trkpt>
      <trkpt lat="28.07762" lon="-16.73224">
        <ele>34.6</ele>
      </trkpt>
      <trkpt lat="28.0772" lon="-16.732119">
        <ele>34.2</ele>
      </trkpt>
      <trkpt lat="28.07695" lon="-16.73204">
        <ele>33.7</ele>
      </trkpt>
      <trkpt lat="28.07691" lon="-16.73204">
        <ele>33.6</ele>
      </trkpt>
      <trkpt lat="28.07685" lon="-16.73205">
        <ele>33.3</ele>
      </trkpt>
      <trkpt lat="28.07681" lon="-16.73204">
        <ele>33.2</ele>
      </trkpt>
      <trkpt lat="28.07675" lon="-16.732019">
        <ele>33.0</ele>
      </trkpt>
      <trkpt lat="28.07666" lon="-16.732">
        <ele>32.8</ele>
      </trkpt>
      <trkpt lat="28.07652" lon="-16.73195">
        <ele>32.5</ele>
      </trkpt>
      <trkpt lat="28.07645" lon="-16.73194">
        <ele>32.2</ele>
      </trkpt>
      <trkpt lat="28.07643" lon="-16.731929">
        <ele>32.2</ele>
      </trkpt>
      <trkpt lat="28.07596" lon="-16.73178">
        <ele>31.0</ele>
      </trkpt>
      <trkpt lat="28.07577" lon="-16.731729">
        <ele>30.8</ele>
      </trkpt>
      <trkpt lat="28.07574" lon="-16.73172">
        <ele>30.9</ele>
      </trkpt>
      <trkpt lat="28.07541" lon="-16.73162">
        <ele>31.8</ele>
      </trkpt>
      <trkpt lat="28.07532" lon="-16.73159">
        <ele>32.1</ele>
      </trkpt>
      <trkpt lat="28.07525" lon="-16.73157">
        <ele>32.3</ele>
      </trkpt>
      <trkpt lat="28.07522" lon="-16.73156">
        <ele>32.4</ele>
      </trkpt>
      <trkpt lat="28.07514" lon="-16.731539">
        <ele>32.6</ele>
      </trkpt>
      <trkpt lat="28.0751" lon="-16.7315">
        <ele>32.9</ele>
      </trkpt>
      <trkpt lat="28.07504" lon="-16.73147">
        <ele>33.1</ele>
      </trkpt>
      <trkpt lat="28.07499" lon="-16.731449">
        <ele>33.3</ele>
      </trkpt>
      <trkpt lat="28.07498" lon="-16.731449">
        <ele>33.2</ele>
      </trkpt>
      <trkpt lat="28.07488" lon="-16.73142">
        <ele>32.9</ele>
      </trkpt>
      <trkpt lat="28.07483" lon="-16.73141">
        <ele>32.7</ele>
      </trkpt>
      <trkpt lat="28.07478" lon="-16.73141">
        <ele>32.5</ele>
      </trkpt>
      <trkpt lat="28.07478" lon="-16.73141">
        <ele>32.5</ele>
      </trkpt>
      <trkpt lat="28.07478" lon="-16.73142">
        <ele>32.5</ele>
      </trkpt>
      <trkpt lat="28.07476" lon="-16.73143">
        <ele>32.3</ele>
      </trkpt>
      <trkpt lat="28.07475" lon="-16.73143">
        <ele>32.3</ele>
      </trkpt>
      <trkpt lat="28.07475" lon="-16.73143">
        <ele>32.3</ele>
      </trkpt>
      <trkpt lat="28.07475" lon="-16.73143">
        <ele>32.3</ele>
      </trkpt>
      <trkpt lat="28.07474" lon="-16.73143">
        <ele>32.2</ele>
      </trkpt>
      <trkpt lat="28.07473" lon="-16.73143">
        <ele>32.2</ele>
      </trkpt>
      <trkpt lat="28.07471" lon="-16.73143">
        <ele>32.1</ele>
      </trkpt>
      <trkpt lat="28.0747" lon="-16.73143">
        <ele>32.0</ele>
      </trkpt>
      <trkpt lat="28.07468" lon="-16.73142">
        <ele>32.0</ele>
      </trkpt>
      <trkpt lat="28.07467" lon="-16.7314">
        <ele>32.0</ele>
      </trkpt>
      <trkpt lat="28.07466" lon="-16.73139">
        <ele>32.0</ele>
      </trkpt>
      <trkpt lat="28.07466" lon="-16.73138">
        <ele>32.1</ele>
      </trkpt>
      <trkpt lat="28.07465" lon="-16.731369">
        <ele>32.1</ele>
      </trkpt>
      <trkpt lat="28.07465" lon="-16.731349">
        <ele>32.2</ele>
      </trkpt>
      <trkpt lat="28.07465" lon="-16.73133">
        <ele>32.3</ele>
      </trkpt>
      <trkpt lat="28.07465" lon="-16.73132">
        <ele>32.3</ele>
      </trkpt>
      <trkpt lat="28.07466" lon="-16.7313">
        <ele>32.4</ele>
      </trkpt>
      <trkpt lat="28.07466" lon="-16.7313">
        <ele>32.4</ele>
      </trkpt>
      <trkpt lat="28.07463" lon="-16.73124">
        <ele>32.5</ele>
      </trkpt>
      <trkpt lat="28.07459" lon="-16.73112">
        <ele>32.8</ele>
      </trkpt>
      <trkpt lat="28.07451" lon="-16.730899">
        <ele>33.2</ele>
      </trkpt>
      <trkpt lat="28.07436" lon="-16.73041">
        <ele>34.3</ele>
      </trkpt>
      <trkpt lat="28.07434" lon="-16.73034">
        <ele>34.5</ele>
      </trkpt>
      <trkpt lat="28.07431" lon="-16.730229">
        <ele>34.8</ele>
      </trkpt>
      <trkpt lat="28.07429" lon="-16.730139">
        <ele>35.1</ele>
      </trkpt>
      <trkpt lat="28.07428" lon="-16.73011">
        <ele>35.2</ele>
      </trkpt>
      <trkpt lat="28.07423" lon="-16.72991">
        <ele>35.5</ele>
      </trkpt>
      <trkpt lat="28.07416" lon="-16.72972">
        <ele>35.3</ele>
      </trkpt>
      <trkpt lat="28.0741" lon="-16.729579">
        <ele>35.0</ele>
      </trkpt>
      <trkpt lat="28.07409" lon="-16.729569">
        <ele>34.9</ele>
      </trkpt>
      <trkpt lat="28.07404" lon="-16.729489">
        <ele>34.7</ele>
      </trkpt>
      <trkpt lat="28.07399" lon="-16.72942">
        <ele>34.4</ele>
      </trkpt>
      <trkpt lat="28.07392" lon="-16.72934">
        <ele>34.1</ele>
      </trkpt>
      <trkpt lat="28.07379" lon="-16.729209">
        <ele>33.6</ele>
      </trkpt>
      <trkpt lat="28.07364" lon="-16.72909">
        <ele>33.2</ele>
      </trkpt>
      <trkpt lat="28.07345" lon="-16.72894">
        <ele>32.8</ele>
      </trkpt>
      <trkpt lat="28.0734" lon="-16.7289">
        <ele>32.7</ele>
      </trkpt>
      <trkpt lat="28.07333" lon="-16.72885">
        <ele>32.5</ele>
      </trkpt>
      <trkpt lat="28.07319" lon="-16.72876">
        <ele>33.1</ele>
      </trkpt>
      <trkpt lat="28.0731" lon="-16.72872">
        <ele>33.4</ele>
      </trkpt>
      <trkpt lat="28.07309" lon="-16.72871">
        <ele>33.5</ele>
      </trkpt>
      <trkpt lat="28.07302" lon="-16.72868">
        <ele>33.6</ele>
      </trkpt>
      <trkpt lat="28.07291" lon="-16.728649">
        <ele>33.9</ele>
      </trkpt>
      <trkpt lat="28.07237" lon="-16.72851">
        <ele>34.2</ele>
      </trkpt>
      <trkpt lat="28.07213" lon="-16.72844">
        <ele>33.8</ele>
      </trkpt>
      <trkpt lat="28.07116" lon="-16.72819">
        <ele>31.5</ele>
      </trkpt>
      <trkpt lat="28.07107" lon="-16.728169">
        <ele>31.3</ele>
      </trkpt>
      <trkpt lat="28.07006" lon="-16.7279">
        <ele>31.2</ele>
      </trkpt>
      <trkpt lat="28.06917" lon="-16.72767">
        <ele>33.8</ele>
      </trkpt>
      <trkpt lat="28.06897" lon="-16.72762">
        <ele>33.0</ele>
      </trkpt>
      <trkpt lat="28.06886" lon="-16.72759">
        <ele>32.6</ele>
      </trkpt>
      <trkpt lat="28.0687" lon="-16.72753">
        <ele>32.0</ele>
      </trkpt>
      <trkpt lat="28.0686" lon="-16.72748">
        <ele>31.7</ele>
      </trkpt>
      <trkpt lat="28.0686" lon="-16.72747">
        <ele>31.7</ele>
      </trkpt>
      <trkpt lat="28.0685" lon="-16.727409">
        <ele>31.4</ele>
      </trkpt>
      <trkpt lat="28.06841" lon="-16.72734">
        <ele>31.1</ele>
      </trkpt>
      <trkpt lat="28.06834" lon="-16.72725">
        <ele>30.9</ele>
      </trkpt>
      <trkpt lat="28.06828" lon="-16.72718">
        <ele>31.0</ele>
      </trkpt>
      <trkpt lat="28.06826" lon="-16.72715">
        <ele>31.1</ele>
      </trkpt>
      <trkpt lat="28.06826" lon="-16.72715">
        <ele>31.1</ele>
      </trkpt>
      <trkpt lat="28.06822" lon="-16.727139">
        <ele>31.1</ele>
      </trkpt>
      <trkpt lat="28.0682" lon="-16.727139">
        <ele>31.0</ele>
      </trkpt>
      <trkpt lat="28.06817" lon="-16.727139">
        <ele>31.0</ele>
      </trkpt>
      <trkpt lat="28.06815" lon="-16.727139">
        <ele>30.9</ele>
      </trkpt>
      <trkpt lat="28.06812" lon="-16.72715">
        <ele>30.8</ele>
      </trkpt>
      <trkpt lat="28.06806" lon="-16.72718">
        <ele>30.5</ele>
      </trkpt>
      <trkpt lat="28.06802" lon="-16.72719">
        <ele>30.4</ele>
      </trkpt>
      <trkpt lat="28.068" lon="-16.72721">
        <ele>30.3</ele>
      </trkpt>
      <trkpt lat="28.06796" lon="-16.72726">
        <ele>29.9</ele>
      </trkpt>
      <trkpt lat="28.06795" lon="-16.72727">
        <ele>29.8</ele>
      </trkpt>
      <trkpt lat="28.06792" lon="-16.727329">
        <ele>29.4</ele>
      </trkpt>
      <trkpt lat="28.0679" lon="-16.72738">
        <ele>29.1</ele>
      </trkpt>
      <trkpt lat="28.0679" lon="-16.72739">
        <ele>29.0</ele>
      </trkpt>
      <trkpt lat="28.06788" lon="-16.72748">
        <ele>28.5</ele>
      </trkpt>
      <trkpt lat="28.06787" lon="-16.72757">
        <ele>27.9</ele>
      </trkpt>
      <trkpt lat="28.06788" lon="-16.727689">
        <ele>27.2</ele>
      </trkpt>
      <trkpt lat="28.06788" lon="-16.727689">
        <ele>27.2</ele>
      </trkpt>
      <trkpt lat="28.06776" lon="-16.727699">
        <ele>26.6</ele>
      </trkpt>
      <trkpt lat="28.06758" lon="-16.72772">
        <ele>25.8</ele>
      </trkpt>
      <trkpt lat="28.0674" lon="-16.72774">
        <ele>24.8</ele>
      </trkpt>
      <trkpt lat="28.06694" lon="-16.72777">
        <ele>22.2</ele>
      </trkpt>
      <trkpt lat="28.06684" lon="-16.72778">
        <ele>21.5</ele>
      </trkpt>
      <trkpt lat="28.06676" lon="-16.727789">
        <ele>21.0</ele>
      </trkpt>
      <trkpt lat="28.06663" lon="-16.727799">
        <ele>20.4</ele>
      </trkpt>
      <trkpt lat="28.0666" lon="-16.727799">
        <ele>20.4</ele>
      </trkpt>
      <trkpt lat="28.06658" lon="-16.727799">
        <ele>20.3</ele>
      </trkpt>
      <trkpt lat="28.06652" lon="-16.72782">
        <ele>20.1</ele>
      </trkpt>
      <trkpt lat="28.06645" lon="-16.72783">
        <ele>19.9</ele>
      </trkpt>
      <trkpt lat="28.06639" lon="-16.72783">
        <ele>19.9</ele>
      </trkpt>
      <trkpt lat="28.06626" lon="-16.72784">
        <ele>19.7</ele>
      </trkpt>
      <trkpt lat="28.06616" lon="-16.72784">
        <ele>19.7</ele>
      </trkpt>
      <trkpt lat="28.06616" lon="-16.72784">
        <ele>19.7</ele>
      </trkpt>
      <trkpt lat="28.06614" lon="-16.72785">
        <ele>19.6</ele>
      </trkpt>
      <trkpt lat="28.06612" lon="-16.72785">
        <ele>19.6</ele>
      </trkpt>
      <trkpt lat="28.0661" lon="-16.72785">
        <ele>19.6</ele>
      </trkpt>
      <trkpt lat="28.06608" lon="-16.72785">
        <ele>19.6</ele>
      </trkpt>
      <trkpt lat="28.06605" lon="-16.72785">
        <ele>19.6</ele>
      </trkpt>
      <trkpt lat="28.06599" lon="-16.72786">
        <ele>19.5</ele>
      </trkpt>
      <trkpt lat="28.06597" lon="-16.72787">
        <ele>19.4</ele>
      </trkpt>
      <trkpt lat="28.06595" lon="-16.72787">
        <ele>19.4</ele>
      </trkpt>
      <trkpt lat="28.06592" lon="-16.727879">
        <ele>19.3</ele>
      </trkpt>
      <trkpt lat="28.06589" lon="-16.727879">
        <ele>19.3</ele>
      </trkpt>
      <trkpt lat="28.06586" lon="-16.727889">
        <ele>19.2</ele>
      </trkpt>
      <trkpt lat="28.06584" lon="-16.727889">
        <ele>19.2</ele>
      </trkpt>
      <trkpt lat="28.065838" lon="-16.727891">
        <ele>19.2</ele>
      </trkpt>
      <trkpt lat="28.06578" lon="-16.72791">
        <ele>19.3</ele>
      </trkpt>
      <trkpt lat="28.06573" lon="-16.72787">
        <ele>19.8</ele>
      </trkpt>
      <trkpt lat="28.06568" lon="-16.72785">
        <ele>20.2</ele>
      </trkpt>
      <trkpt lat="28.06564" lon="-16.72783">
        <ele>20.5</ele>
      </trkpt>
      <trkpt lat="28.06555" lon="-16.72782">
        <ele>21.0</ele>
      </trkpt>
      <trkpt lat="28.06541" lon="-16.727789">
        <ele>21.8</ele>
      </trkpt>
      <trkpt lat="28.06528" lon="-16.72775">
        <ele>22.6</ele>
      </trkpt>
      <trkpt lat="28.06517" lon="-16.72772">
        <ele>23.2</ele>
      </trkpt>
      <trkpt lat="28.06513" lon="-16.727699">
        <ele>23.5</ele>
      </trkpt>
      <trkpt lat="28.06503" lon="-16.72767">
        <ele>24.1</ele>
      </trkpt>
      <trkpt lat="28.06491" lon="-16.727599">
        <ele>25.2</ele>
      </trkpt>
      <trkpt lat="28.06484" lon="-16.72757">
        <ele>26.0</ele>
      </trkpt>
      <trkpt lat="28.064784" lon="-16.727539">
        <ele>26.6</ele>
      </trkpt>
      <trkpt lat="28.06475" lon="-16.727519">
        <ele>27.0</ele>
      </trkpt>
      <trkpt lat="28.06474" lon="-16.7275">
        <ele>27.2</ele>
      </trkpt>
      <trkpt lat="28.0647" lon="-16.7275">
        <ele>27.5</ele>
      </trkpt>
      <trkpt lat="28.06468" lon="-16.7275">
        <ele>27.7</ele>
      </trkpt>
      <trkpt lat="28.06461" lon="-16.72747">
        <ele>28.5</ele>
      </trkpt>
      <trkpt lat="28.06457" lon="-16.72745">
        <ele>28.9</ele>
      </trkpt>
      <trkpt lat="28.06453" lon="-16.727409">
        <ele>29.4</ele>
      </trkpt>
      <trkpt lat="28.06451" lon="-16.72739">
        <ele>29.7</ele>
      </trkpt>
      <trkpt lat="28.06449" lon="-16.72737">
        <ele>29.9</ele>
      </trkpt>
      <trkpt lat="28.06447" lon="-16.72734">
        <ele>30.2</ele>
      </trkpt>
      <trkpt lat="28.06446" lon="-16.727329">
        <ele>30.3</ele>
      </trkpt>
      <trkpt lat="28.06445" lon="-16.727329">
        <ele>30.4</ele>
      </trkpt>
      <trkpt lat="28.06445" lon="-16.727319">
        <ele>30.4</ele>
      </trkpt>
      <trkpt lat="28.06444" lon="-16.727319">
        <ele>30.5</ele>
      </trkpt>
      <trkpt lat="28.06444" lon="-16.72731">
        <ele>30.5</ele>
      </trkpt>
      <trkpt lat="28.06437" lon="-16.72729">
        <ele>31.0</ele>
      </trkpt>
      <trkpt lat="28.06422" lon="-16.72721">
        <ele>32.1</ele>
      </trkpt>
      <trkpt lat="28.06413" lon="-16.72711">
        <ele>32.5</ele>
      </trkpt>
      <trkpt lat="28.06406" lon="-16.72706">
        <ele>32.5</ele>
      </trkpt>
      <trkpt lat="28.06394" lon="-16.72698">
        <ele>32.6</ele>
      </trkpt>
      <trkpt lat="28.06383" lon="-16.72692">
        <ele>32.7</ele>
      </trkpt>
      <trkpt lat="28.06373" lon="-16.726859">
        <ele>32.8</ele>
      </trkpt>
      <trkpt lat="28.06355" lon="-16.72674">
        <ele>32.9</ele>
      </trkpt>
      <trkpt lat="28.0635" lon="-16.72671">
        <ele>32.9</ele>
      </trkpt>
      <trkpt lat="28.06343" lon="-16.72668">
        <ele>33.0</ele>
      </trkpt>
      <trkpt lat="28.06335" lon="-16.72665">
        <ele>33.1</ele>
      </trkpt>
      <trkpt lat="28.06334" lon="-16.72664">
        <ele>33.1</ele>
      </trkpt>
      <trkpt lat="28.06324" lon="-16.72661">
        <ele>33.1</ele>
      </trkpt>
      <trkpt lat="28.06308" lon="-16.726569">
        <ele>33.0</ele>
      </trkpt>
      <trkpt lat="28.06292" lon="-16.72653">
        <ele>32.8</ele>
      </trkpt>
      <trkpt lat="28.06281" lon="-16.72652">
        <ele>32.7</ele>
      </trkpt>
      <trkpt lat="28.06274" lon="-16.72651">
        <ele>32.6</ele>
      </trkpt>
      <trkpt lat="28.06263" lon="-16.72651">
        <ele>32.4</ele>
      </trkpt>
      <trkpt lat="28.06252" lon="-16.72651">
        <ele>32.2</ele>
      </trkpt>
      <trkpt lat="28.06236" lon="-16.72653">
        <ele>32.0</ele>
      </trkpt>
      <trkpt lat="28.06227" lon="-16.72654">
        <ele>31.9</ele>
      </trkpt>
      <trkpt lat="28.06225" lon="-16.72654">
        <ele>31.9</ele>
      </trkpt>
      <trkpt lat="28.06204" lon="-16.72659">
        <ele>31.5</ele>
      </trkpt>
      <trkpt lat="28.06162" lon="-16.72673">
        <ele>30.7</ele>
      </trkpt>
      <trkpt lat="28.061569" lon="-16.726744">
        <ele>30.4</ele>
      </trkpt>
      <trkpt lat="28.06151" lon="-16.726759">
        <ele>30.1</ele>
      </trkpt>
      <trkpt lat="28.06139" lon="-16.7268">
        <ele>29.4</ele>
      </trkpt>
      <trkpt lat="28.06139" lon="-16.7268">
        <ele>29.4</ele>
      </trkpt>
      <trkpt lat="28.06139" lon="-16.72681">
        <ele>29.5</ele>
      </trkpt>
      <trkpt lat="28.06139" lon="-16.72682">
        <ele>29.5</ele>
      </trkpt>
      <trkpt lat="28.06139" lon="-16.72683">
        <ele>29.5</ele>
      </trkpt>
      <trkpt lat="28.06139" lon="-16.72684">
        <ele>29.5</ele>
      </trkpt>
      <trkpt lat="28.06139" lon="-16.726849">
        <ele>29.5</ele>
      </trkpt>
      <trkpt lat="28.06139" lon="-16.726859">
        <ele>29.5</ele>
      </trkpt>
      <trkpt lat="28.06138" lon="-16.72687">
        <ele>29.5</ele>
      </trkpt>
      <trkpt lat="28.06138" lon="-16.72688">
        <ele>29.5</ele>
      </trkpt>
      <trkpt lat="28.06137" lon="-16.72688">
        <ele>29.4</ele>
      </trkpt>
      <trkpt lat="28.06137" lon="-16.72689">
        <ele>29.4</ele>
      </trkpt>
      <trkpt lat="28.06136" lon="-16.7269">
        <ele>29.4</ele>
      </trkpt>
      <trkpt lat="28.06135" lon="-16.7269">
        <ele>29.4</ele>
      </trkpt>
      <trkpt lat="28.06135" lon="-16.72691">
        <ele>29.4</ele>
      </trkpt>
      <trkpt lat="28.06134" lon="-16.72691">
        <ele>29.3</ele>
      </trkpt>
      <trkpt lat="28.06133" lon="-16.72692">
        <ele>29.3</ele>
      </trkpt>
      <trkpt lat="28.06132" lon="-16.72692">
        <ele>29.2</ele>
      </trkpt>
      <trkpt lat="28.06131" lon="-16.72692">
        <ele>29.2</ele>
      </trkpt>
      <trkpt lat="28.0613" lon="-16.72692">
        <ele>29.2</ele>
      </trkpt>
      <trkpt lat="28.06129" lon="-16.72692">
        <ele>29.1</ele>
      </trkpt>
      <trkpt lat="28.06128" lon="-16.72692">
        <ele>29.1</ele>
      </trkpt>
      <trkpt lat="28.06128" lon="-16.72691">
        <ele>29.1</ele>
      </trkpt>
      <trkpt lat="28.06127" lon="-16.72691">
        <ele>29.0</ele>
      </trkpt>
      <trkpt lat="28.06126" lon="-16.72691">
        <ele>29.0</ele>
      </trkpt>
      <trkpt lat="28.06126" lon="-16.7269">
        <ele>29.0</ele>
      </trkpt>
      <trkpt lat="28.06125" lon="-16.7269">
        <ele>28.9</ele>
      </trkpt>
      <trkpt lat="28.06125" lon="-16.72689">
        <ele>28.9</ele>
      </trkpt>
      <trkpt lat="28.06124" lon="-16.72689">
        <ele>28.9</ele>
      </trkpt>
      <trkpt lat="28.06124" lon="-16.72688">
        <ele>28.8</ele>
      </trkpt>
      <trkpt lat="28.06123" lon="-16.72687">
        <ele>28.8</ele>
      </trkpt>
      <trkpt lat="28.06123" lon="-16.726859">
        <ele>28.8</ele>
      </trkpt>
      <trkpt lat="28.06123" lon="-16.726849">
        <ele>28.7</ele>
      </trkpt>
      <trkpt lat="28.06122" lon="-16.726849">
        <ele>28.7</ele>
      </trkpt>
      <trkpt lat="28.06122" lon="-16.72684">
        <ele>28.7</ele>
      </trkpt>
      <trkpt lat="28.06122" lon="-16.72683">
        <ele>28.6</ele>
      </trkpt>
      <trkpt lat="28.06122" lon="-16.72682">
        <ele>28.6</ele>
      </trkpt>
      <trkpt lat="28.06122" lon="-16.72681">
        <ele>28.6</ele>
      </trkpt>
      <trkpt lat="28.06122" lon="-16.7268">
        <ele>28.6</ele>
      </trkpt>
      <trkpt lat="28.06123" lon="-16.72679">
        <ele>28.6</ele>
      </trkpt>
      <trkpt lat="28.06123" lon="-16.72678">
        <ele>28.6</ele>
      </trkpt>
      <trkpt lat="28.06123" lon="-16.726769">
        <ele>28.6</ele>
      </trkpt>
      <trkpt lat="28.06124" lon="-16.726769">
        <ele>28.6</ele>
      </trkpt>
      <trkpt lat="28.0612" lon="-16.7266">
        <ele>28.3</ele>
      </trkpt>
      <trkpt lat="28.06117" lon="-16.726489">
        <ele>28.4</ele>
      </trkpt>
      <trkpt lat="28.0611" lon="-16.726199">
        <ele>28.5</ele>
      </trkpt>
      <trkpt lat="28.06106" lon="-16.726009">
        <ele>28.7</ele>
      </trkpt>
      <trkpt lat="28.06101" lon="-16.725829">
        <ele>28.9</ele>
      </trkpt>
      <trkpt lat="28.06098" lon="-16.72569">
        <ele>28.9</ele>
      </trkpt>
      <trkpt lat="28.06094" lon="-16.72556">
        <ele>28.8</ele>
      </trkpt>
      <trkpt lat="28.06089" lon="-16.72547">
        <ele>28.7</ele>
      </trkpt>
      <trkpt lat="28.06086" lon="-16.72541">
        <ele>28.6</ele>
      </trkpt>
      <trkpt lat="28.06083" lon="-16.72537">
        <ele>28.5</ele>
      </trkpt>
      <trkpt lat="28.06081" lon="-16.72534">
        <ele>28.5</ele>
      </trkpt>
      <trkpt lat="28.06075" lon="-16.725269">
        <ele>28.3</ele>
      </trkpt>
      <trkpt lat="28.06064" lon="-16.72514">
        <ele>27.9</ele>
      </trkpt>
      <trkpt lat="28.06013" lon="-16.72464">
        <ele>26.9</ele>
      </trkpt>
      <trkpt lat="28.0601" lon="-16.724599">
        <ele>26.9</ele>
      </trkpt>
      <trkpt lat="28.0601" lon="-16.724599">
        <ele>26.9</ele>
      </trkpt>
      <trkpt lat="28.05999" lon="-16.724519">
        <ele>26.7</ele>
      </trkpt>
      <trkpt lat="28.0598" lon="-16.72436">
        <ele>26.5</ele>
      </trkpt>
      <trkpt lat="28.05953" lon="-16.72408">
        <ele>25.8</ele>
      </trkpt>
      <trkpt lat="28.05928" lon="-16.72384">
        <ele>25.1</ele>
      </trkpt>
      <trkpt lat="28.05907" lon="-16.72363">
        <ele>25.5</ele>
      </trkpt>
      <trkpt lat="28.05902" lon="-16.723579">
        <ele>25.8</ele>
      </trkpt>
      <trkpt lat="28.059" lon="-16.72355">
        <ele>25.9</ele>
      </trkpt>
      <trkpt lat="28.05898" lon="-16.72351">
        <ele>26.0</ele>
      </trkpt>
      <trkpt lat="28.05898" lon="-16.72351">
        <ele>26.0</ele>
      </trkpt>
      <trkpt lat="28.05896" lon="-16.7235">
        <ele>26.1</ele>
      </trkpt>
      <trkpt lat="28.05886" lon="-16.723389">
        <ele>26.6</ele>
      </trkpt>
      <trkpt lat="28.05857" lon="-16.723109">
        <ele>27.4</ele>
      </trkpt>
      <trkpt lat="28.05853" lon="-16.72307">
        <ele>27.4</ele>
      </trkpt>
      <trkpt lat="28.05843" lon="-16.72297">
        <ele>27.5</ele>
      </trkpt>
      <trkpt lat="28.05832" lon="-16.72285">
        <ele>27.4</ele>
      </trkpt>
      <trkpt lat="28.05826" lon="-16.72279">
        <ele>27.3</ele>
      </trkpt>
      <trkpt lat="28.05818" lon="-16.72269">
        <ele>27.0</ele>
      </trkpt>
      <trkpt lat="28.058138" lon="-16.722639">
        <ele>26.9</ele>
      </trkpt>
      <trkpt lat="28.05813" lon="-16.722629">
        <ele>26.9</ele>
      </trkpt>
      <trkpt lat="28.05808" lon="-16.72257">
        <ele>26.8</ele>
      </trkpt>
      <trkpt lat="28.05803" lon="-16.722529">
        <ele>26.7</ele>
      </trkpt>
      <trkpt lat="28.05803" lon="-16.722529">
        <ele>26.7</ele>
      </trkpt>
      <trkpt lat="28.058" lon="-16.72257">
        <ele>26.7</ele>
      </trkpt>
      <trkpt lat="28.05797" lon="-16.72259">
        <ele>26.7</ele>
      </trkpt>
      <trkpt lat="28.05795" lon="-16.72259">
        <ele>26.6</ele>
      </trkpt>
      <trkpt lat="28.05794" lon="-16.7226">
        <ele>26.6</ele>
      </trkpt>
      <trkpt lat="28.05792" lon="-16.7226">
        <ele>26.6</ele>
      </trkpt>
      <trkpt lat="28.05789" lon="-16.72261">
        <ele>26.6</ele>
      </trkpt>
      <trkpt lat="28.05789" lon="-16.72261">
        <ele>26.6</ele>
      </trkpt>
      <trkpt lat="28.05785" lon="-16.7226">
        <ele>26.5</ele>
      </trkpt>
      <trkpt lat="28.05784" lon="-16.72259">
        <ele>26.5</ele>
      </trkpt>
      <trkpt lat="28.05782" lon="-16.72258">
        <ele>26.5</ele>
      </trkpt>
      <trkpt lat="28.05781" lon="-16.72256">
        <ele>26.4</ele>
      </trkpt>
      <trkpt lat="28.0578" lon="-16.72252">
        <ele>26.4</ele>
      </trkpt>
      <trkpt lat="28.05779" lon="-16.7225">
        <ele>26.3</ele>
      </trkpt>
      <trkpt lat="28.05779" lon="-16.72248">
        <ele>26.5</ele>
      </trkpt>
      <trkpt lat="28.0578" lon="-16.722439">
        <ele>26.7</ele>
      </trkpt>
      <trkpt lat="28.0578" lon="-16.72243">
        <ele>26.7</ele>
      </trkpt>
      <trkpt lat="28.0578" lon="-16.72239">
        <ele>27.0</ele>
      </trkpt>
      <trkpt lat="28.05784" lon="-16.722249">
        <ele>27.7</ele>
      </trkpt>
      <trkpt lat="28.05784" lon="-16.72223">
        <ele>27.8</ele>
      </trkpt>
      <trkpt lat="28.05786" lon="-16.722059">
        <ele>28.5</ele>
      </trkpt>
      <trkpt lat="28.05786" lon="-16.721879">
        <ele>29.4</ele>
      </trkpt>
      <trkpt lat="28.05786" lon="-16.72185">
        <ele>29.5</ele>
      </trkpt>
      <trkpt lat="28.05785" lon="-16.72167">
        <ele>30.5</ele>
      </trkpt>
      <trkpt lat="28.05784" lon="-16.721589">
        <ele>30.6</ele>
      </trkpt>
      <trkpt lat="28.0578" lon="-16.72146">
        <ele>30.9</ele>
      </trkpt>
      <trkpt lat="28.05777" lon="-16.72134">
        <ele>31.2</ele>
      </trkpt>
      <trkpt lat="28.05775" lon="-16.72126">
        <ele>31.3</ele>
      </trkpt>
      <trkpt lat="28.05772" lon="-16.7212">
        <ele>31.6</ele>
      </trkpt>
      <trkpt lat="28.05771" lon="-16.72118">
        <ele>31.6</ele>
      </trkpt>
      <trkpt lat="28.05769" lon="-16.72117">
        <ele>31.8</ele>
      </trkpt>
      <trkpt lat="28.057687" lon="-16.721163">
        <ele>31.8</ele>
      </trkpt>
      <trkpt lat="28.05768" lon="-16.72115">
        <ele>31.8</ele>
      </trkpt>
      <trkpt lat="28.05766" lon="-16.721139">
        <ele>32.0</ele>
      </trkpt>
      <trkpt lat="28.05762" lon="-16.72111">
        <ele>32.2</ele>
      </trkpt>
      <trkpt lat="28.05755" lon="-16.7211">
        <ele>32.7</ele>
      </trkpt>
      <trkpt lat="28.05746" lon="-16.721139">
        <ele>33.4</ele>
      </trkpt>
      <trkpt lat="28.05734" lon="-16.72112">
        <ele>34.5</ele>
      </trkpt>
      <trkpt lat="28.05731" lon="-16.7211">
        <ele>34.8</ele>
      </trkpt>
      <trkpt lat="28.05729" lon="-16.72109">
        <ele>35.0</ele>
      </trkpt>
      <trkpt lat="28.05727" lon="-16.72108">
        <ele>35.2</ele>
      </trkpt>
      <trkpt lat="28.05726" lon="-16.72106">
        <ele>35.3</ele>
      </trkpt>
      <trkpt lat="28.05724" lon="-16.721029">
        <ele>35.5</ele>
      </trkpt>
      <trkpt lat="28.05724" lon="-16.72101">
        <ele>35.5</ele>
      </trkpt>
      <trkpt lat="28.05723" lon="-16.720949">
        <ele>35.7</ele>
      </trkpt>
      <trkpt lat="28.05723" lon="-16.720949">
        <ele>35.7</ele>
      </trkpt>
      <trkpt lat="28.05734" lon="-16.72073">
        <ele>34.6</ele>
      </trkpt>
      <trkpt lat="28.05737" lon="-16.72061">
        <ele>34.2</ele>
      </trkpt>
      <trkpt lat="28.0574" lon="-16.7205">
        <ele>33.7</ele>
      </trkpt>
      <trkpt lat="28.05742" lon="-16.720369">
        <ele>33.4</ele>
      </trkpt>
      <trkpt lat="28.05743" lon="-16.720279">
        <ele>33.1</ele>
      </trkpt>
      <trkpt lat="28.05743" lon="-16.72025">
        <ele>33.1</ele>
      </trkpt>
      <trkpt lat="28.05742" lon="-16.72014">
        <ele>33.1</ele>
      </trkpt>
      <trkpt lat="28.05742" lon="-16.72007">
        <ele>33.0</ele>
      </trkpt>
      <trkpt lat="28.05742" lon="-16.72005">
        <ele>33.0</ele>
      </trkpt>
      <trkpt lat="28.05742" lon="-16.71994">
        <ele>32.9</ele>
      </trkpt>
      <trkpt lat="28.05737" lon="-16.71969">
        <ele>33.0</ele>
      </trkpt>
      <trkpt lat="28.05732" lon="-16.71948">
        <ele>33.0</ele>
      </trkpt>
      <trkpt lat="28.05727" lon="-16.71928">
        <ele>32.9</ele>
      </trkpt>
      <trkpt lat="28.05723" lon="-16.71908">
        <ele>32.9</ele>
      </trkpt>
      <trkpt lat="28.05709" lon="-16.71849">
        <ele>33.6</ele>
      </trkpt>
      <trkpt lat="28.05696" lon="-16.71789">
        <ele>31.4</ele>
      </trkpt>
      <trkpt lat="28.05682" lon="-16.717279">
        <ele>28.1</ele>
      </trkpt>
      <trkpt lat="28.0567" lon="-16.71674">
        <ele>23.7</ele>
      </trkpt>
      <trkpt lat="28.05668" lon="-16.71664">
        <ele>23.0</ele>
      </trkpt>
      <trkpt lat="28.05656" lon="-16.71611">
        <ele>23.3</ele>
      </trkpt>
      <trkpt lat="28.05647" lon="-16.71572">
        <ele>23.7</ele>
      </trkpt>
      <trkpt lat="28.05637" lon="-16.71526">
        <ele>23.5</ele>
      </trkpt>
      <trkpt lat="28.05633" lon="-16.71506">
        <ele>23.3</ele>
      </trkpt>
      <trkpt lat="28.05615" lon="-16.71427">
        <ele>22.5</ele>
      </trkpt>
      <trkpt lat="28.05598" lon="-16.71358">
        <ele>24.6</ele>
      </trkpt>
      <trkpt lat="28.05591" lon="-16.71328">
        <ele>25.2</ele>
      </trkpt>
      <trkpt lat="28.05588" lon="-16.713149">
        <ele>25.3</ele>
      </trkpt>
      <trkpt lat="28.05586" lon="-16.71308">
        <ele>25.4</ele>
      </trkpt>
      <trkpt lat="28.0557" lon="-16.71244">
        <ele>26.1</ele>
      </trkpt>
      <trkpt lat="28.05569" lon="-16.712409">
        <ele>26.2</ele>
      </trkpt>
      <trkpt lat="28.05568" lon="-16.71239">
        <ele>26.2</ele>
      </trkpt>
      <trkpt lat="28.05565" lon="-16.71235">
        <ele>26.4</ele>
      </trkpt>
      <trkpt lat="28.05565" lon="-16.71235">
        <ele>26.4</ele>
      </trkpt>
      <trkpt lat="28.05561" lon="-16.71236">
        <ele>26.3</ele>
      </trkpt>
      <trkpt lat="28.05556" lon="-16.71236">
        <ele>26.2</ele>
      </trkpt>
      <trkpt lat="28.05552" lon="-16.71236">
        <ele>26.2</ele>
      </trkpt>
      <trkpt lat="28.05547" lon="-16.71235">
        <ele>26.2</ele>
      </trkpt>
      <trkpt lat="28.05543" lon="-16.71233">
        <ele>26.2</ele>
      </trkpt>
      <trkpt lat="28.05539" lon="-16.712309">
        <ele>26.3</ele>
      </trkpt>
      <trkpt lat="28.05535" lon="-16.71228">
        <ele>26.4</ele>
      </trkpt>
      <trkpt lat="28.05532" lon="-16.71224">
        <ele>26.5</ele>
      </trkpt>
      <trkpt lat="28.05531" lon="-16.71223">
        <ele>26.5</ele>
      </trkpt>
      <trkpt lat="28.05529" lon="-16.7122">
        <ele>26.7</ele>
      </trkpt>
      <trkpt lat="28.05527" lon="-16.71216">
        <ele>26.8</ele>
      </trkpt>
      <trkpt lat="28.05525" lon="-16.7121">
        <ele>27.1</ele>
      </trkpt>
      <trkpt lat="28.05524" lon="-16.71206">
        <ele>27.2</ele>
      </trkpt>
      <trkpt lat="28.05524" lon="-16.71201">
        <ele>27.5</ele>
      </trkpt>
      <trkpt lat="28.05524" lon="-16.71196">
        <ele>27.7</ele>
      </trkpt>
      <trkpt lat="28.05525" lon="-16.7119">
        <ele>28.0</ele>
      </trkpt>
      <trkpt lat="28.05526" lon="-16.71186">
        <ele>28.1</ele>
      </trkpt>
      <trkpt lat="28.05529" lon="-16.71181">
        <ele>28.4</ele>
      </trkpt>
      <trkpt lat="28.05531" lon="-16.71177">
        <ele>28.6</ele>
      </trkpt>
      <trkpt lat="28.05534" lon="-16.71173">
        <ele>28.7</ele>
      </trkpt>
      <trkpt lat="28.05538" lon="-16.7117">
        <ele>28.9</ele>
      </trkpt>
      <trkpt lat="28.05542" lon="-16.71167">
        <ele>29.0</ele>
      </trkpt>
      <trkpt lat="28.05546" lon="-16.711649">
        <ele>29.1</ele>
      </trkpt>
      <trkpt lat="28.05547" lon="-16.711649">
        <ele>29.1</ele>
      </trkpt>
      <trkpt lat="28.05546" lon="-16.71153">
        <ele>29.8</ele>
      </trkpt>
      <trkpt lat="28.05545" lon="-16.711469">
        <ele>30.1</ele>
      </trkpt>
      <trkpt lat="28.05544" lon="-16.71142">
        <ele>30.4</ele>
      </trkpt>
      <trkpt lat="28.05542" lon="-16.71134">
        <ele>30.8</ele>
      </trkpt>
      <trkpt lat="28.0554" lon="-16.71125">
        <ele>31.2</ele>
      </trkpt>
      <trkpt lat="28.05538" lon="-16.71116">
        <ele>31.7</ele>
      </trkpt>
      <trkpt lat="28.05519" lon="-16.71042">
        <ele>32.9</ele>
      </trkpt>
      <trkpt lat="28.05514" lon="-16.71022">
        <ele>32.8</ele>
      </trkpt>
      <trkpt lat="28.05499" lon="-16.70964">
        <ele>33.7</ele>
      </trkpt>
      <trkpt lat="28.0549" lon="-16.709299">
        <ele>35.5</ele>
      </trkpt>
      <trkpt lat="28.05487" lon="-16.70917">
        <ele>36.1</ele>
      </trkpt>
      <trkpt lat="28.05478" lon="-16.70878">
        <ele>39.7</ele>
      </trkpt>
      <trkpt lat="28.05467" lon="-16.708379">
        <ele>42.7</ele>
      </trkpt>
      <trkpt lat="28.05467" lon="-16.708379">
        <ele>42.7</ele>
      </trkpt>
      <trkpt lat="28.05466" lon="-16.708379">
        <ele>42.6</ele>
      </trkpt>
      <trkpt lat="28.05465" lon="-16.708379">
        <ele>42.5</ele>
      </trkpt>
      <trkpt lat="28.05464" lon="-16.708379">
        <ele>42.5</ele>
      </trkpt>
      <trkpt lat="28.05464" lon="-16.708369">
        <ele>42.6</ele>
      </trkpt>
      <trkpt lat="28.05463" lon="-16.708369">
        <ele>42.5</ele>
      </trkpt>
      <trkpt lat="28.05463" lon="-16.708359">
        <ele>42.6</ele>
      </trkpt>
      <trkpt lat="28.05462" lon="-16.708359">
        <ele>42.5</ele>
      </trkpt>
      <trkpt lat="28.05462" lon="-16.70835">
        <ele>42.6</ele>
      </trkpt>
      <trkpt lat="28.05461" lon="-16.70835">
        <ele>42.5</ele>
      </trkpt>
      <trkpt lat="28.05461" lon="-16.70834">
        <ele>42.6</ele>
      </trkpt>
      <trkpt lat="28.05461" lon="-16.70833">
        <ele>42.7</ele>
      </trkpt>
      <trkpt lat="28.0546" lon="-16.70833">
        <ele>42.6</ele>
      </trkpt>
      <trkpt lat="28.0546" lon="-16.70832">
        <ele>42.6</ele>
      </trkpt>
      <trkpt lat="28.0546" lon="-16.70831">
        <ele>42.6</ele>
      </trkpt>
      <trkpt lat="28.0546" lon="-16.7083">
        <ele>42.5</ele>
      </trkpt>
      <trkpt lat="28.0546" lon="-16.70829">
        <ele>42.5</ele>
      </trkpt>
      <trkpt lat="28.05459" lon="-16.70829">
        <ele>42.5</ele>
      </trkpt>
      <trkpt lat="28.05459" lon="-16.708279">
        <ele>42.4</ele>
      </trkpt>
      <trkpt lat="28.0546" lon="-16.708269">
        <ele>42.5</ele>
      </trkpt>
      <trkpt lat="28.0546" lon="-16.70826">
        <ele>42.5</ele>
      </trkpt>
      <trkpt lat="28.0546" lon="-16.70825">
        <ele>42.4</ele>
      </trkpt>
      <trkpt lat="28.0546" lon="-16.70824">
        <ele>42.4</ele>
      </trkpt>
      <trkpt lat="28.05461" lon="-16.70824">
        <ele>42.5</ele>
      </trkpt>
      <trkpt lat="28.05461" lon="-16.70823">
        <ele>42.5</ele>
      </trkpt>
      <trkpt lat="28.05461" lon="-16.70822">
        <ele>42.5</ele>
      </trkpt>
      <trkpt lat="28.05462" lon="-16.70822">
        <ele>42.5</ele>
      </trkpt>
      <trkpt lat="28.05462" lon="-16.70821">
        <ele>42.5</ele>
      </trkpt>
      <trkpt lat="28.05463" lon="-16.70821">
        <ele>42.6</ele>
      </trkpt>
      <trkpt lat="28.05463" lon="-16.7082">
        <ele>42.5</ele>
      </trkpt>
      <trkpt lat="28.05464" lon="-16.7082">
        <ele>42.6</ele>
      </trkpt>
      <trkpt lat="28.05464" lon="-16.708189">
        <ele>42.6</ele>
      </trkpt>
      <trkpt lat="28.05465" lon="-16.708189">
        <ele>42.6</ele>
      </trkpt>
      <trkpt lat="28.05466" lon="-16.708189">
        <ele>42.7</ele>
      </trkpt>
      <trkpt lat="28.05467" lon="-16.708189">
        <ele>42.7</ele>
      </trkpt>
      <trkpt lat="28.05468" lon="-16.708189">
        <ele>42.8</ele>
      </trkpt>
      <trkpt lat="28.05468" lon="-16.708179">
        <ele>42.8</ele>
      </trkpt>
      <trkpt lat="28.05469" lon="-16.708179">
        <ele>42.8</ele>
      </trkpt>
      <trkpt lat="28.05469" lon="-16.708189">
        <ele>42.9</ele>
      </trkpt>
      <trkpt lat="28.0547" lon="-16.708189">
        <ele>42.9</ele>
      </trkpt>
      <trkpt lat="28.05471" lon="-16.708189">
        <ele>43.0</ele>
      </trkpt>
      <trkpt lat="28.05472" lon="-16.708189">
        <ele>43.0</ele>
      </trkpt>
      <trkpt lat="28.05472" lon="-16.7082">
        <ele>43.1</ele>
      </trkpt>
      <trkpt lat="28.05473" lon="-16.7082">
        <ele>43.1</ele>
      </trkpt>
      <trkpt lat="28.05474" lon="-16.70821">
        <ele>43.2</ele>
      </trkpt>
      <trkpt lat="28.05484" lon="-16.708189">
        <ele>43.7</ele>
      </trkpt>
      <trkpt lat="28.05488" lon="-16.7082">
        <ele>44.0</ele>
      </trkpt>
      <trkpt lat="28.0557" lon="-16.707889">
        <ele>48.6</ele>
      </trkpt>
      <trkpt lat="28.05574" lon="-16.70788">
        <ele>48.8</ele>
      </trkpt>
      <trkpt lat="28.05586" lon="-16.70783">
        <ele>49.5</ele>
      </trkpt>
    </trkseg>
  </trk>
</gpx>
