<?xml version="1.0" encoding="UTF-8"?>
<gpx xmlns:gpxdata="http://www.cluetrust.com/XML/GPXDATA/1/0" xmlns:xsi="http://www.w3.org/2001/XMLSchema-instance" xmlns="http://www.topografix.com/GPX/1/1" version="1.1" creator="http://ridewithgps.com/" xsi:schemaLocation="http://www.topografix.com/GPX/1/1 http://www.topografix.com/GPX/1/1/gpx.xsd http://www.cluetrust.com/XML/GPXDATA/1/0 http://www.cluetrust.com/Schemas/gpxdata10.xsd">
  <metadata>
    <name>Mirador de la Centinela loop - 36.2km</name>
    <link href="https://ridewithgps.com/routes/45584850">
      <text>Mirador de la Centinela loop - 36.2km</text>
    </link>
    <time>2024-02-13T13:12:26Z</time>
  </metadata>
  <trk>
    <name>Mirador de la Centinela loop - 36.2km</name>
    <trkseg>
      <trkpt lat="28.05568" lon="-16.707899">
        <ele>48.5</ele>
      </trkpt>
      <trkpt lat="28.055619" lon="-16.707923">
        <ele>48.1</ele>
      </trkpt>
      <trkpt lat="28.05488" lon="-16.7082">
        <ele>44.0</ele>
      </trkpt>
      <trkpt lat="28.05485" lon="-16.70824">
        <ele>43.9</ele>
      </trkpt>
      <trkpt lat="28.05477" lon="-16.708279">
        <ele>43.5</ele>
      </trkpt>
      <trkpt lat="28.05477" lon="-16.708279">
        <ele>43.5</ele>
      </trkpt>
      <trkpt lat="28.05477" lon="-16.70829">
        <ele>43.5</ele>
      </trkpt>
      <trkpt lat="28.05477" lon="-16.7083">
        <ele>43.6</ele>
      </trkpt>
      <trkpt lat="28.05477" lon="-16.70831">
        <ele>43.6</ele>
      </trkpt>
      <trkpt lat="28.05477" lon="-16.70832">
        <ele>43.6</ele>
      </trkpt>
      <trkpt lat="28.05476" lon="-16.70832">
        <ele>43.5</ele>
      </trkpt>
      <trkpt lat="28.05476" lon="-16.70833">
        <ele>43.6</ele>
      </trkpt>
      <trkpt lat="28.05476" lon="-16.70834">
        <ele>43.5</ele>
      </trkpt>
      <trkpt lat="28.05475" lon="-16.70834">
        <ele>43.4</ele>
      </trkpt>
      <trkpt lat="28.05475" lon="-16.70835">
        <ele>43.4</ele>
      </trkpt>
      <trkpt lat="28.05486" lon="-16.70878">
        <ele>39.9</ele>
      </trkpt>
      <trkpt lat="28.0549" lon="-16.708939">
        <ele>38.4</ele>
      </trkpt>
      <trkpt lat="28.05495" lon="-16.709129">
        <ele>36.4</ele>
      </trkpt>
      <trkpt lat="28.05496" lon="-16.70916">
        <ele>36.1</ele>
      </trkpt>
      <trkpt lat="28.05498" lon="-16.70926">
        <ele>35.6</ele>
      </trkpt>
      <trkpt lat="28.05501" lon="-16.70937">
        <ele>35.1</ele>
      </trkpt>
      <trkpt lat="28.05504" lon="-16.709489">
        <ele>34.6</ele>
      </trkpt>
      <trkpt lat="28.05506" lon="-16.70957">
        <ele>34.4</ele>
      </trkpt>
      <trkpt lat="28.05519" lon="-16.71007">
        <ele>33.1</ele>
      </trkpt>
      <trkpt lat="28.05521" lon="-16.710159">
        <ele>33.2</ele>
      </trkpt>
      <trkpt lat="28.05524" lon="-16.71027">
        <ele>33.3</ele>
      </trkpt>
      <trkpt lat="28.05526" lon="-16.710349">
        <ele>33.3</ele>
      </trkpt>
      <trkpt lat="28.05531" lon="-16.71055">
        <ele>33.4</ele>
      </trkpt>
      <trkpt lat="28.05546" lon="-16.71113">
        <ele>32.0</ele>
      </trkpt>
      <trkpt lat="28.055481" lon="-16.711212">
        <ele>31.6</ele>
      </trkpt>
      <trkpt lat="28.05554" lon="-16.71144">
        <ele>30.3</ele>
      </trkpt>
      <trkpt lat="28.05559" lon="-16.71164">
        <ele>29.2</ele>
      </trkpt>
      <trkpt lat="28.05559" lon="-16.71164">
        <ele>29.2</ele>
      </trkpt>
      <trkpt lat="28.0556" lon="-16.71164">
        <ele>29.2</ele>
      </trkpt>
      <trkpt lat="28.05564" lon="-16.711649">
        <ele>29.1</ele>
      </trkpt>
      <trkpt lat="28.05568" lon="-16.71167">
        <ele>29.0</ele>
      </trkpt>
      <trkpt lat="28.05572" lon="-16.71169">
        <ele>28.9</ele>
      </trkpt>
      <trkpt lat="28.05576" lon="-16.71172">
        <ele>28.8</ele>
      </trkpt>
      <trkpt lat="28.05579" lon="-16.711749">
        <ele>28.7</ele>
      </trkpt>
      <trkpt lat="28.05582" lon="-16.71179">
        <ele>28.6</ele>
      </trkpt>
      <trkpt lat="28.05584" lon="-16.71182">
        <ele>28.5</ele>
      </trkpt>
      <trkpt lat="28.056" lon="-16.71182">
        <ele>29.0</ele>
      </trkpt>
      <trkpt lat="28.05619" lon="-16.71177">
        <ele>29.9</ele>
      </trkpt>
      <trkpt lat="28.05626" lon="-16.711749">
        <ele>30.2</ele>
      </trkpt>
      <trkpt lat="28.05649" lon="-16.71168">
        <ele>31.3</ele>
      </trkpt>
      <trkpt lat="28.05681" lon="-16.711569">
        <ele>32.9</ele>
      </trkpt>
      <trkpt lat="28.05708" lon="-16.7115">
        <ele>33.7</ele>
      </trkpt>
      <trkpt lat="28.05716" lon="-16.71148">
        <ele>33.9</ele>
      </trkpt>
      <trkpt lat="28.05721" lon="-16.711469">
        <ele>34.1</ele>
      </trkpt>
      <trkpt lat="28.05726" lon="-16.711459">
        <ele>34.2</ele>
      </trkpt>
      <trkpt lat="28.05734" lon="-16.71143">
        <ele>34.5</ele>
      </trkpt>
      <trkpt lat="28.05743" lon="-16.71141">
        <ele>34.8</ele>
      </trkpt>
      <trkpt lat="28.05799" lon="-16.71125">
        <ele>36.9</ele>
      </trkpt>
      <trkpt lat="28.05803" lon="-16.71124">
        <ele>37.0</ele>
      </trkpt>
      <trkpt lat="28.05843" lon="-16.71113">
        <ele>38.9</ele>
      </trkpt>
      <trkpt lat="28.05856" lon="-16.711089">
        <ele>39.8</ele>
      </trkpt>
      <trkpt lat="28.05866" lon="-16.71107">
        <ele>40.4</ele>
      </trkpt>
      <trkpt lat="28.05891" lon="-16.71101">
        <ele>41.9</ele>
      </trkpt>
      <trkpt lat="28.05908" lon="-16.71097">
        <ele>42.8</ele>
      </trkpt>
      <trkpt lat="28.05926" lon="-16.71092">
        <ele>44.1</ele>
      </trkpt>
      <trkpt lat="28.05943" lon="-16.71089">
        <ele>45.5</ele>
      </trkpt>
      <trkpt lat="28.05965" lon="-16.71087">
        <ele>47.2</ele>
      </trkpt>
      <trkpt lat="28.05985" lon="-16.71088">
        <ele>48.6</ele>
      </trkpt>
      <trkpt lat="28.06008" lon="-16.710909">
        <ele>50.4</ele>
      </trkpt>
      <trkpt lat="28.06015" lon="-16.71092">
        <ele>51.1</ele>
      </trkpt>
      <trkpt lat="28.0607" lon="-16.71104">
        <ele>56.5</ele>
      </trkpt>
      <trkpt lat="28.06078" lon="-16.71105">
        <ele>57.3</ele>
      </trkpt>
      <trkpt lat="28.06094" lon="-16.71107">
        <ele>58.4</ele>
      </trkpt>
      <trkpt lat="28.06133" lon="-16.711079">
        <ele>60.6</ele>
      </trkpt>
      <trkpt lat="28.06157" lon="-16.71106">
        <ele>62.2</ele>
      </trkpt>
      <trkpt lat="28.06176" lon="-16.71105">
        <ele>63.8</ele>
      </trkpt>
      <trkpt lat="28.06223" lon="-16.71101">
        <ele>68.4</ele>
      </trkpt>
      <trkpt lat="28.06236" lon="-16.710999">
        <ele>69.7</ele>
      </trkpt>
      <trkpt lat="28.06249" lon="-16.710989">
        <ele>71.0</ele>
      </trkpt>
      <trkpt lat="28.06258" lon="-16.71097">
        <ele>71.7</ele>
      </trkpt>
      <trkpt lat="28.06265" lon="-16.71096">
        <ele>72.2</ele>
      </trkpt>
      <trkpt lat="28.06271" lon="-16.71094">
        <ele>72.7</ele>
      </trkpt>
      <trkpt lat="28.06276" lon="-16.71092">
        <ele>73.1</ele>
      </trkpt>
      <trkpt lat="28.06276" lon="-16.71092">
        <ele>73.1</ele>
      </trkpt>
      <trkpt lat="28.06277" lon="-16.710909">
        <ele>73.2</ele>
      </trkpt>
      <trkpt lat="28.06278" lon="-16.710899">
        <ele>73.4</ele>
      </trkpt>
      <trkpt lat="28.06278" lon="-16.71089">
        <ele>73.5</ele>
      </trkpt>
      <trkpt lat="28.06279" lon="-16.71088">
        <ele>73.6</ele>
      </trkpt>
      <trkpt lat="28.06282" lon="-16.71087">
        <ele>73.8</ele>
      </trkpt>
      <trkpt lat="28.06285" lon="-16.71085">
        <ele>74.1</ele>
      </trkpt>
      <trkpt lat="28.06286" lon="-16.71085">
        <ele>74.1</ele>
      </trkpt>
      <trkpt lat="28.0629" lon="-16.71084">
        <ele>74.4</ele>
      </trkpt>
      <trkpt lat="28.06295" lon="-16.71084">
        <ele>74.6</ele>
      </trkpt>
      <trkpt lat="28.06311" lon="-16.71085">
        <ele>75.1</ele>
      </trkpt>
      <trkpt lat="28.06314" lon="-16.71085">
        <ele>75.2</ele>
      </trkpt>
      <trkpt lat="28.06339" lon="-16.71088">
        <ele>76.6</ele>
      </trkpt>
      <trkpt lat="28.0635" lon="-16.71088">
        <ele>78.2</ele>
      </trkpt>
      <trkpt lat="28.06354" lon="-16.71085">
        <ele>78.9</ele>
      </trkpt>
      <trkpt lat="28.06357" lon="-16.71084">
        <ele>79.4</ele>
      </trkpt>
      <trkpt lat="28.0636" lon="-16.71083">
        <ele>79.9</ele>
      </trkpt>
      <trkpt lat="28.06363" lon="-16.710819">
        <ele>80.4</ele>
      </trkpt>
      <trkpt lat="28.06374" lon="-16.710799">
        <ele>82.2</ele>
      </trkpt>
      <trkpt lat="28.06394" lon="-16.71076">
        <ele>85.5</ele>
      </trkpt>
      <trkpt lat="28.06395" lon="-16.71076">
        <ele>85.6</ele>
      </trkpt>
      <trkpt lat="28.06399" lon="-16.71076">
        <ele>86.2</ele>
      </trkpt>
      <trkpt lat="28.06402" lon="-16.71075">
        <ele>86.7</ele>
      </trkpt>
      <trkpt lat="28.0641" lon="-16.71074">
        <ele>87.9</ele>
      </trkpt>
      <trkpt lat="28.06413" lon="-16.71074">
        <ele>88.2</ele>
      </trkpt>
      <trkpt lat="28.06421" lon="-16.71073">
        <ele>89.0</ele>
      </trkpt>
      <trkpt lat="28.0643" lon="-16.71073">
        <ele>89.9</ele>
      </trkpt>
      <trkpt lat="28.06437" lon="-16.71074">
        <ele>90.6</ele>
      </trkpt>
      <trkpt lat="28.06444" lon="-16.71075">
        <ele>91.3</ele>
      </trkpt>
      <trkpt lat="28.0645" lon="-16.71076">
        <ele>91.9</ele>
      </trkpt>
      <trkpt lat="28.06453" lon="-16.71077">
        <ele>92.2</ele>
      </trkpt>
      <trkpt lat="28.06464" lon="-16.710809">
        <ele>93.4</ele>
      </trkpt>
      <trkpt lat="28.06465" lon="-16.710819">
        <ele>93.4</ele>
      </trkpt>
      <trkpt lat="28.0647" lon="-16.71084">
        <ele>93.7</ele>
      </trkpt>
      <trkpt lat="28.06481" lon="-16.710909">
        <ele>94.7</ele>
      </trkpt>
      <trkpt lat="28.06481" lon="-16.710909">
        <ele>94.7</ele>
      </trkpt>
      <trkpt lat="28.0649" lon="-16.71095">
        <ele>95.5</ele>
      </trkpt>
      <trkpt lat="28.06494" lon="-16.71098">
        <ele>95.8</ele>
      </trkpt>
      <trkpt lat="28.06496" lon="-16.710999">
        <ele>96.0</ele>
      </trkpt>
      <trkpt lat="28.065" lon="-16.71103">
        <ele>96.3</ele>
      </trkpt>
      <trkpt lat="28.06504" lon="-16.711079">
        <ele>96.8</ele>
      </trkpt>
      <trkpt lat="28.06506" lon="-16.71111">
        <ele>97.1</ele>
      </trkpt>
      <trkpt lat="28.06508" lon="-16.71113">
        <ele>97.4</ele>
      </trkpt>
      <trkpt lat="28.06517" lon="-16.711269">
        <ele>98.3</ele>
      </trkpt>
      <trkpt lat="28.06529" lon="-16.71145">
        <ele>99.2</ele>
      </trkpt>
      <trkpt lat="28.06533" lon="-16.71152">
        <ele>99.3</ele>
      </trkpt>
      <trkpt lat="28.06534" lon="-16.711535">
        <ele>99.3</ele>
      </trkpt>
      <trkpt lat="28.06541" lon="-16.71164">
        <ele>99.6</ele>
      </trkpt>
      <trkpt lat="28.06549" lon="-16.71177">
        <ele>100.0</ele>
      </trkpt>
      <trkpt lat="28.06558" lon="-16.71191">
        <ele>100.6</ele>
      </trkpt>
      <trkpt lat="28.06564" lon="-16.712">
        <ele>100.9</ele>
      </trkpt>
      <trkpt lat="28.06565" lon="-16.712019">
        <ele>101.0</ele>
      </trkpt>
      <trkpt lat="28.06568" lon="-16.71206">
        <ele>101.2</ele>
      </trkpt>
      <trkpt lat="28.06573" lon="-16.712129">
        <ele>101.5</ele>
      </trkpt>
      <trkpt lat="28.06578" lon="-16.71218">
        <ele>101.9</ele>
      </trkpt>
      <trkpt lat="28.06584" lon="-16.712219">
        <ele>102.4</ele>
      </trkpt>
      <trkpt lat="28.06587" lon="-16.71225">
        <ele>102.6</ele>
      </trkpt>
      <trkpt lat="28.06591" lon="-16.71229">
        <ele>102.8</ele>
      </trkpt>
      <trkpt lat="28.06594" lon="-16.712319">
        <ele>103.0</ele>
      </trkpt>
      <trkpt lat="28.06597" lon="-16.71235">
        <ele>103.1</ele>
      </trkpt>
      <trkpt lat="28.06604" lon="-16.712399">
        <ele>103.6</ele>
      </trkpt>
      <trkpt lat="28.06608" lon="-16.71246">
        <ele>103.6</ele>
      </trkpt>
      <trkpt lat="28.06613" lon="-16.71253">
        <ele>103.6</ele>
      </trkpt>
      <trkpt lat="28.06619" lon="-16.71258">
        <ele>103.8</ele>
      </trkpt>
      <trkpt lat="28.06631" lon="-16.71267">
        <ele>104.3</ele>
      </trkpt>
      <trkpt lat="28.06651" lon="-16.712789">
        <ele>105.3</ele>
      </trkpt>
      <trkpt lat="28.06668" lon="-16.712879">
        <ele>106.4</ele>
      </trkpt>
      <trkpt lat="28.06679" lon="-16.71292">
        <ele>106.9</ele>
      </trkpt>
      <trkpt lat="28.06694" lon="-16.71298">
        <ele>107.7</ele>
      </trkpt>
      <trkpt lat="28.06703" lon="-16.713">
        <ele>108.2</ele>
      </trkpt>
      <trkpt lat="28.06724" lon="-16.71305">
        <ele>109.4</ele>
      </trkpt>
      <trkpt lat="28.0674" lon="-16.713069">
        <ele>110.5</ele>
      </trkpt>
      <trkpt lat="28.06749" lon="-16.71308">
        <ele>111.1</ele>
      </trkpt>
      <trkpt lat="28.06761" lon="-16.71308">
        <ele>112.2</ele>
      </trkpt>
      <trkpt lat="28.06769" lon="-16.71308">
        <ele>113.0</ele>
      </trkpt>
      <trkpt lat="28.06779" lon="-16.71308">
        <ele>113.9</ele>
      </trkpt>
      <trkpt lat="28.06782" lon="-16.713069">
        <ele>114.3</ele>
      </trkpt>
      <trkpt lat="28.06804" lon="-16.71304">
        <ele>116.6</ele>
      </trkpt>
      <trkpt lat="28.06823" lon="-16.713">
        <ele>118.6</ele>
      </trkpt>
      <trkpt lat="28.06849" lon="-16.71291">
        <ele>120.1</ele>
      </trkpt>
      <trkpt lat="28.06873" lon="-16.712789">
        <ele>121.2</ele>
      </trkpt>
      <trkpt lat="28.0689" lon="-16.712689">
        <ele>122.4</ele>
      </trkpt>
      <trkpt lat="28.06907" lon="-16.71257">
        <ele>123.9</ele>
      </trkpt>
      <trkpt lat="28.06917" lon="-16.712489">
        <ele>125.1</ele>
      </trkpt>
      <trkpt lat="28.06927" lon="-16.71239">
        <ele>125.7</ele>
      </trkpt>
      <trkpt lat="28.0694" lon="-16.71226">
        <ele>126.7</ele>
      </trkpt>
      <trkpt lat="28.06949" lon="-16.71214">
        <ele>127.8</ele>
      </trkpt>
      <trkpt lat="28.06949" lon="-16.71214">
        <ele>127.8</ele>
      </trkpt>
      <trkpt lat="28.06949" lon="-16.71214">
        <ele>127.8</ele>
      </trkpt>
      <trkpt lat="28.06954" lon="-16.71209">
        <ele>128.3</ele>
      </trkpt>
      <trkpt lat="28.06967" lon="-16.71189">
        <ele>130.5</ele>
      </trkpt>
      <trkpt lat="28.06981" lon="-16.711659">
        <ele>133.3</ele>
      </trkpt>
      <trkpt lat="28.06993" lon="-16.711379">
        <ele>136.2</ele>
      </trkpt>
      <trkpt lat="28.07003" lon="-16.711089">
        <ele>139.0</ele>
      </trkpt>
      <trkpt lat="28.07007" lon="-16.71093">
        <ele>140.4</ele>
      </trkpt>
      <trkpt lat="28.0701" lon="-16.71075">
        <ele>141.7</ele>
      </trkpt>
      <trkpt lat="28.07012" lon="-16.71061">
        <ele>142.5</ele>
      </trkpt>
      <trkpt lat="28.07013" lon="-16.71054">
        <ele>142.9</ele>
      </trkpt>
      <trkpt lat="28.07014" lon="-16.71045">
        <ele>143.4</ele>
      </trkpt>
      <trkpt lat="28.07014" lon="-16.71037">
        <ele>143.9</ele>
      </trkpt>
      <trkpt lat="28.07015" lon="-16.71026">
        <ele>144.5</ele>
      </trkpt>
      <trkpt lat="28.07015" lon="-16.71008">
        <ele>145.7</ele>
      </trkpt>
      <trkpt lat="28.07016" lon="-16.70943">
        <ele>149.4</ele>
      </trkpt>
      <trkpt lat="28.07016" lon="-16.709129">
        <ele>151.1</ele>
      </trkpt>
      <trkpt lat="28.07016" lon="-16.70851">
        <ele>154.8</ele>
      </trkpt>
      <trkpt lat="28.07016" lon="-16.70817">
        <ele>156.9</ele>
      </trkpt>
      <trkpt lat="28.07018" lon="-16.70782">
        <ele>158.8</ele>
      </trkpt>
      <trkpt lat="28.0702" lon="-16.70757">
        <ele>160.2</ele>
      </trkpt>
      <trkpt lat="28.07023" lon="-16.7074">
        <ele>161.5</ele>
      </trkpt>
      <trkpt lat="28.07028" lon="-16.7072">
        <ele>163.5</ele>
      </trkpt>
      <trkpt lat="28.07037" lon="-16.70689">
        <ele>166.5</ele>
      </trkpt>
      <trkpt lat="28.07055" lon="-16.706389">
        <ele>169.7</ele>
      </trkpt>
      <trkpt lat="28.07064" lon="-16.70608">
        <ele>171.1</ele>
      </trkpt>
      <trkpt lat="28.07071" lon="-16.70582">
        <ele>172.3</ele>
      </trkpt>
      <trkpt lat="28.07076" lon="-16.705559">
        <ele>173.3</ele>
      </trkpt>
      <trkpt lat="28.07077" lon="-16.705369">
        <ele>174.3</ele>
      </trkpt>
      <trkpt lat="28.07078" lon="-16.705169">
        <ele>175.4</ele>
      </trkpt>
      <trkpt lat="28.07077" lon="-16.70497">
        <ele>176.5</ele>
      </trkpt>
      <trkpt lat="28.07077" lon="-16.70486">
        <ele>176.8</ele>
      </trkpt>
      <trkpt lat="28.07073" lon="-16.70458">
        <ele>178.0</ele>
      </trkpt>
      <trkpt lat="28.07068" lon="-16.70428">
        <ele>179.5</ele>
      </trkpt>
      <trkpt lat="28.07065" lon="-16.704149">
        <ele>180.3</ele>
      </trkpt>
      <trkpt lat="28.07061" lon="-16.70394">
        <ele>181.7</ele>
      </trkpt>
      <trkpt lat="28.07054" lon="-16.703589">
        <ele>183.7</ele>
      </trkpt>
      <trkpt lat="28.07049" lon="-16.70336">
        <ele>184.7</ele>
      </trkpt>
      <trkpt lat="28.07035" lon="-16.70267">
        <ele>191.5</ele>
      </trkpt>
      <trkpt lat="28.07027" lon="-16.70213">
        <ele>194.5</ele>
      </trkpt>
      <trkpt lat="28.07026" lon="-16.701889">
        <ele>195.7</ele>
      </trkpt>
      <trkpt lat="28.07025" lon="-16.70183">
        <ele>196.0</ele>
      </trkpt>
      <trkpt lat="28.07024" lon="-16.70155">
        <ele>197.2</ele>
      </trkpt>
      <trkpt lat="28.07026" lon="-16.70136">
        <ele>198.2</ele>
      </trkpt>
      <trkpt lat="28.07026" lon="-16.70125">
        <ele>198.7</ele>
      </trkpt>
      <trkpt lat="28.07028" lon="-16.701039">
        <ele>199.8</ele>
      </trkpt>
      <trkpt lat="28.07031" lon="-16.70092">
        <ele>200.6</ele>
      </trkpt>
      <trkpt lat="28.07031" lon="-16.70088">
        <ele>200.8</ele>
      </trkpt>
      <trkpt lat="28.07034" lon="-16.70069">
        <ele>201.7</ele>
      </trkpt>
      <trkpt lat="28.07035" lon="-16.70065">
        <ele>202.0</ele>
      </trkpt>
      <trkpt lat="28.07038" lon="-16.70046">
        <ele>202.8</ele>
      </trkpt>
      <trkpt lat="28.07039" lon="-16.70045">
        <ele>202.9</ele>
      </trkpt>
      <trkpt lat="28.0704" lon="-16.70037">
        <ele>203.3</ele>
      </trkpt>
      <trkpt lat="28.07041" lon="-16.70031">
        <ele>203.5</ele>
      </trkpt>
      <trkpt lat="28.07045" lon="-16.70019">
        <ele>204.2</ele>
      </trkpt>
      <trkpt lat="28.07049" lon="-16.70009">
        <ele>204.7</ele>
      </trkpt>
      <trkpt lat="28.07051" lon="-16.70006">
        <ele>204.9</ele>
      </trkpt>
      <trkpt lat="28.07052" lon="-16.700019">
        <ele>205.1</ele>
      </trkpt>
      <trkpt lat="28.07056" lon="-16.6999">
        <ele>206.3</ele>
      </trkpt>
      <trkpt lat="28.07069" lon="-16.69963">
        <ele>209.6</ele>
      </trkpt>
      <trkpt lat="28.07076" lon="-16.69949">
        <ele>211.4</ele>
      </trkpt>
      <trkpt lat="28.07092" lon="-16.69915">
        <ele>215.5</ele>
      </trkpt>
      <trkpt lat="28.07098" lon="-16.69905">
        <ele>215.7</ele>
      </trkpt>
      <trkpt lat="28.07099" lon="-16.69904">
        <ele>215.8</ele>
      </trkpt>
      <trkpt lat="28.07117" lon="-16.698709">
        <ele>217.3</ele>
      </trkpt>
      <trkpt lat="28.07161" lon="-16.697949">
        <ele>224.1</ele>
      </trkpt>
      <trkpt lat="28.07199" lon="-16.69726">
        <ele>231.1</ele>
      </trkpt>
      <trkpt lat="28.0722" lon="-16.69689">
        <ele>233.7</ele>
      </trkpt>
      <trkpt lat="28.07231" lon="-16.69668">
        <ele>234.9</ele>
      </trkpt>
      <trkpt lat="28.07235" lon="-16.69649">
        <ele>235.4</ele>
      </trkpt>
      <trkpt lat="28.07238" lon="-16.696269">
        <ele>235.7</ele>
      </trkpt>
      <trkpt lat="28.07239" lon="-16.69605">
        <ele>235.7</ele>
      </trkpt>
      <trkpt lat="28.07237" lon="-16.69582">
        <ele>235.4</ele>
      </trkpt>
      <trkpt lat="28.07227" lon="-16.695219">
        <ele>240.7</ele>
      </trkpt>
      <trkpt lat="28.07203" lon="-16.694019">
        <ele>250.3</ele>
      </trkpt>
      <trkpt lat="28.07202" lon="-16.69394">
        <ele>250.4</ele>
      </trkpt>
      <trkpt lat="28.07195" lon="-16.69352">
        <ele>250.3</ele>
      </trkpt>
      <trkpt lat="28.07193" lon="-16.693259">
        <ele>250.6</ele>
      </trkpt>
      <trkpt lat="28.07195" lon="-16.69305">
        <ele>251.9</ele>
      </trkpt>
      <trkpt lat="28.07196" lon="-16.69302">
        <ele>252.3</ele>
      </trkpt>
      <trkpt lat="28.072" lon="-16.69285">
        <ele>253.9</ele>
      </trkpt>
      <trkpt lat="28.07201" lon="-16.692799">
        <ele>254.3</ele>
      </trkpt>
      <trkpt lat="28.07205" lon="-16.692689">
        <ele>255.6</ele>
      </trkpt>
      <trkpt lat="28.0721" lon="-16.69259">
        <ele>257.0</ele>
      </trkpt>
      <trkpt lat="28.07216" lon="-16.69249">
        <ele>258.6</ele>
      </trkpt>
      <trkpt lat="28.07226" lon="-16.69237">
        <ele>259.9</ele>
      </trkpt>
      <trkpt lat="28.07235" lon="-16.69225">
        <ele>260.8</ele>
      </trkpt>
      <trkpt lat="28.07236" lon="-16.69224">
        <ele>261.0</ele>
      </trkpt>
      <trkpt lat="28.07242" lon="-16.69219">
        <ele>261.8</ele>
      </trkpt>
      <trkpt lat="28.07247" lon="-16.692139">
        <ele>262.4</ele>
      </trkpt>
      <trkpt lat="28.07256" lon="-16.69207">
        <ele>262.9</ele>
      </trkpt>
      <trkpt lat="28.07256" lon="-16.69206">
        <ele>262.9</ele>
      </trkpt>
      <trkpt lat="28.07293" lon="-16.69182">
        <ele>264.6</ele>
      </trkpt>
      <trkpt lat="28.07313" lon="-16.6917">
        <ele>266.0</ele>
      </trkpt>
      <trkpt lat="28.07327" lon="-16.69161">
        <ele>267.2</ele>
      </trkpt>
      <trkpt lat="28.07344" lon="-16.69151">
        <ele>269.0</ele>
      </trkpt>
      <trkpt lat="28.07355" lon="-16.69141">
        <ele>270.0</ele>
      </trkpt>
      <trkpt lat="28.07363" lon="-16.69133">
        <ele>270.8</ele>
      </trkpt>
      <trkpt lat="28.07369" lon="-16.69126">
        <ele>271.4</ele>
      </trkpt>
      <trkpt lat="28.07374" lon="-16.691189">
        <ele>271.8</ele>
      </trkpt>
      <trkpt lat="28.07377" lon="-16.69113">
        <ele>272.1</ele>
      </trkpt>
      <trkpt lat="28.07378" lon="-16.69108">
        <ele>272.1</ele>
      </trkpt>
      <trkpt lat="28.0738" lon="-16.69104">
        <ele>272.3</ele>
      </trkpt>
      <trkpt lat="28.0738" lon="-16.69096">
        <ele>272.2</ele>
      </trkpt>
      <trkpt lat="28.07379" lon="-16.690829">
        <ele>271.9</ele>
      </trkpt>
      <trkpt lat="28.07378" lon="-16.690819">
        <ele>271.9</ele>
      </trkpt>
      <trkpt lat="28.07377" lon="-16.690809">
        <ele>271.8</ele>
      </trkpt>
      <trkpt lat="28.07377" lon="-16.6908">
        <ele>271.8</ele>
      </trkpt>
      <trkpt lat="28.07376" lon="-16.6908">
        <ele>271.7</ele>
      </trkpt>
      <trkpt lat="28.07375" lon="-16.69079">
        <ele>271.6</ele>
      </trkpt>
      <trkpt lat="28.07375" lon="-16.69078">
        <ele>271.7</ele>
      </trkpt>
      <trkpt lat="28.07374" lon="-16.69077">
        <ele>271.6</ele>
      </trkpt>
      <trkpt lat="28.07373" lon="-16.69075">
        <ele>271.5</ele>
      </trkpt>
      <trkpt lat="28.07373" lon="-16.69074">
        <ele>271.6</ele>
      </trkpt>
      <trkpt lat="28.07373" lon="-16.690729">
        <ele>271.6</ele>
      </trkpt>
      <trkpt lat="28.07372" lon="-16.690719">
        <ele>271.5</ele>
      </trkpt>
      <trkpt lat="28.07372" lon="-16.69071">
        <ele>271.6</ele>
      </trkpt>
      <trkpt lat="28.07372" lon="-16.6907">
        <ele>271.6</ele>
      </trkpt>
      <trkpt lat="28.07372" lon="-16.69068">
        <ele>271.7</ele>
      </trkpt>
      <trkpt lat="28.07372" lon="-16.69067">
        <ele>271.7</ele>
      </trkpt>
      <trkpt lat="28.07372" lon="-16.69066">
        <ele>271.7</ele>
      </trkpt>
      <trkpt lat="28.07372" lon="-16.69065">
        <ele>271.8</ele>
      </trkpt>
      <trkpt lat="28.07373" lon="-16.690629">
        <ele>271.9</ele>
      </trkpt>
      <trkpt lat="28.07373" lon="-16.69062">
        <ele>271.9</ele>
      </trkpt>
      <trkpt lat="28.07373" lon="-16.69061">
        <ele>272.0</ele>
      </trkpt>
      <trkpt lat="28.07374" lon="-16.69059">
        <ele>272.1</ele>
      </trkpt>
      <trkpt lat="28.07374" lon="-16.69058">
        <ele>272.2</ele>
      </trkpt>
      <trkpt lat="28.07375" lon="-16.69057">
        <ele>272.3</ele>
      </trkpt>
      <trkpt lat="28.07375" lon="-16.69056">
        <ele>272.3</ele>
      </trkpt>
      <trkpt lat="28.07376" lon="-16.69055">
        <ele>272.4</ele>
      </trkpt>
      <trkpt lat="28.07377" lon="-16.690539">
        <ele>272.6</ele>
      </trkpt>
      <trkpt lat="28.07378" lon="-16.690539">
        <ele>272.7</ele>
      </trkpt>
      <trkpt lat="28.07379" lon="-16.690529">
        <ele>272.8</ele>
      </trkpt>
      <trkpt lat="28.07379" lon="-16.69052">
        <ele>272.8</ele>
      </trkpt>
      <trkpt lat="28.0738" lon="-16.69052">
        <ele>272.9</ele>
      </trkpt>
      <trkpt lat="28.07381" lon="-16.69051">
        <ele>273.0</ele>
      </trkpt>
      <trkpt lat="28.07382" lon="-16.69051">
        <ele>273.1</ele>
      </trkpt>
      <trkpt lat="28.07383" lon="-16.6905">
        <ele>273.3</ele>
      </trkpt>
      <trkpt lat="28.07384" lon="-16.6905">
        <ele>273.3</ele>
      </trkpt>
      <trkpt lat="28.07385" lon="-16.6905">
        <ele>273.4</ele>
      </trkpt>
      <trkpt lat="28.07388" lon="-16.69042">
        <ele>273.9</ele>
      </trkpt>
      <trkpt lat="28.0739" lon="-16.690349">
        <ele>274.3</ele>
      </trkpt>
      <trkpt lat="28.07391" lon="-16.6903">
        <ele>274.5</ele>
      </trkpt>
      <trkpt lat="28.07392" lon="-16.69024">
        <ele>274.7</ele>
      </trkpt>
      <trkpt lat="28.07399" lon="-16.68971">
        <ele>277.5</ele>
      </trkpt>
      <trkpt lat="28.07399" lon="-16.68968">
        <ele>277.7</ele>
      </trkpt>
      <trkpt lat="28.07401" lon="-16.68953">
        <ele>278.8</ele>
      </trkpt>
      <trkpt lat="28.07406" lon="-16.68935">
        <ele>280.5</ele>
      </trkpt>
      <trkpt lat="28.07411" lon="-16.689229">
        <ele>281.9</ele>
      </trkpt>
      <trkpt lat="28.07416" lon="-16.689139">
        <ele>282.9</ele>
      </trkpt>
      <trkpt lat="28.07418" lon="-16.68911">
        <ele>283.1</ele>
      </trkpt>
      <trkpt lat="28.07433" lon="-16.688939">
        <ele>284.8</ele>
      </trkpt>
      <trkpt lat="28.07442" lon="-16.688859">
        <ele>285.9</ele>
      </trkpt>
      <trkpt lat="28.07443" lon="-16.688849">
        <ele>286.0</ele>
      </trkpt>
      <trkpt lat="28.07458" lon="-16.68873">
        <ele>287.7</ele>
      </trkpt>
      <trkpt lat="28.07479" lon="-16.68861">
        <ele>290.1</ele>
      </trkpt>
      <trkpt lat="28.07523" lon="-16.68844">
        <ele>294.7</ele>
      </trkpt>
      <trkpt lat="28.07528" lon="-16.68842">
        <ele>295.2</ele>
      </trkpt>
      <trkpt lat="28.07545" lon="-16.68833">
        <ele>296.9</ele>
      </trkpt>
      <trkpt lat="28.07556" lon="-16.68827">
        <ele>297.9</ele>
      </trkpt>
      <trkpt lat="28.07565" lon="-16.68821">
        <ele>298.6</ele>
      </trkpt>
      <trkpt lat="28.07572" lon="-16.68816">
        <ele>299.2</ele>
      </trkpt>
      <trkpt lat="28.07579" lon="-16.688089">
        <ele>299.7</ele>
      </trkpt>
      <trkpt lat="28.07585" lon="-16.68803">
        <ele>300.0</ele>
      </trkpt>
      <trkpt lat="28.07588" lon="-16.688009">
        <ele>300.2</ele>
      </trkpt>
      <trkpt lat="28.07598" lon="-16.687899">
        <ele>300.6</ele>
      </trkpt>
      <trkpt lat="28.07599" lon="-16.68788">
        <ele>300.6</ele>
      </trkpt>
      <trkpt lat="28.07606" lon="-16.687809">
        <ele>301.1</ele>
      </trkpt>
      <trkpt lat="28.0762" lon="-16.687619">
        <ele>302.1</ele>
      </trkpt>
      <trkpt lat="28.07623" lon="-16.68759">
        <ele>302.4</ele>
      </trkpt>
      <trkpt lat="28.0763" lon="-16.68749">
        <ele>303.1</ele>
      </trkpt>
      <trkpt lat="28.07646" lon="-16.687259">
        <ele>305.3</ele>
      </trkpt>
      <trkpt lat="28.0765" lon="-16.68721">
        <ele>306.0</ele>
      </trkpt>
      <trkpt lat="28.07655" lon="-16.68713">
        <ele>306.8</ele>
      </trkpt>
      <trkpt lat="28.07673" lon="-16.6869">
        <ele>309.9</ele>
      </trkpt>
      <trkpt lat="28.07692" lon="-16.68666">
        <ele>313.0</ele>
      </trkpt>
      <trkpt lat="28.07706" lon="-16.68647">
        <ele>313.3</ele>
      </trkpt>
      <trkpt lat="28.07708" lon="-16.68645">
        <ele>313.4</ele>
      </trkpt>
      <trkpt lat="28.07737" lon="-16.6861">
        <ele>314.4</ele>
      </trkpt>
      <trkpt lat="28.07789" lon="-16.68544">
        <ele>319.1</ele>
      </trkpt>
      <trkpt lat="28.07808" lon="-16.685199">
        <ele>321.3</ele>
      </trkpt>
      <trkpt lat="28.07833" lon="-16.68488">
        <ele>324.4</ele>
      </trkpt>
      <trkpt lat="28.0784" lon="-16.68477">
        <ele>325.0</ele>
      </trkpt>
      <trkpt lat="28.0785" lon="-16.684629">
        <ele>326.1</ele>
      </trkpt>
      <trkpt lat="28.07868" lon="-16.68439">
        <ele>328.4</ele>
      </trkpt>
      <trkpt lat="28.07872" lon="-16.68433">
        <ele>328.9</ele>
      </trkpt>
      <trkpt lat="28.0788" lon="-16.68419">
        <ele>330.0</ele>
      </trkpt>
      <trkpt lat="28.07883" lon="-16.68413">
        <ele>330.9</ele>
      </trkpt>
      <trkpt lat="28.07885" lon="-16.684069">
        <ele>331.9</ele>
      </trkpt>
      <trkpt lat="28.0789" lon="-16.68395">
        <ele>333.9</ele>
      </trkpt>
      <trkpt lat="28.07895" lon="-16.68375">
        <ele>336.4</ele>
      </trkpt>
      <trkpt lat="28.07896" lon="-16.68364">
        <ele>337.4</ele>
      </trkpt>
      <trkpt lat="28.07897" lon="-16.68356">
        <ele>338.2</ele>
      </trkpt>
      <trkpt lat="28.07897" lon="-16.68355">
        <ele>338.3</ele>
      </trkpt>
      <trkpt lat="28.07896" lon="-16.68345">
        <ele>339.0</ele>
      </trkpt>
      <trkpt lat="28.07896" lon="-16.68343">
        <ele>339.2</ele>
      </trkpt>
      <trkpt lat="28.07896" lon="-16.68334">
        <ele>340.0</ele>
      </trkpt>
      <trkpt lat="28.07895" lon="-16.68333">
        <ele>340.0</ele>
      </trkpt>
      <trkpt lat="28.07892" lon="-16.68314">
        <ele>341.1</ele>
      </trkpt>
      <trkpt lat="28.07887" lon="-16.68299">
        <ele>341.9</ele>
      </trkpt>
      <trkpt lat="28.0788" lon="-16.68292">
        <ele>342.2</ele>
      </trkpt>
      <trkpt lat="28.0787" lon="-16.68272">
        <ele>343.3</ele>
      </trkpt>
      <trkpt lat="28.07869" lon="-16.68272">
        <ele>343.2</ele>
      </trkpt>
      <trkpt lat="28.07868" lon="-16.68272">
        <ele>343.2</ele>
      </trkpt>
      <trkpt lat="28.07867" lon="-16.68272">
        <ele>343.2</ele>
      </trkpt>
      <trkpt lat="28.07866" lon="-16.68272">
        <ele>343.1</ele>
      </trkpt>
      <trkpt lat="28.07865" lon="-16.68272">
        <ele>343.1</ele>
      </trkpt>
      <trkpt lat="28.07865" lon="-16.68271">
        <ele>343.2</ele>
      </trkpt>
      <trkpt lat="28.07864" lon="-16.68271">
        <ele>343.2</ele>
      </trkpt>
      <trkpt lat="28.07863" lon="-16.68271">
        <ele>343.1</ele>
      </trkpt>
      <trkpt lat="28.07863" lon="-16.6827">
        <ele>343.2</ele>
      </trkpt>
      <trkpt lat="28.07862" lon="-16.6827">
        <ele>343.2</ele>
      </trkpt>
      <trkpt lat="28.07861" lon="-16.68269">
        <ele>343.2</ele>
      </trkpt>
      <trkpt lat="28.0786" lon="-16.68268">
        <ele>343.3</ele>
      </trkpt>
      <trkpt lat="28.0786" lon="-16.68267">
        <ele>343.3</ele>
      </trkpt>
      <trkpt lat="28.07859" lon="-16.68267">
        <ele>343.3</ele>
      </trkpt>
      <trkpt lat="28.07859" lon="-16.682659">
        <ele>343.4</ele>
      </trkpt>
      <trkpt lat="28.07858" lon="-16.682649">
        <ele>343.4</ele>
      </trkpt>
      <trkpt lat="28.07858" lon="-16.68264">
        <ele>343.5</ele>
      </trkpt>
      <trkpt lat="28.07857" lon="-16.68263">
        <ele>343.6</ele>
      </trkpt>
      <trkpt lat="28.07857" lon="-16.68262">
        <ele>343.6</ele>
      </trkpt>
      <trkpt lat="28.07857" lon="-16.68261">
        <ele>343.7</ele>
      </trkpt>
      <trkpt lat="28.07857" lon="-16.6826">
        <ele>343.8</ele>
      </trkpt>
      <trkpt lat="28.07857" lon="-16.68259">
        <ele>343.9</ele>
      </trkpt>
      <trkpt lat="28.07857" lon="-16.68258">
        <ele>344.0</ele>
      </trkpt>
      <trkpt lat="28.07857" lon="-16.682569">
        <ele>344.0</ele>
      </trkpt>
      <trkpt lat="28.07857" lon="-16.682559">
        <ele>344.1</ele>
      </trkpt>
      <trkpt lat="28.07857" lon="-16.68255">
        <ele>344.2</ele>
      </trkpt>
      <trkpt lat="28.07857" lon="-16.68254">
        <ele>344.3</ele>
      </trkpt>
      <trkpt lat="28.07858" lon="-16.68253">
        <ele>344.4</ele>
      </trkpt>
      <trkpt lat="28.07858" lon="-16.68252">
        <ele>344.4</ele>
      </trkpt>
      <trkpt lat="28.07849" lon="-16.68239">
        <ele>344.9</ele>
      </trkpt>
      <trkpt lat="28.07843" lon="-16.682269">
        <ele>345.2</ele>
      </trkpt>
      <trkpt lat="28.07832" lon="-16.68211">
        <ele>345.2</ele>
      </trkpt>
      <trkpt lat="28.07828" lon="-16.68204">
        <ele>345.0</ele>
      </trkpt>
      <trkpt lat="28.07823" lon="-16.68197">
        <ele>344.7</ele>
      </trkpt>
      <trkpt lat="28.07821" lon="-16.681909">
        <ele>344.7</ele>
      </trkpt>
      <trkpt lat="28.07818" lon="-16.68184">
        <ele>344.8</ele>
      </trkpt>
      <trkpt lat="28.07816" lon="-16.68176">
        <ele>345.0</ele>
      </trkpt>
      <trkpt lat="28.07816" lon="-16.68174">
        <ele>345.1</ele>
      </trkpt>
      <trkpt lat="28.07815" lon="-16.68168">
        <ele>345.4</ele>
      </trkpt>
      <trkpt lat="28.07815" lon="-16.68159">
        <ele>345.5</ele>
      </trkpt>
      <trkpt lat="28.07815" lon="-16.681519">
        <ele>345.5</ele>
      </trkpt>
      <trkpt lat="28.07817" lon="-16.6814">
        <ele>345.7</ele>
      </trkpt>
      <trkpt lat="28.07816" lon="-16.6814">
        <ele>345.6</ele>
      </trkpt>
      <trkpt lat="28.07816" lon="-16.68139">
        <ele>345.6</ele>
      </trkpt>
      <trkpt lat="28.07815" lon="-16.68139">
        <ele>345.5</ele>
      </trkpt>
      <trkpt lat="28.07815" lon="-16.68138">
        <ele>345.5</ele>
      </trkpt>
      <trkpt lat="28.07814" lon="-16.68137">
        <ele>345.5</ele>
      </trkpt>
      <trkpt lat="28.07813" lon="-16.68136">
        <ele>345.4</ele>
      </trkpt>
      <trkpt lat="28.07813" lon="-16.681349">
        <ele>345.4</ele>
      </trkpt>
      <trkpt lat="28.07813" lon="-16.681339">
        <ele>345.4</ele>
      </trkpt>
      <trkpt lat="28.07812" lon="-16.68133">
        <ele>345.3</ele>
      </trkpt>
      <trkpt lat="28.07812" lon="-16.68132">
        <ele>345.3</ele>
      </trkpt>
      <trkpt lat="28.07812" lon="-16.68131">
        <ele>345.3</ele>
      </trkpt>
      <trkpt lat="28.07812" lon="-16.6813">
        <ele>345.3</ele>
      </trkpt>
      <trkpt lat="28.07812" lon="-16.68129">
        <ele>345.3</ele>
      </trkpt>
      <trkpt lat="28.07812" lon="-16.68128">
        <ele>345.3</ele>
      </trkpt>
      <trkpt lat="28.07812" lon="-16.68127">
        <ele>345.3</ele>
      </trkpt>
      <trkpt lat="28.07812" lon="-16.68126">
        <ele>345.3</ele>
      </trkpt>
      <trkpt lat="28.07813" lon="-16.681249">
        <ele>345.4</ele>
      </trkpt>
      <trkpt lat="28.07813" lon="-16.681239">
        <ele>345.4</ele>
      </trkpt>
      <trkpt lat="28.07813" lon="-16.68123">
        <ele>345.4</ele>
      </trkpt>
      <trkpt lat="28.07814" lon="-16.68122">
        <ele>345.5</ele>
      </trkpt>
      <trkpt lat="28.07814" lon="-16.68121">
        <ele>345.5</ele>
      </trkpt>
      <trkpt lat="28.07815" lon="-16.68121">
        <ele>345.6</ele>
      </trkpt>
      <trkpt lat="28.07815" lon="-16.6812">
        <ele>345.6</ele>
      </trkpt>
      <trkpt lat="28.07816" lon="-16.68119">
        <ele>345.7</ele>
      </trkpt>
      <trkpt lat="28.07817" lon="-16.68118">
        <ele>345.7</ele>
      </trkpt>
      <trkpt lat="28.07818" lon="-16.68117">
        <ele>345.8</ele>
      </trkpt>
      <trkpt lat="28.07819" lon="-16.68117">
        <ele>345.9</ele>
      </trkpt>
      <trkpt lat="28.0782" lon="-16.68117">
        <ele>346.0</ele>
      </trkpt>
      <trkpt lat="28.0782" lon="-16.681159">
        <ele>346.0</ele>
      </trkpt>
      <trkpt lat="28.07821" lon="-16.681159">
        <ele>346.1</ele>
      </trkpt>
      <trkpt lat="28.07822" lon="-16.681159">
        <ele>346.1</ele>
      </trkpt>
      <trkpt lat="28.07823" lon="-16.681159">
        <ele>346.2</ele>
      </trkpt>
      <trkpt lat="28.07824" lon="-16.681159">
        <ele>346.3</ele>
      </trkpt>
      <trkpt lat="28.07826" lon="-16.681159">
        <ele>346.4</ele>
      </trkpt>
      <trkpt lat="28.07827" lon="-16.681159">
        <ele>346.5</ele>
      </trkpt>
      <trkpt lat="28.07828" lon="-16.68117">
        <ele>346.6</ele>
      </trkpt>
      <trkpt lat="28.07829" lon="-16.68117">
        <ele>346.7</ele>
      </trkpt>
      <trkpt lat="28.0783" lon="-16.68117">
        <ele>346.7</ele>
      </trkpt>
      <trkpt lat="28.07837" lon="-16.68108">
        <ele>347.3</ele>
      </trkpt>
      <trkpt lat="28.07843" lon="-16.681">
        <ele>347.8</ele>
      </trkpt>
      <trkpt lat="28.07849" lon="-16.68092">
        <ele>348.3</ele>
      </trkpt>
      <trkpt lat="28.07866" lon="-16.68066">
        <ele>349.1</ele>
      </trkpt>
      <trkpt lat="28.0788" lon="-16.68047">
        <ele>349.7</ele>
      </trkpt>
      <trkpt lat="28.07901" lon="-16.68017">
        <ele>350.8</ele>
      </trkpt>
      <trkpt lat="28.07908" lon="-16.68008">
        <ele>351.3</ele>
      </trkpt>
      <trkpt lat="28.07918" lon="-16.67991">
        <ele>350.5</ele>
      </trkpt>
      <trkpt lat="28.07923" lon="-16.67982">
        <ele>349.5</ele>
      </trkpt>
      <trkpt lat="28.07922" lon="-16.67981">
        <ele>349.2</ele>
      </trkpt>
      <trkpt lat="28.07922" lon="-16.67979">
        <ele>348.8</ele>
      </trkpt>
      <trkpt lat="28.07921" lon="-16.67977">
        <ele>348.3</ele>
      </trkpt>
      <trkpt lat="28.07921" lon="-16.679749">
        <ele>348.0</ele>
      </trkpt>
      <trkpt lat="28.07922" lon="-16.67973">
        <ele>347.8</ele>
      </trkpt>
      <trkpt lat="28.07922" lon="-16.67971">
        <ele>347.4</ele>
      </trkpt>
      <trkpt lat="28.07923" lon="-16.67969">
        <ele>347.2</ele>
      </trkpt>
      <trkpt lat="28.07925" lon="-16.67967">
        <ele>347.3</ele>
      </trkpt>
      <trkpt lat="28.07926" lon="-16.679659">
        <ele>347.3</ele>
      </trkpt>
      <trkpt lat="28.07928" lon="-16.679649">
        <ele>347.5</ele>
      </trkpt>
      <trkpt lat="28.0793" lon="-16.67964">
        <ele>347.7</ele>
      </trkpt>
      <trkpt lat="28.07932" lon="-16.67964">
        <ele>348.1</ele>
      </trkpt>
      <trkpt lat="28.07933" lon="-16.67964">
        <ele>348.3</ele>
      </trkpt>
      <trkpt lat="28.07935" lon="-16.679649">
        <ele>348.9</ele>
      </trkpt>
      <trkpt lat="28.0794" lon="-16.67961">
        <ele>349.3</ele>
      </trkpt>
      <trkpt lat="28.07945" lon="-16.679559">
        <ele>349.6</ele>
      </trkpt>
      <trkpt lat="28.0795" lon="-16.67951">
        <ele>350.1</ele>
      </trkpt>
      <trkpt lat="28.07964" lon="-16.67931">
        <ele>351.5</ele>
      </trkpt>
      <trkpt lat="28.07981" lon="-16.67906">
        <ele>352.9</ele>
      </trkpt>
      <trkpt lat="28.07993" lon="-16.678899">
        <ele>352.7</ele>
      </trkpt>
      <trkpt lat="28.07996" lon="-16.67886">
        <ele>352.6</ele>
      </trkpt>
      <trkpt lat="28.08" lon="-16.67879">
        <ele>352.0</ele>
      </trkpt>
      <trkpt lat="28.08005" lon="-16.67873">
        <ele>351.3</ele>
      </trkpt>
      <trkpt lat="28.08008" lon="-16.67869">
        <ele>350.9</ele>
      </trkpt>
      <trkpt lat="28.08032" lon="-16.67837">
        <ele>347.9</ele>
      </trkpt>
      <trkpt lat="28.08039" lon="-16.67832">
        <ele>348.2</ele>
      </trkpt>
      <trkpt lat="28.08047" lon="-16.67827">
        <ele>348.7</ele>
      </trkpt>
      <trkpt lat="28.08057" lon="-16.678239">
        <ele>349.8</ele>
      </trkpt>
      <trkpt lat="28.08062" lon="-16.67823">
        <ele>350.5</ele>
      </trkpt>
      <trkpt lat="28.08065" lon="-16.67822">
        <ele>350.8</ele>
      </trkpt>
      <trkpt lat="28.08067" lon="-16.67822">
        <ele>351.2</ele>
      </trkpt>
      <trkpt lat="28.08074" lon="-16.67822">
        <ele>352.5</ele>
      </trkpt>
      <trkpt lat="28.0809" lon="-16.67823">
        <ele>355.0</ele>
      </trkpt>
      <trkpt lat="28.08098" lon="-16.678239">
        <ele>355.9</ele>
      </trkpt>
      <trkpt lat="28.08117" lon="-16.678249">
        <ele>357.7</ele>
      </trkpt>
      <trkpt lat="28.08119" lon="-16.678249">
        <ele>357.9</ele>
      </trkpt>
      <trkpt lat="28.08129" lon="-16.67826">
        <ele>359.0</ele>
      </trkpt>
      <trkpt lat="28.08134" lon="-16.67826">
        <ele>359.4</ele>
      </trkpt>
      <trkpt lat="28.08137" lon="-16.678249">
        <ele>359.4</ele>
      </trkpt>
      <trkpt lat="28.08141" lon="-16.678249">
        <ele>359.7</ele>
      </trkpt>
      <trkpt lat="28.08153" lon="-16.67822">
        <ele>360.0</ele>
      </trkpt>
      <trkpt lat="28.08154" lon="-16.67822">
        <ele>360.1</ele>
      </trkpt>
      <trkpt lat="28.0816" lon="-16.6782">
        <ele>360.1</ele>
      </trkpt>
      <trkpt lat="28.08165" lon="-16.67818">
        <ele>360.0</ele>
      </trkpt>
      <trkpt lat="28.0817" lon="-16.678159">
        <ele>360.0</ele>
      </trkpt>
      <trkpt lat="28.08181" lon="-16.67811">
        <ele>359.8</ele>
      </trkpt>
      <trkpt lat="28.0819" lon="-16.678059">
        <ele>359.5</ele>
      </trkpt>
      <trkpt lat="28.08198" lon="-16.67802">
        <ele>359.4</ele>
      </trkpt>
      <trkpt lat="28.08202" lon="-16.67799">
        <ele>359.2</ele>
      </trkpt>
      <trkpt lat="28.08204" lon="-16.677969">
        <ele>359.0</ele>
      </trkpt>
      <trkpt lat="28.08206" lon="-16.67795">
        <ele>358.7</ele>
      </trkpt>
      <trkpt lat="28.08209" lon="-16.67792">
        <ele>358.4</ele>
      </trkpt>
      <trkpt lat="28.08212" lon="-16.677879">
        <ele>357.9</ele>
      </trkpt>
      <trkpt lat="28.08215" lon="-16.67784">
        <ele>357.3</ele>
      </trkpt>
      <trkpt lat="28.08216" lon="-16.67783">
        <ele>357.2</ele>
      </trkpt>
      <trkpt lat="28.08217" lon="-16.67781">
        <ele>356.9</ele>
      </trkpt>
      <trkpt lat="28.08221" lon="-16.67772">
        <ele>355.5</ele>
      </trkpt>
      <trkpt lat="28.08223" lon="-16.67764">
        <ele>354.1</ele>
      </trkpt>
      <trkpt lat="28.08228" lon="-16.67751">
        <ele>352.0</ele>
      </trkpt>
      <trkpt lat="28.08229" lon="-16.677489">
        <ele>351.9</ele>
      </trkpt>
      <trkpt lat="28.08231" lon="-16.67743">
        <ele>352.0</ele>
      </trkpt>
      <trkpt lat="28.08233" lon="-16.677389">
        <ele>352.1</ele>
      </trkpt>
      <trkpt lat="28.08238" lon="-16.67727">
        <ele>352.4</ele>
      </trkpt>
      <trkpt lat="28.08242" lon="-16.67716">
        <ele>352.8</ele>
      </trkpt>
      <trkpt lat="28.08244" lon="-16.677109">
        <ele>353.0</ele>
      </trkpt>
      <trkpt lat="28.08245" lon="-16.67708">
        <ele>353.1</ele>
      </trkpt>
      <trkpt lat="28.08252" lon="-16.67689">
        <ele>353.9</ele>
      </trkpt>
      <trkpt lat="28.08258" lon="-16.676739">
        <ele>354.5</ele>
      </trkpt>
      <trkpt lat="28.08259" lon="-16.67671">
        <ele>354.5</ele>
      </trkpt>
      <trkpt lat="28.0826" lon="-16.67669">
        <ele>354.6</ele>
      </trkpt>
      <trkpt lat="28.08263" lon="-16.676649">
        <ele>354.7</ele>
      </trkpt>
      <trkpt lat="28.08265" lon="-16.67661">
        <ele>354.3</ele>
      </trkpt>
      <trkpt lat="28.08269" lon="-16.676559">
        <ele>354.0</ele>
      </trkpt>
      <trkpt lat="28.0827" lon="-16.67654">
        <ele>353.8</ele>
      </trkpt>
      <trkpt lat="28.08271" lon="-16.67653">
        <ele>353.8</ele>
      </trkpt>
      <trkpt lat="28.08273" lon="-16.67651">
        <ele>353.8</ele>
      </trkpt>
      <trkpt lat="28.08277" lon="-16.67648">
        <ele>353.9</ele>
      </trkpt>
      <trkpt lat="28.08279" lon="-16.676469">
        <ele>354.1</ele>
      </trkpt>
      <trkpt lat="28.08284" lon="-16.67644">
        <ele>354.5</ele>
      </trkpt>
      <trkpt lat="28.08285" lon="-16.67644">
        <ele>354.6</ele>
      </trkpt>
      <trkpt lat="28.08292" lon="-16.67642">
        <ele>355.6</ele>
      </trkpt>
      <trkpt lat="28.08298" lon="-16.67641">
        <ele>356.5</ele>
      </trkpt>
      <trkpt lat="28.08312" lon="-16.67639">
        <ele>358.8</ele>
      </trkpt>
      <trkpt lat="28.08321" lon="-16.67638">
        <ele>360.3</ele>
      </trkpt>
      <trkpt lat="28.08324" lon="-16.67638">
        <ele>360.8</ele>
      </trkpt>
      <trkpt lat="28.08336" lon="-16.67634">
        <ele>363.2</ele>
      </trkpt>
      <trkpt lat="28.08339" lon="-16.67633">
        <ele>364.4</ele>
      </trkpt>
      <trkpt lat="28.08343" lon="-16.67631">
        <ele>365.9</ele>
      </trkpt>
      <trkpt lat="28.08346" lon="-16.67629">
        <ele>367.0</ele>
      </trkpt>
      <trkpt lat="28.08349" lon="-16.676269">
        <ele>368.1</ele>
      </trkpt>
      <trkpt lat="28.08355" lon="-16.676179">
        <ele>369.9</ele>
      </trkpt>
      <trkpt lat="28.08356" lon="-16.67616">
        <ele>370.1</ele>
      </trkpt>
      <trkpt lat="28.08358" lon="-16.67614">
        <ele>370.8</ele>
      </trkpt>
      <trkpt lat="28.08359" lon="-16.676079">
        <ele>370.8</ele>
      </trkpt>
      <trkpt lat="28.0836" lon="-16.675909">
        <ele>369.8</ele>
      </trkpt>
      <trkpt lat="28.0836" lon="-16.67583">
        <ele>369.1</ele>
      </trkpt>
      <trkpt lat="28.08359" lon="-16.67573">
        <ele>368.3</ele>
      </trkpt>
      <trkpt lat="28.0836" lon="-16.67563">
        <ele>368.4</ele>
      </trkpt>
      <trkpt lat="28.08361" lon="-16.67557">
        <ele>368.7</ele>
      </trkpt>
      <trkpt lat="28.08361" lon="-16.675419">
        <ele>368.1</ele>
      </trkpt>
      <trkpt lat="28.08362" lon="-16.675249">
        <ele>368.0</ele>
      </trkpt>
      <trkpt lat="28.08362" lon="-16.67476">
        <ele>366.7</ele>
      </trkpt>
      <trkpt lat="28.08363" lon="-16.67461">
        <ele>367.0</ele>
      </trkpt>
      <trkpt lat="28.08364" lon="-16.67446">
        <ele>367.2</ele>
      </trkpt>
      <trkpt lat="28.08364" lon="-16.67444">
        <ele>367.1</ele>
      </trkpt>
      <trkpt lat="28.08365" lon="-16.67441">
        <ele>367.6</ele>
      </trkpt>
      <trkpt lat="28.08366" lon="-16.674199">
        <ele>367.6</ele>
      </trkpt>
      <trkpt lat="28.08367" lon="-16.674109">
        <ele>367.7</ele>
      </trkpt>
      <trkpt lat="28.08368" lon="-16.674">
        <ele>367.5</ele>
      </trkpt>
      <trkpt lat="28.08381" lon="-16.6732">
        <ele>369.6</ele>
      </trkpt>
      <trkpt lat="28.08384" lon="-16.672999">
        <ele>369.6</ele>
      </trkpt>
      <trkpt lat="28.08387" lon="-16.67275">
        <ele>369.1</ele>
      </trkpt>
      <trkpt lat="28.0839" lon="-16.67263">
        <ele>369.4</ele>
      </trkpt>
      <trkpt lat="28.08397" lon="-16.67246">
        <ele>370.7</ele>
      </trkpt>
      <trkpt lat="28.08397" lon="-16.67244">
        <ele>370.4</ele>
      </trkpt>
      <trkpt lat="28.08399" lon="-16.672419">
        <ele>370.9</ele>
      </trkpt>
      <trkpt lat="28.0842" lon="-16.672049">
        <ele>372.8</ele>
      </trkpt>
      <trkpt lat="28.08445" lon="-16.67154">
        <ele>373.9</ele>
      </trkpt>
      <trkpt lat="28.08477" lon="-16.67089">
        <ele>373.5</ele>
      </trkpt>
      <trkpt lat="28.08496" lon="-16.67052">
        <ele>375.6</ele>
      </trkpt>
      <trkpt lat="28.08505" lon="-16.670359">
        <ele>376.9</ele>
      </trkpt>
      <trkpt lat="28.08534" lon="-16.66978">
        <ele>379.6</ele>
      </trkpt>
      <trkpt lat="28.08539" lon="-16.66969">
        <ele>380.1</ele>
      </trkpt>
      <trkpt lat="28.08547" lon="-16.66954">
        <ele>381.0</ele>
      </trkpt>
      <trkpt lat="28.08547" lon="-16.669519">
        <ele>380.9</ele>
      </trkpt>
      <trkpt lat="28.0855" lon="-16.66947">
        <ele>381.3</ele>
      </trkpt>
      <trkpt lat="28.08551" lon="-16.669419">
        <ele>381.3</ele>
      </trkpt>
      <trkpt lat="28.08554" lon="-16.669319">
        <ele>381.5</ele>
      </trkpt>
      <trkpt lat="28.08558" lon="-16.66917">
        <ele>381.8</ele>
      </trkpt>
      <trkpt lat="28.08561" lon="-16.66906">
        <ele>382.2</ele>
      </trkpt>
      <trkpt lat="28.08564" lon="-16.66894">
        <ele>382.5</ele>
      </trkpt>
      <trkpt lat="28.08564" lon="-16.66892">
        <ele>382.5</ele>
      </trkpt>
      <trkpt lat="28.08569" lon="-16.66869">
        <ele>383.1</ele>
      </trkpt>
      <trkpt lat="28.08573" lon="-16.66854">
        <ele>383.6</ele>
      </trkpt>
      <trkpt lat="28.08578" lon="-16.66833">
        <ele>384.2</ele>
      </trkpt>
      <trkpt lat="28.08582" lon="-16.66814">
        <ele>384.6</ele>
      </trkpt>
      <trkpt lat="28.08601" lon="-16.66734">
        <ele>386.7</ele>
      </trkpt>
      <trkpt lat="28.0861" lon="-16.66696">
        <ele>387.5</ele>
      </trkpt>
      <trkpt lat="28.08614" lon="-16.66676">
        <ele>387.8</ele>
      </trkpt>
      <trkpt lat="28.08619" lon="-16.66656">
        <ele>388.2</ele>
      </trkpt>
      <trkpt lat="28.08631" lon="-16.66603">
        <ele>387.7</ele>
      </trkpt>
      <trkpt lat="28.08631" lon="-16.66601">
        <ele>387.6</ele>
      </trkpt>
      <trkpt lat="28.08636" lon="-16.66581">
        <ele>387.5</ele>
      </trkpt>
      <trkpt lat="28.0864" lon="-16.66561">
        <ele>387.9</ele>
      </trkpt>
      <trkpt lat="28.08656" lon="-16.664929">
        <ele>389.3</ele>
      </trkpt>
      <trkpt lat="28.08658" lon="-16.664819">
        <ele>389.3</ele>
      </trkpt>
      <trkpt lat="28.08669" lon="-16.6644">
        <ele>389.8</ele>
      </trkpt>
      <trkpt lat="28.08675" lon="-16.66423">
        <ele>390.0</ele>
      </trkpt>
      <trkpt lat="28.08676" lon="-16.66422">
        <ele>390.0</ele>
      </trkpt>
      <trkpt lat="28.08677" lon="-16.66413">
        <ele>389.8</ele>
      </trkpt>
      <trkpt lat="28.08687" lon="-16.663889">
        <ele>389.6</ele>
      </trkpt>
      <trkpt lat="28.08686" lon="-16.663879">
        <ele>389.5</ele>
      </trkpt>
      <trkpt lat="28.08685" lon="-16.66387">
        <ele>389.3</ele>
      </trkpt>
      <trkpt lat="28.08685" lon="-16.66386">
        <ele>389.3</ele>
      </trkpt>
      <trkpt lat="28.08685" lon="-16.66385">
        <ele>389.2</ele>
      </trkpt>
      <trkpt lat="28.08684" lon="-16.66384">
        <ele>389.1</ele>
      </trkpt>
      <trkpt lat="28.08684" lon="-16.66383">
        <ele>389.0</ele>
      </trkpt>
      <trkpt lat="28.08684" lon="-16.66382">
        <ele>389.0</ele>
      </trkpt>
      <trkpt lat="28.08684" lon="-16.66381">
        <ele>389.0</ele>
      </trkpt>
      <trkpt lat="28.08684" lon="-16.663799">
        <ele>388.9</ele>
      </trkpt>
      <trkpt lat="28.08684" lon="-16.663789">
        <ele>388.9</ele>
      </trkpt>
      <trkpt lat="28.08684" lon="-16.66378">
        <ele>388.8</ele>
      </trkpt>
      <trkpt lat="28.08684" lon="-16.66377">
        <ele>388.8</ele>
      </trkpt>
      <trkpt lat="28.08685" lon="-16.66376">
        <ele>388.8</ele>
      </trkpt>
      <trkpt lat="28.08685" lon="-16.66375">
        <ele>388.8</ele>
      </trkpt>
      <trkpt lat="28.08685" lon="-16.66374">
        <ele>388.7</ele>
      </trkpt>
      <trkpt lat="28.08686" lon="-16.66373">
        <ele>388.8</ele>
      </trkpt>
      <trkpt lat="28.08686" lon="-16.66372">
        <ele>388.7</ele>
      </trkpt>
      <trkpt lat="28.08686" lon="-16.663709">
        <ele>388.7</ele>
      </trkpt>
      <trkpt lat="28.08687" lon="-16.663699">
        <ele>388.7</ele>
      </trkpt>
      <trkpt lat="28.08688" lon="-16.663689">
        <ele>388.8</ele>
      </trkpt>
      <trkpt lat="28.08689" lon="-16.66368">
        <ele>388.8</ele>
      </trkpt>
      <trkpt lat="28.0869" lon="-16.66367">
        <ele>388.9</ele>
      </trkpt>
      <trkpt lat="28.08691" lon="-16.66366">
        <ele>388.9</ele>
      </trkpt>
      <trkpt lat="28.08692" lon="-16.66366">
        <ele>389.0</ele>
      </trkpt>
      <trkpt lat="28.08693" lon="-16.66365">
        <ele>389.0</ele>
      </trkpt>
      <trkpt lat="28.08694" lon="-16.66365">
        <ele>389.1</ele>
      </trkpt>
      <trkpt lat="28.08695" lon="-16.66365">
        <ele>389.2</ele>
      </trkpt>
      <trkpt lat="28.08696" lon="-16.66365">
        <ele>389.3</ele>
      </trkpt>
      <trkpt lat="28.08697" lon="-16.66365">
        <ele>389.4</ele>
      </trkpt>
      <trkpt lat="28.08698" lon="-16.66364">
        <ele>389.5</ele>
      </trkpt>
      <trkpt lat="28.08699" lon="-16.66364">
        <ele>389.6</ele>
      </trkpt>
      <trkpt lat="28.087" lon="-16.66364">
        <ele>389.7</ele>
      </trkpt>
      <trkpt lat="28.08701" lon="-16.66365">
        <ele>389.8</ele>
      </trkpt>
      <trkpt lat="28.08702" lon="-16.66365">
        <ele>389.9</ele>
      </trkpt>
      <trkpt lat="28.08703" lon="-16.66365">
        <ele>390.0</ele>
      </trkpt>
      <trkpt lat="28.08704" lon="-16.66365">
        <ele>390.1</ele>
      </trkpt>
      <trkpt lat="28.08704" lon="-16.66366">
        <ele>390.2</ele>
      </trkpt>
      <trkpt lat="28.08705" lon="-16.66366">
        <ele>390.2</ele>
      </trkpt>
      <trkpt lat="28.08706" lon="-16.66367">
        <ele>390.4</ele>
      </trkpt>
      <trkpt lat="28.08707" lon="-16.66367">
        <ele>390.5</ele>
      </trkpt>
      <trkpt lat="28.08708" lon="-16.66368">
        <ele>390.6</ele>
      </trkpt>
      <trkpt lat="28.08726" lon="-16.66365">
        <ele>392.2</ele>
      </trkpt>
      <trkpt lat="28.08735" lon="-16.66364">
        <ele>393.0</ele>
      </trkpt>
      <trkpt lat="28.08748" lon="-16.663609">
        <ele>394.1</ele>
      </trkpt>
      <trkpt lat="28.0875" lon="-16.663599">
        <ele>394.3</ele>
      </trkpt>
      <trkpt lat="28.08752" lon="-16.66359">
        <ele>394.3</ele>
      </trkpt>
      <trkpt lat="28.08756" lon="-16.66358">
        <ele>394.5</ele>
      </trkpt>
      <trkpt lat="28.08785" lon="-16.66348">
        <ele>395.5</ele>
      </trkpt>
      <trkpt lat="28.08792" lon="-16.66346">
        <ele>395.7</ele>
      </trkpt>
      <trkpt lat="28.08801" lon="-16.66343">
        <ele>396.0</ele>
      </trkpt>
      <trkpt lat="28.08819" lon="-16.66337">
        <ele>396.5</ele>
      </trkpt>
      <trkpt lat="28.0882" lon="-16.66336">
        <ele>396.5</ele>
      </trkpt>
      <trkpt lat="28.0884" lon="-16.66328">
        <ele>397.3</ele>
      </trkpt>
      <trkpt lat="28.08848" lon="-16.663229">
        <ele>397.7</ele>
      </trkpt>
      <trkpt lat="28.08852" lon="-16.6632">
        <ele>397.9</ele>
      </trkpt>
      <trkpt lat="28.08859" lon="-16.66315">
        <ele>398.3</ele>
      </trkpt>
      <trkpt lat="28.0886" lon="-16.663139">
        <ele>398.4</ele>
      </trkpt>
      <trkpt lat="28.08863" lon="-16.6631">
        <ele>398.5</ele>
      </trkpt>
      <trkpt lat="28.0887" lon="-16.66301">
        <ele>398.7</ele>
      </trkpt>
      <trkpt lat="28.08875" lon="-16.6629">
        <ele>398.7</ele>
      </trkpt>
      <trkpt lat="28.08877" lon="-16.662849">
        <ele>398.6</ele>
      </trkpt>
      <trkpt lat="28.08882" lon="-16.66273">
        <ele>398.6</ele>
      </trkpt>
      <trkpt lat="28.08883" lon="-16.66271">
        <ele>398.6</ele>
      </trkpt>
      <trkpt lat="28.08904" lon="-16.66214">
        <ele>399.8</ele>
      </trkpt>
      <trkpt lat="28.08927" lon="-16.661539">
        <ele>400.6</ele>
      </trkpt>
      <trkpt lat="28.08931" lon="-16.661449">
        <ele>400.2</ele>
      </trkpt>
      <trkpt lat="28.0894" lon="-16.6613">
        <ele>399.7</ele>
      </trkpt>
      <trkpt lat="28.08957" lon="-16.661079">
        <ele>399.4</ele>
      </trkpt>
      <trkpt lat="28.08962" lon="-16.66102">
        <ele>399.4</ele>
      </trkpt>
      <trkpt lat="28.08987" lon="-16.66071">
        <ele>399.6</ele>
      </trkpt>
      <trkpt lat="28.08988" lon="-16.660699">
        <ele>399.7</ele>
      </trkpt>
      <trkpt lat="28.09" lon="-16.66055">
        <ele>400.3</ele>
      </trkpt>
      <trkpt lat="28.09014" lon="-16.66037">
        <ele>400.6</ele>
      </trkpt>
      <trkpt lat="28.09024" lon="-16.66026">
        <ele>400.8</ele>
      </trkpt>
      <trkpt lat="28.09087" lon="-16.65945">
        <ele>400.6</ele>
      </trkpt>
      <trkpt lat="28.09091" lon="-16.6594">
        <ele>400.6</ele>
      </trkpt>
      <trkpt lat="28.09109" lon="-16.65917">
        <ele>400.9</ele>
      </trkpt>
      <trkpt lat="28.09117" lon="-16.65907">
        <ele>401.4</ele>
      </trkpt>
      <trkpt lat="28.09123" lon="-16.65899">
        <ele>401.8</ele>
      </trkpt>
      <trkpt lat="28.09129" lon="-16.6589">
        <ele>402.1</ele>
      </trkpt>
      <trkpt lat="28.09131" lon="-16.65887">
        <ele>402.2</ele>
      </trkpt>
      <trkpt lat="28.09134" lon="-16.65884">
        <ele>402.4</ele>
      </trkpt>
      <trkpt lat="28.09136" lon="-16.658809">
        <ele>402.5</ele>
      </trkpt>
      <trkpt lat="28.09139" lon="-16.65877">
        <ele>402.7</ele>
      </trkpt>
      <trkpt lat="28.09141" lon="-16.6587">
        <ele>402.8</ele>
      </trkpt>
      <trkpt lat="28.09144" lon="-16.65861">
        <ele>402.9</ele>
      </trkpt>
      <trkpt lat="28.09147" lon="-16.65848">
        <ele>403.4</ele>
      </trkpt>
      <trkpt lat="28.09151" lon="-16.65832">
        <ele>404.2</ele>
      </trkpt>
      <trkpt lat="28.09153" lon="-16.65823">
        <ele>404.6</ele>
      </trkpt>
      <trkpt lat="28.09154" lon="-16.65812">
        <ele>405.0</ele>
      </trkpt>
      <trkpt lat="28.09155" lon="-16.658059">
        <ele>405.3</ele>
      </trkpt>
      <trkpt lat="28.09155" lon="-16.65804">
        <ele>405.4</ele>
      </trkpt>
      <trkpt lat="28.09155" lon="-16.657969">
        <ele>405.7</ele>
      </trkpt>
      <trkpt lat="28.09155" lon="-16.65791">
        <ele>406.0</ele>
      </trkpt>
      <trkpt lat="28.09154" lon="-16.65786">
        <ele>406.3</ele>
      </trkpt>
      <trkpt lat="28.09153" lon="-16.65785">
        <ele>406.3</ele>
      </trkpt>
      <trkpt lat="28.09151" lon="-16.65776">
        <ele>406.8</ele>
      </trkpt>
      <trkpt lat="28.09148" lon="-16.657689">
        <ele>407.1</ele>
      </trkpt>
      <trkpt lat="28.09147" lon="-16.65767">
        <ele>407.2</ele>
      </trkpt>
      <trkpt lat="28.09142" lon="-16.65758">
        <ele>407.6</ele>
      </trkpt>
      <trkpt lat="28.09135" lon="-16.65746">
        <ele>408.1</ele>
      </trkpt>
      <trkpt lat="28.09129" lon="-16.65734">
        <ele>408.5</ele>
      </trkpt>
      <trkpt lat="28.09128" lon="-16.65733">
        <ele>408.5</ele>
      </trkpt>
      <trkpt lat="28.09117" lon="-16.657139">
        <ele>409.0</ele>
      </trkpt>
      <trkpt lat="28.09113" lon="-16.65707">
        <ele>409.2</ele>
      </trkpt>
      <trkpt lat="28.09105" lon="-16.6569">
        <ele>409.5</ele>
      </trkpt>
      <trkpt lat="28.09101" lon="-16.65681">
        <ele>409.6</ele>
      </trkpt>
      <trkpt lat="28.09099" lon="-16.656759">
        <ele>409.7</ele>
      </trkpt>
      <trkpt lat="28.09097" lon="-16.656649">
        <ele>410.0</ele>
      </trkpt>
      <trkpt lat="28.09096" lon="-16.65658">
        <ele>410.0</ele>
      </trkpt>
      <trkpt lat="28.09095" lon="-16.6565">
        <ele>410.0</ele>
      </trkpt>
      <trkpt lat="28.09096" lon="-16.65636">
        <ele>410.2</ele>
      </trkpt>
      <trkpt lat="28.09096" lon="-16.65625">
        <ele>410.3</ele>
      </trkpt>
      <trkpt lat="28.09098" lon="-16.65612">
        <ele>410.5</ele>
      </trkpt>
      <trkpt lat="28.09098" lon="-16.65608">
        <ele>410.5</ele>
      </trkpt>
      <trkpt lat="28.09099" lon="-16.655909">
        <ele>410.7</ele>
      </trkpt>
      <trkpt lat="28.09103" lon="-16.65558">
        <ele>410.9</ele>
      </trkpt>
      <trkpt lat="28.09107" lon="-16.6552">
        <ele>411.2</ele>
      </trkpt>
      <trkpt lat="28.09109" lon="-16.65501">
        <ele>411.5</ele>
      </trkpt>
      <trkpt lat="28.09115" lon="-16.65438">
        <ele>413.4</ele>
      </trkpt>
      <trkpt lat="28.09117" lon="-16.65417">
        <ele>414.0</ele>
      </trkpt>
      <trkpt lat="28.09118" lon="-16.65407">
        <ele>414.3</ele>
      </trkpt>
      <trkpt lat="28.09119" lon="-16.65396">
        <ele>414.6</ele>
      </trkpt>
      <trkpt lat="28.09123" lon="-16.653559">
        <ele>415.8</ele>
      </trkpt>
      <trkpt lat="28.09123" lon="-16.65353">
        <ele>415.9</ele>
      </trkpt>
      <trkpt lat="28.09123" lon="-16.65353">
        <ele>415.9</ele>
      </trkpt>
      <trkpt lat="28.09123" lon="-16.65353">
        <ele>415.9</ele>
      </trkpt>
      <trkpt lat="28.09125" lon="-16.65341">
        <ele>416.3</ele>
      </trkpt>
      <trkpt lat="28.0913" lon="-16.65289">
        <ele>418.2</ele>
      </trkpt>
      <trkpt lat="28.09135" lon="-16.65252">
        <ele>419.7</ele>
      </trkpt>
      <trkpt lat="28.09136" lon="-16.65249">
        <ele>419.8</ele>
      </trkpt>
      <trkpt lat="28.09141" lon="-16.65231">
        <ele>419.9</ele>
      </trkpt>
      <trkpt lat="28.09141" lon="-16.65229">
        <ele>419.8</ele>
      </trkpt>
      <trkpt lat="28.09147" lon="-16.652149">
        <ele>420.1</ele>
      </trkpt>
      <trkpt lat="28.09149" lon="-16.65211">
        <ele>420.2</ele>
      </trkpt>
      <trkpt lat="28.09158" lon="-16.65193">
        <ele>420.6</ele>
      </trkpt>
      <trkpt lat="28.09168" lon="-16.65176">
        <ele>421.2</ele>
      </trkpt>
      <trkpt lat="28.09173" lon="-16.65165">
        <ele>421.3</ele>
      </trkpt>
      <trkpt lat="28.09191" lon="-16.6513">
        <ele>421.9</ele>
      </trkpt>
      <trkpt lat="28.092" lon="-16.651119">
        <ele>422.2</ele>
      </trkpt>
      <trkpt lat="28.09208" lon="-16.650939">
        <ele>422.5</ele>
      </trkpt>
      <trkpt lat="28.0921" lon="-16.65091">
        <ele>422.6</ele>
      </trkpt>
      <trkpt lat="28.09214" lon="-16.65079">
        <ele>422.8</ele>
      </trkpt>
      <trkpt lat="28.09217" lon="-16.65068">
        <ele>422.7</ele>
      </trkpt>
      <trkpt lat="28.09218" lon="-16.65058">
        <ele>422.6</ele>
      </trkpt>
      <trkpt lat="28.09219" lon="-16.65048">
        <ele>422.4</ele>
      </trkpt>
      <trkpt lat="28.09217" lon="-16.65031">
        <ele>422.0</ele>
      </trkpt>
      <trkpt lat="28.09215" lon="-16.65016">
        <ele>421.7</ele>
      </trkpt>
      <trkpt lat="28.09213" lon="-16.65006">
        <ele>421.5</ele>
      </trkpt>
      <trkpt lat="28.09209" lon="-16.64996">
        <ele>421.9</ele>
      </trkpt>
      <trkpt lat="28.09206" lon="-16.649909">
        <ele>422.5</ele>
      </trkpt>
      <trkpt lat="28.09203" lon="-16.64985">
        <ele>423.2</ele>
      </trkpt>
      <trkpt lat="28.09201" lon="-16.64983">
        <ele>423.4</ele>
      </trkpt>
      <trkpt lat="28.09197" lon="-16.64979">
        <ele>424.0</ele>
      </trkpt>
      <trkpt lat="28.09188" lon="-16.64973">
        <ele>425.1</ele>
      </trkpt>
      <trkpt lat="28.09179" lon="-16.64969">
        <ele>425.9</ele>
      </trkpt>
      <trkpt lat="28.09172" lon="-16.64968">
        <ele>426.4</ele>
      </trkpt>
      <trkpt lat="28.09161" lon="-16.64968">
        <ele>427.1</ele>
      </trkpt>
      <trkpt lat="28.09145" lon="-16.64969">
        <ele>428.2</ele>
      </trkpt>
      <trkpt lat="28.09137" lon="-16.6497">
        <ele>428.7</ele>
      </trkpt>
      <trkpt lat="28.09062" lon="-16.649719">
        <ele>434.1</ele>
      </trkpt>
      <trkpt lat="28.09048" lon="-16.64973">
        <ele>434.8</ele>
      </trkpt>
      <trkpt lat="28.0903" lon="-16.64973">
        <ele>436.0</ele>
      </trkpt>
      <trkpt lat="28.09009" lon="-16.64974">
        <ele>437.2</ele>
      </trkpt>
      <trkpt lat="28.09002" lon="-16.64973">
        <ele>437.8</ele>
      </trkpt>
      <trkpt lat="28.09" lon="-16.64973">
        <ele>437.9</ele>
      </trkpt>
      <trkpt lat="28.08996" lon="-16.649719">
        <ele>437.6</ele>
      </trkpt>
      <trkpt lat="28.08993" lon="-16.649719">
        <ele>437.3</ele>
      </trkpt>
      <trkpt lat="28.08984" lon="-16.64969">
        <ele>436.9</ele>
      </trkpt>
      <trkpt lat="28.08972" lon="-16.649619">
        <ele>436.8</ele>
      </trkpt>
      <trkpt lat="28.08961" lon="-16.649529">
        <ele>437.1</ele>
      </trkpt>
      <trkpt lat="28.08952" lon="-16.64941">
        <ele>438.1</ele>
      </trkpt>
      <trkpt lat="28.08894" lon="-16.64862">
        <ele>450.3</ele>
      </trkpt>
      <trkpt lat="28.08883" lon="-16.64847">
        <ele>452.6</ele>
      </trkpt>
      <trkpt lat="28.08871" lon="-16.648309">
        <ele>455.0</ele>
      </trkpt>
      <trkpt lat="28.08837" lon="-16.647839">
        <ele>460.9</ele>
      </trkpt>
      <trkpt lat="28.08828" lon="-16.64773">
        <ele>461.6</ele>
      </trkpt>
      <trkpt lat="28.08826" lon="-16.64768">
        <ele>462.3</ele>
      </trkpt>
      <trkpt lat="28.08815" lon="-16.64752">
        <ele>463.0</ele>
      </trkpt>
      <trkpt lat="28.08804" lon="-16.64735">
        <ele>464.0</ele>
      </trkpt>
      <trkpt lat="28.08802" lon="-16.64732">
        <ele>464.2</ele>
      </trkpt>
      <trkpt lat="28.08785" lon="-16.64701">
        <ele>466.1</ele>
      </trkpt>
      <trkpt lat="28.08776" lon="-16.64684">
        <ele>466.9</ele>
      </trkpt>
      <trkpt lat="28.08776" lon="-16.64683">
        <ele>467.1</ele>
      </trkpt>
      <trkpt lat="28.0877" lon="-16.64673">
        <ele>467.2</ele>
      </trkpt>
      <trkpt lat="28.08766" lon="-16.64666">
        <ele>467.4</ele>
      </trkpt>
      <trkpt lat="28.08763" lon="-16.646609">
        <ele>468.1</ele>
      </trkpt>
      <trkpt lat="28.08754" lon="-16.64651">
        <ele>468.5</ele>
      </trkpt>
      <trkpt lat="28.08754" lon="-16.6465">
        <ele>468.9</ele>
      </trkpt>
      <trkpt lat="28.08742" lon="-16.6464">
        <ele>469.5</ele>
      </trkpt>
      <trkpt lat="28.0871" lon="-16.646159">
        <ele>472.2</ele>
      </trkpt>
      <trkpt lat="28.08706" lon="-16.64613">
        <ele>472.6</ele>
      </trkpt>
      <trkpt lat="28.08694" lon="-16.646059">
        <ele>473.1</ele>
      </trkpt>
      <trkpt lat="28.08679" lon="-16.645959">
        <ele>474.3</ele>
      </trkpt>
      <trkpt lat="28.08676" lon="-16.64594">
        <ele>474.5</ele>
      </trkpt>
      <trkpt lat="28.08662" lon="-16.645859">
        <ele>475.8</ele>
      </trkpt>
      <trkpt lat="28.08653" lon="-16.64583">
        <ele>476.7</ele>
      </trkpt>
      <trkpt lat="28.08645" lon="-16.64582">
        <ele>476.9</ele>
      </trkpt>
      <trkpt lat="28.08643" lon="-16.64581">
        <ele>477.3</ele>
      </trkpt>
      <trkpt lat="28.0863" lon="-16.64582">
        <ele>476.3</ele>
      </trkpt>
      <trkpt lat="28.08627" lon="-16.64582">
        <ele>476.2</ele>
      </trkpt>
      <trkpt lat="28.08611" lon="-16.645859">
        <ele>473.9</ele>
      </trkpt>
      <trkpt lat="28.08592" lon="-16.64589">
        <ele>471.8</ele>
      </trkpt>
      <trkpt lat="28.08582" lon="-16.6459">
        <ele>470.7</ele>
      </trkpt>
      <trkpt lat="28.08577" lon="-16.6459">
        <ele>469.2</ele>
      </trkpt>
      <trkpt lat="28.08574" lon="-16.64589">
        <ele>468.8</ele>
      </trkpt>
      <trkpt lat="28.08572" lon="-16.64589">
        <ele>468.2</ele>
      </trkpt>
      <trkpt lat="28.08568" lon="-16.645869">
        <ele>467.9</ele>
      </trkpt>
      <trkpt lat="28.0856" lon="-16.64583">
        <ele>467.1</ele>
      </trkpt>
      <trkpt lat="28.08558" lon="-16.64581">
        <ele>467.2</ele>
      </trkpt>
      <trkpt lat="28.08554" lon="-16.64576">
        <ele>467.7</ele>
      </trkpt>
      <trkpt lat="28.08551" lon="-16.645679">
        <ele>469.3</ele>
      </trkpt>
      <trkpt lat="28.08549" lon="-16.64562">
        <ele>470.6</ele>
      </trkpt>
      <trkpt lat="28.08548" lon="-16.64556">
        <ele>472.1</ele>
      </trkpt>
      <trkpt lat="28.08546" lon="-16.64545">
        <ele>474.8</ele>
      </trkpt>
      <trkpt lat="28.08546" lon="-16.64543">
        <ele>475.4</ele>
      </trkpt>
      <trkpt lat="28.08545" lon="-16.64523">
        <ele>481.2</ele>
      </trkpt>
      <trkpt lat="28.08544" lon="-16.645029">
        <ele>486.9</ele>
      </trkpt>
      <trkpt lat="28.08543" lon="-16.64482">
        <ele>491.4</ele>
      </trkpt>
      <trkpt lat="28.08543" lon="-16.6447">
        <ele>494.2</ele>
      </trkpt>
      <trkpt lat="28.08542" lon="-16.64462">
        <ele>495.6</ele>
      </trkpt>
      <trkpt lat="28.08541" lon="-16.64453">
        <ele>497.2</ele>
      </trkpt>
      <trkpt lat="28.08539" lon="-16.6444">
        <ele>499.1</ele>
      </trkpt>
      <trkpt lat="28.08536" lon="-16.64433">
        <ele>499.2</ele>
      </trkpt>
      <trkpt lat="28.08532" lon="-16.64425">
        <ele>498.9</ele>
      </trkpt>
      <trkpt lat="28.08531" lon="-16.64423">
        <ele>498.9</ele>
      </trkpt>
      <trkpt lat="28.08522" lon="-16.64406">
        <ele>499.7</ele>
      </trkpt>
      <trkpt lat="28.08518" lon="-16.643999">
        <ele>500.0</ele>
      </trkpt>
      <trkpt lat="28.08511" lon="-16.64388">
        <ele>501.4</ele>
      </trkpt>
      <trkpt lat="28.08501" lon="-16.64373">
        <ele>502.8</ele>
      </trkpt>
      <trkpt lat="28.08493" lon="-16.64365">
        <ele>505.0</ele>
      </trkpt>
      <trkpt lat="28.08488" lon="-16.643609">
        <ele>506.2</ele>
      </trkpt>
      <trkpt lat="28.08487" lon="-16.643609">
        <ele>506.1</ele>
      </trkpt>
      <trkpt lat="28.08479" lon="-16.64357">
        <ele>507.2</ele>
      </trkpt>
      <trkpt lat="28.08468" lon="-16.64355">
        <ele>507.2</ele>
      </trkpt>
      <trkpt lat="28.08452" lon="-16.64354">
        <ele>506.3</ele>
      </trkpt>
      <trkpt lat="28.08445" lon="-16.643529">
        <ele>506.2</ele>
      </trkpt>
      <trkpt lat="28.08434" lon="-16.643529">
        <ele>505.3</ele>
      </trkpt>
      <trkpt lat="28.08402" lon="-16.64351">
        <ele>504.2</ele>
      </trkpt>
      <trkpt lat="28.08398" lon="-16.64351">
        <ele>504.0</ele>
      </trkpt>
      <trkpt lat="28.08385" lon="-16.6435">
        <ele>503.7</ele>
      </trkpt>
      <trkpt lat="28.0838" lon="-16.64349">
        <ele>503.9</ele>
      </trkpt>
      <trkpt lat="28.08369" lon="-16.64348">
        <ele>503.7</ele>
      </trkpt>
      <trkpt lat="28.08362" lon="-16.64346">
        <ele>504.1</ele>
      </trkpt>
      <trkpt lat="28.08361" lon="-16.64346">
        <ele>504.0</ele>
      </trkpt>
      <trkpt lat="28.08353" lon="-16.643429">
        <ele>504.8</ele>
      </trkpt>
      <trkpt lat="28.08347" lon="-16.6434">
        <ele>505.6</ele>
      </trkpt>
      <trkpt lat="28.08341" lon="-16.643329">
        <ele>507.8</ele>
      </trkpt>
      <trkpt lat="28.08336" lon="-16.64327">
        <ele>509.1</ele>
      </trkpt>
      <trkpt lat="28.08332" lon="-16.64318">
        <ele>510.7</ele>
      </trkpt>
      <trkpt lat="28.08328" lon="-16.64304">
        <ele>512.8</ele>
      </trkpt>
      <trkpt lat="28.08328" lon="-16.64302">
        <ele>513.4</ele>
      </trkpt>
      <trkpt lat="28.08323" lon="-16.64282">
        <ele>516.8</ele>
      </trkpt>
      <trkpt lat="28.08319" lon="-16.64269">
        <ele>518.6</ele>
      </trkpt>
      <trkpt lat="28.08318" lon="-16.64265">
        <ele>519.3</ele>
      </trkpt>
      <trkpt lat="28.08314" lon="-16.64257">
        <ele>519.7</ele>
      </trkpt>
      <trkpt lat="28.08308" lon="-16.642479">
        <ele>519.8</ele>
      </trkpt>
      <trkpt lat="28.08308" lon="-16.64247">
        <ele>520.2</ele>
      </trkpt>
      <trkpt lat="28.08291" lon="-16.64227">
        <ele>521.1</ele>
      </trkpt>
      <trkpt lat="28.08276" lon="-16.64209">
        <ele>523.1</ele>
      </trkpt>
      <trkpt lat="28.08257" lon="-16.64188">
        <ele>526.0</ele>
      </trkpt>
      <trkpt lat="28.08247" lon="-16.64179">
        <ele>527.5</ele>
      </trkpt>
      <trkpt lat="28.08244" lon="-16.64177">
        <ele>528.0</ele>
      </trkpt>
      <trkpt lat="28.08237" lon="-16.64172">
        <ele>529.1</ele>
      </trkpt>
      <trkpt lat="28.08224" lon="-16.641649">
        <ele>530.0</ele>
      </trkpt>
      <trkpt lat="28.08211" lon="-16.6416">
        <ele>530.0</ele>
      </trkpt>
      <trkpt lat="28.082" lon="-16.64157">
        <ele>529.6</ele>
      </trkpt>
      <trkpt lat="28.08194" lon="-16.641549">
        <ele>529.7</ele>
      </trkpt>
      <trkpt lat="28.08179" lon="-16.6415">
        <ele>530.2</ele>
      </trkpt>
      <trkpt lat="28.08169" lon="-16.64148">
        <ele>530.1</ele>
      </trkpt>
      <trkpt lat="28.08158" lon="-16.64149">
        <ele>529.8</ele>
      </trkpt>
      <trkpt lat="28.08149" lon="-16.6415">
        <ele>529.8</ele>
      </trkpt>
      <trkpt lat="28.08141" lon="-16.64152">
        <ele>529.3</ele>
      </trkpt>
      <trkpt lat="28.08123" lon="-16.64157">
        <ele>527.9</ele>
      </trkpt>
      <trkpt lat="28.08114" lon="-16.64159">
        <ele>527.5</ele>
      </trkpt>
      <trkpt lat="28.08106" lon="-16.64161">
        <ele>527.1</ele>
      </trkpt>
      <trkpt lat="28.08102" lon="-16.64162">
        <ele>526.9</ele>
      </trkpt>
      <trkpt lat="28.08095" lon="-16.64162">
        <ele>527.4</ele>
      </trkpt>
      <trkpt lat="28.08089" lon="-16.64162">
        <ele>527.9</ele>
      </trkpt>
      <trkpt lat="28.08088" lon="-16.64162">
        <ele>528.0</ele>
      </trkpt>
      <trkpt lat="28.08082" lon="-16.6416">
        <ele>529.0</ele>
      </trkpt>
      <trkpt lat="28.08074" lon="-16.64157">
        <ele>528.3</ele>
      </trkpt>
      <trkpt lat="28.08071" lon="-16.641549">
        <ele>528.5</ele>
      </trkpt>
      <trkpt lat="28.08063" lon="-16.64151">
        <ele>528.2</ele>
      </trkpt>
      <trkpt lat="28.08056" lon="-16.64144">
        <ele>529.8</ele>
      </trkpt>
      <trkpt lat="28.08042" lon="-16.64131">
        <ele>532.4</ele>
      </trkpt>
      <trkpt lat="28.08038" lon="-16.641269">
        <ele>533.2</ele>
      </trkpt>
      <trkpt lat="28.08028" lon="-16.641179">
        <ele>534.9</ele>
      </trkpt>
      <trkpt lat="28.08014" lon="-16.64105">
        <ele>537.3</ele>
      </trkpt>
      <trkpt lat="28.08011" lon="-16.64101">
        <ele>538.5</ele>
      </trkpt>
      <trkpt lat="28.07972" lon="-16.64065">
        <ele>540.4</ele>
      </trkpt>
      <trkpt lat="28.079637" lon="-16.640574">
        <ele>540.3</ele>
      </trkpt>
      <trkpt lat="28.07949" lon="-16.64044">
        <ele>540.8</ele>
      </trkpt>
      <trkpt lat="28.07943" lon="-16.64038">
        <ele>541.4</ele>
      </trkpt>
      <trkpt lat="28.07937" lon="-16.6403">
        <ele>542.8</ele>
      </trkpt>
      <trkpt lat="28.07934" lon="-16.640239">
        <ele>544.2</ele>
      </trkpt>
      <trkpt lat="28.07933" lon="-16.640229">
        <ele>544.4</ele>
      </trkpt>
      <trkpt lat="28.0793" lon="-16.640139">
        <ele>546.9</ele>
      </trkpt>
      <trkpt lat="28.07929" lon="-16.64011">
        <ele>547.8</ele>
      </trkpt>
      <trkpt lat="28.07927" lon="-16.64011">
        <ele>547.5</ele>
      </trkpt>
      <trkpt lat="28.07926" lon="-16.64002">
        <ele>550.5</ele>
      </trkpt>
      <trkpt lat="28.07931" lon="-16.639869">
        <ele>549.6</ele>
      </trkpt>
      <trkpt lat="28.07939" lon="-16.639759">
        <ele>548.2</ele>
      </trkpt>
      <trkpt lat="28.07945" lon="-16.63971">
        <ele>547.5</ele>
      </trkpt>
      <trkpt lat="28.07952" lon="-16.639669">
        <ele>546.9</ele>
      </trkpt>
      <trkpt lat="28.07972" lon="-16.63965">
        <ele>547.1</ele>
      </trkpt>
      <trkpt lat="28.08019" lon="-16.6397">
        <ele>552.6</ele>
      </trkpt>
      <trkpt lat="28.08034" lon="-16.6397">
        <ele>554.8</ele>
      </trkpt>
      <trkpt lat="28.08087" lon="-16.6396">
        <ele>557.3</ele>
      </trkpt>
      <trkpt lat="28.08141" lon="-16.6395">
        <ele>554.4</ele>
      </trkpt>
      <trkpt lat="28.08151" lon="-16.639489">
        <ele>554.3</ele>
      </trkpt>
      <trkpt lat="28.08161" lon="-16.63952">
        <ele>555.7</ele>
      </trkpt>
      <trkpt lat="28.0817" lon="-16.639579">
        <ele>557.1</ele>
      </trkpt>
      <trkpt lat="28.08226" lon="-16.64016">
        <ele>557.7</ele>
      </trkpt>
      <trkpt lat="28.08283" lon="-16.64073">
        <ele>556.5</ele>
      </trkpt>
      <trkpt lat="28.08339" lon="-16.64131">
        <ele>555.9</ele>
      </trkpt>
      <trkpt lat="28.08349" lon="-16.641369">
        <ele>555.8</ele>
      </trkpt>
      <trkpt lat="28.08399" lon="-16.64154">
        <ele>558.3</ele>
      </trkpt>
      <trkpt lat="28.08449" lon="-16.64171">
        <ele>565.5</ele>
      </trkpt>
      <trkpt lat="28.08462" lon="-16.64172">
        <ele>566.5</ele>
      </trkpt>
      <trkpt lat="28.08472" lon="-16.64171">
        <ele>567.4</ele>
      </trkpt>
      <trkpt lat="28.08488" lon="-16.64167">
        <ele>569.0</ele>
      </trkpt>
      <trkpt lat="28.08539" lon="-16.641449">
        <ele>572.6</ele>
      </trkpt>
      <trkpt lat="28.0859" lon="-16.64123">
        <ele>576.8</ele>
      </trkpt>
      <trkpt lat="28.08605" lon="-16.64115">
        <ele>577.2</ele>
      </trkpt>
      <trkpt lat="28.08668" lon="-16.64072">
        <ele>576.1</ele>
      </trkpt>
      <trkpt lat="28.08732" lon="-16.64029">
        <ele>578.8</ele>
      </trkpt>
      <trkpt lat="28.08796" lon="-16.639859">
        <ele>572.0</ele>
      </trkpt>
      <trkpt lat="28.08809" lon="-16.6398">
        <ele>571.7</ele>
      </trkpt>
      <trkpt lat="28.08818" lon="-16.63979">
        <ele>572.5</ele>
      </trkpt>
      <trkpt lat="28.08825" lon="-16.63979">
        <ele>573.4</ele>
      </trkpt>
      <trkpt lat="28.08848" lon="-16.63994">
        <ele>577.8</ele>
      </trkpt>
      <trkpt lat="28.08856" lon="-16.64001">
        <ele>579.4</ele>
      </trkpt>
      <trkpt lat="28.08881" lon="-16.64041">
        <ele>599.1</ele>
      </trkpt>
      <trkpt lat="28.08891" lon="-16.640519">
        <ele>604.4</ele>
      </trkpt>
      <trkpt lat="28.08899" lon="-16.64056">
        <ele>606.0</ele>
      </trkpt>
      <trkpt lat="28.08909" lon="-16.64055">
        <ele>604.6</ele>
      </trkpt>
      <trkpt lat="28.08921" lon="-16.640519">
        <ele>602.9</ele>
      </trkpt>
      <trkpt lat="28.08977" lon="-16.64028">
        <ele>598.7</ele>
      </trkpt>
      <trkpt lat="28.09034" lon="-16.640039">
        <ele>592.5</ele>
      </trkpt>
      <trkpt lat="28.09042" lon="-16.64">
        <ele>592.6</ele>
      </trkpt>
      <trkpt lat="28.0905" lon="-16.63989">
        <ele>592.8</ele>
      </trkpt>
      <trkpt lat="28.0906" lon="-16.639679">
        <ele>593.1</ele>
      </trkpt>
      <trkpt lat="28.09062" lon="-16.639579">
        <ele>593.2</ele>
      </trkpt>
      <trkpt lat="28.09059" lon="-16.639399">
        <ele>593.5</ele>
      </trkpt>
      <trkpt lat="28.09028" lon="-16.638559">
        <ele>593.8</ele>
      </trkpt>
      <trkpt lat="28.08997" lon="-16.63772">
        <ele>592.6</ele>
      </trkpt>
      <trkpt lat="28.08995" lon="-16.63763">
        <ele>592.2</ele>
      </trkpt>
      <trkpt lat="28.08995" lon="-16.63754">
        <ele>592.2</ele>
      </trkpt>
      <trkpt lat="28.08996" lon="-16.637419">
        <ele>592.2</ele>
      </trkpt>
      <trkpt lat="28.09019" lon="-16.63644">
        <ele>594.1</ele>
      </trkpt>
      <trkpt lat="28.09042" lon="-16.63547">
        <ele>595.9</ele>
      </trkpt>
      <trkpt lat="28.09065" lon="-16.6345">
        <ele>598.5</ele>
      </trkpt>
      <trkpt lat="28.09087" lon="-16.63353">
        <ele>595.3</ele>
      </trkpt>
      <trkpt lat="28.09094" lon="-16.63333">
        <ele>593.6</ele>
      </trkpt>
      <trkpt lat="28.09103" lon="-16.63323">
        <ele>593.6</ele>
      </trkpt>
      <trkpt lat="28.0911" lon="-16.633189">
        <ele>593.8</ele>
      </trkpt>
      <trkpt lat="28.09174" lon="-16.6329">
        <ele>597.6</ele>
      </trkpt>
      <trkpt lat="28.09239" lon="-16.63262">
        <ele>601.7</ele>
      </trkpt>
      <trkpt lat="28.09304" lon="-16.63233">
        <ele>605.8</ele>
      </trkpt>
      <trkpt lat="28.09368" lon="-16.63205">
        <ele>602.8</ele>
      </trkpt>
      <trkpt lat="28.09375" lon="-16.632">
        <ele>602.2</ele>
      </trkpt>
      <trkpt lat="28.09385" lon="-16.63187">
        <ele>601.3</ele>
      </trkpt>
      <trkpt lat="28.09397" lon="-16.631509">
        <ele>599.3</ele>
      </trkpt>
      <trkpt lat="28.09415" lon="-16.63092">
        <ele>596.0</ele>
      </trkpt>
      <trkpt lat="28.09417" lon="-16.630749">
        <ele>596.6</ele>
      </trkpt>
      <trkpt lat="28.09416" lon="-16.63063">
        <ele>597.4</ele>
      </trkpt>
      <trkpt lat="28.09413" lon="-16.63054">
        <ele>597.7</ele>
      </trkpt>
      <trkpt lat="28.09407" lon="-16.63044">
        <ele>597.6</ele>
      </trkpt>
      <trkpt lat="28.09382" lon="-16.630199">
        <ele>595.4</ele>
      </trkpt>
      <trkpt lat="28.09329" lon="-16.629719">
        <ele>589.2</ele>
      </trkpt>
      <trkpt lat="28.09322" lon="-16.629629">
        <ele>588.5</ele>
      </trkpt>
      <trkpt lat="28.0932" lon="-16.629529">
        <ele>588.8</ele>
      </trkpt>
      <trkpt lat="28.09319" lon="-16.629439">
        <ele>589.1</ele>
      </trkpt>
      <trkpt lat="28.09322" lon="-16.62933">
        <ele>590.4</ele>
      </trkpt>
      <trkpt lat="28.09328" lon="-16.62922">
        <ele>592.4</ele>
      </trkpt>
      <trkpt lat="28.09346" lon="-16.628979">
        <ele>593.0</ele>
      </trkpt>
      <trkpt lat="28.09353" lon="-16.62893">
        <ele>593.1</ele>
      </trkpt>
      <trkpt lat="28.0936" lon="-16.628889">
        <ele>593.3</ele>
      </trkpt>
      <trkpt lat="28.09369" lon="-16.62887">
        <ele>593.8</ele>
      </trkpt>
      <trkpt lat="28.0938" lon="-16.628879">
        <ele>594.8</ele>
      </trkpt>
      <trkpt lat="28.09405" lon="-16.62895">
        <ele>597.7</ele>
      </trkpt>
      <trkpt lat="28.09415" lon="-16.62895">
        <ele>598.5</ele>
      </trkpt>
      <trkpt lat="28.09422" lon="-16.62892">
        <ele>599.0</ele>
      </trkpt>
      <trkpt lat="28.0944" lon="-16.628789">
        <ele>600.1</ele>
      </trkpt>
      <trkpt lat="28.09484" lon="-16.628319">
        <ele>603.2</ele>
      </trkpt>
      <trkpt lat="28.09529" lon="-16.627849">
        <ele>604.5</ele>
      </trkpt>
      <trkpt lat="28.09538" lon="-16.62771">
        <ele>604.3</ele>
      </trkpt>
      <trkpt lat="28.09563" lon="-16.62697">
        <ele>604.5</ele>
      </trkpt>
      <trkpt lat="28.09588" lon="-16.62623">
        <ele>603.9</ele>
      </trkpt>
      <trkpt lat="28.09595" lon="-16.62608">
        <ele>603.5</ele>
      </trkpt>
      <trkpt lat="28.09602" lon="-16.62599">
        <ele>603.5</ele>
      </trkpt>
      <trkpt lat="28.09613" lon="-16.6259">
        <ele>603.9</ele>
      </trkpt>
      <trkpt lat="28.09683" lon="-16.62549">
        <ele>608.3</ele>
      </trkpt>
      <trkpt lat="28.09752" lon="-16.62508">
        <ele>609.1</ele>
      </trkpt>
      <trkpt lat="28.09757" lon="-16.62502">
        <ele>608.6</ele>
      </trkpt>
      <trkpt lat="28.09768" lon="-16.62489">
        <ele>608.2</ele>
      </trkpt>
      <trkpt lat="28.0977" lon="-16.6248">
        <ele>608.0</ele>
      </trkpt>
      <trkpt lat="28.09771" lon="-16.62464">
        <ele>607.7</ele>
      </trkpt>
      <trkpt lat="28.0977" lon="-16.62432">
        <ele>607.1</ele>
      </trkpt>
      <trkpt lat="28.09767" lon="-16.62366">
        <ele>606.0</ele>
      </trkpt>
      <trkpt lat="28.09764" lon="-16.623">
        <ele>609.0</ele>
      </trkpt>
      <trkpt lat="28.09761" lon="-16.62283">
        <ele>609.5</ele>
      </trkpt>
      <trkpt lat="28.09754" lon="-16.622699">
        <ele>609.3</ele>
      </trkpt>
      <trkpt lat="28.09695" lon="-16.622129">
        <ele>602.6</ele>
      </trkpt>
      <trkpt lat="28.09689" lon="-16.62205">
        <ele>601.9</ele>
      </trkpt>
      <trkpt lat="28.09685" lon="-16.621949">
        <ele>601.5</ele>
      </trkpt>
      <trkpt lat="28.09684" lon="-16.62188">
        <ele>601.5</ele>
      </trkpt>
      <trkpt lat="28.09685" lon="-16.62178">
        <ele>602.0</ele>
      </trkpt>
      <trkpt lat="28.09688" lon="-16.62168">
        <ele>602.8</ele>
      </trkpt>
      <trkpt lat="28.09694" lon="-16.62159">
        <ele>603.2</ele>
      </trkpt>
      <trkpt lat="28.0976" lon="-16.62104">
        <ele>606.5</ele>
      </trkpt>
      <trkpt lat="28.0977" lon="-16.62088">
        <ele>605.3</ele>
      </trkpt>
      <trkpt lat="28.09796" lon="-16.62019">
        <ele>605.7</ele>
      </trkpt>
      <trkpt lat="28.0981" lon="-16.6199">
        <ele>606.4</ele>
      </trkpt>
      <trkpt lat="28.09841" lon="-16.61939">
        <ele>610.0</ele>
      </trkpt>
      <trkpt lat="28.09873" lon="-16.61889">
        <ele>612.3</ele>
      </trkpt>
      <trkpt lat="28.09871" lon="-16.61887">
        <ele>612.1</ele>
      </trkpt>
      <trkpt lat="28.09831" lon="-16.61841">
        <ele>606.1</ele>
      </trkpt>
      <trkpt lat="28.09824" lon="-16.618279">
        <ele>604.8</ele>
      </trkpt>
      <trkpt lat="28.09819" lon="-16.61801">
        <ele>603.1</ele>
      </trkpt>
      <trkpt lat="28.09814" lon="-16.61794">
        <ele>602.2</ele>
      </trkpt>
      <trkpt lat="28.097836" lon="-16.617643">
        <ele>596.7</ele>
      </trkpt>
      <trkpt lat="28.09774" lon="-16.61755">
        <ele>594.8</ele>
      </trkpt>
      <trkpt lat="28.09769" lon="-16.61747">
        <ele>593.7</ele>
      </trkpt>
      <trkpt lat="28.09762" lon="-16.6173">
        <ele>592.7</ele>
      </trkpt>
      <trkpt lat="28.09753" lon="-16.616879">
        <ele>591.4</ele>
      </trkpt>
      <trkpt lat="28.09751" lon="-16.61684">
        <ele>591.1</ele>
      </trkpt>
      <trkpt lat="28.09701" lon="-16.61619">
        <ele>581.7</ele>
      </trkpt>
      <trkpt lat="28.09698" lon="-16.616109">
        <ele>581.1</ele>
      </trkpt>
      <trkpt lat="28.09693" lon="-16.615659">
        <ele>579.1</ele>
      </trkpt>
      <trkpt lat="28.09694" lon="-16.615269">
        <ele>577.9</ele>
      </trkpt>
      <trkpt lat="28.09701" lon="-16.61474">
        <ele>575.7</ele>
      </trkpt>
      <trkpt lat="28.09709" lon="-16.61432">
        <ele>572.8</ele>
      </trkpt>
      <trkpt lat="28.09727" lon="-16.61379">
        <ele>569.6</ele>
      </trkpt>
      <trkpt lat="28.09752" lon="-16.61316">
        <ele>567.1</ele>
      </trkpt>
      <trkpt lat="28.09777" lon="-16.61254">
        <ele>562.5</ele>
      </trkpt>
      <trkpt lat="28.09779" lon="-16.61243">
        <ele>561.4</ele>
      </trkpt>
      <trkpt lat="28.09778" lon="-16.61233">
        <ele>560.1</ele>
      </trkpt>
      <trkpt lat="28.09773" lon="-16.61223">
        <ele>558.3</ele>
      </trkpt>
      <trkpt lat="28.09762" lon="-16.61213">
        <ele>555.7</ele>
      </trkpt>
      <trkpt lat="28.09753" lon="-16.612079">
        <ele>553.9</ele>
      </trkpt>
      <trkpt lat="28.0974" lon="-16.61205">
        <ele>551.9</ele>
      </trkpt>
      <trkpt lat="28.09723" lon="-16.612089">
        <ele>550.2</ele>
      </trkpt>
      <trkpt lat="28.09711" lon="-16.612179">
        <ele>549.4</ele>
      </trkpt>
      <trkpt lat="28.09701" lon="-16.61229">
        <ele>548.8</ele>
      </trkpt>
      <trkpt lat="28.09662" lon="-16.612839">
        <ele>546.8</ele>
      </trkpt>
      <trkpt lat="28.09623" lon="-16.613399">
        <ele>546.3</ele>
      </trkpt>
      <trkpt lat="28.09601" lon="-16.613669">
        <ele>547.6</ele>
      </trkpt>
      <trkpt lat="28.09588" lon="-16.613779">
        <ele>547.6</ele>
      </trkpt>
      <trkpt lat="28.09572" lon="-16.613859">
        <ele>546.9</ele>
      </trkpt>
      <trkpt lat="28.09557" lon="-16.61391">
        <ele>545.9</ele>
      </trkpt>
      <trkpt lat="28.09542" lon="-16.61393">
        <ele>544.3</ele>
      </trkpt>
      <trkpt lat="28.09527" lon="-16.61391">
        <ele>542.3</ele>
      </trkpt>
      <trkpt lat="28.09466" lon="-16.61364">
        <ele>535.4</ele>
      </trkpt>
      <trkpt lat="28.09449" lon="-16.61361">
        <ele>534.3</ele>
      </trkpt>
      <trkpt lat="28.09441" lon="-16.6136">
        <ele>533.9</ele>
      </trkpt>
      <trkpt lat="28.09426" lon="-16.61365">
        <ele>533.3</ele>
      </trkpt>
      <trkpt lat="28.09417" lon="-16.61371">
        <ele>532.9</ele>
      </trkpt>
      <trkpt lat="28.09406" lon="-16.6138">
        <ele>531.0</ele>
      </trkpt>
      <trkpt lat="28.09398" lon="-16.61391">
        <ele>529.6</ele>
      </trkpt>
      <trkpt lat="28.09391" lon="-16.614049">
        <ele>528.3</ele>
      </trkpt>
      <trkpt lat="28.09386" lon="-16.6143">
        <ele>526.9</ele>
      </trkpt>
      <trkpt lat="28.09385" lon="-16.614429">
        <ele>526.3</ele>
      </trkpt>
      <trkpt lat="28.09391" lon="-16.61498">
        <ele>525.5</ele>
      </trkpt>
      <trkpt lat="28.0939" lon="-16.61513">
        <ele>525.9</ele>
      </trkpt>
      <trkpt lat="28.09387" lon="-16.615269">
        <ele>526.2</ele>
      </trkpt>
      <trkpt lat="28.09383" lon="-16.615369">
        <ele>526.1</ele>
      </trkpt>
      <trkpt lat="28.09339" lon="-16.61588">
        <ele>522.1</ele>
      </trkpt>
      <trkpt lat="28.09296" lon="-16.61639">
        <ele>515.1</ele>
      </trkpt>
      <trkpt lat="28.09277" lon="-16.616589">
        <ele>512.1</ele>
      </trkpt>
      <trkpt lat="28.09232" lon="-16.616959">
        <ele>506.4</ele>
      </trkpt>
      <trkpt lat="28.09165" lon="-16.61737">
        <ele>497.9</ele>
      </trkpt>
      <trkpt lat="28.09098" lon="-16.61778">
        <ele>496.9</ele>
      </trkpt>
      <trkpt lat="28.0903" lon="-16.618189">
        <ele>492.9</ele>
      </trkpt>
      <trkpt lat="28.08963" lon="-16.6186">
        <ele>485.9</ele>
      </trkpt>
      <trkpt lat="28.08896" lon="-16.61901">
        <ele>480.3</ele>
      </trkpt>
      <trkpt lat="28.08882" lon="-16.61906">
        <ele>479.4</ele>
      </trkpt>
      <trkpt lat="28.08866" lon="-16.61906">
        <ele>478.1</ele>
      </trkpt>
      <trkpt lat="28.08853" lon="-16.619029">
        <ele>476.8</ele>
      </trkpt>
      <trkpt lat="28.0885" lon="-16.619019">
        <ele>476.5</ele>
      </trkpt>
      <trkpt lat="28.08838" lon="-16.618939">
        <ele>475.0</ele>
      </trkpt>
      <trkpt lat="28.08832" lon="-16.61877">
        <ele>473.5</ele>
      </trkpt>
      <trkpt lat="28.0883" lon="-16.61861">
        <ele>472.3</ele>
      </trkpt>
      <trkpt lat="28.08833" lon="-16.618459">
        <ele>471.7</ele>
      </trkpt>
      <trkpt lat="28.08849" lon="-16.61822">
        <ele>470.6</ele>
      </trkpt>
      <trkpt lat="28.08873" lon="-16.617989">
        <ele>469.8</ele>
      </trkpt>
      <trkpt lat="28.08884" lon="-16.61786">
        <ele>469.3</ele>
      </trkpt>
      <trkpt lat="28.08895" lon="-16.61767">
        <ele>468.2</ele>
      </trkpt>
      <trkpt lat="28.08905" lon="-16.61745">
        <ele>467.2</ele>
      </trkpt>
      <trkpt lat="28.08912" lon="-16.61721">
        <ele>466.9</ele>
      </trkpt>
      <trkpt lat="28.08915" lon="-16.61698">
        <ele>466.2</ele>
      </trkpt>
      <trkpt lat="28.08916" lon="-16.61667">
        <ele>464.9</ele>
      </trkpt>
      <trkpt lat="28.08913" lon="-16.61644">
        <ele>462.7</ele>
      </trkpt>
      <trkpt lat="28.08896" lon="-16.6157">
        <ele>454.9</ele>
      </trkpt>
      <trkpt lat="28.08879" lon="-16.61495">
        <ele>448.0</ele>
      </trkpt>
      <trkpt lat="28.08861" lon="-16.61421">
        <ele>444.7</ele>
      </trkpt>
      <trkpt lat="28.08858" lon="-16.614">
        <ele>443.0</ele>
      </trkpt>
      <trkpt lat="28.08858" lon="-16.61379">
        <ele>441.8</ele>
      </trkpt>
      <trkpt lat="28.08859" lon="-16.613579">
        <ele>440.7</ele>
      </trkpt>
      <trkpt lat="28.08866" lon="-16.61297">
        <ele>438.5</ele>
      </trkpt>
      <trkpt lat="28.08874" lon="-16.612359">
        <ele>436.2</ele>
      </trkpt>
      <trkpt lat="28.08875" lon="-16.61201">
        <ele>434.6</ele>
      </trkpt>
      <trkpt lat="28.0887" lon="-16.61154">
        <ele>431.8</ele>
      </trkpt>
      <trkpt lat="28.08864" lon="-16.611329">
        <ele>429.9</ele>
      </trkpt>
      <trkpt lat="28.08856" lon="-16.61112">
        <ele>427.9</ele>
      </trkpt>
      <trkpt lat="28.08848" lon="-16.61098">
        <ele>426.3</ele>
      </trkpt>
      <trkpt lat="28.08835" lon="-16.61085">
        <ele>424.3</ele>
      </trkpt>
      <trkpt lat="28.08762" lon="-16.61025">
        <ele>416.4</ele>
      </trkpt>
      <trkpt lat="28.08753" lon="-16.61013">
        <ele>415.4</ele>
      </trkpt>
      <trkpt lat="28.08748" lon="-16.610009">
        <ele>414.7</ele>
      </trkpt>
      <trkpt lat="28.08743" lon="-16.6098">
        <ele>413.9</ele>
      </trkpt>
      <trkpt lat="28.08741" lon="-16.609549">
        <ele>413.7</ele>
      </trkpt>
      <trkpt lat="28.08742" lon="-16.60939">
        <ele>413.8</ele>
      </trkpt>
      <trkpt lat="28.08746" lon="-16.609269">
        <ele>414.4</ele>
      </trkpt>
      <trkpt lat="28.08752" lon="-16.609169">
        <ele>415.3</ele>
      </trkpt>
      <trkpt lat="28.08777" lon="-16.60888">
        <ele>415.9</ele>
      </trkpt>
      <trkpt lat="28.08793" lon="-16.60872">
        <ele>416.7</ele>
      </trkpt>
      <trkpt lat="28.08806" lon="-16.6085">
        <ele>416.5</ele>
      </trkpt>
      <trkpt lat="28.08808" lon="-16.6084">
        <ele>415.9</ele>
      </trkpt>
      <trkpt lat="28.08808" lon="-16.6083">
        <ele>415.2</ele>
      </trkpt>
      <trkpt lat="28.08803" lon="-16.60813">
        <ele>413.8</ele>
      </trkpt>
      <trkpt lat="28.08797" lon="-16.608049">
        <ele>412.7</ele>
      </trkpt>
      <trkpt lat="28.08789" lon="-16.608">
        <ele>411.4</ele>
      </trkpt>
      <trkpt lat="28.08774" lon="-16.60797">
        <ele>409.3</ele>
      </trkpt>
      <trkpt lat="28.08773" lon="-16.60794">
        <ele>409.1</ele>
      </trkpt>
      <trkpt lat="28.08769" lon="-16.607949">
        <ele>408.6</ele>
      </trkpt>
      <trkpt lat="28.08762" lon="-16.60797">
        <ele>407.7</ele>
      </trkpt>
      <trkpt lat="28.08752" lon="-16.60802">
        <ele>406.5</ele>
      </trkpt>
      <trkpt lat="28.08739" lon="-16.60809">
        <ele>404.8</ele>
      </trkpt>
      <trkpt lat="28.08732" lon="-16.60813">
        <ele>403.8</ele>
      </trkpt>
      <trkpt lat="28.08723" lon="-16.60821">
        <ele>402.7</ele>
      </trkpt>
      <trkpt lat="28.08706" lon="-16.60838">
        <ele>401.1</ele>
      </trkpt>
      <trkpt lat="28.08703" lon="-16.608419">
        <ele>401.1</ele>
      </trkpt>
      <trkpt lat="28.08684" lon="-16.608609">
        <ele>400.2</ele>
      </trkpt>
      <trkpt lat="28.08682" lon="-16.608619">
        <ele>400.0</ele>
      </trkpt>
      <trkpt lat="28.08669" lon="-16.60876">
        <ele>399.4</ele>
      </trkpt>
      <trkpt lat="28.08656" lon="-16.60888">
        <ele>398.1</ele>
      </trkpt>
      <trkpt lat="28.08655" lon="-16.608889">
        <ele>398.0</ele>
      </trkpt>
      <trkpt lat="28.0865" lon="-16.60894">
        <ele>397.4</ele>
      </trkpt>
      <trkpt lat="28.08648" lon="-16.60896">
        <ele>397.2</ele>
      </trkpt>
      <trkpt lat="28.08635" lon="-16.609079">
        <ele>395.5</ele>
      </trkpt>
      <trkpt lat="28.08621" lon="-16.60922">
        <ele>393.2</ele>
      </trkpt>
      <trkpt lat="28.08607" lon="-16.60935">
        <ele>390.5</ele>
      </trkpt>
      <trkpt lat="28.08599" lon="-16.60944">
        <ele>389.1</ele>
      </trkpt>
      <trkpt lat="28.08593" lon="-16.60949">
        <ele>388.1</ele>
      </trkpt>
      <trkpt lat="28.08588" lon="-16.60953">
        <ele>387.2</ele>
      </trkpt>
      <trkpt lat="28.08583" lon="-16.60958">
        <ele>386.5</ele>
      </trkpt>
      <trkpt lat="28.0858" lon="-16.6096">
        <ele>386.2</ele>
      </trkpt>
      <trkpt lat="28.0856" lon="-16.60978">
        <ele>384.6</ele>
      </trkpt>
      <trkpt lat="28.08552" lon="-16.609829">
        <ele>383.8</ele>
      </trkpt>
      <trkpt lat="28.08543" lon="-16.60988">
        <ele>382.9</ele>
      </trkpt>
      <trkpt lat="28.08534" lon="-16.609919">
        <ele>381.9</ele>
      </trkpt>
      <trkpt lat="28.08529" lon="-16.60995">
        <ele>381.4</ele>
      </trkpt>
      <trkpt lat="28.08512" lon="-16.610009">
        <ele>379.5</ele>
      </trkpt>
      <trkpt lat="28.08503" lon="-16.61004">
        <ele>378.6</ele>
      </trkpt>
      <trkpt lat="28.08486" lon="-16.61009">
        <ele>377.6</ele>
      </trkpt>
      <trkpt lat="28.08456" lon="-16.61017">
        <ele>376.1</ele>
      </trkpt>
      <trkpt lat="28.08435" lon="-16.61022">
        <ele>375.0</ele>
      </trkpt>
      <trkpt lat="28.08432" lon="-16.61022">
        <ele>374.8</ele>
      </trkpt>
      <trkpt lat="28.08412" lon="-16.61024">
        <ele>373.3</ele>
      </trkpt>
      <trkpt lat="28.0841" lon="-16.61024">
        <ele>373.1</ele>
      </trkpt>
      <trkpt lat="28.08394" lon="-16.61026">
        <ele>371.4</ele>
      </trkpt>
      <trkpt lat="28.08386" lon="-16.61026">
        <ele>370.5</ele>
      </trkpt>
      <trkpt lat="28.08359" lon="-16.610299">
        <ele>367.6</ele>
      </trkpt>
      <trkpt lat="28.0835" lon="-16.610309">
        <ele>366.6</ele>
      </trkpt>
      <trkpt lat="28.08336" lon="-16.61035">
        <ele>365.1</ele>
      </trkpt>
      <trkpt lat="28.08324" lon="-16.61038">
        <ele>363.8</ele>
      </trkpt>
      <trkpt lat="28.08319" lon="-16.610389">
        <ele>363.1</ele>
      </trkpt>
      <trkpt lat="28.08309" lon="-16.61044">
        <ele>362.0</ele>
      </trkpt>
      <trkpt lat="28.08301" lon="-16.61047">
        <ele>361.0</ele>
      </trkpt>
      <trkpt lat="28.08288" lon="-16.61054">
        <ele>359.3</ele>
      </trkpt>
      <trkpt lat="28.08274" lon="-16.61063">
        <ele>357.5</ele>
      </trkpt>
      <trkpt lat="28.08257" lon="-16.610769">
        <ele>355.1</ele>
      </trkpt>
      <trkpt lat="28.08245" lon="-16.610869">
        <ele>353.8</ele>
      </trkpt>
      <trkpt lat="28.08242" lon="-16.61091">
        <ele>353.9</ele>
      </trkpt>
      <trkpt lat="28.08237" lon="-16.610969">
        <ele>353.9</ele>
      </trkpt>
      <trkpt lat="28.08234" lon="-16.611">
        <ele>353.8</ele>
      </trkpt>
      <trkpt lat="28.08229" lon="-16.611059">
        <ele>353.6</ele>
      </trkpt>
      <trkpt lat="28.08224" lon="-16.611139">
        <ele>353.6</ele>
      </trkpt>
      <trkpt lat="28.08222" lon="-16.61117">
        <ele>353.5</ele>
      </trkpt>
      <trkpt lat="28.08221" lon="-16.61118">
        <ele>353.5</ele>
      </trkpt>
      <trkpt lat="28.08219" lon="-16.61122">
        <ele>353.4</ele>
      </trkpt>
      <trkpt lat="28.08216" lon="-16.61126">
        <ele>353.3</ele>
      </trkpt>
      <trkpt lat="28.08214" lon="-16.61129">
        <ele>353.2</ele>
      </trkpt>
      <trkpt lat="28.08211" lon="-16.611339">
        <ele>353.0</ele>
      </trkpt>
      <trkpt lat="28.08209" lon="-16.61137">
        <ele>352.8</ele>
      </trkpt>
      <trkpt lat="28.08202" lon="-16.61151">
        <ele>352.4</ele>
      </trkpt>
      <trkpt lat="28.08202" lon="-16.611519">
        <ele>352.4</ele>
      </trkpt>
      <trkpt lat="28.08196" lon="-16.61164">
        <ele>351.9</ele>
      </trkpt>
      <trkpt lat="28.08193" lon="-16.611699">
        <ele>351.4</ele>
      </trkpt>
      <trkpt lat="28.08192" lon="-16.611719">
        <ele>351.2</ele>
      </trkpt>
      <trkpt lat="28.08188" lon="-16.61179">
        <ele>350.3</ele>
      </trkpt>
      <trkpt lat="28.08183" lon="-16.611889">
        <ele>349.3</ele>
      </trkpt>
      <trkpt lat="28.08182" lon="-16.61193">
        <ele>349.1</ele>
      </trkpt>
      <trkpt lat="28.08175" lon="-16.61207">
        <ele>347.7</ele>
      </trkpt>
      <trkpt lat="28.08172" lon="-16.61212">
        <ele>347.1</ele>
      </trkpt>
      <trkpt lat="28.08163" lon="-16.61233">
        <ele>345.6</ele>
      </trkpt>
      <trkpt lat="28.08152" lon="-16.61254">
        <ele>344.3</ele>
      </trkpt>
      <trkpt lat="28.08146" lon="-16.61266">
        <ele>343.4</ele>
      </trkpt>
      <trkpt lat="28.08142" lon="-16.61273">
        <ele>342.8</ele>
      </trkpt>
      <trkpt lat="28.08135" lon="-16.61282">
        <ele>341.8</ele>
      </trkpt>
      <trkpt lat="28.0813" lon="-16.61287">
        <ele>341.2</ele>
      </trkpt>
      <trkpt lat="28.08128" lon="-16.6129">
        <ele>340.9</ele>
      </trkpt>
      <trkpt lat="28.08126" lon="-16.612919">
        <ele>340.6</ele>
      </trkpt>
      <trkpt lat="28.08123" lon="-16.61295">
        <ele>340.2</ele>
      </trkpt>
      <trkpt lat="28.08116" lon="-16.613">
        <ele>339.3</ele>
      </trkpt>
      <trkpt lat="28.08114" lon="-16.613019">
        <ele>339.1</ele>
      </trkpt>
      <trkpt lat="28.08108" lon="-16.61306">
        <ele>338.3</ele>
      </trkpt>
      <trkpt lat="28.08102" lon="-16.6131">
        <ele>337.6</ele>
      </trkpt>
      <trkpt lat="28.08095" lon="-16.61314">
        <ele>336.7</ele>
      </trkpt>
      <trkpt lat="28.0809" lon="-16.61316">
        <ele>336.1</ele>
      </trkpt>
      <trkpt lat="28.08081" lon="-16.61319">
        <ele>335.2</ele>
      </trkpt>
      <trkpt lat="28.08073" lon="-16.6132">
        <ele>334.7</ele>
      </trkpt>
      <trkpt lat="28.08065" lon="-16.613209">
        <ele>334.1</ele>
      </trkpt>
      <trkpt lat="28.08058" lon="-16.613209">
        <ele>333.7</ele>
      </trkpt>
      <trkpt lat="28.08051" lon="-16.613209">
        <ele>333.2</ele>
      </trkpt>
      <trkpt lat="28.0804" lon="-16.61319">
        <ele>332.6</ele>
      </trkpt>
      <trkpt lat="28.0803" lon="-16.61316">
        <ele>332.0</ele>
      </trkpt>
      <trkpt lat="28.07997" lon="-16.61305">
        <ele>329.7</ele>
      </trkpt>
      <trkpt lat="28.07991" lon="-16.613029">
        <ele>329.2</ele>
      </trkpt>
      <trkpt lat="28.07987" lon="-16.61301">
        <ele>328.8</ele>
      </trkpt>
      <trkpt lat="28.07975" lon="-16.61297">
        <ele>327.7</ele>
      </trkpt>
      <trkpt lat="28.07965" lon="-16.61296">
        <ele>326.8</ele>
      </trkpt>
      <trkpt lat="28.07955" lon="-16.61295">
        <ele>325.9</ele>
      </trkpt>
      <trkpt lat="28.07949" lon="-16.61296">
        <ele>325.4</ele>
      </trkpt>
      <trkpt lat="28.07946" lon="-16.61296">
        <ele>325.1</ele>
      </trkpt>
      <trkpt lat="28.07936" lon="-16.61297">
        <ele>324.2</ele>
      </trkpt>
      <trkpt lat="28.07933" lon="-16.61298">
        <ele>323.9</ele>
      </trkpt>
      <trkpt lat="28.07924" lon="-16.61301">
        <ele>323.1</ele>
      </trkpt>
      <trkpt lat="28.07914" lon="-16.61306">
        <ele>322.3</ele>
      </trkpt>
      <trkpt lat="28.07896" lon="-16.61317">
        <ele>321.9</ele>
      </trkpt>
      <trkpt lat="28.07892" lon="-16.613209">
        <ele>321.8</ele>
      </trkpt>
      <trkpt lat="28.0788" lon="-16.613309">
        <ele>321.6</ele>
      </trkpt>
      <trkpt lat="28.07873" lon="-16.61338">
        <ele>321.6</ele>
      </trkpt>
      <trkpt lat="28.07861" lon="-16.61348">
        <ele>321.6</ele>
      </trkpt>
      <trkpt lat="28.07853" lon="-16.61355">
        <ele>321.5</ele>
      </trkpt>
      <trkpt lat="28.07828" lon="-16.61376">
        <ele>320.7</ele>
      </trkpt>
      <trkpt lat="28.07807" lon="-16.61395">
        <ele>319.5</ele>
      </trkpt>
      <trkpt lat="28.07804" lon="-16.61398">
        <ele>319.3</ele>
      </trkpt>
      <trkpt lat="28.07794" lon="-16.614059">
        <ele>318.7</ele>
      </trkpt>
      <trkpt lat="28.07779" lon="-16.61418">
        <ele>317.7</ele>
      </trkpt>
      <trkpt lat="28.0776" lon="-16.61435">
        <ele>315.8</ele>
      </trkpt>
      <trkpt lat="28.07754" lon="-16.6144">
        <ele>315.0</ele>
      </trkpt>
      <trkpt lat="28.07747" lon="-16.61445">
        <ele>314.2</ele>
      </trkpt>
      <trkpt lat="28.07743" lon="-16.61447">
        <ele>313.9</ele>
      </trkpt>
      <trkpt lat="28.07733" lon="-16.614529">
        <ele>313.1</ele>
      </trkpt>
      <trkpt lat="28.07723" lon="-16.61458">
        <ele>312.4</ele>
      </trkpt>
      <trkpt lat="28.07714" lon="-16.614609">
        <ele>311.8</ele>
      </trkpt>
      <trkpt lat="28.07698" lon="-16.61467">
        <ele>310.6</ele>
      </trkpt>
      <trkpt lat="28.07689" lon="-16.6147">
        <ele>309.9</ele>
      </trkpt>
      <trkpt lat="28.07678" lon="-16.61473">
        <ele>309.1</ele>
      </trkpt>
      <trkpt lat="28.07662" lon="-16.61478">
        <ele>308.2</ele>
      </trkpt>
      <trkpt lat="28.0765" lon="-16.61482">
        <ele>307.9</ele>
      </trkpt>
      <trkpt lat="28.07643" lon="-16.61486">
        <ele>307.7</ele>
      </trkpt>
      <trkpt lat="28.07636" lon="-16.614909">
        <ele>307.4</ele>
      </trkpt>
      <trkpt lat="28.07627" lon="-16.61496">
        <ele>307.2</ele>
      </trkpt>
      <trkpt lat="28.07619" lon="-16.61503">
        <ele>306.8</ele>
      </trkpt>
      <trkpt lat="28.07618" lon="-16.61504">
        <ele>306.8</ele>
      </trkpt>
      <trkpt lat="28.07612" lon="-16.6151">
        <ele>306.2</ele>
      </trkpt>
      <trkpt lat="28.07604" lon="-16.6152">
        <ele>305.2</ele>
      </trkpt>
      <trkpt lat="28.07571" lon="-16.61563">
        <ele>299.2</ele>
      </trkpt>
      <trkpt lat="28.07566" lon="-16.61571">
        <ele>298.1</ele>
      </trkpt>
      <trkpt lat="28.07535" lon="-16.616119">
        <ele>293.6</ele>
      </trkpt>
      <trkpt lat="28.07532" lon="-16.61616">
        <ele>293.1</ele>
      </trkpt>
      <trkpt lat="28.07517" lon="-16.61638">
        <ele>290.3</ele>
      </trkpt>
      <trkpt lat="28.07512" lon="-16.61643">
        <ele>289.5</ele>
      </trkpt>
      <trkpt lat="28.0748" lon="-16.616869">
        <ele>288.5</ele>
      </trkpt>
      <trkpt lat="28.0747" lon="-16.61699">
        <ele>289.1</ele>
      </trkpt>
      <trkpt lat="28.07463" lon="-16.617069">
        <ele>289.2</ele>
      </trkpt>
      <trkpt lat="28.07458" lon="-16.61711">
        <ele>289.2</ele>
      </trkpt>
      <trkpt lat="28.07448" lon="-16.61722">
        <ele>288.7</ele>
      </trkpt>
      <trkpt lat="28.07443" lon="-16.61726">
        <ele>288.4</ele>
      </trkpt>
      <trkpt lat="28.07438" lon="-16.6173">
        <ele>288.0</ele>
      </trkpt>
      <trkpt lat="28.07432" lon="-16.617329">
        <ele>287.6</ele>
      </trkpt>
      <trkpt lat="28.07428" lon="-16.617349">
        <ele>287.3</ele>
      </trkpt>
      <trkpt lat="28.07424" lon="-16.61737">
        <ele>286.9</ele>
      </trkpt>
      <trkpt lat="28.0742" lon="-16.61738">
        <ele>286.6</ele>
      </trkpt>
      <trkpt lat="28.07388" lon="-16.61746">
        <ele>286.2</ele>
      </trkpt>
      <trkpt lat="28.07374" lon="-16.61749">
        <ele>286.1</ele>
      </trkpt>
      <trkpt lat="28.07365" lon="-16.61751">
        <ele>286.2</ele>
      </trkpt>
      <trkpt lat="28.07348" lon="-16.61755">
        <ele>286.4</ele>
      </trkpt>
      <trkpt lat="28.0734" lon="-16.61758">
        <ele>286.3</ele>
      </trkpt>
      <trkpt lat="28.07333" lon="-16.61761">
        <ele>286.2</ele>
      </trkpt>
      <trkpt lat="28.07325" lon="-16.61764">
        <ele>286.1</ele>
      </trkpt>
      <trkpt lat="28.07317" lon="-16.61769">
        <ele>285.8</ele>
      </trkpt>
      <trkpt lat="28.07309" lon="-16.61775">
        <ele>285.4</ele>
      </trkpt>
      <trkpt lat="28.07302" lon="-16.617819">
        <ele>284.9</ele>
      </trkpt>
      <trkpt lat="28.07295" lon="-16.617899">
        <ele>284.2</ele>
      </trkpt>
      <trkpt lat="28.07292" lon="-16.61793">
        <ele>283.9</ele>
      </trkpt>
      <trkpt lat="28.07287" lon="-16.61801">
        <ele>283.1</ele>
      </trkpt>
      <trkpt lat="28.07274" lon="-16.61823">
        <ele>280.7</ele>
      </trkpt>
      <trkpt lat="28.07241" lon="-16.61881">
        <ele>275.9</ele>
      </trkpt>
      <trkpt lat="28.0723" lon="-16.61898">
        <ele>274.6</ele>
      </trkpt>
      <trkpt lat="28.07222" lon="-16.6191">
        <ele>273.7</ele>
      </trkpt>
      <trkpt lat="28.07218" lon="-16.61916">
        <ele>273.3</ele>
      </trkpt>
      <trkpt lat="28.07211" lon="-16.61924">
        <ele>272.2</ele>
      </trkpt>
      <trkpt lat="28.07203" lon="-16.619319">
        <ele>271.2</ele>
      </trkpt>
      <trkpt lat="28.07193" lon="-16.61942">
        <ele>269.9</ele>
      </trkpt>
      <trkpt lat="28.07158" lon="-16.61971">
        <ele>266.7</ele>
      </trkpt>
      <trkpt lat="28.07143" lon="-16.61983">
        <ele>265.6</ele>
      </trkpt>
      <trkpt lat="28.07128" lon="-16.61995">
        <ele>264.8</ele>
      </trkpt>
      <trkpt lat="28.0712" lon="-16.62001">
        <ele>264.4</ele>
      </trkpt>
      <trkpt lat="28.07114" lon="-16.62008">
        <ele>263.7</ele>
      </trkpt>
      <trkpt lat="28.0711" lon="-16.62012">
        <ele>263.4</ele>
      </trkpt>
      <trkpt lat="28.07105" lon="-16.62017">
        <ele>263.0</ele>
      </trkpt>
      <trkpt lat="28.07103" lon="-16.62019">
        <ele>262.9</ele>
      </trkpt>
      <trkpt lat="28.071" lon="-16.62023">
        <ele>262.6</ele>
      </trkpt>
      <trkpt lat="28.07097" lon="-16.62028">
        <ele>262.3</ele>
      </trkpt>
      <trkpt lat="28.07095" lon="-16.62031">
        <ele>262.2</ele>
      </trkpt>
      <trkpt lat="28.07094" lon="-16.62033">
        <ele>262.0</ele>
      </trkpt>
      <trkpt lat="28.07085" lon="-16.62051">
        <ele>261.2</ele>
      </trkpt>
      <trkpt lat="28.07083" lon="-16.620529">
        <ele>261.2</ele>
      </trkpt>
      <trkpt lat="28.07082" lon="-16.62057">
        <ele>261.0</ele>
      </trkpt>
      <trkpt lat="28.07077" lon="-16.62066">
        <ele>260.9</ele>
      </trkpt>
      <trkpt lat="28.07073" lon="-16.62074">
        <ele>261.0</ele>
      </trkpt>
      <trkpt lat="28.07053" lon="-16.62113">
        <ele>259.8</ele>
      </trkpt>
      <trkpt lat="28.07044" lon="-16.62131">
        <ele>258.9</ele>
      </trkpt>
      <trkpt lat="28.07035" lon="-16.62145">
        <ele>258.6</ele>
      </trkpt>
      <trkpt lat="28.07027" lon="-16.62158">
        <ele>258.2</ele>
      </trkpt>
      <trkpt lat="28.0702" lon="-16.62168">
        <ele>257.9</ele>
      </trkpt>
      <trkpt lat="28.07009" lon="-16.6218">
        <ele>257.1</ele>
      </trkpt>
      <trkpt lat="28.06999" lon="-16.62189">
        <ele>256.4</ele>
      </trkpt>
      <trkpt lat="28.06998" lon="-16.6219">
        <ele>256.2</ele>
      </trkpt>
      <trkpt lat="28.06991" lon="-16.62196">
        <ele>254.8</ele>
      </trkpt>
      <trkpt lat="28.0699" lon="-16.62197">
        <ele>254.5</ele>
      </trkpt>
      <trkpt lat="28.06988" lon="-16.62198">
        <ele>254.3</ele>
      </trkpt>
      <trkpt lat="28.06975" lon="-16.62208">
        <ele>252.3</ele>
      </trkpt>
      <trkpt lat="28.0697" lon="-16.622119">
        <ele>251.6</ele>
      </trkpt>
      <trkpt lat="28.06968" lon="-16.622129">
        <ele>251.4</ele>
      </trkpt>
      <trkpt lat="28.06959" lon="-16.62218">
        <ele>250.6</ele>
      </trkpt>
      <trkpt lat="28.06943" lon="-16.62227">
        <ele>249.5</ele>
      </trkpt>
      <trkpt lat="28.06942" lon="-16.62228">
        <ele>249.4</ele>
      </trkpt>
      <trkpt lat="28.0693" lon="-16.62233">
        <ele>249.1</ele>
      </trkpt>
      <trkpt lat="28.06918" lon="-16.62236">
        <ele>249.1</ele>
      </trkpt>
      <trkpt lat="28.0691" lon="-16.62239">
        <ele>248.5</ele>
      </trkpt>
      <trkpt lat="28.06896" lon="-16.622409">
        <ele>247.6</ele>
      </trkpt>
      <trkpt lat="28.06891" lon="-16.62242">
        <ele>247.2</ele>
      </trkpt>
      <trkpt lat="28.06886" lon="-16.62242">
        <ele>246.9</ele>
      </trkpt>
      <trkpt lat="28.06867" lon="-16.62243">
        <ele>245.8</ele>
      </trkpt>
      <trkpt lat="28.06856" lon="-16.62243">
        <ele>245.2</ele>
      </trkpt>
      <trkpt lat="28.06833" lon="-16.62242">
        <ele>243.9</ele>
      </trkpt>
      <trkpt lat="28.06827" lon="-16.622409">
        <ele>243.9</ele>
      </trkpt>
      <trkpt lat="28.06793" lon="-16.62238">
        <ele>244.1</ele>
      </trkpt>
      <trkpt lat="28.06791" lon="-16.62238">
        <ele>244.1</ele>
      </trkpt>
      <trkpt lat="28.06775" lon="-16.62237">
        <ele>244.3</ele>
      </trkpt>
      <trkpt lat="28.06756" lon="-16.62237">
        <ele>244.4</ele>
      </trkpt>
      <trkpt lat="28.06753" lon="-16.62237">
        <ele>244.4</ele>
      </trkpt>
      <trkpt lat="28.06747" lon="-16.62237">
        <ele>244.5</ele>
      </trkpt>
      <trkpt lat="28.06739" lon="-16.62238">
        <ele>244.7</ele>
      </trkpt>
      <trkpt lat="28.06735" lon="-16.62239">
        <ele>244.8</ele>
      </trkpt>
      <trkpt lat="28.06731" lon="-16.62239">
        <ele>244.9</ele>
      </trkpt>
      <trkpt lat="28.06717" lon="-16.622409">
        <ele>245.1</ele>
      </trkpt>
      <trkpt lat="28.06711" lon="-16.62246">
        <ele>244.8</ele>
      </trkpt>
      <trkpt lat="28.06694" lon="-16.62255">
        <ele>244.4</ele>
      </trkpt>
      <trkpt lat="28.06693" lon="-16.62257">
        <ele>244.3</ele>
      </trkpt>
      <trkpt lat="28.06693" lon="-16.62258">
        <ele>244.2</ele>
      </trkpt>
      <trkpt lat="28.06693" lon="-16.622589">
        <ele>244.2</ele>
      </trkpt>
      <trkpt lat="28.06692" lon="-16.622599">
        <ele>244.1</ele>
      </trkpt>
      <trkpt lat="28.06692" lon="-16.62261">
        <ele>244.1</ele>
      </trkpt>
      <trkpt lat="28.06692" lon="-16.62262">
        <ele>244.0</ele>
      </trkpt>
      <trkpt lat="28.06691" lon="-16.62263">
        <ele>244.0</ele>
      </trkpt>
      <trkpt lat="28.0669" lon="-16.62264">
        <ele>244.0</ele>
      </trkpt>
      <trkpt lat="28.0669" lon="-16.62265">
        <ele>243.9</ele>
      </trkpt>
      <trkpt lat="28.06689" lon="-16.62266">
        <ele>243.9</ele>
      </trkpt>
      <trkpt lat="28.06688" lon="-16.62267">
        <ele>243.8</ele>
      </trkpt>
      <trkpt lat="28.06687" lon="-16.62267">
        <ele>243.8</ele>
      </trkpt>
      <trkpt lat="28.06686" lon="-16.622679">
        <ele>243.8</ele>
      </trkpt>
      <trkpt lat="28.06686" lon="-16.622689">
        <ele>243.8</ele>
      </trkpt>
      <trkpt lat="28.06685" lon="-16.622689">
        <ele>243.8</ele>
      </trkpt>
      <trkpt lat="28.06684" lon="-16.622689">
        <ele>243.8</ele>
      </trkpt>
      <trkpt lat="28.06683" lon="-16.622699">
        <ele>243.8</ele>
      </trkpt>
      <trkpt lat="28.06682" lon="-16.622699">
        <ele>243.8</ele>
      </trkpt>
      <trkpt lat="28.06681" lon="-16.622699">
        <ele>243.8</ele>
      </trkpt>
      <trkpt lat="28.0668" lon="-16.622699">
        <ele>243.8</ele>
      </trkpt>
      <trkpt lat="28.06679" lon="-16.622699">
        <ele>243.8</ele>
      </trkpt>
      <trkpt lat="28.06678" lon="-16.622699">
        <ele>243.8</ele>
      </trkpt>
      <trkpt lat="28.06677" lon="-16.622699">
        <ele>243.9</ele>
      </trkpt>
      <trkpt lat="28.06676" lon="-16.622699">
        <ele>243.9</ele>
      </trkpt>
      <trkpt lat="28.06675" lon="-16.622699">
        <ele>243.9</ele>
      </trkpt>
      <trkpt lat="28.06674" lon="-16.622699">
        <ele>243.9</ele>
      </trkpt>
      <trkpt lat="28.06673" lon="-16.622689">
        <ele>244.0</ele>
      </trkpt>
      <trkpt lat="28.06672" lon="-16.622689">
        <ele>244.0</ele>
      </trkpt>
      <trkpt lat="28.06672" lon="-16.622679">
        <ele>244.0</ele>
      </trkpt>
      <trkpt lat="28.06671" lon="-16.622679">
        <ele>244.1</ele>
      </trkpt>
      <trkpt lat="28.0667" lon="-16.622679">
        <ele>244.1</ele>
      </trkpt>
      <trkpt lat="28.0667" lon="-16.62267">
        <ele>244.1</ele>
      </trkpt>
      <trkpt lat="28.06669" lon="-16.62267">
        <ele>244.1</ele>
      </trkpt>
      <trkpt lat="28.06668" lon="-16.62266">
        <ele>244.2</ele>
      </trkpt>
      <trkpt lat="28.06668" lon="-16.62265">
        <ele>244.3</ele>
      </trkpt>
      <trkpt lat="28.06637" lon="-16.62274">
        <ele>243.9</ele>
      </trkpt>
      <trkpt lat="28.06626" lon="-16.62277">
        <ele>243.7</ele>
      </trkpt>
      <trkpt lat="28.06615" lon="-16.62281">
        <ele>243.4</ele>
      </trkpt>
      <trkpt lat="28.06605" lon="-16.62285">
        <ele>242.9</ele>
      </trkpt>
      <trkpt lat="28.06597" lon="-16.622879">
        <ele>242.6</ele>
      </trkpt>
      <trkpt lat="28.06589" lon="-16.62292">
        <ele>242.0</ele>
      </trkpt>
      <trkpt lat="28.06565" lon="-16.62302">
        <ele>241.2</ele>
      </trkpt>
      <trkpt lat="28.06542" lon="-16.6231">
        <ele>240.5</ele>
      </trkpt>
      <trkpt lat="28.06523" lon="-16.623159">
        <ele>239.8</ele>
      </trkpt>
      <trkpt lat="28.06519" lon="-16.623169">
        <ele>239.7</ele>
      </trkpt>
      <trkpt lat="28.06501" lon="-16.62322">
        <ele>239.0</ele>
      </trkpt>
      <trkpt lat="28.06488" lon="-16.62324">
        <ele>238.1</ele>
      </trkpt>
      <trkpt lat="28.06484" lon="-16.623259">
        <ele>237.5</ele>
      </trkpt>
      <trkpt lat="28.06458" lon="-16.62328">
        <ele>235.8</ele>
      </trkpt>
      <trkpt lat="28.06445" lon="-16.62328">
        <ele>235.1</ele>
      </trkpt>
      <trkpt lat="28.06431" lon="-16.62328">
        <ele>234.4</ele>
      </trkpt>
      <trkpt lat="28.06413" lon="-16.623249">
        <ele>234.2</ele>
      </trkpt>
      <trkpt lat="28.06395" lon="-16.62323">
        <ele>233.4</ele>
      </trkpt>
      <trkpt lat="28.0638" lon="-16.6232">
        <ele>233.0</ele>
      </trkpt>
      <trkpt lat="28.06372" lon="-16.62318">
        <ele>232.9</ele>
      </trkpt>
      <trkpt lat="28.06347" lon="-16.62308">
        <ele>233.3</ele>
      </trkpt>
      <trkpt lat="28.06333" lon="-16.62303">
        <ele>233.2</ele>
      </trkpt>
      <trkpt lat="28.0629" lon="-16.62281">
        <ele>231.5</ele>
      </trkpt>
      <trkpt lat="28.06222" lon="-16.62234">
        <ele>227.5</ele>
      </trkpt>
      <trkpt lat="28.06154" lon="-16.62187">
        <ele>223.9</ele>
      </trkpt>
      <trkpt lat="28.06086" lon="-16.62141">
        <ele>223.8</ele>
      </trkpt>
      <trkpt lat="28.06073" lon="-16.6213">
        <ele>223.7</ele>
      </trkpt>
      <trkpt lat="28.06063" lon="-16.621179">
        <ele>223.0</ele>
      </trkpt>
      <trkpt lat="28.06049" lon="-16.62097">
        <ele>220.7</ele>
      </trkpt>
      <trkpt lat="28.06036" lon="-16.62074">
        <ele>217.4</ele>
      </trkpt>
      <trkpt lat="28.06029" lon="-16.620539">
        <ele>215.8</ele>
      </trkpt>
      <trkpt lat="28.06024" lon="-16.620349">
        <ele>214.5</ele>
      </trkpt>
      <trkpt lat="28.06025" lon="-16.620159">
        <ele>214.2</ele>
      </trkpt>
      <trkpt lat="28.06027" lon="-16.61998">
        <ele>214.0</ele>
      </trkpt>
      <trkpt lat="28.0604" lon="-16.619509">
        <ele>210.8</ele>
      </trkpt>
      <trkpt lat="28.06063" lon="-16.61887">
        <ele>206.3</ele>
      </trkpt>
      <trkpt lat="28.06086" lon="-16.61822">
        <ele>200.7</ele>
      </trkpt>
      <trkpt lat="28.06094" lon="-16.61797">
        <ele>200.4</ele>
      </trkpt>
      <trkpt lat="28.06098" lon="-16.61767">
        <ele>199.9</ele>
      </trkpt>
      <trkpt lat="28.06099" lon="-16.61739">
        <ele>199.3</ele>
      </trkpt>
      <trkpt lat="28.06095" lon="-16.617059">
        <ele>198.1</ele>
      </trkpt>
      <trkpt lat="28.06086" lon="-16.61656">
        <ele>194.9</ele>
      </trkpt>
      <trkpt lat="28.06077" lon="-16.61605">
        <ele>190.7</ele>
      </trkpt>
      <trkpt lat="28.06064" lon="-16.61545">
        <ele>186.2</ele>
      </trkpt>
      <trkpt lat="28.0605" lon="-16.61486">
        <ele>181.4</ele>
      </trkpt>
      <trkpt lat="28.06041" lon="-16.61458">
        <ele>178.7</ele>
      </trkpt>
      <trkpt lat="28.06023" lon="-16.61426">
        <ele>175.2</ele>
      </trkpt>
      <trkpt lat="28.06003" lon="-16.61402">
        <ele>173.0</ele>
      </trkpt>
      <trkpt lat="28.05984" lon="-16.61384">
        <ele>172.0</ele>
      </trkpt>
      <trkpt lat="28.05965" lon="-16.6137">
        <ele>171.2</ele>
      </trkpt>
      <trkpt lat="28.05938" lon="-16.61356">
        <ele>170.4</ele>
      </trkpt>
      <trkpt lat="28.05887" lon="-16.61335">
        <ele>168.2</ele>
      </trkpt>
      <trkpt lat="28.05835" lon="-16.61314">
        <ele>164.8</ele>
      </trkpt>
      <trkpt lat="28.05826" lon="-16.61313">
        <ele>164.4</ele>
      </trkpt>
      <trkpt lat="28.05815" lon="-16.61309">
        <ele>163.8</ele>
      </trkpt>
      <trkpt lat="28.05784" lon="-16.613019">
        <ele>162.3</ele>
      </trkpt>
      <trkpt lat="28.0575" lon="-16.61297">
        <ele>160.6</ele>
      </trkpt>
      <trkpt lat="28.0574" lon="-16.61298">
        <ele>160.0</ele>
      </trkpt>
      <trkpt lat="28.05725" lon="-16.613029">
        <ele>159.2</ele>
      </trkpt>
      <trkpt lat="28.05716" lon="-16.61308">
        <ele>158.8</ele>
      </trkpt>
      <trkpt lat="28.05697" lon="-16.61306">
        <ele>157.7</ele>
      </trkpt>
      <trkpt lat="28.0568" lon="-16.61298">
        <ele>156.7</ele>
      </trkpt>
      <trkpt lat="28.05672" lon="-16.6129">
        <ele>156.3</ele>
      </trkpt>
      <trkpt lat="28.05668" lon="-16.61281">
        <ele>156.1</ele>
      </trkpt>
      <trkpt lat="28.0565" lon="-16.6126">
        <ele>155.1</ele>
      </trkpt>
      <trkpt lat="28.05632" lon="-16.612469">
        <ele>153.8</ele>
      </trkpt>
      <trkpt lat="28.05586" lon="-16.612279">
        <ele>150.4</ele>
      </trkpt>
      <trkpt lat="28.05541" lon="-16.612089">
        <ele>148.8</ele>
      </trkpt>
      <trkpt lat="28.05518" lon="-16.611999">
        <ele>148.1</ele>
      </trkpt>
      <trkpt lat="28.05499" lon="-16.61195">
        <ele>147.6</ele>
      </trkpt>
      <trkpt lat="28.05459" lon="-16.611889">
        <ele>146.4</ele>
      </trkpt>
      <trkpt lat="28.05387" lon="-16.61187">
        <ele>143.5</ele>
      </trkpt>
      <trkpt lat="28.05314" lon="-16.61185">
        <ele>140.2</ele>
      </trkpt>
      <trkpt lat="28.052915" lon="-16.611882">
        <ele>140.0</ele>
      </trkpt>
      <trkpt lat="28.05259" lon="-16.61193">
        <ele>139.5</ele>
      </trkpt>
      <trkpt lat="28.05255" lon="-16.61195">
        <ele>139.3</ele>
      </trkpt>
      <trkpt lat="28.05254" lon="-16.61194">
        <ele>139.4</ele>
      </trkpt>
      <trkpt lat="28.05252" lon="-16.61195">
        <ele>139.3</ele>
      </trkpt>
      <trkpt lat="28.05248" lon="-16.61198">
        <ele>139.0</ele>
      </trkpt>
      <trkpt lat="28.052429" lon="-16.612013">
        <ele>138.5</ele>
      </trkpt>
      <trkpt lat="28.05239" lon="-16.61204">
        <ele>138.2</ele>
      </trkpt>
      <trkpt lat="28.05239" lon="-16.61207">
        <ele>138.0</ele>
      </trkpt>
      <trkpt lat="28.05238" lon="-16.612089">
        <ele>137.9</ele>
      </trkpt>
      <trkpt lat="28.05238" lon="-16.61211">
        <ele>137.8</ele>
      </trkpt>
      <trkpt lat="28.05237" lon="-16.61212">
        <ele>137.7</ele>
      </trkpt>
      <trkpt lat="28.05237" lon="-16.61214">
        <ele>137.6</ele>
      </trkpt>
      <trkpt lat="28.05236" lon="-16.61215">
        <ele>137.5</ele>
      </trkpt>
      <trkpt lat="28.05234" lon="-16.612169">
        <ele>137.3</ele>
      </trkpt>
      <trkpt lat="28.05232" lon="-16.6122">
        <ele>137.1</ele>
      </trkpt>
      <trkpt lat="28.0523" lon="-16.61221">
        <ele>136.9</ele>
      </trkpt>
      <trkpt lat="28.05228" lon="-16.61222">
        <ele>136.8</ele>
      </trkpt>
      <trkpt lat="28.05226" lon="-16.61223">
        <ele>136.7</ele>
      </trkpt>
      <trkpt lat="28.05225" lon="-16.61223">
        <ele>136.6</ele>
      </trkpt>
      <trkpt lat="28.05224" lon="-16.61224">
        <ele>136.5</ele>
      </trkpt>
      <trkpt lat="28.05222" lon="-16.61224">
        <ele>136.5</ele>
      </trkpt>
      <trkpt lat="28.0522" lon="-16.61224">
        <ele>136.4</ele>
      </trkpt>
      <trkpt lat="28.05217" lon="-16.61224">
        <ele>136.3</ele>
      </trkpt>
      <trkpt lat="28.05216" lon="-16.61223">
        <ele>136.3</ele>
      </trkpt>
      <trkpt lat="28.05214" lon="-16.61223">
        <ele>136.2</ele>
      </trkpt>
      <trkpt lat="28.05213" lon="-16.61222">
        <ele>136.2</ele>
      </trkpt>
      <trkpt lat="28.05212" lon="-16.61222">
        <ele>136.2</ele>
      </trkpt>
      <trkpt lat="28.05211" lon="-16.61221">
        <ele>136.2</ele>
      </trkpt>
      <trkpt lat="28.0521" lon="-16.6122">
        <ele>136.1</ele>
      </trkpt>
      <trkpt lat="28.05209" lon="-16.612189">
        <ele>136.1</ele>
      </trkpt>
      <trkpt lat="28.05208" lon="-16.612179">
        <ele>136.1</ele>
      </trkpt>
      <trkpt lat="28.05207" lon="-16.612169">
        <ele>136.1</ele>
      </trkpt>
      <trkpt lat="28.05206" lon="-16.61215">
        <ele>136.2</ele>
      </trkpt>
      <trkpt lat="28.05205" lon="-16.61214">
        <ele>136.1</ele>
      </trkpt>
      <trkpt lat="28.05204" lon="-16.61213">
        <ele>136.1</ele>
      </trkpt>
      <trkpt lat="28.05204" lon="-16.61211">
        <ele>136.2</ele>
      </trkpt>
      <trkpt lat="28.05204" lon="-16.6121">
        <ele>136.2</ele>
      </trkpt>
      <trkpt lat="28.05203" lon="-16.612079">
        <ele>136.3</ele>
      </trkpt>
      <trkpt lat="28.05191" lon="-16.61203">
        <ele>135.9</ele>
      </trkpt>
      <trkpt lat="28.05186" lon="-16.61201">
        <ele>135.8</ele>
      </trkpt>
      <trkpt lat="28.05176" lon="-16.611999">
        <ele>135.5</ele>
      </trkpt>
      <trkpt lat="28.05173" lon="-16.611999">
        <ele>135.4</ele>
      </trkpt>
      <trkpt lat="28.05166" lon="-16.611999">
        <ele>135.2</ele>
      </trkpt>
      <trkpt lat="28.0516" lon="-16.611989">
        <ele>135.2</ele>
      </trkpt>
      <trkpt lat="28.05158" lon="-16.611989">
        <ele>135.2</ele>
      </trkpt>
      <trkpt lat="28.05156" lon="-16.611989">
        <ele>135.2</ele>
      </trkpt>
      <trkpt lat="28.05148" lon="-16.61198">
        <ele>135.2</ele>
      </trkpt>
      <trkpt lat="28.05141" lon="-16.61197">
        <ele>135.2</ele>
      </trkpt>
      <trkpt lat="28.05127" lon="-16.61196">
        <ele>135.1</ele>
      </trkpt>
      <trkpt lat="28.05121" lon="-16.611989">
        <ele>135.1</ele>
      </trkpt>
      <trkpt lat="28.05116" lon="-16.61198">
        <ele>135.1</ele>
      </trkpt>
      <trkpt lat="28.05113" lon="-16.61197">
        <ele>135.1</ele>
      </trkpt>
      <trkpt lat="28.05111" lon="-16.61197">
        <ele>135.1</ele>
      </trkpt>
      <trkpt lat="28.05109" lon="-16.61198">
        <ele>135.1</ele>
      </trkpt>
      <trkpt lat="28.05107" lon="-16.61198">
        <ele>135.1</ele>
      </trkpt>
      <trkpt lat="28.05098" lon="-16.61203">
        <ele>135.0</ele>
      </trkpt>
      <trkpt lat="28.05098" lon="-16.61203">
        <ele>135.0</ele>
      </trkpt>
      <trkpt lat="28.05097" lon="-16.61207">
        <ele>134.9</ele>
      </trkpt>
      <trkpt lat="28.05096" lon="-16.6121">
        <ele>134.9</ele>
      </trkpt>
      <trkpt lat="28.05095" lon="-16.61213">
        <ele>134.8</ele>
      </trkpt>
      <trkpt lat="28.05093" lon="-16.61216">
        <ele>134.8</ele>
      </trkpt>
      <trkpt lat="28.05091" lon="-16.612189">
        <ele>134.7</ele>
      </trkpt>
      <trkpt lat="28.05089" lon="-16.61221">
        <ele>134.7</ele>
      </trkpt>
      <trkpt lat="28.05086" lon="-16.61223">
        <ele>134.6</ele>
      </trkpt>
      <trkpt lat="28.05084" lon="-16.61225">
        <ele>134.6</ele>
      </trkpt>
      <trkpt lat="28.05083" lon="-16.61225">
        <ele>134.6</ele>
      </trkpt>
      <trkpt lat="28.05081" lon="-16.61226">
        <ele>134.5</ele>
      </trkpt>
      <trkpt lat="28.0508" lon="-16.61226">
        <ele>134.5</ele>
      </trkpt>
      <trkpt lat="28.05079" lon="-16.612269">
        <ele>134.4</ele>
      </trkpt>
      <trkpt lat="28.05078" lon="-16.612269">
        <ele>134.4</ele>
      </trkpt>
      <trkpt lat="28.05077" lon="-16.612269">
        <ele>134.4</ele>
      </trkpt>
      <trkpt lat="28.05075" lon="-16.612279">
        <ele>134.3</ele>
      </trkpt>
      <trkpt lat="28.05074" lon="-16.612279">
        <ele>134.3</ele>
      </trkpt>
      <trkpt lat="28.05071" lon="-16.61234">
        <ele>134.1</ele>
      </trkpt>
      <trkpt lat="28.05069" lon="-16.6124">
        <ele>133.9</ele>
      </trkpt>
      <trkpt lat="28.05068" lon="-16.61243">
        <ele>133.8</ele>
      </trkpt>
      <trkpt lat="28.05067" lon="-16.612469">
        <ele>133.7</ele>
      </trkpt>
      <trkpt lat="28.05066" lon="-16.61252">
        <ele>133.6</ele>
      </trkpt>
      <trkpt lat="28.05066" lon="-16.612549">
        <ele>133.5</ele>
      </trkpt>
      <trkpt lat="28.05066" lon="-16.61257">
        <ele>133.5</ele>
      </trkpt>
      <trkpt lat="28.05066" lon="-16.61276">
        <ele>133.1</ele>
      </trkpt>
      <trkpt lat="28.05067" lon="-16.61281">
        <ele>133.1</ele>
      </trkpt>
      <trkpt lat="28.05067" lon="-16.61297">
        <ele>132.8</ele>
      </trkpt>
      <trkpt lat="28.05067" lon="-16.61306">
        <ele>132.7</ele>
      </trkpt>
      <trkpt lat="28.05067" lon="-16.61316">
        <ele>132.5</ele>
      </trkpt>
      <trkpt lat="28.05068" lon="-16.61357">
        <ele>131.9</ele>
      </trkpt>
      <trkpt lat="28.05068" lon="-16.61384">
        <ele>131.4</ele>
      </trkpt>
      <trkpt lat="28.05069" lon="-16.61403">
        <ele>131.1</ele>
      </trkpt>
      <trkpt lat="28.05069" lon="-16.61408">
        <ele>131.0</ele>
      </trkpt>
      <trkpt lat="28.05069" lon="-16.6142">
        <ele>130.9</ele>
      </trkpt>
      <trkpt lat="28.05072" lon="-16.61464">
        <ele>131.4</ele>
      </trkpt>
      <trkpt lat="28.05077" lon="-16.615279">
        <ele>132.6</ele>
      </trkpt>
      <trkpt lat="28.05077" lon="-16.615279">
        <ele>132.6</ele>
      </trkpt>
      <trkpt lat="28.05078" lon="-16.615279">
        <ele>132.6</ele>
      </trkpt>
      <trkpt lat="28.05079" lon="-16.61529">
        <ele>132.7</ele>
      </trkpt>
      <trkpt lat="28.0508" lon="-16.61529">
        <ele>132.7</ele>
      </trkpt>
      <trkpt lat="28.0508" lon="-16.6153">
        <ele>132.7</ele>
      </trkpt>
      <trkpt lat="28.05081" lon="-16.6153">
        <ele>132.7</ele>
      </trkpt>
      <trkpt lat="28.05081" lon="-16.61531">
        <ele>132.7</ele>
      </trkpt>
      <trkpt lat="28.05081" lon="-16.61532">
        <ele>132.8</ele>
      </trkpt>
      <trkpt lat="28.05082" lon="-16.61532">
        <ele>132.8</ele>
      </trkpt>
      <trkpt lat="28.05082" lon="-16.61533">
        <ele>132.8</ele>
      </trkpt>
      <trkpt lat="28.05082" lon="-16.61534">
        <ele>132.8</ele>
      </trkpt>
      <trkpt lat="28.05083" lon="-16.61534">
        <ele>132.8</ele>
      </trkpt>
      <trkpt lat="28.05083" lon="-16.61535">
        <ele>132.8</ele>
      </trkpt>
      <trkpt lat="28.05083" lon="-16.615359">
        <ele>132.9</ele>
      </trkpt>
      <trkpt lat="28.05083" lon="-16.615369">
        <ele>132.9</ele>
      </trkpt>
      <trkpt lat="28.05084" lon="-16.615369">
        <ele>132.9</ele>
      </trkpt>
      <trkpt lat="28.05084" lon="-16.615379">
        <ele>133.0</ele>
      </trkpt>
      <trkpt lat="28.05084" lon="-16.61539">
        <ele>133.0</ele>
      </trkpt>
      <trkpt lat="28.05084" lon="-16.6154">
        <ele>133.0</ele>
      </trkpt>
      <trkpt lat="28.05084" lon="-16.61541">
        <ele>133.0</ele>
      </trkpt>
      <trkpt lat="28.05083" lon="-16.61541">
        <ele>133.0</ele>
      </trkpt>
      <trkpt lat="28.05083" lon="-16.61542">
        <ele>133.0</ele>
      </trkpt>
      <trkpt lat="28.05083" lon="-16.61543">
        <ele>133.0</ele>
      </trkpt>
      <trkpt lat="28.05083" lon="-16.61544">
        <ele>133.1</ele>
      </trkpt>
      <trkpt lat="28.05082" lon="-16.61545">
        <ele>133.1</ele>
      </trkpt>
      <trkpt lat="28.05082" lon="-16.615459">
        <ele>133.1</ele>
      </trkpt>
      <trkpt lat="28.05081" lon="-16.615469">
        <ele>133.1</ele>
      </trkpt>
      <trkpt lat="28.05081" lon="-16.61548">
        <ele>133.1</ele>
      </trkpt>
      <trkpt lat="28.0508" lon="-16.61548">
        <ele>133.1</ele>
      </trkpt>
      <trkpt lat="28.05079" lon="-16.61549">
        <ele>133.2</ele>
      </trkpt>
      <trkpt lat="28.05079" lon="-16.61549">
        <ele>133.2</ele>
      </trkpt>
      <trkpt lat="28.05077" lon="-16.615549">
        <ele>133.3</ele>
      </trkpt>
      <trkpt lat="28.05075" lon="-16.61559">
        <ele>133.4</ele>
      </trkpt>
      <trkpt lat="28.05074" lon="-16.615659">
        <ele>133.6</ele>
      </trkpt>
      <trkpt lat="28.05072" lon="-16.61572">
        <ele>133.7</ele>
      </trkpt>
      <trkpt lat="28.05072" lon="-16.61577">
        <ele>133.8</ele>
      </trkpt>
      <trkpt lat="28.05071" lon="-16.61582">
        <ele>134.0</ele>
      </trkpt>
      <trkpt lat="28.05071" lon="-16.61588">
        <ele>134.2</ele>
      </trkpt>
      <trkpt lat="28.0507" lon="-16.61592">
        <ele>134.3</ele>
      </trkpt>
      <trkpt lat="28.0507" lon="-16.6161">
        <ele>135.0</ele>
      </trkpt>
      <trkpt lat="28.05071" lon="-16.616779">
        <ele>137.4</ele>
      </trkpt>
      <trkpt lat="28.05071" lon="-16.61681">
        <ele>137.5</ele>
      </trkpt>
      <trkpt lat="28.05071" lon="-16.61708">
        <ele>138.3</ele>
      </trkpt>
      <trkpt lat="28.0507" lon="-16.61708">
        <ele>138.3</ele>
      </trkpt>
      <trkpt lat="28.0507" lon="-16.61736">
        <ele>139.2</ele>
      </trkpt>
      <trkpt lat="28.0507" lon="-16.6175">
        <ele>139.7</ele>
      </trkpt>
      <trkpt lat="28.05055" lon="-16.61833">
        <ele>138.0</ele>
      </trkpt>
      <trkpt lat="28.05039" lon="-16.61917">
        <ele>136.4</ele>
      </trkpt>
      <trkpt lat="28.05024" lon="-16.62">
        <ele>140.0</ele>
      </trkpt>
      <trkpt lat="28.05009" lon="-16.62089">
        <ele>141.1</ele>
      </trkpt>
      <trkpt lat="28.04994" lon="-16.62178">
        <ele>140.9</ele>
      </trkpt>
      <trkpt lat="28.0498" lon="-16.62264">
        <ele>142.2</ele>
      </trkpt>
      <trkpt lat="28.04966" lon="-16.6235">
        <ele>145.1</ele>
      </trkpt>
      <trkpt lat="28.04899" lon="-16.62337">
        <ele>143.2</ele>
      </trkpt>
      <trkpt lat="28.04832" lon="-16.62324">
        <ele>139.7</ele>
      </trkpt>
      <trkpt lat="28.04824" lon="-16.62376">
        <ele>140.9</ele>
      </trkpt>
      <trkpt lat="28.04815" lon="-16.624289">
        <ele>141.0</ele>
      </trkpt>
      <trkpt lat="28.04804" lon="-16.62492">
        <ele>138.8</ele>
      </trkpt>
      <trkpt lat="28.04801" lon="-16.62525">
        <ele>136.3</ele>
      </trkpt>
      <trkpt lat="28.04801" lon="-16.62539">
        <ele>135.1</ele>
      </trkpt>
      <trkpt lat="28.04803" lon="-16.62547">
        <ele>134.5</ele>
      </trkpt>
      <trkpt lat="28.04807" lon="-16.62554">
        <ele>133.9</ele>
      </trkpt>
      <trkpt lat="28.04813" lon="-16.625599">
        <ele>133.4</ele>
      </trkpt>
      <trkpt lat="28.04816" lon="-16.62567">
        <ele>132.8</ele>
      </trkpt>
      <trkpt lat="28.04818" lon="-16.62575">
        <ele>132.0</ele>
      </trkpt>
      <trkpt lat="28.04819" lon="-16.62583">
        <ele>131.2</ele>
      </trkpt>
      <trkpt lat="28.04817" lon="-16.62591">
        <ele>130.7</ele>
      </trkpt>
      <trkpt lat="28.04813" lon="-16.625979">
        <ele>130.3</ele>
      </trkpt>
      <trkpt lat="28.04809" lon="-16.62603">
        <ele>130.0</ele>
      </trkpt>
      <trkpt lat="28.04798" lon="-16.6261">
        <ele>129.7</ele>
      </trkpt>
      <trkpt lat="28.04786" lon="-16.6261">
        <ele>129.8</ele>
      </trkpt>
      <trkpt lat="28.04768" lon="-16.626159">
        <ele>129.5</ele>
      </trkpt>
      <trkpt lat="28.04752" lon="-16.62627">
        <ele>128.8</ele>
      </trkpt>
      <trkpt lat="28.04741" lon="-16.62639">
        <ele>128.1</ele>
      </trkpt>
      <trkpt lat="28.04719" lon="-16.62678">
        <ele>125.9</ele>
      </trkpt>
      <trkpt lat="28.04709" lon="-16.62705">
        <ele>124.9</ele>
      </trkpt>
      <trkpt lat="28.04703" lon="-16.62724">
        <ele>124.0</ele>
      </trkpt>
      <trkpt lat="28.04684" lon="-16.62811">
        <ele>122.7</ele>
      </trkpt>
      <trkpt lat="28.04683" lon="-16.62825">
        <ele>122.7</ele>
      </trkpt>
      <trkpt lat="28.04688" lon="-16.62826">
        <ele>123.0</ele>
      </trkpt>
      <trkpt lat="28.04688" lon="-16.62828">
        <ele>123.0</ele>
      </trkpt>
      <trkpt lat="28.04687" lon="-16.628309">
        <ele>123.0</ele>
      </trkpt>
      <trkpt lat="28.04685" lon="-16.62834">
        <ele>122.9</ele>
      </trkpt>
      <trkpt lat="28.04684" lon="-16.62836">
        <ele>123.0</ele>
      </trkpt>
      <trkpt lat="28.04681" lon="-16.62837">
        <ele>123.0</ele>
      </trkpt>
      <trkpt lat="28.04681" lon="-16.62837">
        <ele>123.0</ele>
      </trkpt>
      <trkpt lat="28.04682" lon="-16.62838">
        <ele>123.1</ele>
      </trkpt>
      <trkpt lat="28.04684" lon="-16.62839">
        <ele>123.3</ele>
      </trkpt>
      <trkpt lat="28.04685" lon="-16.6284">
        <ele>123.4</ele>
      </trkpt>
      <trkpt lat="28.04686" lon="-16.628419">
        <ele>123.6</ele>
      </trkpt>
      <trkpt lat="28.04687" lon="-16.62843">
        <ele>123.8</ele>
      </trkpt>
      <trkpt lat="28.04687" lon="-16.62844">
        <ele>123.8</ele>
      </trkpt>
      <trkpt lat="28.04688" lon="-16.62845">
        <ele>124.0</ele>
      </trkpt>
      <trkpt lat="28.0469" lon="-16.62846">
        <ele>124.1</ele>
      </trkpt>
      <trkpt lat="28.04705" lon="-16.628599">
        <ele>125.9</ele>
      </trkpt>
      <trkpt lat="28.04709" lon="-16.628599">
        <ele>126.1</ele>
      </trkpt>
      <trkpt lat="28.04714" lon="-16.628609">
        <ele>126.4</ele>
      </trkpt>
      <trkpt lat="28.0472" lon="-16.62863">
        <ele>126.8</ele>
      </trkpt>
      <trkpt lat="28.04724" lon="-16.62864">
        <ele>127.1</ele>
      </trkpt>
      <trkpt lat="28.04728" lon="-16.62866">
        <ele>127.4</ele>
      </trkpt>
      <trkpt lat="28.0474" lon="-16.62871">
        <ele>128.3</ele>
      </trkpt>
      <trkpt lat="28.04741" lon="-16.62871">
        <ele>128.3</ele>
      </trkpt>
      <trkpt lat="28.04745" lon="-16.62873">
        <ele>128.6</ele>
      </trkpt>
      <trkpt lat="28.04758" lon="-16.628789">
        <ele>129.8</ele>
      </trkpt>
      <trkpt lat="28.04776" lon="-16.62887">
        <ele>131.3</ele>
      </trkpt>
      <trkpt lat="28.04798" lon="-16.62896">
        <ele>132.7</ele>
      </trkpt>
      <trkpt lat="28.04812" lon="-16.62902">
        <ele>133.3</ele>
      </trkpt>
      <trkpt lat="28.04817" lon="-16.62904">
        <ele>133.6</ele>
      </trkpt>
      <trkpt lat="28.04855" lon="-16.6292">
        <ele>134.9</ele>
      </trkpt>
      <trkpt lat="28.04882" lon="-16.62933">
        <ele>136.4</ele>
      </trkpt>
      <trkpt lat="28.04886" lon="-16.629359">
        <ele>136.7</ele>
      </trkpt>
      <trkpt lat="28.04891" lon="-16.62937">
        <ele>137.0</ele>
      </trkpt>
      <trkpt lat="28.04901" lon="-16.62946">
        <ele>137.9</ele>
      </trkpt>
      <trkpt lat="28.04912" lon="-16.62958">
        <ele>139.2</ele>
      </trkpt>
      <trkpt lat="28.04918" lon="-16.62965">
        <ele>140.1</ele>
      </trkpt>
      <trkpt lat="28.04923" lon="-16.62975">
        <ele>141.3</ele>
      </trkpt>
      <trkpt lat="28.04927" lon="-16.62985">
        <ele>142.5</ele>
      </trkpt>
      <trkpt lat="28.04927" lon="-16.62985">
        <ele>142.5</ele>
      </trkpt>
      <trkpt lat="28.04932" lon="-16.62999">
        <ele>144.1</ele>
      </trkpt>
      <trkpt lat="28.04933" lon="-16.63003">
        <ele>144.4</ele>
      </trkpt>
      <trkpt lat="28.04937" lon="-16.63018">
        <ele>145.0</ele>
      </trkpt>
      <trkpt lat="28.04939" lon="-16.630279">
        <ele>145.4</ele>
      </trkpt>
      <trkpt lat="28.04941" lon="-16.630379">
        <ele>145.7</ele>
      </trkpt>
      <trkpt lat="28.04942" lon="-16.63045">
        <ele>145.9</ele>
      </trkpt>
      <trkpt lat="28.04947" lon="-16.63084">
        <ele>146.6</ele>
      </trkpt>
      <trkpt lat="28.0495" lon="-16.631">
        <ele>147.2</ele>
      </trkpt>
      <trkpt lat="28.04958" lon="-16.6313">
        <ele>148.2</ele>
      </trkpt>
      <trkpt lat="28.04962" lon="-16.63148">
        <ele>148.7</ele>
      </trkpt>
      <trkpt lat="28.04967" lon="-16.63164">
        <ele>149.2</ele>
      </trkpt>
      <trkpt lat="28.04974" lon="-16.63191">
        <ele>149.2</ele>
      </trkpt>
      <trkpt lat="28.04977" lon="-16.631979">
        <ele>149.3</ele>
      </trkpt>
      <trkpt lat="28.04987" lon="-16.63224">
        <ele>149.5</ele>
      </trkpt>
      <trkpt lat="28.04997" lon="-16.63252">
        <ele>149.7</ele>
      </trkpt>
      <trkpt lat="28.05007" lon="-16.63277">
        <ele>150.2</ele>
      </trkpt>
      <trkpt lat="28.05016" lon="-16.63305">
        <ele>150.4</ele>
      </trkpt>
      <trkpt lat="28.05019" lon="-16.63315">
        <ele>150.4</ele>
      </trkpt>
      <trkpt lat="28.05029" lon="-16.63343">
        <ele>150.9</ele>
      </trkpt>
      <trkpt lat="28.05032" lon="-16.63353">
        <ele>151.2</ele>
      </trkpt>
      <trkpt lat="28.05045" lon="-16.63384">
        <ele>152.6</ele>
      </trkpt>
      <trkpt lat="28.05054" lon="-16.63406">
        <ele>153.7</ele>
      </trkpt>
      <trkpt lat="28.05066" lon="-16.63437">
        <ele>155.5</ele>
      </trkpt>
      <trkpt lat="28.05073" lon="-16.63455">
        <ele>156.7</ele>
      </trkpt>
      <trkpt lat="28.05075" lon="-16.634609">
        <ele>157.0</ele>
      </trkpt>
      <trkpt lat="28.05076" lon="-16.63465">
        <ele>157.3</ele>
      </trkpt>
      <trkpt lat="28.05083" lon="-16.63483">
        <ele>158.4</ele>
      </trkpt>
      <trkpt lat="28.05099" lon="-16.63524">
        <ele>159.4</ele>
      </trkpt>
      <trkpt lat="28.0511" lon="-16.63559">
        <ele>160.2</ele>
      </trkpt>
      <trkpt lat="28.05112" lon="-16.635629">
        <ele>160.3</ele>
      </trkpt>
      <trkpt lat="28.05117" lon="-16.63578">
        <ele>160.7</ele>
      </trkpt>
      <trkpt lat="28.05124" lon="-16.63596">
        <ele>161.3</ele>
      </trkpt>
      <trkpt lat="28.05132" lon="-16.63615">
        <ele>161.9</ele>
      </trkpt>
      <trkpt lat="28.05139" lon="-16.63633">
        <ele>162.3</ele>
      </trkpt>
      <trkpt lat="28.0514" lon="-16.63637">
        <ele>162.4</ele>
      </trkpt>
      <trkpt lat="28.05156" lon="-16.636769">
        <ele>163.5</ele>
      </trkpt>
      <trkpt lat="28.0516" lon="-16.636869">
        <ele>164.0</ele>
      </trkpt>
      <trkpt lat="28.0517" lon="-16.637149">
        <ele>165.4</ele>
      </trkpt>
      <trkpt lat="28.05184" lon="-16.63755">
        <ele>167.7</ele>
      </trkpt>
      <trkpt lat="28.05187" lon="-16.63763">
        <ele>168.2</ele>
      </trkpt>
      <trkpt lat="28.05204" lon="-16.63806">
        <ele>170.4</ele>
      </trkpt>
      <trkpt lat="28.05217" lon="-16.63841">
        <ele>171.3</ele>
      </trkpt>
      <trkpt lat="28.05222" lon="-16.638639">
        <ele>171.4</ele>
      </trkpt>
      <trkpt lat="28.05224" lon="-16.638729">
        <ele>171.4</ele>
      </trkpt>
      <trkpt lat="28.05228" lon="-16.63904">
        <ele>171.6</ele>
      </trkpt>
      <trkpt lat="28.05228" lon="-16.63924">
        <ele>171.7</ele>
      </trkpt>
      <trkpt lat="28.05228" lon="-16.63973">
        <ele>171.3</ele>
      </trkpt>
      <trkpt lat="28.05221" lon="-16.64044">
        <ele>171.7</ele>
      </trkpt>
      <trkpt lat="28.05217" lon="-16.641179">
        <ele>172.2</ele>
      </trkpt>
      <trkpt lat="28.05217" lon="-16.641279">
        <ele>172.3</ele>
      </trkpt>
      <trkpt lat="28.05213" lon="-16.641649">
        <ele>172.6</ele>
      </trkpt>
      <trkpt lat="28.05212" lon="-16.64201">
        <ele>172.9</ele>
      </trkpt>
      <trkpt lat="28.05212" lon="-16.64209">
        <ele>173.0</ele>
      </trkpt>
      <trkpt lat="28.05212" lon="-16.64229">
        <ele>173.1</ele>
      </trkpt>
      <trkpt lat="28.05213" lon="-16.642489">
        <ele>173.3</ele>
      </trkpt>
      <trkpt lat="28.05214" lon="-16.64263">
        <ele>172.9</ele>
      </trkpt>
      <trkpt lat="28.0522" lon="-16.64289">
        <ele>172.3</ele>
      </trkpt>
      <trkpt lat="28.05224" lon="-16.643059">
        <ele>171.9</ele>
      </trkpt>
      <trkpt lat="28.05226" lon="-16.64316">
        <ele>171.7</ele>
      </trkpt>
      <trkpt lat="28.05238" lon="-16.64357">
        <ele>172.5</ele>
      </trkpt>
      <trkpt lat="28.05239" lon="-16.64365">
        <ele>172.8</ele>
      </trkpt>
      <trkpt lat="28.05244" lon="-16.64384">
        <ele>173.7</ele>
      </trkpt>
      <trkpt lat="28.05255" lon="-16.644359">
        <ele>176.1</ele>
      </trkpt>
      <trkpt lat="28.05258" lon="-16.64457">
        <ele>177.0</ele>
      </trkpt>
      <trkpt lat="28.05257" lon="-16.644749">
        <ele>177.6</ele>
      </trkpt>
      <trkpt lat="28.05253" lon="-16.645209">
        <ele>179.4</ele>
      </trkpt>
      <trkpt lat="28.05252" lon="-16.64525">
        <ele>179.6</ele>
      </trkpt>
      <trkpt lat="28.05239" lon="-16.6459">
        <ele>182.6</ele>
      </trkpt>
      <trkpt lat="28.05237" lon="-16.646139">
        <ele>182.8</ele>
      </trkpt>
      <trkpt lat="28.0523" lon="-16.6465">
        <ele>183.0</ele>
      </trkpt>
      <trkpt lat="28.05225" lon="-16.64682">
        <ele>184.2</ele>
      </trkpt>
      <trkpt lat="28.05222" lon="-16.64701">
        <ele>185.5</ele>
      </trkpt>
      <trkpt lat="28.05221" lon="-16.64706">
        <ele>185.9</ele>
      </trkpt>
      <trkpt lat="28.0522" lon="-16.6472">
        <ele>186.9</ele>
      </trkpt>
      <trkpt lat="28.0522" lon="-16.64742">
        <ele>188.4</ele>
      </trkpt>
      <trkpt lat="28.0522" lon="-16.64762">
        <ele>187.9</ele>
      </trkpt>
      <trkpt lat="28.0522" lon="-16.64781">
        <ele>186.1</ele>
      </trkpt>
      <trkpt lat="28.05223" lon="-16.64788">
        <ele>185.3</ele>
      </trkpt>
      <trkpt lat="28.05225" lon="-16.648209">
        <ele>182.4</ele>
      </trkpt>
      <trkpt lat="28.05226" lon="-16.648409">
        <ele>180.8</ele>
      </trkpt>
      <trkpt lat="28.05229" lon="-16.64882">
        <ele>177.5</ele>
      </trkpt>
      <trkpt lat="28.05232" lon="-16.64933">
        <ele>175.2</ele>
      </trkpt>
      <trkpt lat="28.05233" lon="-16.64942">
        <ele>175.4</ele>
      </trkpt>
      <trkpt lat="28.05236" lon="-16.64978">
        <ele>175.9</ele>
      </trkpt>
      <trkpt lat="28.05239" lon="-16.65004">
        <ele>176.0</ele>
      </trkpt>
      <trkpt lat="28.05241" lon="-16.6504">
        <ele>174.5</ele>
      </trkpt>
      <trkpt lat="28.05243" lon="-16.65059">
        <ele>173.7</ele>
      </trkpt>
      <trkpt lat="28.05243" lon="-16.65061">
        <ele>173.6</ele>
      </trkpt>
      <trkpt lat="28.05245" lon="-16.650849">
        <ele>172.6</ele>
      </trkpt>
      <trkpt lat="28.05246" lon="-16.651029">
        <ele>172.0</ele>
      </trkpt>
      <trkpt lat="28.05244" lon="-16.65156">
        <ele>169.9</ele>
      </trkpt>
      <trkpt lat="28.05242" lon="-16.65166">
        <ele>169.4</ele>
      </trkpt>
      <trkpt lat="28.05239" lon="-16.65183">
        <ele>169.3</ele>
      </trkpt>
      <trkpt lat="28.05235" lon="-16.6519">
        <ele>169.0</ele>
      </trkpt>
      <trkpt lat="28.05233" lon="-16.651969">
        <ele>168.9</ele>
      </trkpt>
      <trkpt lat="28.0523" lon="-16.652069">
        <ele>168.8</ele>
      </trkpt>
      <trkpt lat="28.05227" lon="-16.65218">
        <ele>168.7</ele>
      </trkpt>
      <trkpt lat="28.05223" lon="-16.65228">
        <ele>168.5</ele>
      </trkpt>
      <trkpt lat="28.05212" lon="-16.6525">
        <ele>167.8</ele>
      </trkpt>
      <trkpt lat="28.05201" lon="-16.65269">
        <ele>167.7</ele>
      </trkpt>
      <trkpt lat="28.05163" lon="-16.65334">
        <ele>167.7</ele>
      </trkpt>
      <trkpt lat="28.05141" lon="-16.65371">
        <ele>166.2</ele>
      </trkpt>
      <trkpt lat="28.05122" lon="-16.654039">
        <ele>164.1</ele>
      </trkpt>
      <trkpt lat="28.05111" lon="-16.65424">
        <ele>162.7</ele>
      </trkpt>
      <trkpt lat="28.051055" lon="-16.65434">
        <ele>162.2</ele>
      </trkpt>
      <trkpt lat="28.05105" lon="-16.65435">
        <ele>162.1</ele>
      </trkpt>
      <trkpt lat="28.05097" lon="-16.65452">
        <ele>161.4</ele>
      </trkpt>
      <trkpt lat="28.05098" lon="-16.65454">
        <ele>161.6</ele>
      </trkpt>
      <trkpt lat="28.05098" lon="-16.65455">
        <ele>161.6</ele>
      </trkpt>
      <trkpt lat="28.05099" lon="-16.65457">
        <ele>161.8</ele>
      </trkpt>
      <trkpt lat="28.05099" lon="-16.65458">
        <ele>161.8</ele>
      </trkpt>
      <trkpt lat="28.051" lon="-16.654599">
        <ele>161.9</ele>
      </trkpt>
      <trkpt lat="28.051" lon="-16.65461">
        <ele>161.9</ele>
      </trkpt>
      <trkpt lat="28.051" lon="-16.65463">
        <ele>162.0</ele>
      </trkpt>
      <trkpt lat="28.051" lon="-16.65464">
        <ele>162.0</ele>
      </trkpt>
      <trkpt lat="28.051" lon="-16.65466">
        <ele>162.0</ele>
      </trkpt>
      <trkpt lat="28.051" lon="-16.65467">
        <ele>162.0</ele>
      </trkpt>
      <trkpt lat="28.05099" lon="-16.654689">
        <ele>162.0</ele>
      </trkpt>
      <trkpt lat="28.05099" lon="-16.654699">
        <ele>162.0</ele>
      </trkpt>
      <trkpt lat="28.05099" lon="-16.65472">
        <ele>162.0</ele>
      </trkpt>
      <trkpt lat="28.05098" lon="-16.65473">
        <ele>161.9</ele>
      </trkpt>
      <trkpt lat="28.05097" lon="-16.65476">
        <ele>161.9</ele>
      </trkpt>
      <trkpt lat="28.05096" lon="-16.65477">
        <ele>161.8</ele>
      </trkpt>
      <trkpt lat="28.05095" lon="-16.654779">
        <ele>161.7</ele>
      </trkpt>
      <trkpt lat="28.05094" lon="-16.654789">
        <ele>161.6</ele>
      </trkpt>
      <trkpt lat="28.05093" lon="-16.6548">
        <ele>161.5</ele>
      </trkpt>
      <trkpt lat="28.05092" lon="-16.65481">
        <ele>161.4</ele>
      </trkpt>
      <trkpt lat="28.05091" lon="-16.65482">
        <ele>161.4</ele>
      </trkpt>
      <trkpt lat="28.05089" lon="-16.65482">
        <ele>161.2</ele>
      </trkpt>
      <trkpt lat="28.05088" lon="-16.65483">
        <ele>161.1</ele>
      </trkpt>
      <trkpt lat="28.05087" lon="-16.65483">
        <ele>161.0</ele>
      </trkpt>
      <trkpt lat="28.05085" lon="-16.65483">
        <ele>160.8</ele>
      </trkpt>
      <trkpt lat="28.05084" lon="-16.65484">
        <ele>160.7</ele>
      </trkpt>
      <trkpt lat="28.05083" lon="-16.65484">
        <ele>160.6</ele>
      </trkpt>
      <trkpt lat="28.05081" lon="-16.65484">
        <ele>160.5</ele>
      </trkpt>
      <trkpt lat="28.0508" lon="-16.65484">
        <ele>160.4</ele>
      </trkpt>
      <trkpt lat="28.05079" lon="-16.65483">
        <ele>160.3</ele>
      </trkpt>
      <trkpt lat="28.05077" lon="-16.65483">
        <ele>160.2</ele>
      </trkpt>
      <trkpt lat="28.05076" lon="-16.65482">
        <ele>160.1</ele>
      </trkpt>
      <trkpt lat="28.05075" lon="-16.65482">
        <ele>160.0</ele>
      </trkpt>
      <trkpt lat="28.05066" lon="-16.65499">
        <ele>159.7</ele>
      </trkpt>
      <trkpt lat="28.0506" lon="-16.6551">
        <ele>159.3</ele>
      </trkpt>
      <trkpt lat="28.05057" lon="-16.655169">
        <ele>159.0</ele>
      </trkpt>
      <trkpt lat="28.05054" lon="-16.655249">
        <ele>158.8</ele>
      </trkpt>
      <trkpt lat="28.05048" lon="-16.655449">
        <ele>158.2</ele>
      </trkpt>
      <trkpt lat="28.05046" lon="-16.65556">
        <ele>158.0</ele>
      </trkpt>
      <trkpt lat="28.05044" lon="-16.655619">
        <ele>157.8</ele>
      </trkpt>
      <trkpt lat="28.05043" lon="-16.65566">
        <ele>157.7</ele>
      </trkpt>
      <trkpt lat="28.05043" lon="-16.655809">
        <ele>157.6</ele>
      </trkpt>
      <trkpt lat="28.05042" lon="-16.65594">
        <ele>157.5</ele>
      </trkpt>
      <trkpt lat="28.05042" lon="-16.65604">
        <ele>157.5</ele>
      </trkpt>
      <trkpt lat="28.05042" lon="-16.65613">
        <ele>157.5</ele>
      </trkpt>
      <trkpt lat="28.05042" lon="-16.656189">
        <ele>157.5</ele>
      </trkpt>
      <trkpt lat="28.0504" lon="-16.656479">
        <ele>157.4</ele>
      </trkpt>
      <trkpt lat="28.05041" lon="-16.65661">
        <ele>157.4</ele>
      </trkpt>
      <trkpt lat="28.05041" lon="-16.65686">
        <ele>157.7</ele>
      </trkpt>
      <trkpt lat="28.05043" lon="-16.656939">
        <ele>157.9</ele>
      </trkpt>
      <trkpt lat="28.050436" lon="-16.656963">
        <ele>158.0</ele>
      </trkpt>
      <trkpt lat="28.05044" lon="-16.65698">
        <ele>158.1</ele>
      </trkpt>
      <trkpt lat="28.05047" lon="-16.65705">
        <ele>158.3</ele>
      </trkpt>
      <trkpt lat="28.05047" lon="-16.65707">
        <ele>158.4</ele>
      </trkpt>
      <trkpt lat="28.0505" lon="-16.65711">
        <ele>158.6</ele>
      </trkpt>
      <trkpt lat="28.05053" lon="-16.65717">
        <ele>158.9</ele>
      </trkpt>
      <trkpt lat="28.05057" lon="-16.65724">
        <ele>159.2</ele>
      </trkpt>
      <trkpt lat="28.05058" lon="-16.65725">
        <ele>159.3</ele>
      </trkpt>
      <trkpt lat="28.05059" lon="-16.65726">
        <ele>159.4</ele>
      </trkpt>
      <trkpt lat="28.0506" lon="-16.65727">
        <ele>159.4</ele>
      </trkpt>
      <trkpt lat="28.05061" lon="-16.65728">
        <ele>159.5</ele>
      </trkpt>
      <trkpt lat="28.05061" lon="-16.65729">
        <ele>159.5</ele>
      </trkpt>
      <trkpt lat="28.05062" lon="-16.6573">
        <ele>159.6</ele>
      </trkpt>
      <trkpt lat="28.05062" lon="-16.657309">
        <ele>159.6</ele>
      </trkpt>
      <trkpt lat="28.05062" lon="-16.657319">
        <ele>159.6</ele>
      </trkpt>
      <trkpt lat="28.05063" lon="-16.65733">
        <ele>159.7</ele>
      </trkpt>
      <trkpt lat="28.05063" lon="-16.65734">
        <ele>159.7</ele>
      </trkpt>
      <trkpt lat="28.05063" lon="-16.65735">
        <ele>159.7</ele>
      </trkpt>
      <trkpt lat="28.05063" lon="-16.65737">
        <ele>159.7</ele>
      </trkpt>
      <trkpt lat="28.05063" lon="-16.65738">
        <ele>159.7</ele>
      </trkpt>
      <trkpt lat="28.05063" lon="-16.65739">
        <ele>159.7</ele>
      </trkpt>
      <trkpt lat="28.05063" lon="-16.6574">
        <ele>159.7</ele>
      </trkpt>
      <trkpt lat="28.05062" lon="-16.657409">
        <ele>159.7</ele>
      </trkpt>
      <trkpt lat="28.05062" lon="-16.657419">
        <ele>159.7</ele>
      </trkpt>
      <trkpt lat="28.05062" lon="-16.65743">
        <ele>159.7</ele>
      </trkpt>
      <trkpt lat="28.05061" lon="-16.65743">
        <ele>159.6</ele>
      </trkpt>
      <trkpt lat="28.05061" lon="-16.65744">
        <ele>159.6</ele>
      </trkpt>
      <trkpt lat="28.0506" lon="-16.65745">
        <ele>159.6</ele>
      </trkpt>
      <trkpt lat="28.0506" lon="-16.65746">
        <ele>159.6</ele>
      </trkpt>
      <trkpt lat="28.05059" lon="-16.65746">
        <ele>159.5</ele>
      </trkpt>
      <trkpt lat="28.05058" lon="-16.65747">
        <ele>159.5</ele>
      </trkpt>
      <trkpt lat="28.05058" lon="-16.65748">
        <ele>159.5</ele>
      </trkpt>
      <trkpt lat="28.05057" lon="-16.65748">
        <ele>159.4</ele>
      </trkpt>
      <trkpt lat="28.05054" lon="-16.65753">
        <ele>159.2</ele>
      </trkpt>
      <trkpt lat="28.05052" lon="-16.65758">
        <ele>159.0</ele>
      </trkpt>
      <trkpt lat="28.05048" lon="-16.65765">
        <ele>158.6</ele>
      </trkpt>
      <trkpt lat="28.05047" lon="-16.65767">
        <ele>158.5</ele>
      </trkpt>
      <trkpt lat="28.05045" lon="-16.657699">
        <ele>158.3</ele>
      </trkpt>
      <trkpt lat="28.05043" lon="-16.657789">
        <ele>158.1</ele>
      </trkpt>
      <trkpt lat="28.05041" lon="-16.65786">
        <ele>157.8</ele>
      </trkpt>
      <trkpt lat="28.0504" lon="-16.65792">
        <ele>157.7</ele>
      </trkpt>
      <trkpt lat="28.0504" lon="-16.658069">
        <ele>157.4</ele>
      </trkpt>
      <trkpt lat="28.0504" lon="-16.658339">
        <ele>156.9</ele>
      </trkpt>
      <trkpt lat="28.05039" lon="-16.658449">
        <ele>156.8</ele>
      </trkpt>
      <trkpt lat="28.05039" lon="-16.65856">
        <ele>156.7</ele>
      </trkpt>
      <trkpt lat="28.05039" lon="-16.65888">
        <ele>156.6</ele>
      </trkpt>
      <trkpt lat="28.05039" lon="-16.65897">
        <ele>156.5</ele>
      </trkpt>
      <trkpt lat="28.05038" lon="-16.65918">
        <ele>156.4</ele>
      </trkpt>
      <trkpt lat="28.05037" lon="-16.659379">
        <ele>156.1</ele>
      </trkpt>
      <trkpt lat="28.05036" lon="-16.659579">
        <ele>155.9</ele>
      </trkpt>
      <trkpt lat="28.05035" lon="-16.65991">
        <ele>155.5</ele>
      </trkpt>
      <trkpt lat="28.05034" lon="-16.66011">
        <ele>155.5</ele>
      </trkpt>
      <trkpt lat="28.05034" lon="-16.66021">
        <ele>155.7</ele>
      </trkpt>
      <trkpt lat="28.05033" lon="-16.660319">
        <ele>155.8</ele>
      </trkpt>
      <trkpt lat="28.05033" lon="-16.66044">
        <ele>155.9</ele>
      </trkpt>
      <trkpt lat="28.05032" lon="-16.66052">
        <ele>156.0</ele>
      </trkpt>
      <trkpt lat="28.05031" lon="-16.66072">
        <ele>156.2</ele>
      </trkpt>
      <trkpt lat="28.0503" lon="-16.66093">
        <ele>156.0</ele>
      </trkpt>
      <trkpt lat="28.05027" lon="-16.6615">
        <ele>153.9</ele>
      </trkpt>
      <trkpt lat="28.05027" lon="-16.661539">
        <ele>153.8</ele>
      </trkpt>
      <trkpt lat="28.05026" lon="-16.661549">
        <ele>153.7</ele>
      </trkpt>
      <trkpt lat="28.05025" lon="-16.66179">
        <ele>152.9</ele>
      </trkpt>
      <trkpt lat="28.05023" lon="-16.662099">
        <ele>151.8</ele>
      </trkpt>
      <trkpt lat="28.05022" lon="-16.66227">
        <ele>151.1</ele>
      </trkpt>
      <trkpt lat="28.05019" lon="-16.66274">
        <ele>149.6</ele>
      </trkpt>
      <trkpt lat="28.050176" lon="-16.662858">
        <ele>149.3</ele>
      </trkpt>
      <trkpt lat="28.05015" lon="-16.66307">
        <ele>148.7</ele>
      </trkpt>
      <trkpt lat="28.05017" lon="-16.66307">
        <ele>148.8</ele>
      </trkpt>
      <trkpt lat="28.05018" lon="-16.66308">
        <ele>148.8</ele>
      </trkpt>
      <trkpt lat="28.05019" lon="-16.66308">
        <ele>148.9</ele>
      </trkpt>
      <trkpt lat="28.05021" lon="-16.66309">
        <ele>149.0</ele>
      </trkpt>
      <trkpt lat="28.05022" lon="-16.6631">
        <ele>149.1</ele>
      </trkpt>
      <trkpt lat="28.05023" lon="-16.66311">
        <ele>149.1</ele>
      </trkpt>
      <trkpt lat="28.05024" lon="-16.66312">
        <ele>149.2</ele>
      </trkpt>
      <trkpt lat="28.05025" lon="-16.663129">
        <ele>149.2</ele>
      </trkpt>
      <trkpt lat="28.05026" lon="-16.663139">
        <ele>149.3</ele>
      </trkpt>
      <trkpt lat="28.05026" lon="-16.66315">
        <ele>149.2</ele>
      </trkpt>
      <trkpt lat="28.05027" lon="-16.66316">
        <ele>149.3</ele>
      </trkpt>
      <trkpt lat="28.05028" lon="-16.66318">
        <ele>149.3</ele>
      </trkpt>
      <trkpt lat="28.05028" lon="-16.66319">
        <ele>149.3</ele>
      </trkpt>
      <trkpt lat="28.05029" lon="-16.66321">
        <ele>149.3</ele>
      </trkpt>
      <trkpt lat="28.05029" lon="-16.663219">
        <ele>149.3</ele>
      </trkpt>
      <trkpt lat="28.05029" lon="-16.663229">
        <ele>149.3</ele>
      </trkpt>
      <trkpt lat="28.05029" lon="-16.66325">
        <ele>149.3</ele>
      </trkpt>
      <trkpt lat="28.05029" lon="-16.66327">
        <ele>149.2</ele>
      </trkpt>
      <trkpt lat="28.05029" lon="-16.66329">
        <ele>149.2</ele>
      </trkpt>
      <trkpt lat="28.05029" lon="-16.66331">
        <ele>149.1</ele>
      </trkpt>
      <trkpt lat="28.05029" lon="-16.663319">
        <ele>149.1</ele>
      </trkpt>
      <trkpt lat="28.05028" lon="-16.66334">
        <ele>149.0</ele>
      </trkpt>
      <trkpt lat="28.05028" lon="-16.66335">
        <ele>149.0</ele>
      </trkpt>
      <trkpt lat="28.05027" lon="-16.66336">
        <ele>148.9</ele>
      </trkpt>
      <trkpt lat="28.05026" lon="-16.66338">
        <ele>148.8</ele>
      </trkpt>
      <trkpt lat="28.05025" lon="-16.66339">
        <ele>148.7</ele>
      </trkpt>
      <trkpt lat="28.05024" lon="-16.6634">
        <ele>148.6</ele>
      </trkpt>
      <trkpt lat="28.05023" lon="-16.663409">
        <ele>148.6</ele>
      </trkpt>
      <trkpt lat="28.05022" lon="-16.663419">
        <ele>148.5</ele>
      </trkpt>
      <trkpt lat="28.05021" lon="-16.66343">
        <ele>148.4</ele>
      </trkpt>
      <trkpt lat="28.0502" lon="-16.66343">
        <ele>148.3</ele>
      </trkpt>
      <trkpt lat="28.05019" lon="-16.66344">
        <ele>148.2</ele>
      </trkpt>
      <trkpt lat="28.05018" lon="-16.66345">
        <ele>148.2</ele>
      </trkpt>
      <trkpt lat="28.05016" lon="-16.66345">
        <ele>148.0</ele>
      </trkpt>
      <trkpt lat="28.05015" lon="-16.66345">
        <ele>147.9</ele>
      </trkpt>
      <trkpt lat="28.05014" lon="-16.66346">
        <ele>147.9</ele>
      </trkpt>
      <trkpt lat="28.05012" lon="-16.66346">
        <ele>147.7</ele>
      </trkpt>
      <trkpt lat="28.05011" lon="-16.66346">
        <ele>147.6</ele>
      </trkpt>
      <trkpt lat="28.0501" lon="-16.66345">
        <ele>147.6</ele>
      </trkpt>
      <trkpt lat="28.05009" lon="-16.66345">
        <ele>147.5</ele>
      </trkpt>
      <trkpt lat="28.05007" lon="-16.66364">
        <ele>147.1</ele>
      </trkpt>
      <trkpt lat="28.05007" lon="-16.66365">
        <ele>147.1</ele>
      </trkpt>
      <trkpt lat="28.05006" lon="-16.66372">
        <ele>147.0</ele>
      </trkpt>
      <trkpt lat="28.04996" lon="-16.66447">
        <ele>145.8</ele>
      </trkpt>
      <trkpt lat="28.04991" lon="-16.664909">
        <ele>145.8</ele>
      </trkpt>
      <trkpt lat="28.04986" lon="-16.66536">
        <ele>146.1</ele>
      </trkpt>
      <trkpt lat="28.04986" lon="-16.66543">
        <ele>146.2</ele>
      </trkpt>
      <trkpt lat="28.04976" lon="-16.66617">
        <ele>146.4</ele>
      </trkpt>
      <trkpt lat="28.04975" lon="-16.66631">
        <ele>146.3</ele>
      </trkpt>
      <trkpt lat="28.04975" lon="-16.66634">
        <ele>146.3</ele>
      </trkpt>
      <trkpt lat="28.04974" lon="-16.66644">
        <ele>146.3</ele>
      </trkpt>
      <trkpt lat="28.04975" lon="-16.66662">
        <ele>146.3</ele>
      </trkpt>
      <trkpt lat="28.04976" lon="-16.66663">
        <ele>146.3</ele>
      </trkpt>
      <trkpt lat="28.04976" lon="-16.66669">
        <ele>146.3</ele>
      </trkpt>
      <trkpt lat="28.04977" lon="-16.66687">
        <ele>146.6</ele>
      </trkpt>
      <trkpt lat="28.04979" lon="-16.667">
        <ele>146.8</ele>
      </trkpt>
      <trkpt lat="28.0498" lon="-16.66706">
        <ele>146.8</ele>
      </trkpt>
      <trkpt lat="28.04984" lon="-16.66728">
        <ele>146.7</ele>
      </trkpt>
      <trkpt lat="28.04987" lon="-16.667459">
        <ele>146.5</ele>
      </trkpt>
      <trkpt lat="28.04987" lon="-16.66749">
        <ele>146.6</ele>
      </trkpt>
      <trkpt lat="28.04991" lon="-16.66771">
        <ele>145.0</ele>
      </trkpt>
      <trkpt lat="28.05005" lon="-16.668479">
        <ele>138.9</ele>
      </trkpt>
      <trkpt lat="28.05006" lon="-16.668489">
        <ele>138.9</ele>
      </trkpt>
      <trkpt lat="28.05006" lon="-16.6685">
        <ele>138.8</ele>
      </trkpt>
      <trkpt lat="28.0501" lon="-16.6687">
        <ele>137.5</ele>
      </trkpt>
      <trkpt lat="28.05012" lon="-16.66884">
        <ele>136.6</ele>
      </trkpt>
      <trkpt lat="28.05017" lon="-16.669139">
        <ele>134.8</ele>
      </trkpt>
      <trkpt lat="28.0502" lon="-16.66929">
        <ele>134.1</ele>
      </trkpt>
      <trkpt lat="28.05024" lon="-16.669429">
        <ele>133.6</ele>
      </trkpt>
      <trkpt lat="28.05033" lon="-16.66978">
        <ele>132.2</ele>
      </trkpt>
      <trkpt lat="28.05033" lon="-16.669789">
        <ele>132.2</ele>
      </trkpt>
      <trkpt lat="28.05047" lon="-16.6702">
        <ele>130.1</ele>
      </trkpt>
      <trkpt lat="28.0507" lon="-16.67078">
        <ele>126.1</ele>
      </trkpt>
      <trkpt lat="28.05071" lon="-16.67082">
        <ele>125.8</ele>
      </trkpt>
      <trkpt lat="28.05085" lon="-16.67122">
        <ele>124.3</ele>
      </trkpt>
      <trkpt lat="28.05096" lon="-16.67152">
        <ele>123.8</ele>
      </trkpt>
      <trkpt lat="28.05102" lon="-16.67175">
        <ele>123.6</ele>
      </trkpt>
      <trkpt lat="28.05104" lon="-16.67182">
        <ele>123.7</ele>
      </trkpt>
      <trkpt lat="28.05107" lon="-16.67194">
        <ele>123.8</ele>
      </trkpt>
      <trkpt lat="28.05109" lon="-16.67211">
        <ele>123.6</ele>
      </trkpt>
      <trkpt lat="28.05111" lon="-16.672509">
        <ele>123.0</ele>
      </trkpt>
      <trkpt lat="28.05111" lon="-16.672519">
        <ele>123.0</ele>
      </trkpt>
      <trkpt lat="28.05112" lon="-16.67282">
        <ele>123.1</ele>
      </trkpt>
      <trkpt lat="28.05113" lon="-16.67339">
        <ele>122.9</ele>
      </trkpt>
      <trkpt lat="28.05118" lon="-16.67385">
        <ele>121.9</ele>
      </trkpt>
      <trkpt lat="28.05119" lon="-16.67404">
        <ele>121.3</ele>
      </trkpt>
      <trkpt lat="28.0512" lon="-16.6741">
        <ele>121.2</ele>
      </trkpt>
      <trkpt lat="28.05122" lon="-16.67423">
        <ele>120.9</ele>
      </trkpt>
      <trkpt lat="28.05129" lon="-16.6747">
        <ele>119.7</ele>
      </trkpt>
      <trkpt lat="28.05131" lon="-16.674869">
        <ele>119.2</ele>
      </trkpt>
      <trkpt lat="28.05135" lon="-16.6751">
        <ele>118.4</ele>
      </trkpt>
      <trkpt lat="28.05138" lon="-16.67523">
        <ele>117.8</ele>
      </trkpt>
      <trkpt lat="28.05139" lon="-16.6753">
        <ele>117.5</ele>
      </trkpt>
      <trkpt lat="28.05143" lon="-16.67547">
        <ele>116.7</ele>
      </trkpt>
      <trkpt lat="28.05144" lon="-16.6755">
        <ele>116.6</ele>
      </trkpt>
      <trkpt lat="28.05148" lon="-16.67564">
        <ele>116.0</ele>
      </trkpt>
      <trkpt lat="28.0515" lon="-16.67569">
        <ele>115.8</ele>
      </trkpt>
      <trkpt lat="28.0515" lon="-16.675709">
        <ele>115.7</ele>
      </trkpt>
      <trkpt lat="28.05156" lon="-16.67588">
        <ele>115.0</ele>
      </trkpt>
      <trkpt lat="28.0517" lon="-16.676279">
        <ele>114.0</ele>
      </trkpt>
      <trkpt lat="28.05188" lon="-16.6768">
        <ele>112.5</ele>
      </trkpt>
      <trkpt lat="28.051914" lon="-16.676867">
        <ele>112.2</ele>
      </trkpt>
      <trkpt lat="28.05193" lon="-16.6769">
        <ele>112.0</ele>
      </trkpt>
      <trkpt lat="28.05199" lon="-16.67701">
        <ele>111.4</ele>
      </trkpt>
      <trkpt lat="28.05201" lon="-16.677029">
        <ele>111.3</ele>
      </trkpt>
      <trkpt lat="28.05207" lon="-16.67709">
        <ele>111.0</ele>
      </trkpt>
      <trkpt lat="28.05208" lon="-16.6771">
        <ele>110.9</ele>
      </trkpt>
      <trkpt lat="28.05209" lon="-16.6771">
        <ele>110.9</ele>
      </trkpt>
      <trkpt lat="28.0521" lon="-16.6771">
        <ele>110.9</ele>
      </trkpt>
      <trkpt lat="28.05211" lon="-16.677109">
        <ele>110.8</ele>
      </trkpt>
      <trkpt lat="28.05212" lon="-16.677119">
        <ele>110.8</ele>
      </trkpt>
      <trkpt lat="28.05213" lon="-16.677129">
        <ele>110.7</ele>
      </trkpt>
      <trkpt lat="28.05214" lon="-16.67714">
        <ele>110.7</ele>
      </trkpt>
      <trkpt lat="28.05215" lon="-16.67714">
        <ele>110.6</ele>
      </trkpt>
      <trkpt lat="28.05215" lon="-16.67715">
        <ele>110.6</ele>
      </trkpt>
      <trkpt lat="28.05216" lon="-16.67716">
        <ele>110.5</ele>
      </trkpt>
      <trkpt lat="28.05216" lon="-16.67717">
        <ele>110.5</ele>
      </trkpt>
      <trkpt lat="28.05217" lon="-16.67718">
        <ele>110.4</ele>
      </trkpt>
      <trkpt lat="28.05217" lon="-16.67719">
        <ele>110.3</ele>
      </trkpt>
      <trkpt lat="28.05217" lon="-16.6772">
        <ele>110.3</ele>
      </trkpt>
      <trkpt lat="28.05218" lon="-16.677209">
        <ele>110.2</ele>
      </trkpt>
      <trkpt lat="28.05218" lon="-16.677219">
        <ele>110.1</ele>
      </trkpt>
      <trkpt lat="28.05218" lon="-16.67723">
        <ele>110.1</ele>
      </trkpt>
      <trkpt lat="28.05218" lon="-16.67724">
        <ele>110.0</ele>
      </trkpt>
      <trkpt lat="28.05218" lon="-16.67725">
        <ele>110.0</ele>
      </trkpt>
      <trkpt lat="28.05218" lon="-16.67726">
        <ele>109.9</ele>
      </trkpt>
      <trkpt lat="28.05217" lon="-16.677309">
        <ele>109.6</ele>
      </trkpt>
      <trkpt lat="28.05216" lon="-16.67733">
        <ele>109.5</ele>
      </trkpt>
      <trkpt lat="28.05215" lon="-16.67734">
        <ele>109.4</ele>
      </trkpt>
      <trkpt lat="28.05215" lon="-16.67735">
        <ele>109.3</ele>
      </trkpt>
      <trkpt lat="28.05214" lon="-16.67735">
        <ele>109.4</ele>
      </trkpt>
      <trkpt lat="28.05212" lon="-16.677409">
        <ele>109.0</ele>
      </trkpt>
      <trkpt lat="28.05211" lon="-16.67747">
        <ele>108.7</ele>
      </trkpt>
      <trkpt lat="28.0521" lon="-16.67753">
        <ele>108.4</ele>
      </trkpt>
      <trkpt lat="28.0521" lon="-16.67757">
        <ele>108.2</ele>
      </trkpt>
      <trkpt lat="28.0521" lon="-16.677589">
        <ele>108.2</ele>
      </trkpt>
      <trkpt lat="28.0521" lon="-16.67761">
        <ele>108.1</ele>
      </trkpt>
      <trkpt lat="28.05211" lon="-16.67764">
        <ele>108.0</ele>
      </trkpt>
      <trkpt lat="28.05217" lon="-16.67791">
        <ele>106.9</ele>
      </trkpt>
      <trkpt lat="28.05219" lon="-16.67803">
        <ele>106.5</ele>
      </trkpt>
      <trkpt lat="28.0522" lon="-16.678049">
        <ele>106.4</ele>
      </trkpt>
      <trkpt lat="28.05223" lon="-16.67812">
        <ele>106.1</ele>
      </trkpt>
      <trkpt lat="28.05226" lon="-16.67817">
        <ele>105.9</ele>
      </trkpt>
      <trkpt lat="28.05229" lon="-16.67822">
        <ele>105.7</ele>
      </trkpt>
      <trkpt lat="28.05229" lon="-16.67822">
        <ele>105.7</ele>
      </trkpt>
      <trkpt lat="28.0523" lon="-16.67822">
        <ele>105.6</ele>
      </trkpt>
      <trkpt lat="28.05232" lon="-16.678239">
        <ele>105.6</ele>
      </trkpt>
      <trkpt lat="28.05234" lon="-16.67826">
        <ele>105.5</ele>
      </trkpt>
      <trkpt lat="28.05239" lon="-16.6783">
        <ele>105.3</ele>
      </trkpt>
      <trkpt lat="28.05244" lon="-16.678329">
        <ele>105.1</ele>
      </trkpt>
      <trkpt lat="28.05245" lon="-16.678329">
        <ele>105.1</ele>
      </trkpt>
      <trkpt lat="28.05251" lon="-16.67838">
        <ele>104.9</ele>
      </trkpt>
      <trkpt lat="28.05253" lon="-16.67839">
        <ele>104.9</ele>
      </trkpt>
      <trkpt lat="28.05255" lon="-16.67839">
        <ele>104.9</ele>
      </trkpt>
      <trkpt lat="28.05257" lon="-16.67839">
        <ele>104.9</ele>
      </trkpt>
      <trkpt lat="28.05258" lon="-16.6784">
        <ele>104.9</ele>
      </trkpt>
      <trkpt lat="28.0526" lon="-16.67841">
        <ele>104.9</ele>
      </trkpt>
      <trkpt lat="28.05262" lon="-16.67841">
        <ele>105.0</ele>
      </trkpt>
      <trkpt lat="28.05263" lon="-16.67842">
        <ele>104.9</ele>
      </trkpt>
      <trkpt lat="28.05265" lon="-16.678429">
        <ele>104.9</ele>
      </trkpt>
      <trkpt lat="28.05268" lon="-16.67846">
        <ele>104.9</ele>
      </trkpt>
      <trkpt lat="28.0527" lon="-16.67848">
        <ele>104.9</ele>
      </trkpt>
      <trkpt lat="28.05273" lon="-16.67851">
        <ele>104.9</ele>
      </trkpt>
      <trkpt lat="28.05275" lon="-16.67854">
        <ele>104.8</ele>
      </trkpt>
      <trkpt lat="28.05276" lon="-16.67858">
        <ele>104.7</ele>
      </trkpt>
      <trkpt lat="28.05277" lon="-16.678619">
        <ele>104.6</ele>
      </trkpt>
      <trkpt lat="28.05278" lon="-16.67865">
        <ele>104.6</ele>
      </trkpt>
      <trkpt lat="28.05278" lon="-16.67869">
        <ele>104.5</ele>
      </trkpt>
      <trkpt lat="28.05278" lon="-16.678709">
        <ele>104.4</ele>
      </trkpt>
      <trkpt lat="28.05278" lon="-16.67873">
        <ele>104.4</ele>
      </trkpt>
      <trkpt lat="28.05278" lon="-16.67875">
        <ele>104.3</ele>
      </trkpt>
      <trkpt lat="28.05278" lon="-16.67876">
        <ele>104.3</ele>
      </trkpt>
      <trkpt lat="28.05278" lon="-16.67878">
        <ele>104.3</ele>
      </trkpt>
      <trkpt lat="28.05277" lon="-16.678799">
        <ele>104.2</ele>
      </trkpt>
      <trkpt lat="28.05277" lon="-16.67882">
        <ele>104.2</ele>
      </trkpt>
      <trkpt lat="28.05276" lon="-16.67883">
        <ele>104.1</ele>
      </trkpt>
      <trkpt lat="28.05276" lon="-16.67885">
        <ele>104.1</ele>
      </trkpt>
      <trkpt lat="28.05275" lon="-16.67886">
        <ele>104.0</ele>
      </trkpt>
      <trkpt lat="28.05274" lon="-16.67887">
        <ele>104.0</ele>
      </trkpt>
      <trkpt lat="28.05274" lon="-16.67889">
        <ele>104.0</ele>
      </trkpt>
      <trkpt lat="28.05273" lon="-16.678899">
        <ele>103.9</ele>
      </trkpt>
      <trkpt lat="28.05272" lon="-16.678909">
        <ele>103.9</ele>
      </trkpt>
      <trkpt lat="28.05271" lon="-16.67892">
        <ele>103.8</ele>
      </trkpt>
      <trkpt lat="28.0527" lon="-16.67894">
        <ele>103.8</ele>
      </trkpt>
      <trkpt lat="28.05272" lon="-16.67902">
        <ele>103.6</ele>
      </trkpt>
      <trkpt lat="28.05273" lon="-16.67906">
        <ele>103.5</ele>
      </trkpt>
      <trkpt lat="28.05275" lon="-16.679089">
        <ele>103.5</ele>
      </trkpt>
      <trkpt lat="28.05278" lon="-16.67913">
        <ele>103.4</ele>
      </trkpt>
      <trkpt lat="28.05286" lon="-16.67921">
        <ele>104.1</ele>
      </trkpt>
      <trkpt lat="28.05324" lon="-16.679469">
        <ele>106.0</ele>
      </trkpt>
      <trkpt lat="28.0533" lon="-16.67951">
        <ele>105.9</ele>
      </trkpt>
      <trkpt lat="28.05335" lon="-16.679559">
        <ele>106.1</ele>
      </trkpt>
      <trkpt lat="28.05339" lon="-16.6796">
        <ele>106.8</ele>
      </trkpt>
      <trkpt lat="28.05343" lon="-16.679649">
        <ele>107.4</ele>
      </trkpt>
      <trkpt lat="28.05348" lon="-16.679739">
        <ele>108.3</ele>
      </trkpt>
      <trkpt lat="28.053489" lon="-16.679758">
        <ele>108.5</ele>
      </trkpt>
      <trkpt lat="28.05356" lon="-16.67989">
        <ele>109.6</ele>
      </trkpt>
      <trkpt lat="28.05376" lon="-16.68023">
        <ele>112.5</ele>
      </trkpt>
      <trkpt lat="28.05385" lon="-16.68039">
        <ele>113.1</ele>
      </trkpt>
      <trkpt lat="28.05418" lon="-16.680969">
        <ele>111.4</ele>
      </trkpt>
      <trkpt lat="28.0543" lon="-16.68118">
        <ele>113.6</ele>
      </trkpt>
      <trkpt lat="28.05439" lon="-16.681339">
        <ele>114.9</ele>
      </trkpt>
      <trkpt lat="28.05448" lon="-16.6815">
        <ele>115.8</ele>
      </trkpt>
      <trkpt lat="28.05458" lon="-16.68168">
        <ele>116.6</ele>
      </trkpt>
      <trkpt lat="28.05467" lon="-16.68183">
        <ele>118.3</ele>
      </trkpt>
      <trkpt lat="28.05473" lon="-16.68195">
        <ele>119.3</ele>
      </trkpt>
      <trkpt lat="28.05481" lon="-16.682089">
        <ele>120.2</ele>
      </trkpt>
      <trkpt lat="28.05486" lon="-16.68217">
        <ele>120.6</ele>
      </trkpt>
      <trkpt lat="28.05489" lon="-16.68222">
        <ele>120.8</ele>
      </trkpt>
      <trkpt lat="28.05498" lon="-16.682379">
        <ele>121.0</ele>
      </trkpt>
      <trkpt lat="28.05514" lon="-16.682659">
        <ele>124.5</ele>
      </trkpt>
      <trkpt lat="28.05528" lon="-16.6829">
        <ele>126.7</ele>
      </trkpt>
      <trkpt lat="28.05547" lon="-16.683219">
        <ele>126.6</ele>
      </trkpt>
      <trkpt lat="28.05553" lon="-16.68333">
        <ele>125.8</ele>
      </trkpt>
      <trkpt lat="28.0556" lon="-16.68344">
        <ele>126.1</ele>
      </trkpt>
      <trkpt lat="28.05569" lon="-16.683599">
        <ele>126.4</ele>
      </trkpt>
      <trkpt lat="28.05588" lon="-16.68391">
        <ele>126.8</ele>
      </trkpt>
      <trkpt lat="28.05589" lon="-16.68393">
        <ele>126.9</ele>
      </trkpt>
      <trkpt lat="28.0564" lon="-16.68476">
        <ele>133.3</ele>
      </trkpt>
      <trkpt lat="28.05663" lon="-16.68512">
        <ele>134.5</ele>
      </trkpt>
      <trkpt lat="28.05714" lon="-16.68589">
        <ele>138.0</ele>
      </trkpt>
      <trkpt lat="28.05739" lon="-16.68629">
        <ele>138.3</ele>
      </trkpt>
      <trkpt lat="28.05755" lon="-16.68653">
        <ele>138.2</ele>
      </trkpt>
      <trkpt lat="28.05764" lon="-16.68666">
        <ele>138.5</ele>
      </trkpt>
      <trkpt lat="28.05775" lon="-16.68683">
        <ele>139.9</ele>
      </trkpt>
      <trkpt lat="28.0578" lon="-16.68693">
        <ele>140.7</ele>
      </trkpt>
      <trkpt lat="28.05785" lon="-16.68703">
        <ele>141.5</ele>
      </trkpt>
      <trkpt lat="28.0579" lon="-16.68714">
        <ele>142.4</ele>
      </trkpt>
      <trkpt lat="28.05792" lon="-16.68722">
        <ele>143.1</ele>
      </trkpt>
      <trkpt lat="28.05796" lon="-16.687349">
        <ele>144.2</ele>
      </trkpt>
      <trkpt lat="28.05797" lon="-16.6874">
        <ele>144.6</ele>
      </trkpt>
      <trkpt lat="28.05798" lon="-16.687439">
        <ele>144.9</ele>
      </trkpt>
      <trkpt lat="28.05798" lon="-16.68746">
        <ele>145.1</ele>
      </trkpt>
      <trkpt lat="28.05799" lon="-16.68752">
        <ele>145.7</ele>
      </trkpt>
      <trkpt lat="28.058" lon="-16.68758">
        <ele>146.1</ele>
      </trkpt>
      <trkpt lat="28.058" lon="-16.68767">
        <ele>146.9</ele>
      </trkpt>
      <trkpt lat="28.05801" lon="-16.68776">
        <ele>147.7</ele>
      </trkpt>
      <trkpt lat="28.05801" lon="-16.68788">
        <ele>148.8</ele>
      </trkpt>
      <trkpt lat="28.05799" lon="-16.68818">
        <ele>151.7</ele>
      </trkpt>
      <trkpt lat="28.05797" lon="-16.688559">
        <ele>156.1</ele>
      </trkpt>
      <trkpt lat="28.05794" lon="-16.68905">
        <ele>162.3</ele>
      </trkpt>
      <trkpt lat="28.05791" lon="-16.68964">
        <ele>168.3</ele>
      </trkpt>
      <trkpt lat="28.0579" lon="-16.68986">
        <ele>170.5</ele>
      </trkpt>
      <trkpt lat="28.0579" lon="-16.689879">
        <ele>170.6</ele>
      </trkpt>
      <trkpt lat="28.05789" lon="-16.68995">
        <ele>171.4</ele>
      </trkpt>
      <trkpt lat="28.05789" lon="-16.690069">
        <ele>172.0</ele>
      </trkpt>
      <trkpt lat="28.05789" lon="-16.69009">
        <ele>172.1</ele>
      </trkpt>
      <trkpt lat="28.05789" lon="-16.690159">
        <ele>172.3</ele>
      </trkpt>
      <trkpt lat="28.0579" lon="-16.69021">
        <ele>172.3</ele>
      </trkpt>
      <trkpt lat="28.05791" lon="-16.69031">
        <ele>172.3</ele>
      </trkpt>
      <trkpt lat="28.05794" lon="-16.69042">
        <ele>172.1</ele>
      </trkpt>
      <trkpt lat="28.05795" lon="-16.69049">
        <ele>172.1</ele>
      </trkpt>
      <trkpt lat="28.05802" lon="-16.69067">
        <ele>171.1</ele>
      </trkpt>
      <trkpt lat="28.05807" lon="-16.69078">
        <ele>170.3</ele>
      </trkpt>
      <trkpt lat="28.05811" lon="-16.69085">
        <ele>169.5</ele>
      </trkpt>
      <trkpt lat="28.05815" lon="-16.6909">
        <ele>168.7</ele>
      </trkpt>
      <trkpt lat="28.05821" lon="-16.69099">
        <ele>167.5</ele>
      </trkpt>
      <trkpt lat="28.05836" lon="-16.69115">
        <ele>164.7</ele>
      </trkpt>
      <trkpt lat="28.0584" lon="-16.691189">
        <ele>164.3</ele>
      </trkpt>
      <trkpt lat="28.05846" lon="-16.69124">
        <ele>163.6</ele>
      </trkpt>
      <trkpt lat="28.05862" lon="-16.691389">
        <ele>162.0</ele>
      </trkpt>
      <trkpt lat="28.05878" lon="-16.69155">
        <ele>160.6</ele>
      </trkpt>
      <trkpt lat="28.05889" lon="-16.6917">
        <ele>159.6</ele>
      </trkpt>
      <trkpt lat="28.05894" lon="-16.69179">
        <ele>158.8</ele>
      </trkpt>
      <trkpt lat="28.05898" lon="-16.69189">
        <ele>158.1</ele>
      </trkpt>
      <trkpt lat="28.059" lon="-16.69199">
        <ele>157.6</ele>
      </trkpt>
      <trkpt lat="28.05903" lon="-16.69211">
        <ele>156.9</ele>
      </trkpt>
      <trkpt lat="28.05903" lon="-16.69225">
        <ele>156.4</ele>
      </trkpt>
      <trkpt lat="28.05899" lon="-16.692499">
        <ele>156.1</ele>
      </trkpt>
      <trkpt lat="28.05891" lon="-16.69303">
        <ele>153.9</ele>
      </trkpt>
      <trkpt lat="28.05879" lon="-16.69384">
        <ele>149.7</ele>
      </trkpt>
      <trkpt lat="28.05871" lon="-16.694479">
        <ele>145.3</ele>
      </trkpt>
      <trkpt lat="28.05868" lon="-16.69479">
        <ele>143.1</ele>
      </trkpt>
      <trkpt lat="28.05866" lon="-16.69519">
        <ele>140.3</ele>
      </trkpt>
      <trkpt lat="28.05865" lon="-16.695709">
        <ele>136.7</ele>
      </trkpt>
      <trkpt lat="28.05866" lon="-16.696069">
        <ele>134.6</ele>
      </trkpt>
      <trkpt lat="28.05867" lon="-16.69637">
        <ele>133.1</ele>
      </trkpt>
      <trkpt lat="28.05867" lon="-16.69647">
        <ele>132.7</ele>
      </trkpt>
      <trkpt lat="28.05868" lon="-16.69666">
        <ele>131.7</ele>
      </trkpt>
      <trkpt lat="28.05875" lon="-16.69844">
        <ele>121.5</ele>
      </trkpt>
      <trkpt lat="28.05876" lon="-16.698789">
        <ele>118.3</ele>
      </trkpt>
      <trkpt lat="28.05879" lon="-16.699639">
        <ele>112.3</ele>
      </trkpt>
      <trkpt lat="28.0588" lon="-16.69978">
        <ele>111.6</ele>
      </trkpt>
      <trkpt lat="28.0588" lon="-16.69988">
        <ele>111.1</ele>
      </trkpt>
      <trkpt lat="28.05881" lon="-16.70008">
        <ele>110.2</ele>
      </trkpt>
      <trkpt lat="28.05881" lon="-16.70013">
        <ele>110.1</ele>
      </trkpt>
      <trkpt lat="28.05883" lon="-16.70043">
        <ele>109.3</ele>
      </trkpt>
      <trkpt lat="28.05883" lon="-16.70043">
        <ele>109.3</ele>
      </trkpt>
      <trkpt lat="28.05885" lon="-16.70116">
        <ele>106.1</ele>
      </trkpt>
      <trkpt lat="28.05888" lon="-16.701799">
        <ele>102.5</ele>
      </trkpt>
      <trkpt lat="28.05887" lon="-16.70205">
        <ele>102.1</ele>
      </trkpt>
      <trkpt lat="28.05884" lon="-16.702279">
        <ele>101.8</ele>
      </trkpt>
      <trkpt lat="28.0588" lon="-16.70247">
        <ele>101.5</ele>
      </trkpt>
      <trkpt lat="28.05872" lon="-16.70276">
        <ele>99.6</ele>
      </trkpt>
      <trkpt lat="28.05866" lon="-16.70296">
        <ele>98.3</ele>
      </trkpt>
      <trkpt lat="28.05862" lon="-16.70308">
        <ele>97.7</ele>
      </trkpt>
      <trkpt lat="28.05848" lon="-16.703489">
        <ele>96.7</ele>
      </trkpt>
      <trkpt lat="28.05845" lon="-16.703579">
        <ele>96.9</ele>
      </trkpt>
      <trkpt lat="28.05842" lon="-16.70364">
        <ele>97.1</ele>
      </trkpt>
      <trkpt lat="28.05842" lon="-16.70365">
        <ele>97.1</ele>
      </trkpt>
      <trkpt lat="28.0584" lon="-16.703679">
        <ele>97.3</ele>
      </trkpt>
      <trkpt lat="28.05837" lon="-16.70372">
        <ele>97.6</ele>
      </trkpt>
      <trkpt lat="28.05831" lon="-16.70379">
        <ele>97.8</ele>
      </trkpt>
      <trkpt lat="28.05824" lon="-16.70385">
        <ele>97.3</ele>
      </trkpt>
      <trkpt lat="28.05812" lon="-16.7039">
        <ele>96.5</ele>
      </trkpt>
      <trkpt lat="28.05804" lon="-16.70392">
        <ele>95.9</ele>
      </trkpt>
      <trkpt lat="28.058" lon="-16.70392">
        <ele>95.6</ele>
      </trkpt>
      <trkpt lat="28.05795" lon="-16.70392">
        <ele>95.2</ele>
      </trkpt>
      <trkpt lat="28.05791" lon="-16.70391">
        <ele>95.0</ele>
      </trkpt>
      <trkpt lat="28.05784" lon="-16.70389">
        <ele>94.4</ele>
      </trkpt>
      <trkpt lat="28.05773" lon="-16.70385">
        <ele>93.7</ele>
      </trkpt>
      <trkpt lat="28.05768" lon="-16.70381">
        <ele>93.3</ele>
      </trkpt>
      <trkpt lat="28.05759" lon="-16.703779">
        <ele>92.6</ele>
      </trkpt>
      <trkpt lat="28.05747" lon="-16.70374">
        <ele>91.7</ele>
      </trkpt>
      <trkpt lat="28.0571" lon="-16.70361">
        <ele>87.4</ele>
      </trkpt>
      <trkpt lat="28.057" lon="-16.703589">
        <ele>86.2</ele>
      </trkpt>
      <trkpt lat="28.05692" lon="-16.703579">
        <ele>85.2</ele>
      </trkpt>
      <trkpt lat="28.0568" lon="-16.703589">
        <ele>83.9</ele>
      </trkpt>
      <trkpt lat="28.05663" lon="-16.70366">
        <ele>81.9</ele>
      </trkpt>
      <trkpt lat="28.05656" lon="-16.7037">
        <ele>80.9</ele>
      </trkpt>
      <trkpt lat="28.05654" lon="-16.70371">
        <ele>80.6</ele>
      </trkpt>
      <trkpt lat="28.05652" lon="-16.70373">
        <ele>80.3</ele>
      </trkpt>
      <trkpt lat="28.05649" lon="-16.703769">
        <ele>79.9</ele>
      </trkpt>
      <trkpt lat="28.05646" lon="-16.70383">
        <ele>79.4</ele>
      </trkpt>
      <trkpt lat="28.05645" lon="-16.70389">
        <ele>79.2</ele>
      </trkpt>
      <trkpt lat="28.05644" lon="-16.703959">
        <ele>79.0</ele>
      </trkpt>
      <trkpt lat="28.05652" lon="-16.70473">
        <ele>75.2</ele>
      </trkpt>
      <trkpt lat="28.05655" lon="-16.70496">
        <ele>73.7</ele>
      </trkpt>
      <trkpt lat="28.05657" lon="-16.70515">
        <ele>71.6</ele>
      </trkpt>
      <trkpt lat="28.05667" lon="-16.70557">
        <ele>67.2</ele>
      </trkpt>
      <trkpt lat="28.05671" lon="-16.70573">
        <ele>65.3</ele>
      </trkpt>
      <trkpt lat="28.05675" lon="-16.705919">
        <ele>63.3</ele>
      </trkpt>
      <trkpt lat="28.05678" lon="-16.70604">
        <ele>62.4</ele>
      </trkpt>
      <trkpt lat="28.05695" lon="-16.706679">
        <ele>56.6</ele>
      </trkpt>
      <trkpt lat="28.05695" lon="-16.706689">
        <ele>56.6</ele>
      </trkpt>
      <trkpt lat="28.05695" lon="-16.70675">
        <ele>56.4</ele>
      </trkpt>
      <trkpt lat="28.05691" lon="-16.706869">
        <ele>55.7</ele>
      </trkpt>
      <trkpt lat="28.0569" lon="-16.7069">
        <ele>55.5</ele>
      </trkpt>
      <trkpt lat="28.05689" lon="-16.7069">
        <ele>55.5</ele>
      </trkpt>
      <trkpt lat="28.0569" lon="-16.7069">
        <ele>55.5</ele>
      </trkpt>
      <trkpt lat="28.05669" lon="-16.70732">
        <ele>53.5</ele>
      </trkpt>
      <trkpt lat="28.05667" lon="-16.70735">
        <ele>53.4</ele>
      </trkpt>
      <trkpt lat="28.05664" lon="-16.70741">
        <ele>53.1</ele>
      </trkpt>
      <trkpt lat="28.05658" lon="-16.7075">
        <ele>52.6</ele>
      </trkpt>
      <trkpt lat="28.05649" lon="-16.70759">
        <ele>51.8</ele>
      </trkpt>
      <trkpt lat="28.05645" lon="-16.707619">
        <ele>51.6</ele>
      </trkpt>
      <trkpt lat="28.05642" lon="-16.70764">
        <ele>51.4</ele>
      </trkpt>
      <trkpt lat="28.05591" lon="-16.707809">
        <ele>49.6</ele>
      </trkpt>
      <trkpt lat="28.05576" lon="-16.70787">
        <ele>49.0</ele>
      </trkpt>
    </trkseg>
  </trk>
</gpx>
