<?xml version="1.0" encoding="UTF-8"?>
<gpx xmlns:gpxdata="http://www.cluetrust.com/XML/GPXDATA/1/0" xmlns:xsi="http://www.w3.org/2001/XMLSchema-instance" xmlns="http://www.topografix.com/GPX/1/1" version="1.1" creator="http://ridewithgps.com/" xsi:schemaLocation="http://www.topografix.com/GPX/1/1 http://www.topografix.com/GPX/1/1/gpx.xsd http://www.cluetrust.com/XML/GPXDATA/1/0 http://www.cluetrust.com/Schemas/gpxdata10.xsd">
  <metadata>
    <name>San Isidro 50km Warm-Up/Recovery Ride</name>
    <link href="https://ridewithgps.com/routes/47502746">
      <text>San Isidro 50km Warm-Up/Recovery Ride</text>
    </link>
    <time>2024-07-10T06:49:14Z</time>
  </metadata>
  <trk>
    <name>San Isidro 50km Warm-Up/Recovery Ride</name>
    <trkseg>
      <trkpt lat="28.05564" lon="-16.707909">
        <ele>48.2</ele>
      </trkpt>
      <trkpt lat="28.0557" lon="-16.707889">
        <ele>48.6</ele>
      </trkpt>
      <trkpt lat="28.05574" lon="-16.70788">
        <ele>48.8</ele>
      </trkpt>
      <trkpt lat="28.055818" lon="-16.707847">
        <ele>49.3</ele>
      </trkpt>
      <trkpt lat="28.05591" lon="-16.707809">
        <ele>49.6</ele>
      </trkpt>
      <trkpt lat="28.05642" lon="-16.70764">
        <ele>51.4</ele>
      </trkpt>
      <trkpt lat="28.05645" lon="-16.707619">
        <ele>51.6</ele>
      </trkpt>
      <trkpt lat="28.05649" lon="-16.70759">
        <ele>51.8</ele>
      </trkpt>
      <trkpt lat="28.05658" lon="-16.7075">
        <ele>52.6</ele>
      </trkpt>
      <trkpt lat="28.05664" lon="-16.70741">
        <ele>53.1</ele>
      </trkpt>
      <trkpt lat="28.05667" lon="-16.70735">
        <ele>53.4</ele>
      </trkpt>
      <trkpt lat="28.05669" lon="-16.70732">
        <ele>53.5</ele>
      </trkpt>
      <trkpt lat="28.05691" lon="-16.706869">
        <ele>55.7</ele>
      </trkpt>
      <trkpt lat="28.05691" lon="-16.706869">
        <ele>55.7</ele>
      </trkpt>
      <trkpt lat="28.05695" lon="-16.70675">
        <ele>56.4</ele>
      </trkpt>
      <trkpt lat="28.05695" lon="-16.706689">
        <ele>56.6</ele>
      </trkpt>
      <trkpt lat="28.05695" lon="-16.706679">
        <ele>56.6</ele>
      </trkpt>
      <trkpt lat="28.05678" lon="-16.70604">
        <ele>62.4</ele>
      </trkpt>
      <trkpt lat="28.05675" lon="-16.705919">
        <ele>63.3</ele>
      </trkpt>
      <trkpt lat="28.05671" lon="-16.70573">
        <ele>65.3</ele>
      </trkpt>
      <trkpt lat="28.05667" lon="-16.70557">
        <ele>67.2</ele>
      </trkpt>
      <trkpt lat="28.05657" lon="-16.70515">
        <ele>71.6</ele>
      </trkpt>
      <trkpt lat="28.05655" lon="-16.70496">
        <ele>73.7</ele>
      </trkpt>
      <trkpt lat="28.05652" lon="-16.70473">
        <ele>75.2</ele>
      </trkpt>
      <trkpt lat="28.05644" lon="-16.703959">
        <ele>79.0</ele>
      </trkpt>
      <trkpt lat="28.05645" lon="-16.70389">
        <ele>79.2</ele>
      </trkpt>
      <trkpt lat="28.05646" lon="-16.70383">
        <ele>79.4</ele>
      </trkpt>
      <trkpt lat="28.05649" lon="-16.703769">
        <ele>79.9</ele>
      </trkpt>
      <trkpt lat="28.05652" lon="-16.70373">
        <ele>80.3</ele>
      </trkpt>
      <trkpt lat="28.05654" lon="-16.70371">
        <ele>80.6</ele>
      </trkpt>
      <trkpt lat="28.05656" lon="-16.7037">
        <ele>80.9</ele>
      </trkpt>
      <trkpt lat="28.05663" lon="-16.70366">
        <ele>81.9</ele>
      </trkpt>
      <trkpt lat="28.0568" lon="-16.703589">
        <ele>83.9</ele>
      </trkpt>
      <trkpt lat="28.05692" lon="-16.703579">
        <ele>85.2</ele>
      </trkpt>
      <trkpt lat="28.057" lon="-16.703589">
        <ele>86.2</ele>
      </trkpt>
      <trkpt lat="28.0571" lon="-16.70361">
        <ele>87.4</ele>
      </trkpt>
      <trkpt lat="28.05747" lon="-16.70374">
        <ele>91.7</ele>
      </trkpt>
      <trkpt lat="28.05759" lon="-16.703779">
        <ele>92.6</ele>
      </trkpt>
      <trkpt lat="28.05768" lon="-16.70381">
        <ele>93.3</ele>
      </trkpt>
      <trkpt lat="28.05773" lon="-16.70385">
        <ele>93.7</ele>
      </trkpt>
      <trkpt lat="28.05784" lon="-16.70389">
        <ele>94.4</ele>
      </trkpt>
      <trkpt lat="28.05791" lon="-16.70391">
        <ele>95.0</ele>
      </trkpt>
      <trkpt lat="28.05795" lon="-16.70392">
        <ele>95.2</ele>
      </trkpt>
      <trkpt lat="28.058" lon="-16.70392">
        <ele>95.6</ele>
      </trkpt>
      <trkpt lat="28.05804" lon="-16.70392">
        <ele>95.9</ele>
      </trkpt>
      <trkpt lat="28.05812" lon="-16.7039">
        <ele>96.5</ele>
      </trkpt>
      <trkpt lat="28.05824" lon="-16.70385">
        <ele>97.3</ele>
      </trkpt>
      <trkpt lat="28.05831" lon="-16.70379">
        <ele>97.8</ele>
      </trkpt>
      <trkpt lat="28.05837" lon="-16.70372">
        <ele>97.6</ele>
      </trkpt>
      <trkpt lat="28.0584" lon="-16.703679">
        <ele>97.3</ele>
      </trkpt>
      <trkpt lat="28.05842" lon="-16.70365">
        <ele>97.1</ele>
      </trkpt>
      <trkpt lat="28.05842" lon="-16.70364">
        <ele>97.1</ele>
      </trkpt>
      <trkpt lat="28.05845" lon="-16.703579">
        <ele>96.9</ele>
      </trkpt>
      <trkpt lat="28.05848" lon="-16.703489">
        <ele>96.7</ele>
      </trkpt>
      <trkpt lat="28.05862" lon="-16.70308">
        <ele>97.7</ele>
      </trkpt>
      <trkpt lat="28.05866" lon="-16.70296">
        <ele>98.3</ele>
      </trkpt>
      <trkpt lat="28.05872" lon="-16.70276">
        <ele>99.6</ele>
      </trkpt>
      <trkpt lat="28.0588" lon="-16.70247">
        <ele>101.5</ele>
      </trkpt>
      <trkpt lat="28.05884" lon="-16.702279">
        <ele>101.8</ele>
      </trkpt>
      <trkpt lat="28.05887" lon="-16.70205">
        <ele>102.1</ele>
      </trkpt>
      <trkpt lat="28.05888" lon="-16.701799">
        <ele>102.5</ele>
      </trkpt>
      <trkpt lat="28.05885" lon="-16.70116">
        <ele>106.1</ele>
      </trkpt>
      <trkpt lat="28.05883" lon="-16.70043">
        <ele>109.3</ele>
      </trkpt>
      <trkpt lat="28.05881" lon="-16.70013">
        <ele>110.1</ele>
      </trkpt>
      <trkpt lat="28.05881" lon="-16.70013">
        <ele>110.1</ele>
      </trkpt>
      <trkpt lat="28.05881" lon="-16.70008">
        <ele>110.2</ele>
      </trkpt>
      <trkpt lat="28.0588" lon="-16.69988">
        <ele>111.1</ele>
      </trkpt>
      <trkpt lat="28.0588" lon="-16.69978">
        <ele>111.6</ele>
      </trkpt>
      <trkpt lat="28.05879" lon="-16.699639">
        <ele>112.3</ele>
      </trkpt>
      <trkpt lat="28.05876" lon="-16.698789">
        <ele>118.3</ele>
      </trkpt>
      <trkpt lat="28.05875" lon="-16.69844">
        <ele>121.5</ele>
      </trkpt>
      <trkpt lat="28.05868" lon="-16.69666">
        <ele>131.7</ele>
      </trkpt>
      <trkpt lat="28.05867" lon="-16.69647">
        <ele>132.7</ele>
      </trkpt>
      <trkpt lat="28.05867" lon="-16.69637">
        <ele>133.1</ele>
      </trkpt>
      <trkpt lat="28.05866" lon="-16.696069">
        <ele>134.6</ele>
      </trkpt>
      <trkpt lat="28.05865" lon="-16.695709">
        <ele>136.7</ele>
      </trkpt>
      <trkpt lat="28.05866" lon="-16.69519">
        <ele>140.3</ele>
      </trkpt>
      <trkpt lat="28.05868" lon="-16.69479">
        <ele>143.1</ele>
      </trkpt>
      <trkpt lat="28.05871" lon="-16.694479">
        <ele>145.3</ele>
      </trkpt>
      <trkpt lat="28.05879" lon="-16.69384">
        <ele>149.7</ele>
      </trkpt>
      <trkpt lat="28.05891" lon="-16.69303">
        <ele>153.9</ele>
      </trkpt>
      <trkpt lat="28.05899" lon="-16.692499">
        <ele>156.1</ele>
      </trkpt>
      <trkpt lat="28.05903" lon="-16.69225">
        <ele>156.4</ele>
      </trkpt>
      <trkpt lat="28.05903" lon="-16.69211">
        <ele>156.9</ele>
      </trkpt>
      <trkpt lat="28.059" lon="-16.69199">
        <ele>157.6</ele>
      </trkpt>
      <trkpt lat="28.05898" lon="-16.69189">
        <ele>158.1</ele>
      </trkpt>
      <trkpt lat="28.05894" lon="-16.69179">
        <ele>158.8</ele>
      </trkpt>
      <trkpt lat="28.05889" lon="-16.6917">
        <ele>159.6</ele>
      </trkpt>
      <trkpt lat="28.05878" lon="-16.69155">
        <ele>160.6</ele>
      </trkpt>
      <trkpt lat="28.05862" lon="-16.691389">
        <ele>162.0</ele>
      </trkpt>
      <trkpt lat="28.05846" lon="-16.69124">
        <ele>163.6</ele>
      </trkpt>
      <trkpt lat="28.0584" lon="-16.691189">
        <ele>164.3</ele>
      </trkpt>
      <trkpt lat="28.05836" lon="-16.69115">
        <ele>164.7</ele>
      </trkpt>
      <trkpt lat="28.05821" lon="-16.69099">
        <ele>167.5</ele>
      </trkpt>
      <trkpt lat="28.05815" lon="-16.6909">
        <ele>168.7</ele>
      </trkpt>
      <trkpt lat="28.05811" lon="-16.69085">
        <ele>169.5</ele>
      </trkpt>
      <trkpt lat="28.05807" lon="-16.69078">
        <ele>170.3</ele>
      </trkpt>
      <trkpt lat="28.05802" lon="-16.69067">
        <ele>171.1</ele>
      </trkpt>
      <trkpt lat="28.05795" lon="-16.69049">
        <ele>172.1</ele>
      </trkpt>
      <trkpt lat="28.05794" lon="-16.69042">
        <ele>172.1</ele>
      </trkpt>
      <trkpt lat="28.05791" lon="-16.69031">
        <ele>172.3</ele>
      </trkpt>
      <trkpt lat="28.0579" lon="-16.69021">
        <ele>172.3</ele>
      </trkpt>
      <trkpt lat="28.05789" lon="-16.690159">
        <ele>172.3</ele>
      </trkpt>
      <trkpt lat="28.05789" lon="-16.69009">
        <ele>172.1</ele>
      </trkpt>
      <trkpt lat="28.05789" lon="-16.690069">
        <ele>172.0</ele>
      </trkpt>
      <trkpt lat="28.05789" lon="-16.68995">
        <ele>171.4</ele>
      </trkpt>
      <trkpt lat="28.0579" lon="-16.689879">
        <ele>170.6</ele>
      </trkpt>
      <trkpt lat="28.0579" lon="-16.68986">
        <ele>170.5</ele>
      </trkpt>
      <trkpt lat="28.05791" lon="-16.68964">
        <ele>168.3</ele>
      </trkpt>
      <trkpt lat="28.05794" lon="-16.68905">
        <ele>162.3</ele>
      </trkpt>
      <trkpt lat="28.05797" lon="-16.688559">
        <ele>156.1</ele>
      </trkpt>
      <trkpt lat="28.05799" lon="-16.68818">
        <ele>151.7</ele>
      </trkpt>
      <trkpt lat="28.05801" lon="-16.68788">
        <ele>148.8</ele>
      </trkpt>
      <trkpt lat="28.05801" lon="-16.68776">
        <ele>147.7</ele>
      </trkpt>
      <trkpt lat="28.058" lon="-16.68767">
        <ele>146.9</ele>
      </trkpt>
      <trkpt lat="28.058" lon="-16.68758">
        <ele>146.1</ele>
      </trkpt>
      <trkpt lat="28.05799" lon="-16.68752">
        <ele>145.7</ele>
      </trkpt>
      <trkpt lat="28.05798" lon="-16.68746">
        <ele>145.1</ele>
      </trkpt>
      <trkpt lat="28.05798" lon="-16.687439">
        <ele>144.9</ele>
      </trkpt>
      <trkpt lat="28.05797" lon="-16.6874">
        <ele>144.6</ele>
      </trkpt>
      <trkpt lat="28.05796" lon="-16.687349">
        <ele>144.2</ele>
      </trkpt>
      <trkpt lat="28.05792" lon="-16.68722">
        <ele>143.1</ele>
      </trkpt>
      <trkpt lat="28.0579" lon="-16.68714">
        <ele>142.4</ele>
      </trkpt>
      <trkpt lat="28.05785" lon="-16.68703">
        <ele>141.5</ele>
      </trkpt>
      <trkpt lat="28.0578" lon="-16.68693">
        <ele>140.7</ele>
      </trkpt>
      <trkpt lat="28.05775" lon="-16.68683">
        <ele>139.9</ele>
      </trkpt>
      <trkpt lat="28.05764" lon="-16.68666">
        <ele>138.5</ele>
      </trkpt>
      <trkpt lat="28.05755" lon="-16.68653">
        <ele>138.2</ele>
      </trkpt>
      <trkpt lat="28.05739" lon="-16.68629">
        <ele>138.3</ele>
      </trkpt>
      <trkpt lat="28.05714" lon="-16.68589">
        <ele>138.0</ele>
      </trkpt>
      <trkpt lat="28.05663" lon="-16.68512">
        <ele>134.5</ele>
      </trkpt>
      <trkpt lat="28.0564" lon="-16.68476">
        <ele>133.3</ele>
      </trkpt>
      <trkpt lat="28.05589" lon="-16.68393">
        <ele>126.9</ele>
      </trkpt>
      <trkpt lat="28.05588" lon="-16.68391">
        <ele>126.8</ele>
      </trkpt>
      <trkpt lat="28.05569" lon="-16.683599">
        <ele>126.4</ele>
      </trkpt>
      <trkpt lat="28.0556" lon="-16.68344">
        <ele>126.1</ele>
      </trkpt>
      <trkpt lat="28.05553" lon="-16.68333">
        <ele>125.8</ele>
      </trkpt>
      <trkpt lat="28.05547" lon="-16.683219">
        <ele>126.6</ele>
      </trkpt>
      <trkpt lat="28.05528" lon="-16.6829">
        <ele>126.7</ele>
      </trkpt>
      <trkpt lat="28.05514" lon="-16.682659">
        <ele>124.5</ele>
      </trkpt>
      <trkpt lat="28.05498" lon="-16.682379">
        <ele>121.0</ele>
      </trkpt>
      <trkpt lat="28.05489" lon="-16.68222">
        <ele>120.8</ele>
      </trkpt>
      <trkpt lat="28.05486" lon="-16.68217">
        <ele>120.6</ele>
      </trkpt>
      <trkpt lat="28.05481" lon="-16.682089">
        <ele>120.2</ele>
      </trkpt>
      <trkpt lat="28.05473" lon="-16.68195">
        <ele>119.3</ele>
      </trkpt>
      <trkpt lat="28.05467" lon="-16.68183">
        <ele>118.3</ele>
      </trkpt>
      <trkpt lat="28.05458" lon="-16.68168">
        <ele>116.6</ele>
      </trkpt>
      <trkpt lat="28.05448" lon="-16.6815">
        <ele>115.8</ele>
      </trkpt>
      <trkpt lat="28.05439" lon="-16.681339">
        <ele>114.9</ele>
      </trkpt>
      <trkpt lat="28.0543" lon="-16.68118">
        <ele>113.6</ele>
      </trkpt>
      <trkpt lat="28.05418" lon="-16.680969">
        <ele>111.4</ele>
      </trkpt>
      <trkpt lat="28.05385" lon="-16.68039">
        <ele>113.1</ele>
      </trkpt>
      <trkpt lat="28.05376" lon="-16.68023">
        <ele>112.5</ele>
      </trkpt>
      <trkpt lat="28.05356" lon="-16.67989">
        <ele>109.6</ele>
      </trkpt>
      <trkpt lat="28.05348" lon="-16.679739">
        <ele>108.3</ele>
      </trkpt>
      <trkpt lat="28.05343" lon="-16.679649">
        <ele>107.4</ele>
      </trkpt>
      <trkpt lat="28.05339" lon="-16.6796">
        <ele>106.8</ele>
      </trkpt>
      <trkpt lat="28.05335" lon="-16.679559">
        <ele>106.1</ele>
      </trkpt>
      <trkpt lat="28.0533" lon="-16.67951">
        <ele>105.9</ele>
      </trkpt>
      <trkpt lat="28.05324" lon="-16.679469">
        <ele>106.0</ele>
      </trkpt>
      <trkpt lat="28.05295" lon="-16.679279">
        <ele>105.1</ele>
      </trkpt>
      <trkpt lat="28.05295" lon="-16.679279">
        <ele>105.1</ele>
      </trkpt>
      <trkpt lat="28.05286" lon="-16.67921">
        <ele>104.1</ele>
      </trkpt>
      <trkpt lat="28.05267" lon="-16.67911">
        <ele>103.3</ele>
      </trkpt>
      <trkpt lat="28.0525" lon="-16.67903">
        <ele>103.3</ele>
      </trkpt>
      <trkpt lat="28.0525" lon="-16.67903">
        <ele>103.3</ele>
      </trkpt>
      <trkpt lat="28.05247" lon="-16.67902">
        <ele>103.3</ele>
      </trkpt>
      <trkpt lat="28.05245" lon="-16.67902">
        <ele>103.2</ele>
      </trkpt>
      <trkpt lat="28.05242" lon="-16.67901">
        <ele>103.2</ele>
      </trkpt>
      <trkpt lat="28.05239" lon="-16.678999">
        <ele>103.1</ele>
      </trkpt>
      <trkpt lat="28.05236" lon="-16.67898">
        <ele>103.1</ele>
      </trkpt>
      <trkpt lat="28.05234" lon="-16.67897">
        <ele>103.1</ele>
      </trkpt>
      <trkpt lat="28.05232" lon="-16.67894">
        <ele>103.1</ele>
      </trkpt>
      <trkpt lat="28.05229" lon="-16.67892">
        <ele>103.1</ele>
      </trkpt>
      <trkpt lat="28.0522" lon="-16.67892">
        <ele>102.9</ele>
      </trkpt>
      <trkpt lat="28.05214" lon="-16.67892">
        <ele>102.8</ele>
      </trkpt>
      <trkpt lat="28.05211" lon="-16.67892">
        <ele>102.7</ele>
      </trkpt>
      <trkpt lat="28.05207" lon="-16.67892">
        <ele>102.7</ele>
      </trkpt>
      <trkpt lat="28.05202" lon="-16.67893">
        <ele>102.5</ele>
      </trkpt>
      <trkpt lat="28.05199" lon="-16.67894">
        <ele>102.4</ele>
      </trkpt>
      <trkpt lat="28.05191" lon="-16.67896">
        <ele>102.1</ele>
      </trkpt>
      <trkpt lat="28.05179" lon="-16.67898">
        <ele>101.7</ele>
      </trkpt>
      <trkpt lat="28.05173" lon="-16.678989">
        <ele>101.4</ele>
      </trkpt>
      <trkpt lat="28.05162" lon="-16.678999">
        <ele>101.0</ele>
      </trkpt>
      <trkpt lat="28.051228" lon="-16.679043">
        <ele>99.4</ele>
      </trkpt>
      <trkpt lat="28.05046" lon="-16.67913">
        <ele>96.9</ele>
      </trkpt>
      <trkpt lat="28.04983" lon="-16.679179">
        <ele>96.4</ele>
      </trkpt>
      <trkpt lat="28.04974" lon="-16.679189">
        <ele>96.6</ele>
      </trkpt>
      <trkpt lat="28.04947" lon="-16.67922">
        <ele>97.1</ele>
      </trkpt>
      <trkpt lat="28.04939" lon="-16.67923">
        <ele>97.2</ele>
      </trkpt>
      <trkpt lat="28.04929" lon="-16.67925">
        <ele>97.3</ele>
      </trkpt>
      <trkpt lat="28.04903" lon="-16.67929">
        <ele>97.1</ele>
      </trkpt>
      <trkpt lat="28.04894" lon="-16.67931">
        <ele>96.9</ele>
      </trkpt>
      <trkpt lat="28.04886" lon="-16.67932">
        <ele>96.7</ele>
      </trkpt>
      <trkpt lat="28.04876" lon="-16.67934">
        <ele>96.5</ele>
      </trkpt>
      <trkpt lat="28.04858" lon="-16.679379">
        <ele>96.0</ele>
      </trkpt>
      <trkpt lat="28.04841" lon="-16.67942">
        <ele>95.6</ele>
      </trkpt>
      <trkpt lat="28.04832" lon="-16.67944">
        <ele>95.3</ele>
      </trkpt>
      <trkpt lat="28.04823" lon="-16.679469">
        <ele>94.8</ele>
      </trkpt>
      <trkpt lat="28.04797" lon="-16.679549">
        <ele>93.4</ele>
      </trkpt>
      <trkpt lat="28.04795" lon="-16.679559">
        <ele>93.2</ele>
      </trkpt>
      <trkpt lat="28.04791" lon="-16.67958">
        <ele>93.0</ele>
      </trkpt>
      <trkpt lat="28.04744" lon="-16.67977">
        <ele>90.6</ele>
      </trkpt>
      <trkpt lat="28.0474" lon="-16.67979">
        <ele>90.4</ele>
      </trkpt>
      <trkpt lat="28.04713" lon="-16.6799">
        <ele>89.1</ele>
      </trkpt>
      <trkpt lat="28.04698" lon="-16.67996">
        <ele>88.3</ele>
      </trkpt>
      <trkpt lat="28.04696" lon="-16.67997">
        <ele>88.2</ele>
      </trkpt>
      <trkpt lat="28.04695" lon="-16.67997">
        <ele>88.2</ele>
      </trkpt>
      <trkpt lat="28.04689" lon="-16.67999">
        <ele>87.8</ele>
      </trkpt>
      <trkpt lat="28.04685" lon="-16.68001">
        <ele>87.7</ele>
      </trkpt>
      <trkpt lat="28.04672" lon="-16.68004">
        <ele>87.3</ele>
      </trkpt>
      <trkpt lat="28.04654" lon="-16.68007">
        <ele>86.9</ele>
      </trkpt>
      <trkpt lat="28.04645" lon="-16.68008">
        <ele>86.8</ele>
      </trkpt>
      <trkpt lat="28.04633" lon="-16.68009">
        <ele>86.5</ele>
      </trkpt>
      <trkpt lat="28.04627" lon="-16.68008">
        <ele>86.3</ele>
      </trkpt>
      <trkpt lat="28.04618" lon="-16.68007">
        <ele>86.1</ele>
      </trkpt>
      <trkpt lat="28.0461" lon="-16.68004">
        <ele>85.8</ele>
      </trkpt>
      <trkpt lat="28.04607" lon="-16.680029">
        <ele>85.7</ele>
      </trkpt>
      <trkpt lat="28.046" lon="-16.68001">
        <ele>85.4</ele>
      </trkpt>
      <trkpt lat="28.04557" lon="-16.679829">
        <ele>84.5</ele>
      </trkpt>
      <trkpt lat="28.04552" lon="-16.67986">
        <ele>84.3</ele>
      </trkpt>
      <trkpt lat="28.04549" lon="-16.67987">
        <ele>84.1</ele>
      </trkpt>
      <trkpt lat="28.04545" lon="-16.67988">
        <ele>84.0</ele>
      </trkpt>
      <trkpt lat="28.04542" lon="-16.67988">
        <ele>83.9</ele>
      </trkpt>
      <trkpt lat="28.04538" lon="-16.67988">
        <ele>83.7</ele>
      </trkpt>
      <trkpt lat="28.04535" lon="-16.67987">
        <ele>83.7</ele>
      </trkpt>
      <trkpt lat="28.04531" lon="-16.67986">
        <ele>83.6</ele>
      </trkpt>
      <trkpt lat="28.04528" lon="-16.679849">
        <ele>83.5</ele>
      </trkpt>
      <trkpt lat="28.04525" lon="-16.679829">
        <ele>83.5</ele>
      </trkpt>
      <trkpt lat="28.04522" lon="-16.6798">
        <ele>83.4</ele>
      </trkpt>
      <trkpt lat="28.0452" lon="-16.67977">
        <ele>83.5</ele>
      </trkpt>
      <trkpt lat="28.04518" lon="-16.679739">
        <ele>83.5</ele>
      </trkpt>
      <trkpt lat="28.04516" lon="-16.67971">
        <ele>83.6</ele>
      </trkpt>
      <trkpt lat="28.04515" lon="-16.67967">
        <ele>83.7</ele>
      </trkpt>
      <trkpt lat="28.04514" lon="-16.67963">
        <ele>83.8</ele>
      </trkpt>
      <trkpt lat="28.04501" lon="-16.67958">
        <ele>83.5</ele>
      </trkpt>
      <trkpt lat="28.04497" lon="-16.679559">
        <ele>83.5</ele>
      </trkpt>
      <trkpt lat="28.04494" lon="-16.679549">
        <ele>83.5</ele>
      </trkpt>
      <trkpt lat="28.04489" lon="-16.679549">
        <ele>83.5</ele>
      </trkpt>
      <trkpt lat="28.04478" lon="-16.67953">
        <ele>83.4</ele>
      </trkpt>
      <trkpt lat="28.04464" lon="-16.67954">
        <ele>83.2</ele>
      </trkpt>
      <trkpt lat="28.04461" lon="-16.67954">
        <ele>83.2</ele>
      </trkpt>
      <trkpt lat="28.04446" lon="-16.679559">
        <ele>82.9</ele>
      </trkpt>
      <trkpt lat="28.04437" lon="-16.679569">
        <ele>82.8</ele>
      </trkpt>
      <trkpt lat="28.04434" lon="-16.679569">
        <ele>82.8</ele>
      </trkpt>
      <trkpt lat="28.04417" lon="-16.67962">
        <ele>82.4</ele>
      </trkpt>
      <trkpt lat="28.04411" lon="-16.67963">
        <ele>82.1</ele>
      </trkpt>
      <trkpt lat="28.04383" lon="-16.6797">
        <ele>81.0</ele>
      </trkpt>
      <trkpt lat="28.04382" lon="-16.6797">
        <ele>80.9</ele>
      </trkpt>
      <trkpt lat="28.04337" lon="-16.679829">
        <ele>79.3</ele>
      </trkpt>
      <trkpt lat="28.04313" lon="-16.6799">
        <ele>78.6</ele>
      </trkpt>
      <trkpt lat="28.04298" lon="-16.679939">
        <ele>78.2</ele>
      </trkpt>
      <trkpt lat="28.04296" lon="-16.679939">
        <ele>78.1</ele>
      </trkpt>
      <trkpt lat="28.04289" lon="-16.679929">
        <ele>77.9</ele>
      </trkpt>
      <trkpt lat="28.04275" lon="-16.67998">
        <ele>77.6</ele>
      </trkpt>
      <trkpt lat="28.04261" lon="-16.680019">
        <ele>77.4</ele>
      </trkpt>
      <trkpt lat="28.04197" lon="-16.6802">
        <ele>77.0</ele>
      </trkpt>
      <trkpt lat="28.04196" lon="-16.6802">
        <ele>77.0</ele>
      </trkpt>
      <trkpt lat="28.04169" lon="-16.68026">
        <ele>76.7</ele>
      </trkpt>
      <trkpt lat="28.04156" lon="-16.68028">
        <ele>76.3</ele>
      </trkpt>
      <trkpt lat="28.04112" lon="-16.68033">
        <ele>74.8</ele>
      </trkpt>
      <trkpt lat="28.04086" lon="-16.68034">
        <ele>73.9</ele>
      </trkpt>
      <trkpt lat="28.04063" lon="-16.68033">
        <ele>73.3</ele>
      </trkpt>
      <trkpt lat="28.04054" lon="-16.68033">
        <ele>73.1</ele>
      </trkpt>
      <trkpt lat="28.04053" lon="-16.68033">
        <ele>73.1</ele>
      </trkpt>
      <trkpt lat="28.04042" lon="-16.680319">
        <ele>72.8</ele>
      </trkpt>
      <trkpt lat="28.04028" lon="-16.680309">
        <ele>72.4</ele>
      </trkpt>
      <trkpt lat="28.04022" lon="-16.680299">
        <ele>72.2</ele>
      </trkpt>
      <trkpt lat="28.04004" lon="-16.68028">
        <ele>71.8</ele>
      </trkpt>
      <trkpt lat="28.03998" lon="-16.68027">
        <ele>71.6</ele>
      </trkpt>
      <trkpt lat="28.03958" lon="-16.68018">
        <ele>70.6</ele>
      </trkpt>
      <trkpt lat="28.03952" lon="-16.68016">
        <ele>70.5</ele>
      </trkpt>
      <trkpt lat="28.03934" lon="-16.68011">
        <ele>69.9</ele>
      </trkpt>
      <trkpt lat="28.03914" lon="-16.68006">
        <ele>69.2</ele>
      </trkpt>
      <trkpt lat="28.03899" lon="-16.680019">
        <ele>68.4</ele>
      </trkpt>
      <trkpt lat="28.03874" lon="-16.67995">
        <ele>67.4</ele>
      </trkpt>
      <trkpt lat="28.03841" lon="-16.67986">
        <ele>66.3</ele>
      </trkpt>
      <trkpt lat="28.03834" lon="-16.679839">
        <ele>66.0</ele>
      </trkpt>
      <trkpt lat="28.03816" lon="-16.67979">
        <ele>65.5</ele>
      </trkpt>
      <trkpt lat="28.03795" lon="-16.67973">
        <ele>64.8</ele>
      </trkpt>
      <trkpt lat="28.03781" lon="-16.67969">
        <ele>64.3</ele>
      </trkpt>
      <trkpt lat="28.03762" lon="-16.67964">
        <ele>63.5</ele>
      </trkpt>
      <trkpt lat="28.03735" lon="-16.6796">
        <ele>62.4</ele>
      </trkpt>
      <trkpt lat="28.0371" lon="-16.67958">
        <ele>61.3</ele>
      </trkpt>
      <trkpt lat="28.03681" lon="-16.679569">
        <ele>60.1</ele>
      </trkpt>
      <trkpt lat="28.03658" lon="-16.67958">
        <ele>59.2</ele>
      </trkpt>
      <trkpt lat="28.03644" lon="-16.67959">
        <ele>58.7</ele>
      </trkpt>
      <trkpt lat="28.03643" lon="-16.6796">
        <ele>58.6</ele>
      </trkpt>
      <trkpt lat="28.03638" lon="-16.6796">
        <ele>58.4</ele>
      </trkpt>
      <trkpt lat="28.0362" lon="-16.67963">
        <ele>57.7</ele>
      </trkpt>
      <trkpt lat="28.03599" lon="-16.67968">
        <ele>56.7</ele>
      </trkpt>
      <trkpt lat="28.03579" lon="-16.679739">
        <ele>55.9</ele>
      </trkpt>
      <trkpt lat="28.03567" lon="-16.67978">
        <ele>55.5</ele>
      </trkpt>
      <trkpt lat="28.03538" lon="-16.6799">
        <ele>54.7</ele>
      </trkpt>
      <trkpt lat="28.03537" lon="-16.67991">
        <ele>54.6</ele>
      </trkpt>
      <trkpt lat="28.03534" lon="-16.67992">
        <ele>54.6</ele>
      </trkpt>
      <trkpt lat="28.03513" lon="-16.680019">
        <ele>54.2</ele>
      </trkpt>
      <trkpt lat="28.03505" lon="-16.68007">
        <ele>54.2</ele>
      </trkpt>
      <trkpt lat="28.03496" lon="-16.680129">
        <ele>54.3</ele>
      </trkpt>
      <trkpt lat="28.0348" lon="-16.68024">
        <ele>54.3</ele>
      </trkpt>
      <trkpt lat="28.03446" lon="-16.680499">
        <ele>54.2</ele>
      </trkpt>
      <trkpt lat="28.03414" lon="-16.680769">
        <ele>53.8</ele>
      </trkpt>
      <trkpt lat="28.03409" lon="-16.6808">
        <ele>53.7</ele>
      </trkpt>
      <trkpt lat="28.03354" lon="-16.68128">
        <ele>51.9</ele>
      </trkpt>
      <trkpt lat="28.03337" lon="-16.68142">
        <ele>51.7</ele>
      </trkpt>
      <trkpt lat="28.03324" lon="-16.681529">
        <ele>52.0</ele>
      </trkpt>
      <trkpt lat="28.03302" lon="-16.681719">
        <ele>52.4</ele>
      </trkpt>
      <trkpt lat="28.03297" lon="-16.68177">
        <ele>52.4</ele>
      </trkpt>
      <trkpt lat="28.03281" lon="-16.68203">
        <ele>52.6</ele>
      </trkpt>
      <trkpt lat="28.03282" lon="-16.68206">
        <ele>52.6</ele>
      </trkpt>
      <trkpt lat="28.03281" lon="-16.68207">
        <ele>52.6</ele>
      </trkpt>
      <trkpt lat="28.03281" lon="-16.68208">
        <ele>52.6</ele>
      </trkpt>
      <trkpt lat="28.03281" lon="-16.682099">
        <ele>52.6</ele>
      </trkpt>
      <trkpt lat="28.0328" lon="-16.68211">
        <ele>52.6</ele>
      </trkpt>
      <trkpt lat="28.0328" lon="-16.68213">
        <ele>52.6</ele>
      </trkpt>
      <trkpt lat="28.03279" lon="-16.68214">
        <ele>52.7</ele>
      </trkpt>
      <trkpt lat="28.03278" lon="-16.68215">
        <ele>52.7</ele>
      </trkpt>
      <trkpt lat="28.03278" lon="-16.68216">
        <ele>52.7</ele>
      </trkpt>
      <trkpt lat="28.03277" lon="-16.68217">
        <ele>52.7</ele>
      </trkpt>
      <trkpt lat="28.03276" lon="-16.682179">
        <ele>52.7</ele>
      </trkpt>
      <trkpt lat="28.03275" lon="-16.682189">
        <ele>52.7</ele>
      </trkpt>
      <trkpt lat="28.03274" lon="-16.6822">
        <ele>52.7</ele>
      </trkpt>
      <trkpt lat="28.03273" lon="-16.68221">
        <ele>52.7</ele>
      </trkpt>
      <trkpt lat="28.03271" lon="-16.68222">
        <ele>52.7</ele>
      </trkpt>
      <trkpt lat="28.0327" lon="-16.68222">
        <ele>52.8</ele>
      </trkpt>
      <trkpt lat="28.03269" lon="-16.68223">
        <ele>52.8</ele>
      </trkpt>
      <trkpt lat="28.03267" lon="-16.68223">
        <ele>52.8</ele>
      </trkpt>
      <trkpt lat="28.03266" lon="-16.68223">
        <ele>52.8</ele>
      </trkpt>
      <trkpt lat="28.03265" lon="-16.68223">
        <ele>52.8</ele>
      </trkpt>
      <trkpt lat="28.03263" lon="-16.68223">
        <ele>52.8</ele>
      </trkpt>
      <trkpt lat="28.03262" lon="-16.68223">
        <ele>52.9</ele>
      </trkpt>
      <trkpt lat="28.03261" lon="-16.68223">
        <ele>52.9</ele>
      </trkpt>
      <trkpt lat="28.0326" lon="-16.68222">
        <ele>52.9</ele>
      </trkpt>
      <trkpt lat="28.03258" lon="-16.68222">
        <ele>52.9</ele>
      </trkpt>
      <trkpt lat="28.03257" lon="-16.68221">
        <ele>52.9</ele>
      </trkpt>
      <trkpt lat="28.03256" lon="-16.68221">
        <ele>52.9</ele>
      </trkpt>
      <trkpt lat="28.03256" lon="-16.6822">
        <ele>52.9</ele>
      </trkpt>
      <trkpt lat="28.03255" lon="-16.6822">
        <ele>52.9</ele>
      </trkpt>
      <trkpt lat="28.03235" lon="-16.6823">
        <ele>52.8</ele>
      </trkpt>
      <trkpt lat="28.03232" lon="-16.68232">
        <ele>52.7</ele>
      </trkpt>
      <trkpt lat="28.03205" lon="-16.68254">
        <ele>52.6</ele>
      </trkpt>
      <trkpt lat="28.03199" lon="-16.68259">
        <ele>52.7</ele>
      </trkpt>
      <trkpt lat="28.03192" lon="-16.68263">
        <ele>52.8</ele>
      </trkpt>
      <trkpt lat="28.03179" lon="-16.68271">
        <ele>53.1</ele>
      </trkpt>
      <trkpt lat="28.03176" lon="-16.68273">
        <ele>53.2</ele>
      </trkpt>
      <trkpt lat="28.03162" lon="-16.68279">
        <ele>53.3</ele>
      </trkpt>
      <trkpt lat="28.03144" lon="-16.682849">
        <ele>53.2</ele>
      </trkpt>
      <trkpt lat="28.03135" lon="-16.68286">
        <ele>53.1</ele>
      </trkpt>
      <trkpt lat="28.03127" lon="-16.68288">
        <ele>53.2</ele>
      </trkpt>
      <trkpt lat="28.03118" lon="-16.68289">
        <ele>53.1</ele>
      </trkpt>
      <trkpt lat="28.03112" lon="-16.6829">
        <ele>53.2</ele>
      </trkpt>
      <trkpt lat="28.03093" lon="-16.68289">
        <ele>52.8</ele>
      </trkpt>
      <trkpt lat="28.03082" lon="-16.68287">
        <ele>52.3</ele>
      </trkpt>
      <trkpt lat="28.03069" lon="-16.682849">
        <ele>52.0</ele>
      </trkpt>
      <trkpt lat="28.03061" lon="-16.682839">
        <ele>51.9</ele>
      </trkpt>
      <trkpt lat="28.0304" lon="-16.6828">
        <ele>51.4</ele>
      </trkpt>
      <trkpt lat="28.03026" lon="-16.68277">
        <ele>51.1</ele>
      </trkpt>
      <trkpt lat="28.02972" lon="-16.682659">
        <ele>49.5</ele>
      </trkpt>
      <trkpt lat="28.02967" lon="-16.682649">
        <ele>49.3</ele>
      </trkpt>
      <trkpt lat="28.02953" lon="-16.68262">
        <ele>48.7</ele>
      </trkpt>
      <trkpt lat="28.02929" lon="-16.682569">
        <ele>47.7</ele>
      </trkpt>
      <trkpt lat="28.02695" lon="-16.682089">
        <ele>42.4</ele>
      </trkpt>
      <trkpt lat="28.02677" lon="-16.68205">
        <ele>42.3</ele>
      </trkpt>
      <trkpt lat="28.02631" lon="-16.68196">
        <ele>41.8</ele>
      </trkpt>
      <trkpt lat="28.02604" lon="-16.68188">
        <ele>41.4</ele>
      </trkpt>
      <trkpt lat="28.02573" lon="-16.68178">
        <ele>41.1</ele>
      </trkpt>
      <trkpt lat="28.02553" lon="-16.68169">
        <ele>41.0</ele>
      </trkpt>
      <trkpt lat="28.02546" lon="-16.68166">
        <ele>41.0</ele>
      </trkpt>
      <trkpt lat="28.02539" lon="-16.681619">
        <ele>40.9</ele>
      </trkpt>
      <trkpt lat="28.02536" lon="-16.68161">
        <ele>40.9</ele>
      </trkpt>
      <trkpt lat="28.02522" lon="-16.681539">
        <ele>40.8</ele>
      </trkpt>
      <trkpt lat="28.02509" lon="-16.68146">
        <ele>40.8</ele>
      </trkpt>
      <trkpt lat="28.02506" lon="-16.68145">
        <ele>40.7</ele>
      </trkpt>
      <trkpt lat="28.02475" lon="-16.681239">
        <ele>40.2</ele>
      </trkpt>
      <trkpt lat="28.02466" lon="-16.68118">
        <ele>40.1</ele>
      </trkpt>
      <trkpt lat="28.02449" lon="-16.68104">
        <ele>39.9</ele>
      </trkpt>
      <trkpt lat="28.02419" lon="-16.680769">
        <ele>39.8</ele>
      </trkpt>
      <trkpt lat="28.02381" lon="-16.680409">
        <ele>38.1</ele>
      </trkpt>
      <trkpt lat="28.02349" lon="-16.68009">
        <ele>37.9</ele>
      </trkpt>
      <trkpt lat="28.02339" lon="-16.67999">
        <ele>38.0</ele>
      </trkpt>
      <trkpt lat="28.02308" lon="-16.67968">
        <ele>37.5</ele>
      </trkpt>
      <trkpt lat="28.02289" lon="-16.6795">
        <ele>37.1</ele>
      </trkpt>
      <trkpt lat="28.02285" lon="-16.679459">
        <ele>37.0</ele>
      </trkpt>
      <trkpt lat="28.02268" lon="-16.6793">
        <ele>36.5</ele>
      </trkpt>
      <trkpt lat="28.02257" lon="-16.679179">
        <ele>36.1</ele>
      </trkpt>
      <trkpt lat="28.02241" lon="-16.67903">
        <ele>35.7</ele>
      </trkpt>
      <trkpt lat="28.02225" lon="-16.67887">
        <ele>35.3</ele>
      </trkpt>
      <trkpt lat="28.02202" lon="-16.67864">
        <ele>34.8</ele>
      </trkpt>
      <trkpt lat="28.02192" lon="-16.67854">
        <ele>34.6</ele>
      </trkpt>
      <trkpt lat="28.02177" lon="-16.6784">
        <ele>34.2</ele>
      </trkpt>
      <trkpt lat="28.02166" lon="-16.67829">
        <ele>34.1</ele>
      </trkpt>
      <trkpt lat="28.02156" lon="-16.67818">
        <ele>34.3</ele>
      </trkpt>
      <trkpt lat="28.02142" lon="-16.67802">
        <ele>34.6</ele>
      </trkpt>
      <trkpt lat="28.02132" lon="-16.677879">
        <ele>34.7</ele>
      </trkpt>
      <trkpt lat="28.0213" lon="-16.677859">
        <ele>34.8</ele>
      </trkpt>
      <trkpt lat="28.02121" lon="-16.67772">
        <ele>34.9</ele>
      </trkpt>
      <trkpt lat="28.02104" lon="-16.67748">
        <ele>35.0</ele>
      </trkpt>
      <trkpt lat="28.02074" lon="-16.67699">
        <ele>34.9</ele>
      </trkpt>
      <trkpt lat="28.0207" lon="-16.676929">
        <ele>34.8</ele>
      </trkpt>
      <trkpt lat="28.02047" lon="-16.67652">
        <ele>34.4</ele>
      </trkpt>
      <trkpt lat="28.02018" lon="-16.67603">
        <ele>33.5</ele>
      </trkpt>
      <trkpt lat="28.02016" lon="-16.675999">
        <ele>33.4</ele>
      </trkpt>
      <trkpt lat="28.01989" lon="-16.67555">
        <ele>33.0</ele>
      </trkpt>
      <trkpt lat="28.01944" lon="-16.67479">
        <ele>32.0</ele>
      </trkpt>
      <trkpt lat="28.01944" lon="-16.674779">
        <ele>32.0</ele>
      </trkpt>
      <trkpt lat="28.01925" lon="-16.674489">
        <ele>31.0</ele>
      </trkpt>
      <trkpt lat="28.01916" lon="-16.67434">
        <ele>30.4</ele>
      </trkpt>
      <trkpt lat="28.01912" lon="-16.67426">
        <ele>30.2</ele>
      </trkpt>
      <trkpt lat="28.01899" lon="-16.674019">
        <ele>29.7</ele>
      </trkpt>
      <trkpt lat="28.0187" lon="-16.673549">
        <ele>28.9</ele>
      </trkpt>
      <trkpt lat="28.01854" lon="-16.67329">
        <ele>28.7</ele>
      </trkpt>
      <trkpt lat="28.01835" lon="-16.67296">
        <ele>28.5</ele>
      </trkpt>
      <trkpt lat="28.01812" lon="-16.67257">
        <ele>27.6</ele>
      </trkpt>
      <trkpt lat="28.01799" lon="-16.67237">
        <ele>27.2</ele>
      </trkpt>
      <trkpt lat="28.01772" lon="-16.67191">
        <ele>26.5</ele>
      </trkpt>
      <trkpt lat="28.01745" lon="-16.67145">
        <ele>25.8</ele>
      </trkpt>
      <trkpt lat="28.01732" lon="-16.67124">
        <ele>25.6</ele>
      </trkpt>
      <trkpt lat="28.01728" lon="-16.67117">
        <ele>25.6</ele>
      </trkpt>
      <trkpt lat="28.01711" lon="-16.67086">
        <ele>25.5</ele>
      </trkpt>
      <trkpt lat="28.01711" lon="-16.67086">
        <ele>25.5</ele>
      </trkpt>
      <trkpt lat="28.01709" lon="-16.67082">
        <ele>25.5</ele>
      </trkpt>
      <trkpt lat="28.01692" lon="-16.670449">
        <ele>25.8</ele>
      </trkpt>
      <trkpt lat="28.01683" lon="-16.67015">
        <ele>26.0</ele>
      </trkpt>
      <trkpt lat="28.01678" lon="-16.67">
        <ele>26.0</ele>
      </trkpt>
      <trkpt lat="28.01673" lon="-16.66984">
        <ele>25.6</ele>
      </trkpt>
      <trkpt lat="28.01668" lon="-16.66968">
        <ele>25.2</ele>
      </trkpt>
      <trkpt lat="28.01657" lon="-16.669339">
        <ele>24.3</ele>
      </trkpt>
      <trkpt lat="28.01652" lon="-16.66918">
        <ele>23.9</ele>
      </trkpt>
      <trkpt lat="28.01645" lon="-16.66894">
        <ele>23.7</ele>
      </trkpt>
      <trkpt lat="28.01637" lon="-16.66871">
        <ele>23.4</ele>
      </trkpt>
      <trkpt lat="28.01629" lon="-16.66851">
        <ele>23.2</ele>
      </trkpt>
      <trkpt lat="28.0162" lon="-16.668299">
        <ele>22.8</ele>
      </trkpt>
      <trkpt lat="28.01617" lon="-16.66826">
        <ele>22.7</ele>
      </trkpt>
      <trkpt lat="28.01613" lon="-16.66818">
        <ele>22.6</ele>
      </trkpt>
      <trkpt lat="28.01605" lon="-16.66805">
        <ele>22.3</ele>
      </trkpt>
      <trkpt lat="28.01597" lon="-16.667929">
        <ele>22.2</ele>
      </trkpt>
      <trkpt lat="28.01591" lon="-16.66785">
        <ele>22.1</ele>
      </trkpt>
      <trkpt lat="28.01581" lon="-16.66771">
        <ele>22.0</ele>
      </trkpt>
      <trkpt lat="28.01578" lon="-16.66767">
        <ele>22.0</ele>
      </trkpt>
      <trkpt lat="28.01541" lon="-16.667179">
        <ele>21.6</ele>
      </trkpt>
      <trkpt lat="28.01505" lon="-16.666699">
        <ele>21.0</ele>
      </trkpt>
      <trkpt lat="28.01494" lon="-16.66656">
        <ele>21.0</ele>
      </trkpt>
      <trkpt lat="28.01436" lon="-16.66579">
        <ele>20.6</ele>
      </trkpt>
      <trkpt lat="28.01412" lon="-16.66547">
        <ele>19.9</ele>
      </trkpt>
      <trkpt lat="28.01389" lon="-16.66517">
        <ele>19.6</ele>
      </trkpt>
      <trkpt lat="28.01377" lon="-16.665009">
        <ele>19.5</ele>
      </trkpt>
      <trkpt lat="28.01369" lon="-16.6649">
        <ele>19.2</ele>
      </trkpt>
      <trkpt lat="28.01359" lon="-16.66477">
        <ele>18.9</ele>
      </trkpt>
      <trkpt lat="28.01342" lon="-16.664549">
        <ele>18.1</ele>
      </trkpt>
      <trkpt lat="28.01326" lon="-16.66434">
        <ele>17.2</ele>
      </trkpt>
      <trkpt lat="28.01321" lon="-16.664269">
        <ele>17.0</ele>
      </trkpt>
      <trkpt lat="28.01317" lon="-16.66423">
        <ele>16.9</ele>
      </trkpt>
      <trkpt lat="28.01309" lon="-16.6641">
        <ele>16.5</ele>
      </trkpt>
      <trkpt lat="28.01307" lon="-16.664069">
        <ele>16.3</ele>
      </trkpt>
      <trkpt lat="28.013" lon="-16.663979">
        <ele>15.9</ele>
      </trkpt>
      <trkpt lat="28.01289" lon="-16.66387">
        <ele>15.4</ele>
      </trkpt>
      <trkpt lat="28.01283" lon="-16.66381">
        <ele>15.1</ele>
      </trkpt>
      <trkpt lat="28.01276" lon="-16.663799">
        <ele>15.1</ele>
      </trkpt>
      <trkpt lat="28.01272" lon="-16.66377">
        <ele>14.9</ele>
      </trkpt>
      <trkpt lat="28.01265" lon="-16.66374">
        <ele>14.7</ele>
      </trkpt>
      <trkpt lat="28.012544" lon="-16.663705">
        <ele>14.5</ele>
      </trkpt>
      <trkpt lat="28.01244" lon="-16.66367">
        <ele>13.9</ele>
      </trkpt>
      <trkpt lat="28.01239" lon="-16.66366">
        <ele>13.6</ele>
      </trkpt>
      <trkpt lat="28.01238" lon="-16.66367">
        <ele>13.6</ele>
      </trkpt>
      <trkpt lat="28.01237" lon="-16.66367">
        <ele>13.6</ele>
      </trkpt>
      <trkpt lat="28.01236" lon="-16.66368">
        <ele>13.6</ele>
      </trkpt>
      <trkpt lat="28.01235" lon="-16.66368">
        <ele>13.5</ele>
      </trkpt>
      <trkpt lat="28.01234" lon="-16.663689">
        <ele>13.6</ele>
      </trkpt>
      <trkpt lat="28.01233" lon="-16.663689">
        <ele>13.5</ele>
      </trkpt>
      <trkpt lat="28.01232" lon="-16.663689">
        <ele>13.5</ele>
      </trkpt>
      <trkpt lat="28.01231" lon="-16.663699">
        <ele>13.5</ele>
      </trkpt>
      <trkpt lat="28.0123" lon="-16.663699">
        <ele>13.4</ele>
      </trkpt>
      <trkpt lat="28.01229" lon="-16.663699">
        <ele>13.4</ele>
      </trkpt>
      <trkpt lat="28.01227" lon="-16.663699">
        <ele>13.3</ele>
      </trkpt>
      <trkpt lat="28.01226" lon="-16.663689">
        <ele>13.1</ele>
      </trkpt>
      <trkpt lat="28.01225" lon="-16.663689">
        <ele>13.1</ele>
      </trkpt>
      <trkpt lat="28.01224" lon="-16.663689">
        <ele>13.0</ele>
      </trkpt>
      <trkpt lat="28.01223" lon="-16.66368">
        <ele>12.9</ele>
      </trkpt>
      <trkpt lat="28.01222" lon="-16.66368">
        <ele>12.9</ele>
      </trkpt>
      <trkpt lat="28.01221" lon="-16.66367">
        <ele>12.8</ele>
      </trkpt>
      <trkpt lat="28.01219" lon="-16.66366">
        <ele>12.6</ele>
      </trkpt>
      <trkpt lat="28.01219" lon="-16.66365">
        <ele>12.5</ele>
      </trkpt>
      <trkpt lat="28.01218" lon="-16.66364">
        <ele>12.4</ele>
      </trkpt>
      <trkpt lat="28.01217" lon="-16.66363">
        <ele>12.3</ele>
      </trkpt>
      <trkpt lat="28.01216" lon="-16.66362">
        <ele>12.2</ele>
      </trkpt>
      <trkpt lat="28.01216" lon="-16.663609">
        <ele>12.2</ele>
      </trkpt>
      <trkpt lat="28.01215" lon="-16.663599">
        <ele>12.1</ele>
      </trkpt>
      <trkpt lat="28.01215" lon="-16.66359">
        <ele>12.0</ele>
      </trkpt>
      <trkpt lat="28.01214" lon="-16.66358">
        <ele>11.9</ele>
      </trkpt>
      <trkpt lat="28.01214" lon="-16.66357">
        <ele>11.9</ele>
      </trkpt>
      <trkpt lat="28.01214" lon="-16.66355">
        <ele>11.7</ele>
      </trkpt>
      <trkpt lat="28.01214" lon="-16.66354">
        <ele>11.7</ele>
      </trkpt>
      <trkpt lat="28.01213" lon="-16.66353">
        <ele>11.6</ele>
      </trkpt>
      <trkpt lat="28.01196" lon="-16.66347">
        <ele>10.8</ele>
      </trkpt>
      <trkpt lat="28.01186" lon="-16.66344">
        <ele>10.5</ele>
      </trkpt>
      <trkpt lat="28.01184" lon="-16.66343">
        <ele>10.4</ele>
      </trkpt>
      <trkpt lat="28.01182" lon="-16.663419">
        <ele>10.3</ele>
      </trkpt>
      <trkpt lat="28.01179" lon="-16.66338">
        <ele>10.2</ele>
      </trkpt>
      <trkpt lat="28.01154" lon="-16.66331">
        <ele>9.0</ele>
      </trkpt>
      <trkpt lat="28.01109" lon="-16.66318">
        <ele>5.8</ele>
      </trkpt>
      <trkpt lat="28.01097" lon="-16.663139">
        <ele>5.1</ele>
      </trkpt>
      <trkpt lat="28.01072" lon="-16.66306">
        <ele>4.3</ele>
      </trkpt>
      <trkpt lat="28.01052" lon="-16.663">
        <ele>4.2</ele>
      </trkpt>
      <trkpt lat="28.010521" lon="-16.663004">
        <ele>4.2</ele>
      </trkpt>
      <trkpt lat="28.01052" lon="-16.663">
        <ele>4.2</ele>
      </trkpt>
      <trkpt lat="28.0104" lon="-16.66297">
        <ele>4.2</ele>
      </trkpt>
      <trkpt lat="28.01022" lon="-16.66288">
        <ele>4.1</ele>
      </trkpt>
      <trkpt lat="28.01013" lon="-16.66283">
        <ele>4.1</ele>
      </trkpt>
      <trkpt lat="28.01002" lon="-16.662769">
        <ele>4.0</ele>
      </trkpt>
      <trkpt lat="28.00976" lon="-16.662569">
        <ele>3.9</ele>
      </trkpt>
      <trkpt lat="28.00974" lon="-16.66256">
        <ele>3.9</ele>
      </trkpt>
      <trkpt lat="28.00956" lon="-16.66236">
        <ele>3.7</ele>
      </trkpt>
      <trkpt lat="28.00948" lon="-16.66225">
        <ele>3.5</ele>
      </trkpt>
      <trkpt lat="28.00945" lon="-16.662199">
        <ele>3.4</ele>
      </trkpt>
      <trkpt lat="28.00936" lon="-16.662019">
        <ele>3.2</ele>
      </trkpt>
      <trkpt lat="28.00932" lon="-16.66188">
        <ele>3.0</ele>
      </trkpt>
      <trkpt lat="28.00926" lon="-16.661629">
        <ele>2.7</ele>
      </trkpt>
      <trkpt lat="28.00923" lon="-16.66149">
        <ele>2.5</ele>
      </trkpt>
      <trkpt lat="28.00914" lon="-16.66109">
        <ele>1.6</ele>
      </trkpt>
      <trkpt lat="28.00906" lon="-16.660699">
        <ele>0.9</ele>
      </trkpt>
      <trkpt lat="28.00892" lon="-16.66011">
        <ele>0.7</ele>
      </trkpt>
      <trkpt lat="28.00891" lon="-16.66006">
        <ele>0.7</ele>
      </trkpt>
      <trkpt lat="28.00875" lon="-16.65937">
        <ele>-1.0</ele>
      </trkpt>
      <trkpt lat="28.00873" lon="-16.65924">
        <ele>-1.3</ele>
      </trkpt>
      <trkpt lat="28.00871" lon="-16.65916">
        <ele>-1.5</ele>
      </trkpt>
      <trkpt lat="28.00867" lon="-16.65906">
        <ele>-1.2</ele>
      </trkpt>
      <trkpt lat="28.00863" lon="-16.65896">
        <ele>-0.8</ele>
      </trkpt>
      <trkpt lat="28.00854" lon="-16.658809">
        <ele>0.0</ele>
      </trkpt>
      <trkpt lat="28.00842" lon="-16.65867">
        <ele>0.8</ele>
      </trkpt>
      <trkpt lat="28.00837" lon="-16.65862">
        <ele>1.2</ele>
      </trkpt>
      <trkpt lat="28.00836" lon="-16.65856">
        <ele>1.6</ele>
      </trkpt>
      <trkpt lat="28.00836" lon="-16.65855">
        <ele>1.6</ele>
      </trkpt>
      <trkpt lat="28.00833" lon="-16.6585">
        <ele>2.0</ele>
      </trkpt>
      <trkpt lat="28.00827" lon="-16.658349">
        <ele>2.8</ele>
      </trkpt>
      <trkpt lat="28.00824" lon="-16.65827">
        <ele>3.1</ele>
      </trkpt>
      <trkpt lat="28.00821" lon="-16.658159">
        <ele>3.5</ele>
      </trkpt>
      <trkpt lat="28.00821" lon="-16.658159">
        <ele>3.5</ele>
      </trkpt>
      <trkpt lat="28.00834" lon="-16.65805">
        <ele>4.3</ele>
      </trkpt>
      <trkpt lat="28.00855" lon="-16.65786">
        <ele>4.0</ele>
      </trkpt>
      <trkpt lat="28.00864" lon="-16.657789">
        <ele>3.8</ele>
      </trkpt>
      <trkpt lat="28.00884" lon="-16.65763">
        <ele>3.0</ele>
      </trkpt>
      <trkpt lat="28.00914" lon="-16.65738">
        <ele>1.2</ele>
      </trkpt>
      <trkpt lat="28.00914" lon="-16.65738">
        <ele>1.2</ele>
      </trkpt>
      <trkpt lat="28.00905" lon="-16.65724">
        <ele>1.7</ele>
      </trkpt>
      <trkpt lat="28.00861" lon="-16.656559">
        <ele>2.9</ele>
      </trkpt>
      <trkpt lat="28.00857" lon="-16.65649">
        <ele>3.0</ele>
      </trkpt>
      <trkpt lat="28.00856" lon="-16.656469">
        <ele>3.0</ele>
      </trkpt>
      <trkpt lat="28.00854" lon="-16.65645">
        <ele>3.1</ele>
      </trkpt>
      <trkpt lat="28.00853" lon="-16.65642">
        <ele>3.1</ele>
      </trkpt>
      <trkpt lat="28.00852" lon="-16.656389">
        <ele>3.1</ele>
      </trkpt>
      <trkpt lat="28.00852" lon="-16.656369">
        <ele>3.1</ele>
      </trkpt>
      <trkpt lat="28.00853" lon="-16.65635">
        <ele>3.0</ele>
      </trkpt>
      <trkpt lat="28.00853" lon="-16.65631">
        <ele>3.0</ele>
      </trkpt>
      <trkpt lat="28.00855" lon="-16.65622">
        <ele>2.8</ele>
      </trkpt>
      <trkpt lat="28.00859" lon="-16.65598">
        <ele>2.5</ele>
      </trkpt>
      <trkpt lat="28.00861" lon="-16.655899">
        <ele>2.4</ele>
      </trkpt>
      <trkpt lat="28.00866" lon="-16.65565">
        <ele>2.6</ele>
      </trkpt>
      <trkpt lat="28.00873" lon="-16.65532">
        <ele>3.0</ele>
      </trkpt>
      <trkpt lat="28.00879" lon="-16.65501">
        <ele>3.2</ele>
      </trkpt>
      <trkpt lat="28.00882" lon="-16.654879">
        <ele>3.5</ele>
      </trkpt>
      <trkpt lat="28.0089" lon="-16.654509">
        <ele>4.6</ele>
      </trkpt>
      <trkpt lat="28.00892" lon="-16.65438">
        <ele>5.0</ele>
      </trkpt>
      <trkpt lat="28.00895" lon="-16.65426">
        <ele>5.4</ele>
      </trkpt>
      <trkpt lat="28.00896" lon="-16.65418">
        <ele>5.7</ele>
      </trkpt>
      <trkpt lat="28.009" lon="-16.65402">
        <ele>6.2</ele>
      </trkpt>
      <trkpt lat="28.00903" lon="-16.65382">
        <ele>7.0</ele>
      </trkpt>
      <trkpt lat="28.00905" lon="-16.65374">
        <ele>7.3</ele>
      </trkpt>
      <trkpt lat="28.00908" lon="-16.65361">
        <ele>7.8</ele>
      </trkpt>
      <trkpt lat="28.00908" lon="-16.65361">
        <ele>7.8</ele>
      </trkpt>
      <trkpt lat="28.00913" lon="-16.65361">
        <ele>7.7</ele>
      </trkpt>
      <trkpt lat="28.0093" lon="-16.65358">
        <ele>7.4</ele>
      </trkpt>
      <trkpt lat="28.00943" lon="-16.65355">
        <ele>7.1</ele>
      </trkpt>
      <trkpt lat="28.00964" lon="-16.65352">
        <ele>6.5</ele>
      </trkpt>
      <trkpt lat="28.00984" lon="-16.653479">
        <ele>6.0</ele>
      </trkpt>
      <trkpt lat="28.01003" lon="-16.65345">
        <ele>5.6</ele>
      </trkpt>
      <trkpt lat="28.01054" lon="-16.653369">
        <ele>6.6</ele>
      </trkpt>
      <trkpt lat="28.01062" lon="-16.65335">
        <ele>6.7</ele>
      </trkpt>
      <trkpt lat="28.01065" lon="-16.65334">
        <ele>6.8</ele>
      </trkpt>
      <trkpt lat="28.01168" lon="-16.65316">
        <ele>11.2</ele>
      </trkpt>
      <trkpt lat="28.01247" lon="-16.653009">
        <ele>11.5</ele>
      </trkpt>
      <trkpt lat="28.01247" lon="-16.653009">
        <ele>11.5</ele>
      </trkpt>
      <trkpt lat="28.01254" lon="-16.65292">
        <ele>12.1</ele>
      </trkpt>
      <trkpt lat="28.01257" lon="-16.65287">
        <ele>12.4</ele>
      </trkpt>
      <trkpt lat="28.01262" lon="-16.652819">
        <ele>12.7</ele>
      </trkpt>
      <trkpt lat="28.0126" lon="-16.652729">
        <ele>13.1</ele>
      </trkpt>
      <trkpt lat="28.01247" lon="-16.65175">
        <ele>13.9</ele>
      </trkpt>
      <trkpt lat="28.01242" lon="-16.65142">
        <ele>13.8</ele>
      </trkpt>
      <trkpt lat="28.0124" lon="-16.651219">
        <ele>13.8</ele>
      </trkpt>
      <trkpt lat="28.01232" lon="-16.65061">
        <ele>12.1</ele>
      </trkpt>
      <trkpt lat="28.01228" lon="-16.65035">
        <ele>10.3</ele>
      </trkpt>
      <trkpt lat="28.01222" lon="-16.64995">
        <ele>8.0</ele>
      </trkpt>
      <trkpt lat="28.01209" lon="-16.648969">
        <ele>9.1</ele>
      </trkpt>
      <trkpt lat="28.01207" lon="-16.648869">
        <ele>9.4</ele>
      </trkpt>
      <trkpt lat="28.01194" lon="-16.64797">
        <ele>11.4</ele>
      </trkpt>
      <trkpt lat="28.01187" lon="-16.64757">
        <ele>12.1</ele>
      </trkpt>
      <trkpt lat="28.01185" lon="-16.64745">
        <ele>12.3</ele>
      </trkpt>
      <trkpt lat="28.01185" lon="-16.64744">
        <ele>12.4</ele>
      </trkpt>
      <trkpt lat="28.01179" lon="-16.64701">
        <ele>13.3</ele>
      </trkpt>
      <trkpt lat="28.01179" lon="-16.64698">
        <ele>13.4</ele>
      </trkpt>
      <trkpt lat="28.01167" lon="-16.64613">
        <ele>14.6</ele>
      </trkpt>
      <trkpt lat="28.01155" lon="-16.64529">
        <ele>17.2</ele>
      </trkpt>
      <trkpt lat="28.01145" lon="-16.644639">
        <ele>19.4</ele>
      </trkpt>
      <trkpt lat="28.01142" lon="-16.644369">
        <ele>20.1</ele>
      </trkpt>
      <trkpt lat="28.01137" lon="-16.64403">
        <ele>21.3</ele>
      </trkpt>
      <trkpt lat="28.01129" lon="-16.643439">
        <ele>23.6</ele>
      </trkpt>
      <trkpt lat="28.01123" lon="-16.64303">
        <ele>24.0</ele>
      </trkpt>
      <trkpt lat="28.01116" lon="-16.642489">
        <ele>23.6</ele>
      </trkpt>
      <trkpt lat="28.01115" lon="-16.64244">
        <ele>23.5</ele>
      </trkpt>
      <trkpt lat="28.01114" lon="-16.64236">
        <ele>23.4</ele>
      </trkpt>
      <trkpt lat="28.01107" lon="-16.64178">
        <ele>22.9</ele>
      </trkpt>
      <trkpt lat="28.01104" lon="-16.64161">
        <ele>22.7</ele>
      </trkpt>
      <trkpt lat="28.01103" lon="-16.641449">
        <ele>22.7</ele>
      </trkpt>
      <trkpt lat="28.01103" lon="-16.641449">
        <ele>22.7</ele>
      </trkpt>
      <trkpt lat="28.01102" lon="-16.641449">
        <ele>22.7</ele>
      </trkpt>
      <trkpt lat="28.01101" lon="-16.64144">
        <ele>22.6</ele>
      </trkpt>
      <trkpt lat="28.011" lon="-16.64144">
        <ele>22.6</ele>
      </trkpt>
      <trkpt lat="28.011" lon="-16.64143">
        <ele>22.6</ele>
      </trkpt>
      <trkpt lat="28.01099" lon="-16.64143">
        <ele>22.6</ele>
      </trkpt>
      <trkpt lat="28.01099" lon="-16.64142">
        <ele>22.6</ele>
      </trkpt>
      <trkpt lat="28.01098" lon="-16.64142">
        <ele>22.5</ele>
      </trkpt>
      <trkpt lat="28.01098" lon="-16.64141">
        <ele>22.5</ele>
      </trkpt>
      <trkpt lat="28.01097" lon="-16.6414">
        <ele>22.5</ele>
      </trkpt>
      <trkpt lat="28.01097" lon="-16.64139">
        <ele>22.5</ele>
      </trkpt>
      <trkpt lat="28.01096" lon="-16.64138">
        <ele>22.5</ele>
      </trkpt>
      <trkpt lat="28.01096" lon="-16.641369">
        <ele>22.5</ele>
      </trkpt>
      <trkpt lat="28.01096" lon="-16.641359">
        <ele>22.5</ele>
      </trkpt>
      <trkpt lat="28.01096" lon="-16.64135">
        <ele>22.5</ele>
      </trkpt>
      <trkpt lat="28.01096" lon="-16.64134">
        <ele>22.5</ele>
      </trkpt>
      <trkpt lat="28.01096" lon="-16.64133">
        <ele>22.5</ele>
      </trkpt>
      <trkpt lat="28.01096" lon="-16.64132">
        <ele>22.5</ele>
      </trkpt>
      <trkpt lat="28.01096" lon="-16.64131">
        <ele>22.5</ele>
      </trkpt>
      <trkpt lat="28.01096" lon="-16.6413">
        <ele>22.5</ele>
      </trkpt>
      <trkpt lat="28.01096" lon="-16.64129">
        <ele>22.5</ele>
      </trkpt>
      <trkpt lat="28.01097" lon="-16.64129">
        <ele>22.5</ele>
      </trkpt>
      <trkpt lat="28.01097" lon="-16.641279">
        <ele>22.5</ele>
      </trkpt>
      <trkpt lat="28.01097" lon="-16.641269">
        <ele>22.5</ele>
      </trkpt>
      <trkpt lat="28.01098" lon="-16.641269">
        <ele>22.5</ele>
      </trkpt>
      <trkpt lat="28.01098" lon="-16.641259">
        <ele>22.5</ele>
      </trkpt>
      <trkpt lat="28.01099" lon="-16.641259">
        <ele>22.6</ele>
      </trkpt>
      <trkpt lat="28.01099" lon="-16.64125">
        <ele>22.6</ele>
      </trkpt>
      <trkpt lat="28.011" lon="-16.64125">
        <ele>22.6</ele>
      </trkpt>
      <trkpt lat="28.011" lon="-16.64124">
        <ele>22.6</ele>
      </trkpt>
      <trkpt lat="28.01101" lon="-16.64124">
        <ele>22.6</ele>
      </trkpt>
      <trkpt lat="28.01102" lon="-16.64123">
        <ele>22.7</ele>
      </trkpt>
      <trkpt lat="28.01103" lon="-16.64123">
        <ele>22.7</ele>
      </trkpt>
      <trkpt lat="28.01104" lon="-16.64123">
        <ele>22.7</ele>
      </trkpt>
      <trkpt lat="28.01105" lon="-16.64122">
        <ele>22.8</ele>
      </trkpt>
      <trkpt lat="28.01106" lon="-16.64122">
        <ele>22.8</ele>
      </trkpt>
      <trkpt lat="28.01107" lon="-16.64122">
        <ele>22.9</ele>
      </trkpt>
      <trkpt lat="28.01107" lon="-16.64123">
        <ele>22.9</ele>
      </trkpt>
      <trkpt lat="28.01108" lon="-16.64123">
        <ele>22.9</ele>
      </trkpt>
      <trkpt lat="28.01109" lon="-16.64123">
        <ele>22.9</ele>
      </trkpt>
      <trkpt lat="28.0111" lon="-16.64123">
        <ele>23.0</ele>
      </trkpt>
      <trkpt lat="28.0111" lon="-16.64124">
        <ele>23.0</ele>
      </trkpt>
      <trkpt lat="28.01111" lon="-16.64124">
        <ele>23.0</ele>
      </trkpt>
      <trkpt lat="28.01112" lon="-16.64124">
        <ele>23.0</ele>
      </trkpt>
      <trkpt lat="28.01112" lon="-16.64125">
        <ele>23.0</ele>
      </trkpt>
      <trkpt lat="28.01113" lon="-16.64125">
        <ele>23.1</ele>
      </trkpt>
      <trkpt lat="28.01113" lon="-16.641259">
        <ele>23.1</ele>
      </trkpt>
      <trkpt lat="28.01114" lon="-16.641269">
        <ele>23.1</ele>
      </trkpt>
      <trkpt lat="28.01114" lon="-16.641279">
        <ele>23.1</ele>
      </trkpt>
      <trkpt lat="28.01115" lon="-16.641279">
        <ele>23.1</ele>
      </trkpt>
      <trkpt lat="28.01115" lon="-16.64129">
        <ele>23.1</ele>
      </trkpt>
      <trkpt lat="28.01115" lon="-16.6413">
        <ele>23.1</ele>
      </trkpt>
      <trkpt lat="28.01116" lon="-16.64131">
        <ele>23.2</ele>
      </trkpt>
      <trkpt lat="28.01116" lon="-16.64132">
        <ele>23.2</ele>
      </trkpt>
      <trkpt lat="28.01116" lon="-16.64133">
        <ele>23.2</ele>
      </trkpt>
      <trkpt lat="28.01116" lon="-16.64134">
        <ele>23.2</ele>
      </trkpt>
      <trkpt lat="28.01116" lon="-16.64135">
        <ele>23.2</ele>
      </trkpt>
      <trkpt lat="28.01129" lon="-16.641369">
        <ele>23.6</ele>
      </trkpt>
      <trkpt lat="28.01129" lon="-16.641369">
        <ele>23.6</ele>
      </trkpt>
      <trkpt lat="28.01135" lon="-16.641279">
        <ele>23.9</ele>
      </trkpt>
      <trkpt lat="28.01137" lon="-16.64124">
        <ele>23.9</ele>
      </trkpt>
      <trkpt lat="28.0114" lon="-16.641169">
        <ele>24.0</ele>
      </trkpt>
      <trkpt lat="28.01142" lon="-16.64101">
        <ele>24.1</ele>
      </trkpt>
      <trkpt lat="28.01142" lon="-16.640999">
        <ele>24.1</ele>
      </trkpt>
      <trkpt lat="28.01146" lon="-16.64073">
        <ele>24.3</ele>
      </trkpt>
      <trkpt lat="28.01157" lon="-16.63993">
        <ele>25.2</ele>
      </trkpt>
      <trkpt lat="28.01163" lon="-16.63947">
        <ele>26.2</ele>
      </trkpt>
      <trkpt lat="28.01164" lon="-16.63944">
        <ele>26.3</ele>
      </trkpt>
      <trkpt lat="28.01166" lon="-16.63927">
        <ele>26.7</ele>
      </trkpt>
      <trkpt lat="28.01166" lon="-16.63927">
        <ele>26.7</ele>
      </trkpt>
      <trkpt lat="28.01166" lon="-16.63927">
        <ele>26.7</ele>
      </trkpt>
      <trkpt lat="28.01167" lon="-16.63924">
        <ele>26.8</ele>
      </trkpt>
      <trkpt lat="28.01168" lon="-16.639119">
        <ele>27.5</ele>
      </trkpt>
      <trkpt lat="28.0117" lon="-16.6391">
        <ele>27.8</ele>
      </trkpt>
      <trkpt lat="28.01172" lon="-16.63907">
        <ele>28.1</ele>
      </trkpt>
      <trkpt lat="28.01175" lon="-16.63905">
        <ele>28.4</ele>
      </trkpt>
      <trkpt lat="28.01177" lon="-16.63903">
        <ele>28.6</ele>
      </trkpt>
      <trkpt lat="28.01181" lon="-16.639019">
        <ele>28.8</ele>
      </trkpt>
      <trkpt lat="28.01188" lon="-16.639009">
        <ele>29.1</ele>
      </trkpt>
      <trkpt lat="28.01206" lon="-16.639009">
        <ele>29.7</ele>
      </trkpt>
      <trkpt lat="28.01208" lon="-16.639009">
        <ele>29.7</ele>
      </trkpt>
      <trkpt lat="28.01224" lon="-16.639">
        <ele>30.3</ele>
      </trkpt>
      <trkpt lat="28.01242" lon="-16.63899">
        <ele>30.8</ele>
      </trkpt>
      <trkpt lat="28.01244" lon="-16.63899">
        <ele>30.9</ele>
      </trkpt>
      <trkpt lat="28.0126" lon="-16.63898">
        <ele>31.7</ele>
      </trkpt>
      <trkpt lat="28.01278" lon="-16.63898">
        <ele>32.7</ele>
      </trkpt>
      <trkpt lat="28.0128" lon="-16.63898">
        <ele>32.8</ele>
      </trkpt>
      <trkpt lat="28.01296" lon="-16.63897">
        <ele>33.8</ele>
      </trkpt>
      <trkpt lat="28.01314" lon="-16.63896">
        <ele>34.9</ele>
      </trkpt>
      <trkpt lat="28.01334" lon="-16.63896">
        <ele>36.0</ele>
      </trkpt>
      <trkpt lat="28.0135" lon="-16.63895">
        <ele>36.5</ele>
      </trkpt>
      <trkpt lat="28.01368" lon="-16.63894">
        <ele>37.1</ele>
      </trkpt>
      <trkpt lat="28.01404" lon="-16.638929">
        <ele>38.3</ele>
      </trkpt>
      <trkpt lat="28.01458" lon="-16.63891">
        <ele>40.2</ele>
      </trkpt>
      <trkpt lat="28.01476" lon="-16.63891">
        <ele>40.8</ele>
      </trkpt>
      <trkpt lat="28.01494" lon="-16.6389">
        <ele>41.4</ele>
      </trkpt>
      <trkpt lat="28.0155" lon="-16.63888">
        <ele>43.1</ele>
      </trkpt>
      <trkpt lat="28.01601" lon="-16.63887">
        <ele>44.1</ele>
      </trkpt>
      <trkpt lat="28.01718" lon="-16.63885">
        <ele>45.0</ele>
      </trkpt>
      <trkpt lat="28.01772" lon="-16.638829">
        <ele>46.3</ele>
      </trkpt>
      <trkpt lat="28.0179" lon="-16.638829">
        <ele>47.0</ele>
      </trkpt>
      <trkpt lat="28.01808" lon="-16.638819">
        <ele>47.8</ele>
      </trkpt>
      <trkpt lat="28.01826" lon="-16.638819">
        <ele>48.5</ele>
      </trkpt>
      <trkpt lat="28.01844" lon="-16.63881">
        <ele>49.7</ele>
      </trkpt>
      <trkpt lat="28.01903" lon="-16.6388">
        <ele>54.5</ele>
      </trkpt>
      <trkpt lat="28.01934" lon="-16.63879">
        <ele>56.6</ele>
      </trkpt>
      <trkpt lat="28.01952" lon="-16.63878">
        <ele>57.7</ele>
      </trkpt>
      <trkpt lat="28.0197" lon="-16.63877">
        <ele>58.7</ele>
      </trkpt>
      <trkpt lat="28.01988" lon="-16.63876">
        <ele>59.8</ele>
      </trkpt>
      <trkpt lat="28.02042" lon="-16.638739">
        <ele>60.0</ele>
      </trkpt>
      <trkpt lat="28.02059" lon="-16.638729">
        <ele>59.8</ele>
      </trkpt>
      <trkpt lat="28.02077" lon="-16.63872">
        <ele>59.6</ele>
      </trkpt>
      <trkpt lat="28.02131" lon="-16.63869">
        <ele>59.7</ele>
      </trkpt>
      <trkpt lat="28.02185" lon="-16.63866">
        <ele>59.6</ele>
      </trkpt>
      <trkpt lat="28.02221" lon="-16.638639">
        <ele>59.2</ele>
      </trkpt>
      <trkpt lat="28.02238" lon="-16.638639">
        <ele>59.0</ele>
      </trkpt>
      <trkpt lat="28.02268" lon="-16.638639">
        <ele>58.3</ele>
      </trkpt>
      <trkpt lat="28.02276" lon="-16.63863">
        <ele>58.1</ele>
      </trkpt>
      <trkpt lat="28.02312" lon="-16.63862">
        <ele>57.0</ele>
      </trkpt>
      <trkpt lat="28.02348" lon="-16.63861">
        <ele>56.0</ele>
      </trkpt>
      <trkpt lat="28.02365" lon="-16.6386">
        <ele>55.6</ele>
      </trkpt>
      <trkpt lat="28.02366" lon="-16.6386">
        <ele>55.6</ele>
      </trkpt>
      <trkpt lat="28.02384" lon="-16.63859">
        <ele>55.2</ele>
      </trkpt>
      <trkpt lat="28.02402" lon="-16.63859">
        <ele>54.7</ele>
      </trkpt>
      <trkpt lat="28.0242" lon="-16.63858">
        <ele>54.4</ele>
      </trkpt>
      <trkpt lat="28.02456" lon="-16.638559">
        <ele>54.1</ele>
      </trkpt>
      <trkpt lat="28.02474" lon="-16.638549">
        <ele>54.0</ele>
      </trkpt>
      <trkpt lat="28.02485" lon="-16.638549">
        <ele>53.9</ele>
      </trkpt>
      <trkpt lat="28.02529" lon="-16.638549">
        <ele>52.8</ele>
      </trkpt>
      <trkpt lat="28.02539" lon="-16.638539">
        <ele>52.5</ele>
      </trkpt>
      <trkpt lat="28.02598" lon="-16.63853">
        <ele>50.9</ele>
      </trkpt>
      <trkpt lat="28.02616" lon="-16.63852">
        <ele>50.7</ele>
      </trkpt>
      <trkpt lat="28.02626" lon="-16.63852">
        <ele>50.7</ele>
      </trkpt>
      <trkpt lat="28.02652" lon="-16.63851">
        <ele>50.5</ele>
      </trkpt>
      <trkpt lat="28.0267" lon="-16.6385">
        <ele>50.5</ele>
      </trkpt>
      <trkpt lat="28.02688" lon="-16.63849">
        <ele>51.0</ele>
      </trkpt>
      <trkpt lat="28.02716" lon="-16.63847">
        <ele>51.8</ele>
      </trkpt>
      <trkpt lat="28.02742" lon="-16.638459">
        <ele>52.5</ele>
      </trkpt>
      <trkpt lat="28.02821" lon="-16.63843">
        <ele>54.3</ele>
      </trkpt>
      <trkpt lat="28.02894" lon="-16.63841">
        <ele>55.5</ele>
      </trkpt>
      <trkpt lat="28.03043" lon="-16.638359">
        <ele>59.9</ele>
      </trkpt>
      <trkpt lat="28.03061" lon="-16.63835">
        <ele>60.4</ele>
      </trkpt>
      <trkpt lat="28.03115" lon="-16.63833">
        <ele>62.1</ele>
      </trkpt>
      <trkpt lat="28.03169" lon="-16.63831">
        <ele>64.1</ele>
      </trkpt>
      <trkpt lat="28.03238" lon="-16.63829">
        <ele>66.7</ele>
      </trkpt>
      <trkpt lat="28.03277" lon="-16.63829">
        <ele>68.4</ele>
      </trkpt>
      <trkpt lat="28.03299" lon="-16.6382">
        <ele>69.6</ele>
      </trkpt>
      <trkpt lat="28.03299" lon="-16.6382">
        <ele>69.6</ele>
      </trkpt>
      <trkpt lat="28.033" lon="-16.638169">
        <ele>69.7</ele>
      </trkpt>
      <trkpt lat="28.03302" lon="-16.63814">
        <ele>69.8</ele>
      </trkpt>
      <trkpt lat="28.03304" lon="-16.63812">
        <ele>69.9</ele>
      </trkpt>
      <trkpt lat="28.03305" lon="-16.63812">
        <ele>70.0</ele>
      </trkpt>
      <trkpt lat="28.03311" lon="-16.638">
        <ele>70.4</ele>
      </trkpt>
      <trkpt lat="28.03312" lon="-16.63794">
        <ele>70.6</ele>
      </trkpt>
      <trkpt lat="28.03311" lon="-16.63765">
        <ele>71.0</ele>
      </trkpt>
      <trkpt lat="28.03312" lon="-16.637509">
        <ele>71.2</ele>
      </trkpt>
      <trkpt lat="28.03315" lon="-16.63737">
        <ele>71.4</ele>
      </trkpt>
      <trkpt lat="28.03315" lon="-16.63735">
        <ele>71.4</ele>
      </trkpt>
      <trkpt lat="28.0332" lon="-16.6372">
        <ele>71.7</ele>
      </trkpt>
      <trkpt lat="28.03328" lon="-16.63706">
        <ele>72.2</ele>
      </trkpt>
      <trkpt lat="28.03344" lon="-16.63684">
        <ele>73.1</ele>
      </trkpt>
      <trkpt lat="28.0337" lon="-16.63666">
        <ele>73.9</ele>
      </trkpt>
      <trkpt lat="28.03394" lon="-16.63652">
        <ele>74.3</ele>
      </trkpt>
      <trkpt lat="28.03457" lon="-16.63617">
        <ele>78.3</ele>
      </trkpt>
      <trkpt lat="28.03461" lon="-16.63616">
        <ele>78.6</ele>
      </trkpt>
      <trkpt lat="28.03499" lon="-16.63598">
        <ele>81.3</ele>
      </trkpt>
      <trkpt lat="28.03505" lon="-16.63595">
        <ele>81.5</ele>
      </trkpt>
      <trkpt lat="28.03537" lon="-16.63577">
        <ele>82.1</ele>
      </trkpt>
      <trkpt lat="28.03559" lon="-16.635639">
        <ele>82.6</ele>
      </trkpt>
      <trkpt lat="28.03565" lon="-16.63561">
        <ele>82.8</ele>
      </trkpt>
      <trkpt lat="28.03587" lon="-16.6355">
        <ele>83.7</ele>
      </trkpt>
      <trkpt lat="28.03615" lon="-16.63534">
        <ele>84.5</ele>
      </trkpt>
      <trkpt lat="28.0362" lon="-16.6353">
        <ele>84.6</ele>
      </trkpt>
      <trkpt lat="28.03645" lon="-16.63511">
        <ele>85.8</ele>
      </trkpt>
      <trkpt lat="28.03655" lon="-16.63502">
        <ele>86.4</ele>
      </trkpt>
      <trkpt lat="28.03666" lon="-16.634889">
        <ele>86.7</ele>
      </trkpt>
      <trkpt lat="28.03671" lon="-16.63485">
        <ele>86.9</ele>
      </trkpt>
      <trkpt lat="28.03673" lon="-16.63483">
        <ele>86.9</ele>
      </trkpt>
      <trkpt lat="28.03675" lon="-16.634799">
        <ele>87.0</ele>
      </trkpt>
      <trkpt lat="28.03681" lon="-16.63472">
        <ele>87.1</ele>
      </trkpt>
      <trkpt lat="28.03685" lon="-16.63463">
        <ele>87.2</ele>
      </trkpt>
      <trkpt lat="28.03691" lon="-16.6345">
        <ele>87.3</ele>
      </trkpt>
      <trkpt lat="28.03692" lon="-16.63448">
        <ele>87.3</ele>
      </trkpt>
      <trkpt lat="28.03697" lon="-16.63434">
        <ele>87.4</ele>
      </trkpt>
      <trkpt lat="28.03701" lon="-16.6342">
        <ele>87.5</ele>
      </trkpt>
      <trkpt lat="28.03703" lon="-16.63408">
        <ele>88.1</ele>
      </trkpt>
      <trkpt lat="28.03705" lon="-16.63397">
        <ele>88.8</ele>
      </trkpt>
      <trkpt lat="28.03706" lon="-16.633859">
        <ele>89.5</ele>
      </trkpt>
      <trkpt lat="28.03707" lon="-16.63378">
        <ele>90.0</ele>
      </trkpt>
      <trkpt lat="28.03708" lon="-16.63373">
        <ele>90.3</ele>
      </trkpt>
      <trkpt lat="28.03708" lon="-16.6337">
        <ele>90.5</ele>
      </trkpt>
      <trkpt lat="28.03711" lon="-16.63351">
        <ele>91.8</ele>
      </trkpt>
      <trkpt lat="28.03715" lon="-16.63312">
        <ele>93.9</ele>
      </trkpt>
      <trkpt lat="28.03715" lon="-16.63308">
        <ele>94.1</ele>
      </trkpt>
      <trkpt lat="28.03719" lon="-16.63297">
        <ele>94.9</ele>
      </trkpt>
      <trkpt lat="28.03725" lon="-16.632819">
        <ele>95.9</ele>
      </trkpt>
      <trkpt lat="28.0373" lon="-16.63275">
        <ele>96.6</ele>
      </trkpt>
      <trkpt lat="28.03736" lon="-16.63266">
        <ele>97.4</ele>
      </trkpt>
      <trkpt lat="28.03741" lon="-16.63259">
        <ele>98.0</ele>
      </trkpt>
      <trkpt lat="28.0375" lon="-16.63251">
        <ele>99.0</ele>
      </trkpt>
      <trkpt lat="28.03791" lon="-16.63212">
        <ele>100.4</ele>
      </trkpt>
      <trkpt lat="28.03835" lon="-16.63172">
        <ele>102.0</ele>
      </trkpt>
      <trkpt lat="28.03856" lon="-16.63156">
        <ele>102.3</ele>
      </trkpt>
      <trkpt lat="28.0387" lon="-16.63146">
        <ele>102.4</ele>
      </trkpt>
      <trkpt lat="28.03907" lon="-16.63121">
        <ele>102.7</ele>
      </trkpt>
      <trkpt lat="28.03934" lon="-16.63107">
        <ele>102.9</ele>
      </trkpt>
      <trkpt lat="28.03951" lon="-16.63099">
        <ele>103.0</ele>
      </trkpt>
      <trkpt lat="28.04051" lon="-16.63041">
        <ele>104.0</ele>
      </trkpt>
      <trkpt lat="28.04086" lon="-16.630199">
        <ele>104.1</ele>
      </trkpt>
      <trkpt lat="28.0409" lon="-16.63018">
        <ele>104.3</ele>
      </trkpt>
      <trkpt lat="28.0415" lon="-16.629829">
        <ele>104.7</ele>
      </trkpt>
      <trkpt lat="28.042" lon="-16.629539">
        <ele>105.9</ele>
      </trkpt>
      <trkpt lat="28.04219" lon="-16.629439">
        <ele>107.2</ele>
      </trkpt>
      <trkpt lat="28.04231" lon="-16.62938">
        <ele>108.2</ele>
      </trkpt>
      <trkpt lat="28.04235" lon="-16.629349">
        <ele>108.5</ele>
      </trkpt>
      <trkpt lat="28.04247" lon="-16.62929">
        <ele>109.5</ele>
      </trkpt>
      <trkpt lat="28.04251" lon="-16.62927">
        <ele>109.8</ele>
      </trkpt>
      <trkpt lat="28.04278" lon="-16.62918">
        <ele>111.8</ele>
      </trkpt>
      <trkpt lat="28.04305" lon="-16.6291">
        <ele>113.7</ele>
      </trkpt>
      <trkpt lat="28.04321" lon="-16.62905">
        <ele>114.8</ele>
      </trkpt>
      <trkpt lat="28.04333" lon="-16.62903">
        <ele>115.7</ele>
      </trkpt>
      <trkpt lat="28.04348" lon="-16.62901">
        <ele>116.4</ele>
      </trkpt>
      <trkpt lat="28.04375" lon="-16.629">
        <ele>118.1</ele>
      </trkpt>
      <trkpt lat="28.04395" lon="-16.629">
        <ele>119.4</ele>
      </trkpt>
      <trkpt lat="28.04409" lon="-16.62901">
        <ele>120.4</ele>
      </trkpt>
      <trkpt lat="28.04435" lon="-16.62901">
        <ele>121.6</ele>
      </trkpt>
      <trkpt lat="28.04455" lon="-16.62901">
        <ele>122.3</ele>
      </trkpt>
      <trkpt lat="28.04465" lon="-16.628979">
        <ele>122.5</ele>
      </trkpt>
      <trkpt lat="28.04476" lon="-16.62895">
        <ele>122.8</ele>
      </trkpt>
      <trkpt lat="28.04479" lon="-16.62894">
        <ele>122.8</ele>
      </trkpt>
      <trkpt lat="28.0448" lon="-16.62893">
        <ele>122.8</ele>
      </trkpt>
      <trkpt lat="28.04482" lon="-16.62893">
        <ele>122.9</ele>
      </trkpt>
      <trkpt lat="28.04485" lon="-16.62893">
        <ele>123.0</ele>
      </trkpt>
      <trkpt lat="28.04502" lon="-16.628889">
        <ele>123.4</ele>
      </trkpt>
      <trkpt lat="28.04523" lon="-16.628799">
        <ele>123.1</ele>
      </trkpt>
      <trkpt lat="28.04526" lon="-16.628789">
        <ele>123.1</ele>
      </trkpt>
      <trkpt lat="28.04541" lon="-16.62873">
        <ele>122.9</ele>
      </trkpt>
      <trkpt lat="28.04551" lon="-16.628699">
        <ele>122.8</ele>
      </trkpt>
      <trkpt lat="28.04605" lon="-16.62853">
        <ele>122.6</ele>
      </trkpt>
      <trkpt lat="28.04615" lon="-16.628499">
        <ele>122.5</ele>
      </trkpt>
      <trkpt lat="28.04623" lon="-16.628509">
        <ele>122.7</ele>
      </trkpt>
      <trkpt lat="28.04634" lon="-16.628509">
        <ele>122.9</ele>
      </trkpt>
      <trkpt lat="28.04658" lon="-16.628409">
        <ele>122.5</ele>
      </trkpt>
      <trkpt lat="28.04658" lon="-16.628409">
        <ele>122.5</ele>
      </trkpt>
      <trkpt lat="28.0466" lon="-16.6284">
        <ele>122.5</ele>
      </trkpt>
      <trkpt lat="28.04661" lon="-16.62839">
        <ele>122.4</ele>
      </trkpt>
      <trkpt lat="28.04662" lon="-16.62838">
        <ele>122.3</ele>
      </trkpt>
      <trkpt lat="28.04663" lon="-16.62837">
        <ele>122.3</ele>
      </trkpt>
      <trkpt lat="28.04665" lon="-16.62836">
        <ele>122.2</ele>
      </trkpt>
      <trkpt lat="28.04666" lon="-16.62835">
        <ele>122.1</ele>
      </trkpt>
      <trkpt lat="28.04678" lon="-16.628219">
        <ele>122.5</ele>
      </trkpt>
      <trkpt lat="28.0468" lon="-16.62818">
        <ele>122.6</ele>
      </trkpt>
      <trkpt lat="28.04683" lon="-16.62812">
        <ele>122.7</ele>
      </trkpt>
      <trkpt lat="28.04686" lon="-16.62793">
        <ele>122.7</ele>
      </trkpt>
      <trkpt lat="28.04691" lon="-16.62768">
        <ele>122.7</ele>
      </trkpt>
      <trkpt lat="28.04699" lon="-16.62726">
        <ele>123.9</ele>
      </trkpt>
      <trkpt lat="28.04704" lon="-16.62708">
        <ele>124.7</ele>
      </trkpt>
      <trkpt lat="28.04709" lon="-16.62693">
        <ele>125.4</ele>
      </trkpt>
      <trkpt lat="28.04712" lon="-16.626819">
        <ele>125.8</ele>
      </trkpt>
      <trkpt lat="28.04718" lon="-16.62671">
        <ele>126.2</ele>
      </trkpt>
      <trkpt lat="28.04722" lon="-16.626619">
        <ele>126.7</ele>
      </trkpt>
      <trkpt lat="28.04727" lon="-16.626529">
        <ele>127.2</ele>
      </trkpt>
      <trkpt lat="28.04732" lon="-16.626449">
        <ele>127.7</ele>
      </trkpt>
      <trkpt lat="28.04735" lon="-16.62639">
        <ele>128.1</ele>
      </trkpt>
      <trkpt lat="28.0474" lon="-16.62632">
        <ele>128.6</ele>
      </trkpt>
      <trkpt lat="28.04745" lon="-16.626249">
        <ele>129.0</ele>
      </trkpt>
      <trkpt lat="28.04749" lon="-16.6262">
        <ele>129.4</ele>
      </trkpt>
      <trkpt lat="28.0475" lon="-16.626173">
        <ele>129.5</ele>
      </trkpt>
      <trkpt lat="28.04751" lon="-16.62615">
        <ele>129.7</ele>
      </trkpt>
      <trkpt lat="28.04755" lon="-16.6261">
        <ele>130.0</ele>
      </trkpt>
      <trkpt lat="28.04755" lon="-16.62608">
        <ele>130.2</ele>
      </trkpt>
      <trkpt lat="28.04757" lon="-16.62605">
        <ele>130.4</ele>
      </trkpt>
      <trkpt lat="28.04759" lon="-16.62601">
        <ele>130.6</ele>
      </trkpt>
      <trkpt lat="28.04762" lon="-16.62595">
        <ele>131.0</ele>
      </trkpt>
      <trkpt lat="28.04765" lon="-16.62585">
        <ele>131.7</ele>
      </trkpt>
      <trkpt lat="28.04765" lon="-16.62583">
        <ele>131.8</ele>
      </trkpt>
      <trkpt lat="28.04765" lon="-16.625789">
        <ele>132.1</ele>
      </trkpt>
      <trkpt lat="28.04765" lon="-16.62575">
        <ele>132.3</ele>
      </trkpt>
      <trkpt lat="28.04766" lon="-16.62571">
        <ele>132.5</ele>
      </trkpt>
      <trkpt lat="28.04767" lon="-16.62568">
        <ele>132.7</ele>
      </trkpt>
      <trkpt lat="28.04768" lon="-16.62565">
        <ele>132.9</ele>
      </trkpt>
      <trkpt lat="28.0477" lon="-16.62563">
        <ele>133.0</ele>
      </trkpt>
      <trkpt lat="28.04771" lon="-16.62561">
        <ele>133.2</ele>
      </trkpt>
      <trkpt lat="28.04773" lon="-16.625589">
        <ele>133.3</ele>
      </trkpt>
      <trkpt lat="28.04775" lon="-16.62556">
        <ele>133.5</ele>
      </trkpt>
      <trkpt lat="28.04777" lon="-16.62554">
        <ele>133.7</ele>
      </trkpt>
      <trkpt lat="28.0478" lon="-16.62547">
        <ele>134.2</ele>
      </trkpt>
      <trkpt lat="28.04783" lon="-16.625399">
        <ele>134.7</ele>
      </trkpt>
      <trkpt lat="28.04784" lon="-16.62536">
        <ele>135.0</ele>
      </trkpt>
      <trkpt lat="28.04785" lon="-16.62533">
        <ele>135.3</ele>
      </trkpt>
      <trkpt lat="28.04786" lon="-16.62528">
        <ele>135.7</ele>
      </trkpt>
      <trkpt lat="28.04787" lon="-16.62521">
        <ele>136.2</ele>
      </trkpt>
      <trkpt lat="28.04788" lon="-16.62515">
        <ele>136.7</ele>
      </trkpt>
      <trkpt lat="28.04788" lon="-16.625119">
        <ele>136.9</ele>
      </trkpt>
      <trkpt lat="28.04789" lon="-16.625039">
        <ele>137.6</ele>
      </trkpt>
      <trkpt lat="28.04791" lon="-16.62493">
        <ele>138.2</ele>
      </trkpt>
      <trkpt lat="28.04793" lon="-16.62473">
        <ele>138.9</ele>
      </trkpt>
      <trkpt lat="28.04801" lon="-16.62425">
        <ele>140.6</ele>
      </trkpt>
      <trkpt lat="28.04801" lon="-16.62425">
        <ele>140.6</ele>
      </trkpt>
      <trkpt lat="28.04801" lon="-16.624199">
        <ele>140.7</ele>
      </trkpt>
      <trkpt lat="28.04809" lon="-16.623719">
        <ele>140.5</ele>
      </trkpt>
      <trkpt lat="28.04818" lon="-16.62321">
        <ele>139.5</ele>
      </trkpt>
      <trkpt lat="28.04825" lon="-16.62281">
        <ele>138.1</ele>
      </trkpt>
      <trkpt lat="28.04827" lon="-16.622689">
        <ele>137.6</ele>
      </trkpt>
      <trkpt lat="28.04828" lon="-16.62261">
        <ele>137.3</ele>
      </trkpt>
      <trkpt lat="28.04836" lon="-16.62218">
        <ele>135.9</ele>
      </trkpt>
      <trkpt lat="28.04843" lon="-16.62173">
        <ele>134.6</ele>
      </trkpt>
      <trkpt lat="28.04853" lon="-16.62116">
        <ele>133.2</ele>
      </trkpt>
      <trkpt lat="28.04862" lon="-16.620709">
        <ele>132.2</ele>
      </trkpt>
      <trkpt lat="28.04861" lon="-16.620709">
        <ele>132.2</ele>
      </trkpt>
      <trkpt lat="28.04861" lon="-16.6207">
        <ele>132.2</ele>
      </trkpt>
      <trkpt lat="28.04861" lon="-16.62069">
        <ele>132.2</ele>
      </trkpt>
      <trkpt lat="28.04861" lon="-16.62068">
        <ele>132.2</ele>
      </trkpt>
      <trkpt lat="28.04861" lon="-16.62067">
        <ele>132.2</ele>
      </trkpt>
      <trkpt lat="28.04861" lon="-16.62066">
        <ele>132.2</ele>
      </trkpt>
      <trkpt lat="28.04861" lon="-16.62065">
        <ele>132.2</ele>
      </trkpt>
      <trkpt lat="28.04861" lon="-16.62064">
        <ele>132.2</ele>
      </trkpt>
      <trkpt lat="28.04861" lon="-16.620629">
        <ele>132.2</ele>
      </trkpt>
      <trkpt lat="28.04862" lon="-16.620619">
        <ele>132.2</ele>
      </trkpt>
      <trkpt lat="28.04862" lon="-16.62061">
        <ele>132.2</ele>
      </trkpt>
      <trkpt lat="28.04863" lon="-16.62061">
        <ele>132.2</ele>
      </trkpt>
      <trkpt lat="28.04863" lon="-16.6206">
        <ele>132.2</ele>
      </trkpt>
      <trkpt lat="28.04864" lon="-16.62059">
        <ele>132.2</ele>
      </trkpt>
      <trkpt lat="28.04871" lon="-16.62014">
        <ele>132.0</ele>
      </trkpt>
      <trkpt lat="28.04878" lon="-16.619689">
        <ele>132.0</ele>
      </trkpt>
      <trkpt lat="28.04886" lon="-16.61916">
        <ele>132.0</ele>
      </trkpt>
      <trkpt lat="28.04894" lon="-16.61861">
        <ele>131.3</ele>
      </trkpt>
      <trkpt lat="28.04894" lon="-16.61861">
        <ele>131.3</ele>
      </trkpt>
      <trkpt lat="28.04889" lon="-16.61861">
        <ele>131.3</ele>
      </trkpt>
      <trkpt lat="28.04805" lon="-16.61843">
        <ele>128.9</ele>
      </trkpt>
      <trkpt lat="28.04805" lon="-16.61843">
        <ele>128.9</ele>
      </trkpt>
      <trkpt lat="28.04806" lon="-16.61833">
        <ele>128.7</ele>
      </trkpt>
      <trkpt lat="28.04817" lon="-16.61777">
        <ele>131.0</ele>
      </trkpt>
      <trkpt lat="28.04825" lon="-16.61731">
        <ele>131.8</ele>
      </trkpt>
      <trkpt lat="28.04826" lon="-16.61685">
        <ele>131.8</ele>
      </trkpt>
      <trkpt lat="28.04825" lon="-16.61582">
        <ele>129.6</ele>
      </trkpt>
      <trkpt lat="28.04824" lon="-16.61526">
        <ele>128.1</ele>
      </trkpt>
      <trkpt lat="28.04824" lon="-16.61512">
        <ele>127.7</ele>
      </trkpt>
      <trkpt lat="28.04822" lon="-16.61381">
        <ele>122.3</ele>
      </trkpt>
      <trkpt lat="28.04821" lon="-16.61333">
        <ele>120.4</ele>
      </trkpt>
      <trkpt lat="28.04821" lon="-16.61325">
        <ele>120.3</ele>
      </trkpt>
      <trkpt lat="28.04821" lon="-16.612639">
        <ele>119.8</ele>
      </trkpt>
      <trkpt lat="28.04821" lon="-16.61263">
        <ele>119.8</ele>
      </trkpt>
      <trkpt lat="28.0482" lon="-16.61211">
        <ele>120.9</ele>
      </trkpt>
      <trkpt lat="28.04819" lon="-16.61196">
        <ele>121.4</ele>
      </trkpt>
      <trkpt lat="28.04819" lon="-16.61192">
        <ele>121.5</ele>
      </trkpt>
      <trkpt lat="28.04819" lon="-16.61191">
        <ele>121.5</ele>
      </trkpt>
      <trkpt lat="28.04819" lon="-16.611899">
        <ele>121.6</ele>
      </trkpt>
      <trkpt lat="28.04822" lon="-16.61186">
        <ele>121.8</ele>
      </trkpt>
      <trkpt lat="28.04822" lon="-16.61186">
        <ele>121.8</ele>
      </trkpt>
      <trkpt lat="28.04822" lon="-16.61185">
        <ele>121.9</ele>
      </trkpt>
      <trkpt lat="28.04821" lon="-16.61185">
        <ele>121.8</ele>
      </trkpt>
      <trkpt lat="28.04821" lon="-16.61184">
        <ele>121.8</ele>
      </trkpt>
      <trkpt lat="28.04821" lon="-16.61183">
        <ele>121.9</ele>
      </trkpt>
      <trkpt lat="28.04821" lon="-16.61182">
        <ele>121.9</ele>
      </trkpt>
      <trkpt lat="28.04821" lon="-16.611809">
        <ele>121.9</ele>
      </trkpt>
      <trkpt lat="28.04821" lon="-16.611799">
        <ele>122.0</ele>
      </trkpt>
      <trkpt lat="28.04821" lon="-16.61179">
        <ele>122.0</ele>
      </trkpt>
      <trkpt lat="28.04821" lon="-16.61178">
        <ele>122.0</ele>
      </trkpt>
      <trkpt lat="28.04821" lon="-16.61177">
        <ele>122.1</ele>
      </trkpt>
      <trkpt lat="28.04822" lon="-16.61176">
        <ele>122.2</ele>
      </trkpt>
      <trkpt lat="28.04819" lon="-16.611709">
        <ele>122.2</ele>
      </trkpt>
      <trkpt lat="28.04819" lon="-16.61169">
        <ele>122.2</ele>
      </trkpt>
      <trkpt lat="28.04817" lon="-16.61157">
        <ele>122.5</ele>
      </trkpt>
      <trkpt lat="28.04816" lon="-16.61146">
        <ele>122.7</ele>
      </trkpt>
      <trkpt lat="28.04815" lon="-16.61141">
        <ele>122.8</ele>
      </trkpt>
      <trkpt lat="28.04814" lon="-16.61137">
        <ele>122.9</ele>
      </trkpt>
      <trkpt lat="28.04814" lon="-16.61136">
        <ele>122.9</ele>
      </trkpt>
      <trkpt lat="28.04809" lon="-16.61122">
        <ele>123.1</ele>
      </trkpt>
      <trkpt lat="28.04805" lon="-16.61119">
        <ele>123.0</ele>
      </trkpt>
      <trkpt lat="28.048" lon="-16.61117">
        <ele>122.8</ele>
      </trkpt>
      <trkpt lat="28.04795" lon="-16.611149">
        <ele>122.7</ele>
      </trkpt>
      <trkpt lat="28.04792" lon="-16.611149">
        <ele>122.6</ele>
      </trkpt>
      <trkpt lat="28.04787" lon="-16.611139">
        <ele>122.4</ele>
      </trkpt>
      <trkpt lat="28.04781" lon="-16.61113">
        <ele>122.2</ele>
      </trkpt>
      <trkpt lat="28.04781" lon="-16.61113">
        <ele>122.2</ele>
      </trkpt>
      <trkpt lat="28.04779" lon="-16.61113">
        <ele>122.1</ele>
      </trkpt>
      <trkpt lat="28.04776" lon="-16.61113">
        <ele>122.0</ele>
      </trkpt>
      <trkpt lat="28.04772" lon="-16.61112">
        <ele>121.9</ele>
      </trkpt>
      <trkpt lat="28.04769" lon="-16.61112">
        <ele>121.7</ele>
      </trkpt>
      <trkpt lat="28.04766" lon="-16.61111">
        <ele>121.6</ele>
      </trkpt>
      <trkpt lat="28.047643" lon="-16.611127">
        <ele>121.5</ele>
      </trkpt>
      <trkpt lat="28.04763" lon="-16.611139">
        <ele>121.4</ele>
      </trkpt>
      <trkpt lat="28.04762" lon="-16.611149">
        <ele>121.3</ele>
      </trkpt>
      <trkpt lat="28.0476" lon="-16.61116">
        <ele>121.2</ele>
      </trkpt>
      <trkpt lat="28.04759" lon="-16.61117">
        <ele>121.2</ele>
      </trkpt>
      <trkpt lat="28.04757" lon="-16.61117">
        <ele>121.1</ele>
      </trkpt>
      <trkpt lat="28.04755" lon="-16.61118">
        <ele>121.0</ele>
      </trkpt>
      <trkpt lat="28.04753" lon="-16.61118">
        <ele>120.9</ele>
      </trkpt>
      <trkpt lat="28.04752" lon="-16.61118">
        <ele>120.8</ele>
      </trkpt>
      <trkpt lat="28.0475" lon="-16.61118">
        <ele>120.8</ele>
      </trkpt>
      <trkpt lat="28.04748" lon="-16.61118">
        <ele>120.7</ele>
      </trkpt>
      <trkpt lat="28.04746" lon="-16.61117">
        <ele>120.7</ele>
      </trkpt>
      <trkpt lat="28.04745" lon="-16.61117">
        <ele>120.6</ele>
      </trkpt>
      <trkpt lat="28.04743" lon="-16.61116">
        <ele>120.6</ele>
      </trkpt>
      <trkpt lat="28.04742" lon="-16.611149">
        <ele>120.6</ele>
      </trkpt>
      <trkpt lat="28.0474" lon="-16.611139">
        <ele>120.5</ele>
      </trkpt>
      <trkpt lat="28.04739" lon="-16.61113">
        <ele>120.5</ele>
      </trkpt>
      <trkpt lat="28.04737" lon="-16.61111">
        <ele>120.5</ele>
      </trkpt>
      <trkpt lat="28.04736" lon="-16.6111">
        <ele>120.5</ele>
      </trkpt>
      <trkpt lat="28.04735" lon="-16.61108">
        <ele>120.6</ele>
      </trkpt>
      <trkpt lat="28.04734" lon="-16.61107">
        <ele>120.5</ele>
      </trkpt>
      <trkpt lat="28.04733" lon="-16.611049">
        <ele>120.6</ele>
      </trkpt>
      <trkpt lat="28.04733" lon="-16.61104">
        <ele>120.6</ele>
      </trkpt>
      <trkpt lat="28.04732" lon="-16.61101">
        <ele>120.6</ele>
      </trkpt>
      <trkpt lat="28.04732" lon="-16.61099">
        <ele>120.7</ele>
      </trkpt>
      <trkpt lat="28.04732" lon="-16.610969">
        <ele>120.8</ele>
      </trkpt>
      <trkpt lat="28.04732" lon="-16.610949">
        <ele>120.8</ele>
      </trkpt>
      <trkpt lat="28.04732" lon="-16.61093">
        <ele>120.9</ele>
      </trkpt>
      <trkpt lat="28.04732" lon="-16.61091">
        <ele>120.9</ele>
      </trkpt>
      <trkpt lat="28.04733" lon="-16.61089">
        <ele>121.0</ele>
      </trkpt>
      <trkpt lat="28.04733" lon="-16.610869">
        <ele>121.1</ele>
      </trkpt>
      <trkpt lat="28.0473" lon="-16.61083">
        <ele>121.0</ele>
      </trkpt>
      <trkpt lat="28.04727" lon="-16.6108">
        <ele>120.9</ele>
      </trkpt>
      <trkpt lat="28.04727" lon="-16.61079">
        <ele>120.9</ele>
      </trkpt>
      <trkpt lat="28.04723" lon="-16.61076">
        <ele>120.6</ele>
      </trkpt>
      <trkpt lat="28.04719" lon="-16.61073">
        <ele>120.4</ele>
      </trkpt>
      <trkpt lat="28.04709" lon="-16.610669">
        <ele>119.8</ele>
      </trkpt>
      <trkpt lat="28.04697" lon="-16.6106">
        <ele>119.1</ele>
      </trkpt>
      <trkpt lat="28.04686" lon="-16.61054">
        <ele>118.4</ele>
      </trkpt>
      <trkpt lat="28.04679" lon="-16.610479">
        <ele>117.9</ele>
      </trkpt>
      <trkpt lat="28.04673" lon="-16.61044">
        <ele>117.4</ele>
      </trkpt>
      <trkpt lat="28.04665" lon="-16.61035">
        <ele>116.8</ele>
      </trkpt>
      <trkpt lat="28.04665" lon="-16.61035">
        <ele>116.8</ele>
      </trkpt>
      <trkpt lat="28.04661" lon="-16.61033">
        <ele>116.5</ele>
      </trkpt>
      <trkpt lat="28.04652" lon="-16.61026">
        <ele>115.9</ele>
      </trkpt>
      <trkpt lat="28.04641" lon="-16.61018">
        <ele>115.1</ele>
      </trkpt>
      <trkpt lat="28.04632" lon="-16.610119">
        <ele>114.4</ele>
      </trkpt>
      <trkpt lat="28.0463" lon="-16.6101">
        <ele>114.2</ele>
      </trkpt>
      <trkpt lat="28.04623" lon="-16.61004">
        <ele>113.6</ele>
      </trkpt>
      <trkpt lat="28.04616" lon="-16.60998">
        <ele>112.8</ele>
      </trkpt>
      <trkpt lat="28.04616" lon="-16.60997">
        <ele>112.7</ele>
      </trkpt>
      <trkpt lat="28.04605" lon="-16.60987">
        <ele>111.4</ele>
      </trkpt>
      <trkpt lat="28.04604" lon="-16.609829">
        <ele>111.0</ele>
      </trkpt>
      <trkpt lat="28.04602" lon="-16.60981">
        <ele>110.8</ele>
      </trkpt>
      <trkpt lat="28.0459" lon="-16.60966">
        <ele>109.0</ele>
      </trkpt>
      <trkpt lat="28.0459" lon="-16.609649">
        <ele>108.9</ele>
      </trkpt>
      <trkpt lat="28.04579" lon="-16.60949">
        <ele>107.3</ele>
      </trkpt>
      <trkpt lat="28.04569" lon="-16.60934">
        <ele>106.2</ele>
      </trkpt>
      <trkpt lat="28.04548" lon="-16.60902">
        <ele>104.5</ele>
      </trkpt>
      <trkpt lat="28.04547" lon="-16.609">
        <ele>104.5</ele>
      </trkpt>
      <trkpt lat="28.0452" lon="-16.60858">
        <ele>102.2</ele>
      </trkpt>
      <trkpt lat="28.04493" lon="-16.60818">
        <ele>99.2</ele>
      </trkpt>
      <trkpt lat="28.04484" lon="-16.60803">
        <ele>98.5</ele>
      </trkpt>
      <trkpt lat="28.04483" lon="-16.60802">
        <ele>98.4</ele>
      </trkpt>
      <trkpt lat="28.04477" lon="-16.60793">
        <ele>98.0</ele>
      </trkpt>
      <trkpt lat="28.04472" lon="-16.60785">
        <ele>97.6</ele>
      </trkpt>
      <trkpt lat="28.04456" lon="-16.607589">
        <ele>96.7</ele>
      </trkpt>
      <trkpt lat="28.04451" lon="-16.60752">
        <ele>96.5</ele>
      </trkpt>
      <trkpt lat="28.04441" lon="-16.60738">
        <ele>95.5</ele>
      </trkpt>
      <trkpt lat="28.0444" lon="-16.60737">
        <ele>95.5</ele>
      </trkpt>
      <trkpt lat="28.04428" lon="-16.607209">
        <ele>94.3</ele>
      </trkpt>
      <trkpt lat="28.04422" lon="-16.60713">
        <ele>93.8</ele>
      </trkpt>
      <trkpt lat="28.04416" lon="-16.60706">
        <ele>93.3</ele>
      </trkpt>
      <trkpt lat="28.04414" lon="-16.60703">
        <ele>93.0</ele>
      </trkpt>
      <trkpt lat="28.04414" lon="-16.60703">
        <ele>93.0</ele>
      </trkpt>
      <trkpt lat="28.04414" lon="-16.60703">
        <ele>93.0</ele>
      </trkpt>
      <trkpt lat="28.04404" lon="-16.60691">
        <ele>91.8</ele>
      </trkpt>
      <trkpt lat="28.04402" lon="-16.60688">
        <ele>91.5</ele>
      </trkpt>
      <trkpt lat="28.04391" lon="-16.60677">
        <ele>90.5</ele>
      </trkpt>
      <trkpt lat="28.04379" lon="-16.606639">
        <ele>89.3</ele>
      </trkpt>
      <trkpt lat="28.04372" lon="-16.60657">
        <ele>88.2</ele>
      </trkpt>
      <trkpt lat="28.04371" lon="-16.60656">
        <ele>88.1</ele>
      </trkpt>
      <trkpt lat="28.04356" lon="-16.60643">
        <ele>86.4</ele>
      </trkpt>
      <trkpt lat="28.04351" lon="-16.60638">
        <ele>85.9</ele>
      </trkpt>
      <trkpt lat="28.04282" lon="-16.60587">
        <ele>82.2</ele>
      </trkpt>
      <trkpt lat="28.04223" lon="-16.605429">
        <ele>78.6</ele>
      </trkpt>
      <trkpt lat="28.04204" lon="-16.60528">
        <ele>77.5</ele>
      </trkpt>
      <trkpt lat="28.04204" lon="-16.60528">
        <ele>77.5</ele>
      </trkpt>
      <trkpt lat="28.04207" lon="-16.605239">
        <ele>77.3</ele>
      </trkpt>
      <trkpt lat="28.0421" lon="-16.60521">
        <ele>77.1</ele>
      </trkpt>
      <trkpt lat="28.04214" lon="-16.60519">
        <ele>77.1</ele>
      </trkpt>
      <trkpt lat="28.04219" lon="-16.60516">
        <ele>76.9</ele>
      </trkpt>
      <trkpt lat="28.04223" lon="-16.605149">
        <ele>76.9</ele>
      </trkpt>
      <trkpt lat="28.042261" lon="-16.605139">
        <ele>76.9</ele>
      </trkpt>
      <trkpt lat="28.04232" lon="-16.60512">
        <ele>76.8</ele>
      </trkpt>
      <trkpt lat="28.04242" lon="-16.60509">
        <ele>76.6</ele>
      </trkpt>
      <trkpt lat="28.04267" lon="-16.605039">
        <ele>74.9</ele>
      </trkpt>
      <trkpt lat="28.0428" lon="-16.60503">
        <ele>73.8</ele>
      </trkpt>
      <trkpt lat="28.04291" lon="-16.60506">
        <ele>73.2</ele>
      </trkpt>
      <trkpt lat="28.04299" lon="-16.60509">
        <ele>73.0</ele>
      </trkpt>
      <trkpt lat="28.04309" lon="-16.60517">
        <ele>73.3</ele>
      </trkpt>
      <trkpt lat="28.04316" lon="-16.60525">
        <ele>73.9</ele>
      </trkpt>
      <trkpt lat="28.04326" lon="-16.60534">
        <ele>74.7</ele>
      </trkpt>
      <trkpt lat="28.04331" lon="-16.60537">
        <ele>74.9</ele>
      </trkpt>
      <trkpt lat="28.04336" lon="-16.60539">
        <ele>75.1</ele>
      </trkpt>
      <trkpt lat="28.04342" lon="-16.60539">
        <ele>75.1</ele>
      </trkpt>
      <trkpt lat="28.04347" lon="-16.60539">
        <ele>75.1</ele>
      </trkpt>
      <trkpt lat="28.04349" lon="-16.60539">
        <ele>75.2</ele>
      </trkpt>
      <trkpt lat="28.04362" lon="-16.60536">
        <ele>74.9</ele>
      </trkpt>
      <trkpt lat="28.04367" lon="-16.605319">
        <ele>74.6</ele>
      </trkpt>
      <trkpt lat="28.04371" lon="-16.60529">
        <ele>74.3</ele>
      </trkpt>
      <trkpt lat="28.04374" lon="-16.60525">
        <ele>74.1</ele>
      </trkpt>
      <trkpt lat="28.04377" lon="-16.6052">
        <ele>73.8</ele>
      </trkpt>
      <trkpt lat="28.04379" lon="-16.60509">
        <ele>73.0</ele>
      </trkpt>
      <trkpt lat="28.0438" lon="-16.60499">
        <ele>72.4</ele>
      </trkpt>
      <trkpt lat="28.04378" lon="-16.604859">
        <ele>73.0</ele>
      </trkpt>
      <trkpt lat="28.04375" lon="-16.604769">
        <ele>73.2</ele>
      </trkpt>
      <trkpt lat="28.04372" lon="-16.604679">
        <ele>73.4</ele>
      </trkpt>
      <trkpt lat="28.0437" lon="-16.60461">
        <ele>73.5</ele>
      </trkpt>
      <trkpt lat="28.04368" lon="-16.60453">
        <ele>73.6</ele>
      </trkpt>
      <trkpt lat="28.04366" lon="-16.604389">
        <ele>73.9</ele>
      </trkpt>
      <trkpt lat="28.04366" lon="-16.60428">
        <ele>74.4</ele>
      </trkpt>
      <trkpt lat="28.04367" lon="-16.60418">
        <ele>75.0</ele>
      </trkpt>
      <trkpt lat="28.04368" lon="-16.604109">
        <ele>75.1</ele>
      </trkpt>
      <trkpt lat="28.04371" lon="-16.60405">
        <ele>75.5</ele>
      </trkpt>
      <trkpt lat="28.04374" lon="-16.60399">
        <ele>75.8</ele>
      </trkpt>
      <trkpt lat="28.04381" lon="-16.603909">
        <ele>76.7</ele>
      </trkpt>
      <trkpt lat="28.04385" lon="-16.60388">
        <ele>77.2</ele>
      </trkpt>
      <trkpt lat="28.0439" lon="-16.60386">
        <ele>77.8</ele>
      </trkpt>
      <trkpt lat="28.04394" lon="-16.60385">
        <ele>78.4</ele>
      </trkpt>
      <trkpt lat="28.04397" lon="-16.60385">
        <ele>78.8</ele>
      </trkpt>
      <trkpt lat="28.04405" lon="-16.60385">
        <ele>80.0</ele>
      </trkpt>
      <trkpt lat="28.04413" lon="-16.60385">
        <ele>81.2</ele>
      </trkpt>
      <trkpt lat="28.04431" lon="-16.60385">
        <ele>83.1</ele>
      </trkpt>
      <trkpt lat="28.04449" lon="-16.60386">
        <ele>84.8</ele>
      </trkpt>
      <trkpt lat="28.04462" lon="-16.60386">
        <ele>86.0</ele>
      </trkpt>
      <trkpt lat="28.04472" lon="-16.60385">
        <ele>86.9</ele>
      </trkpt>
      <trkpt lat="28.04474" lon="-16.60385">
        <ele>87.1</ele>
      </trkpt>
      <trkpt lat="28.04483" lon="-16.60384">
        <ele>87.8</ele>
      </trkpt>
      <trkpt lat="28.04495" lon="-16.60381">
        <ele>88.8</ele>
      </trkpt>
      <trkpt lat="28.04501" lon="-16.6038">
        <ele>89.3</ele>
      </trkpt>
      <trkpt lat="28.04509" lon="-16.60378">
        <ele>89.5</ele>
      </trkpt>
      <trkpt lat="28.04516" lon="-16.60376">
        <ele>89.7</ele>
      </trkpt>
      <trkpt lat="28.04524" lon="-16.60372">
        <ele>89.9</ele>
      </trkpt>
      <trkpt lat="28.04531" lon="-16.60369">
        <ele>90.0</ele>
      </trkpt>
      <trkpt lat="28.04536" lon="-16.60366">
        <ele>90.1</ele>
      </trkpt>
      <trkpt lat="28.04543" lon="-16.6036">
        <ele>90.2</ele>
      </trkpt>
      <trkpt lat="28.04549" lon="-16.603549">
        <ele>90.2</ele>
      </trkpt>
      <trkpt lat="28.04562" lon="-16.6034">
        <ele>90.2</ele>
      </trkpt>
      <trkpt lat="28.04576" lon="-16.603269">
        <ele>90.4</ele>
      </trkpt>
      <trkpt lat="28.04576" lon="-16.603259">
        <ele>90.4</ele>
      </trkpt>
      <trkpt lat="28.04581" lon="-16.6032">
        <ele>90.4</ele>
      </trkpt>
      <trkpt lat="28.04591" lon="-16.6031">
        <ele>90.8</ele>
      </trkpt>
      <trkpt lat="28.04603" lon="-16.60297">
        <ele>91.4</ele>
      </trkpt>
      <trkpt lat="28.04615" lon="-16.60284">
        <ele>91.8</ele>
      </trkpt>
      <trkpt lat="28.04641" lon="-16.60256">
        <ele>92.5</ele>
      </trkpt>
      <trkpt lat="28.04655" lon="-16.602409">
        <ele>92.8</ele>
      </trkpt>
      <trkpt lat="28.04674" lon="-16.60221">
        <ele>93.1</ele>
      </trkpt>
      <trkpt lat="28.04681" lon="-16.602129">
        <ele>93.3</ele>
      </trkpt>
      <trkpt lat="28.04693" lon="-16.602">
        <ele>93.5</ele>
      </trkpt>
      <trkpt lat="28.04706" lon="-16.60187">
        <ele>93.8</ele>
      </trkpt>
      <trkpt lat="28.04719" lon="-16.60173">
        <ele>94.1</ele>
      </trkpt>
      <trkpt lat="28.04732" lon="-16.60159">
        <ele>94.5</ele>
      </trkpt>
      <trkpt lat="28.04733" lon="-16.601579">
        <ele>94.6</ele>
      </trkpt>
      <trkpt lat="28.04758" lon="-16.601299">
        <ele>96.1</ele>
      </trkpt>
      <trkpt lat="28.04782" lon="-16.60105">
        <ele>98.4</ele>
      </trkpt>
      <trkpt lat="28.04797" lon="-16.60089">
        <ele>99.8</ele>
      </trkpt>
      <trkpt lat="28.0481" lon="-16.600739">
        <ele>100.8</ele>
      </trkpt>
      <trkpt lat="28.04827" lon="-16.60056">
        <ele>102.0</ele>
      </trkpt>
      <trkpt lat="28.04837" lon="-16.60046">
        <ele>102.4</ele>
      </trkpt>
      <trkpt lat="28.04845" lon="-16.60039">
        <ele>102.6</ele>
      </trkpt>
      <trkpt lat="28.04859" lon="-16.60028">
        <ele>102.9</ele>
      </trkpt>
      <trkpt lat="28.04869" lon="-16.60022">
        <ele>103.2</ele>
      </trkpt>
      <trkpt lat="28.04875" lon="-16.60015">
        <ele>103.2</ele>
      </trkpt>
      <trkpt lat="28.04878" lon="-16.60011">
        <ele>103.2</ele>
      </trkpt>
      <trkpt lat="28.04879" lon="-16.600079">
        <ele>103.1</ele>
      </trkpt>
      <trkpt lat="28.0488" lon="-16.60005">
        <ele>103.0</ele>
      </trkpt>
      <trkpt lat="28.04881" lon="-16.6">
        <ele>102.9</ele>
      </trkpt>
      <trkpt lat="28.04882" lon="-16.599889">
        <ele>102.8</ele>
      </trkpt>
      <trkpt lat="28.04883" lon="-16.59983">
        <ele>102.8</ele>
      </trkpt>
      <trkpt lat="28.04884" lon="-16.59977">
        <ele>102.8</ele>
      </trkpt>
      <trkpt lat="28.04887" lon="-16.599689">
        <ele>103.0</ele>
      </trkpt>
      <trkpt lat="28.04896" lon="-16.59955">
        <ele>103.5</ele>
      </trkpt>
      <trkpt lat="28.04906" lon="-16.59946">
        <ele>104.2</ele>
      </trkpt>
      <trkpt lat="28.04924" lon="-16.5993">
        <ele>105.4</ele>
      </trkpt>
      <trkpt lat="28.0493" lon="-16.59925">
        <ele>105.7</ele>
      </trkpt>
      <trkpt lat="28.04947" lon="-16.59916">
        <ele>106.4</ele>
      </trkpt>
      <trkpt lat="28.04963" lon="-16.59911">
        <ele>107.1</ele>
      </trkpt>
      <trkpt lat="28.04975" lon="-16.59907">
        <ele>107.6</ele>
      </trkpt>
      <trkpt lat="28.04985" lon="-16.599039">
        <ele>108.0</ele>
      </trkpt>
      <trkpt lat="28.05001" lon="-16.59897">
        <ele>108.8</ele>
      </trkpt>
      <trkpt lat="28.0502" lon="-16.59891">
        <ele>110.2</ele>
      </trkpt>
      <trkpt lat="28.05062" lon="-16.598759">
        <ele>112.6</ele>
      </trkpt>
      <trkpt lat="28.05103" lon="-16.59861">
        <ele>115.2</ele>
      </trkpt>
      <trkpt lat="28.05141" lon="-16.598479">
        <ele>117.9</ele>
      </trkpt>
      <trkpt lat="28.05206" lon="-16.59824">
        <ele>123.7</ele>
      </trkpt>
      <trkpt lat="28.05217" lon="-16.59821">
        <ele>124.9</ele>
      </trkpt>
      <trkpt lat="28.05225" lon="-16.59818">
        <ele>125.7</ele>
      </trkpt>
      <trkpt lat="28.05242" lon="-16.59812">
        <ele>127.4</ele>
      </trkpt>
      <trkpt lat="28.05257" lon="-16.59805">
        <ele>128.5</ele>
      </trkpt>
      <trkpt lat="28.05261" lon="-16.59804">
        <ele>128.7</ele>
      </trkpt>
      <trkpt lat="28.05261" lon="-16.59803">
        <ele>128.7</ele>
      </trkpt>
      <trkpt lat="28.0527" lon="-16.59799">
        <ele>129.3</ele>
      </trkpt>
      <trkpt lat="28.05273" lon="-16.59798">
        <ele>129.5</ele>
      </trkpt>
      <trkpt lat="28.05282" lon="-16.59796">
        <ele>130.1</ele>
      </trkpt>
      <trkpt lat="28.05287" lon="-16.59795">
        <ele>130.4</ele>
      </trkpt>
      <trkpt lat="28.05291" lon="-16.59796">
        <ele>130.7</ele>
      </trkpt>
      <trkpt lat="28.05293" lon="-16.59797">
        <ele>130.8</ele>
      </trkpt>
      <trkpt lat="28.05295" lon="-16.59797">
        <ele>130.9</ele>
      </trkpt>
      <trkpt lat="28.05305" lon="-16.598009">
        <ele>131.6</ele>
      </trkpt>
      <trkpt lat="28.05306" lon="-16.598009">
        <ele>131.7</ele>
      </trkpt>
      <trkpt lat="28.05308" lon="-16.59802">
        <ele>131.8</ele>
      </trkpt>
      <trkpt lat="28.05323" lon="-16.59807">
        <ele>132.9</ele>
      </trkpt>
      <trkpt lat="28.05326" lon="-16.59808">
        <ele>133.1</ele>
      </trkpt>
      <trkpt lat="28.05341" lon="-16.59813">
        <ele>134.2</ele>
      </trkpt>
      <trkpt lat="28.05364" lon="-16.59821">
        <ele>135.9</ele>
      </trkpt>
      <trkpt lat="28.05372" lon="-16.59824">
        <ele>136.5</ele>
      </trkpt>
      <trkpt lat="28.05377" lon="-16.59826">
        <ele>136.9</ele>
      </trkpt>
      <trkpt lat="28.05381" lon="-16.59827">
        <ele>137.2</ele>
      </trkpt>
      <trkpt lat="28.05387" lon="-16.59831">
        <ele>137.6</ele>
      </trkpt>
      <trkpt lat="28.05391" lon="-16.59834">
        <ele>137.9</ele>
      </trkpt>
      <trkpt lat="28.05393" lon="-16.59835">
        <ele>138.0</ele>
      </trkpt>
      <trkpt lat="28.05395" lon="-16.598379">
        <ele>138.2</ele>
      </trkpt>
      <trkpt lat="28.05397" lon="-16.59841">
        <ele>138.4</ele>
      </trkpt>
      <trkpt lat="28.05398" lon="-16.59846">
        <ele>138.6</ele>
      </trkpt>
      <trkpt lat="28.05399" lon="-16.5985">
        <ele>138.7</ele>
      </trkpt>
      <trkpt lat="28.054" lon="-16.59853">
        <ele>138.8</ele>
      </trkpt>
      <trkpt lat="28.05391" lon="-16.598669">
        <ele>138.3</ele>
      </trkpt>
      <trkpt lat="28.05388" lon="-16.5987">
        <ele>138.2</ele>
      </trkpt>
      <trkpt lat="28.05384" lon="-16.59874">
        <ele>138.0</ele>
      </trkpt>
      <trkpt lat="28.05355" lon="-16.599039">
        <ele>137.3</ele>
      </trkpt>
      <trkpt lat="28.05353" lon="-16.59906">
        <ele>137.3</ele>
      </trkpt>
      <trkpt lat="28.05351" lon="-16.59909">
        <ele>137.3</ele>
      </trkpt>
      <trkpt lat="28.0535" lon="-16.59912">
        <ele>137.4</ele>
      </trkpt>
      <trkpt lat="28.0535" lon="-16.59915">
        <ele>137.5</ele>
      </trkpt>
      <trkpt lat="28.0535" lon="-16.59919">
        <ele>137.6</ele>
      </trkpt>
      <trkpt lat="28.05351" lon="-16.599219">
        <ele>137.5</ele>
      </trkpt>
      <trkpt lat="28.05352" lon="-16.59925">
        <ele>137.5</ele>
      </trkpt>
      <trkpt lat="28.05354" lon="-16.59927">
        <ele>137.5</ele>
      </trkpt>
      <trkpt lat="28.05358" lon="-16.5993">
        <ele>137.6</ele>
      </trkpt>
      <trkpt lat="28.0536" lon="-16.5993">
        <ele>137.6</ele>
      </trkpt>
      <trkpt lat="28.05363" lon="-16.5993">
        <ele>137.7</ele>
      </trkpt>
      <trkpt lat="28.05366" lon="-16.59929">
        <ele>137.9</ele>
      </trkpt>
      <trkpt lat="28.05385" lon="-16.599229">
        <ele>138.6</ele>
      </trkpt>
      <trkpt lat="28.0539" lon="-16.599219">
        <ele>138.8</ele>
      </trkpt>
      <trkpt lat="28.05394" lon="-16.599219">
        <ele>139.0</ele>
      </trkpt>
      <trkpt lat="28.05399" lon="-16.59921">
        <ele>139.2</ele>
      </trkpt>
      <trkpt lat="28.05405" lon="-16.59921">
        <ele>139.4</ele>
      </trkpt>
      <trkpt lat="28.05411" lon="-16.5992">
        <ele>139.6</ele>
      </trkpt>
      <trkpt lat="28.05416" lon="-16.5992">
        <ele>139.8</ele>
      </trkpt>
      <trkpt lat="28.05422" lon="-16.5992">
        <ele>140.0</ele>
      </trkpt>
      <trkpt lat="28.0544" lon="-16.599219">
        <ele>140.3</ele>
      </trkpt>
      <trkpt lat="28.05443" lon="-16.599219">
        <ele>140.4</ele>
      </trkpt>
      <trkpt lat="28.05446" lon="-16.599229">
        <ele>140.5</ele>
      </trkpt>
      <trkpt lat="28.05457" lon="-16.59925">
        <ele>140.7</ele>
      </trkpt>
      <trkpt lat="28.0546" lon="-16.59925">
        <ele>140.7</ele>
      </trkpt>
      <trkpt lat="28.05492" lon="-16.59928">
        <ele>141.5</ele>
      </trkpt>
      <trkpt lat="28.05511" lon="-16.59929">
        <ele>142.4</ele>
      </trkpt>
      <trkpt lat="28.05526" lon="-16.599229">
        <ele>143.5</ele>
      </trkpt>
      <trkpt lat="28.05545" lon="-16.59912">
        <ele>144.8</ele>
      </trkpt>
      <trkpt lat="28.05554" lon="-16.59907">
        <ele>145.3</ele>
      </trkpt>
      <trkpt lat="28.05577" lon="-16.59893">
        <ele>146.7</ele>
      </trkpt>
      <trkpt lat="28.05593" lon="-16.59883">
        <ele>147.5</ele>
      </trkpt>
      <trkpt lat="28.05596" lon="-16.5988">
        <ele>147.7</ele>
      </trkpt>
      <trkpt lat="28.05598" lon="-16.598769">
        <ele>147.8</ele>
      </trkpt>
      <trkpt lat="28.056" lon="-16.59874">
        <ele>147.9</ele>
      </trkpt>
      <trkpt lat="28.05602" lon="-16.5987">
        <ele>148.0</ele>
      </trkpt>
      <trkpt lat="28.05602" lon="-16.598669">
        <ele>148.0</ele>
      </trkpt>
      <trkpt lat="28.05602" lon="-16.598659">
        <ele>148.0</ele>
      </trkpt>
      <trkpt lat="28.05603" lon="-16.59861">
        <ele>148.0</ele>
      </trkpt>
      <trkpt lat="28.05603" lon="-16.598579">
        <ele>148.0</ele>
      </trkpt>
      <trkpt lat="28.05602" lon="-16.59854">
        <ele>148.0</ele>
      </trkpt>
      <trkpt lat="28.056" lon="-16.598479">
        <ele>147.8</ele>
      </trkpt>
      <trkpt lat="28.056" lon="-16.598469">
        <ele>147.8</ele>
      </trkpt>
      <trkpt lat="28.05598" lon="-16.59841">
        <ele>147.7</ele>
      </trkpt>
      <trkpt lat="28.05594" lon="-16.59834">
        <ele>147.5</ele>
      </trkpt>
      <trkpt lat="28.05592" lon="-16.598289">
        <ele>147.8</ele>
      </trkpt>
      <trkpt lat="28.05591" lon="-16.59827">
        <ele>147.9</ele>
      </trkpt>
      <trkpt lat="28.05589" lon="-16.59825">
        <ele>148.0</ele>
      </trkpt>
      <trkpt lat="28.05587" lon="-16.59823">
        <ele>148.0</ele>
      </trkpt>
      <trkpt lat="28.05586" lon="-16.59822">
        <ele>148.1</ele>
      </trkpt>
      <trkpt lat="28.05584" lon="-16.59821">
        <ele>148.1</ele>
      </trkpt>
      <trkpt lat="28.05581" lon="-16.59821">
        <ele>147.9</ele>
      </trkpt>
      <trkpt lat="28.05576" lon="-16.598199">
        <ele>147.8</ele>
      </trkpt>
      <trkpt lat="28.05559" lon="-16.598199">
        <ele>147.1</ele>
      </trkpt>
      <trkpt lat="28.05558" lon="-16.598199">
        <ele>147.0</ele>
      </trkpt>
      <trkpt lat="28.05556" lon="-16.598189">
        <ele>147.0</ele>
      </trkpt>
      <trkpt lat="28.05553" lon="-16.59818">
        <ele>146.9</ele>
      </trkpt>
      <trkpt lat="28.05551" lon="-16.59816">
        <ele>147.0</ele>
      </trkpt>
      <trkpt lat="28.05549" lon="-16.59813">
        <ele>147.1</ele>
      </trkpt>
      <trkpt lat="28.05548" lon="-16.598099">
        <ele>147.2</ele>
      </trkpt>
      <trkpt lat="28.05547" lon="-16.59807">
        <ele>147.4</ele>
      </trkpt>
      <trkpt lat="28.05547" lon="-16.59806">
        <ele>147.4</ele>
      </trkpt>
      <trkpt lat="28.05546" lon="-16.59803">
        <ele>147.6</ele>
      </trkpt>
      <trkpt lat="28.05546" lon="-16.59799">
        <ele>147.8</ele>
      </trkpt>
      <trkpt lat="28.05546" lon="-16.59796">
        <ele>148.0</ele>
      </trkpt>
      <trkpt lat="28.05547" lon="-16.59793">
        <ele>148.2</ele>
      </trkpt>
      <trkpt lat="28.05548" lon="-16.5979">
        <ele>148.5</ele>
      </trkpt>
      <trkpt lat="28.05549" lon="-16.59787">
        <ele>148.7</ele>
      </trkpt>
      <trkpt lat="28.05552" lon="-16.59785">
        <ele>149.1</ele>
      </trkpt>
      <trkpt lat="28.05556" lon="-16.597819">
        <ele>149.5</ele>
      </trkpt>
      <trkpt lat="28.05582" lon="-16.5977">
        <ele>152.2</ele>
      </trkpt>
      <trkpt lat="28.05616" lon="-16.597549">
        <ele>155.1</ele>
      </trkpt>
      <trkpt lat="28.05622" lon="-16.597529">
        <ele>155.6</ele>
      </trkpt>
      <trkpt lat="28.0565" lon="-16.59742">
        <ele>157.8</ele>
      </trkpt>
      <trkpt lat="28.05692" lon="-16.597249">
        <ele>161.0</ele>
      </trkpt>
      <trkpt lat="28.05701" lon="-16.59722">
        <ele>161.6</ele>
      </trkpt>
      <trkpt lat="28.05706" lon="-16.5972">
        <ele>161.9</ele>
      </trkpt>
      <trkpt lat="28.05712" lon="-16.597169">
        <ele>162.3</ele>
      </trkpt>
      <trkpt lat="28.0572" lon="-16.59712">
        <ele>162.9</ele>
      </trkpt>
      <trkpt lat="28.05775" lon="-16.59665">
        <ele>167.0</ele>
      </trkpt>
      <trkpt lat="28.05785" lon="-16.59656">
        <ele>167.7</ele>
      </trkpt>
      <trkpt lat="28.05788" lon="-16.59653">
        <ele>167.9</ele>
      </trkpt>
      <trkpt lat="28.0579" lon="-16.596509">
        <ele>168.1</ele>
      </trkpt>
      <trkpt lat="28.05792" lon="-16.59648">
        <ele>168.3</ele>
      </trkpt>
      <trkpt lat="28.05794" lon="-16.59645">
        <ele>168.5</ele>
      </trkpt>
      <trkpt lat="28.058" lon="-16.596329">
        <ele>169.4</ele>
      </trkpt>
      <trkpt lat="28.05806" lon="-16.59619">
        <ele>170.5</ele>
      </trkpt>
      <trkpt lat="28.05807" lon="-16.59617">
        <ele>170.7</ele>
      </trkpt>
      <trkpt lat="28.05814" lon="-16.59598">
        <ele>172.3</ele>
      </trkpt>
      <trkpt lat="28.05822" lon="-16.5958">
        <ele>173.9</ele>
      </trkpt>
      <trkpt lat="28.05824" lon="-16.59573">
        <ele>173.9</ele>
      </trkpt>
      <trkpt lat="28.05827" lon="-16.595659">
        <ele>174.1</ele>
      </trkpt>
      <trkpt lat="28.05829" lon="-16.59563">
        <ele>174.2</ele>
      </trkpt>
      <trkpt lat="28.0583" lon="-16.59562">
        <ele>174.2</ele>
      </trkpt>
      <trkpt lat="28.05852" lon="-16.59521">
        <ele>174.8</ele>
      </trkpt>
      <trkpt lat="28.05861" lon="-16.59503">
        <ele>175.1</ele>
      </trkpt>
      <trkpt lat="28.05868" lon="-16.5949">
        <ele>175.9</ele>
      </trkpt>
      <trkpt lat="28.0587" lon="-16.59486">
        <ele>176.2</ele>
      </trkpt>
      <trkpt lat="28.05902" lon="-16.59427">
        <ele>180.0</ele>
      </trkpt>
      <trkpt lat="28.05921" lon="-16.59393">
        <ele>180.8</ele>
      </trkpt>
      <trkpt lat="28.05931" lon="-16.59375">
        <ele>181.3</ele>
      </trkpt>
      <trkpt lat="28.0594" lon="-16.59358">
        <ele>181.6</ele>
      </trkpt>
      <trkpt lat="28.05942" lon="-16.59356">
        <ele>181.8</ele>
      </trkpt>
      <trkpt lat="28.0595" lon="-16.593409">
        <ele>182.0</ele>
      </trkpt>
      <trkpt lat="28.05953" lon="-16.59334">
        <ele>182.1</ele>
      </trkpt>
      <trkpt lat="28.05957" lon="-16.59328">
        <ele>182.2</ele>
      </trkpt>
      <trkpt lat="28.05959" lon="-16.59324">
        <ele>182.2</ele>
      </trkpt>
      <trkpt lat="28.0596" lon="-16.59324">
        <ele>182.2</ele>
      </trkpt>
      <trkpt lat="28.05962" lon="-16.593219">
        <ele>182.3</ele>
      </trkpt>
      <trkpt lat="28.05965" lon="-16.59319">
        <ele>182.4</ele>
      </trkpt>
      <trkpt lat="28.05968" lon="-16.59316">
        <ele>182.6</ele>
      </trkpt>
      <trkpt lat="28.05972" lon="-16.593129">
        <ele>182.8</ele>
      </trkpt>
      <trkpt lat="28.05986" lon="-16.59305">
        <ele>183.5</ele>
      </trkpt>
      <trkpt lat="28.0599" lon="-16.593029">
        <ele>183.7</ele>
      </trkpt>
      <trkpt lat="28.06005" lon="-16.592939">
        <ele>184.5</ele>
      </trkpt>
      <trkpt lat="28.06015" lon="-16.5929">
        <ele>185.0</ele>
      </trkpt>
      <trkpt lat="28.0602" lon="-16.59289">
        <ele>185.3</ele>
      </trkpt>
      <trkpt lat="28.06027" lon="-16.59289">
        <ele>185.8</ele>
      </trkpt>
      <trkpt lat="28.06037" lon="-16.59289">
        <ele>186.5</ele>
      </trkpt>
      <trkpt lat="28.06046" lon="-16.59289">
        <ele>187.1</ele>
      </trkpt>
      <trkpt lat="28.06049" lon="-16.59289">
        <ele>187.4</ele>
      </trkpt>
      <trkpt lat="28.06052" lon="-16.59288">
        <ele>187.5</ele>
      </trkpt>
      <trkpt lat="28.06054" lon="-16.59287">
        <ele>187.6</ele>
      </trkpt>
      <trkpt lat="28.06058" lon="-16.59286">
        <ele>187.8</ele>
      </trkpt>
      <trkpt lat="28.06059" lon="-16.592849">
        <ele>187.8</ele>
      </trkpt>
      <trkpt lat="28.06061" lon="-16.59283">
        <ele>187.8</ele>
      </trkpt>
      <trkpt lat="28.06063" lon="-16.5928">
        <ele>187.8</ele>
      </trkpt>
      <trkpt lat="28.06065" lon="-16.59278">
        <ele>187.8</ele>
      </trkpt>
      <trkpt lat="28.06067" lon="-16.59273">
        <ele>187.6</ele>
      </trkpt>
      <trkpt lat="28.06069" lon="-16.5927">
        <ele>187.5</ele>
      </trkpt>
      <trkpt lat="28.06069" lon="-16.59269">
        <ele>187.4</ele>
      </trkpt>
      <trkpt lat="28.0607" lon="-16.592659">
        <ele>187.3</ele>
      </trkpt>
      <trkpt lat="28.06073" lon="-16.59255">
        <ele>186.7</ele>
      </trkpt>
      <trkpt lat="28.06074" lon="-16.59249">
        <ele>186.4</ele>
      </trkpt>
      <trkpt lat="28.06077" lon="-16.59236">
        <ele>186.7</ele>
      </trkpt>
      <trkpt lat="28.06078" lon="-16.592289">
        <ele>186.7</ele>
      </trkpt>
      <trkpt lat="28.0608" lon="-16.59223">
        <ele>186.8</ele>
      </trkpt>
      <trkpt lat="28.06081" lon="-16.592189">
        <ele>186.9</ele>
      </trkpt>
      <trkpt lat="28.06082" lon="-16.59215">
        <ele>186.9</ele>
      </trkpt>
      <trkpt lat="28.06085" lon="-16.59212">
        <ele>187.2</ele>
      </trkpt>
      <trkpt lat="28.06088" lon="-16.59208">
        <ele>187.5</ele>
      </trkpt>
      <trkpt lat="28.0609" lon="-16.59205">
        <ele>187.7</ele>
      </trkpt>
      <trkpt lat="28.06092" lon="-16.59204">
        <ele>187.9</ele>
      </trkpt>
      <trkpt lat="28.06094" lon="-16.59202">
        <ele>188.1</ele>
      </trkpt>
      <trkpt lat="28.06096" lon="-16.592009">
        <ele>188.3</ele>
      </trkpt>
      <trkpt lat="28.06098" lon="-16.59199">
        <ele>188.5</ele>
      </trkpt>
      <trkpt lat="28.06101" lon="-16.59196">
        <ele>188.8</ele>
      </trkpt>
      <trkpt lat="28.06103" lon="-16.59193">
        <ele>189.1</ele>
      </trkpt>
      <trkpt lat="28.06104" lon="-16.591899">
        <ele>189.2</ele>
      </trkpt>
      <trkpt lat="28.06108" lon="-16.591809">
        <ele>189.6</ele>
      </trkpt>
      <trkpt lat="28.0611" lon="-16.591729">
        <ele>189.9</ele>
      </trkpt>
      <trkpt lat="28.06111" lon="-16.59165">
        <ele>190.1</ele>
      </trkpt>
      <trkpt lat="28.06111" lon="-16.59159">
        <ele>190.6</ele>
      </trkpt>
      <trkpt lat="28.06111" lon="-16.591539">
        <ele>191.0</ele>
      </trkpt>
      <trkpt lat="28.0611" lon="-16.59151">
        <ele>191.2</ele>
      </trkpt>
      <trkpt lat="28.0611" lon="-16.5915">
        <ele>191.2</ele>
      </trkpt>
      <trkpt lat="28.06109" lon="-16.59148">
        <ele>191.3</ele>
      </trkpt>
      <trkpt lat="28.06107" lon="-16.591439">
        <ele>191.5</ele>
      </trkpt>
      <trkpt lat="28.06104" lon="-16.5914">
        <ele>191.6</ele>
      </trkpt>
      <trkpt lat="28.061" lon="-16.59136">
        <ele>191.6</ele>
      </trkpt>
      <trkpt lat="28.06099" lon="-16.59136">
        <ele>191.5</ele>
      </trkpt>
      <trkpt lat="28.06097" lon="-16.591339">
        <ele>191.6</ele>
      </trkpt>
      <trkpt lat="28.06093" lon="-16.59132">
        <ele>191.5</ele>
      </trkpt>
      <trkpt lat="28.06088" lon="-16.59131">
        <ele>191.2</ele>
      </trkpt>
      <trkpt lat="28.06082" lon="-16.59131">
        <ele>190.8</ele>
      </trkpt>
      <trkpt lat="28.06075" lon="-16.59132">
        <ele>190.6</ele>
      </trkpt>
      <trkpt lat="28.06066" lon="-16.59133">
        <ele>190.3</ele>
      </trkpt>
      <trkpt lat="28.06064" lon="-16.591339">
        <ele>190.2</ele>
      </trkpt>
      <trkpt lat="28.06054" lon="-16.59136">
        <ele>189.7</ele>
      </trkpt>
      <trkpt lat="28.06046" lon="-16.59137">
        <ele>189.5</ele>
      </trkpt>
      <trkpt lat="28.0604" lon="-16.59137">
        <ele>189.4</ele>
      </trkpt>
      <trkpt lat="28.06036" lon="-16.59137">
        <ele>189.3</ele>
      </trkpt>
      <trkpt lat="28.06032" lon="-16.59136">
        <ele>189.3</ele>
      </trkpt>
      <trkpt lat="28.06029" lon="-16.591339">
        <ele>189.5</ele>
      </trkpt>
      <trkpt lat="28.06012" lon="-16.591259">
        <ele>190.1</ele>
      </trkpt>
      <trkpt lat="28.06006" lon="-16.59122">
        <ele>190.5</ele>
      </trkpt>
      <trkpt lat="28.05997" lon="-16.591159">
        <ele>191.0</ele>
      </trkpt>
      <trkpt lat="28.05981" lon="-16.591059">
        <ele>191.8</ele>
      </trkpt>
      <trkpt lat="28.05979" lon="-16.59105">
        <ele>191.8</ele>
      </trkpt>
      <trkpt lat="28.05973" lon="-16.59099">
        <ele>192.4</ele>
      </trkpt>
      <trkpt lat="28.05969" lon="-16.59094">
        <ele>192.9</ele>
      </trkpt>
      <trkpt lat="28.05969" lon="-16.59093">
        <ele>193.1</ele>
      </trkpt>
      <trkpt lat="28.05968" lon="-16.59092">
        <ele>193.2</ele>
      </trkpt>
      <trkpt lat="28.05967" lon="-16.590879">
        <ele>193.6</ele>
      </trkpt>
      <trkpt lat="28.05966" lon="-16.59083">
        <ele>194.2</ele>
      </trkpt>
      <trkpt lat="28.05965" lon="-16.59077">
        <ele>193.7</ele>
      </trkpt>
      <trkpt lat="28.05964" lon="-16.59073">
        <ele>193.4</ele>
      </trkpt>
      <trkpt lat="28.05964" lon="-16.59072">
        <ele>193.3</ele>
      </trkpt>
      <trkpt lat="28.05963" lon="-16.590679">
        <ele>193.0</ele>
      </trkpt>
      <trkpt lat="28.05963" lon="-16.59063">
        <ele>192.6</ele>
      </trkpt>
      <trkpt lat="28.05964" lon="-16.59057">
        <ele>192.2</ele>
      </trkpt>
      <trkpt lat="28.05965" lon="-16.59053">
        <ele>192.0</ele>
      </trkpt>
      <trkpt lat="28.05966" lon="-16.59052">
        <ele>191.9</ele>
      </trkpt>
      <trkpt lat="28.05966" lon="-16.590509">
        <ele>191.9</ele>
      </trkpt>
      <trkpt lat="28.05977" lon="-16.590309">
        <ele>190.7</ele>
      </trkpt>
      <trkpt lat="28.05984" lon="-16.59018">
        <ele>189.9</ele>
      </trkpt>
      <trkpt lat="28.05986" lon="-16.59014">
        <ele>189.7</ele>
      </trkpt>
      <trkpt lat="28.06003" lon="-16.589839">
        <ele>188.2</ele>
      </trkpt>
      <trkpt lat="28.06003" lon="-16.58983">
        <ele>188.1</ele>
      </trkpt>
      <trkpt lat="28.06006" lon="-16.58978">
        <ele>187.9</ele>
      </trkpt>
      <trkpt lat="28.06022" lon="-16.589479">
        <ele>187.0</ele>
      </trkpt>
      <trkpt lat="28.06031" lon="-16.589289">
        <ele>186.5</ele>
      </trkpt>
      <trkpt lat="28.06032" lon="-16.58925">
        <ele>186.3</ele>
      </trkpt>
      <trkpt lat="28.06033" lon="-16.5892">
        <ele>186.1</ele>
      </trkpt>
      <trkpt lat="28.06034" lon="-16.589179">
        <ele>186.1</ele>
      </trkpt>
      <trkpt lat="28.06036" lon="-16.588999">
        <ele>185.9</ele>
      </trkpt>
      <trkpt lat="28.06039" lon="-16.58878">
        <ele>185.8</ele>
      </trkpt>
      <trkpt lat="28.06039" lon="-16.58875">
        <ele>185.8</ele>
      </trkpt>
      <trkpt lat="28.0604" lon="-16.58869">
        <ele>185.8</ele>
      </trkpt>
      <trkpt lat="28.0604" lon="-16.58865">
        <ele>185.7</ele>
      </trkpt>
      <trkpt lat="28.06042" lon="-16.58859">
        <ele>185.8</ele>
      </trkpt>
      <trkpt lat="28.06043" lon="-16.58858">
        <ele>185.9</ele>
      </trkpt>
      <trkpt lat="28.06044" lon="-16.58856">
        <ele>186.0</ele>
      </trkpt>
      <trkpt lat="28.06055" lon="-16.58845">
        <ele>187.0</ele>
      </trkpt>
      <trkpt lat="28.06069" lon="-16.588339">
        <ele>188.5</ele>
      </trkpt>
      <trkpt lat="28.06071" lon="-16.58833">
        <ele>188.6</ele>
      </trkpt>
      <trkpt lat="28.06077" lon="-16.58828">
        <ele>189.0</ele>
      </trkpt>
      <trkpt lat="28.06081" lon="-16.588249">
        <ele>189.2</ele>
      </trkpt>
      <trkpt lat="28.06109" lon="-16.58808">
        <ele>190.1</ele>
      </trkpt>
      <trkpt lat="28.06121" lon="-16.588">
        <ele>190.4</ele>
      </trkpt>
      <trkpt lat="28.06143" lon="-16.58786">
        <ele>191.1</ele>
      </trkpt>
      <trkpt lat="28.06208" lon="-16.58744">
        <ele>192.1</ele>
      </trkpt>
      <trkpt lat="28.06224" lon="-16.58734">
        <ele>192.0</ele>
      </trkpt>
      <trkpt lat="28.0624" lon="-16.58723">
        <ele>192.0</ele>
      </trkpt>
      <trkpt lat="28.06259" lon="-16.5871">
        <ele>192.2</ele>
      </trkpt>
      <trkpt lat="28.0627" lon="-16.587029">
        <ele>192.5</ele>
      </trkpt>
      <trkpt lat="28.06272" lon="-16.587019">
        <ele>192.6</ele>
      </trkpt>
      <trkpt lat="28.06275" lon="-16.587">
        <ele>192.7</ele>
      </trkpt>
      <trkpt lat="28.06286" lon="-16.586929">
        <ele>193.0</ele>
      </trkpt>
      <trkpt lat="28.06291" lon="-16.58691">
        <ele>193.3</ele>
      </trkpt>
      <trkpt lat="28.06294" lon="-16.58689">
        <ele>193.4</ele>
      </trkpt>
      <trkpt lat="28.06298" lon="-16.58687">
        <ele>193.5</ele>
      </trkpt>
      <trkpt lat="28.06303" lon="-16.58687">
        <ele>193.9</ele>
      </trkpt>
      <trkpt lat="28.06306" lon="-16.58687">
        <ele>194.1</ele>
      </trkpt>
      <trkpt lat="28.06308" lon="-16.58687">
        <ele>194.2</ele>
      </trkpt>
      <trkpt lat="28.06314" lon="-16.58687">
        <ele>194.6</ele>
      </trkpt>
      <trkpt lat="28.06331" lon="-16.58689">
        <ele>195.9</ele>
      </trkpt>
      <trkpt lat="28.06332" lon="-16.58689">
        <ele>196.0</ele>
      </trkpt>
      <trkpt lat="28.06339" lon="-16.58689">
        <ele>196.4</ele>
      </trkpt>
      <trkpt lat="28.06341" lon="-16.58689">
        <ele>196.5</ele>
      </trkpt>
      <trkpt lat="28.06345" lon="-16.58689">
        <ele>196.8</ele>
      </trkpt>
      <trkpt lat="28.06348" lon="-16.58687">
        <ele>196.9</ele>
      </trkpt>
      <trkpt lat="28.06349" lon="-16.58687">
        <ele>196.9</ele>
      </trkpt>
      <trkpt lat="28.0635" lon="-16.586849">
        <ele>196.9</ele>
      </trkpt>
      <trkpt lat="28.06353" lon="-16.58682">
        <ele>196.9</ele>
      </trkpt>
      <trkpt lat="28.06354" lon="-16.5868">
        <ele>196.9</ele>
      </trkpt>
      <trkpt lat="28.06357" lon="-16.586739">
        <ele>196.8</ele>
      </trkpt>
      <trkpt lat="28.06358" lon="-16.5867">
        <ele>196.6</ele>
      </trkpt>
      <trkpt lat="28.06361" lon="-16.58663">
        <ele>196.5</ele>
      </trkpt>
      <trkpt lat="28.06362" lon="-16.58662">
        <ele>196.6</ele>
      </trkpt>
      <trkpt lat="28.06363" lon="-16.5866">
        <ele>196.6</ele>
      </trkpt>
      <trkpt lat="28.06365" lon="-16.586569">
        <ele>196.6</ele>
      </trkpt>
      <trkpt lat="28.06375" lon="-16.58649">
        <ele>197.0</ele>
      </trkpt>
      <trkpt lat="28.06383" lon="-16.58642">
        <ele>197.3</ele>
      </trkpt>
      <trkpt lat="28.06395" lon="-16.58634">
        <ele>197.8</ele>
      </trkpt>
      <trkpt lat="28.06401" lon="-16.58629">
        <ele>198.1</ele>
      </trkpt>
      <trkpt lat="28.06408" lon="-16.58624">
        <ele>198.4</ele>
      </trkpt>
      <trkpt lat="28.06416" lon="-16.586179">
        <ele>198.8</ele>
      </trkpt>
      <trkpt lat="28.06419" lon="-16.58615">
        <ele>199.0</ele>
      </trkpt>
      <trkpt lat="28.06431" lon="-16.58606">
        <ele>200.3</ele>
      </trkpt>
      <trkpt lat="28.06431" lon="-16.58606">
        <ele>200.3</ele>
      </trkpt>
      <trkpt lat="28.06427" lon="-16.58598">
        <ele>199.6</ele>
      </trkpt>
      <trkpt lat="28.06424" lon="-16.58592">
        <ele>199.1</ele>
      </trkpt>
      <trkpt lat="28.06423" lon="-16.58588">
        <ele>198.9</ele>
      </trkpt>
      <trkpt lat="28.06422" lon="-16.58584">
        <ele>198.7</ele>
      </trkpt>
      <trkpt lat="28.06422" lon="-16.585799">
        <ele>198.6</ele>
      </trkpt>
      <trkpt lat="28.06422" lon="-16.58579">
        <ele>198.6</ele>
      </trkpt>
      <trkpt lat="28.06422" lon="-16.58575">
        <ele>198.5</ele>
      </trkpt>
      <trkpt lat="28.06424" lon="-16.585709">
        <ele>198.8</ele>
      </trkpt>
      <trkpt lat="28.06425" lon="-16.58568">
        <ele>198.8</ele>
      </trkpt>
      <trkpt lat="28.06425" lon="-16.58565">
        <ele>198.8</ele>
      </trkpt>
      <trkpt lat="28.06425" lon="-16.585619">
        <ele>198.7</ele>
      </trkpt>
      <trkpt lat="28.06425" lon="-16.58559">
        <ele>198.7</ele>
      </trkpt>
      <trkpt lat="28.06424" lon="-16.58557">
        <ele>198.5</ele>
      </trkpt>
      <trkpt lat="28.06423" lon="-16.58554">
        <ele>198.3</ele>
      </trkpt>
      <trkpt lat="28.06421" lon="-16.5855">
        <ele>197.9</ele>
      </trkpt>
      <trkpt lat="28.06418" lon="-16.58547">
        <ele>197.3</ele>
      </trkpt>
      <trkpt lat="28.06416" lon="-16.585439">
        <ele>197.0</ele>
      </trkpt>
      <trkpt lat="28.06411" lon="-16.58539">
        <ele>196.4</ele>
      </trkpt>
      <trkpt lat="28.06407" lon="-16.58536">
        <ele>195.9</ele>
      </trkpt>
      <trkpt lat="28.06403" lon="-16.58531">
        <ele>195.3</ele>
      </trkpt>
      <trkpt lat="28.06402" lon="-16.58528">
        <ele>195.1</ele>
      </trkpt>
      <trkpt lat="28.06401" lon="-16.585239">
        <ele>194.9</ele>
      </trkpt>
      <trkpt lat="28.064" lon="-16.5852">
        <ele>194.7</ele>
      </trkpt>
      <trkpt lat="28.064" lon="-16.585159">
        <ele>194.5</ele>
      </trkpt>
      <trkpt lat="28.064" lon="-16.58511">
        <ele>194.4</ele>
      </trkpt>
      <trkpt lat="28.064" lon="-16.58508">
        <ele>194.3</ele>
      </trkpt>
      <trkpt lat="28.06402" lon="-16.585">
        <ele>194.2</ele>
      </trkpt>
      <trkpt lat="28.06404" lon="-16.58492">
        <ele>194.7</ele>
      </trkpt>
      <trkpt lat="28.06405" lon="-16.58489">
        <ele>194.9</ele>
      </trkpt>
      <trkpt lat="28.06406" lon="-16.58485">
        <ele>195.1</ele>
      </trkpt>
      <trkpt lat="28.0641" lon="-16.584769">
        <ele>195.9</ele>
      </trkpt>
      <trkpt lat="28.06414" lon="-16.584679">
        <ele>196.8</ele>
      </trkpt>
      <trkpt lat="28.06418" lon="-16.584589">
        <ele>197.8</ele>
      </trkpt>
      <trkpt lat="28.06421" lon="-16.58452">
        <ele>198.7</ele>
      </trkpt>
      <trkpt lat="28.06422" lon="-16.584489">
        <ele>199.0</ele>
      </trkpt>
      <trkpt lat="28.06423" lon="-16.58447">
        <ele>199.3</ele>
      </trkpt>
      <trkpt lat="28.06423" lon="-16.58443">
        <ele>199.5</ele>
      </trkpt>
      <trkpt lat="28.06424" lon="-16.58438">
        <ele>199.9</ele>
      </trkpt>
      <trkpt lat="28.06423" lon="-16.58433">
        <ele>199.8</ele>
      </trkpt>
      <trkpt lat="28.06423" lon="-16.58432">
        <ele>199.9</ele>
      </trkpt>
      <trkpt lat="28.06422" lon="-16.58418">
        <ele>200.2</ele>
      </trkpt>
      <trkpt lat="28.06421" lon="-16.58408">
        <ele>199.9</ele>
      </trkpt>
      <trkpt lat="28.06421" lon="-16.584029">
        <ele>199.8</ele>
      </trkpt>
      <trkpt lat="28.06421" lon="-16.584">
        <ele>199.8</ele>
      </trkpt>
      <trkpt lat="28.06421" lon="-16.58397">
        <ele>199.7</ele>
      </trkpt>
      <trkpt lat="28.06421" lon="-16.58392">
        <ele>199.7</ele>
      </trkpt>
      <trkpt lat="28.06423" lon="-16.58371">
        <ele>199.8</ele>
      </trkpt>
      <trkpt lat="28.06423" lon="-16.58367">
        <ele>199.8</ele>
      </trkpt>
      <trkpt lat="28.06425" lon="-16.58351">
        <ele>200.0</ele>
      </trkpt>
      <trkpt lat="28.06425" lon="-16.58348">
        <ele>199.9</ele>
      </trkpt>
      <trkpt lat="28.06426" lon="-16.583379">
        <ele>200.0</ele>
      </trkpt>
      <trkpt lat="28.06427" lon="-16.58333">
        <ele>200.1</ele>
      </trkpt>
      <trkpt lat="28.06428" lon="-16.58331">
        <ele>200.0</ele>
      </trkpt>
      <trkpt lat="28.06429" lon="-16.58329">
        <ele>200.0</ele>
      </trkpt>
      <trkpt lat="28.06432" lon="-16.58325">
        <ele>200.1</ele>
      </trkpt>
      <trkpt lat="28.06437" lon="-16.583189">
        <ele>200.3</ele>
      </trkpt>
      <trkpt lat="28.06442" lon="-16.58313">
        <ele>200.5</ele>
      </trkpt>
      <trkpt lat="28.06446" lon="-16.58307">
        <ele>200.5</ele>
      </trkpt>
      <trkpt lat="28.06449" lon="-16.58301">
        <ele>200.2</ele>
      </trkpt>
      <trkpt lat="28.06452" lon="-16.58293">
        <ele>199.6</ele>
      </trkpt>
      <trkpt lat="28.06455" lon="-16.58285">
        <ele>199.0</ele>
      </trkpt>
      <trkpt lat="28.06457" lon="-16.58282">
        <ele>198.9</ele>
      </trkpt>
      <trkpt lat="28.0646" lon="-16.58278">
        <ele>198.8</ele>
      </trkpt>
      <trkpt lat="28.06464" lon="-16.58274">
        <ele>198.8</ele>
      </trkpt>
      <trkpt lat="28.06468" lon="-16.58268">
        <ele>198.5</ele>
      </trkpt>
      <trkpt lat="28.0647" lon="-16.58265">
        <ele>198.4</ele>
      </trkpt>
      <trkpt lat="28.06472" lon="-16.582619">
        <ele>198.2</ele>
      </trkpt>
      <trkpt lat="28.06477" lon="-16.58255">
        <ele>197.8</ele>
      </trkpt>
      <trkpt lat="28.0648" lon="-16.58249">
        <ele>197.3</ele>
      </trkpt>
      <trkpt lat="28.06485" lon="-16.58239">
        <ele>197.3</ele>
      </trkpt>
      <trkpt lat="28.06494" lon="-16.582239">
        <ele>197.4</ele>
      </trkpt>
      <trkpt lat="28.06498" lon="-16.58219">
        <ele>197.5</ele>
      </trkpt>
      <trkpt lat="28.06502" lon="-16.582159">
        <ele>197.7</ele>
      </trkpt>
      <trkpt lat="28.06507" lon="-16.58213">
        <ele>197.9</ele>
      </trkpt>
      <trkpt lat="28.06512" lon="-16.5821">
        <ele>198.0</ele>
      </trkpt>
      <trkpt lat="28.06517" lon="-16.58207">
        <ele>198.2</ele>
      </trkpt>
      <trkpt lat="28.06523" lon="-16.58201">
        <ele>198.4</ele>
      </trkpt>
      <trkpt lat="28.0653" lon="-16.58193">
        <ele>198.6</ele>
      </trkpt>
      <trkpt lat="28.06538" lon="-16.58183">
        <ele>198.8</ele>
      </trkpt>
      <trkpt lat="28.06543" lon="-16.58179">
        <ele>199.2</ele>
      </trkpt>
      <trkpt lat="28.06548" lon="-16.58175">
        <ele>199.5</ele>
      </trkpt>
      <trkpt lat="28.0656" lon="-16.58171">
        <ele>200.6</ele>
      </trkpt>
      <trkpt lat="28.06574" lon="-16.58165">
        <ele>202.0</ele>
      </trkpt>
      <trkpt lat="28.06598" lon="-16.58156">
        <ele>203.2</ele>
      </trkpt>
      <trkpt lat="28.06604" lon="-16.58153">
        <ele>203.3</ele>
      </trkpt>
      <trkpt lat="28.06606" lon="-16.58152">
        <ele>203.4</ele>
      </trkpt>
      <trkpt lat="28.06608" lon="-16.58151">
        <ele>203.4</ele>
      </trkpt>
      <trkpt lat="28.0661" lon="-16.581499">
        <ele>203.5</ele>
      </trkpt>
      <trkpt lat="28.06613" lon="-16.58148">
        <ele>203.6</ele>
      </trkpt>
      <trkpt lat="28.06614" lon="-16.58147">
        <ele>203.6</ele>
      </trkpt>
      <trkpt lat="28.06616" lon="-16.58145">
        <ele>203.7</ele>
      </trkpt>
      <trkpt lat="28.06618" lon="-16.581399">
        <ele>203.7</ele>
      </trkpt>
      <trkpt lat="28.06621" lon="-16.58128">
        <ele>203.8</ele>
      </trkpt>
      <trkpt lat="28.06624" lon="-16.58118">
        <ele>203.9</ele>
      </trkpt>
      <trkpt lat="28.06626" lon="-16.58109">
        <ele>204.1</ele>
      </trkpt>
      <trkpt lat="28.06637" lon="-16.58069">
        <ele>204.5</ele>
      </trkpt>
      <trkpt lat="28.06639" lon="-16.58061">
        <ele>204.4</ele>
      </trkpt>
      <trkpt lat="28.06641" lon="-16.58058">
        <ele>204.5</ele>
      </trkpt>
      <trkpt lat="28.06643" lon="-16.58054">
        <ele>204.5</ele>
      </trkpt>
      <trkpt lat="28.06645" lon="-16.58052">
        <ele>204.6</ele>
      </trkpt>
      <trkpt lat="28.06647" lon="-16.58051">
        <ele>204.7</ele>
      </trkpt>
      <trkpt lat="28.06651" lon="-16.58048">
        <ele>204.9</ele>
      </trkpt>
      <trkpt lat="28.06657" lon="-16.580449">
        <ele>205.3</ele>
      </trkpt>
      <trkpt lat="28.06678" lon="-16.580369">
        <ele>206.7</ele>
      </trkpt>
      <trkpt lat="28.06707" lon="-16.580279">
        <ele>208.9</ele>
      </trkpt>
      <trkpt lat="28.06731" lon="-16.58022">
        <ele>210.9</ele>
      </trkpt>
      <trkpt lat="28.06739" lon="-16.58019">
        <ele>211.6</ele>
      </trkpt>
      <trkpt lat="28.06765" lon="-16.58011">
        <ele>213.7</ele>
      </trkpt>
      <trkpt lat="28.06777" lon="-16.58007">
        <ele>214.5</ele>
      </trkpt>
      <trkpt lat="28.06782" lon="-16.58005">
        <ele>214.8</ele>
      </trkpt>
      <trkpt lat="28.06789" lon="-16.58002">
        <ele>215.3</ele>
      </trkpt>
      <trkpt lat="28.06795" lon="-16.579999">
        <ele>215.7</ele>
      </trkpt>
      <trkpt lat="28.06798" lon="-16.579979">
        <ele>215.7</ele>
      </trkpt>
      <trkpt lat="28.06799" lon="-16.57997">
        <ele>215.7</ele>
      </trkpt>
      <trkpt lat="28.06803" lon="-16.57994">
        <ele>215.7</ele>
      </trkpt>
      <trkpt lat="28.06813" lon="-16.57986">
        <ele>215.8</ele>
      </trkpt>
      <trkpt lat="28.06831" lon="-16.57967">
        <ele>215.5</ele>
      </trkpt>
      <trkpt lat="28.06835" lon="-16.57963">
        <ele>215.5</ele>
      </trkpt>
      <trkpt lat="28.06848" lon="-16.57954">
        <ele>215.8</ele>
      </trkpt>
      <trkpt lat="28.06859" lon="-16.57949">
        <ele>216.4</ele>
      </trkpt>
      <trkpt lat="28.06885" lon="-16.57938">
        <ele>217.7</ele>
      </trkpt>
      <trkpt lat="28.06889" lon="-16.57936">
        <ele>217.9</ele>
      </trkpt>
      <trkpt lat="28.06892" lon="-16.579339">
        <ele>218.0</ele>
      </trkpt>
      <trkpt lat="28.06895" lon="-16.579339">
        <ele>218.3</ele>
      </trkpt>
      <trkpt lat="28.06898" lon="-16.579329">
        <ele>218.5</ele>
      </trkpt>
      <trkpt lat="28.06903" lon="-16.579339">
        <ele>218.9</ele>
      </trkpt>
      <trkpt lat="28.0691" lon="-16.57936">
        <ele>219.6</ele>
      </trkpt>
      <trkpt lat="28.06913" lon="-16.57938">
        <ele>220.0</ele>
      </trkpt>
      <trkpt lat="28.06924" lon="-16.57941">
        <ele>220.8</ele>
      </trkpt>
      <trkpt lat="28.06927" lon="-16.57941">
        <ele>221.0</ele>
      </trkpt>
      <trkpt lat="28.06929" lon="-16.57941">
        <ele>221.1</ele>
      </trkpt>
      <trkpt lat="28.06932" lon="-16.57941">
        <ele>221.3</ele>
      </trkpt>
      <trkpt lat="28.06935" lon="-16.5794">
        <ele>221.4</ele>
      </trkpt>
      <trkpt lat="28.06938" lon="-16.57937">
        <ele>221.4</ele>
      </trkpt>
      <trkpt lat="28.06942" lon="-16.57932">
        <ele>221.3</ele>
      </trkpt>
      <trkpt lat="28.06943" lon="-16.57931">
        <ele>221.3</ele>
      </trkpt>
      <trkpt lat="28.06948" lon="-16.579229">
        <ele>221.2</ele>
      </trkpt>
      <trkpt lat="28.06955" lon="-16.579049">
        <ele>220.9</ele>
      </trkpt>
      <trkpt lat="28.06957" lon="-16.57897">
        <ele>220.8</ele>
      </trkpt>
      <trkpt lat="28.06957" lon="-16.57897">
        <ele>220.8</ele>
      </trkpt>
      <trkpt lat="28.06957" lon="-16.57897">
        <ele>220.8</ele>
      </trkpt>
      <trkpt lat="28.06968" lon="-16.5787">
        <ele>220.9</ele>
      </trkpt>
      <trkpt lat="28.06969" lon="-16.578669">
        <ele>220.9</ele>
      </trkpt>
      <trkpt lat="28.06976" lon="-16.578489">
        <ele>221.0</ele>
      </trkpt>
      <trkpt lat="28.06978" lon="-16.57845">
        <ele>221.1</ele>
      </trkpt>
      <trkpt lat="28.06981" lon="-16.578389">
        <ele>221.3</ele>
      </trkpt>
      <trkpt lat="28.06983" lon="-16.57836">
        <ele>221.4</ele>
      </trkpt>
      <trkpt lat="28.06986" lon="-16.57832">
        <ele>221.6</ele>
      </trkpt>
      <trkpt lat="28.06988" lon="-16.578299">
        <ele>221.7</ele>
      </trkpt>
      <trkpt lat="28.06992" lon="-16.57826">
        <ele>221.8</ele>
      </trkpt>
      <trkpt lat="28.06995" lon="-16.57823">
        <ele>221.9</ele>
      </trkpt>
      <trkpt lat="28.06997" lon="-16.578209">
        <ele>222.0</ele>
      </trkpt>
      <trkpt lat="28.06999" lon="-16.57818">
        <ele>222.0</ele>
      </trkpt>
      <trkpt lat="28.07" lon="-16.57818">
        <ele>222.1</ele>
      </trkpt>
      <trkpt lat="28.07001" lon="-16.57814">
        <ele>221.9</ele>
      </trkpt>
      <trkpt lat="28.07007" lon="-16.57799">
        <ele>221.6</ele>
      </trkpt>
      <trkpt lat="28.07009" lon="-16.57795">
        <ele>221.6</ele>
      </trkpt>
      <trkpt lat="28.07026" lon="-16.57748">
        <ele>220.8</ele>
      </trkpt>
      <trkpt lat="28.07028" lon="-16.57743">
        <ele>221.1</ele>
      </trkpt>
      <trkpt lat="28.0703" lon="-16.57738">
        <ele>221.3</ele>
      </trkpt>
      <trkpt lat="28.07032" lon="-16.57734">
        <ele>221.5</ele>
      </trkpt>
      <trkpt lat="28.07035" lon="-16.5773">
        <ele>221.8</ele>
      </trkpt>
      <trkpt lat="28.07038" lon="-16.577269">
        <ele>222.1</ele>
      </trkpt>
      <trkpt lat="28.0704" lon="-16.57725">
        <ele>222.3</ele>
      </trkpt>
      <trkpt lat="28.07047" lon="-16.57716">
        <ele>223.0</ele>
      </trkpt>
      <trkpt lat="28.07051" lon="-16.57712">
        <ele>223.4</ele>
      </trkpt>
      <trkpt lat="28.07056" lon="-16.57707">
        <ele>223.9</ele>
      </trkpt>
      <trkpt lat="28.07058" lon="-16.57703">
        <ele>224.0</ele>
      </trkpt>
      <trkpt lat="28.07059" lon="-16.577">
        <ele>224.1</ele>
      </trkpt>
      <trkpt lat="28.07061" lon="-16.57696">
        <ele>224.3</ele>
      </trkpt>
      <trkpt lat="28.07062" lon="-16.57692">
        <ele>224.4</ele>
      </trkpt>
      <trkpt lat="28.07063" lon="-16.57687">
        <ele>224.4</ele>
      </trkpt>
      <trkpt lat="28.07065" lon="-16.57676">
        <ele>224.5</ele>
      </trkpt>
      <trkpt lat="28.07068" lon="-16.576619">
        <ele>225.3</ele>
      </trkpt>
      <trkpt lat="28.0707" lon="-16.57641">
        <ele>228.2</ele>
      </trkpt>
      <trkpt lat="28.0707" lon="-16.57637">
        <ele>228.7</ele>
      </trkpt>
      <trkpt lat="28.0707" lon="-16.57636">
        <ele>228.9</ele>
      </trkpt>
      <trkpt lat="28.07069" lon="-16.57635">
        <ele>228.9</ele>
      </trkpt>
      <trkpt lat="28.07069" lon="-16.576329">
        <ele>229.2</ele>
      </trkpt>
      <trkpt lat="28.07068" lon="-16.57629">
        <ele>229.6</ele>
      </trkpt>
      <trkpt lat="28.07066" lon="-16.57626">
        <ele>229.8</ele>
      </trkpt>
      <trkpt lat="28.07064" lon="-16.576229">
        <ele>230.0</ele>
      </trkpt>
      <trkpt lat="28.07063" lon="-16.57621">
        <ele>230.2</ele>
      </trkpt>
      <trkpt lat="28.0706" lon="-16.57618">
        <ele>230.3</ele>
      </trkpt>
      <trkpt lat="28.07057" lon="-16.576149">
        <ele>230.4</ele>
      </trkpt>
      <trkpt lat="28.07045" lon="-16.57608">
        <ele>230.2</ele>
      </trkpt>
      <trkpt lat="28.07038" lon="-16.57603">
        <ele>230.2</ele>
      </trkpt>
      <trkpt lat="28.07011" lon="-16.5758">
        <ele>230.4</ele>
      </trkpt>
      <trkpt lat="28.07003" lon="-16.57571">
        <ele>230.7</ele>
      </trkpt>
      <trkpt lat="28.06992" lon="-16.57554">
        <ele>232.6</ele>
      </trkpt>
      <trkpt lat="28.06991" lon="-16.57551">
        <ele>233.0</ele>
      </trkpt>
      <trkpt lat="28.06982" lon="-16.57537">
        <ele>234.6</ele>
      </trkpt>
      <trkpt lat="28.06979" lon="-16.57531">
        <ele>235.3</ele>
      </trkpt>
      <trkpt lat="28.06971" lon="-16.575209">
        <ele>236.4</ele>
      </trkpt>
      <trkpt lat="28.0697" lon="-16.575199">
        <ele>236.5</ele>
      </trkpt>
      <trkpt lat="28.06966" lon="-16.57516">
        <ele>236.9</ele>
      </trkpt>
      <trkpt lat="28.0696" lon="-16.575119">
        <ele>237.3</ele>
      </trkpt>
      <trkpt lat="28.06957" lon="-16.57509">
        <ele>237.6</ele>
      </trkpt>
      <trkpt lat="28.06952" lon="-16.57504">
        <ele>238.0</ele>
      </trkpt>
      <trkpt lat="28.06948" lon="-16.575009">
        <ele>238.3</ele>
      </trkpt>
      <trkpt lat="28.06945" lon="-16.57498">
        <ele>238.2</ele>
      </trkpt>
      <trkpt lat="28.06944" lon="-16.57495">
        <ele>237.9</ele>
      </trkpt>
      <trkpt lat="28.06943" lon="-16.57491">
        <ele>237.6</ele>
      </trkpt>
      <trkpt lat="28.06942" lon="-16.57488">
        <ele>237.3</ele>
      </trkpt>
      <trkpt lat="28.06942" lon="-16.574829">
        <ele>236.9</ele>
      </trkpt>
      <trkpt lat="28.06942" lon="-16.57479">
        <ele>236.5</ele>
      </trkpt>
      <trkpt lat="28.06942" lon="-16.57475">
        <ele>236.2</ele>
      </trkpt>
      <trkpt lat="28.06943" lon="-16.57471">
        <ele>235.9</ele>
      </trkpt>
      <trkpt lat="28.06947" lon="-16.574549">
        <ele>234.9</ele>
      </trkpt>
      <trkpt lat="28.06948" lon="-16.5745">
        <ele>234.6</ele>
      </trkpt>
      <trkpt lat="28.06952" lon="-16.574359">
        <ele>234.0</ele>
      </trkpt>
      <trkpt lat="28.06957" lon="-16.57419">
        <ele>233.5</ele>
      </trkpt>
      <trkpt lat="28.0696" lon="-16.57409">
        <ele>232.6</ele>
      </trkpt>
      <trkpt lat="28.06965" lon="-16.57401">
        <ele>232.0</ele>
      </trkpt>
      <trkpt lat="28.06967" lon="-16.573989">
        <ele>232.0</ele>
      </trkpt>
      <trkpt lat="28.0697" lon="-16.57394">
        <ele>231.6</ele>
      </trkpt>
      <trkpt lat="28.06974" lon="-16.573899">
        <ele>231.5</ele>
      </trkpt>
      <trkpt lat="28.06979" lon="-16.57384">
        <ele>231.2</ele>
      </trkpt>
      <trkpt lat="28.06984" lon="-16.57377">
        <ele>230.8</ele>
      </trkpt>
      <trkpt lat="28.0699" lon="-16.573699">
        <ele>230.5</ele>
      </trkpt>
      <trkpt lat="28.06991" lon="-16.57368">
        <ele>230.3</ele>
      </trkpt>
      <trkpt lat="28.06997" lon="-16.57357">
        <ele>229.3</ele>
      </trkpt>
      <trkpt lat="28.07" lon="-16.573509">
        <ele>228.8</ele>
      </trkpt>
      <trkpt lat="28.07001" lon="-16.573509">
        <ele>229.0</ele>
      </trkpt>
      <trkpt lat="28.07006" lon="-16.573419">
        <ele>228.7</ele>
      </trkpt>
      <trkpt lat="28.0701" lon="-16.57334">
        <ele>228.5</ele>
      </trkpt>
      <trkpt lat="28.07011" lon="-16.573319">
        <ele>228.5</ele>
      </trkpt>
      <trkpt lat="28.07012" lon="-16.57328">
        <ele>228.2</ele>
      </trkpt>
      <trkpt lat="28.07014" lon="-16.573239">
        <ele>228.2</ele>
      </trkpt>
      <trkpt lat="28.07015" lon="-16.57319">
        <ele>227.8</ele>
      </trkpt>
      <trkpt lat="28.07016" lon="-16.573149">
        <ele>227.5</ele>
      </trkpt>
      <trkpt lat="28.07018" lon="-16.573">
        <ele>226.1</ele>
      </trkpt>
      <trkpt lat="28.07019" lon="-16.572949">
        <ele>225.6</ele>
      </trkpt>
      <trkpt lat="28.07023" lon="-16.57275">
        <ele>223.9</ele>
      </trkpt>
      <trkpt lat="28.07025" lon="-16.57265">
        <ele>223.1</ele>
      </trkpt>
      <trkpt lat="28.07031" lon="-16.572489">
        <ele>222.2</ele>
      </trkpt>
      <trkpt lat="28.07036" lon="-16.572389">
        <ele>222.1</ele>
      </trkpt>
      <trkpt lat="28.0704" lon="-16.57231">
        <ele>221.9</ele>
      </trkpt>
      <trkpt lat="28.07048" lon="-16.572099">
        <ele>220.7</ele>
      </trkpt>
      <trkpt lat="28.07048" lon="-16.57209">
        <ele>220.6</ele>
      </trkpt>
      <trkpt lat="28.07054" lon="-16.57196">
        <ele>219.8</ele>
      </trkpt>
      <trkpt lat="28.07056" lon="-16.571909">
        <ele>219.4</ele>
      </trkpt>
      <trkpt lat="28.07059" lon="-16.57187">
        <ele>219.2</ele>
      </trkpt>
      <trkpt lat="28.07062" lon="-16.571829">
        <ele>219.0</ele>
      </trkpt>
      <trkpt lat="28.07068" lon="-16.57178">
        <ele>219.0</ele>
      </trkpt>
      <trkpt lat="28.07069" lon="-16.57177">
        <ele>219.0</ele>
      </trkpt>
      <trkpt lat="28.07077" lon="-16.5717">
        <ele>218.9</ele>
      </trkpt>
      <trkpt lat="28.07084" lon="-16.57166">
        <ele>218.9</ele>
      </trkpt>
      <trkpt lat="28.07115" lon="-16.571459">
        <ele>217.8</ele>
      </trkpt>
      <trkpt lat="28.07131" lon="-16.571359">
        <ele>217.3</ele>
      </trkpt>
      <trkpt lat="28.07158" lon="-16.5712">
        <ele>216.5</ele>
      </trkpt>
      <trkpt lat="28.07162" lon="-16.571169">
        <ele>216.3</ele>
      </trkpt>
      <trkpt lat="28.07164" lon="-16.57115">
        <ele>216.1</ele>
      </trkpt>
      <trkpt lat="28.07167" lon="-16.57112">
        <ele>215.9</ele>
      </trkpt>
      <trkpt lat="28.07169" lon="-16.5711">
        <ele>215.8</ele>
      </trkpt>
      <trkpt lat="28.0717" lon="-16.571079">
        <ele>215.6</ele>
      </trkpt>
      <trkpt lat="28.07171" lon="-16.57105">
        <ele>215.3</ele>
      </trkpt>
      <trkpt lat="28.07171" lon="-16.57102">
        <ele>214.8</ele>
      </trkpt>
      <trkpt lat="28.07171" lon="-16.57101">
        <ele>214.6</ele>
      </trkpt>
      <trkpt lat="28.07171" lon="-16.570979">
        <ele>214.1</ele>
      </trkpt>
      <trkpt lat="28.0717" lon="-16.57095">
        <ele>213.5</ele>
      </trkpt>
      <trkpt lat="28.07169" lon="-16.570889">
        <ele>212.3</ele>
      </trkpt>
      <trkpt lat="28.07162" lon="-16.57072">
        <ele>209.9</ele>
      </trkpt>
      <trkpt lat="28.07155" lon="-16.57053">
        <ele>208.1</ele>
      </trkpt>
      <trkpt lat="28.0714" lon="-16.57015">
        <ele>204.9</ele>
      </trkpt>
      <trkpt lat="28.07139" lon="-16.57011">
        <ele>204.7</ele>
      </trkpt>
      <trkpt lat="28.07124" lon="-16.56974">
        <ele>202.8</ele>
      </trkpt>
      <trkpt lat="28.07123" lon="-16.569659">
        <ele>202.6</ele>
      </trkpt>
      <trkpt lat="28.07122" lon="-16.56961">
        <ele>202.4</ele>
      </trkpt>
      <trkpt lat="28.07122" lon="-16.569579">
        <ele>202.3</ele>
      </trkpt>
      <trkpt lat="28.07122" lon="-16.56954">
        <ele>202.2</ele>
      </trkpt>
      <trkpt lat="28.07122" lon="-16.569489">
        <ele>202.1</ele>
      </trkpt>
      <trkpt lat="28.07123" lon="-16.56944">
        <ele>202.0</ele>
      </trkpt>
      <trkpt lat="28.07124" lon="-16.569379">
        <ele>201.9</ele>
      </trkpt>
      <trkpt lat="28.07125" lon="-16.569379">
        <ele>202.0</ele>
      </trkpt>
      <trkpt lat="28.07133" lon="-16.569189">
        <ele>202.2</ele>
      </trkpt>
      <trkpt lat="28.07136" lon="-16.56913">
        <ele>202.4</ele>
      </trkpt>
      <trkpt lat="28.07157" lon="-16.56865">
        <ele>202.7</ele>
      </trkpt>
      <trkpt lat="28.07157" lon="-16.568639">
        <ele>202.7</ele>
      </trkpt>
      <trkpt lat="28.07166" lon="-16.56847">
        <ele>202.5</ele>
      </trkpt>
      <trkpt lat="28.07167" lon="-16.56846">
        <ele>202.5</ele>
      </trkpt>
      <trkpt lat="28.0717" lon="-16.56841">
        <ele>202.5</ele>
      </trkpt>
      <trkpt lat="28.07173" lon="-16.56837">
        <ele>202.5</ele>
      </trkpt>
      <trkpt lat="28.07178" lon="-16.56833">
        <ele>202.7</ele>
      </trkpt>
      <trkpt lat="28.07178" lon="-16.56832">
        <ele>202.7</ele>
      </trkpt>
      <trkpt lat="28.07192" lon="-16.56823">
        <ele>203.4</ele>
      </trkpt>
      <trkpt lat="28.07205" lon="-16.56813">
        <ele>203.9</ele>
      </trkpt>
      <trkpt lat="28.07218" lon="-16.56805">
        <ele>204.2</ele>
      </trkpt>
      <trkpt lat="28.07221" lon="-16.56803">
        <ele>204.3</ele>
      </trkpt>
      <trkpt lat="28.0723" lon="-16.567969">
        <ele>204.5</ele>
      </trkpt>
      <trkpt lat="28.07247" lon="-16.567879">
        <ele>204.7</ele>
      </trkpt>
      <trkpt lat="28.07265" lon="-16.56782">
        <ele>205.2</ele>
      </trkpt>
      <trkpt lat="28.07271" lon="-16.56781">
        <ele>205.5</ele>
      </trkpt>
      <trkpt lat="28.07273" lon="-16.56781">
        <ele>205.6</ele>
      </trkpt>
      <trkpt lat="28.07281" lon="-16.567789">
        <ele>205.9</ele>
      </trkpt>
      <trkpt lat="28.07288" lon="-16.567789">
        <ele>206.2</ele>
      </trkpt>
      <trkpt lat="28.07289" lon="-16.567789">
        <ele>206.2</ele>
      </trkpt>
      <trkpt lat="28.07294" lon="-16.567789">
        <ele>206.5</ele>
      </trkpt>
      <trkpt lat="28.07301" lon="-16.56776">
        <ele>206.7</ele>
      </trkpt>
      <trkpt lat="28.07303" lon="-16.56776">
        <ele>206.8</ele>
      </trkpt>
      <trkpt lat="28.07306" lon="-16.56774">
        <ele>206.9</ele>
      </trkpt>
      <trkpt lat="28.07309" lon="-16.56772">
        <ele>207.0</ele>
      </trkpt>
      <trkpt lat="28.07319" lon="-16.56767">
        <ele>207.4</ele>
      </trkpt>
      <trkpt lat="28.07321" lon="-16.56766">
        <ele>207.5</ele>
      </trkpt>
      <trkpt lat="28.07334" lon="-16.56756">
        <ele>208.1</ele>
      </trkpt>
      <trkpt lat="28.07337" lon="-16.56754">
        <ele>208.2</ele>
      </trkpt>
      <trkpt lat="28.07349" lon="-16.56746">
        <ele>208.6</ele>
      </trkpt>
      <trkpt lat="28.07368" lon="-16.567319">
        <ele>208.8</ele>
      </trkpt>
      <trkpt lat="28.0738" lon="-16.56724">
        <ele>209.0</ele>
      </trkpt>
      <trkpt lat="28.07393" lon="-16.567129">
        <ele>209.1</ele>
      </trkpt>
      <trkpt lat="28.07395" lon="-16.56712">
        <ele>209.1</ele>
      </trkpt>
      <trkpt lat="28.07423" lon="-16.56687">
        <ele>209.2</ele>
      </trkpt>
      <trkpt lat="28.07437" lon="-16.56671">
        <ele>208.9</ele>
      </trkpt>
      <trkpt lat="28.07446" lon="-16.56662">
        <ele>209.0</ele>
      </trkpt>
      <trkpt lat="28.07454" lon="-16.56652">
        <ele>209.2</ele>
      </trkpt>
      <trkpt lat="28.07456" lon="-16.56649">
        <ele>209.2</ele>
      </trkpt>
      <trkpt lat="28.07469" lon="-16.56633">
        <ele>209.6</ele>
      </trkpt>
      <trkpt lat="28.07469" lon="-16.56632">
        <ele>209.6</ele>
      </trkpt>
      <trkpt lat="28.0748" lon="-16.56617">
        <ele>210.0</ele>
      </trkpt>
      <trkpt lat="28.07493" lon="-16.56598">
        <ele>210.6</ele>
      </trkpt>
      <trkpt lat="28.07502" lon="-16.565819">
        <ele>211.2</ele>
      </trkpt>
      <trkpt lat="28.07513" lon="-16.5656">
        <ele>212.9</ele>
      </trkpt>
      <trkpt lat="28.07523" lon="-16.56539">
        <ele>214.3</ele>
      </trkpt>
      <trkpt lat="28.07525" lon="-16.565339">
        <ele>214.5</ele>
      </trkpt>
      <trkpt lat="28.07529" lon="-16.56523">
        <ele>215.1</ele>
      </trkpt>
      <trkpt lat="28.07536" lon="-16.56504">
        <ele>216.0</ele>
      </trkpt>
      <trkpt lat="28.07566" lon="-16.5641">
        <ele>217.9</ele>
      </trkpt>
      <trkpt lat="28.07571" lon="-16.564">
        <ele>218.1</ele>
      </trkpt>
      <trkpt lat="28.07575" lon="-16.563939">
        <ele>218.3</ele>
      </trkpt>
      <trkpt lat="28.07578" lon="-16.5639">
        <ele>218.4</ele>
      </trkpt>
      <trkpt lat="28.07581" lon="-16.56387">
        <ele>218.5</ele>
      </trkpt>
      <trkpt lat="28.07587" lon="-16.5638">
        <ele>218.8</ele>
      </trkpt>
      <trkpt lat="28.07592" lon="-16.56374">
        <ele>219.1</ele>
      </trkpt>
      <trkpt lat="28.07595" lon="-16.56369">
        <ele>219.2</ele>
      </trkpt>
      <trkpt lat="28.07598" lon="-16.56365">
        <ele>219.3</ele>
      </trkpt>
      <trkpt lat="28.07602" lon="-16.56361">
        <ele>219.5</ele>
      </trkpt>
      <trkpt lat="28.07609" lon="-16.56354">
        <ele>219.9</ele>
      </trkpt>
      <trkpt lat="28.0761" lon="-16.56352">
        <ele>219.9</ele>
      </trkpt>
      <trkpt lat="28.07615" lon="-16.56351">
        <ele>220.2</ele>
      </trkpt>
      <trkpt lat="28.07619" lon="-16.56349">
        <ele>220.4</ele>
      </trkpt>
      <trkpt lat="28.07624" lon="-16.563479">
        <ele>220.7</ele>
      </trkpt>
      <trkpt lat="28.07629" lon="-16.563469">
        <ele>221.0</ele>
      </trkpt>
      <trkpt lat="28.07635" lon="-16.563469">
        <ele>221.4</ele>
      </trkpt>
      <trkpt lat="28.07636" lon="-16.563469">
        <ele>221.4</ele>
      </trkpt>
      <trkpt lat="28.0764" lon="-16.563479">
        <ele>221.7</ele>
      </trkpt>
      <trkpt lat="28.07648" lon="-16.5635">
        <ele>222.2</ele>
      </trkpt>
      <trkpt lat="28.07654" lon="-16.56353">
        <ele>222.7</ele>
      </trkpt>
      <trkpt lat="28.07658" lon="-16.56354">
        <ele>223.0</ele>
      </trkpt>
      <trkpt lat="28.07659" lon="-16.56355">
        <ele>223.0</ele>
      </trkpt>
      <trkpt lat="28.0766" lon="-16.56355">
        <ele>223.1</ele>
      </trkpt>
      <trkpt lat="28.07664" lon="-16.563559">
        <ele>223.4</ele>
      </trkpt>
      <trkpt lat="28.07671" lon="-16.563559">
        <ele>223.9</ele>
      </trkpt>
      <trkpt lat="28.07671" lon="-16.563559">
        <ele>223.9</ele>
      </trkpt>
      <trkpt lat="28.0769" lon="-16.56349">
        <ele>225.3</ele>
      </trkpt>
      <trkpt lat="28.07692" lon="-16.56349">
        <ele>225.4</ele>
      </trkpt>
      <trkpt lat="28.07695" lon="-16.563469">
        <ele>225.7</ele>
      </trkpt>
      <trkpt lat="28.077" lon="-16.56344">
        <ele>226.0</ele>
      </trkpt>
      <trkpt lat="28.07704" lon="-16.5634">
        <ele>226.3</ele>
      </trkpt>
      <trkpt lat="28.07706" lon="-16.563369">
        <ele>226.4</ele>
      </trkpt>
      <trkpt lat="28.07707" lon="-16.563369">
        <ele>226.5</ele>
      </trkpt>
      <trkpt lat="28.07709" lon="-16.56333">
        <ele>226.5</ele>
      </trkpt>
      <trkpt lat="28.07712" lon="-16.56318">
        <ele>226.3</ele>
      </trkpt>
      <trkpt lat="28.07717" lon="-16.56296">
        <ele>226.0</ele>
      </trkpt>
      <trkpt lat="28.07718" lon="-16.56287">
        <ele>225.7</ele>
      </trkpt>
      <trkpt lat="28.0772" lon="-16.56279">
        <ele>225.6</ele>
      </trkpt>
      <trkpt lat="28.07723" lon="-16.56267">
        <ele>225.3</ele>
      </trkpt>
      <trkpt lat="28.07724" lon="-16.56261">
        <ele>225.2</ele>
      </trkpt>
      <trkpt lat="28.07727" lon="-16.562529">
        <ele>225.0</ele>
      </trkpt>
      <trkpt lat="28.07731" lon="-16.56243">
        <ele>224.8</ele>
      </trkpt>
      <trkpt lat="28.07736" lon="-16.56233">
        <ele>224.7</ele>
      </trkpt>
      <trkpt lat="28.07739" lon="-16.56227">
        <ele>224.6</ele>
      </trkpt>
      <trkpt lat="28.07741" lon="-16.562249">
        <ele>224.7</ele>
      </trkpt>
      <trkpt lat="28.07747" lon="-16.56209">
        <ele>224.4</ele>
      </trkpt>
      <trkpt lat="28.07766" lon="-16.56166">
        <ele>224.7</ele>
      </trkpt>
      <trkpt lat="28.07769" lon="-16.56156">
        <ele>225.0</ele>
      </trkpt>
      <trkpt lat="28.07782" lon="-16.56119">
        <ele>225.8</ele>
      </trkpt>
      <trkpt lat="28.07803" lon="-16.56068">
        <ele>226.2</ele>
      </trkpt>
      <trkpt lat="28.07818" lon="-16.5605">
        <ele>226.2</ele>
      </trkpt>
      <trkpt lat="28.07834" lon="-16.56025">
        <ele>225.5</ele>
      </trkpt>
      <trkpt lat="28.07862" lon="-16.55987">
        <ele>225.8</ele>
      </trkpt>
      <trkpt lat="28.07871" lon="-16.55974">
        <ele>226.1</ele>
      </trkpt>
      <trkpt lat="28.07877" lon="-16.55966">
        <ele>226.3</ele>
      </trkpt>
      <trkpt lat="28.07898" lon="-16.55938">
        <ele>227.2</ele>
      </trkpt>
      <trkpt lat="28.07903" lon="-16.55933">
        <ele>227.4</ele>
      </trkpt>
      <trkpt lat="28.07905" lon="-16.55932">
        <ele>227.5</ele>
      </trkpt>
      <trkpt lat="28.07931" lon="-16.559">
        <ele>228.3</ele>
      </trkpt>
      <trkpt lat="28.07935" lon="-16.55895">
        <ele>228.3</ele>
      </trkpt>
      <trkpt lat="28.07949" lon="-16.55876">
        <ele>228.5</ele>
      </trkpt>
      <trkpt lat="28.07951" lon="-16.55874">
        <ele>228.5</ele>
      </trkpt>
      <trkpt lat="28.07958" lon="-16.55865">
        <ele>228.6</ele>
      </trkpt>
      <trkpt lat="28.0796" lon="-16.558599">
        <ele>228.6</ele>
      </trkpt>
      <trkpt lat="28.07966" lon="-16.55852">
        <ele>228.6</ele>
      </trkpt>
      <trkpt lat="28.07966" lon="-16.55852">
        <ele>228.6</ele>
      </trkpt>
      <trkpt lat="28.07966" lon="-16.558509">
        <ele>228.6</ele>
      </trkpt>
      <trkpt lat="28.07965" lon="-16.558509">
        <ele>228.5</ele>
      </trkpt>
      <trkpt lat="28.07965" lon="-16.558499">
        <ele>228.5</ele>
      </trkpt>
      <trkpt lat="28.07965" lon="-16.558489">
        <ele>228.5</ele>
      </trkpt>
      <trkpt lat="28.07964" lon="-16.55848">
        <ele>228.4</ele>
      </trkpt>
      <trkpt lat="28.07964" lon="-16.55847">
        <ele>228.3</ele>
      </trkpt>
      <trkpt lat="28.07964" lon="-16.55846">
        <ele>228.3</ele>
      </trkpt>
      <trkpt lat="28.07964" lon="-16.55844">
        <ele>228.2</ele>
      </trkpt>
      <trkpt lat="28.07964" lon="-16.55843">
        <ele>228.2</ele>
      </trkpt>
      <trkpt lat="28.07965" lon="-16.55843">
        <ele>228.2</ele>
      </trkpt>
      <trkpt lat="28.07965" lon="-16.55842">
        <ele>228.2</ele>
      </trkpt>
      <trkpt lat="28.07965" lon="-16.558409">
        <ele>228.2</ele>
      </trkpt>
      <trkpt lat="28.07965" lon="-16.558399">
        <ele>228.1</ele>
      </trkpt>
      <trkpt lat="28.07966" lon="-16.558399">
        <ele>228.2</ele>
      </trkpt>
      <trkpt lat="28.07966" lon="-16.55839">
        <ele>228.2</ele>
      </trkpt>
      <trkpt lat="28.07966" lon="-16.55838">
        <ele>228.1</ele>
      </trkpt>
      <trkpt lat="28.07967" lon="-16.55838">
        <ele>228.2</ele>
      </trkpt>
      <trkpt lat="28.07967" lon="-16.55837">
        <ele>228.2</ele>
      </trkpt>
      <trkpt lat="28.07968" lon="-16.55836">
        <ele>228.2</ele>
      </trkpt>
      <trkpt lat="28.07969" lon="-16.55835">
        <ele>228.2</ele>
      </trkpt>
      <trkpt lat="28.0797" lon="-16.55835">
        <ele>228.3</ele>
      </trkpt>
      <trkpt lat="28.0797" lon="-16.55834">
        <ele>228.2</ele>
      </trkpt>
      <trkpt lat="28.07971" lon="-16.55834">
        <ele>228.3</ele>
      </trkpt>
      <trkpt lat="28.07972" lon="-16.55834">
        <ele>228.3</ele>
      </trkpt>
      <trkpt lat="28.07973" lon="-16.55833">
        <ele>228.4</ele>
      </trkpt>
      <trkpt lat="28.07974" lon="-16.55833">
        <ele>228.4</ele>
      </trkpt>
      <trkpt lat="28.07975" lon="-16.55833">
        <ele>228.5</ele>
      </trkpt>
      <trkpt lat="28.07976" lon="-16.55833">
        <ele>228.6</ele>
      </trkpt>
      <trkpt lat="28.07977" lon="-16.55833">
        <ele>228.6</ele>
      </trkpt>
      <trkpt lat="28.07978" lon="-16.55834">
        <ele>228.7</ele>
      </trkpt>
      <trkpt lat="28.07979" lon="-16.55834">
        <ele>228.8</ele>
      </trkpt>
      <trkpt lat="28.0798" lon="-16.55834">
        <ele>228.8</ele>
      </trkpt>
      <trkpt lat="28.0798" lon="-16.55835">
        <ele>228.9</ele>
      </trkpt>
      <trkpt lat="28.07981" lon="-16.55835">
        <ele>228.9</ele>
      </trkpt>
      <trkpt lat="28.07982" lon="-16.55836">
        <ele>229.0</ele>
      </trkpt>
      <trkpt lat="28.07983" lon="-16.55836">
        <ele>229.1</ele>
      </trkpt>
      <trkpt lat="28.07983" lon="-16.55837">
        <ele>229.1</ele>
      </trkpt>
      <trkpt lat="28.07984" lon="-16.55838">
        <ele>229.2</ele>
      </trkpt>
      <trkpt lat="28.07984" lon="-16.55839">
        <ele>229.2</ele>
      </trkpt>
      <trkpt lat="28.07985" lon="-16.55839">
        <ele>229.3</ele>
      </trkpt>
      <trkpt lat="28.07985" lon="-16.558399">
        <ele>229.3</ele>
      </trkpt>
      <trkpt lat="28.07985" lon="-16.558409">
        <ele>229.4</ele>
      </trkpt>
      <trkpt lat="28.07986" lon="-16.558409">
        <ele>229.4</ele>
      </trkpt>
      <trkpt lat="28.07986" lon="-16.55842">
        <ele>229.5</ele>
      </trkpt>
      <trkpt lat="28.07986" lon="-16.55843">
        <ele>229.5</ele>
      </trkpt>
      <trkpt lat="28.07986" lon="-16.55844">
        <ele>229.5</ele>
      </trkpt>
      <trkpt lat="28.07994" lon="-16.558489">
        <ele>230.2</ele>
      </trkpt>
      <trkpt lat="28.079968" lon="-16.558503">
        <ele>230.4</ele>
      </trkpt>
      <trkpt lat="28.08" lon="-16.55852">
        <ele>230.7</ele>
      </trkpt>
      <trkpt lat="28.08003" lon="-16.55854">
        <ele>231.0</ele>
      </trkpt>
      <trkpt lat="28.08007" lon="-16.558589">
        <ele>231.5</ele>
      </trkpt>
      <trkpt lat="28.08007" lon="-16.558589">
        <ele>231.5</ele>
      </trkpt>
      <trkpt lat="28.08015" lon="-16.558589">
        <ele>232.3</ele>
      </trkpt>
      <trkpt lat="28.08019" lon="-16.55861">
        <ele>232.7</ele>
      </trkpt>
      <trkpt lat="28.08024" lon="-16.55864">
        <ele>233.2</ele>
      </trkpt>
      <trkpt lat="28.08025" lon="-16.55865">
        <ele>233.3</ele>
      </trkpt>
      <trkpt lat="28.08037" lon="-16.55877">
        <ele>234.7</ele>
      </trkpt>
      <trkpt lat="28.08042" lon="-16.55882">
        <ele>235.2</ele>
      </trkpt>
      <trkpt lat="28.08058" lon="-16.559">
        <ele>236.9</ele>
      </trkpt>
      <trkpt lat="28.08084" lon="-16.55923">
        <ele>238.8</ele>
      </trkpt>
      <trkpt lat="28.08101" lon="-16.5594">
        <ele>238.6</ele>
      </trkpt>
      <trkpt lat="28.08119" lon="-16.55958">
        <ele>239.1</ele>
      </trkpt>
      <trkpt lat="28.08126" lon="-16.55965">
        <ele>239.4</ele>
      </trkpt>
      <trkpt lat="28.08132" lon="-16.559729">
        <ele>239.8</ele>
      </trkpt>
      <trkpt lat="28.08137" lon="-16.55978">
        <ele>240.2</ele>
      </trkpt>
      <trkpt lat="28.08137" lon="-16.55979">
        <ele>240.2</ele>
      </trkpt>
      <trkpt lat="28.08141" lon="-16.55986">
        <ele>240.7</ele>
      </trkpt>
      <trkpt lat="28.08145" lon="-16.55994">
        <ele>241.2</ele>
      </trkpt>
      <trkpt lat="28.08151" lon="-16.56007">
        <ele>242.2</ele>
      </trkpt>
      <trkpt lat="28.08156" lon="-16.560179">
        <ele>243.0</ele>
      </trkpt>
      <trkpt lat="28.0816" lon="-16.56025">
        <ele>243.7</ele>
      </trkpt>
      <trkpt lat="28.08161" lon="-16.560279">
        <ele>243.9</ele>
      </trkpt>
      <trkpt lat="28.08162" lon="-16.5603">
        <ele>244.1</ele>
      </trkpt>
      <trkpt lat="28.08163" lon="-16.56034">
        <ele>244.3</ele>
      </trkpt>
      <trkpt lat="28.08165" lon="-16.56041">
        <ele>244.8</ele>
      </trkpt>
      <trkpt lat="28.08165" lon="-16.56041">
        <ele>244.8</ele>
      </trkpt>
      <trkpt lat="28.08161" lon="-16.56045">
        <ele>244.7</ele>
      </trkpt>
      <trkpt lat="28.08161" lon="-16.56045">
        <ele>244.7</ele>
      </trkpt>
      <trkpt lat="28.08177" lon="-16.560759">
        <ele>247.2</ele>
      </trkpt>
      <trkpt lat="28.08177" lon="-16.56077">
        <ele>247.3</ele>
      </trkpt>
      <trkpt lat="28.08182" lon="-16.56086">
        <ele>247.9</ele>
      </trkpt>
      <trkpt lat="28.08207" lon="-16.56126">
        <ele>249.9</ele>
      </trkpt>
      <trkpt lat="28.08214" lon="-16.56137">
        <ele>250.6</ele>
      </trkpt>
      <trkpt lat="28.0826" lon="-16.56211">
        <ele>258.3</ele>
      </trkpt>
      <trkpt lat="28.08266" lon="-16.5622">
        <ele>259.4</ele>
      </trkpt>
      <trkpt lat="28.08303" lon="-16.5628">
        <ele>265.5</ele>
      </trkpt>
      <trkpt lat="28.08304" lon="-16.562819">
        <ele>265.6</ele>
      </trkpt>
      <trkpt lat="28.08305" lon="-16.56284">
        <ele>265.8</ele>
      </trkpt>
      <trkpt lat="28.08307" lon="-16.56286">
        <ele>266.0</ele>
      </trkpt>
      <trkpt lat="28.08313" lon="-16.562919">
        <ele>266.7</ele>
      </trkpt>
      <trkpt lat="28.08318" lon="-16.56299">
        <ele>267.3</ele>
      </trkpt>
      <trkpt lat="28.08323" lon="-16.56304">
        <ele>267.8</ele>
      </trkpt>
      <trkpt lat="28.08324" lon="-16.56304">
        <ele>267.9</ele>
      </trkpt>
      <trkpt lat="28.08326" lon="-16.56304">
        <ele>267.9</ele>
      </trkpt>
      <trkpt lat="28.08327" lon="-16.56304">
        <ele>268.0</ele>
      </trkpt>
      <trkpt lat="28.08328" lon="-16.56304">
        <ele>268.0</ele>
      </trkpt>
      <trkpt lat="28.08328" lon="-16.56305">
        <ele>268.1</ele>
      </trkpt>
      <trkpt lat="28.08329" lon="-16.56305">
        <ele>268.1</ele>
      </trkpt>
      <trkpt lat="28.0833" lon="-16.56305">
        <ele>268.2</ele>
      </trkpt>
      <trkpt lat="28.0833" lon="-16.56306">
        <ele>268.2</ele>
      </trkpt>
      <trkpt lat="28.08331" lon="-16.56306">
        <ele>268.3</ele>
      </trkpt>
      <trkpt lat="28.08331" lon="-16.56307">
        <ele>268.3</ele>
      </trkpt>
      <trkpt lat="28.08332" lon="-16.56307">
        <ele>268.4</ele>
      </trkpt>
      <trkpt lat="28.08332" lon="-16.56308">
        <ele>268.4</ele>
      </trkpt>
      <trkpt lat="28.08333" lon="-16.56308">
        <ele>268.5</ele>
      </trkpt>
      <trkpt lat="28.08333" lon="-16.563089">
        <ele>268.5</ele>
      </trkpt>
      <trkpt lat="28.08334" lon="-16.563099">
        <ele>268.6</ele>
      </trkpt>
      <trkpt lat="28.08334" lon="-16.56311">
        <ele>268.7</ele>
      </trkpt>
      <trkpt lat="28.08335" lon="-16.56312">
        <ele>268.8</ele>
      </trkpt>
      <trkpt lat="28.08335" lon="-16.56313">
        <ele>268.8</ele>
      </trkpt>
      <trkpt lat="28.08335" lon="-16.56314">
        <ele>268.9</ele>
      </trkpt>
      <trkpt lat="28.08335" lon="-16.56315">
        <ele>269.0</ele>
      </trkpt>
      <trkpt lat="28.08335" lon="-16.56316">
        <ele>269.0</ele>
      </trkpt>
      <trkpt lat="28.08335" lon="-16.56317">
        <ele>269.1</ele>
      </trkpt>
      <trkpt lat="28.08335" lon="-16.56318">
        <ele>269.1</ele>
      </trkpt>
      <trkpt lat="28.08335" lon="-16.563189">
        <ele>269.2</ele>
      </trkpt>
      <trkpt lat="28.08335" lon="-16.563199">
        <ele>269.3</ele>
      </trkpt>
      <trkpt lat="28.0834" lon="-16.563289">
        <ele>270.0</ele>
      </trkpt>
      <trkpt lat="28.08342" lon="-16.56335">
        <ele>270.4</ele>
      </trkpt>
      <trkpt lat="28.0837" lon="-16.5637">
        <ele>273.0</ele>
      </trkpt>
      <trkpt lat="28.08385" lon="-16.56389">
        <ele>274.7</ele>
      </trkpt>
      <trkpt lat="28.08412" lon="-16.564219">
        <ele>277.7</ele>
      </trkpt>
      <trkpt lat="28.08424" lon="-16.56437">
        <ele>278.9</ele>
      </trkpt>
      <trkpt lat="28.08427" lon="-16.5644">
        <ele>279.3</ele>
      </trkpt>
      <trkpt lat="28.08434" lon="-16.564499">
        <ele>280.2</ele>
      </trkpt>
      <trkpt lat="28.08435" lon="-16.564509">
        <ele>280.3</ele>
      </trkpt>
      <trkpt lat="28.08436" lon="-16.56452">
        <ele>280.5</ele>
      </trkpt>
      <trkpt lat="28.08444" lon="-16.56464">
        <ele>281.7</ele>
      </trkpt>
      <trkpt lat="28.08447" lon="-16.56468">
        <ele>282.2</ele>
      </trkpt>
      <trkpt lat="28.0845" lon="-16.56473">
        <ele>282.7</ele>
      </trkpt>
      <trkpt lat="28.08451" lon="-16.56475">
        <ele>282.9</ele>
      </trkpt>
      <trkpt lat="28.08455" lon="-16.56482">
        <ele>283.6</ele>
      </trkpt>
      <trkpt lat="28.08456" lon="-16.56485">
        <ele>283.8</ele>
      </trkpt>
      <trkpt lat="28.08458" lon="-16.5649">
        <ele>284.2</ele>
      </trkpt>
      <trkpt lat="28.08461" lon="-16.564979">
        <ele>284.9</ele>
      </trkpt>
      <trkpt lat="28.08462" lon="-16.56502">
        <ele>285.2</ele>
      </trkpt>
      <trkpt lat="28.08463" lon="-16.56504">
        <ele>285.4</ele>
      </trkpt>
      <trkpt lat="28.08463" lon="-16.565059">
        <ele>285.5</ele>
      </trkpt>
      <trkpt lat="28.08464" lon="-16.56514">
        <ele>285.9</ele>
      </trkpt>
      <trkpt lat="28.08464" lon="-16.56519">
        <ele>286.1</ele>
      </trkpt>
      <trkpt lat="28.08464" lon="-16.56524">
        <ele>286.3</ele>
      </trkpt>
      <trkpt lat="28.08464" lon="-16.56527">
        <ele>286.5</ele>
      </trkpt>
      <trkpt lat="28.08463" lon="-16.56531">
        <ele>286.5</ele>
      </trkpt>
      <trkpt lat="28.08463" lon="-16.565349">
        <ele>286.6</ele>
      </trkpt>
      <trkpt lat="28.08462" lon="-16.56539">
        <ele>286.6</ele>
      </trkpt>
      <trkpt lat="28.0846" lon="-16.56546">
        <ele>286.7</ele>
      </trkpt>
      <trkpt lat="28.0846" lon="-16.56547">
        <ele>286.7</ele>
      </trkpt>
      <trkpt lat="28.08457" lon="-16.56555">
        <ele>286.6</ele>
      </trkpt>
      <trkpt lat="28.08448" lon="-16.56579">
        <ele>286.6</ele>
      </trkpt>
      <trkpt lat="28.08447" lon="-16.56584">
        <ele>286.7</ele>
      </trkpt>
      <trkpt lat="28.08442" lon="-16.56598">
        <ele>287.9</ele>
      </trkpt>
      <trkpt lat="28.08438" lon="-16.56609">
        <ele>288.9</ele>
      </trkpt>
      <trkpt lat="28.08436" lon="-16.56617">
        <ele>289.7</ele>
      </trkpt>
      <trkpt lat="28.08435" lon="-16.566189">
        <ele>289.9</ele>
      </trkpt>
      <trkpt lat="28.08434" lon="-16.566299">
        <ele>291.2</ele>
      </trkpt>
      <trkpt lat="28.08434" lon="-16.566379">
        <ele>292.3</ele>
      </trkpt>
      <trkpt lat="28.08434" lon="-16.56642">
        <ele>292.8</ele>
      </trkpt>
      <trkpt lat="28.08436" lon="-16.56655">
        <ele>294.6</ele>
      </trkpt>
      <trkpt lat="28.08439" lon="-16.566669">
        <ele>296.4</ele>
      </trkpt>
      <trkpt lat="28.08444" lon="-16.56677">
        <ele>298.7</ele>
      </trkpt>
      <trkpt lat="28.08449" lon="-16.566849">
        <ele>300.6</ele>
      </trkpt>
      <trkpt lat="28.08455" lon="-16.56692">
        <ele>302.4</ele>
      </trkpt>
      <trkpt lat="28.08455" lon="-16.56692">
        <ele>302.4</ele>
      </trkpt>
      <trkpt lat="28.08455" lon="-16.56693">
        <ele>302.5</ele>
      </trkpt>
      <trkpt lat="28.08463" lon="-16.567">
        <ele>304.3</ele>
      </trkpt>
      <trkpt lat="28.0847" lon="-16.56706">
        <ele>305.8</ele>
      </trkpt>
      <trkpt lat="28.08477" lon="-16.56709">
        <ele>306.7</ele>
      </trkpt>
      <trkpt lat="28.08483" lon="-16.56712">
        <ele>307.5</ele>
      </trkpt>
      <trkpt lat="28.08486" lon="-16.56712">
        <ele>307.6</ele>
      </trkpt>
      <trkpt lat="28.08506" lon="-16.56716">
        <ele>309.1</ele>
      </trkpt>
      <trkpt lat="28.08521" lon="-16.56717">
        <ele>309.9</ele>
      </trkpt>
      <trkpt lat="28.08523" lon="-16.56717">
        <ele>310.0</ele>
      </trkpt>
      <trkpt lat="28.08525" lon="-16.56717">
        <ele>310.1</ele>
      </trkpt>
      <trkpt lat="28.08539" lon="-16.56718">
        <ele>310.8</ele>
      </trkpt>
      <trkpt lat="28.08557" lon="-16.56719">
        <ele>311.6</ele>
      </trkpt>
      <trkpt lat="28.08558" lon="-16.56719">
        <ele>311.7</ele>
      </trkpt>
      <trkpt lat="28.08559" lon="-16.56719">
        <ele>311.7</ele>
      </trkpt>
      <trkpt lat="28.08575" lon="-16.56721">
        <ele>312.6</ele>
      </trkpt>
      <trkpt lat="28.08593" lon="-16.567219">
        <ele>313.8</ele>
      </trkpt>
      <trkpt lat="28.08647" lon="-16.56726">
        <ele>318.8</ele>
      </trkpt>
      <trkpt lat="28.08665" lon="-16.56727">
        <ele>320.4</ele>
      </trkpt>
      <trkpt lat="28.08679" lon="-16.56728">
        <ele>321.8</ele>
      </trkpt>
      <trkpt lat="28.08682" lon="-16.56728">
        <ele>322.1</ele>
      </trkpt>
      <trkpt lat="28.08697" lon="-16.56729">
        <ele>323.6</ele>
      </trkpt>
      <trkpt lat="28.08702" lon="-16.56729">
        <ele>324.1</ele>
      </trkpt>
      <trkpt lat="28.08715" lon="-16.5673">
        <ele>325.5</ele>
      </trkpt>
      <trkpt lat="28.08769" lon="-16.567329">
        <ele>330.3</ele>
      </trkpt>
      <trkpt lat="28.08787" lon="-16.56735">
        <ele>331.6</ele>
      </trkpt>
      <trkpt lat="28.08788" lon="-16.56735">
        <ele>331.7</ele>
      </trkpt>
      <trkpt lat="28.08805" lon="-16.56736">
        <ele>332.8</ele>
      </trkpt>
      <trkpt lat="28.08821" lon="-16.56737">
        <ele>333.8</ele>
      </trkpt>
      <trkpt lat="28.08827" lon="-16.56737">
        <ele>334.2</ele>
      </trkpt>
      <trkpt lat="28.08839" lon="-16.56738">
        <ele>335.0</ele>
      </trkpt>
      <trkpt lat="28.08857" lon="-16.56739">
        <ele>336.4</ele>
      </trkpt>
      <trkpt lat="28.08874" lon="-16.5674">
        <ele>337.7</ele>
      </trkpt>
      <trkpt lat="28.08893" lon="-16.567409">
        <ele>339.1</ele>
      </trkpt>
      <trkpt lat="28.08902" lon="-16.567419">
        <ele>339.7</ele>
      </trkpt>
      <trkpt lat="28.08911" lon="-16.567419">
        <ele>340.4</ele>
      </trkpt>
      <trkpt lat="28.08933" lon="-16.56744">
        <ele>342.4</ele>
      </trkpt>
      <trkpt lat="28.08947" lon="-16.56745">
        <ele>343.7</ele>
      </trkpt>
      <trkpt lat="28.08951" lon="-16.56745">
        <ele>344.2</ele>
      </trkpt>
      <trkpt lat="28.08967" lon="-16.56747">
        <ele>345.7</ele>
      </trkpt>
      <trkpt lat="28.08975" lon="-16.56748">
        <ele>346.5</ele>
      </trkpt>
      <trkpt lat="28.08982" lon="-16.567499">
        <ele>347.1</ele>
      </trkpt>
      <trkpt lat="28.08983" lon="-16.567499">
        <ele>347.2</ele>
      </trkpt>
      <trkpt lat="28.08991" lon="-16.567509">
        <ele>348.0</ele>
      </trkpt>
      <trkpt lat="28.08998" lon="-16.56753">
        <ele>348.8</ele>
      </trkpt>
      <trkpt lat="28.09005" lon="-16.56756">
        <ele>349.6</ele>
      </trkpt>
      <trkpt lat="28.09013" lon="-16.56759">
        <ele>350.6</ele>
      </trkpt>
      <trkpt lat="28.09014" lon="-16.567599">
        <ele>350.8</ele>
      </trkpt>
      <trkpt lat="28.09021" lon="-16.56763">
        <ele>351.7</ele>
      </trkpt>
      <trkpt lat="28.0903" lon="-16.567689">
        <ele>352.9</ele>
      </trkpt>
      <trkpt lat="28.09037" lon="-16.56774">
        <ele>353.9</ele>
      </trkpt>
      <trkpt lat="28.09043" lon="-16.567789">
        <ele>354.7</ele>
      </trkpt>
      <trkpt lat="28.09044" lon="-16.567789">
        <ele>354.8</ele>
      </trkpt>
      <trkpt lat="28.09051" lon="-16.56786">
        <ele>355.8</ele>
      </trkpt>
      <trkpt lat="28.09056" lon="-16.56792">
        <ele>356.6</ele>
      </trkpt>
      <trkpt lat="28.09063" lon="-16.568">
        <ele>357.6</ele>
      </trkpt>
      <trkpt lat="28.09064" lon="-16.56802">
        <ele>357.8</ele>
      </trkpt>
      <trkpt lat="28.09069" lon="-16.5681">
        <ele>358.6</ele>
      </trkpt>
      <trkpt lat="28.09078" lon="-16.56822">
        <ele>360.1</ele>
      </trkpt>
      <trkpt lat="28.09087" lon="-16.56838">
        <ele>361.5</ele>
      </trkpt>
      <trkpt lat="28.09102" lon="-16.568639">
        <ele>363.6</ele>
      </trkpt>
      <trkpt lat="28.09115" lon="-16.56885">
        <ele>365.5</ele>
      </trkpt>
      <trkpt lat="28.09121" lon="-16.56896">
        <ele>366.5</ele>
      </trkpt>
      <trkpt lat="28.09139" lon="-16.569289">
        <ele>369.3</ele>
      </trkpt>
      <trkpt lat="28.09145" lon="-16.56936">
        <ele>370.1</ele>
      </trkpt>
      <trkpt lat="28.0915" lon="-16.56942">
        <ele>370.7</ele>
      </trkpt>
      <trkpt lat="28.09156" lon="-16.569489">
        <ele>371.4</ele>
      </trkpt>
      <trkpt lat="28.09158" lon="-16.5695">
        <ele>371.6</ele>
      </trkpt>
      <trkpt lat="28.09164" lon="-16.56956">
        <ele>372.2</ele>
      </trkpt>
      <trkpt lat="28.09173" lon="-16.56961">
        <ele>373.0</ele>
      </trkpt>
      <trkpt lat="28.09179" lon="-16.56964">
        <ele>373.4</ele>
      </trkpt>
      <trkpt lat="28.09186" lon="-16.569659">
        <ele>373.9</ele>
      </trkpt>
      <trkpt lat="28.09193" lon="-16.56968">
        <ele>374.4</ele>
      </trkpt>
      <trkpt lat="28.09199" lon="-16.56969">
        <ele>374.8</ele>
      </trkpt>
      <trkpt lat="28.09209" lon="-16.5697">
        <ele>375.6</ele>
      </trkpt>
      <trkpt lat="28.0922" lon="-16.56971">
        <ele>376.4</ele>
      </trkpt>
      <trkpt lat="28.09226" lon="-16.5697">
        <ele>376.9</ele>
      </trkpt>
      <trkpt lat="28.09232" lon="-16.5697">
        <ele>377.3</ele>
      </trkpt>
      <trkpt lat="28.09245" lon="-16.56969">
        <ele>378.4</ele>
      </trkpt>
      <trkpt lat="28.09262" lon="-16.569669">
        <ele>379.5</ele>
      </trkpt>
      <trkpt lat="28.09267" lon="-16.569669">
        <ele>379.7</ele>
      </trkpt>
      <trkpt lat="28.09279" lon="-16.569659">
        <ele>380.4</ele>
      </trkpt>
      <trkpt lat="28.0933" lon="-16.56959">
        <ele>382.9</ele>
      </trkpt>
      <trkpt lat="28.09348" lon="-16.569569">
        <ele>384.2</ele>
      </trkpt>
      <trkpt lat="28.09359" lon="-16.56956">
        <ele>385.0</ele>
      </trkpt>
      <trkpt lat="28.09412" lon="-16.56956">
        <ele>389.3</ele>
      </trkpt>
      <trkpt lat="28.09422" lon="-16.569579">
        <ele>390.2</ele>
      </trkpt>
      <trkpt lat="28.09437" lon="-16.5696">
        <ele>391.0</ele>
      </trkpt>
      <trkpt lat="28.09441" lon="-16.56961">
        <ele>391.3</ele>
      </trkpt>
      <trkpt lat="28.09446" lon="-16.56963">
        <ele>391.8</ele>
      </trkpt>
      <trkpt lat="28.09479" lon="-16.56975">
        <ele>394.5</ele>
      </trkpt>
      <trkpt lat="28.09496" lon="-16.56981">
        <ele>395.8</ele>
      </trkpt>
      <trkpt lat="28.09511" lon="-16.569859">
        <ele>397.3</ele>
      </trkpt>
      <trkpt lat="28.09595" lon="-16.57017">
        <ele>405.9</ele>
      </trkpt>
      <trkpt lat="28.09612" lon="-16.570229">
        <ele>406.8</ele>
      </trkpt>
      <trkpt lat="28.09637" lon="-16.570319">
        <ele>408.1</ele>
      </trkpt>
      <trkpt lat="28.09645" lon="-16.57036">
        <ele>408.6</ele>
      </trkpt>
      <trkpt lat="28.09678" lon="-16.570509">
        <ele>411.1</ele>
      </trkpt>
      <trkpt lat="28.09718" lon="-16.57066">
        <ele>415.0</ele>
      </trkpt>
      <trkpt lat="28.09742" lon="-16.57078">
        <ele>417.2</ele>
      </trkpt>
      <trkpt lat="28.09746" lon="-16.57081">
        <ele>417.6</ele>
      </trkpt>
      <trkpt lat="28.09762" lon="-16.5709">
        <ele>419.4</ele>
      </trkpt>
      <trkpt lat="28.09766" lon="-16.57093">
        <ele>420.0</ele>
      </trkpt>
      <trkpt lat="28.09771" lon="-16.57097">
        <ele>420.7</ele>
      </trkpt>
      <trkpt lat="28.09774" lon="-16.57102">
        <ele>421.5</ele>
      </trkpt>
      <trkpt lat="28.09778" lon="-16.571069">
        <ele>422.3</ele>
      </trkpt>
      <trkpt lat="28.0978" lon="-16.57111">
        <ele>422.9</ele>
      </trkpt>
      <trkpt lat="28.09788" lon="-16.57123">
        <ele>424.6</ele>
      </trkpt>
      <trkpt lat="28.09793" lon="-16.57134">
        <ele>426.1</ele>
      </trkpt>
      <trkpt lat="28.09795" lon="-16.5714">
        <ele>426.9</ele>
      </trkpt>
      <trkpt lat="28.09798" lon="-16.571449">
        <ele>427.6</ele>
      </trkpt>
      <trkpt lat="28.09799" lon="-16.57157">
        <ele>429.0</ele>
      </trkpt>
      <trkpt lat="28.098" lon="-16.571739">
        <ele>430.7</ele>
      </trkpt>
      <trkpt lat="28.09795" lon="-16.57204">
        <ele>432.6</ele>
      </trkpt>
      <trkpt lat="28.09794" lon="-16.572109">
        <ele>433.0</ele>
      </trkpt>
      <trkpt lat="28.09789" lon="-16.57231">
        <ele>434.1</ele>
      </trkpt>
      <trkpt lat="28.09786" lon="-16.57246">
        <ele>434.9</ele>
      </trkpt>
      <trkpt lat="28.09776" lon="-16.57288">
        <ele>438.2</ele>
      </trkpt>
      <trkpt lat="28.09768" lon="-16.57322">
        <ele>440.7</ele>
      </trkpt>
      <trkpt lat="28.09764" lon="-16.57338">
        <ele>441.9</ele>
      </trkpt>
      <trkpt lat="28.09761" lon="-16.573519">
        <ele>443.3</ele>
      </trkpt>
      <trkpt lat="28.09753" lon="-16.57383">
        <ele>446.2</ele>
      </trkpt>
      <trkpt lat="28.09747" lon="-16.57402">
        <ele>448.0</ele>
      </trkpt>
      <trkpt lat="28.09747" lon="-16.57405">
        <ele>448.4</ele>
      </trkpt>
      <trkpt lat="28.0974" lon="-16.57421">
        <ele>449.5</ele>
      </trkpt>
      <trkpt lat="28.09739" lon="-16.57424">
        <ele>449.7</ele>
      </trkpt>
      <trkpt lat="28.09724" lon="-16.57459">
        <ele>451.4</ele>
      </trkpt>
      <trkpt lat="28.09718" lon="-16.57472">
        <ele>452.0</ele>
      </trkpt>
      <trkpt lat="28.09706" lon="-16.575">
        <ele>453.3</ele>
      </trkpt>
      <trkpt lat="28.09706" lon="-16.575009">
        <ele>453.4</ele>
      </trkpt>
      <trkpt lat="28.09702" lon="-16.57509">
        <ele>453.5</ele>
      </trkpt>
      <trkpt lat="28.09699" lon="-16.575199">
        <ele>453.9</ele>
      </trkpt>
      <trkpt lat="28.09697" lon="-16.57528">
        <ele>454.1</ele>
      </trkpt>
      <trkpt lat="28.09695" lon="-16.57533">
        <ele>454.2</ele>
      </trkpt>
      <trkpt lat="28.09694" lon="-16.575479">
        <ele>455.0</ele>
      </trkpt>
      <trkpt lat="28.09694" lon="-16.575489">
        <ele>455.0</ele>
      </trkpt>
      <trkpt lat="28.09695" lon="-16.57561">
        <ele>455.8</ele>
      </trkpt>
      <trkpt lat="28.09696" lon="-16.57569">
        <ele>456.4</ele>
      </trkpt>
      <trkpt lat="28.09696" lon="-16.57574">
        <ele>456.6</ele>
      </trkpt>
      <trkpt lat="28.09699" lon="-16.57585">
        <ele>457.5</ele>
      </trkpt>
      <trkpt lat="28.09703" lon="-16.575959">
        <ele>458.3</ele>
      </trkpt>
      <trkpt lat="28.09712" lon="-16.57612">
        <ele>459.7</ele>
      </trkpt>
      <trkpt lat="28.09719" lon="-16.576229">
        <ele>460.8</ele>
      </trkpt>
      <trkpt lat="28.09728" lon="-16.57631">
        <ele>461.9</ele>
      </trkpt>
      <trkpt lat="28.09732" lon="-16.576339">
        <ele>462.4</ele>
      </trkpt>
      <trkpt lat="28.09744" lon="-16.57641">
        <ele>463.8</ele>
      </trkpt>
      <trkpt lat="28.09763" lon="-16.5765">
        <ele>465.8</ele>
      </trkpt>
      <trkpt lat="28.09767" lon="-16.576509">
        <ele>466.3</ele>
      </trkpt>
      <trkpt lat="28.09784" lon="-16.57657">
        <ele>468.0</ele>
      </trkpt>
      <trkpt lat="28.09789" lon="-16.57659">
        <ele>468.6</ele>
      </trkpt>
      <trkpt lat="28.09801" lon="-16.57663">
        <ele>469.8</ele>
      </trkpt>
      <trkpt lat="28.09818" lon="-16.57668">
        <ele>471.6</ele>
      </trkpt>
      <trkpt lat="28.09836" lon="-16.57674">
        <ele>473.6</ele>
      </trkpt>
      <trkpt lat="28.09853" lon="-16.576789">
        <ele>475.2</ele>
      </trkpt>
      <trkpt lat="28.0987" lon="-16.57684">
        <ele>476.8</ele>
      </trkpt>
      <trkpt lat="28.09888" lon="-16.576899">
        <ele>478.5</ele>
      </trkpt>
      <trkpt lat="28.0989" lon="-16.576899">
        <ele>478.7</ele>
      </trkpt>
      <trkpt lat="28.099" lon="-16.57693">
        <ele>479.6</ele>
      </trkpt>
      <trkpt lat="28.09928" lon="-16.57702">
        <ele>482.1</ele>
      </trkpt>
      <trkpt lat="28.0999" lon="-16.5772">
        <ele>486.9</ele>
      </trkpt>
      <trkpt lat="28.09992" lon="-16.5772">
        <ele>487.0</ele>
      </trkpt>
      <trkpt lat="28.10015" lon="-16.57725">
        <ele>488.6</ele>
      </trkpt>
      <trkpt lat="28.10025" lon="-16.577259">
        <ele>489.2</ele>
      </trkpt>
      <trkpt lat="28.10026" lon="-16.577259">
        <ele>489.2</ele>
      </trkpt>
      <trkpt lat="28.10039" lon="-16.577259">
        <ele>489.9</ele>
      </trkpt>
      <trkpt lat="28.10065" lon="-16.57723">
        <ele>490.9</ele>
      </trkpt>
      <trkpt lat="28.1008" lon="-16.57722">
        <ele>491.5</ele>
      </trkpt>
      <trkpt lat="28.1009" lon="-16.57721">
        <ele>491.9</ele>
      </trkpt>
      <trkpt lat="28.101" lon="-16.57721">
        <ele>492.5</ele>
      </trkpt>
      <trkpt lat="28.10111" lon="-16.57721">
        <ele>493.1</ele>
      </trkpt>
      <trkpt lat="28.10117" lon="-16.57721">
        <ele>493.5</ele>
      </trkpt>
      <trkpt lat="28.1014" lon="-16.57721">
        <ele>494.8</ele>
      </trkpt>
      <trkpt lat="28.10147" lon="-16.57722">
        <ele>495.2</ele>
      </trkpt>
      <trkpt lat="28.10154" lon="-16.57724">
        <ele>495.7</ele>
      </trkpt>
      <trkpt lat="28.10164" lon="-16.577259">
        <ele>496.3</ele>
      </trkpt>
      <trkpt lat="28.1017" lon="-16.577269">
        <ele>496.7</ele>
      </trkpt>
      <trkpt lat="28.10171" lon="-16.577269">
        <ele>496.8</ele>
      </trkpt>
      <trkpt lat="28.10182" lon="-16.57731">
        <ele>497.9</ele>
      </trkpt>
      <trkpt lat="28.10188" lon="-16.57733">
        <ele>498.4</ele>
      </trkpt>
      <trkpt lat="28.10198" lon="-16.577359">
        <ele>499.4</ele>
      </trkpt>
      <trkpt lat="28.10199" lon="-16.577359">
        <ele>499.4</ele>
      </trkpt>
      <trkpt lat="28.10213" lon="-16.57742">
        <ele>500.8</ele>
      </trkpt>
      <trkpt lat="28.10216" lon="-16.57743">
        <ele>501.0</ele>
      </trkpt>
      <trkpt lat="28.10232" lon="-16.57752">
        <ele>502.6</ele>
      </trkpt>
      <trkpt lat="28.10248" lon="-16.57762">
        <ele>504.1</ele>
      </trkpt>
      <trkpt lat="28.10259" lon="-16.57769">
        <ele>505.1</ele>
      </trkpt>
      <trkpt lat="28.10275" lon="-16.57779">
        <ele>506.4</ele>
      </trkpt>
      <trkpt lat="28.10282" lon="-16.577829">
        <ele>506.9</ele>
      </trkpt>
      <trkpt lat="28.10285" lon="-16.57785">
        <ele>507.2</ele>
      </trkpt>
      <trkpt lat="28.10291" lon="-16.57788">
        <ele>507.6</ele>
      </trkpt>
      <trkpt lat="28.10292" lon="-16.57789">
        <ele>507.7</ele>
      </trkpt>
      <trkpt lat="28.10308" lon="-16.57798">
        <ele>508.9</ele>
      </trkpt>
      <trkpt lat="28.10317" lon="-16.57804">
        <ele>509.6</ele>
      </trkpt>
      <trkpt lat="28.10328" lon="-16.578109">
        <ele>510.4</ele>
      </trkpt>
      <trkpt lat="28.10338" lon="-16.57816">
        <ele>511.1</ele>
      </trkpt>
      <trkpt lat="28.10351" lon="-16.57824">
        <ele>512.3</ele>
      </trkpt>
      <trkpt lat="28.10367" lon="-16.57832">
        <ele>513.8</ele>
      </trkpt>
      <trkpt lat="28.1037" lon="-16.57834">
        <ele>514.1</ele>
      </trkpt>
      <trkpt lat="28.10373" lon="-16.57836">
        <ele>514.4</ele>
      </trkpt>
      <trkpt lat="28.10373" lon="-16.57836">
        <ele>514.4</ele>
      </trkpt>
      <trkpt lat="28.10379" lon="-16.57846">
        <ele>515.3</ele>
      </trkpt>
      <trkpt lat="28.10393" lon="-16.57856">
        <ele>516.8</ele>
      </trkpt>
      <trkpt lat="28.10414" lon="-16.57869">
        <ele>519.1</ele>
      </trkpt>
      <trkpt lat="28.10445" lon="-16.57885">
        <ele>521.3</ele>
      </trkpt>
      <trkpt lat="28.10457" lon="-16.57891">
        <ele>522.2</ele>
      </trkpt>
      <trkpt lat="28.10472" lon="-16.57898">
        <ele>523.1</ele>
      </trkpt>
      <trkpt lat="28.10494" lon="-16.57903">
        <ele>524.4</ele>
      </trkpt>
      <trkpt lat="28.10494" lon="-16.57903">
        <ele>524.4</ele>
      </trkpt>
      <trkpt lat="28.10494" lon="-16.57904">
        <ele>524.4</ele>
      </trkpt>
      <trkpt lat="28.10495" lon="-16.579049">
        <ele>524.5</ele>
      </trkpt>
      <trkpt lat="28.10495" lon="-16.579059">
        <ele>524.5</ele>
      </trkpt>
      <trkpt lat="28.10495" lon="-16.57907">
        <ele>524.5</ele>
      </trkpt>
      <trkpt lat="28.10496" lon="-16.57907">
        <ele>524.6</ele>
      </trkpt>
      <trkpt lat="28.10496" lon="-16.57908">
        <ele>524.6</ele>
      </trkpt>
      <trkpt lat="28.10497" lon="-16.57909">
        <ele>524.7</ele>
      </trkpt>
      <trkpt lat="28.10497" lon="-16.5791">
        <ele>524.7</ele>
      </trkpt>
      <trkpt lat="28.10498" lon="-16.57911">
        <ele>524.8</ele>
      </trkpt>
      <trkpt lat="28.10499" lon="-16.57912">
        <ele>524.8</ele>
      </trkpt>
      <trkpt lat="28.105" lon="-16.57913">
        <ele>524.9</ele>
      </trkpt>
      <trkpt lat="28.10501" lon="-16.579139">
        <ele>525.0</ele>
      </trkpt>
      <trkpt lat="28.10502" lon="-16.579139">
        <ele>525.1</ele>
      </trkpt>
      <trkpt lat="28.10502" lon="-16.579149">
        <ele>525.1</ele>
      </trkpt>
      <trkpt lat="28.10503" lon="-16.579149">
        <ele>525.2</ele>
      </trkpt>
      <trkpt lat="28.10504" lon="-16.57916">
        <ele>525.3</ele>
      </trkpt>
      <trkpt lat="28.10505" lon="-16.57916">
        <ele>525.3</ele>
      </trkpt>
      <trkpt lat="28.10506" lon="-16.57916">
        <ele>525.4</ele>
      </trkpt>
      <trkpt lat="28.10507" lon="-16.57916">
        <ele>525.5</ele>
      </trkpt>
      <trkpt lat="28.10508" lon="-16.57917">
        <ele>525.6</ele>
      </trkpt>
      <trkpt lat="28.10509" lon="-16.57917">
        <ele>525.7</ele>
      </trkpt>
      <trkpt lat="28.1051" lon="-16.57917">
        <ele>525.7</ele>
      </trkpt>
      <trkpt lat="28.10511" lon="-16.57917">
        <ele>525.8</ele>
      </trkpt>
      <trkpt lat="28.10508" lon="-16.579239">
        <ele>525.8</ele>
      </trkpt>
      <trkpt lat="28.10506" lon="-16.57928">
        <ele>525.7</ele>
      </trkpt>
      <trkpt lat="28.10504" lon="-16.57931">
        <ele>525.6</ele>
      </trkpt>
      <trkpt lat="28.105" lon="-16.57936">
        <ele>525.5</ele>
      </trkpt>
      <trkpt lat="28.1048" lon="-16.579699">
        <ele>525.3</ele>
      </trkpt>
      <trkpt lat="28.10475" lon="-16.579799">
        <ele>525.3</ele>
      </trkpt>
      <trkpt lat="28.10465" lon="-16.579979">
        <ele>525.3</ele>
      </trkpt>
      <trkpt lat="28.10459" lon="-16.580089">
        <ele>525.3</ele>
      </trkpt>
      <trkpt lat="28.10446" lon="-16.58032">
        <ele>525.4</ele>
      </trkpt>
      <trkpt lat="28.10436" lon="-16.58049">
        <ele>525.6</ele>
      </trkpt>
      <trkpt lat="28.10435" lon="-16.5805">
        <ele>525.5</ele>
      </trkpt>
      <trkpt lat="28.10421" lon="-16.58073">
        <ele>525.8</ele>
      </trkpt>
      <trkpt lat="28.10407" lon="-16.58098">
        <ele>525.8</ele>
      </trkpt>
      <trkpt lat="28.10405" lon="-16.58101">
        <ele>525.7</ele>
      </trkpt>
      <trkpt lat="28.10386" lon="-16.58136">
        <ele>526.0</ele>
      </trkpt>
      <trkpt lat="28.10383" lon="-16.58141">
        <ele>526.1</ele>
      </trkpt>
      <trkpt lat="28.10378" lon="-16.581489">
        <ele>526.2</ele>
      </trkpt>
      <trkpt lat="28.1036" lon="-16.58184">
        <ele>526.7</ele>
      </trkpt>
      <trkpt lat="28.10354" lon="-16.58195">
        <ele>526.7</ele>
      </trkpt>
      <trkpt lat="28.10316" lon="-16.58259">
        <ele>526.6</ele>
      </trkpt>
      <trkpt lat="28.103" lon="-16.582889">
        <ele>527.1</ele>
      </trkpt>
      <trkpt lat="28.10293" lon="-16.58304">
        <ele>527.3</ele>
      </trkpt>
      <trkpt lat="28.1029" lon="-16.583089">
        <ele>527.4</ele>
      </trkpt>
      <trkpt lat="28.10285" lon="-16.58322">
        <ele>527.6</ele>
      </trkpt>
      <trkpt lat="28.10273" lon="-16.583469">
        <ele>527.2</ele>
      </trkpt>
      <trkpt lat="28.10255" lon="-16.58396">
        <ele>525.5</ele>
      </trkpt>
      <trkpt lat="28.1025" lon="-16.584109">
        <ele>525.1</ele>
      </trkpt>
      <trkpt lat="28.10228" lon="-16.584769">
        <ele>524.9</ele>
      </trkpt>
      <trkpt lat="28.1022" lon="-16.58501">
        <ele>524.5</ele>
      </trkpt>
      <trkpt lat="28.10216" lon="-16.5851">
        <ele>524.7</ele>
      </trkpt>
      <trkpt lat="28.10214" lon="-16.585149">
        <ele>524.7</ele>
      </trkpt>
      <trkpt lat="28.10206" lon="-16.58527">
        <ele>524.8</ele>
      </trkpt>
      <trkpt lat="28.10201" lon="-16.58536">
        <ele>524.9</ele>
      </trkpt>
      <trkpt lat="28.10196" lon="-16.585439">
        <ele>525.1</ele>
      </trkpt>
      <trkpt lat="28.10187" lon="-16.58557">
        <ele>525.3</ele>
      </trkpt>
      <trkpt lat="28.10167" lon="-16.58576">
        <ele>525.5</ele>
      </trkpt>
      <trkpt lat="28.10166" lon="-16.58577">
        <ele>525.6</ele>
      </trkpt>
      <trkpt lat="28.10139" lon="-16.58598">
        <ele>527.2</ele>
      </trkpt>
      <trkpt lat="28.10127" lon="-16.586089">
        <ele>527.9</ele>
      </trkpt>
      <trkpt lat="28.10123" lon="-16.58612">
        <ele>528.0</ele>
      </trkpt>
      <trkpt lat="28.10112" lon="-16.586269">
        <ele>528.8</ele>
      </trkpt>
      <trkpt lat="28.10104" lon="-16.586379">
        <ele>529.2</ele>
      </trkpt>
      <trkpt lat="28.101" lon="-16.58642">
        <ele>529.3</ele>
      </trkpt>
      <trkpt lat="28.10099" lon="-16.58643">
        <ele>529.4</ele>
      </trkpt>
      <trkpt lat="28.10094" lon="-16.5865">
        <ele>529.6</ele>
      </trkpt>
      <trkpt lat="28.10089" lon="-16.5866">
        <ele>529.9</ele>
      </trkpt>
      <trkpt lat="28.1008" lon="-16.58678">
        <ele>529.5</ele>
      </trkpt>
      <trkpt lat="28.10077" lon="-16.586849">
        <ele>529.1</ele>
      </trkpt>
      <trkpt lat="28.10072" lon="-16.58696">
        <ele>528.5</ele>
      </trkpt>
      <trkpt lat="28.10064" lon="-16.58714">
        <ele>527.6</ele>
      </trkpt>
      <trkpt lat="28.1006" lon="-16.58724">
        <ele>527.1</ele>
      </trkpt>
      <trkpt lat="28.10047" lon="-16.58754">
        <ele>525.7</ele>
      </trkpt>
      <trkpt lat="28.10046" lon="-16.58757">
        <ele>525.5</ele>
      </trkpt>
      <trkpt lat="28.10044" lon="-16.58762">
        <ele>525.3</ele>
      </trkpt>
      <trkpt lat="28.10042" lon="-16.587679">
        <ele>525.0</ele>
      </trkpt>
      <trkpt lat="28.1004" lon="-16.58772">
        <ele>524.7</ele>
      </trkpt>
      <trkpt lat="28.10039" lon="-16.58775">
        <ele>524.6</ele>
      </trkpt>
      <trkpt lat="28.10032" lon="-16.58789">
        <ele>523.8</ele>
      </trkpt>
      <trkpt lat="28.1003" lon="-16.58795">
        <ele>523.5</ele>
      </trkpt>
      <trkpt lat="28.10003" lon="-16.58855">
        <ele>520.9</ele>
      </trkpt>
      <trkpt lat="28.09977" lon="-16.589179">
        <ele>518.0</ele>
      </trkpt>
      <trkpt lat="28.09973" lon="-16.5893">
        <ele>517.1</ele>
      </trkpt>
      <trkpt lat="28.09949" lon="-16.589849">
        <ele>513.1</ele>
      </trkpt>
      <trkpt lat="28.09943" lon="-16.59">
        <ele>512.3</ele>
      </trkpt>
      <trkpt lat="28.09934" lon="-16.590219">
        <ele>510.9</ele>
      </trkpt>
      <trkpt lat="28.09933" lon="-16.59024">
        <ele>510.7</ele>
      </trkpt>
      <trkpt lat="28.09926" lon="-16.590399">
        <ele>509.6</ele>
      </trkpt>
      <trkpt lat="28.0992" lon="-16.59054">
        <ele>508.6</ele>
      </trkpt>
      <trkpt lat="28.09901" lon="-16.59094">
        <ele>505.9</ele>
      </trkpt>
      <trkpt lat="28.09901" lon="-16.59095">
        <ele>505.9</ele>
      </trkpt>
      <trkpt lat="28.09892" lon="-16.59112">
        <ele>504.9</ele>
      </trkpt>
      <trkpt lat="28.09883" lon="-16.5913">
        <ele>503.8</ele>
      </trkpt>
      <trkpt lat="28.09882" lon="-16.59131">
        <ele>503.7</ele>
      </trkpt>
      <trkpt lat="28.09873" lon="-16.59146">
        <ele>502.6</ele>
      </trkpt>
      <trkpt lat="28.09865" lon="-16.59159">
        <ele>501.6</ele>
      </trkpt>
      <trkpt lat="28.09862" lon="-16.591629">
        <ele>501.2</ele>
      </trkpt>
      <trkpt lat="28.09851" lon="-16.59179">
        <ele>500.3</ele>
      </trkpt>
      <trkpt lat="28.09839" lon="-16.59194">
        <ele>499.4</ele>
      </trkpt>
      <trkpt lat="28.09831" lon="-16.59206">
        <ele>498.9</ele>
      </trkpt>
      <trkpt lat="28.09827" lon="-16.592099">
        <ele>498.7</ele>
      </trkpt>
      <trkpt lat="28.09816" lon="-16.59222">
        <ele>498.1</ele>
      </trkpt>
      <trkpt lat="28.09803" lon="-16.592379">
        <ele>497.3</ele>
      </trkpt>
      <trkpt lat="28.098" lon="-16.59242">
        <ele>497.1</ele>
      </trkpt>
      <trkpt lat="28.09755" lon="-16.592849">
        <ele>492.3</ele>
      </trkpt>
      <trkpt lat="28.09718" lon="-16.59318">
        <ele>487.9</ele>
      </trkpt>
      <trkpt lat="28.09678" lon="-16.59355">
        <ele>483.5</ele>
      </trkpt>
      <trkpt lat="28.09666" lon="-16.59365">
        <ele>482.1</ele>
      </trkpt>
      <trkpt lat="28.0962" lon="-16.594059">
        <ele>475.9</ele>
      </trkpt>
      <trkpt lat="28.09607" lon="-16.594169">
        <ele>474.0</ele>
      </trkpt>
      <trkpt lat="28.09593" lon="-16.5943">
        <ele>472.1</ele>
      </trkpt>
      <trkpt lat="28.09579" lon="-16.59442">
        <ele>470.3</ele>
      </trkpt>
      <trkpt lat="28.09573" lon="-16.59447">
        <ele>469.7</ele>
      </trkpt>
      <trkpt lat="28.09564" lon="-16.59455">
        <ele>468.9</ele>
      </trkpt>
      <trkpt lat="28.0955" lon="-16.59468">
        <ele>467.6</ele>
      </trkpt>
      <trkpt lat="28.09536" lon="-16.5948">
        <ele>466.4</ele>
      </trkpt>
      <trkpt lat="28.09535" lon="-16.594809">
        <ele>466.3</ele>
      </trkpt>
      <trkpt lat="28.09522" lon="-16.59493">
        <ele>465.2</ele>
      </trkpt>
      <trkpt lat="28.0952" lon="-16.59494">
        <ele>465.0</ele>
      </trkpt>
      <trkpt lat="28.09508" lon="-16.59505">
        <ele>464.2</ele>
      </trkpt>
      <trkpt lat="28.09494" lon="-16.59518">
        <ele>463.4</ele>
      </trkpt>
      <trkpt lat="28.09475" lon="-16.59534">
        <ele>462.5</ele>
      </trkpt>
      <trkpt lat="28.09465" lon="-16.59543">
        <ele>461.9</ele>
      </trkpt>
      <trkpt lat="28.09459" lon="-16.595479">
        <ele>461.6</ele>
      </trkpt>
      <trkpt lat="28.09437" lon="-16.59568">
        <ele>460.2</ele>
      </trkpt>
      <trkpt lat="28.09423" lon="-16.59581">
        <ele>459.3</ele>
      </trkpt>
      <trkpt lat="28.09395" lon="-16.59607">
        <ele>455.2</ele>
      </trkpt>
      <trkpt lat="28.09381" lon="-16.59619">
        <ele>453.1</ele>
      </trkpt>
      <trkpt lat="28.0938" lon="-16.59621">
        <ele>452.9</ele>
      </trkpt>
      <trkpt lat="28.09374" lon="-16.59626">
        <ele>452.1</ele>
      </trkpt>
      <trkpt lat="28.09367" lon="-16.596319">
        <ele>451.2</ele>
      </trkpt>
      <trkpt lat="28.09352" lon="-16.59644">
        <ele>449.4</ele>
      </trkpt>
      <trkpt lat="28.09338" lon="-16.59656">
        <ele>447.8</ele>
      </trkpt>
      <trkpt lat="28.09323" lon="-16.59667">
        <ele>446.4</ele>
      </trkpt>
      <trkpt lat="28.09293" lon="-16.59692">
        <ele>442.8</ele>
      </trkpt>
      <trkpt lat="28.0929" lon="-16.59694">
        <ele>442.4</ele>
      </trkpt>
      <trkpt lat="28.0926" lon="-16.5972">
        <ele>438.3</ele>
      </trkpt>
      <trkpt lat="28.09231" lon="-16.59743">
        <ele>434.2</ele>
      </trkpt>
      <trkpt lat="28.0922" lon="-16.59751">
        <ele>432.7</ele>
      </trkpt>
      <trkpt lat="28.09219" lon="-16.59752">
        <ele>432.5</ele>
      </trkpt>
      <trkpt lat="28.09177" lon="-16.59785">
        <ele>424.7</ele>
      </trkpt>
      <trkpt lat="28.0917" lon="-16.597909">
        <ele>423.3</ele>
      </trkpt>
      <trkpt lat="28.09159" lon="-16.597999">
        <ele>421.5</ele>
      </trkpt>
      <trkpt lat="28.09109" lon="-16.5984">
        <ele>415.7</ele>
      </trkpt>
      <trkpt lat="28.09089" lon="-16.5986">
        <ele>413.3</ele>
      </trkpt>
      <trkpt lat="28.09087" lon="-16.59862">
        <ele>413.0</ele>
      </trkpt>
      <trkpt lat="28.09084" lon="-16.59865">
        <ele>412.6</ele>
      </trkpt>
      <trkpt lat="28.09062" lon="-16.5989">
        <ele>409.5</ele>
      </trkpt>
      <trkpt lat="28.09038" lon="-16.59918">
        <ele>406.9</ele>
      </trkpt>
      <trkpt lat="28.09036" lon="-16.5992">
        <ele>406.6</ele>
      </trkpt>
      <trkpt lat="28.09027" lon="-16.59934">
        <ele>405.1</ele>
      </trkpt>
      <trkpt lat="28.09021" lon="-16.599419">
        <ele>404.3</ele>
      </trkpt>
      <trkpt lat="28.09016" lon="-16.599499">
        <ele>403.4</ele>
      </trkpt>
      <trkpt lat="28.09005" lon="-16.59968">
        <ele>401.5</ele>
      </trkpt>
      <trkpt lat="28.08996" lon="-16.59984">
        <ele>399.8</ele>
      </trkpt>
      <trkpt lat="28.08993" lon="-16.599879">
        <ele>399.4</ele>
      </trkpt>
      <trkpt lat="28.08986" lon="-16.60001">
        <ele>398.3</ele>
      </trkpt>
      <trkpt lat="28.08983" lon="-16.600069">
        <ele>397.9</ele>
      </trkpt>
      <trkpt lat="28.08982" lon="-16.6001">
        <ele>397.6</ele>
      </trkpt>
      <trkpt lat="28.08978" lon="-16.60019">
        <ele>397.0</ele>
      </trkpt>
      <trkpt lat="28.0897" lon="-16.60037">
        <ele>395.6</ele>
      </trkpt>
      <trkpt lat="28.08968" lon="-16.6004">
        <ele>395.3</ele>
      </trkpt>
      <trkpt lat="28.08962" lon="-16.600549">
        <ele>394.1</ele>
      </trkpt>
      <trkpt lat="28.08958" lon="-16.600639">
        <ele>393.2</ele>
      </trkpt>
      <trkpt lat="28.08954" lon="-16.600739">
        <ele>392.3</ele>
      </trkpt>
      <trkpt lat="28.0894" lon="-16.60104">
        <ele>390.5</ele>
      </trkpt>
      <trkpt lat="28.08938" lon="-16.60109">
        <ele>390.2</ele>
      </trkpt>
      <trkpt lat="28.08914" lon="-16.60164">
        <ele>386.3</ele>
      </trkpt>
      <trkpt lat="28.08911" lon="-16.60173">
        <ele>387.1</ele>
      </trkpt>
      <trkpt lat="28.08908" lon="-16.6018">
        <ele>388.1</ele>
      </trkpt>
      <trkpt lat="28.08898" lon="-16.60201">
        <ele>390.6</ele>
      </trkpt>
      <trkpt lat="28.08881" lon="-16.60239">
        <ele>393.0</ele>
      </trkpt>
      <trkpt lat="28.08871" lon="-16.602599">
        <ele>393.2</ele>
      </trkpt>
      <trkpt lat="28.08862" lon="-16.60275">
        <ele>393.2</ele>
      </trkpt>
      <trkpt lat="28.08856" lon="-16.60284">
        <ele>393.3</ele>
      </trkpt>
      <trkpt lat="28.08854" lon="-16.60287">
        <ele>393.3</ele>
      </trkpt>
      <trkpt lat="28.08846" lon="-16.60297">
        <ele>393.4</ele>
      </trkpt>
      <trkpt lat="28.08845" lon="-16.602989">
        <ele>393.5</ele>
      </trkpt>
      <trkpt lat="28.08839" lon="-16.60306">
        <ele>393.6</ele>
      </trkpt>
      <trkpt lat="28.08836" lon="-16.60311">
        <ele>393.8</ele>
      </trkpt>
      <trkpt lat="28.08834" lon="-16.60313">
        <ele>393.9</ele>
      </trkpt>
      <trkpt lat="28.08826" lon="-16.60323">
        <ele>394.3</ele>
      </trkpt>
      <trkpt lat="28.08823" lon="-16.603259">
        <ele>394.4</ele>
      </trkpt>
      <trkpt lat="28.08814" lon="-16.603349">
        <ele>394.4</ele>
      </trkpt>
      <trkpt lat="28.0881" lon="-16.6034">
        <ele>394.2</ele>
      </trkpt>
      <trkpt lat="28.08798" lon="-16.60353">
        <ele>393.4</ele>
      </trkpt>
      <trkpt lat="28.08783" lon="-16.603649">
        <ele>392.3</ele>
      </trkpt>
      <trkpt lat="28.08762" lon="-16.603819">
        <ele>390.7</ele>
      </trkpt>
      <trkpt lat="28.0875" lon="-16.603909">
        <ele>389.7</ele>
      </trkpt>
      <trkpt lat="28.08735" lon="-16.604009">
        <ele>388.7</ele>
      </trkpt>
      <trkpt lat="28.08734" lon="-16.604009">
        <ele>388.6</ele>
      </trkpt>
      <trkpt lat="28.0871" lon="-16.60417">
        <ele>387.1</ele>
      </trkpt>
      <trkpt lat="28.08706" lon="-16.604199">
        <ele>387.0</ele>
      </trkpt>
      <trkpt lat="28.08703" lon="-16.60422">
        <ele>386.9</ele>
      </trkpt>
      <trkpt lat="28.08688" lon="-16.60432">
        <ele>386.5</ele>
      </trkpt>
      <trkpt lat="28.08682" lon="-16.60435">
        <ele>386.2</ele>
      </trkpt>
      <trkpt lat="28.08672" lon="-16.60441">
        <ele>385.8</ele>
      </trkpt>
      <trkpt lat="28.08652" lon="-16.60452">
        <ele>384.7</ele>
      </trkpt>
      <trkpt lat="28.08639" lon="-16.604579">
        <ele>383.7</ele>
      </trkpt>
      <trkpt lat="28.08618" lon="-16.604679">
        <ele>381.9</ele>
      </trkpt>
      <trkpt lat="28.08602" lon="-16.60475">
        <ele>380.4</ele>
      </trkpt>
      <trkpt lat="28.08596" lon="-16.604769">
        <ele>379.8</ele>
      </trkpt>
      <trkpt lat="28.08588" lon="-16.6048">
        <ele>379.0</ele>
      </trkpt>
      <trkpt lat="28.08585" lon="-16.60481">
        <ele>378.7</ele>
      </trkpt>
      <trkpt lat="28.08554" lon="-16.60494">
        <ele>376.1</ele>
      </trkpt>
      <trkpt lat="28.08543" lon="-16.605">
        <ele>375.1</ele>
      </trkpt>
      <trkpt lat="28.08533" lon="-16.605039">
        <ele>374.1</ele>
      </trkpt>
      <trkpt lat="28.08521" lon="-16.60511">
        <ele>372.9</ele>
      </trkpt>
      <trkpt lat="28.08507" lon="-16.6052">
        <ele>371.3</ele>
      </trkpt>
      <trkpt lat="28.08496" lon="-16.60528">
        <ele>369.9</ele>
      </trkpt>
      <trkpt lat="28.08488" lon="-16.60534">
        <ele>368.9</ele>
      </trkpt>
      <trkpt lat="28.08487" lon="-16.60534">
        <ele>368.8</ele>
      </trkpt>
      <trkpt lat="28.08474" lon="-16.60545">
        <ele>367.1</ele>
      </trkpt>
      <trkpt lat="28.08467" lon="-16.6055">
        <ele>366.3</ele>
      </trkpt>
      <trkpt lat="28.08466" lon="-16.605509">
        <ele>366.2</ele>
      </trkpt>
      <trkpt lat="28.08458" lon="-16.60557">
        <ele>365.3</ele>
      </trkpt>
      <trkpt lat="28.08455" lon="-16.605599">
        <ele>364.9</ele>
      </trkpt>
      <trkpt lat="28.08451" lon="-16.60563">
        <ele>364.5</ele>
      </trkpt>
      <trkpt lat="28.08437" lon="-16.60576">
        <ele>363.0</ele>
      </trkpt>
      <trkpt lat="28.08431" lon="-16.60581">
        <ele>362.4</ele>
      </trkpt>
      <trkpt lat="28.0843" lon="-16.60582">
        <ele>362.3</ele>
      </trkpt>
      <trkpt lat="28.08423" lon="-16.60587">
        <ele>361.8</ele>
      </trkpt>
      <trkpt lat="28.08415" lon="-16.60594">
        <ele>361.5</ele>
      </trkpt>
      <trkpt lat="28.08411" lon="-16.60597">
        <ele>361.5</ele>
      </trkpt>
      <trkpt lat="28.08401" lon="-16.606079">
        <ele>361.5</ele>
      </trkpt>
      <trkpt lat="28.08379" lon="-16.60631">
        <ele>361.3</ele>
      </trkpt>
      <trkpt lat="28.08362" lon="-16.60651">
        <ele>361.2</ele>
      </trkpt>
      <trkpt lat="28.08355" lon="-16.6066">
        <ele>361.2</ele>
      </trkpt>
      <trkpt lat="28.0835" lon="-16.60666">
        <ele>361.2</ele>
      </trkpt>
      <trkpt lat="28.08347" lon="-16.6067">
        <ele>361.0</ele>
      </trkpt>
      <trkpt lat="28.0834" lon="-16.60681">
        <ele>360.8</ele>
      </trkpt>
      <trkpt lat="28.08331" lon="-16.607009">
        <ele>360.6</ele>
      </trkpt>
      <trkpt lat="28.08326" lon="-16.607109">
        <ele>360.5</ele>
      </trkpt>
      <trkpt lat="28.08323" lon="-16.60717">
        <ele>360.5</ele>
      </trkpt>
      <trkpt lat="28.08316" lon="-16.60734">
        <ele>360.6</ele>
      </trkpt>
      <trkpt lat="28.08315" lon="-16.60736">
        <ele>360.6</ele>
      </trkpt>
      <trkpt lat="28.08312" lon="-16.60744">
        <ele>360.7</ele>
      </trkpt>
      <trkpt lat="28.08309" lon="-16.60756">
        <ele>360.7</ele>
      </trkpt>
      <trkpt lat="28.08307" lon="-16.60762">
        <ele>360.6</ele>
      </trkpt>
      <trkpt lat="28.08304" lon="-16.60772">
        <ele>360.2</ele>
      </trkpt>
      <trkpt lat="28.083" lon="-16.60785">
        <ele>359.7</ele>
      </trkpt>
      <trkpt lat="28.083" lon="-16.607869">
        <ele>359.7</ele>
      </trkpt>
      <trkpt lat="28.08299" lon="-16.60792">
        <ele>359.5</ele>
      </trkpt>
      <trkpt lat="28.08298" lon="-16.60797">
        <ele>359.3</ele>
      </trkpt>
      <trkpt lat="28.08298" lon="-16.608039">
        <ele>359.2</ele>
      </trkpt>
      <trkpt lat="28.08298" lon="-16.608049">
        <ele>359.2</ele>
      </trkpt>
      <trkpt lat="28.08297" lon="-16.60822">
        <ele>358.8</ele>
      </trkpt>
      <trkpt lat="28.08297" lon="-16.60828">
        <ele>358.6</ele>
      </trkpt>
      <trkpt lat="28.08299" lon="-16.60859">
        <ele>358.5</ele>
      </trkpt>
      <trkpt lat="28.08299" lon="-16.608619">
        <ele>358.4</ele>
      </trkpt>
      <trkpt lat="28.083" lon="-16.60866">
        <ele>358.5</ele>
      </trkpt>
      <trkpt lat="28.08301" lon="-16.60872">
        <ele>358.5</ele>
      </trkpt>
      <trkpt lat="28.08304" lon="-16.60892">
        <ele>358.7</ele>
      </trkpt>
      <trkpt lat="28.08308" lon="-16.60907">
        <ele>359.0</ele>
      </trkpt>
      <trkpt lat="28.08313" lon="-16.60922">
        <ele>359.7</ele>
      </trkpt>
      <trkpt lat="28.08318" lon="-16.609359">
        <ele>360.7</ele>
      </trkpt>
      <trkpt lat="28.0832" lon="-16.60941">
        <ele>361.0</ele>
      </trkpt>
      <trkpt lat="28.08321" lon="-16.60942">
        <ele>361.2</ele>
      </trkpt>
      <trkpt lat="28.08328" lon="-16.60958">
        <ele>362.4</ele>
      </trkpt>
      <trkpt lat="28.08333" lon="-16.6097">
        <ele>363.2</ele>
      </trkpt>
      <trkpt lat="28.08337" lon="-16.6098">
        <ele>363.9</ele>
      </trkpt>
      <trkpt lat="28.0834" lon="-16.60986">
        <ele>364.4</ele>
      </trkpt>
      <trkpt lat="28.08341" lon="-16.60988">
        <ele>364.6</ele>
      </trkpt>
      <trkpt lat="28.08348" lon="-16.60997">
        <ele>365.5</ele>
      </trkpt>
      <trkpt lat="28.08349" lon="-16.60997">
        <ele>365.6</ele>
      </trkpt>
      <trkpt lat="28.08349" lon="-16.60997">
        <ele>365.6</ele>
      </trkpt>
      <trkpt lat="28.08351" lon="-16.61005">
        <ele>366.0</ele>
      </trkpt>
      <trkpt lat="28.08353" lon="-16.6101">
        <ele>366.4</ele>
      </trkpt>
      <trkpt lat="28.08355" lon="-16.61018">
        <ele>366.8</ele>
      </trkpt>
      <trkpt lat="28.08359" lon="-16.610299">
        <ele>367.6</ele>
      </trkpt>
      <trkpt lat="28.08359" lon="-16.610299">
        <ele>367.6</ele>
      </trkpt>
      <trkpt lat="28.0835" lon="-16.610309">
        <ele>366.6</ele>
      </trkpt>
      <trkpt lat="28.08336" lon="-16.61035">
        <ele>365.1</ele>
      </trkpt>
      <trkpt lat="28.08324" lon="-16.61038">
        <ele>363.8</ele>
      </trkpt>
      <trkpt lat="28.08319" lon="-16.610389">
        <ele>363.1</ele>
      </trkpt>
      <trkpt lat="28.08309" lon="-16.61044">
        <ele>362.0</ele>
      </trkpt>
      <trkpt lat="28.08301" lon="-16.61047">
        <ele>361.0</ele>
      </trkpt>
      <trkpt lat="28.08288" lon="-16.61054">
        <ele>359.3</ele>
      </trkpt>
      <trkpt lat="28.08274" lon="-16.61063">
        <ele>357.5</ele>
      </trkpt>
      <trkpt lat="28.08257" lon="-16.610769">
        <ele>355.1</ele>
      </trkpt>
      <trkpt lat="28.08245" lon="-16.610869">
        <ele>353.8</ele>
      </trkpt>
      <trkpt lat="28.08242" lon="-16.61091">
        <ele>353.9</ele>
      </trkpt>
      <trkpt lat="28.08237" lon="-16.610969">
        <ele>353.9</ele>
      </trkpt>
      <trkpt lat="28.08234" lon="-16.611">
        <ele>353.8</ele>
      </trkpt>
      <trkpt lat="28.08229" lon="-16.611059">
        <ele>353.6</ele>
      </trkpt>
      <trkpt lat="28.08224" lon="-16.611139">
        <ele>353.6</ele>
      </trkpt>
      <trkpt lat="28.08222" lon="-16.61117">
        <ele>353.5</ele>
      </trkpt>
      <trkpt lat="28.08221" lon="-16.61118">
        <ele>353.5</ele>
      </trkpt>
      <trkpt lat="28.08219" lon="-16.61122">
        <ele>353.4</ele>
      </trkpt>
      <trkpt lat="28.08216" lon="-16.61126">
        <ele>353.3</ele>
      </trkpt>
      <trkpt lat="28.08214" lon="-16.61129">
        <ele>353.2</ele>
      </trkpt>
      <trkpt lat="28.08211" lon="-16.611339">
        <ele>353.0</ele>
      </trkpt>
      <trkpt lat="28.08209" lon="-16.61137">
        <ele>352.8</ele>
      </trkpt>
      <trkpt lat="28.08202" lon="-16.61151">
        <ele>352.4</ele>
      </trkpt>
      <trkpt lat="28.08202" lon="-16.611519">
        <ele>352.4</ele>
      </trkpt>
      <trkpt lat="28.08196" lon="-16.61164">
        <ele>351.9</ele>
      </trkpt>
      <trkpt lat="28.08193" lon="-16.611699">
        <ele>351.4</ele>
      </trkpt>
      <trkpt lat="28.08192" lon="-16.611719">
        <ele>351.2</ele>
      </trkpt>
      <trkpt lat="28.08188" lon="-16.61179">
        <ele>350.3</ele>
      </trkpt>
      <trkpt lat="28.08183" lon="-16.611889">
        <ele>349.3</ele>
      </trkpt>
      <trkpt lat="28.08182" lon="-16.61193">
        <ele>349.1</ele>
      </trkpt>
      <trkpt lat="28.08175" lon="-16.61207">
        <ele>347.7</ele>
      </trkpt>
      <trkpt lat="28.08172" lon="-16.61212">
        <ele>347.1</ele>
      </trkpt>
      <trkpt lat="28.08163" lon="-16.61233">
        <ele>345.6</ele>
      </trkpt>
      <trkpt lat="28.08152" lon="-16.61254">
        <ele>344.3</ele>
      </trkpt>
      <trkpt lat="28.08146" lon="-16.61266">
        <ele>343.4</ele>
      </trkpt>
      <trkpt lat="28.08142" lon="-16.61273">
        <ele>342.8</ele>
      </trkpt>
      <trkpt lat="28.08135" lon="-16.61282">
        <ele>341.8</ele>
      </trkpt>
      <trkpt lat="28.0813" lon="-16.61287">
        <ele>341.2</ele>
      </trkpt>
      <trkpt lat="28.08128" lon="-16.6129">
        <ele>340.9</ele>
      </trkpt>
      <trkpt lat="28.08126" lon="-16.612919">
        <ele>340.6</ele>
      </trkpt>
      <trkpt lat="28.08123" lon="-16.61295">
        <ele>340.2</ele>
      </trkpt>
      <trkpt lat="28.08116" lon="-16.613">
        <ele>339.3</ele>
      </trkpt>
      <trkpt lat="28.08114" lon="-16.613019">
        <ele>339.1</ele>
      </trkpt>
      <trkpt lat="28.08108" lon="-16.61306">
        <ele>338.3</ele>
      </trkpt>
      <trkpt lat="28.08102" lon="-16.6131">
        <ele>337.6</ele>
      </trkpt>
      <trkpt lat="28.08095" lon="-16.61314">
        <ele>336.7</ele>
      </trkpt>
      <trkpt lat="28.0809" lon="-16.61316">
        <ele>336.1</ele>
      </trkpt>
      <trkpt lat="28.08081" lon="-16.61319">
        <ele>335.2</ele>
      </trkpt>
      <trkpt lat="28.08073" lon="-16.6132">
        <ele>334.7</ele>
      </trkpt>
      <trkpt lat="28.08065" lon="-16.613209">
        <ele>334.1</ele>
      </trkpt>
      <trkpt lat="28.08058" lon="-16.613209">
        <ele>333.7</ele>
      </trkpt>
      <trkpt lat="28.08051" lon="-16.613209">
        <ele>333.2</ele>
      </trkpt>
      <trkpt lat="28.0804" lon="-16.61319">
        <ele>332.6</ele>
      </trkpt>
      <trkpt lat="28.0803" lon="-16.61316">
        <ele>332.0</ele>
      </trkpt>
      <trkpt lat="28.07997" lon="-16.61305">
        <ele>329.7</ele>
      </trkpt>
      <trkpt lat="28.07991" lon="-16.613029">
        <ele>329.2</ele>
      </trkpt>
      <trkpt lat="28.07987" lon="-16.61301">
        <ele>328.8</ele>
      </trkpt>
      <trkpt lat="28.07975" lon="-16.61297">
        <ele>327.7</ele>
      </trkpt>
      <trkpt lat="28.07965" lon="-16.61296">
        <ele>326.8</ele>
      </trkpt>
      <trkpt lat="28.07955" lon="-16.61295">
        <ele>325.9</ele>
      </trkpt>
      <trkpt lat="28.07949" lon="-16.61296">
        <ele>325.4</ele>
      </trkpt>
      <trkpt lat="28.07946" lon="-16.61296">
        <ele>325.1</ele>
      </trkpt>
      <trkpt lat="28.07936" lon="-16.61297">
        <ele>324.2</ele>
      </trkpt>
      <trkpt lat="28.07933" lon="-16.61298">
        <ele>323.9</ele>
      </trkpt>
      <trkpt lat="28.07924" lon="-16.61301">
        <ele>323.1</ele>
      </trkpt>
      <trkpt lat="28.07914" lon="-16.61306">
        <ele>322.3</ele>
      </trkpt>
      <trkpt lat="28.07896" lon="-16.61317">
        <ele>321.9</ele>
      </trkpt>
      <trkpt lat="28.07892" lon="-16.613209">
        <ele>321.8</ele>
      </trkpt>
      <trkpt lat="28.0788" lon="-16.613309">
        <ele>321.6</ele>
      </trkpt>
      <trkpt lat="28.07873" lon="-16.61338">
        <ele>321.6</ele>
      </trkpt>
      <trkpt lat="28.07861" lon="-16.61348">
        <ele>321.6</ele>
      </trkpt>
      <trkpt lat="28.07853" lon="-16.61355">
        <ele>321.5</ele>
      </trkpt>
      <trkpt lat="28.07828" lon="-16.61376">
        <ele>320.7</ele>
      </trkpt>
      <trkpt lat="28.07807" lon="-16.61395">
        <ele>319.5</ele>
      </trkpt>
      <trkpt lat="28.07804" lon="-16.61398">
        <ele>319.3</ele>
      </trkpt>
      <trkpt lat="28.07794" lon="-16.614059">
        <ele>318.7</ele>
      </trkpt>
      <trkpt lat="28.07779" lon="-16.61418">
        <ele>317.7</ele>
      </trkpt>
      <trkpt lat="28.0776" lon="-16.61435">
        <ele>315.8</ele>
      </trkpt>
      <trkpt lat="28.07754" lon="-16.6144">
        <ele>315.0</ele>
      </trkpt>
      <trkpt lat="28.07747" lon="-16.61445">
        <ele>314.2</ele>
      </trkpt>
      <trkpt lat="28.07743" lon="-16.61447">
        <ele>313.9</ele>
      </trkpt>
      <trkpt lat="28.07733" lon="-16.614529">
        <ele>313.1</ele>
      </trkpt>
      <trkpt lat="28.07723" lon="-16.61458">
        <ele>312.4</ele>
      </trkpt>
      <trkpt lat="28.07714" lon="-16.614609">
        <ele>311.8</ele>
      </trkpt>
      <trkpt lat="28.07698" lon="-16.61467">
        <ele>310.6</ele>
      </trkpt>
      <trkpt lat="28.07689" lon="-16.6147">
        <ele>309.9</ele>
      </trkpt>
      <trkpt lat="28.07678" lon="-16.61473">
        <ele>309.1</ele>
      </trkpt>
      <trkpt lat="28.07662" lon="-16.61478">
        <ele>308.2</ele>
      </trkpt>
      <trkpt lat="28.0765" lon="-16.61482">
        <ele>307.9</ele>
      </trkpt>
      <trkpt lat="28.07643" lon="-16.61486">
        <ele>307.7</ele>
      </trkpt>
      <trkpt lat="28.07636" lon="-16.614909">
        <ele>307.4</ele>
      </trkpt>
      <trkpt lat="28.07627" lon="-16.61496">
        <ele>307.2</ele>
      </trkpt>
      <trkpt lat="28.07619" lon="-16.61503">
        <ele>306.8</ele>
      </trkpt>
      <trkpt lat="28.07618" lon="-16.61504">
        <ele>306.8</ele>
      </trkpt>
      <trkpt lat="28.07612" lon="-16.6151">
        <ele>306.2</ele>
      </trkpt>
      <trkpt lat="28.07604" lon="-16.6152">
        <ele>305.2</ele>
      </trkpt>
      <trkpt lat="28.07571" lon="-16.61563">
        <ele>299.2</ele>
      </trkpt>
      <trkpt lat="28.07566" lon="-16.61571">
        <ele>298.1</ele>
      </trkpt>
      <trkpt lat="28.07535" lon="-16.616119">
        <ele>293.6</ele>
      </trkpt>
      <trkpt lat="28.07532" lon="-16.61616">
        <ele>293.1</ele>
      </trkpt>
      <trkpt lat="28.07517" lon="-16.61638">
        <ele>290.3</ele>
      </trkpt>
      <trkpt lat="28.07512" lon="-16.61643">
        <ele>289.5</ele>
      </trkpt>
      <trkpt lat="28.0748" lon="-16.616869">
        <ele>288.5</ele>
      </trkpt>
      <trkpt lat="28.0747" lon="-16.61699">
        <ele>289.1</ele>
      </trkpt>
      <trkpt lat="28.07463" lon="-16.617069">
        <ele>289.2</ele>
      </trkpt>
      <trkpt lat="28.07458" lon="-16.61711">
        <ele>289.2</ele>
      </trkpt>
      <trkpt lat="28.07448" lon="-16.61722">
        <ele>288.7</ele>
      </trkpt>
      <trkpt lat="28.07443" lon="-16.61726">
        <ele>288.4</ele>
      </trkpt>
      <trkpt lat="28.07438" lon="-16.6173">
        <ele>288.0</ele>
      </trkpt>
      <trkpt lat="28.07432" lon="-16.617329">
        <ele>287.6</ele>
      </trkpt>
      <trkpt lat="28.07428" lon="-16.617349">
        <ele>287.3</ele>
      </trkpt>
      <trkpt lat="28.07424" lon="-16.61737">
        <ele>286.9</ele>
      </trkpt>
      <trkpt lat="28.0742" lon="-16.61738">
        <ele>286.6</ele>
      </trkpt>
      <trkpt lat="28.07388" lon="-16.61746">
        <ele>286.2</ele>
      </trkpt>
      <trkpt lat="28.07374" lon="-16.61749">
        <ele>286.1</ele>
      </trkpt>
      <trkpt lat="28.07365" lon="-16.61751">
        <ele>286.2</ele>
      </trkpt>
      <trkpt lat="28.07348" lon="-16.61755">
        <ele>286.4</ele>
      </trkpt>
      <trkpt lat="28.0734" lon="-16.61758">
        <ele>286.3</ele>
      </trkpt>
      <trkpt lat="28.07333" lon="-16.61761">
        <ele>286.2</ele>
      </trkpt>
      <trkpt lat="28.07325" lon="-16.61764">
        <ele>286.1</ele>
      </trkpt>
      <trkpt lat="28.07317" lon="-16.61769">
        <ele>285.8</ele>
      </trkpt>
      <trkpt lat="28.07309" lon="-16.61775">
        <ele>285.4</ele>
      </trkpt>
      <trkpt lat="28.07302" lon="-16.617819">
        <ele>284.9</ele>
      </trkpt>
      <trkpt lat="28.07295" lon="-16.617899">
        <ele>284.2</ele>
      </trkpt>
      <trkpt lat="28.07292" lon="-16.61793">
        <ele>283.9</ele>
      </trkpt>
      <trkpt lat="28.07287" lon="-16.61801">
        <ele>283.1</ele>
      </trkpt>
      <trkpt lat="28.07274" lon="-16.61823">
        <ele>280.7</ele>
      </trkpt>
      <trkpt lat="28.07241" lon="-16.61881">
        <ele>275.9</ele>
      </trkpt>
      <trkpt lat="28.0723" lon="-16.61898">
        <ele>274.6</ele>
      </trkpt>
      <trkpt lat="28.07222" lon="-16.6191">
        <ele>273.7</ele>
      </trkpt>
      <trkpt lat="28.07218" lon="-16.61916">
        <ele>273.3</ele>
      </trkpt>
      <trkpt lat="28.07211" lon="-16.61924">
        <ele>272.2</ele>
      </trkpt>
      <trkpt lat="28.07203" lon="-16.619319">
        <ele>271.2</ele>
      </trkpt>
      <trkpt lat="28.07193" lon="-16.61942">
        <ele>269.9</ele>
      </trkpt>
      <trkpt lat="28.07158" lon="-16.61971">
        <ele>266.7</ele>
      </trkpt>
      <trkpt lat="28.07143" lon="-16.61983">
        <ele>265.6</ele>
      </trkpt>
      <trkpt lat="28.07128" lon="-16.61995">
        <ele>264.8</ele>
      </trkpt>
      <trkpt lat="28.0712" lon="-16.62001">
        <ele>264.4</ele>
      </trkpt>
      <trkpt lat="28.07114" lon="-16.62008">
        <ele>263.7</ele>
      </trkpt>
      <trkpt lat="28.0711" lon="-16.62012">
        <ele>263.4</ele>
      </trkpt>
      <trkpt lat="28.07105" lon="-16.62017">
        <ele>263.0</ele>
      </trkpt>
      <trkpt lat="28.07103" lon="-16.62019">
        <ele>262.9</ele>
      </trkpt>
      <trkpt lat="28.071" lon="-16.62023">
        <ele>262.6</ele>
      </trkpt>
      <trkpt lat="28.07097" lon="-16.62028">
        <ele>262.3</ele>
      </trkpt>
      <trkpt lat="28.07095" lon="-16.62031">
        <ele>262.2</ele>
      </trkpt>
      <trkpt lat="28.07094" lon="-16.62033">
        <ele>262.0</ele>
      </trkpt>
      <trkpt lat="28.07085" lon="-16.62051">
        <ele>261.2</ele>
      </trkpt>
      <trkpt lat="28.07083" lon="-16.620529">
        <ele>261.2</ele>
      </trkpt>
      <trkpt lat="28.07082" lon="-16.62057">
        <ele>261.0</ele>
      </trkpt>
      <trkpt lat="28.07077" lon="-16.62066">
        <ele>260.9</ele>
      </trkpt>
      <trkpt lat="28.07073" lon="-16.62074">
        <ele>261.0</ele>
      </trkpt>
      <trkpt lat="28.07053" lon="-16.62113">
        <ele>259.8</ele>
      </trkpt>
      <trkpt lat="28.07044" lon="-16.62131">
        <ele>258.9</ele>
      </trkpt>
      <trkpt lat="28.07035" lon="-16.62145">
        <ele>258.6</ele>
      </trkpt>
      <trkpt lat="28.07027" lon="-16.62158">
        <ele>258.2</ele>
      </trkpt>
      <trkpt lat="28.0702" lon="-16.62168">
        <ele>257.9</ele>
      </trkpt>
      <trkpt lat="28.07009" lon="-16.6218">
        <ele>257.1</ele>
      </trkpt>
      <trkpt lat="28.06999" lon="-16.62189">
        <ele>256.4</ele>
      </trkpt>
      <trkpt lat="28.06998" lon="-16.6219">
        <ele>256.2</ele>
      </trkpt>
      <trkpt lat="28.06991" lon="-16.62196">
        <ele>254.8</ele>
      </trkpt>
      <trkpt lat="28.0699" lon="-16.62197">
        <ele>254.5</ele>
      </trkpt>
      <trkpt lat="28.06988" lon="-16.62198">
        <ele>254.3</ele>
      </trkpt>
      <trkpt lat="28.06975" lon="-16.62208">
        <ele>252.3</ele>
      </trkpt>
      <trkpt lat="28.0697" lon="-16.622119">
        <ele>251.6</ele>
      </trkpt>
      <trkpt lat="28.06968" lon="-16.622129">
        <ele>251.4</ele>
      </trkpt>
      <trkpt lat="28.06959" lon="-16.62218">
        <ele>250.6</ele>
      </trkpt>
      <trkpt lat="28.06943" lon="-16.62227">
        <ele>249.5</ele>
      </trkpt>
      <trkpt lat="28.06942" lon="-16.62228">
        <ele>249.4</ele>
      </trkpt>
      <trkpt lat="28.0693" lon="-16.62233">
        <ele>249.1</ele>
      </trkpt>
      <trkpt lat="28.06918" lon="-16.62236">
        <ele>249.1</ele>
      </trkpt>
      <trkpt lat="28.0691" lon="-16.62239">
        <ele>248.5</ele>
      </trkpt>
      <trkpt lat="28.06896" lon="-16.622409">
        <ele>247.6</ele>
      </trkpt>
      <trkpt lat="28.06891" lon="-16.62242">
        <ele>247.2</ele>
      </trkpt>
      <trkpt lat="28.06886" lon="-16.62242">
        <ele>246.9</ele>
      </trkpt>
      <trkpt lat="28.06867" lon="-16.62243">
        <ele>245.8</ele>
      </trkpt>
      <trkpt lat="28.06856" lon="-16.62243">
        <ele>245.2</ele>
      </trkpt>
      <trkpt lat="28.06833" lon="-16.62242">
        <ele>243.9</ele>
      </trkpt>
      <trkpt lat="28.06827" lon="-16.622409">
        <ele>243.9</ele>
      </trkpt>
      <trkpt lat="28.06793" lon="-16.62238">
        <ele>244.1</ele>
      </trkpt>
      <trkpt lat="28.06791" lon="-16.62238">
        <ele>244.1</ele>
      </trkpt>
      <trkpt lat="28.06775" lon="-16.62237">
        <ele>244.3</ele>
      </trkpt>
      <trkpt lat="28.06756" lon="-16.62237">
        <ele>244.4</ele>
      </trkpt>
      <trkpt lat="28.06756" lon="-16.62237">
        <ele>244.4</ele>
      </trkpt>
      <trkpt lat="28.0675" lon="-16.62242">
        <ele>244.3</ele>
      </trkpt>
      <trkpt lat="28.06748" lon="-16.62242">
        <ele>244.3</ele>
      </trkpt>
      <trkpt lat="28.06745" lon="-16.62243">
        <ele>244.4</ele>
      </trkpt>
      <trkpt lat="28.06729" lon="-16.62247">
        <ele>244.4</ele>
      </trkpt>
      <trkpt lat="28.06716" lon="-16.62252">
        <ele>244.3</ele>
      </trkpt>
      <trkpt lat="28.06712" lon="-16.62255">
        <ele>244.2</ele>
      </trkpt>
      <trkpt lat="28.06708" lon="-16.622589">
        <ele>244.0</ele>
      </trkpt>
      <trkpt lat="28.06704" lon="-16.62262">
        <ele>243.8</ele>
      </trkpt>
      <trkpt lat="28.06702" lon="-16.62265">
        <ele>243.7</ele>
      </trkpt>
      <trkpt lat="28.06699" lon="-16.622679">
        <ele>243.6</ele>
      </trkpt>
      <trkpt lat="28.06696" lon="-16.62273">
        <ele>243.4</ele>
      </trkpt>
      <trkpt lat="28.06693" lon="-16.622779">
        <ele>243.1</ele>
      </trkpt>
      <trkpt lat="28.06684" lon="-16.62294">
        <ele>242.5</ele>
      </trkpt>
      <trkpt lat="28.06681" lon="-16.623059">
        <ele>241.9</ele>
      </trkpt>
      <trkpt lat="28.06679" lon="-16.62333">
        <ele>240.6</ele>
      </trkpt>
      <trkpt lat="28.06677" lon="-16.62349">
        <ele>239.7</ele>
      </trkpt>
      <trkpt lat="28.06677" lon="-16.623529">
        <ele>239.5</ele>
      </trkpt>
      <trkpt lat="28.06675" lon="-16.62365">
        <ele>238.9</ele>
      </trkpt>
      <trkpt lat="28.06675" lon="-16.62368">
        <ele>238.7</ele>
      </trkpt>
      <trkpt lat="28.06675" lon="-16.62371">
        <ele>238.5</ele>
      </trkpt>
      <trkpt lat="28.06674" lon="-16.623819">
        <ele>237.9</ele>
      </trkpt>
      <trkpt lat="28.06673" lon="-16.62388">
        <ele>237.6</ele>
      </trkpt>
      <trkpt lat="28.06671" lon="-16.62404">
        <ele>236.7</ele>
      </trkpt>
      <trkpt lat="28.06668" lon="-16.62436">
        <ele>235.1</ele>
      </trkpt>
      <trkpt lat="28.06665" lon="-16.624669">
        <ele>233.5</ele>
      </trkpt>
      <trkpt lat="28.06663" lon="-16.624839">
        <ele>232.5</ele>
      </trkpt>
      <trkpt lat="28.06662" lon="-16.62499">
        <ele>231.8</ele>
      </trkpt>
      <trkpt lat="28.06662" lon="-16.625">
        <ele>231.7</ele>
      </trkpt>
      <trkpt lat="28.0666" lon="-16.625139">
        <ele>230.6</ele>
      </trkpt>
      <trkpt lat="28.06657" lon="-16.62547">
        <ele>228.1</ele>
      </trkpt>
      <trkpt lat="28.06654" lon="-16.62567">
        <ele>226.5</ele>
      </trkpt>
      <trkpt lat="28.06644" lon="-16.626629">
        <ele>221.5</ele>
      </trkpt>
      <trkpt lat="28.06643" lon="-16.62677">
        <ele>220.5</ele>
      </trkpt>
      <trkpt lat="28.06643" lon="-16.62689">
        <ele>219.7</ele>
      </trkpt>
      <trkpt lat="28.06643" lon="-16.62699">
        <ele>218.9</ele>
      </trkpt>
      <trkpt lat="28.06642" lon="-16.627189">
        <ele>217.4</ele>
      </trkpt>
      <trkpt lat="28.06642" lon="-16.6273">
        <ele>216.6</ele>
      </trkpt>
      <trkpt lat="28.06642" lon="-16.62734">
        <ele>216.3</ele>
      </trkpt>
      <trkpt lat="28.06643" lon="-16.6275">
        <ele>215.1</ele>
      </trkpt>
      <trkpt lat="28.06643" lon="-16.6275">
        <ele>215.1</ele>
      </trkpt>
      <trkpt lat="28.06656" lon="-16.62754">
        <ele>215.3</ele>
      </trkpt>
      <trkpt lat="28.06674" lon="-16.62759">
        <ele>215.2</ele>
      </trkpt>
      <trkpt lat="28.06676" lon="-16.6276">
        <ele>215.2</ele>
      </trkpt>
      <trkpt lat="28.06691" lon="-16.62765">
        <ele>214.7</ele>
      </trkpt>
      <trkpt lat="28.06695" lon="-16.627669">
        <ele>214.6</ele>
      </trkpt>
      <trkpt lat="28.06708" lon="-16.62773">
        <ele>214.3</ele>
      </trkpt>
      <trkpt lat="28.06713" lon="-16.627749">
        <ele>214.3</ele>
      </trkpt>
      <trkpt lat="28.06714" lon="-16.627759">
        <ele>214.2</ele>
      </trkpt>
      <trkpt lat="28.06717" lon="-16.62778">
        <ele>214.2</ele>
      </trkpt>
      <trkpt lat="28.06719" lon="-16.6278">
        <ele>214.2</ele>
      </trkpt>
      <trkpt lat="28.06721" lon="-16.62782">
        <ele>214.1</ele>
      </trkpt>
      <trkpt lat="28.06722" lon="-16.62783">
        <ele>214.1</ele>
      </trkpt>
      <trkpt lat="28.06724" lon="-16.627849">
        <ele>214.1</ele>
      </trkpt>
      <trkpt lat="28.06726" lon="-16.62789">
        <ele>214.1</ele>
      </trkpt>
      <trkpt lat="28.06728" lon="-16.62792">
        <ele>214.1</ele>
      </trkpt>
      <trkpt lat="28.0673" lon="-16.62796">
        <ele>214.1</ele>
      </trkpt>
      <trkpt lat="28.0673" lon="-16.62799">
        <ele>214.1</ele>
      </trkpt>
      <trkpt lat="28.06734" lon="-16.628139">
        <ele>214.1</ele>
      </trkpt>
      <trkpt lat="28.06738" lon="-16.62826">
        <ele>214.3</ele>
      </trkpt>
      <trkpt lat="28.06738" lon="-16.62827">
        <ele>214.3</ele>
      </trkpt>
      <trkpt lat="28.0674" lon="-16.628309">
        <ele>214.4</ele>
      </trkpt>
      <trkpt lat="28.06744" lon="-16.62836">
        <ele>214.7</ele>
      </trkpt>
      <trkpt lat="28.06749" lon="-16.6284">
        <ele>215.0</ele>
      </trkpt>
      <trkpt lat="28.0675" lon="-16.628409">
        <ele>215.1</ele>
      </trkpt>
      <trkpt lat="28.06755" lon="-16.62845">
        <ele>215.2</ele>
      </trkpt>
      <trkpt lat="28.06762" lon="-16.62849">
        <ele>215.5</ele>
      </trkpt>
      <trkpt lat="28.06771" lon="-16.62853">
        <ele>215.8</ele>
      </trkpt>
      <trkpt lat="28.06779" lon="-16.62857">
        <ele>216.1</ele>
      </trkpt>
      <trkpt lat="28.06785" lon="-16.628599">
        <ele>216.4</ele>
      </trkpt>
      <trkpt lat="28.0681" lon="-16.62873">
        <ele>217.9</ele>
      </trkpt>
      <trkpt lat="28.06818" lon="-16.62876">
        <ele>218.4</ele>
      </trkpt>
      <trkpt lat="28.0682" lon="-16.62877">
        <ele>218.6</ele>
      </trkpt>
      <trkpt lat="28.06827" lon="-16.628799">
        <ele>219.1</ele>
      </trkpt>
      <trkpt lat="28.06835" lon="-16.62883">
        <ele>219.7</ele>
      </trkpt>
      <trkpt lat="28.06836" lon="-16.62883">
        <ele>219.7</ele>
      </trkpt>
      <trkpt lat="28.0684" lon="-16.62884">
        <ele>220.0</ele>
      </trkpt>
      <trkpt lat="28.06858" lon="-16.628889">
        <ele>221.4</ele>
      </trkpt>
      <trkpt lat="28.06875" lon="-16.62896">
        <ele>222.9</ele>
      </trkpt>
      <trkpt lat="28.06886" lon="-16.62902">
        <ele>224.0</ele>
      </trkpt>
      <trkpt lat="28.0689" lon="-16.62905">
        <ele>224.5</ele>
      </trkpt>
      <trkpt lat="28.06899" lon="-16.6291">
        <ele>225.4</ele>
      </trkpt>
      <trkpt lat="28.06912" lon="-16.62922">
        <ele>227.1</ele>
      </trkpt>
      <trkpt lat="28.06915" lon="-16.629249">
        <ele>227.5</ele>
      </trkpt>
      <trkpt lat="28.06919" lon="-16.62928">
        <ele>227.9</ele>
      </trkpt>
      <trkpt lat="28.06924" lon="-16.62934">
        <ele>228.7</ele>
      </trkpt>
      <trkpt lat="28.06933" lon="-16.629439">
        <ele>230.1</ele>
      </trkpt>
      <trkpt lat="28.0694" lon="-16.629529">
        <ele>231.6</ele>
      </trkpt>
      <trkpt lat="28.06948" lon="-16.629719">
        <ele>234.4</ele>
      </trkpt>
      <trkpt lat="28.06949" lon="-16.629729">
        <ele>234.6</ele>
      </trkpt>
      <trkpt lat="28.0695" lon="-16.62976">
        <ele>235.0</ele>
      </trkpt>
      <trkpt lat="28.06954" lon="-16.62986">
        <ele>236.7</ele>
      </trkpt>
      <trkpt lat="28.06955" lon="-16.62988">
        <ele>237.1</ele>
      </trkpt>
      <trkpt lat="28.06955" lon="-16.6299">
        <ele>237.3</ele>
      </trkpt>
      <trkpt lat="28.06957" lon="-16.62997">
        <ele>238.4</ele>
      </trkpt>
      <trkpt lat="28.06958" lon="-16.63006">
        <ele>239.3</ele>
      </trkpt>
      <trkpt lat="28.06958" lon="-16.63013">
        <ele>239.8</ele>
      </trkpt>
      <trkpt lat="28.06957" lon="-16.63016">
        <ele>239.9</ele>
      </trkpt>
      <trkpt lat="28.06957" lon="-16.63017">
        <ele>239.9</ele>
      </trkpt>
      <trkpt lat="28.06956" lon="-16.63024">
        <ele>240.2</ele>
      </trkpt>
      <trkpt lat="28.06952" lon="-16.63036">
        <ele>240.4</ele>
      </trkpt>
      <trkpt lat="28.0695" lon="-16.63041">
        <ele>240.4</ele>
      </trkpt>
      <trkpt lat="28.06946" lon="-16.63055">
        <ele>240.6</ele>
      </trkpt>
      <trkpt lat="28.06945" lon="-16.630569">
        <ele>240.5</ele>
      </trkpt>
      <trkpt lat="28.06942" lon="-16.630749">
        <ele>241.1</ele>
      </trkpt>
      <trkpt lat="28.06941" lon="-16.63081">
        <ele>241.2</ele>
      </trkpt>
      <trkpt lat="28.06938" lon="-16.630949">
        <ele>241.8</ele>
      </trkpt>
      <trkpt lat="28.06934" lon="-16.63115">
        <ele>242.5</ele>
      </trkpt>
      <trkpt lat="28.06934" lon="-16.63119">
        <ele>242.8</ele>
      </trkpt>
      <trkpt lat="28.06931" lon="-16.63135">
        <ele>243.3</ele>
      </trkpt>
      <trkpt lat="28.0693" lon="-16.63139">
        <ele>243.4</ele>
      </trkpt>
      <trkpt lat="28.06927" lon="-16.63155">
        <ele>243.8</ele>
      </trkpt>
      <trkpt lat="28.06926" lon="-16.63159">
        <ele>243.8</ele>
      </trkpt>
      <trkpt lat="28.06922" lon="-16.631699">
        <ele>243.7</ele>
      </trkpt>
      <trkpt lat="28.0692" lon="-16.63178">
        <ele>244.1</ele>
      </trkpt>
      <trkpt lat="28.06919" lon="-16.631789">
        <ele>243.9</ele>
      </trkpt>
      <trkpt lat="28.06915" lon="-16.63192">
        <ele>244.6</ele>
      </trkpt>
      <trkpt lat="28.06913" lon="-16.631969">
        <ele>245.0</ele>
      </trkpt>
      <trkpt lat="28.06906" lon="-16.632159">
        <ele>246.4</ele>
      </trkpt>
      <trkpt lat="28.06906" lon="-16.632169">
        <ele>246.5</ele>
      </trkpt>
      <trkpt lat="28.06904" lon="-16.632259">
        <ele>247.2</ele>
      </trkpt>
      <trkpt lat="28.06905" lon="-16.63232">
        <ele>247.9</ele>
      </trkpt>
      <trkpt lat="28.06906" lon="-16.632359">
        <ele>248.4</ele>
      </trkpt>
      <trkpt lat="28.06907" lon="-16.6324">
        <ele>248.9</ele>
      </trkpt>
      <trkpt lat="28.0691" lon="-16.632459">
        <ele>249.8</ele>
      </trkpt>
      <trkpt lat="28.06915" lon="-16.632539">
        <ele>250.6</ele>
      </trkpt>
      <trkpt lat="28.06927" lon="-16.63267">
        <ele>252.5</ele>
      </trkpt>
      <trkpt lat="28.06928" lon="-16.63269">
        <ele>252.6</ele>
      </trkpt>
      <trkpt lat="28.06937" lon="-16.63279">
        <ele>253.9</ele>
      </trkpt>
      <trkpt lat="28.06938" lon="-16.6328">
        <ele>254.0</ele>
      </trkpt>
      <trkpt lat="28.06954" lon="-16.63296">
        <ele>255.9</ele>
      </trkpt>
      <trkpt lat="28.06964" lon="-16.63306">
        <ele>256.7</ele>
      </trkpt>
      <trkpt lat="28.06968" lon="-16.63309">
        <ele>257.1</ele>
      </trkpt>
      <trkpt lat="28.06972" lon="-16.63313">
        <ele>257.3</ele>
      </trkpt>
      <trkpt lat="28.06986" lon="-16.633189">
        <ele>259.0</ele>
      </trkpt>
      <trkpt lat="28.06996" lon="-16.63324">
        <ele>259.9</ele>
      </trkpt>
      <trkpt lat="28.07001" lon="-16.63327">
        <ele>260.3</ele>
      </trkpt>
      <trkpt lat="28.07016" lon="-16.63335">
        <ele>262.2</ele>
      </trkpt>
      <trkpt lat="28.07016" lon="-16.63336">
        <ele>262.1</ele>
      </trkpt>
      <trkpt lat="28.07017" lon="-16.63336">
        <ele>262.3</ele>
      </trkpt>
      <trkpt lat="28.07081" lon="-16.6337">
        <ele>269.1</ele>
      </trkpt>
      <trkpt lat="28.07082" lon="-16.63371">
        <ele>269.1</ele>
      </trkpt>
      <trkpt lat="28.07093" lon="-16.633769">
        <ele>270.0</ele>
      </trkpt>
      <trkpt lat="28.0713" lon="-16.63399">
        <ele>271.8</ele>
      </trkpt>
      <trkpt lat="28.07161" lon="-16.63418">
        <ele>272.2</ele>
      </trkpt>
      <trkpt lat="28.07163" lon="-16.63419">
        <ele>272.5</ele>
      </trkpt>
      <trkpt lat="28.07171" lon="-16.63427">
        <ele>274.6</ele>
      </trkpt>
      <trkpt lat="28.07175" lon="-16.6343">
        <ele>275.9</ele>
      </trkpt>
      <trkpt lat="28.07176" lon="-16.63431">
        <ele>276.2</ele>
      </trkpt>
      <trkpt lat="28.07181" lon="-16.63436">
        <ele>277.7</ele>
      </trkpt>
      <trkpt lat="28.07184" lon="-16.63444">
        <ele>278.6</ele>
      </trkpt>
      <trkpt lat="28.07185" lon="-16.63448">
        <ele>279.0</ele>
      </trkpt>
      <trkpt lat="28.07186" lon="-16.634509">
        <ele>279.3</ele>
      </trkpt>
      <trkpt lat="28.07185" lon="-16.63458">
        <ele>279.1</ele>
      </trkpt>
      <trkpt lat="28.07183" lon="-16.63467">
        <ele>278.8</ele>
      </trkpt>
      <trkpt lat="28.07182" lon="-16.63467">
        <ele>278.5</ele>
      </trkpt>
      <trkpt lat="28.07178" lon="-16.63476">
        <ele>277.8</ele>
      </trkpt>
      <trkpt lat="28.07171" lon="-16.63484">
        <ele>276.4</ele>
      </trkpt>
      <trkpt lat="28.07163" lon="-16.63494">
        <ele>275.0</ele>
      </trkpt>
      <trkpt lat="28.0716" lon="-16.634979">
        <ele>274.4</ele>
      </trkpt>
      <trkpt lat="28.07159" lon="-16.634989">
        <ele>274.2</ele>
      </trkpt>
      <trkpt lat="28.07158" lon="-16.63501">
        <ele>274.2</ele>
      </trkpt>
      <trkpt lat="28.07152" lon="-16.63509">
        <ele>274.0</ele>
      </trkpt>
      <trkpt lat="28.07151" lon="-16.635159">
        <ele>274.7</ele>
      </trkpt>
      <trkpt lat="28.07148" lon="-16.63529">
        <ele>275.8</ele>
      </trkpt>
      <trkpt lat="28.07144" lon="-16.635549">
        <ele>278.1</ele>
      </trkpt>
      <trkpt lat="28.07142" lon="-16.6357">
        <ele>279.4</ele>
      </trkpt>
      <trkpt lat="28.07142" lon="-16.635729">
        <ele>279.8</ele>
      </trkpt>
      <trkpt lat="28.07141" lon="-16.635829">
        <ele>280.7</ele>
      </trkpt>
      <trkpt lat="28.07144" lon="-16.635929">
        <ele>281.9</ele>
      </trkpt>
      <trkpt lat="28.07152" lon="-16.63623">
        <ele>284.9</ele>
      </trkpt>
      <trkpt lat="28.07155" lon="-16.63634">
        <ele>286.0</ele>
      </trkpt>
      <trkpt lat="28.07159" lon="-16.63654">
        <ele>287.4</ele>
      </trkpt>
      <trkpt lat="28.07165" lon="-16.63691">
        <ele>286.0</ele>
      </trkpt>
      <trkpt lat="28.07168" lon="-16.63701">
        <ele>285.5</ele>
      </trkpt>
      <trkpt lat="28.07172" lon="-16.63707">
        <ele>286.0</ele>
      </trkpt>
      <trkpt lat="28.07174" lon="-16.63711">
        <ele>286.1</ele>
      </trkpt>
      <trkpt lat="28.07175" lon="-16.63712">
        <ele>286.3</ele>
      </trkpt>
      <trkpt lat="28.07184" lon="-16.637229">
        <ele>287.7</ele>
      </trkpt>
      <trkpt lat="28.07187" lon="-16.63726">
        <ele>288.3</ele>
      </trkpt>
      <trkpt lat="28.07205" lon="-16.63744">
        <ele>291.8</ele>
      </trkpt>
      <trkpt lat="28.07225" lon="-16.63766">
        <ele>297.3</ele>
      </trkpt>
      <trkpt lat="28.07233" lon="-16.63778">
        <ele>299.6</ele>
      </trkpt>
      <trkpt lat="28.07237" lon="-16.63785">
        <ele>300.6</ele>
      </trkpt>
      <trkpt lat="28.07238" lon="-16.63787">
        <ele>300.9</ele>
      </trkpt>
      <trkpt lat="28.07242" lon="-16.63797">
        <ele>301.8</ele>
      </trkpt>
      <trkpt lat="28.07244" lon="-16.63806">
        <ele>302.2</ele>
      </trkpt>
      <trkpt lat="28.07247" lon="-16.638169">
        <ele>302.7</ele>
      </trkpt>
      <trkpt lat="28.07247" lon="-16.63824">
        <ele>302.5</ele>
      </trkpt>
      <trkpt lat="28.07247" lon="-16.63825">
        <ele>302.4</ele>
      </trkpt>
      <trkpt lat="28.07243" lon="-16.638359">
        <ele>301.8</ele>
      </trkpt>
      <trkpt lat="28.07242" lon="-16.638369">
        <ele>301.8</ele>
      </trkpt>
      <trkpt lat="28.07239" lon="-16.63842">
        <ele>302.4</ele>
      </trkpt>
      <trkpt lat="28.07237" lon="-16.638449">
        <ele>302.7</ele>
      </trkpt>
      <trkpt lat="28.07224" lon="-16.63861">
        <ele>303.3</ele>
      </trkpt>
      <trkpt lat="28.07214" lon="-16.63871">
        <ele>302.8</ele>
      </trkpt>
      <trkpt lat="28.07201" lon="-16.63887">
        <ele>302.6</ele>
      </trkpt>
      <trkpt lat="28.07194" lon="-16.63898">
        <ele>302.9</ele>
      </trkpt>
      <trkpt lat="28.07193" lon="-16.63899">
        <ele>302.8</ele>
      </trkpt>
      <trkpt lat="28.07191" lon="-16.639019">
        <ele>302.8</ele>
      </trkpt>
      <trkpt lat="28.07184" lon="-16.63915">
        <ele>303.3</ele>
      </trkpt>
      <trkpt lat="28.07184" lon="-16.63916">
        <ele>303.5</ele>
      </trkpt>
      <trkpt lat="28.07177" lon="-16.639309">
        <ele>304.8</ele>
      </trkpt>
      <trkpt lat="28.0717" lon="-16.63954">
        <ele>307.8</ele>
      </trkpt>
      <trkpt lat="28.07168" lon="-16.639579">
        <ele>308.0</ele>
      </trkpt>
      <trkpt lat="28.07163" lon="-16.639769">
        <ele>311.0</ele>
      </trkpt>
      <trkpt lat="28.07162" lon="-16.639779">
        <ele>311.0</ele>
      </trkpt>
      <trkpt lat="28.07161" lon="-16.63981">
        <ele>311.4</ele>
      </trkpt>
      <trkpt lat="28.07155" lon="-16.639959">
        <ele>313.2</ele>
      </trkpt>
      <trkpt lat="28.07144" lon="-16.640149">
        <ele>314.8</ele>
      </trkpt>
      <trkpt lat="28.07137" lon="-16.640239">
        <ele>315.1</ele>
      </trkpt>
      <trkpt lat="28.07134" lon="-16.64028">
        <ele>315.3</ele>
      </trkpt>
      <trkpt lat="28.07131" lon="-16.64032">
        <ele>315.4</ele>
      </trkpt>
      <trkpt lat="28.07125" lon="-16.64039">
        <ele>315.5</ele>
      </trkpt>
      <trkpt lat="28.07122" lon="-16.640429">
        <ele>315.7</ele>
      </trkpt>
      <trkpt lat="28.07117" lon="-16.64048">
        <ele>315.5</ele>
      </trkpt>
      <trkpt lat="28.07112" lon="-16.640529">
        <ele>315.3</ele>
      </trkpt>
      <trkpt lat="28.07102" lon="-16.640619">
        <ele>314.7</ele>
      </trkpt>
      <trkpt lat="28.07098" lon="-16.64066">
        <ele>314.6</ele>
      </trkpt>
      <trkpt lat="28.07094" lon="-16.64069">
        <ele>314.2</ele>
      </trkpt>
      <trkpt lat="28.07083" lon="-16.64077">
        <ele>313.2</ele>
      </trkpt>
      <trkpt lat="28.07076" lon="-16.64083">
        <ele>314.9</ele>
      </trkpt>
      <trkpt lat="28.07066" lon="-16.64091">
        <ele>315.7</ele>
      </trkpt>
      <trkpt lat="28.07064" lon="-16.64093">
        <ele>315.9</ele>
      </trkpt>
      <trkpt lat="28.07056" lon="-16.640989">
        <ele>316.2</ele>
      </trkpt>
      <trkpt lat="28.07054" lon="-16.64101">
        <ele>316.3</ele>
      </trkpt>
      <trkpt lat="28.07051" lon="-16.64105">
        <ele>316.4</ele>
      </trkpt>
      <trkpt lat="28.0705" lon="-16.64106">
        <ele>316.5</ele>
      </trkpt>
      <trkpt lat="28.07046" lon="-16.64111">
        <ele>316.6</ele>
      </trkpt>
      <trkpt lat="28.07042" lon="-16.64122">
        <ele>316.9</ele>
      </trkpt>
      <trkpt lat="28.07041" lon="-16.64124">
        <ele>316.9</ele>
      </trkpt>
      <trkpt lat="28.07039" lon="-16.6413">
        <ele>317.0</ele>
      </trkpt>
      <trkpt lat="28.07038" lon="-16.641369">
        <ele>317.2</ele>
      </trkpt>
      <trkpt lat="28.07038" lon="-16.64138">
        <ele>317.2</ele>
      </trkpt>
      <trkpt lat="28.07038" lon="-16.64143">
        <ele>317.4</ele>
      </trkpt>
      <trkpt lat="28.07038" lon="-16.641459">
        <ele>317.5</ele>
      </trkpt>
      <trkpt lat="28.07038" lon="-16.64154">
        <ele>317.9</ele>
      </trkpt>
      <trkpt lat="28.07041" lon="-16.64163">
        <ele>318.7</ele>
      </trkpt>
      <trkpt lat="28.07041" lon="-16.64166">
        <ele>318.9</ele>
      </trkpt>
      <trkpt lat="28.07045" lon="-16.64176">
        <ele>317.7</ele>
      </trkpt>
      <trkpt lat="28.07048" lon="-16.64182">
        <ele>317.0</ele>
      </trkpt>
      <trkpt lat="28.0705" lon="-16.64186">
        <ele>316.6</ele>
      </trkpt>
      <trkpt lat="28.07055" lon="-16.641919">
        <ele>316.2</ele>
      </trkpt>
      <trkpt lat="28.0706" lon="-16.64197">
        <ele>316.0</ele>
      </trkpt>
      <trkpt lat="28.07073" lon="-16.642109">
        <ele>315.3</ele>
      </trkpt>
      <trkpt lat="28.07086" lon="-16.64226">
        <ele>314.6</ele>
      </trkpt>
      <trkpt lat="28.07096" lon="-16.64237">
        <ele>315.1</ele>
      </trkpt>
      <trkpt lat="28.07099" lon="-16.642399">
        <ele>315.2</ele>
      </trkpt>
      <trkpt lat="28.07103" lon="-16.64244">
        <ele>315.5</ele>
      </trkpt>
      <trkpt lat="28.07107" lon="-16.642499">
        <ele>315.3</ele>
      </trkpt>
      <trkpt lat="28.0711" lon="-16.64254">
        <ele>315.6</ele>
      </trkpt>
      <trkpt lat="28.07111" lon="-16.64255">
        <ele>315.7</ele>
      </trkpt>
      <trkpt lat="28.07118" lon="-16.64269">
        <ele>315.8</ele>
      </trkpt>
      <trkpt lat="28.07122" lon="-16.64281">
        <ele>315.1</ele>
      </trkpt>
      <trkpt lat="28.07123" lon="-16.642859">
        <ele>314.6</ele>
      </trkpt>
      <trkpt lat="28.07124" lon="-16.64292">
        <ele>314.0</ele>
      </trkpt>
      <trkpt lat="28.07124" lon="-16.64293">
        <ele>313.9</ele>
      </trkpt>
      <trkpt lat="28.07126" lon="-16.64304">
        <ele>312.7</ele>
      </trkpt>
      <trkpt lat="28.07126" lon="-16.64313">
        <ele>311.5</ele>
      </trkpt>
      <trkpt lat="28.07126" lon="-16.64321">
        <ele>310.3</ele>
      </trkpt>
      <trkpt lat="28.07124" lon="-16.64332">
        <ele>308.6</ele>
      </trkpt>
      <trkpt lat="28.07122" lon="-16.64338">
        <ele>308.4</ele>
      </trkpt>
      <trkpt lat="28.0712" lon="-16.64346">
        <ele>308.5</ele>
      </trkpt>
      <trkpt lat="28.07119" lon="-16.64348">
        <ele>308.4</ele>
      </trkpt>
      <trkpt lat="28.07117" lon="-16.64351">
        <ele>308.4</ele>
      </trkpt>
      <trkpt lat="28.07112" lon="-16.643609">
        <ele>308.3</ele>
      </trkpt>
      <trkpt lat="28.07104" lon="-16.64374">
        <ele>308.2</ele>
      </trkpt>
      <trkpt lat="28.07094" lon="-16.64385">
        <ele>307.9</ele>
      </trkpt>
      <trkpt lat="28.07085" lon="-16.64392">
        <ele>307.6</ele>
      </trkpt>
      <trkpt lat="28.07076" lon="-16.64397">
        <ele>307.4</ele>
      </trkpt>
      <trkpt lat="28.07069" lon="-16.643999">
        <ele>307.1</ele>
      </trkpt>
      <trkpt lat="28.07061" lon="-16.64402">
        <ele>306.7</ele>
      </trkpt>
      <trkpt lat="28.07054" lon="-16.64403">
        <ele>306.4</ele>
      </trkpt>
      <trkpt lat="28.07043" lon="-16.64404">
        <ele>305.7</ele>
      </trkpt>
      <trkpt lat="28.07022" lon="-16.64402">
        <ele>304.3</ele>
      </trkpt>
      <trkpt lat="28.07007" lon="-16.643999">
        <ele>303.2</ele>
      </trkpt>
      <trkpt lat="28.06993" lon="-16.64398">
        <ele>302.1</ele>
      </trkpt>
      <trkpt lat="28.06989" lon="-16.64398">
        <ele>301.9</ele>
      </trkpt>
      <trkpt lat="28.06979" lon="-16.64398">
        <ele>301.1</ele>
      </trkpt>
      <trkpt lat="28.06971" lon="-16.643989">
        <ele>300.6</ele>
      </trkpt>
      <trkpt lat="28.06966" lon="-16.64401">
        <ele>300.3</ele>
      </trkpt>
      <trkpt lat="28.06952" lon="-16.64405">
        <ele>299.5</ele>
      </trkpt>
      <trkpt lat="28.0694" lon="-16.64412">
        <ele>298.8</ele>
      </trkpt>
      <trkpt lat="28.06922" lon="-16.644269">
        <ele>297.7</ele>
      </trkpt>
      <trkpt lat="28.06903" lon="-16.64448">
        <ele>299.1</ele>
      </trkpt>
      <trkpt lat="28.06868" lon="-16.644829">
        <ele>299.8</ele>
      </trkpt>
      <trkpt lat="28.06827" lon="-16.645219">
        <ele>295.7</ele>
      </trkpt>
      <trkpt lat="28.06786" lon="-16.64563">
        <ele>290.2</ele>
      </trkpt>
      <trkpt lat="28.06767" lon="-16.64584">
        <ele>288.8</ele>
      </trkpt>
      <trkpt lat="28.06741" lon="-16.64622">
        <ele>289.0</ele>
      </trkpt>
      <trkpt lat="28.06737" lon="-16.64628">
        <ele>289.0</ele>
      </trkpt>
      <trkpt lat="28.0672" lon="-16.6466">
        <ele>289.1</ele>
      </trkpt>
      <trkpt lat="28.06704" lon="-16.64689">
        <ele>286.6</ele>
      </trkpt>
      <trkpt lat="28.06689" lon="-16.64714">
        <ele>284.3</ele>
      </trkpt>
      <trkpt lat="28.06681" lon="-16.64732">
        <ele>283.0</ele>
      </trkpt>
      <trkpt lat="28.06676" lon="-16.64743">
        <ele>282.4</ele>
      </trkpt>
      <trkpt lat="28.06674" lon="-16.64748">
        <ele>282.2</ele>
      </trkpt>
      <trkpt lat="28.06669" lon="-16.64762">
        <ele>281.7</ele>
      </trkpt>
      <trkpt lat="28.06668" lon="-16.64764">
        <ele>281.7</ele>
      </trkpt>
      <trkpt lat="28.06665" lon="-16.64773">
        <ele>281.7</ele>
      </trkpt>
      <trkpt lat="28.06662" lon="-16.64787">
        <ele>281.7</ele>
      </trkpt>
      <trkpt lat="28.06659" lon="-16.64811">
        <ele>281.4</ele>
      </trkpt>
      <trkpt lat="28.06658" lon="-16.64829">
        <ele>281.1</ele>
      </trkpt>
      <trkpt lat="28.0666" lon="-16.64856">
        <ele>280.6</ele>
      </trkpt>
      <trkpt lat="28.06661" lon="-16.64862">
        <ele>280.4</ele>
      </trkpt>
      <trkpt lat="28.06665" lon="-16.64889">
        <ele>280.1</ele>
      </trkpt>
      <trkpt lat="28.06666" lon="-16.64902">
        <ele>280.0</ele>
      </trkpt>
      <trkpt lat="28.06676" lon="-16.64983">
        <ele>277.1</ele>
      </trkpt>
      <trkpt lat="28.06687" lon="-16.65063">
        <ele>276.3</ele>
      </trkpt>
      <trkpt lat="28.06699" lon="-16.65144">
        <ele>274.6</ele>
      </trkpt>
      <trkpt lat="28.067" lon="-16.65158">
        <ele>274.1</ele>
      </trkpt>
      <trkpt lat="28.06701" lon="-16.65164">
        <ele>273.9</ele>
      </trkpt>
      <trkpt lat="28.06701" lon="-16.65165">
        <ele>273.9</ele>
      </trkpt>
      <trkpt lat="28.06704" lon="-16.65184">
        <ele>273.3</ele>
      </trkpt>
      <trkpt lat="28.06704" lon="-16.65185">
        <ele>273.3</ele>
      </trkpt>
      <trkpt lat="28.06707" lon="-16.65205">
        <ele>272.6</ele>
      </trkpt>
      <trkpt lat="28.06714" lon="-16.65266">
        <ele>270.2</ele>
      </trkpt>
      <trkpt lat="28.06714" lon="-16.65268">
        <ele>270.2</ele>
      </trkpt>
      <trkpt lat="28.06717" lon="-16.65286">
        <ele>269.4</ele>
      </trkpt>
      <trkpt lat="28.06718" lon="-16.65294">
        <ele>269.1</ele>
      </trkpt>
      <trkpt lat="28.06719" lon="-16.65302">
        <ele>268.8</ele>
      </trkpt>
      <trkpt lat="28.06721" lon="-16.653199">
        <ele>268.1</ele>
      </trkpt>
      <trkpt lat="28.06721" lon="-16.653199">
        <ele>268.1</ele>
      </trkpt>
      <trkpt lat="28.06734" lon="-16.653179">
        <ele>268.3</ele>
      </trkpt>
      <trkpt lat="28.06749" lon="-16.65315">
        <ele>268.4</ele>
      </trkpt>
      <trkpt lat="28.0677" lon="-16.65316">
        <ele>268.8</ele>
      </trkpt>
      <trkpt lat="28.0677" lon="-16.65316">
        <ele>268.8</ele>
      </trkpt>
      <trkpt lat="28.06749" lon="-16.65315">
        <ele>268.4</ele>
      </trkpt>
      <trkpt lat="28.06734" lon="-16.653179">
        <ele>268.3</ele>
      </trkpt>
      <trkpt lat="28.06721" lon="-16.653199">
        <ele>268.1</ele>
      </trkpt>
      <trkpt lat="28.06721" lon="-16.653199">
        <ele>268.1</ele>
      </trkpt>
      <trkpt lat="28.06722" lon="-16.6533">
        <ele>267.8</ele>
      </trkpt>
      <trkpt lat="28.06724" lon="-16.65339">
        <ele>267.7</ele>
      </trkpt>
      <trkpt lat="28.06726" lon="-16.65355">
        <ele>267.9</ele>
      </trkpt>
      <trkpt lat="28.06727" lon="-16.653659">
        <ele>267.9</ele>
      </trkpt>
      <trkpt lat="28.0673" lon="-16.653839">
        <ele>268.1</ele>
      </trkpt>
      <trkpt lat="28.06734" lon="-16.65416">
        <ele>268.2</ele>
      </trkpt>
      <trkpt lat="28.06735" lon="-16.654229">
        <ele>268.6</ele>
      </trkpt>
      <trkpt lat="28.06737" lon="-16.65426">
        <ele>268.8</ele>
      </trkpt>
      <trkpt lat="28.06739" lon="-16.6543">
        <ele>269.0</ele>
      </trkpt>
      <trkpt lat="28.06745" lon="-16.65438">
        <ele>269.3</ele>
      </trkpt>
      <trkpt lat="28.06753" lon="-16.65445">
        <ele>269.4</ele>
      </trkpt>
      <trkpt lat="28.06763" lon="-16.65455">
        <ele>270.0</ele>
      </trkpt>
      <trkpt lat="28.0679" lon="-16.65482">
        <ele>271.1</ele>
      </trkpt>
      <trkpt lat="28.06798" lon="-16.6549">
        <ele>271.2</ele>
      </trkpt>
      <trkpt lat="28.06816" lon="-16.6551">
        <ele>271.6</ele>
      </trkpt>
      <trkpt lat="28.06819" lon="-16.65514">
        <ele>271.7</ele>
      </trkpt>
      <trkpt lat="28.06819" lon="-16.655149">
        <ele>271.7</ele>
      </trkpt>
      <trkpt lat="28.06829" lon="-16.65555">
        <ele>273.1</ele>
      </trkpt>
      <trkpt lat="28.06835" lon="-16.655809">
        <ele>273.9</ele>
      </trkpt>
      <trkpt lat="28.06838" lon="-16.655919">
        <ele>274.2</ele>
      </trkpt>
      <trkpt lat="28.06842" lon="-16.65612">
        <ele>274.6</ele>
      </trkpt>
      <trkpt lat="28.06847" lon="-16.65642">
        <ele>275.1</ele>
      </trkpt>
      <trkpt lat="28.06852" lon="-16.65662">
        <ele>275.3</ele>
      </trkpt>
      <trkpt lat="28.06856" lon="-16.65678">
        <ele>274.6</ele>
      </trkpt>
      <trkpt lat="28.06859" lon="-16.65683">
        <ele>274.2</ele>
      </trkpt>
      <trkpt lat="28.06859" lon="-16.656849">
        <ele>274.1</ele>
      </trkpt>
      <trkpt lat="28.06862" lon="-16.65691">
        <ele>273.7</ele>
      </trkpt>
      <trkpt lat="28.0687" lon="-16.657039">
        <ele>272.7</ele>
      </trkpt>
      <trkpt lat="28.0688" lon="-16.65718">
        <ele>271.5</ele>
      </trkpt>
      <trkpt lat="28.06881" lon="-16.65718">
        <ele>271.5</ele>
      </trkpt>
      <trkpt lat="28.06915" lon="-16.65762">
        <ele>268.4</ele>
      </trkpt>
      <trkpt lat="28.06916" lon="-16.65764">
        <ele>268.4</ele>
      </trkpt>
      <trkpt lat="28.06932" lon="-16.65785">
        <ele>268.9</ele>
      </trkpt>
      <trkpt lat="28.06939" lon="-16.65793">
        <ele>269.0</ele>
      </trkpt>
      <trkpt lat="28.0694" lon="-16.65794">
        <ele>269.0</ele>
      </trkpt>
      <trkpt lat="28.06944" lon="-16.65799">
        <ele>269.0</ele>
      </trkpt>
      <trkpt lat="28.0695" lon="-16.65809">
        <ele>268.9</ele>
      </trkpt>
      <trkpt lat="28.06958" lon="-16.65829">
        <ele>268.6</ele>
      </trkpt>
      <trkpt lat="28.06962" lon="-16.65841">
        <ele>268.5</ele>
      </trkpt>
      <trkpt lat="28.06967" lon="-16.65886">
        <ele>268.8</ele>
      </trkpt>
      <trkpt lat="28.06967" lon="-16.65894">
        <ele>268.9</ele>
      </trkpt>
      <trkpt lat="28.06965" lon="-16.65926">
        <ele>268.9</ele>
      </trkpt>
      <trkpt lat="28.06964" lon="-16.6595">
        <ele>268.0</ele>
      </trkpt>
      <trkpt lat="28.06964" lon="-16.65964">
        <ele>267.5</ele>
      </trkpt>
      <trkpt lat="28.06961" lon="-16.659949">
        <ele>266.3</ele>
      </trkpt>
      <trkpt lat="28.0696" lon="-16.66011">
        <ele>265.3</ele>
      </trkpt>
      <trkpt lat="28.06959" lon="-16.66026">
        <ele>264.3</ele>
      </trkpt>
      <trkpt lat="28.06959" lon="-16.6604">
        <ele>263.4</ele>
      </trkpt>
      <trkpt lat="28.06961" lon="-16.660509">
        <ele>262.7</ele>
      </trkpt>
      <trkpt lat="28.06962" lon="-16.66054">
        <ele>262.6</ele>
      </trkpt>
      <trkpt lat="28.06965" lon="-16.66059">
        <ele>262.3</ele>
      </trkpt>
      <trkpt lat="28.0697" lon="-16.66065">
        <ele>262.1</ele>
      </trkpt>
      <trkpt lat="28.06976" lon="-16.66074">
        <ele>261.7</ele>
      </trkpt>
      <trkpt lat="28.06976" lon="-16.66074">
        <ele>261.7</ele>
      </trkpt>
      <trkpt lat="28.06977" lon="-16.66074">
        <ele>261.8</ele>
      </trkpt>
      <trkpt lat="28.06978" lon="-16.66074">
        <ele>261.8</ele>
      </trkpt>
      <trkpt lat="28.06979" lon="-16.66075">
        <ele>261.8</ele>
      </trkpt>
      <trkpt lat="28.0698" lon="-16.66075">
        <ele>261.8</ele>
      </trkpt>
      <trkpt lat="28.0698" lon="-16.66076">
        <ele>261.7</ele>
      </trkpt>
      <trkpt lat="28.06981" lon="-16.66076">
        <ele>261.8</ele>
      </trkpt>
      <trkpt lat="28.06982" lon="-16.66077">
        <ele>261.7</ele>
      </trkpt>
      <trkpt lat="28.06983" lon="-16.660779">
        <ele>261.7</ele>
      </trkpt>
      <trkpt lat="28.06984" lon="-16.660789">
        <ele>261.7</ele>
      </trkpt>
      <trkpt lat="28.06984" lon="-16.660799">
        <ele>261.6</ele>
      </trkpt>
      <trkpt lat="28.06985" lon="-16.660799">
        <ele>261.7</ele>
      </trkpt>
      <trkpt lat="28.06985" lon="-16.66081">
        <ele>261.6</ele>
      </trkpt>
      <trkpt lat="28.06986" lon="-16.66082">
        <ele>261.6</ele>
      </trkpt>
      <trkpt lat="28.06986" lon="-16.66083">
        <ele>261.5</ele>
      </trkpt>
      <trkpt lat="28.06987" lon="-16.66084">
        <ele>261.5</ele>
      </trkpt>
      <trkpt lat="28.06987" lon="-16.66085">
        <ele>261.4</ele>
      </trkpt>
      <trkpt lat="28.06987" lon="-16.66086">
        <ele>261.4</ele>
      </trkpt>
      <trkpt lat="28.06987" lon="-16.66087">
        <ele>261.3</ele>
      </trkpt>
      <trkpt lat="28.06987" lon="-16.660879">
        <ele>261.3</ele>
      </trkpt>
      <trkpt lat="28.06987" lon="-16.660889">
        <ele>261.2</ele>
      </trkpt>
      <trkpt lat="28.06987" lon="-16.6609">
        <ele>261.2</ele>
      </trkpt>
      <trkpt lat="28.06987" lon="-16.66091">
        <ele>261.1</ele>
      </trkpt>
      <trkpt lat="28.06987" lon="-16.66092">
        <ele>261.0</ele>
      </trkpt>
      <trkpt lat="28.06987" lon="-16.66093">
        <ele>261.0</ele>
      </trkpt>
      <trkpt lat="28.06987" lon="-16.66094">
        <ele>260.9</ele>
      </trkpt>
      <trkpt lat="28.06987" lon="-16.66095">
        <ele>260.9</ele>
      </trkpt>
      <trkpt lat="28.06986" lon="-16.66096">
        <ele>260.8</ele>
      </trkpt>
      <trkpt lat="28.06986" lon="-16.660979">
        <ele>260.7</ele>
      </trkpt>
      <trkpt lat="28.06985" lon="-16.660979">
        <ele>260.6</ele>
      </trkpt>
      <trkpt lat="28.06985" lon="-16.66099">
        <ele>260.6</ele>
      </trkpt>
      <trkpt lat="28.06984" lon="-16.661">
        <ele>260.5</ele>
      </trkpt>
      <trkpt lat="28.06983" lon="-16.66101">
        <ele>260.4</ele>
      </trkpt>
      <trkpt lat="28.06983" lon="-16.66102">
        <ele>260.4</ele>
      </trkpt>
      <trkpt lat="28.06982" lon="-16.66102">
        <ele>260.3</ele>
      </trkpt>
      <trkpt lat="28.06981" lon="-16.66103">
        <ele>260.2</ele>
      </trkpt>
      <trkpt lat="28.06981" lon="-16.66104">
        <ele>260.2</ele>
      </trkpt>
      <trkpt lat="28.0698" lon="-16.66104">
        <ele>260.2</ele>
      </trkpt>
      <trkpt lat="28.06979" lon="-16.66105">
        <ele>260.1</ele>
      </trkpt>
      <trkpt lat="28.06978" lon="-16.66105">
        <ele>260.0</ele>
      </trkpt>
      <trkpt lat="28.06977" lon="-16.66105">
        <ele>260.0</ele>
      </trkpt>
      <trkpt lat="28.06976" lon="-16.66106">
        <ele>259.9</ele>
      </trkpt>
      <trkpt lat="28.06975" lon="-16.66106">
        <ele>259.9</ele>
      </trkpt>
      <trkpt lat="28.06974" lon="-16.66106">
        <ele>259.9</ele>
      </trkpt>
      <trkpt lat="28.06973" lon="-16.66106">
        <ele>259.8</ele>
      </trkpt>
      <trkpt lat="28.06972" lon="-16.66106">
        <ele>259.8</ele>
      </trkpt>
      <trkpt lat="28.06971" lon="-16.66106">
        <ele>259.8</ele>
      </trkpt>
      <trkpt lat="28.0697" lon="-16.66106">
        <ele>259.8</ele>
      </trkpt>
      <trkpt lat="28.06969" lon="-16.66105">
        <ele>259.8</ele>
      </trkpt>
      <trkpt lat="28.06968" lon="-16.66105">
        <ele>259.7</ele>
      </trkpt>
      <trkpt lat="28.06967" lon="-16.66104">
        <ele>259.8</ele>
      </trkpt>
      <trkpt lat="28.06966" lon="-16.66104">
        <ele>259.7</ele>
      </trkpt>
      <trkpt lat="28.06965" lon="-16.66103">
        <ele>259.8</ele>
      </trkpt>
      <trkpt lat="28.06964" lon="-16.66103">
        <ele>259.7</ele>
      </trkpt>
      <trkpt lat="28.06964" lon="-16.66102">
        <ele>259.8</ele>
      </trkpt>
      <trkpt lat="28.06963" lon="-16.66101">
        <ele>259.8</ele>
      </trkpt>
      <trkpt lat="28.06962" lon="-16.66101">
        <ele>259.8</ele>
      </trkpt>
      <trkpt lat="28.06962" lon="-16.661">
        <ele>259.8</ele>
      </trkpt>
      <trkpt lat="28.06961" lon="-16.66099">
        <ele>259.8</ele>
      </trkpt>
      <trkpt lat="28.06957" lon="-16.66099">
        <ele>259.7</ele>
      </trkpt>
      <trkpt lat="28.06953" lon="-16.661">
        <ele>259.5</ele>
      </trkpt>
      <trkpt lat="28.06951" lon="-16.661">
        <ele>259.5</ele>
      </trkpt>
      <trkpt lat="28.06948" lon="-16.661">
        <ele>259.4</ele>
      </trkpt>
      <trkpt lat="28.06945" lon="-16.66101">
        <ele>259.2</ele>
      </trkpt>
      <trkpt lat="28.06942" lon="-16.66102">
        <ele>259.1</ele>
      </trkpt>
      <trkpt lat="28.06938" lon="-16.66105">
        <ele>258.9</ele>
      </trkpt>
      <trkpt lat="28.06921" lon="-16.66115">
        <ele>258.0</ele>
      </trkpt>
      <trkpt lat="28.06906" lon="-16.661249">
        <ele>257.2</ele>
      </trkpt>
      <trkpt lat="28.06887" lon="-16.66137">
        <ele>256.2</ele>
      </trkpt>
      <trkpt lat="28.06849" lon="-16.66162">
        <ele>254.5</ele>
      </trkpt>
      <trkpt lat="28.06797" lon="-16.66195">
        <ele>252.4</ele>
      </trkpt>
      <trkpt lat="28.06775" lon="-16.66213">
        <ele>251.2</ele>
      </trkpt>
      <trkpt lat="28.06756" lon="-16.66223">
        <ele>250.4</ele>
      </trkpt>
      <trkpt lat="28.06746" lon="-16.662289">
        <ele>249.9</ele>
      </trkpt>
      <trkpt lat="28.0672" lon="-16.66245">
        <ele>247.9</ele>
      </trkpt>
      <trkpt lat="28.06712" lon="-16.66246">
        <ele>247.4</ele>
      </trkpt>
      <trkpt lat="28.06695" lon="-16.662569">
        <ele>246.0</ele>
      </trkpt>
      <trkpt lat="28.06674" lon="-16.66271">
        <ele>244.1</ele>
      </trkpt>
      <trkpt lat="28.06669" lon="-16.662749">
        <ele>243.6</ele>
      </trkpt>
      <trkpt lat="28.0666" lon="-16.66282">
        <ele>242.6</ele>
      </trkpt>
      <trkpt lat="28.06657" lon="-16.66284">
        <ele>242.3</ele>
      </trkpt>
      <trkpt lat="28.0663" lon="-16.663049">
        <ele>239.4</ele>
      </trkpt>
      <trkpt lat="28.06613" lon="-16.66321">
        <ele>237.4</ele>
      </trkpt>
      <trkpt lat="28.06589" lon="-16.66343">
        <ele>235.0</ele>
      </trkpt>
      <trkpt lat="28.06576" lon="-16.66356">
        <ele>233.8</ele>
      </trkpt>
      <trkpt lat="28.06567" lon="-16.66365">
        <ele>233.0</ele>
      </trkpt>
      <trkpt lat="28.06566" lon="-16.66366">
        <ele>232.9</ele>
      </trkpt>
      <trkpt lat="28.06564" lon="-16.66368">
        <ele>232.7</ele>
      </trkpt>
      <trkpt lat="28.0656" lon="-16.66373">
        <ele>232.3</ele>
      </trkpt>
      <trkpt lat="28.06536" lon="-16.663979">
        <ele>230.0</ele>
      </trkpt>
      <trkpt lat="28.06488" lon="-16.6645">
        <ele>225.4</ele>
      </trkpt>
      <trkpt lat="28.06461" lon="-16.66481">
        <ele>223.9</ele>
      </trkpt>
      <trkpt lat="28.06445" lon="-16.66499">
        <ele>223.4</ele>
      </trkpt>
      <trkpt lat="28.0643" lon="-16.66515">
        <ele>222.5</ele>
      </trkpt>
      <trkpt lat="28.06414" lon="-16.66532">
        <ele>221.4</ele>
      </trkpt>
      <trkpt lat="28.06404" lon="-16.66541">
        <ele>220.7</ele>
      </trkpt>
      <trkpt lat="28.064" lon="-16.66545">
        <ele>220.3</ele>
      </trkpt>
      <trkpt lat="28.06387" lon="-16.66555">
        <ele>219.5</ele>
      </trkpt>
      <trkpt lat="28.06385" lon="-16.665569">
        <ele>219.4</ele>
      </trkpt>
      <trkpt lat="28.0637" lon="-16.665679">
        <ele>218.5</ele>
      </trkpt>
      <trkpt lat="28.06366" lon="-16.66571">
        <ele>218.3</ele>
      </trkpt>
      <trkpt lat="28.06358" lon="-16.665759">
        <ele>217.9</ele>
      </trkpt>
      <trkpt lat="28.06355" lon="-16.66578">
        <ele>217.7</ele>
      </trkpt>
      <trkpt lat="28.06345" lon="-16.66583">
        <ele>217.3</ele>
      </trkpt>
      <trkpt lat="28.06333" lon="-16.6659">
        <ele>216.9</ele>
      </trkpt>
      <trkpt lat="28.06323" lon="-16.665959">
        <ele>216.5</ele>
      </trkpt>
      <trkpt lat="28.06318" lon="-16.66598">
        <ele>216.3</ele>
      </trkpt>
      <trkpt lat="28.06303" lon="-16.666049">
        <ele>215.7</ele>
      </trkpt>
      <trkpt lat="28.0629" lon="-16.66609">
        <ele>215.3</ele>
      </trkpt>
      <trkpt lat="28.06283" lon="-16.66612">
        <ele>215.1</ele>
      </trkpt>
      <trkpt lat="28.06272" lon="-16.666149">
        <ele>214.7</ele>
      </trkpt>
      <trkpt lat="28.06237" lon="-16.666239">
        <ele>213.1</ele>
      </trkpt>
      <trkpt lat="28.0623" lon="-16.66626">
        <ele>212.5</ele>
      </trkpt>
      <trkpt lat="28.06217" lon="-16.6663">
        <ele>211.5</ele>
      </trkpt>
      <trkpt lat="28.06196" lon="-16.66637">
        <ele>209.6</ele>
      </trkpt>
      <trkpt lat="28.06185" lon="-16.666419">
        <ele>208.4</ele>
      </trkpt>
      <trkpt lat="28.06176" lon="-16.66647">
        <ele>207.3</ele>
      </trkpt>
      <trkpt lat="28.06168" lon="-16.6665">
        <ele>206.3</ele>
      </trkpt>
      <trkpt lat="28.06153" lon="-16.66657">
        <ele>204.7</ele>
      </trkpt>
      <trkpt lat="28.06139" lon="-16.66664">
        <ele>203.2</ele>
      </trkpt>
      <trkpt lat="28.06133" lon="-16.66668">
        <ele>202.5</ele>
      </trkpt>
      <trkpt lat="28.0612" lon="-16.66675">
        <ele>201.0</ele>
      </trkpt>
      <trkpt lat="28.06102" lon="-16.66685">
        <ele>199.1</ele>
      </trkpt>
      <trkpt lat="28.06092" lon="-16.66691">
        <ele>198.1</ele>
      </trkpt>
      <trkpt lat="28.06087" lon="-16.66694">
        <ele>197.6</ele>
      </trkpt>
      <trkpt lat="28.06079" lon="-16.666979">
        <ele>197.0</ele>
      </trkpt>
      <trkpt lat="28.06073" lon="-16.66701">
        <ele>196.6</ele>
      </trkpt>
      <trkpt lat="28.06066" lon="-16.66704">
        <ele>196.3</ele>
      </trkpt>
      <trkpt lat="28.06059" lon="-16.667079">
        <ele>195.9</ele>
      </trkpt>
      <trkpt lat="28.06054" lon="-16.66713">
        <ele>195.6</ele>
      </trkpt>
      <trkpt lat="28.06046" lon="-16.667179">
        <ele>195.2</ele>
      </trkpt>
      <trkpt lat="28.06046" lon="-16.6672">
        <ele>195.2</ele>
      </trkpt>
      <trkpt lat="28.06045" lon="-16.66722">
        <ele>195.1</ele>
      </trkpt>
      <trkpt lat="28.06044" lon="-16.66724">
        <ele>195.0</ele>
      </trkpt>
      <trkpt lat="28.06043" lon="-16.66725">
        <ele>194.9</ele>
      </trkpt>
      <trkpt lat="28.06041" lon="-16.667259">
        <ele>194.9</ele>
      </trkpt>
      <trkpt lat="28.0604" lon="-16.667269">
        <ele>194.8</ele>
      </trkpt>
      <trkpt lat="28.06038" lon="-16.66728">
        <ele>194.7</ele>
      </trkpt>
      <trkpt lat="28.06036" lon="-16.66728">
        <ele>194.7</ele>
      </trkpt>
      <trkpt lat="28.06035" lon="-16.66728">
        <ele>194.7</ele>
      </trkpt>
      <trkpt lat="28.06033" lon="-16.667269">
        <ele>194.7</ele>
      </trkpt>
      <trkpt lat="28.06031" lon="-16.667259">
        <ele>194.7</ele>
      </trkpt>
      <trkpt lat="28.06023" lon="-16.6673">
        <ele>194.5</ele>
      </trkpt>
      <trkpt lat="28.06014" lon="-16.66733">
        <ele>194.3</ele>
      </trkpt>
      <trkpt lat="28.06005" lon="-16.66739">
        <ele>194.2</ele>
      </trkpt>
      <trkpt lat="28.05999" lon="-16.66743">
        <ele>194.0</ele>
      </trkpt>
      <trkpt lat="28.05993" lon="-16.66747">
        <ele>193.7</ele>
      </trkpt>
      <trkpt lat="28.05989" lon="-16.66751">
        <ele>193.4</ele>
      </trkpt>
      <trkpt lat="28.05985" lon="-16.667539">
        <ele>193.1</ele>
      </trkpt>
      <trkpt lat="28.0598" lon="-16.66758">
        <ele>192.7</ele>
      </trkpt>
      <trkpt lat="28.05975" lon="-16.66761">
        <ele>192.3</ele>
      </trkpt>
      <trkpt lat="28.05965" lon="-16.66769">
        <ele>191.5</ele>
      </trkpt>
      <trkpt lat="28.05952" lon="-16.66778">
        <ele>190.5</ele>
      </trkpt>
      <trkpt lat="28.05946" lon="-16.66784">
        <ele>190.0</ele>
      </trkpt>
      <trkpt lat="28.05944" lon="-16.66784">
        <ele>190.0</ele>
      </trkpt>
      <trkpt lat="28.05943" lon="-16.66784">
        <ele>189.9</ele>
      </trkpt>
      <trkpt lat="28.05941" lon="-16.66784">
        <ele>189.8</ele>
      </trkpt>
      <trkpt lat="28.05917" lon="-16.66809">
        <ele>187.9</ele>
      </trkpt>
      <trkpt lat="28.05912" lon="-16.66814">
        <ele>187.4</ele>
      </trkpt>
      <trkpt lat="28.05898" lon="-16.66831">
        <ele>186.0</ele>
      </trkpt>
      <trkpt lat="28.05892" lon="-16.66838">
        <ele>185.3</ele>
      </trkpt>
      <trkpt lat="28.05883" lon="-16.66852">
        <ele>184.0</ele>
      </trkpt>
      <trkpt lat="28.05878" lon="-16.668589">
        <ele>183.3</ele>
      </trkpt>
      <trkpt lat="28.05871" lon="-16.66872">
        <ele>182.2</ele>
      </trkpt>
      <trkpt lat="28.05863" lon="-16.66892">
        <ele>180.5</ele>
      </trkpt>
      <trkpt lat="28.05859" lon="-16.66901">
        <ele>179.7</ele>
      </trkpt>
      <trkpt lat="28.05856" lon="-16.66911">
        <ele>179.0</ele>
      </trkpt>
      <trkpt lat="28.05853" lon="-16.66922">
        <ele>178.0</ele>
      </trkpt>
      <trkpt lat="28.05849" lon="-16.66937">
        <ele>176.4</ele>
      </trkpt>
      <trkpt lat="28.05845" lon="-16.66954">
        <ele>174.6</ele>
      </trkpt>
      <trkpt lat="28.05843" lon="-16.66964">
        <ele>173.5</ele>
      </trkpt>
      <trkpt lat="28.05839" lon="-16.669809">
        <ele>171.5</ele>
      </trkpt>
      <trkpt lat="28.05837" lon="-16.66993">
        <ele>170.1</ele>
      </trkpt>
      <trkpt lat="28.05835" lon="-16.670089">
        <ele>168.5</ele>
      </trkpt>
      <trkpt lat="28.05833" lon="-16.670269">
        <ele>166.7</ele>
      </trkpt>
      <trkpt lat="28.05833" lon="-16.67031">
        <ele>166.4</ele>
      </trkpt>
      <trkpt lat="28.05832" lon="-16.6705">
        <ele>164.7</ele>
      </trkpt>
      <trkpt lat="28.05831" lon="-16.6707">
        <ele>162.9</ele>
      </trkpt>
      <trkpt lat="28.05831" lon="-16.67077">
        <ele>162.3</ele>
      </trkpt>
      <trkpt lat="28.0583" lon="-16.67096">
        <ele>160.0</ele>
      </trkpt>
      <trkpt lat="28.0583" lon="-16.671009">
        <ele>159.4</ele>
      </trkpt>
      <trkpt lat="28.05827" lon="-16.67154">
        <ele>152.4</ele>
      </trkpt>
      <trkpt lat="28.05822" lon="-16.67181">
        <ele>149.7</ele>
      </trkpt>
      <trkpt lat="28.05818" lon="-16.67203">
        <ele>148.2</ele>
      </trkpt>
      <trkpt lat="28.05816" lon="-16.67212">
        <ele>147.5</ele>
      </trkpt>
      <trkpt lat="28.0581" lon="-16.67232">
        <ele>146.2</ele>
      </trkpt>
      <trkpt lat="28.05806" lon="-16.67247">
        <ele>145.2</ele>
      </trkpt>
      <trkpt lat="28.05791" lon="-16.67279">
        <ele>142.2</ele>
      </trkpt>
      <trkpt lat="28.05779" lon="-16.672989">
        <ele>140.7</ele>
      </trkpt>
      <trkpt lat="28.05777" lon="-16.67303">
        <ele>140.4</ele>
      </trkpt>
      <trkpt lat="28.05761" lon="-16.67326">
        <ele>139.0</ele>
      </trkpt>
      <trkpt lat="28.05748" lon="-16.67343">
        <ele>137.6</ele>
      </trkpt>
      <trkpt lat="28.05733" lon="-16.673649">
        <ele>135.0</ele>
      </trkpt>
      <trkpt lat="28.05689" lon="-16.67416">
        <ele>132.2</ele>
      </trkpt>
      <trkpt lat="28.05682" lon="-16.67425">
        <ele>131.9</ele>
      </trkpt>
      <trkpt lat="28.0566" lon="-16.67451">
        <ele>130.1</ele>
      </trkpt>
      <trkpt lat="28.05647" lon="-16.67466">
        <ele>129.0</ele>
      </trkpt>
      <trkpt lat="28.0562" lon="-16.67498">
        <ele>127.0</ele>
      </trkpt>
      <trkpt lat="28.05605" lon="-16.67517">
        <ele>126.0</ele>
      </trkpt>
      <trkpt lat="28.05547" lon="-16.67587">
        <ele>120.3</ele>
      </trkpt>
      <trkpt lat="28.05547" lon="-16.67588">
        <ele>120.2</ele>
      </trkpt>
      <trkpt lat="28.05535" lon="-16.67602">
        <ele>119.7</ele>
      </trkpt>
      <trkpt lat="28.05522" lon="-16.676169">
        <ele>118.7</ele>
      </trkpt>
      <trkpt lat="28.05477" lon="-16.67672">
        <ele>113.9</ele>
      </trkpt>
      <trkpt lat="28.05477" lon="-16.67672">
        <ele>113.9</ele>
      </trkpt>
      <trkpt lat="28.05479" lon="-16.67678">
        <ele>113.6</ele>
      </trkpt>
      <trkpt lat="28.0548" lon="-16.6768">
        <ele>113.5</ele>
      </trkpt>
      <trkpt lat="28.05481" lon="-16.67682">
        <ele>113.4</ele>
      </trkpt>
      <trkpt lat="28.05485" lon="-16.67686">
        <ele>113.1</ele>
      </trkpt>
      <trkpt lat="28.05485" lon="-16.67686">
        <ele>113.1</ele>
      </trkpt>
      <trkpt lat="28.05513" lon="-16.67677">
        <ele>113.6</ele>
      </trkpt>
      <trkpt lat="28.05517" lon="-16.67677">
        <ele>113.6</ele>
      </trkpt>
      <trkpt lat="28.0552" lon="-16.67677">
        <ele>113.7</ele>
      </trkpt>
      <trkpt lat="28.05523" lon="-16.67678">
        <ele>113.7</ele>
      </trkpt>
      <trkpt lat="28.05526" lon="-16.6768">
        <ele>113.8</ele>
      </trkpt>
      <trkpt lat="28.05531" lon="-16.67685">
        <ele>113.9</ele>
      </trkpt>
      <trkpt lat="28.05534" lon="-16.6769">
        <ele>114.0</ele>
      </trkpt>
      <trkpt lat="28.05536" lon="-16.676939">
        <ele>114.1</ele>
      </trkpt>
      <trkpt lat="28.05536" lon="-16.67698">
        <ele>114.1</ele>
      </trkpt>
      <trkpt lat="28.05536" lon="-16.677019">
        <ele>114.2</ele>
      </trkpt>
      <trkpt lat="28.05534" lon="-16.6771">
        <ele>114.3</ele>
      </trkpt>
      <trkpt lat="28.05531" lon="-16.67716">
        <ele>114.4</ele>
      </trkpt>
      <trkpt lat="28.05485" lon="-16.677869">
        <ele>115.8</ele>
      </trkpt>
      <trkpt lat="28.05463" lon="-16.67819">
        <ele>116.8</ele>
      </trkpt>
      <trkpt lat="28.05459" lon="-16.678249">
        <ele>116.8</ele>
      </trkpt>
      <trkpt lat="28.05458" lon="-16.67827">
        <ele>116.8</ele>
      </trkpt>
      <trkpt lat="28.05453" lon="-16.678339">
        <ele>116.7</ele>
      </trkpt>
      <trkpt lat="28.05447" lon="-16.67841">
        <ele>116.5</ele>
      </trkpt>
      <trkpt lat="28.05446" lon="-16.67842">
        <ele>116.5</ele>
      </trkpt>
      <trkpt lat="28.05435" lon="-16.67856">
        <ele>115.9</ele>
      </trkpt>
      <trkpt lat="28.05434" lon="-16.67857">
        <ele>115.8</ele>
      </trkpt>
      <trkpt lat="28.05423" lon="-16.678709">
        <ele>114.9</ele>
      </trkpt>
      <trkpt lat="28.05415" lon="-16.67879">
        <ele>114.1</ele>
      </trkpt>
      <trkpt lat="28.05411" lon="-16.67886">
        <ele>114.1</ele>
      </trkpt>
      <trkpt lat="28.0541" lon="-16.67887">
        <ele>114.1</ele>
      </trkpt>
      <trkpt lat="28.05406" lon="-16.67896">
        <ele>114.1</ele>
      </trkpt>
      <trkpt lat="28.05404" lon="-16.67906">
        <ele>114.4</ele>
      </trkpt>
      <trkpt lat="28.05404" lon="-16.67916">
        <ele>115.0</ele>
      </trkpt>
      <trkpt lat="28.05405" lon="-16.67925">
        <ele>115.1</ele>
      </trkpt>
      <trkpt lat="28.05405" lon="-16.67926">
        <ele>115.1</ele>
      </trkpt>
      <trkpt lat="28.05407" lon="-16.67936">
        <ele>115.2</ele>
      </trkpt>
      <trkpt lat="28.05409" lon="-16.67945">
        <ele>115.3</ele>
      </trkpt>
      <trkpt lat="28.0541" lon="-16.679459">
        <ele>115.4</ele>
      </trkpt>
      <trkpt lat="28.05416" lon="-16.67964">
        <ele>115.8</ele>
      </trkpt>
      <trkpt lat="28.05416" lon="-16.679649">
        <ele>115.8</ele>
      </trkpt>
      <trkpt lat="28.05421" lon="-16.679829">
        <ele>116.4</ele>
      </trkpt>
      <trkpt lat="28.05421" lon="-16.679839">
        <ele>116.4</ele>
      </trkpt>
      <trkpt lat="28.05424" lon="-16.679939">
        <ele>116.8</ele>
      </trkpt>
      <trkpt lat="28.05427" lon="-16.680029">
        <ele>117.2</ele>
      </trkpt>
      <trkpt lat="28.05427" lon="-16.68004">
        <ele>117.2</ele>
      </trkpt>
      <trkpt lat="28.05431" lon="-16.680129">
        <ele>117.6</ele>
      </trkpt>
      <trkpt lat="28.05435" lon="-16.680219">
        <ele>118.0</ele>
      </trkpt>
      <trkpt lat="28.05442" lon="-16.68039">
        <ele>118.6</ele>
      </trkpt>
      <trkpt lat="28.05443" lon="-16.680399">
        <ele>118.8</ele>
      </trkpt>
      <trkpt lat="28.05456" lon="-16.68067">
        <ele>120.0</ele>
      </trkpt>
      <trkpt lat="28.05465" lon="-16.68085">
        <ele>120.8</ele>
      </trkpt>
      <trkpt lat="28.0547" lon="-16.68092">
        <ele>121.5</ele>
      </trkpt>
      <trkpt lat="28.05475" lon="-16.68102">
        <ele>121.9</ele>
      </trkpt>
      <trkpt lat="28.0548" lon="-16.68109">
        <ele>122.4</ele>
      </trkpt>
      <trkpt lat="28.05481" lon="-16.6811">
        <ele>122.5</ele>
      </trkpt>
      <trkpt lat="28.05492" lon="-16.68126">
        <ele>123.2</ele>
      </trkpt>
      <trkpt lat="28.05502" lon="-16.68141">
        <ele>123.9</ele>
      </trkpt>
      <trkpt lat="28.05503" lon="-16.68142">
        <ele>124.2</ele>
      </trkpt>
      <trkpt lat="28.05508" lon="-16.6815">
        <ele>125.3</ele>
      </trkpt>
      <trkpt lat="28.05511" lon="-16.68158">
        <ele>125.9</ele>
      </trkpt>
      <trkpt lat="28.0552" lon="-16.68176">
        <ele>128.3</ele>
      </trkpt>
      <trkpt lat="28.05521" lon="-16.68177">
        <ele>128.6</ele>
      </trkpt>
      <trkpt lat="28.05526" lon="-16.68186">
        <ele>130.0</ele>
      </trkpt>
      <trkpt lat="28.0553" lon="-16.68193">
        <ele>130.9</ele>
      </trkpt>
      <trkpt lat="28.05531" lon="-16.68194">
        <ele>131.2</ele>
      </trkpt>
      <trkpt lat="28.05536" lon="-16.68202">
        <ele>132.3</ele>
      </trkpt>
      <trkpt lat="28.05541" lon="-16.682089">
        <ele>133.2</ele>
      </trkpt>
      <trkpt lat="28.05542" lon="-16.682099">
        <ele>133.5</ele>
      </trkpt>
      <trkpt lat="28.05547" lon="-16.682179">
        <ele>134.2</ele>
      </trkpt>
      <trkpt lat="28.05553" lon="-16.68225">
        <ele>135.1</ele>
      </trkpt>
      <trkpt lat="28.05554" lon="-16.68225">
        <ele>135.4</ele>
      </trkpt>
      <trkpt lat="28.05565" lon="-16.68239">
        <ele>136.5</ele>
      </trkpt>
      <trkpt lat="28.05579" lon="-16.68255">
        <ele>137.3</ele>
      </trkpt>
      <trkpt lat="28.05598" lon="-16.682759">
        <ele>139.5</ele>
      </trkpt>
      <trkpt lat="28.05603" lon="-16.68283">
        <ele>139.7</ele>
      </trkpt>
      <trkpt lat="28.05604" lon="-16.682839">
        <ele>139.8</ele>
      </trkpt>
      <trkpt lat="28.0561" lon="-16.68291">
        <ele>140.2</ele>
      </trkpt>
      <trkpt lat="28.05614" lon="-16.68299">
        <ele>139.5</ele>
      </trkpt>
      <trkpt lat="28.05615" lon="-16.683">
        <ele>139.6</ele>
      </trkpt>
      <trkpt lat="28.0562" lon="-16.68308">
        <ele>139.1</ele>
      </trkpt>
      <trkpt lat="28.05624" lon="-16.68316">
        <ele>138.1</ele>
      </trkpt>
      <trkpt lat="28.05629" lon="-16.68326">
        <ele>136.8</ele>
      </trkpt>
      <trkpt lat="28.05633" lon="-16.68334">
        <ele>135.7</ele>
      </trkpt>
      <trkpt lat="28.05634" lon="-16.68334">
        <ele>135.9</ele>
      </trkpt>
      <trkpt lat="28.05643" lon="-16.683499">
        <ele>136.0</ele>
      </trkpt>
      <trkpt lat="28.05649" lon="-16.683599">
        <ele>135.8</ele>
      </trkpt>
      <trkpt lat="28.05653" lon="-16.68367">
        <ele>135.5</ele>
      </trkpt>
      <trkpt lat="28.05659" lon="-16.68377">
        <ele>134.8</ele>
      </trkpt>
      <trkpt lat="28.05663" lon="-16.68385">
        <ele>134.0</ele>
      </trkpt>
      <trkpt lat="28.05668" lon="-16.68394">
        <ele>133.1</ele>
      </trkpt>
      <trkpt lat="28.05683" lon="-16.68418">
        <ele>131.8</ele>
      </trkpt>
      <trkpt lat="28.05693" lon="-16.684349">
        <ele>133.2</ele>
      </trkpt>
      <trkpt lat="28.05694" lon="-16.68436">
        <ele>133.3</ele>
      </trkpt>
      <trkpt lat="28.05709" lon="-16.68461">
        <ele>133.9</ele>
      </trkpt>
      <trkpt lat="28.05726" lon="-16.684809">
        <ele>133.3</ele>
      </trkpt>
      <trkpt lat="28.05727" lon="-16.68483">
        <ele>133.1</ele>
      </trkpt>
      <trkpt lat="28.05729" lon="-16.68486">
        <ele>132.8</ele>
      </trkpt>
      <trkpt lat="28.05731" lon="-16.68492">
        <ele>132.3</ele>
      </trkpt>
      <trkpt lat="28.05733" lon="-16.68497">
        <ele>131.7</ele>
      </trkpt>
      <trkpt lat="28.05734" lon="-16.685009">
        <ele>131.4</ele>
      </trkpt>
      <trkpt lat="28.05734" lon="-16.68503">
        <ele>131.6</ele>
      </trkpt>
      <trkpt lat="28.05736" lon="-16.68511">
        <ele>132.0</ele>
      </trkpt>
      <trkpt lat="28.05737" lon="-16.685199">
        <ele>132.4</ele>
      </trkpt>
      <trkpt lat="28.05738" lon="-16.68521">
        <ele>132.4</ele>
      </trkpt>
      <trkpt lat="28.05739" lon="-16.685289">
        <ele>132.8</ele>
      </trkpt>
      <trkpt lat="28.05742" lon="-16.68536">
        <ele>133.1</ele>
      </trkpt>
      <trkpt lat="28.05743" lon="-16.68541">
        <ele>133.3</ele>
      </trkpt>
      <trkpt lat="28.05746" lon="-16.68549">
        <ele>133.6</ele>
      </trkpt>
      <trkpt lat="28.0575" lon="-16.68558">
        <ele>133.8</ele>
      </trkpt>
      <trkpt lat="28.05753" lon="-16.685649">
        <ele>134.2</ele>
      </trkpt>
      <trkpt lat="28.0576" lon="-16.68577">
        <ele>134.7</ele>
      </trkpt>
      <trkpt lat="28.05785" lon="-16.68619">
        <ele>136.2</ele>
      </trkpt>
      <trkpt lat="28.05805" lon="-16.68653">
        <ele>136.7</ele>
      </trkpt>
      <trkpt lat="28.05807" lon="-16.68656">
        <ele>136.7</ele>
      </trkpt>
      <trkpt lat="28.05824" lon="-16.68684">
        <ele>137.9</ele>
      </trkpt>
      <trkpt lat="28.05835" lon="-16.68704">
        <ele>139.1</ele>
      </trkpt>
      <trkpt lat="28.05844" lon="-16.6872">
        <ele>140.3</ele>
      </trkpt>
      <trkpt lat="28.05844" lon="-16.68721">
        <ele>140.4</ele>
      </trkpt>
      <trkpt lat="28.05865" lon="-16.687639">
        <ele>142.6</ele>
      </trkpt>
      <trkpt lat="28.05877" lon="-16.68794">
        <ele>144.3</ele>
      </trkpt>
      <trkpt lat="28.05883" lon="-16.68807">
        <ele>145.1</ele>
      </trkpt>
      <trkpt lat="28.05885" lon="-16.68812">
        <ele>145.4</ele>
      </trkpt>
      <trkpt lat="28.05908" lon="-16.688669">
        <ele>149.6</ele>
      </trkpt>
      <trkpt lat="28.05916" lon="-16.688859">
        <ele>151.1</ele>
      </trkpt>
      <trkpt lat="28.05924" lon="-16.689039">
        <ele>152.9</ele>
      </trkpt>
      <trkpt lat="28.05929" lon="-16.68916">
        <ele>154.1</ele>
      </trkpt>
      <trkpt lat="28.05932" lon="-16.689229">
        <ele>154.3</ele>
      </trkpt>
      <trkpt lat="28.05937" lon="-16.68934">
        <ele>154.8</ele>
      </trkpt>
      <trkpt lat="28.0594" lon="-16.689409">
        <ele>155.1</ele>
      </trkpt>
      <trkpt lat="28.05941" lon="-16.689419">
        <ele>155.1</ele>
      </trkpt>
      <trkpt lat="28.05944" lon="-16.68952">
        <ele>155.6</ele>
      </trkpt>
      <trkpt lat="28.05946" lon="-16.689599">
        <ele>156.0</ele>
      </trkpt>
      <trkpt lat="28.05949" lon="-16.68968">
        <ele>156.4</ele>
      </trkpt>
      <trkpt lat="28.05952" lon="-16.689789">
        <ele>157.1</ele>
      </trkpt>
      <trkpt lat="28.05957" lon="-16.68999">
        <ele>158.3</ele>
      </trkpt>
      <trkpt lat="28.05967" lon="-16.69038">
        <ele>157.0</ele>
      </trkpt>
      <trkpt lat="28.05972" lon="-16.69058">
        <ele>156.0</ele>
      </trkpt>
      <trkpt lat="28.05971" lon="-16.69059">
        <ele>155.9</ele>
      </trkpt>
      <trkpt lat="28.0597" lon="-16.69066">
        <ele>155.4</ele>
      </trkpt>
      <trkpt lat="28.0597" lon="-16.690729">
        <ele>155.0</ele>
      </trkpt>
      <trkpt lat="28.0597" lon="-16.69078">
        <ele>154.7</ele>
      </trkpt>
      <trkpt lat="28.05971" lon="-16.690809">
        <ele>154.5</ele>
      </trkpt>
      <trkpt lat="28.05972" lon="-16.69089">
        <ele>154.2</ele>
      </trkpt>
      <trkpt lat="28.05974" lon="-16.69097">
        <ele>153.9</ele>
      </trkpt>
      <trkpt lat="28.05975" lon="-16.69099">
        <ele>153.8</ele>
      </trkpt>
      <trkpt lat="28.05978" lon="-16.691099">
        <ele>153.3</ele>
      </trkpt>
      <trkpt lat="28.05979" lon="-16.69117">
        <ele>152.9</ele>
      </trkpt>
      <trkpt lat="28.0598" lon="-16.69122">
        <ele>152.7</ele>
      </trkpt>
      <trkpt lat="28.05981" lon="-16.69137">
        <ele>152.0</ele>
      </trkpt>
      <trkpt lat="28.05981" lon="-16.691389">
        <ele>152.0</ele>
      </trkpt>
      <trkpt lat="28.05982" lon="-16.691559">
        <ele>151.2</ele>
      </trkpt>
      <trkpt lat="28.05982" lon="-16.691579">
        <ele>151.1</ele>
      </trkpt>
      <trkpt lat="28.05983" lon="-16.69178">
        <ele>150.4</ele>
      </trkpt>
      <trkpt lat="28.05983" lon="-16.6918">
        <ele>150.4</ele>
      </trkpt>
      <trkpt lat="28.05986" lon="-16.692029">
        <ele>149.8</ele>
      </trkpt>
      <trkpt lat="28.0599" lon="-16.69218">
        <ele>149.2</ele>
      </trkpt>
      <trkpt lat="28.0599" lon="-16.69219">
        <ele>149.2</ele>
      </trkpt>
      <trkpt lat="28.05995" lon="-16.69237">
        <ele>148.5</ele>
      </trkpt>
      <trkpt lat="28.05995" lon="-16.69238">
        <ele>148.5</ele>
      </trkpt>
      <trkpt lat="28.06003" lon="-16.69256">
        <ele>147.6</ele>
      </trkpt>
      <trkpt lat="28.06006" lon="-16.69263">
        <ele>147.2</ele>
      </trkpt>
      <trkpt lat="28.06011" lon="-16.69274">
        <ele>146.6</ele>
      </trkpt>
      <trkpt lat="28.06013" lon="-16.69276">
        <ele>146.5</ele>
      </trkpt>
      <trkpt lat="28.0602" lon="-16.692889">
        <ele>146.0</ele>
      </trkpt>
      <trkpt lat="28.0602" lon="-16.6929">
        <ele>145.9</ele>
      </trkpt>
      <trkpt lat="28.06022" lon="-16.69296">
        <ele>145.7</ele>
      </trkpt>
      <trkpt lat="28.06023" lon="-16.693">
        <ele>145.6</ele>
      </trkpt>
      <trkpt lat="28.06024" lon="-16.69301">
        <ele>145.6</ele>
      </trkpt>
      <trkpt lat="28.06024" lon="-16.69306">
        <ele>145.4</ele>
      </trkpt>
      <trkpt lat="28.06024" lon="-16.69312">
        <ele>145.2</ele>
      </trkpt>
      <trkpt lat="28.06022" lon="-16.6932">
        <ele>144.8</ele>
      </trkpt>
      <trkpt lat="28.06019" lon="-16.6933">
        <ele>144.3</ele>
      </trkpt>
      <trkpt lat="28.06017" lon="-16.69341">
        <ele>143.9</ele>
      </trkpt>
      <trkpt lat="28.06015" lon="-16.6935">
        <ele>143.7</ele>
      </trkpt>
      <trkpt lat="28.06014" lon="-16.69361">
        <ele>143.5</ele>
      </trkpt>
      <trkpt lat="28.06014" lon="-16.69371">
        <ele>143.3</ele>
      </trkpt>
      <trkpt lat="28.06013" lon="-16.69394">
        <ele>142.9</ele>
      </trkpt>
      <trkpt lat="28.06013" lon="-16.694019">
        <ele>142.8</ele>
      </trkpt>
      <trkpt lat="28.06012" lon="-16.69416">
        <ele>142.6</ele>
      </trkpt>
      <trkpt lat="28.06012" lon="-16.69422">
        <ele>142.3</ele>
      </trkpt>
      <trkpt lat="28.06011" lon="-16.69426">
        <ele>142.0</ele>
      </trkpt>
      <trkpt lat="28.06009" lon="-16.69432">
        <ele>141.5</ele>
      </trkpt>
      <trkpt lat="28.06007" lon="-16.69436">
        <ele>141.2</ele>
      </trkpt>
      <trkpt lat="28.06005" lon="-16.6944">
        <ele>140.9</ele>
      </trkpt>
      <trkpt lat="28.06004" lon="-16.69442">
        <ele>140.7</ele>
      </trkpt>
      <trkpt lat="28.06001" lon="-16.69446">
        <ele>140.4</ele>
      </trkpt>
      <trkpt lat="28.05997" lon="-16.6945">
        <ele>140.1</ele>
      </trkpt>
      <trkpt lat="28.05992" lon="-16.69455">
        <ele>139.6</ele>
      </trkpt>
      <trkpt lat="28.05988" lon="-16.69459">
        <ele>139.2</ele>
      </trkpt>
      <trkpt lat="28.0598" lon="-16.69469">
        <ele>138.4</ele>
      </trkpt>
      <trkpt lat="28.05979" lon="-16.69469">
        <ele>138.3</ele>
      </trkpt>
      <trkpt lat="28.05977" lon="-16.69474">
        <ele>138.0</ele>
      </trkpt>
      <trkpt lat="28.05973" lon="-16.69484">
        <ele>137.3</ele>
      </trkpt>
      <trkpt lat="28.05965" lon="-16.69506">
        <ele>135.9</ele>
      </trkpt>
      <trkpt lat="28.05961" lon="-16.69516">
        <ele>135.2</ele>
      </trkpt>
      <trkpt lat="28.05956" lon="-16.695239">
        <ele>134.6</ele>
      </trkpt>
      <trkpt lat="28.05955" lon="-16.69526">
        <ele>134.5</ele>
      </trkpt>
      <trkpt lat="28.05946" lon="-16.695409">
        <ele>133.3</ele>
      </trkpt>
      <trkpt lat="28.05936" lon="-16.69558">
        <ele>131.8</ele>
      </trkpt>
      <trkpt lat="28.05935" lon="-16.695599">
        <ele>131.6</ele>
      </trkpt>
      <trkpt lat="28.05925" lon="-16.69574">
        <ele>130.1</ele>
      </trkpt>
      <trkpt lat="28.05913" lon="-16.69594">
        <ele>129.2</ele>
      </trkpt>
      <trkpt lat="28.05894" lon="-16.69625">
        <ele>130.6</ele>
      </trkpt>
      <trkpt lat="28.0589" lon="-16.6963">
        <ele>130.9</ele>
      </trkpt>
      <trkpt lat="28.05885" lon="-16.69638">
        <ele>131.1</ele>
      </trkpt>
      <trkpt lat="28.05884" lon="-16.69641">
        <ele>131.1</ele>
      </trkpt>
      <trkpt lat="28.05882" lon="-16.69643">
        <ele>131.2</ele>
      </trkpt>
      <trkpt lat="28.05882" lon="-16.69643">
        <ele>131.2</ele>
      </trkpt>
      <trkpt lat="28.05881" lon="-16.696449">
        <ele>131.3</ele>
      </trkpt>
      <trkpt lat="28.05879" lon="-16.69649">
        <ele>131.3</ele>
      </trkpt>
      <trkpt lat="28.05877" lon="-16.69653">
        <ele>131.4</ele>
      </trkpt>
      <trkpt lat="28.05874" lon="-16.69657">
        <ele>131.5</ele>
      </trkpt>
      <trkpt lat="28.05871" lon="-16.696629">
        <ele>131.5</ele>
      </trkpt>
      <trkpt lat="28.05868" lon="-16.69666">
        <ele>131.7</ele>
      </trkpt>
      <trkpt lat="28.05875" lon="-16.69844">
        <ele>121.5</ele>
      </trkpt>
      <trkpt lat="28.05876" lon="-16.698789">
        <ele>118.3</ele>
      </trkpt>
      <trkpt lat="28.05879" lon="-16.699639">
        <ele>112.3</ele>
      </trkpt>
      <trkpt lat="28.0588" lon="-16.69978">
        <ele>111.6</ele>
      </trkpt>
      <trkpt lat="28.0588" lon="-16.69988">
        <ele>111.1</ele>
      </trkpt>
      <trkpt lat="28.05881" lon="-16.70008">
        <ele>110.2</ele>
      </trkpt>
      <trkpt lat="28.05881" lon="-16.70013">
        <ele>110.1</ele>
      </trkpt>
      <trkpt lat="28.05883" lon="-16.70043">
        <ele>109.3</ele>
      </trkpt>
      <trkpt lat="28.05883" lon="-16.70043">
        <ele>109.3</ele>
      </trkpt>
      <trkpt lat="28.05885" lon="-16.70116">
        <ele>106.1</ele>
      </trkpt>
      <trkpt lat="28.05888" lon="-16.701799">
        <ele>102.5</ele>
      </trkpt>
      <trkpt lat="28.05887" lon="-16.70205">
        <ele>102.1</ele>
      </trkpt>
      <trkpt lat="28.05884" lon="-16.702279">
        <ele>101.8</ele>
      </trkpt>
      <trkpt lat="28.0588" lon="-16.70247">
        <ele>101.5</ele>
      </trkpt>
      <trkpt lat="28.05872" lon="-16.70276">
        <ele>99.6</ele>
      </trkpt>
      <trkpt lat="28.05866" lon="-16.70296">
        <ele>98.3</ele>
      </trkpt>
      <trkpt lat="28.05862" lon="-16.70308">
        <ele>97.7</ele>
      </trkpt>
      <trkpt lat="28.05848" lon="-16.703489">
        <ele>96.7</ele>
      </trkpt>
      <trkpt lat="28.05845" lon="-16.703579">
        <ele>96.9</ele>
      </trkpt>
      <trkpt lat="28.05842" lon="-16.70364">
        <ele>97.1</ele>
      </trkpt>
      <trkpt lat="28.05842" lon="-16.70365">
        <ele>97.1</ele>
      </trkpt>
      <trkpt lat="28.0584" lon="-16.703679">
        <ele>97.3</ele>
      </trkpt>
      <trkpt lat="28.05837" lon="-16.70372">
        <ele>97.6</ele>
      </trkpt>
      <trkpt lat="28.05831" lon="-16.70379">
        <ele>97.8</ele>
      </trkpt>
      <trkpt lat="28.05824" lon="-16.70385">
        <ele>97.3</ele>
      </trkpt>
      <trkpt lat="28.05812" lon="-16.7039">
        <ele>96.5</ele>
      </trkpt>
      <trkpt lat="28.05804" lon="-16.70392">
        <ele>95.9</ele>
      </trkpt>
      <trkpt lat="28.058" lon="-16.70392">
        <ele>95.6</ele>
      </trkpt>
      <trkpt lat="28.05795" lon="-16.70392">
        <ele>95.2</ele>
      </trkpt>
      <trkpt lat="28.05791" lon="-16.70391">
        <ele>95.0</ele>
      </trkpt>
      <trkpt lat="28.05784" lon="-16.70389">
        <ele>94.4</ele>
      </trkpt>
      <trkpt lat="28.05773" lon="-16.70385">
        <ele>93.7</ele>
      </trkpt>
      <trkpt lat="28.05768" lon="-16.70381">
        <ele>93.3</ele>
      </trkpt>
      <trkpt lat="28.05759" lon="-16.703779">
        <ele>92.6</ele>
      </trkpt>
      <trkpt lat="28.05747" lon="-16.70374">
        <ele>91.7</ele>
      </trkpt>
      <trkpt lat="28.0571" lon="-16.70361">
        <ele>87.4</ele>
      </trkpt>
      <trkpt lat="28.057" lon="-16.703589">
        <ele>86.2</ele>
      </trkpt>
      <trkpt lat="28.05692" lon="-16.703579">
        <ele>85.2</ele>
      </trkpt>
      <trkpt lat="28.0568" lon="-16.703589">
        <ele>83.9</ele>
      </trkpt>
      <trkpt lat="28.0568" lon="-16.703589">
        <ele>83.9</ele>
      </trkpt>
      <trkpt lat="28.05663" lon="-16.70366">
        <ele>81.9</ele>
      </trkpt>
      <trkpt lat="28.05656" lon="-16.7037">
        <ele>80.9</ele>
      </trkpt>
      <trkpt lat="28.05654" lon="-16.70371">
        <ele>80.6</ele>
      </trkpt>
      <trkpt lat="28.05652" lon="-16.70373">
        <ele>80.3</ele>
      </trkpt>
      <trkpt lat="28.05649" lon="-16.703769">
        <ele>79.9</ele>
      </trkpt>
      <trkpt lat="28.05646" lon="-16.70383">
        <ele>79.4</ele>
      </trkpt>
      <trkpt lat="28.05645" lon="-16.70389">
        <ele>79.2</ele>
      </trkpt>
      <trkpt lat="28.05644" lon="-16.703959">
        <ele>79.0</ele>
      </trkpt>
      <trkpt lat="28.05652" lon="-16.70473">
        <ele>75.2</ele>
      </trkpt>
      <trkpt lat="28.05655" lon="-16.70496">
        <ele>73.7</ele>
      </trkpt>
      <trkpt lat="28.05657" lon="-16.70515">
        <ele>71.6</ele>
      </trkpt>
      <trkpt lat="28.05667" lon="-16.70557">
        <ele>67.2</ele>
      </trkpt>
      <trkpt lat="28.05671" lon="-16.70573">
        <ele>65.3</ele>
      </trkpt>
      <trkpt lat="28.05675" lon="-16.705919">
        <ele>63.3</ele>
      </trkpt>
      <trkpt lat="28.05678" lon="-16.70604">
        <ele>62.4</ele>
      </trkpt>
      <trkpt lat="28.05695" lon="-16.706679">
        <ele>56.6</ele>
      </trkpt>
      <trkpt lat="28.05695" lon="-16.706689">
        <ele>56.6</ele>
      </trkpt>
      <trkpt lat="28.05695" lon="-16.70675">
        <ele>56.4</ele>
      </trkpt>
      <trkpt lat="28.05691" lon="-16.706869">
        <ele>55.7</ele>
      </trkpt>
      <trkpt lat="28.05669" lon="-16.70732">
        <ele>53.5</ele>
      </trkpt>
      <trkpt lat="28.05667" lon="-16.70735">
        <ele>53.4</ele>
      </trkpt>
      <trkpt lat="28.05664" lon="-16.70741">
        <ele>53.1</ele>
      </trkpt>
      <trkpt lat="28.05658" lon="-16.7075">
        <ele>52.6</ele>
      </trkpt>
      <trkpt lat="28.05649" lon="-16.70759">
        <ele>51.8</ele>
      </trkpt>
      <trkpt lat="28.05645" lon="-16.707619">
        <ele>51.6</ele>
      </trkpt>
      <trkpt lat="28.05642" lon="-16.70764">
        <ele>51.4</ele>
      </trkpt>
      <trkpt lat="28.05591" lon="-16.707809">
        <ele>49.6</ele>
      </trkpt>
      <trkpt lat="28.05582" lon="-16.70784">
        <ele>49.3</ele>
      </trkpt>
    </trkseg>
  </trk>
</gpx>
