<?xml version="1.0" encoding="UTF-8"?>
<gpx xmlns:gpxdata="http://www.cluetrust.com/XML/GPXDATA/1/0" xmlns:xsi="http://www.w3.org/2001/XMLSchema-instance" xmlns="http://www.topografix.com/GPX/1/1" version="1.1" creator="http://ridewithgps.com/" xsi:schemaLocation="http://www.topografix.com/GPX/1/1 http://www.topografix.com/GPX/1/1/gpx.xsd http://www.cluetrust.com/XML/GPXDATA/1/0 http://www.cluetrust.com/Schemas/gpxdata10.xsd">
  <metadata>
    <name>SG Tenerife : Mt.Teide Long Ride</name>
    <link href="https://ridewithgps.com/routes/47503213">
      <text>SG Tenerife : Mt.Teide Long Ride</text>
    </link>
    <time>2024-07-10T07:45:52Z</time>
  </metadata>
  <trk>
    <name>SG Tenerife : Mt.Teide Long Ride</name>
    <trkseg>
      <trkpt lat="28.05252" lon="-16.71855">
        <ele>34.7</ele>
      </trkpt>
      <trkpt lat="28.05272" lon="-16.71817">
        <ele>32.8</ele>
      </trkpt>
      <trkpt lat="28.05274" lon="-16.717939">
        <ele>29.7</ele>
      </trkpt>
      <trkpt lat="28.05282" lon="-16.717839">
        <ele>29.3</ele>
      </trkpt>
      <trkpt lat="28.05285" lon="-16.71789">
        <ele>30.4</ele>
      </trkpt>
      <trkpt lat="28.0529" lon="-16.71793">
        <ele>31.7</ele>
      </trkpt>
      <trkpt lat="28.05318" lon="-16.718">
        <ele>36.7</ele>
      </trkpt>
      <trkpt lat="28.05336" lon="-16.71811">
        <ele>40.8</ele>
      </trkpt>
      <trkpt lat="28.05345" lon="-16.718139">
        <ele>42.3</ele>
      </trkpt>
      <trkpt lat="28.05355" lon="-16.718129">
        <ele>43.3</ele>
      </trkpt>
      <trkpt lat="28.05392" lon="-16.71799">
        <ele>45.6</ele>
      </trkpt>
      <trkpt lat="28.05388" lon="-16.717939">
        <ele>44.4</ele>
      </trkpt>
      <trkpt lat="28.05372" lon="-16.71751">
        <ele>36.2</ele>
      </trkpt>
      <trkpt lat="28.05367" lon="-16.71743">
        <ele>35.1</ele>
      </trkpt>
      <trkpt lat="28.0531" lon="-16.71697">
        <ele>27.1</ele>
      </trkpt>
      <trkpt lat="28.05303" lon="-16.71688">
        <ele>26.0</ele>
      </trkpt>
      <trkpt lat="28.05302" lon="-16.7168">
        <ele>25.7</ele>
      </trkpt>
      <trkpt lat="28.05303" lon="-16.716729">
        <ele>25.7</ele>
      </trkpt>
      <trkpt lat="28.05316" lon="-16.71652">
        <ele>26.6</ele>
      </trkpt>
      <trkpt lat="28.05327" lon="-16.7164">
        <ele>27.3</ele>
      </trkpt>
      <trkpt lat="28.05349" lon="-16.71627">
        <ele>27.6</ele>
      </trkpt>
      <trkpt lat="28.05382" lon="-16.71621">
        <ele>28.1</ele>
      </trkpt>
      <trkpt lat="28.054" lon="-16.716159">
        <ele>28.3</ele>
      </trkpt>
      <trkpt lat="28.05416" lon="-16.7161">
        <ele>28.2</ele>
      </trkpt>
      <trkpt lat="28.05423" lon="-16.71603">
        <ele>27.4</ele>
      </trkpt>
      <trkpt lat="28.0543" lon="-16.71591">
        <ele>26.2</ele>
      </trkpt>
      <trkpt lat="28.05435" lon="-16.71577">
        <ele>25.0</ele>
      </trkpt>
      <trkpt lat="28.05435" lon="-16.71562">
        <ele>24.3</ele>
      </trkpt>
      <trkpt lat="28.0543" lon="-16.715499">
        <ele>23.8</ele>
      </trkpt>
      <trkpt lat="28.05383" lon="-16.7152">
        <ele>21.1</ele>
      </trkpt>
      <trkpt lat="28.05393" lon="-16.71498">
        <ele>20.2</ele>
      </trkpt>
      <trkpt lat="28.05404" lon="-16.71491">
        <ele>20.6</ele>
      </trkpt>
      <trkpt lat="28.05462" lon="-16.714739">
        <ele>23.4</ele>
      </trkpt>
      <trkpt lat="28.05444" lon="-16.71405">
        <ele>24.8</ele>
      </trkpt>
      <trkpt lat="28.05384" lon="-16.71423">
        <ele>20.4</ele>
      </trkpt>
      <trkpt lat="28.05374" lon="-16.71423">
        <ele>19.9</ele>
      </trkpt>
      <trkpt lat="28.05366" lon="-16.714189">
        <ele>19.6</ele>
      </trkpt>
      <trkpt lat="28.05359" lon="-16.71415">
        <ele>19.3</ele>
      </trkpt>
      <trkpt lat="28.05358" lon="-16.714099">
        <ele>19.5</ele>
      </trkpt>
      <trkpt lat="28.0536" lon="-16.714009">
        <ele>20.1</ele>
      </trkpt>
      <trkpt lat="28.05371" lon="-16.71396">
        <ele>20.8</ele>
      </trkpt>
      <trkpt lat="28.05445" lon="-16.71373">
        <ele>25.4</ele>
      </trkpt>
      <trkpt lat="28.0552" lon="-16.7135">
        <ele>27.5</ele>
      </trkpt>
      <trkpt lat="28.0552" lon="-16.7135">
        <ele>27.5</ele>
      </trkpt>
      <trkpt lat="28.05567" lon="-16.71337">
        <ele>25.6</ele>
      </trkpt>
      <trkpt lat="28.05555" lon="-16.712869">
        <ele>25.8</ele>
      </trkpt>
      <trkpt lat="28.05543" lon="-16.71237">
        <ele>26.1</ele>
      </trkpt>
      <trkpt lat="28.0554" lon="-16.712319">
        <ele>26.2</ele>
      </trkpt>
      <trkpt lat="28.0553" lon="-16.71219">
        <ele>26.7</ele>
      </trkpt>
      <trkpt lat="28.05526" lon="-16.71211">
        <ele>27.0</ele>
      </trkpt>
      <trkpt lat="28.05525" lon="-16.712">
        <ele>27.5</ele>
      </trkpt>
      <trkpt lat="28.05527" lon="-16.71191">
        <ele>27.9</ele>
      </trkpt>
      <trkpt lat="28.05533" lon="-16.71179">
        <ele>28.5</ele>
      </trkpt>
      <trkpt lat="28.05542" lon="-16.71171">
        <ele>28.8</ele>
      </trkpt>
      <trkpt lat="28.05551" lon="-16.71167">
        <ele>29.0</ele>
      </trkpt>
      <trkpt lat="28.05563" lon="-16.71168">
        <ele>28.9</ele>
      </trkpt>
      <trkpt lat="28.05572" lon="-16.71172">
        <ele>28.8</ele>
      </trkpt>
      <trkpt lat="28.0558" lon="-16.71179">
        <ele>28.6</ele>
      </trkpt>
      <trkpt lat="28.05587" lon="-16.71183">
        <ele>28.5</ele>
      </trkpt>
      <trkpt lat="28.05595" lon="-16.71183">
        <ele>28.8</ele>
      </trkpt>
      <trkpt lat="28.05672" lon="-16.71161">
        <ele>32.5</ele>
      </trkpt>
      <trkpt lat="28.05682" lon="-16.71153">
        <ele>33.2</ele>
      </trkpt>
      <trkpt lat="28.05703" lon="-16.71145">
        <ele>34.0</ele>
      </trkpt>
      <trkpt lat="28.05789" lon="-16.7112">
        <ele>37.1</ele>
      </trkpt>
      <trkpt lat="28.05852" lon="-16.71102">
        <ele>40.2</ele>
      </trkpt>
      <trkpt lat="28.05915" lon="-16.71084">
        <ele>43.9</ele>
      </trkpt>
      <trkpt lat="28.05934" lon="-16.710799">
        <ele>45.4</ele>
      </trkpt>
      <trkpt lat="28.05973" lon="-16.71078">
        <ele>48.3</ele>
      </trkpt>
      <trkpt lat="28.05993" lon="-16.710799">
        <ele>49.7</ele>
      </trkpt>
      <trkpt lat="28.06052" lon="-16.71092">
        <ele>55.5</ele>
      </trkpt>
      <trkpt lat="28.06093" lon="-16.71101">
        <ele>58.9</ele>
      </trkpt>
      <trkpt lat="28.06106" lon="-16.71102">
        <ele>59.6</ele>
      </trkpt>
      <trkpt lat="28.06159" lon="-16.710989">
        <ele>63.0</ele>
      </trkpt>
      <trkpt lat="28.06212" lon="-16.71096">
        <ele>68.0</ele>
      </trkpt>
      <trkpt lat="28.06224" lon="-16.71095">
        <ele>69.2</ele>
      </trkpt>
      <trkpt lat="28.06234" lon="-16.71097">
        <ele>69.9</ele>
      </trkpt>
      <trkpt lat="28.0624" lon="-16.710989">
        <ele>70.2</ele>
      </trkpt>
      <trkpt lat="28.06266" lon="-16.71096">
        <ele>72.2</ele>
      </trkpt>
      <trkpt lat="28.06288" lon="-16.71084">
        <ele>74.3</ele>
      </trkpt>
      <trkpt lat="28.06342" lon="-16.71087">
        <ele>77.1</ele>
      </trkpt>
      <trkpt lat="28.06409" lon="-16.71074">
        <ele>87.8</ele>
      </trkpt>
      <trkpt lat="28.06438" lon="-16.71073">
        <ele>91.4</ele>
      </trkpt>
      <trkpt lat="28.06449" lon="-16.71076">
        <ele>92.3</ele>
      </trkpt>
      <trkpt lat="28.06471" lon="-16.71084">
        <ele>93.8</ele>
      </trkpt>
      <trkpt lat="28.0648" lon="-16.710899">
        <ele>94.6</ele>
      </trkpt>
      <trkpt lat="28.06493" lon="-16.71098">
        <ele>95.7</ele>
      </trkpt>
      <trkpt lat="28.06513" lon="-16.711179">
        <ele>98.0</ele>
      </trkpt>
      <trkpt lat="28.06541" lon="-16.71162">
        <ele>99.7</ele>
      </trkpt>
      <trkpt lat="28.06569" lon="-16.71206">
        <ele>101.3</ele>
      </trkpt>
      <trkpt lat="28.06581" lon="-16.71219">
        <ele>102.2</ele>
      </trkpt>
      <trkpt lat="28.06624" lon="-16.71261">
        <ele>104.0</ele>
      </trkpt>
      <trkpt lat="28.06638" lon="-16.71272">
        <ele>104.6</ele>
      </trkpt>
      <trkpt lat="28.06661" lon="-16.71285">
        <ele>105.9</ele>
      </trkpt>
      <trkpt lat="28.06685" lon="-16.71295">
        <ele>107.2</ele>
      </trkpt>
      <trkpt lat="28.06727" lon="-16.713059">
        <ele>109.6</ele>
      </trkpt>
      <trkpt lat="28.06752" lon="-16.71308">
        <ele>111.3</ele>
      </trkpt>
      <trkpt lat="28.06777" lon="-16.71308">
        <ele>113.8</ele>
      </trkpt>
      <trkpt lat="28.068" lon="-16.71305">
        <ele>116.2</ele>
      </trkpt>
      <trkpt lat="28.06822" lon="-16.713">
        <ele>118.5</ele>
      </trkpt>
      <trkpt lat="28.06861" lon="-16.71286">
        <ele>120.6</ele>
      </trkpt>
      <trkpt lat="28.06898" lon="-16.71263">
        <ele>123.1</ele>
      </trkpt>
      <trkpt lat="28.06916" lon="-16.712489">
        <ele>125.1</ele>
      </trkpt>
      <trkpt lat="28.06935" lon="-16.712309">
        <ele>126.3</ele>
      </trkpt>
      <trkpt lat="28.06953" lon="-16.7121">
        <ele>128.2</ele>
      </trkpt>
      <trkpt lat="28.0697" lon="-16.711839">
        <ele>131.1</ele>
      </trkpt>
      <trkpt lat="28.06983" lon="-16.71161">
        <ele>133.8</ele>
      </trkpt>
      <trkpt lat="28.06994" lon="-16.71136">
        <ele>136.4</ele>
      </trkpt>
      <trkpt lat="28.07003" lon="-16.711089">
        <ele>139.0</ele>
      </trkpt>
      <trkpt lat="28.07011" lon="-16.7107">
        <ele>142.0</ele>
      </trkpt>
      <trkpt lat="28.07014" lon="-16.71032">
        <ele>144.2</ele>
      </trkpt>
      <trkpt lat="28.07015" lon="-16.70954">
        <ele>148.9</ele>
      </trkpt>
      <trkpt lat="28.07015" lon="-16.70877">
        <ele>153.4</ele>
      </trkpt>
      <trkpt lat="28.07016" lon="-16.707989">
        <ele>158.0</ele>
      </trkpt>
      <trkpt lat="28.0702" lon="-16.70756">
        <ele>160.2</ele>
      </trkpt>
      <trkpt lat="28.07024" lon="-16.70732">
        <ele>162.4</ele>
      </trkpt>
      <trkpt lat="28.0703" lon="-16.70709">
        <ele>164.7</ele>
      </trkpt>
      <trkpt lat="28.07062" lon="-16.70615">
        <ele>170.8</ele>
      </trkpt>
      <trkpt lat="28.07069" lon="-16.70587">
        <ele>172.1</ele>
      </trkpt>
      <trkpt lat="28.07077" lon="-16.70542">
        <ele>174.0</ele>
      </trkpt>
      <trkpt lat="28.07077" lon="-16.70494">
        <ele>176.6</ele>
      </trkpt>
      <trkpt lat="28.07074" lon="-16.704609">
        <ele>177.8</ele>
      </trkpt>
      <trkpt lat="28.07064" lon="-16.704139">
        <ele>180.5</ele>
      </trkpt>
      <trkpt lat="28.07046" lon="-16.70323">
        <ele>186.0</ele>
      </trkpt>
      <trkpt lat="28.07029" lon="-16.70231">
        <ele>193.7</ele>
      </trkpt>
      <trkpt lat="28.07026" lon="-16.701989">
        <ele>195.2</ele>
      </trkpt>
      <trkpt lat="28.07024" lon="-16.701329">
        <ele>198.2</ele>
      </trkpt>
      <trkpt lat="28.07027" lon="-16.701">
        <ele>199.9</ele>
      </trkpt>
      <trkpt lat="28.07031" lon="-16.70078">
        <ele>201.2</ele>
      </trkpt>
      <trkpt lat="28.0704" lon="-16.70034">
        <ele>203.4</ele>
      </trkpt>
      <trkpt lat="28.07047" lon="-16.700119">
        <ele>204.5</ele>
      </trkpt>
      <trkpt lat="28.07078" lon="-16.6994">
        <ele>212.4</ele>
      </trkpt>
      <trkpt lat="28.07111" lon="-16.69881">
        <ele>216.7</ele>
      </trkpt>
      <trkpt lat="28.07146" lon="-16.69819">
        <ele>221.5</ele>
      </trkpt>
      <trkpt lat="28.07182" lon="-16.697579">
        <ele>228.5</ele>
      </trkpt>
      <trkpt lat="28.07217" lon="-16.69696">
        <ele>233.4</ele>
      </trkpt>
      <trkpt lat="28.07227" lon="-16.69677">
        <ele>234.5</ele>
      </trkpt>
      <trkpt lat="28.07234" lon="-16.69653">
        <ele>235.2</ele>
      </trkpt>
      <trkpt lat="28.07238" lon="-16.69628">
        <ele>235.7</ele>
      </trkpt>
      <trkpt lat="28.07238" lon="-16.69606">
        <ele>235.6</ele>
      </trkpt>
      <trkpt lat="28.07235" lon="-16.69576">
        <ele>235.8</ele>
      </trkpt>
      <trkpt lat="28.07223" lon="-16.69509">
        <ele>241.7</ele>
      </trkpt>
      <trkpt lat="28.07217" lon="-16.694859">
        <ele>243.8</ele>
      </trkpt>
      <trkpt lat="28.0722" lon="-16.694849">
        <ele>244.2</ele>
      </trkpt>
      <trkpt lat="28.07203" lon="-16.694019">
        <ele>250.3</ele>
      </trkpt>
      <trkpt lat="28.07202" lon="-16.69394">
        <ele>250.4</ele>
      </trkpt>
      <trkpt lat="28.07195" lon="-16.69352">
        <ele>250.3</ele>
      </trkpt>
      <trkpt lat="28.07193" lon="-16.693259">
        <ele>250.6</ele>
      </trkpt>
      <trkpt lat="28.07195" lon="-16.69305">
        <ele>251.9</ele>
      </trkpt>
      <trkpt lat="28.07196" lon="-16.69302">
        <ele>252.3</ele>
      </trkpt>
      <trkpt lat="28.072" lon="-16.69285">
        <ele>253.9</ele>
      </trkpt>
      <trkpt lat="28.07201" lon="-16.692799">
        <ele>254.3</ele>
      </trkpt>
      <trkpt lat="28.07205" lon="-16.692689">
        <ele>255.6</ele>
      </trkpt>
      <trkpt lat="28.07216" lon="-16.69249">
        <ele>258.6</ele>
      </trkpt>
      <trkpt lat="28.07226" lon="-16.69237">
        <ele>259.9</ele>
      </trkpt>
      <trkpt lat="28.07236" lon="-16.69224">
        <ele>261.0</ele>
      </trkpt>
      <trkpt lat="28.07242" lon="-16.69219">
        <ele>261.8</ele>
      </trkpt>
      <trkpt lat="28.07247" lon="-16.692139">
        <ele>262.4</ele>
      </trkpt>
      <trkpt lat="28.07256" lon="-16.69207">
        <ele>262.9</ele>
      </trkpt>
      <trkpt lat="28.07256" lon="-16.69206">
        <ele>262.9</ele>
      </trkpt>
      <trkpt lat="28.07275" lon="-16.691939">
        <ele>263.7</ele>
      </trkpt>
      <trkpt lat="28.07293" lon="-16.69183">
        <ele>264.7</ele>
      </trkpt>
      <trkpt lat="28.07307" lon="-16.69174">
        <ele>265.6</ele>
      </trkpt>
      <trkpt lat="28.07348" lon="-16.691479">
        <ele>269.4</ele>
      </trkpt>
      <trkpt lat="28.07359" lon="-16.691389">
        <ele>270.4</ele>
      </trkpt>
      <trkpt lat="28.07362" lon="-16.69135">
        <ele>270.7</ele>
      </trkpt>
      <trkpt lat="28.07369" lon="-16.69127">
        <ele>271.4</ele>
      </trkpt>
      <trkpt lat="28.07369" lon="-16.69126">
        <ele>271.4</ele>
      </trkpt>
      <trkpt lat="28.07377" lon="-16.691099">
        <ele>272.0</ele>
      </trkpt>
      <trkpt lat="28.07383" lon="-16.69089">
        <ele>272.4</ele>
      </trkpt>
      <trkpt lat="28.07389" lon="-16.690539">
        <ele>273.7</ele>
      </trkpt>
      <trkpt lat="28.0739" lon="-16.69043">
        <ele>274.1</ele>
      </trkpt>
      <trkpt lat="28.07395" lon="-16.690069">
        <ele>275.3</ele>
      </trkpt>
      <trkpt lat="28.07398" lon="-16.68987">
        <ele>276.5</ele>
      </trkpt>
      <trkpt lat="28.074" lon="-16.68967">
        <ele>277.9</ele>
      </trkpt>
      <trkpt lat="28.07402" lon="-16.68952">
        <ele>279.0</ele>
      </trkpt>
      <trkpt lat="28.07406" lon="-16.68933">
        <ele>280.6</ele>
      </trkpt>
      <trkpt lat="28.07414" lon="-16.68918">
        <ele>282.6</ele>
      </trkpt>
      <trkpt lat="28.07419" lon="-16.68911">
        <ele>283.2</ele>
      </trkpt>
      <trkpt lat="28.07421" lon="-16.68909">
        <ele>283.5</ele>
      </trkpt>
      <trkpt lat="28.07437" lon="-16.68891">
        <ele>285.3</ele>
      </trkpt>
      <trkpt lat="28.07445" lon="-16.68883">
        <ele>286.2</ele>
      </trkpt>
      <trkpt lat="28.07446" lon="-16.68882">
        <ele>286.3</ele>
      </trkpt>
      <trkpt lat="28.07451" lon="-16.68878">
        <ele>286.9</ele>
      </trkpt>
      <trkpt lat="28.07456" lon="-16.688749">
        <ele>287.5</ele>
      </trkpt>
      <trkpt lat="28.0746" lon="-16.68872">
        <ele>287.9</ele>
      </trkpt>
      <trkpt lat="28.07465" lon="-16.68869">
        <ele>288.5</ele>
      </trkpt>
      <trkpt lat="28.07476" lon="-16.68863">
        <ele>289.7</ele>
      </trkpt>
      <trkpt lat="28.07479" lon="-16.68861">
        <ele>290.1</ele>
      </trkpt>
      <trkpt lat="28.07528" lon="-16.68842">
        <ele>295.2</ele>
      </trkpt>
      <trkpt lat="28.07545" lon="-16.68833">
        <ele>296.9</ele>
      </trkpt>
      <trkpt lat="28.07556" lon="-16.68827">
        <ele>297.9</ele>
      </trkpt>
      <trkpt lat="28.07565" lon="-16.68821">
        <ele>298.6</ele>
      </trkpt>
      <trkpt lat="28.07572" lon="-16.68816">
        <ele>299.2</ele>
      </trkpt>
      <trkpt lat="28.07579" lon="-16.688089">
        <ele>299.7</ele>
      </trkpt>
      <trkpt lat="28.07588" lon="-16.688009">
        <ele>300.2</ele>
      </trkpt>
      <trkpt lat="28.07598" lon="-16.687899">
        <ele>300.6</ele>
      </trkpt>
      <trkpt lat="28.07599" lon="-16.68788">
        <ele>300.6</ele>
      </trkpt>
      <trkpt lat="28.07606" lon="-16.687809">
        <ele>301.1</ele>
      </trkpt>
      <trkpt lat="28.0762" lon="-16.687619">
        <ele>302.1</ele>
      </trkpt>
      <trkpt lat="28.0763" lon="-16.68749">
        <ele>303.1</ele>
      </trkpt>
      <trkpt lat="28.07646" lon="-16.687259">
        <ele>305.3</ele>
      </trkpt>
      <trkpt lat="28.07655" lon="-16.68713">
        <ele>306.8</ele>
      </trkpt>
      <trkpt lat="28.07692" lon="-16.68666">
        <ele>313.0</ele>
      </trkpt>
      <trkpt lat="28.07706" lon="-16.68647">
        <ele>313.3</ele>
      </trkpt>
      <trkpt lat="28.07708" lon="-16.68645">
        <ele>313.4</ele>
      </trkpt>
      <trkpt lat="28.07737" lon="-16.6861">
        <ele>314.4</ele>
      </trkpt>
      <trkpt lat="28.07788" lon="-16.68544">
        <ele>318.9</ele>
      </trkpt>
      <trkpt lat="28.07807" lon="-16.685199">
        <ele>321.1</ele>
      </trkpt>
      <trkpt lat="28.07832" lon="-16.68489">
        <ele>324.2</ele>
      </trkpt>
      <trkpt lat="28.0784" lon="-16.68478">
        <ele>325.0</ele>
      </trkpt>
      <trkpt lat="28.0785" lon="-16.68464">
        <ele>326.1</ele>
      </trkpt>
      <trkpt lat="28.07867" lon="-16.6844">
        <ele>328.2</ele>
      </trkpt>
      <trkpt lat="28.07871" lon="-16.684339">
        <ele>328.8</ele>
      </trkpt>
      <trkpt lat="28.0788" lon="-16.68419">
        <ele>330.0</ele>
      </trkpt>
      <trkpt lat="28.07883" lon="-16.68413">
        <ele>330.9</ele>
      </trkpt>
      <trkpt lat="28.07885" lon="-16.684069">
        <ele>331.9</ele>
      </trkpt>
      <trkpt lat="28.0789" lon="-16.68395">
        <ele>333.9</ele>
      </trkpt>
      <trkpt lat="28.07895" lon="-16.68375">
        <ele>336.4</ele>
      </trkpt>
      <trkpt lat="28.07896" lon="-16.68364">
        <ele>337.4</ele>
      </trkpt>
      <trkpt lat="28.07897" lon="-16.68356">
        <ele>338.2</ele>
      </trkpt>
      <trkpt lat="28.07897" lon="-16.68355">
        <ele>338.3</ele>
      </trkpt>
      <trkpt lat="28.07896" lon="-16.68345">
        <ele>339.0</ele>
      </trkpt>
      <trkpt lat="28.07896" lon="-16.68343">
        <ele>339.2</ele>
      </trkpt>
      <trkpt lat="28.07896" lon="-16.68334">
        <ele>340.0</ele>
      </trkpt>
      <trkpt lat="28.07895" lon="-16.68333">
        <ele>340.0</ele>
      </trkpt>
      <trkpt lat="28.07892" lon="-16.68314">
        <ele>341.1</ele>
      </trkpt>
      <trkpt lat="28.07887" lon="-16.68299">
        <ele>341.9</ele>
      </trkpt>
      <trkpt lat="28.0788" lon="-16.68292">
        <ele>342.2</ele>
      </trkpt>
      <trkpt lat="28.0787" lon="-16.68272">
        <ele>343.3</ele>
      </trkpt>
      <trkpt lat="28.0787" lon="-16.68272">
        <ele>343.3</ele>
      </trkpt>
      <trkpt lat="28.07869" lon="-16.68272">
        <ele>343.2</ele>
      </trkpt>
      <trkpt lat="28.07868" lon="-16.68272">
        <ele>343.2</ele>
      </trkpt>
      <trkpt lat="28.07867" lon="-16.68272">
        <ele>343.2</ele>
      </trkpt>
      <trkpt lat="28.07866" lon="-16.68272">
        <ele>343.1</ele>
      </trkpt>
      <trkpt lat="28.07865" lon="-16.68272">
        <ele>343.1</ele>
      </trkpt>
      <trkpt lat="28.07865" lon="-16.68271">
        <ele>343.2</ele>
      </trkpt>
      <trkpt lat="28.07864" lon="-16.68271">
        <ele>343.2</ele>
      </trkpt>
      <trkpt lat="28.07863" lon="-16.68271">
        <ele>343.1</ele>
      </trkpt>
      <trkpt lat="28.07863" lon="-16.6827">
        <ele>343.2</ele>
      </trkpt>
      <trkpt lat="28.07862" lon="-16.6827">
        <ele>343.2</ele>
      </trkpt>
      <trkpt lat="28.07861" lon="-16.68269">
        <ele>343.2</ele>
      </trkpt>
      <trkpt lat="28.0786" lon="-16.68268">
        <ele>343.3</ele>
      </trkpt>
      <trkpt lat="28.0786" lon="-16.68267">
        <ele>343.3</ele>
      </trkpt>
      <trkpt lat="28.07859" lon="-16.68267">
        <ele>343.3</ele>
      </trkpt>
      <trkpt lat="28.07859" lon="-16.682659">
        <ele>343.4</ele>
      </trkpt>
      <trkpt lat="28.07858" lon="-16.682649">
        <ele>343.4</ele>
      </trkpt>
      <trkpt lat="28.07858" lon="-16.68264">
        <ele>343.5</ele>
      </trkpt>
      <trkpt lat="28.07857" lon="-16.68263">
        <ele>343.6</ele>
      </trkpt>
      <trkpt lat="28.07857" lon="-16.68262">
        <ele>343.6</ele>
      </trkpt>
      <trkpt lat="28.07857" lon="-16.68261">
        <ele>343.7</ele>
      </trkpt>
      <trkpt lat="28.07857" lon="-16.6826">
        <ele>343.8</ele>
      </trkpt>
      <trkpt lat="28.07857" lon="-16.68259">
        <ele>343.9</ele>
      </trkpt>
      <trkpt lat="28.07857" lon="-16.68258">
        <ele>344.0</ele>
      </trkpt>
      <trkpt lat="28.07857" lon="-16.682569">
        <ele>344.0</ele>
      </trkpt>
      <trkpt lat="28.07857" lon="-16.682559">
        <ele>344.1</ele>
      </trkpt>
      <trkpt lat="28.07857" lon="-16.68255">
        <ele>344.2</ele>
      </trkpt>
      <trkpt lat="28.07857" lon="-16.68254">
        <ele>344.3</ele>
      </trkpt>
      <trkpt lat="28.07858" lon="-16.68253">
        <ele>344.4</ele>
      </trkpt>
      <trkpt lat="28.07858" lon="-16.68252">
        <ele>344.4</ele>
      </trkpt>
      <trkpt lat="28.07859" lon="-16.68251">
        <ele>344.5</ele>
      </trkpt>
      <trkpt lat="28.07859" lon="-16.6825">
        <ele>344.6</ele>
      </trkpt>
      <trkpt lat="28.0786" lon="-16.68249">
        <ele>344.7</ele>
      </trkpt>
      <trkpt lat="28.0786" lon="-16.68248">
        <ele>344.7</ele>
      </trkpt>
      <trkpt lat="28.07861" lon="-16.68248">
        <ele>344.8</ele>
      </trkpt>
      <trkpt lat="28.07861" lon="-16.682469">
        <ele>344.8</ele>
      </trkpt>
      <trkpt lat="28.07862" lon="-16.682469">
        <ele>344.8</ele>
      </trkpt>
      <trkpt lat="28.07862" lon="-16.682459">
        <ele>344.9</ele>
      </trkpt>
      <trkpt lat="28.07863" lon="-16.682459">
        <ele>344.9</ele>
      </trkpt>
      <trkpt lat="28.07864" lon="-16.682459">
        <ele>345.0</ele>
      </trkpt>
      <trkpt lat="28.07864" lon="-16.68245">
        <ele>345.0</ele>
      </trkpt>
      <trkpt lat="28.07865" lon="-16.68245">
        <ele>345.0</ele>
      </trkpt>
      <trkpt lat="28.07866" lon="-16.68245">
        <ele>345.1</ele>
      </trkpt>
      <trkpt lat="28.07867" lon="-16.68244">
        <ele>345.1</ele>
      </trkpt>
      <trkpt lat="28.07868" lon="-16.68244">
        <ele>345.2</ele>
      </trkpt>
      <trkpt lat="28.07869" lon="-16.68244">
        <ele>345.2</ele>
      </trkpt>
      <trkpt lat="28.0787" lon="-16.68244">
        <ele>345.2</ele>
      </trkpt>
      <trkpt lat="28.07871" lon="-16.68244">
        <ele>345.3</ele>
      </trkpt>
      <trkpt lat="28.07871" lon="-16.68245">
        <ele>345.2</ele>
      </trkpt>
      <trkpt lat="28.07872" lon="-16.68245">
        <ele>345.2</ele>
      </trkpt>
      <trkpt lat="28.07873" lon="-16.68245">
        <ele>345.2</ele>
      </trkpt>
      <trkpt lat="28.07874" lon="-16.68245">
        <ele>345.3</ele>
      </trkpt>
      <trkpt lat="28.07874" lon="-16.682459">
        <ele>345.2</ele>
      </trkpt>
      <trkpt lat="28.07875" lon="-16.682459">
        <ele>345.2</ele>
      </trkpt>
      <trkpt lat="28.07876" lon="-16.682469">
        <ele>345.2</ele>
      </trkpt>
      <trkpt lat="28.07877" lon="-16.682469">
        <ele>345.2</ele>
      </trkpt>
      <trkpt lat="28.07877" lon="-16.68248">
        <ele>345.2</ele>
      </trkpt>
      <trkpt lat="28.07883" lon="-16.68243">
        <ele>345.6</ele>
      </trkpt>
      <trkpt lat="28.07891" lon="-16.682369">
        <ele>346.3</ele>
      </trkpt>
      <trkpt lat="28.07892" lon="-16.682369">
        <ele>346.3</ele>
      </trkpt>
      <trkpt lat="28.07894" lon="-16.68236">
        <ele>346.5</ele>
      </trkpt>
      <trkpt lat="28.07898" lon="-16.68233">
        <ele>346.8</ele>
      </trkpt>
      <trkpt lat="28.07906" lon="-16.68234">
        <ele>347.0</ele>
      </trkpt>
      <trkpt lat="28.07912" lon="-16.682289">
        <ele>347.6</ele>
      </trkpt>
      <trkpt lat="28.07913" lon="-16.682289">
        <ele>347.6</ele>
      </trkpt>
      <trkpt lat="28.07914" lon="-16.682279">
        <ele>347.8</ele>
      </trkpt>
      <trkpt lat="28.07922" lon="-16.68224">
        <ele>348.6</ele>
      </trkpt>
      <trkpt lat="28.07927" lon="-16.68223">
        <ele>349.1</ele>
      </trkpt>
      <trkpt lat="28.07935" lon="-16.68222">
        <ele>349.8</ele>
      </trkpt>
      <trkpt lat="28.07944" lon="-16.68221">
        <ele>350.6</ele>
      </trkpt>
      <trkpt lat="28.07947" lon="-16.68222">
        <ele>350.8</ele>
      </trkpt>
      <trkpt lat="28.07953" lon="-16.68223">
        <ele>351.2</ele>
      </trkpt>
      <trkpt lat="28.07957" lon="-16.68224">
        <ele>351.4</ele>
      </trkpt>
      <trkpt lat="28.07968" lon="-16.682269">
        <ele>352.1</ele>
      </trkpt>
      <trkpt lat="28.0797" lon="-16.682279">
        <ele>352.2</ele>
      </trkpt>
      <trkpt lat="28.07981" lon="-16.68232">
        <ele>352.8</ele>
      </trkpt>
      <trkpt lat="28.07988" lon="-16.682369">
        <ele>353.0</ele>
      </trkpt>
      <trkpt lat="28.07994" lon="-16.68241">
        <ele>353.2</ele>
      </trkpt>
      <trkpt lat="28.07999" lon="-16.68245">
        <ele>353.3</ele>
      </trkpt>
      <trkpt lat="28.08006" lon="-16.68253">
        <ele>353.8</ele>
      </trkpt>
      <trkpt lat="28.08018" lon="-16.6828">
        <ele>354.4</ele>
      </trkpt>
      <trkpt lat="28.08036" lon="-16.68315">
        <ele>355.5</ele>
      </trkpt>
      <trkpt lat="28.08044" lon="-16.68328">
        <ele>356.1</ele>
      </trkpt>
      <trkpt lat="28.08049" lon="-16.68336">
        <ele>356.6</ele>
      </trkpt>
      <trkpt lat="28.0805" lon="-16.68337">
        <ele>356.7</ele>
      </trkpt>
      <trkpt lat="28.08053" lon="-16.683399">
        <ele>357.0</ele>
      </trkpt>
      <trkpt lat="28.0806" lon="-16.68345">
        <ele>357.9</ele>
      </trkpt>
      <trkpt lat="28.08065" lon="-16.683489">
        <ele>358.5</ele>
      </trkpt>
      <trkpt lat="28.08068" lon="-16.683509">
        <ele>358.8</ele>
      </trkpt>
      <trkpt lat="28.08076" lon="-16.68355">
        <ele>359.7</ele>
      </trkpt>
      <trkpt lat="28.08083" lon="-16.68358">
        <ele>360.5</ele>
      </trkpt>
      <trkpt lat="28.0809" lon="-16.683599">
        <ele>361.1</ele>
      </trkpt>
      <trkpt lat="28.08103" lon="-16.68362">
        <ele>362.2</ele>
      </trkpt>
      <trkpt lat="28.08109" lon="-16.68363">
        <ele>362.8</ele>
      </trkpt>
      <trkpt lat="28.08115" lon="-16.68364">
        <ele>363.3</ele>
      </trkpt>
      <trkpt lat="28.08123" lon="-16.68365">
        <ele>364.0</ele>
      </trkpt>
      <trkpt lat="28.08134" lon="-16.68366">
        <ele>365.0</ele>
      </trkpt>
      <trkpt lat="28.08146" lon="-16.68367">
        <ele>366.1</ele>
      </trkpt>
      <trkpt lat="28.08152" lon="-16.683679">
        <ele>366.7</ele>
      </trkpt>
      <trkpt lat="28.08183" lon="-16.6837">
        <ele>369.6</ele>
      </trkpt>
      <trkpt lat="28.08187" lon="-16.68371">
        <ele>369.9</ele>
      </trkpt>
      <trkpt lat="28.08194" lon="-16.68371">
        <ele>370.6</ele>
      </trkpt>
      <trkpt lat="28.08198" lon="-16.68372">
        <ele>370.9</ele>
      </trkpt>
      <trkpt lat="28.08203" lon="-16.68373">
        <ele>371.3</ele>
      </trkpt>
      <trkpt lat="28.08212" lon="-16.68375">
        <ele>372.1</ele>
      </trkpt>
      <trkpt lat="28.0822" lon="-16.68377">
        <ele>372.8</ele>
      </trkpt>
      <trkpt lat="28.08224" lon="-16.683779">
        <ele>373.2</ele>
      </trkpt>
      <trkpt lat="28.08225" lon="-16.683779">
        <ele>373.3</ele>
      </trkpt>
      <trkpt lat="28.08229" lon="-16.6838">
        <ele>373.6</ele>
      </trkpt>
      <trkpt lat="28.08234" lon="-16.68383">
        <ele>373.9</ele>
      </trkpt>
      <trkpt lat="28.08241" lon="-16.683869">
        <ele>374.5</ele>
      </trkpt>
      <trkpt lat="28.08246" lon="-16.68391">
        <ele>374.8</ele>
      </trkpt>
      <trkpt lat="28.08251" lon="-16.683969">
        <ele>375.1</ele>
      </trkpt>
      <trkpt lat="28.08254" lon="-16.68401">
        <ele>375.3</ele>
      </trkpt>
      <trkpt lat="28.08257" lon="-16.684059">
        <ele>375.5</ele>
      </trkpt>
      <trkpt lat="28.08259" lon="-16.68409">
        <ele>375.7</ele>
      </trkpt>
      <trkpt lat="28.08262" lon="-16.68413">
        <ele>375.9</ele>
      </trkpt>
      <trkpt lat="28.08264" lon="-16.6842">
        <ele>376.5</ele>
      </trkpt>
      <trkpt lat="28.08266" lon="-16.684249">
        <ele>377.4</ele>
      </trkpt>
      <trkpt lat="28.08268" lon="-16.68432">
        <ele>378.6</ele>
      </trkpt>
      <trkpt lat="28.08268" lon="-16.68437">
        <ele>379.3</ele>
      </trkpt>
      <trkpt lat="28.08269" lon="-16.684439">
        <ele>380.3</ele>
      </trkpt>
      <trkpt lat="28.08268" lon="-16.68451">
        <ele>381.1</ele>
      </trkpt>
      <trkpt lat="28.08268" lon="-16.68458">
        <ele>382.0</ele>
      </trkpt>
      <trkpt lat="28.08268" lon="-16.68464">
        <ele>382.8</ele>
      </trkpt>
      <trkpt lat="28.08268" lon="-16.68466">
        <ele>383.1</ele>
      </trkpt>
      <trkpt lat="28.08266" lon="-16.68475">
        <ele>384.0</ele>
      </trkpt>
      <trkpt lat="28.08266" lon="-16.68483">
        <ele>385.1</ele>
      </trkpt>
      <trkpt lat="28.08265" lon="-16.68488">
        <ele>385.6</ele>
      </trkpt>
      <trkpt lat="28.08263" lon="-16.68494">
        <ele>386.1</ele>
      </trkpt>
      <trkpt lat="28.08262" lon="-16.685009">
        <ele>386.8</ele>
      </trkpt>
      <trkpt lat="28.08259" lon="-16.68512">
        <ele>387.2</ele>
      </trkpt>
      <trkpt lat="28.08257" lon="-16.68522">
        <ele>387.6</ele>
      </trkpt>
      <trkpt lat="28.08254" lon="-16.6853">
        <ele>387.8</ele>
      </trkpt>
      <trkpt lat="28.08253" lon="-16.685369">
        <ele>388.1</ele>
      </trkpt>
      <trkpt lat="28.08252" lon="-16.6854">
        <ele>388.2</ele>
      </trkpt>
      <trkpt lat="28.08251" lon="-16.68545">
        <ele>388.4</ele>
      </trkpt>
      <trkpt lat="28.0825" lon="-16.68554">
        <ele>388.9</ele>
      </trkpt>
      <trkpt lat="28.08249" lon="-16.68561">
        <ele>389.3</ele>
      </trkpt>
      <trkpt lat="28.08249" lon="-16.68574">
        <ele>390.2</ele>
      </trkpt>
      <trkpt lat="28.08249" lon="-16.68589">
        <ele>391.1</ele>
      </trkpt>
      <trkpt lat="28.08249" lon="-16.68601">
        <ele>391.5</ele>
      </trkpt>
      <trkpt lat="28.08249" lon="-16.6861">
        <ele>391.9</ele>
      </trkpt>
      <trkpt lat="28.08249" lon="-16.6862">
        <ele>392.2</ele>
      </trkpt>
      <trkpt lat="28.08251" lon="-16.68635">
        <ele>393.0</ele>
      </trkpt>
      <trkpt lat="28.08251" lon="-16.68637">
        <ele>393.1</ele>
      </trkpt>
      <trkpt lat="28.08253" lon="-16.686499">
        <ele>393.8</ele>
      </trkpt>
      <trkpt lat="28.08255" lon="-16.68656">
        <ele>394.3</ele>
      </trkpt>
      <trkpt lat="28.08259" lon="-16.68666">
        <ele>395.2</ele>
      </trkpt>
      <trkpt lat="28.0826" lon="-16.686689">
        <ele>395.3</ele>
      </trkpt>
      <trkpt lat="28.08265" lon="-16.68681">
        <ele>396.0</ele>
      </trkpt>
      <trkpt lat="28.08272" lon="-16.686979">
        <ele>396.8</ele>
      </trkpt>
      <trkpt lat="28.08278" lon="-16.6871">
        <ele>397.5</ele>
      </trkpt>
      <trkpt lat="28.08283" lon="-16.68721">
        <ele>398.1</ele>
      </trkpt>
      <trkpt lat="28.0829" lon="-16.68731">
        <ele>398.9</ele>
      </trkpt>
      <trkpt lat="28.08301" lon="-16.68743">
        <ele>400.2</ele>
      </trkpt>
      <trkpt lat="28.08309" lon="-16.68751">
        <ele>401.1</ele>
      </trkpt>
      <trkpt lat="28.08319" lon="-16.6876">
        <ele>402.0</ele>
      </trkpt>
      <trkpt lat="28.08324" lon="-16.68766">
        <ele>402.5</ele>
      </trkpt>
      <trkpt lat="28.08337" lon="-16.68778">
        <ele>403.8</ele>
      </trkpt>
      <trkpt lat="28.08349" lon="-16.687909">
        <ele>405.3</ele>
      </trkpt>
      <trkpt lat="28.08356" lon="-16.68799">
        <ele>406.1</ele>
      </trkpt>
      <trkpt lat="28.08362" lon="-16.68808">
        <ele>406.9</ele>
      </trkpt>
      <trkpt lat="28.08368" lon="-16.68818">
        <ele>407.6</ele>
      </trkpt>
      <trkpt lat="28.08372" lon="-16.68827">
        <ele>408.1</ele>
      </trkpt>
      <trkpt lat="28.08375" lon="-16.68835">
        <ele>408.5</ele>
      </trkpt>
      <trkpt lat="28.08379" lon="-16.68845">
        <ele>409.1</ele>
      </trkpt>
      <trkpt lat="28.08385" lon="-16.68863">
        <ele>410.0</ele>
      </trkpt>
      <trkpt lat="28.08389" lon="-16.688749">
        <ele>410.7</ele>
      </trkpt>
      <trkpt lat="28.08392" lon="-16.68883">
        <ele>411.2</ele>
      </trkpt>
      <trkpt lat="28.08396" lon="-16.68893">
        <ele>412.0</ele>
      </trkpt>
      <trkpt lat="28.08402" lon="-16.6891">
        <ele>413.1</ele>
      </trkpt>
      <trkpt lat="28.08406" lon="-16.68921">
        <ele>413.8</ele>
      </trkpt>
      <trkpt lat="28.08409" lon="-16.689319">
        <ele>413.8</ele>
      </trkpt>
      <trkpt lat="28.08413" lon="-16.689409">
        <ele>414.2</ele>
      </trkpt>
      <trkpt lat="28.08421" lon="-16.68956">
        <ele>414.8</ele>
      </trkpt>
      <trkpt lat="28.08433" lon="-16.68975">
        <ele>415.9</ele>
      </trkpt>
      <trkpt lat="28.08439" lon="-16.68984">
        <ele>416.5</ele>
      </trkpt>
      <trkpt lat="28.08449" lon="-16.69">
        <ele>417.4</ele>
      </trkpt>
      <trkpt lat="28.08459" lon="-16.69015">
        <ele>418.8</ele>
      </trkpt>
      <trkpt lat="28.08468" lon="-16.6903">
        <ele>420.1</ele>
      </trkpt>
      <trkpt lat="28.08474" lon="-16.6904">
        <ele>421.0</ele>
      </trkpt>
      <trkpt lat="28.08478" lon="-16.69046">
        <ele>421.6</ele>
      </trkpt>
      <trkpt lat="28.08488" lon="-16.69061">
        <ele>423.1</ele>
      </trkpt>
      <trkpt lat="28.08494" lon="-16.69071">
        <ele>424.1</ele>
      </trkpt>
      <trkpt lat="28.08498" lon="-16.69078">
        <ele>424.7</ele>
      </trkpt>
      <trkpt lat="28.08508" lon="-16.690919">
        <ele>425.1</ele>
      </trkpt>
      <trkpt lat="28.08512" lon="-16.69095">
        <ele>425.2</ele>
      </trkpt>
      <trkpt lat="28.08516" lon="-16.69098">
        <ele>425.3</ele>
      </trkpt>
      <trkpt lat="28.08519" lon="-16.690999">
        <ele>425.5</ele>
      </trkpt>
      <trkpt lat="28.08523" lon="-16.69102">
        <ele>425.7</ele>
      </trkpt>
      <trkpt lat="28.08526" lon="-16.69103">
        <ele>425.8</ele>
      </trkpt>
      <trkpt lat="28.08529" lon="-16.69104">
        <ele>426.0</ele>
      </trkpt>
      <trkpt lat="28.08535" lon="-16.69104">
        <ele>426.5</ele>
      </trkpt>
      <trkpt lat="28.0854" lon="-16.69103">
        <ele>426.9</ele>
      </trkpt>
      <trkpt lat="28.08544" lon="-16.69103">
        <ele>427.2</ele>
      </trkpt>
      <trkpt lat="28.08547" lon="-16.69102">
        <ele>427.5</ele>
      </trkpt>
      <trkpt lat="28.08559" lon="-16.69098">
        <ele>428.6</ele>
      </trkpt>
      <trkpt lat="28.08568" lon="-16.69095">
        <ele>429.4</ele>
      </trkpt>
      <trkpt lat="28.08577" lon="-16.6909">
        <ele>430.3</ele>
      </trkpt>
      <trkpt lat="28.08596" lon="-16.69077">
        <ele>432.5</ele>
      </trkpt>
      <trkpt lat="28.08606" lon="-16.69069">
        <ele>433.9</ele>
      </trkpt>
      <trkpt lat="28.08616" lon="-16.6906">
        <ele>435.3</ele>
      </trkpt>
      <trkpt lat="28.08633" lon="-16.69046">
        <ele>437.6</ele>
      </trkpt>
      <trkpt lat="28.08641" lon="-16.6904">
        <ele>438.6</ele>
      </trkpt>
      <trkpt lat="28.08647" lon="-16.690359">
        <ele>439.3</ele>
      </trkpt>
      <trkpt lat="28.08655" lon="-16.6903">
        <ele>440.3</ele>
      </trkpt>
      <trkpt lat="28.08663" lon="-16.690249">
        <ele>441.2</ele>
      </trkpt>
      <trkpt lat="28.08671" lon="-16.69021">
        <ele>442.3</ele>
      </trkpt>
      <trkpt lat="28.08677" lon="-16.69018">
        <ele>443.4</ele>
      </trkpt>
      <trkpt lat="28.08688" lon="-16.690159">
        <ele>445.0</ele>
      </trkpt>
      <trkpt lat="28.087" lon="-16.69014">
        <ele>446.8</ele>
      </trkpt>
      <trkpt lat="28.0871" lon="-16.69015">
        <ele>448.2</ele>
      </trkpt>
      <trkpt lat="28.08715" lon="-16.690159">
        <ele>448.8</ele>
      </trkpt>
      <trkpt lat="28.08721" lon="-16.69018">
        <ele>449.5</ele>
      </trkpt>
      <trkpt lat="28.08727" lon="-16.6902">
        <ele>450.1</ele>
      </trkpt>
      <trkpt lat="28.08732" lon="-16.69022">
        <ele>450.7</ele>
      </trkpt>
      <trkpt lat="28.08736" lon="-16.690249">
        <ele>451.0</ele>
      </trkpt>
      <trkpt lat="28.0874" lon="-16.69027">
        <ele>451.4</ele>
      </trkpt>
      <trkpt lat="28.08742" lon="-16.69029">
        <ele>451.5</ele>
      </trkpt>
      <trkpt lat="28.08748" lon="-16.69033">
        <ele>452.0</ele>
      </trkpt>
      <trkpt lat="28.08753" lon="-16.69039">
        <ele>452.3</ele>
      </trkpt>
      <trkpt lat="28.08759" lon="-16.69046">
        <ele>452.9</ele>
      </trkpt>
      <trkpt lat="28.08762" lon="-16.6905">
        <ele>453.2</ele>
      </trkpt>
      <trkpt lat="28.08765" lon="-16.690539">
        <ele>453.4</ele>
      </trkpt>
      <trkpt lat="28.08768" lon="-16.69059">
        <ele>453.6</ele>
      </trkpt>
      <trkpt lat="28.08771" lon="-16.69067">
        <ele>453.5</ele>
      </trkpt>
      <trkpt lat="28.08775" lon="-16.69075">
        <ele>453.5</ele>
      </trkpt>
      <trkpt lat="28.08777" lon="-16.690809">
        <ele>453.4</ele>
      </trkpt>
      <trkpt lat="28.08784" lon="-16.69097">
        <ele>455.0</ele>
      </trkpt>
      <trkpt lat="28.08787" lon="-16.69106">
        <ele>455.9</ele>
      </trkpt>
      <trkpt lat="28.0879" lon="-16.69113">
        <ele>456.6</ele>
      </trkpt>
      <trkpt lat="28.08792" lon="-16.69118">
        <ele>457.1</ele>
      </trkpt>
      <trkpt lat="28.08796" lon="-16.691299">
        <ele>458.0</ele>
      </trkpt>
      <trkpt lat="28.08797" lon="-16.69131">
        <ele>458.2</ele>
      </trkpt>
      <trkpt lat="28.08802" lon="-16.69143">
        <ele>459.2</ele>
      </trkpt>
      <trkpt lat="28.08804" lon="-16.69149">
        <ele>459.5</ele>
      </trkpt>
      <trkpt lat="28.08805" lon="-16.69152">
        <ele>459.7</ele>
      </trkpt>
      <trkpt lat="28.08808" lon="-16.691559">
        <ele>460.1</ele>
      </trkpt>
      <trkpt lat="28.0881" lon="-16.69161">
        <ele>460.4</ele>
      </trkpt>
      <trkpt lat="28.08811" lon="-16.69162">
        <ele>460.5</ele>
      </trkpt>
      <trkpt lat="28.08814" lon="-16.69165">
        <ele>460.9</ele>
      </trkpt>
      <trkpt lat="28.08815" lon="-16.691669">
        <ele>461.0</ele>
      </trkpt>
      <trkpt lat="28.08818" lon="-16.69171">
        <ele>460.7</ele>
      </trkpt>
      <trkpt lat="28.0882" lon="-16.69173">
        <ele>460.6</ele>
      </trkpt>
      <trkpt lat="28.08822" lon="-16.691759">
        <ele>460.4</ele>
      </trkpt>
      <trkpt lat="28.08827" lon="-16.69179">
        <ele>460.4</ele>
      </trkpt>
      <trkpt lat="28.08829" lon="-16.69182">
        <ele>460.1</ele>
      </trkpt>
      <trkpt lat="28.08833" lon="-16.69184">
        <ele>460.1</ele>
      </trkpt>
      <trkpt lat="28.08838" lon="-16.69188">
        <ele>459.6</ele>
      </trkpt>
      <trkpt lat="28.08843" lon="-16.69189">
        <ele>459.6</ele>
      </trkpt>
      <trkpt lat="28.08847" lon="-16.6919">
        <ele>459.6</ele>
      </trkpt>
      <trkpt lat="28.08853" lon="-16.6919">
        <ele>459.8</ele>
      </trkpt>
      <trkpt lat="28.08857" lon="-16.69189">
        <ele>460.1</ele>
      </trkpt>
      <trkpt lat="28.08862" lon="-16.69188">
        <ele>460.5</ele>
      </trkpt>
      <trkpt lat="28.08866" lon="-16.691859">
        <ele>460.9</ele>
      </trkpt>
      <trkpt lat="28.0887" lon="-16.69184">
        <ele>461.3</ele>
      </trkpt>
      <trkpt lat="28.08873" lon="-16.69183">
        <ele>461.5</ele>
      </trkpt>
      <trkpt lat="28.08876" lon="-16.6918">
        <ele>461.9</ele>
      </trkpt>
      <trkpt lat="28.0888" lon="-16.691759">
        <ele>462.5</ele>
      </trkpt>
      <trkpt lat="28.08884" lon="-16.69172">
        <ele>463.0</ele>
      </trkpt>
      <trkpt lat="28.08886" lon="-16.6917">
        <ele>463.3</ele>
      </trkpt>
      <trkpt lat="28.08889" lon="-16.691659">
        <ele>463.7</ele>
      </trkpt>
      <trkpt lat="28.08894" lon="-16.69159">
        <ele>464.3</ele>
      </trkpt>
      <trkpt lat="28.08898" lon="-16.69151">
        <ele>465.0</ele>
      </trkpt>
      <trkpt lat="28.089" lon="-16.691469">
        <ele>465.4</ele>
      </trkpt>
      <trkpt lat="28.08903" lon="-16.6914">
        <ele>466.0</ele>
      </trkpt>
      <trkpt lat="28.08905" lon="-16.69136">
        <ele>466.4</ele>
      </trkpt>
      <trkpt lat="28.08905" lon="-16.69135">
        <ele>466.5</ele>
      </trkpt>
      <trkpt lat="28.08906" lon="-16.69132">
        <ele>466.8</ele>
      </trkpt>
      <trkpt lat="28.08907" lon="-16.691289">
        <ele>467.1</ele>
      </trkpt>
      <trkpt lat="28.08908" lon="-16.69126">
        <ele>467.4</ele>
      </trkpt>
      <trkpt lat="28.08908" lon="-16.69123">
        <ele>467.7</ele>
      </trkpt>
      <trkpt lat="28.08909" lon="-16.69118">
        <ele>468.2</ele>
      </trkpt>
      <trkpt lat="28.08909" lon="-16.691109">
        <ele>468.8</ele>
      </trkpt>
      <trkpt lat="28.08909" lon="-16.69103">
        <ele>469.5</ele>
      </trkpt>
      <trkpt lat="28.08908" lon="-16.69096">
        <ele>470.1</ele>
      </trkpt>
      <trkpt lat="28.08907" lon="-16.69095">
        <ele>470.1</ele>
      </trkpt>
      <trkpt lat="28.08906" lon="-16.69087">
        <ele>470.7</ele>
      </trkpt>
      <trkpt lat="28.08901" lon="-16.69071">
        <ele>472.0</ele>
      </trkpt>
      <trkpt lat="28.08897" lon="-16.69061">
        <ele>472.9</ele>
      </trkpt>
      <trkpt lat="28.0889" lon="-16.69041">
        <ele>474.5</ele>
      </trkpt>
      <trkpt lat="28.08889" lon="-16.69037">
        <ele>474.9</ele>
      </trkpt>
      <trkpt lat="28.08882" lon="-16.69019">
        <ele>476.2</ele>
      </trkpt>
      <trkpt lat="28.08867" lon="-16.68982">
        <ele>478.1</ele>
      </trkpt>
      <trkpt lat="28.08865" lon="-16.689779">
        <ele>478.1</ele>
      </trkpt>
      <trkpt lat="28.08851" lon="-16.68945">
        <ele>478.5</ele>
      </trkpt>
      <trkpt lat="28.08844" lon="-16.689229">
        <ele>478.7</ele>
      </trkpt>
      <trkpt lat="28.08844" lon="-16.68921">
        <ele>478.9</ele>
      </trkpt>
      <trkpt lat="28.08841" lon="-16.68908">
        <ele>478.6</ele>
      </trkpt>
      <trkpt lat="28.0884" lon="-16.68898">
        <ele>478.4</ele>
      </trkpt>
      <trkpt lat="28.08839" lon="-16.68891">
        <ele>478.2</ele>
      </trkpt>
      <trkpt lat="28.0884" lon="-16.68883">
        <ele>478.4</ele>
      </trkpt>
      <trkpt lat="28.08842" lon="-16.68872">
        <ele>478.8</ele>
      </trkpt>
      <trkpt lat="28.08844" lon="-16.68865">
        <ele>479.3</ele>
      </trkpt>
      <trkpt lat="28.08845" lon="-16.68862">
        <ele>479.5</ele>
      </trkpt>
      <trkpt lat="28.08849" lon="-16.68853">
        <ele>480.3</ele>
      </trkpt>
      <trkpt lat="28.08851" lon="-16.688479">
        <ele>480.8</ele>
      </trkpt>
      <trkpt lat="28.08851" lon="-16.688469">
        <ele>480.8</ele>
      </trkpt>
      <trkpt lat="28.08855" lon="-16.688389">
        <ele>481.7</ele>
      </trkpt>
      <trkpt lat="28.08859" lon="-16.68835">
        <ele>482.5</ele>
      </trkpt>
      <trkpt lat="28.08861" lon="-16.68833">
        <ele>483.0</ele>
      </trkpt>
      <trkpt lat="28.08865" lon="-16.68831">
        <ele>483.8</ele>
      </trkpt>
      <trkpt lat="28.08868" lon="-16.688289">
        <ele>484.5</ele>
      </trkpt>
      <trkpt lat="28.08871" lon="-16.688279">
        <ele>485.1</ele>
      </trkpt>
      <trkpt lat="28.08873" lon="-16.68827">
        <ele>485.6</ele>
      </trkpt>
      <trkpt lat="28.08877" lon="-16.68826">
        <ele>486.4</ele>
      </trkpt>
      <trkpt lat="28.08883" lon="-16.68827">
        <ele>487.7</ele>
      </trkpt>
      <trkpt lat="28.08888" lon="-16.688279">
        <ele>488.8</ele>
      </trkpt>
      <trkpt lat="28.08891" lon="-16.688289">
        <ele>489.5</ele>
      </trkpt>
      <trkpt lat="28.08898" lon="-16.68832">
        <ele>491.0</ele>
      </trkpt>
      <trkpt lat="28.08906" lon="-16.68841">
        <ele>492.6</ele>
      </trkpt>
      <trkpt lat="28.0891" lon="-16.688469">
        <ele>493.4</ele>
      </trkpt>
      <trkpt lat="28.08917" lon="-16.68859">
        <ele>494.7</ele>
      </trkpt>
      <trkpt lat="28.08926" lon="-16.6888">
        <ele>495.9</ele>
      </trkpt>
      <trkpt lat="28.08927" lon="-16.68882">
        <ele>496.0</ele>
      </trkpt>
      <trkpt lat="28.0893" lon="-16.6889">
        <ele>496.3</ele>
      </trkpt>
      <trkpt lat="28.08934" lon="-16.68899">
        <ele>496.7</ele>
      </trkpt>
      <trkpt lat="28.0894" lon="-16.68907">
        <ele>497.3</ele>
      </trkpt>
      <trkpt lat="28.08943" lon="-16.689119">
        <ele>497.6</ele>
      </trkpt>
      <trkpt lat="28.0895" lon="-16.68918">
        <ele>498.2</ele>
      </trkpt>
      <trkpt lat="28.08957" lon="-16.68924">
        <ele>498.2</ele>
      </trkpt>
      <trkpt lat="28.08967" lon="-16.6893">
        <ele>498.6</ele>
      </trkpt>
      <trkpt lat="28.08978" lon="-16.68935">
        <ele>499.2</ele>
      </trkpt>
      <trkpt lat="28.08988" lon="-16.6894">
        <ele>499.6</ele>
      </trkpt>
      <trkpt lat="28.09001" lon="-16.68944">
        <ele>500.6</ele>
      </trkpt>
      <trkpt lat="28.09015" lon="-16.68946">
        <ele>502.2</ele>
      </trkpt>
      <trkpt lat="28.09031" lon="-16.68949">
        <ele>504.0</ele>
      </trkpt>
      <trkpt lat="28.09035" lon="-16.68949">
        <ele>504.6</ele>
      </trkpt>
      <trkpt lat="28.09041" lon="-16.68949">
        <ele>505.4</ele>
      </trkpt>
      <trkpt lat="28.09056" lon="-16.689509">
        <ele>507.3</ele>
      </trkpt>
      <trkpt lat="28.09068" lon="-16.68954">
        <ele>508.7</ele>
      </trkpt>
      <trkpt lat="28.09076" lon="-16.68956">
        <ele>509.7</ele>
      </trkpt>
      <trkpt lat="28.0908" lon="-16.68957">
        <ele>510.2</ele>
      </trkpt>
      <trkpt lat="28.09089" lon="-16.689599">
        <ele>510.9</ele>
      </trkpt>
      <trkpt lat="28.09093" lon="-16.689609">
        <ele>511.1</ele>
      </trkpt>
      <trkpt lat="28.09102" lon="-16.68964">
        <ele>511.7</ele>
      </trkpt>
      <trkpt lat="28.0912" lon="-16.68974">
        <ele>512.2</ele>
      </trkpt>
      <trkpt lat="28.09132" lon="-16.68981">
        <ele>512.4</ele>
      </trkpt>
      <trkpt lat="28.09145" lon="-16.68987">
        <ele>512.8</ele>
      </trkpt>
      <trkpt lat="28.09151" lon="-16.689889">
        <ele>513.1</ele>
      </trkpt>
      <trkpt lat="28.0916" lon="-16.68991">
        <ele>513.6</ele>
      </trkpt>
      <trkpt lat="28.09165" lon="-16.68992">
        <ele>513.9</ele>
      </trkpt>
      <trkpt lat="28.09172" lon="-16.68992">
        <ele>513.9</ele>
      </trkpt>
      <trkpt lat="28.09178" lon="-16.68992">
        <ele>513.6</ele>
      </trkpt>
      <trkpt lat="28.09182" lon="-16.68992">
        <ele>513.5</ele>
      </trkpt>
      <trkpt lat="28.09188" lon="-16.68991">
        <ele>513.4</ele>
      </trkpt>
      <trkpt lat="28.09193" lon="-16.689889">
        <ele>513.5</ele>
      </trkpt>
      <trkpt lat="28.09196" lon="-16.68987">
        <ele>513.7</ele>
      </trkpt>
      <trkpt lat="28.09198" lon="-16.68986">
        <ele>513.9</ele>
      </trkpt>
      <trkpt lat="28.092" lon="-16.68985">
        <ele>514.0</ele>
      </trkpt>
      <trkpt lat="28.09203" lon="-16.68984">
        <ele>514.0</ele>
      </trkpt>
      <trkpt lat="28.09206" lon="-16.68981">
        <ele>514.5</ele>
      </trkpt>
      <trkpt lat="28.09211" lon="-16.68977">
        <ele>515.1</ele>
      </trkpt>
      <trkpt lat="28.09213" lon="-16.68975">
        <ele>515.4</ele>
      </trkpt>
      <trkpt lat="28.09215" lon="-16.68974">
        <ele>515.6</ele>
      </trkpt>
      <trkpt lat="28.09217" lon="-16.68971">
        <ele>516.1</ele>
      </trkpt>
      <trkpt lat="28.09219" lon="-16.68968">
        <ele>516.6</ele>
      </trkpt>
      <trkpt lat="28.0922" lon="-16.68965">
        <ele>517.2</ele>
      </trkpt>
      <trkpt lat="28.09222" lon="-16.689609">
        <ele>518.0</ele>
      </trkpt>
      <trkpt lat="28.09225" lon="-16.68954">
        <ele>519.4</ele>
      </trkpt>
      <trkpt lat="28.09226" lon="-16.68949">
        <ele>520.4</ele>
      </trkpt>
      <trkpt lat="28.09227" lon="-16.68944">
        <ele>521.4</ele>
      </trkpt>
      <trkpt lat="28.09228" lon="-16.6894">
        <ele>522.2</ele>
      </trkpt>
      <trkpt lat="28.09229" lon="-16.68936">
        <ele>523.1</ele>
      </trkpt>
      <trkpt lat="28.09229" lon="-16.68929">
        <ele>524.5</ele>
      </trkpt>
      <trkpt lat="28.09228" lon="-16.68921">
        <ele>526.1</ele>
      </trkpt>
      <trkpt lat="28.09228" lon="-16.68919">
        <ele>526.5</ele>
      </trkpt>
      <trkpt lat="28.09227" lon="-16.68915">
        <ele>527.1</ele>
      </trkpt>
      <trkpt lat="28.09227" lon="-16.689139">
        <ele>527.2</ele>
      </trkpt>
      <trkpt lat="28.09225" lon="-16.68905">
        <ele>528.0</ele>
      </trkpt>
      <trkpt lat="28.09223" lon="-16.68898">
        <ele>528.6</ele>
      </trkpt>
      <trkpt lat="28.0922" lon="-16.688849">
        <ele>529.7</ele>
      </trkpt>
      <trkpt lat="28.09219" lon="-16.68879">
        <ele>530.2</ele>
      </trkpt>
      <trkpt lat="28.09218" lon="-16.68868">
        <ele>531.3</ele>
      </trkpt>
      <trkpt lat="28.09218" lon="-16.68859">
        <ele>532.2</ele>
      </trkpt>
      <trkpt lat="28.09218" lon="-16.688569">
        <ele>532.4</ele>
      </trkpt>
      <trkpt lat="28.09218" lon="-16.68854">
        <ele>532.7</ele>
      </trkpt>
      <trkpt lat="28.09218" lon="-16.68845">
        <ele>533.5</ele>
      </trkpt>
      <trkpt lat="28.09219" lon="-16.68824">
        <ele>535.3</ele>
      </trkpt>
      <trkpt lat="28.0922" lon="-16.68817">
        <ele>535.8</ele>
      </trkpt>
      <trkpt lat="28.09221" lon="-16.68811">
        <ele>536.2</ele>
      </trkpt>
      <trkpt lat="28.09222" lon="-16.68807">
        <ele>536.5</ele>
      </trkpt>
      <trkpt lat="28.09229" lon="-16.687899">
        <ele>537.8</ele>
      </trkpt>
      <trkpt lat="28.09234" lon="-16.687809">
        <ele>538.6</ele>
      </trkpt>
      <trkpt lat="28.09234" lon="-16.6878">
        <ele>538.7</ele>
      </trkpt>
      <trkpt lat="28.09241" lon="-16.68768">
        <ele>539.7</ele>
      </trkpt>
      <trkpt lat="28.09242" lon="-16.68766">
        <ele>539.8</ele>
      </trkpt>
      <trkpt lat="28.09251" lon="-16.687539">
        <ele>540.9</ele>
      </trkpt>
      <trkpt lat="28.09255" lon="-16.68748">
        <ele>541.3</ele>
      </trkpt>
      <trkpt lat="28.09271" lon="-16.68727">
        <ele>542.7</ele>
      </trkpt>
      <trkpt lat="28.09278" lon="-16.687169">
        <ele>543.3</ele>
      </trkpt>
      <trkpt lat="28.09286" lon="-16.68705">
        <ele>543.9</ele>
      </trkpt>
      <trkpt lat="28.09288" lon="-16.68702">
        <ele>544.0</ele>
      </trkpt>
      <trkpt lat="28.09292" lon="-16.68694">
        <ele>544.4</ele>
      </trkpt>
      <trkpt lat="28.09297" lon="-16.68685">
        <ele>544.7</ele>
      </trkpt>
      <trkpt lat="28.09304" lon="-16.686689">
        <ele>545.2</ele>
      </trkpt>
      <trkpt lat="28.09309" lon="-16.68656">
        <ele>545.9</ele>
      </trkpt>
      <trkpt lat="28.09313" lon="-16.68639">
        <ele>546.9</ele>
      </trkpt>
      <trkpt lat="28.09315" lon="-16.68629">
        <ele>547.6</ele>
      </trkpt>
      <trkpt lat="28.09317" lon="-16.686219">
        <ele>548.1</ele>
      </trkpt>
      <trkpt lat="28.09319" lon="-16.686129">
        <ele>548.7</ele>
      </trkpt>
      <trkpt lat="28.09325" lon="-16.685949">
        <ele>550.4</ele>
      </trkpt>
      <trkpt lat="28.09334" lon="-16.68572">
        <ele>551.0</ele>
      </trkpt>
      <trkpt lat="28.09339" lon="-16.68563">
        <ele>551.0</ele>
      </trkpt>
      <trkpt lat="28.09343" lon="-16.68558">
        <ele>551.2</ele>
      </trkpt>
      <trkpt lat="28.0935" lon="-16.68549">
        <ele>551.6</ele>
      </trkpt>
      <trkpt lat="28.09358" lon="-16.68541">
        <ele>552.4</ele>
      </trkpt>
      <trkpt lat="28.09368" lon="-16.68533">
        <ele>553.7</ele>
      </trkpt>
      <trkpt lat="28.09372" lon="-16.6853">
        <ele>554.2</ele>
      </trkpt>
      <trkpt lat="28.09379" lon="-16.68525">
        <ele>555.3</ele>
      </trkpt>
      <trkpt lat="28.09389" lon="-16.685189">
        <ele>556.9</ele>
      </trkpt>
      <trkpt lat="28.09405" lon="-16.68512">
        <ele>559.9</ele>
      </trkpt>
      <trkpt lat="28.09409" lon="-16.685099">
        <ele>560.7</ele>
      </trkpt>
      <trkpt lat="28.09472" lon="-16.68484">
        <ele>567.0</ele>
      </trkpt>
      <trkpt lat="28.09481" lon="-16.6848">
        <ele>567.9</ele>
      </trkpt>
      <trkpt lat="28.09489" lon="-16.68477">
        <ele>568.8</ele>
      </trkpt>
      <trkpt lat="28.09506" lon="-16.68469">
        <ele>570.9</ele>
      </trkpt>
      <trkpt lat="28.09516" lon="-16.684629">
        <ele>572.5</ele>
      </trkpt>
      <trkpt lat="28.09525" lon="-16.6845">
        <ele>573.8</ele>
      </trkpt>
      <trkpt lat="28.09527" lon="-16.68447">
        <ele>574.1</ele>
      </trkpt>
      <trkpt lat="28.09528" lon="-16.684439">
        <ele>574.3</ele>
      </trkpt>
      <trkpt lat="28.09531" lon="-16.6844">
        <ele>574.7</ele>
      </trkpt>
      <trkpt lat="28.09532" lon="-16.68436">
        <ele>574.9</ele>
      </trkpt>
      <trkpt lat="28.09534" lon="-16.68432">
        <ele>575.2</ele>
      </trkpt>
      <trkpt lat="28.09537" lon="-16.68423">
        <ele>575.6</ele>
      </trkpt>
      <trkpt lat="28.09537" lon="-16.6842">
        <ele>575.6</ele>
      </trkpt>
      <trkpt lat="28.09544" lon="-16.68393">
        <ele>576.3</ele>
      </trkpt>
      <trkpt lat="28.09547" lon="-16.68382">
        <ele>576.6</ele>
      </trkpt>
      <trkpt lat="28.09551" lon="-16.68371">
        <ele>577.2</ele>
      </trkpt>
      <trkpt lat="28.09557" lon="-16.683599">
        <ele>578.3</ele>
      </trkpt>
      <trkpt lat="28.09559" lon="-16.68356">
        <ele>578.7</ele>
      </trkpt>
      <trkpt lat="28.09562" lon="-16.683509">
        <ele>579.3</ele>
      </trkpt>
      <trkpt lat="28.09569" lon="-16.68343">
        <ele>580.7</ele>
      </trkpt>
      <trkpt lat="28.09573" lon="-16.68339">
        <ele>581.6</ele>
      </trkpt>
      <trkpt lat="28.09573" lon="-16.68338">
        <ele>581.6</ele>
      </trkpt>
      <trkpt lat="28.09583" lon="-16.68329">
        <ele>583.7</ele>
      </trkpt>
      <trkpt lat="28.09592" lon="-16.683209">
        <ele>584.7</ele>
      </trkpt>
      <trkpt lat="28.09646" lon="-16.6828">
        <ele>591.3</ele>
      </trkpt>
      <trkpt lat="28.0967" lon="-16.68264">
        <ele>594.5</ele>
      </trkpt>
      <trkpt lat="28.09701" lon="-16.682459">
        <ele>600.0</ele>
      </trkpt>
      <trkpt lat="28.09709" lon="-16.68241">
        <ele>601.3</ele>
      </trkpt>
      <trkpt lat="28.09718" lon="-16.68234">
        <ele>602.5</ele>
      </trkpt>
      <trkpt lat="28.09736" lon="-16.682189">
        <ele>604.8</ele>
      </trkpt>
      <trkpt lat="28.09747" lon="-16.68204">
        <ele>605.4</ele>
      </trkpt>
      <trkpt lat="28.09748" lon="-16.68202">
        <ele>605.4</ele>
      </trkpt>
      <trkpt lat="28.09768" lon="-16.681709">
        <ele>605.6</ele>
      </trkpt>
      <trkpt lat="28.09768" lon="-16.681709">
        <ele>605.6</ele>
      </trkpt>
      <trkpt lat="28.09783" lon="-16.68176">
        <ele>608.5</ele>
      </trkpt>
      <trkpt lat="28.09797" lon="-16.681809">
        <ele>611.0</ele>
      </trkpt>
      <trkpt lat="28.09811" lon="-16.68186">
        <ele>613.4</ele>
      </trkpt>
      <trkpt lat="28.09813" lon="-16.68186">
        <ele>613.7</ele>
      </trkpt>
      <trkpt lat="28.09831" lon="-16.681909">
        <ele>616.4</ele>
      </trkpt>
      <trkpt lat="28.09866" lon="-16.682009">
        <ele>618.5</ele>
      </trkpt>
      <trkpt lat="28.09884" lon="-16.68206">
        <ele>619.6</ele>
      </trkpt>
      <trkpt lat="28.09887" lon="-16.68207">
        <ele>619.7</ele>
      </trkpt>
      <trkpt lat="28.09904" lon="-16.68213">
        <ele>620.7</ele>
      </trkpt>
      <trkpt lat="28.09912" lon="-16.68216">
        <ele>621.1</ele>
      </trkpt>
      <trkpt lat="28.09925" lon="-16.68221">
        <ele>622.3</ele>
      </trkpt>
      <trkpt lat="28.09933" lon="-16.68224">
        <ele>623.2</ele>
      </trkpt>
      <trkpt lat="28.09938" lon="-16.682269">
        <ele>623.8</ele>
      </trkpt>
      <trkpt lat="28.09939" lon="-16.682279">
        <ele>623.9</ele>
      </trkpt>
      <trkpt lat="28.09956" lon="-16.68236">
        <ele>625.8</ele>
      </trkpt>
      <trkpt lat="28.09964" lon="-16.6824">
        <ele>626.7</ele>
      </trkpt>
      <trkpt lat="28.0998" lon="-16.68249">
        <ele>628.6</ele>
      </trkpt>
      <trkpt lat="28.09997" lon="-16.68258">
        <ele>631.1</ele>
      </trkpt>
      <trkpt lat="28.10013" lon="-16.68267">
        <ele>633.4</ele>
      </trkpt>
      <trkpt lat="28.10021" lon="-16.68271">
        <ele>634.4</ele>
      </trkpt>
      <trkpt lat="28.1003" lon="-16.682739">
        <ele>635.5</ele>
      </trkpt>
      <trkpt lat="28.10038" lon="-16.682749">
        <ele>636.3</ele>
      </trkpt>
      <trkpt lat="28.10044" lon="-16.682759">
        <ele>637.0</ele>
      </trkpt>
      <trkpt lat="28.10046" lon="-16.682759">
        <ele>637.2</ele>
      </trkpt>
      <trkpt lat="28.10055" lon="-16.682739">
        <ele>638.0</ele>
      </trkpt>
      <trkpt lat="28.10065" lon="-16.68271">
        <ele>638.9</ele>
      </trkpt>
      <trkpt lat="28.10073" lon="-16.68267">
        <ele>639.5</ele>
      </trkpt>
      <trkpt lat="28.10076" lon="-16.682649">
        <ele>639.8</ele>
      </trkpt>
      <trkpt lat="28.10081" lon="-16.68261">
        <ele>640.2</ele>
      </trkpt>
      <trkpt lat="28.10088" lon="-16.68254">
        <ele>640.6</ele>
      </trkpt>
      <trkpt lat="28.10095" lon="-16.68245">
        <ele>641.0</ele>
      </trkpt>
      <trkpt lat="28.101" lon="-16.682369">
        <ele>641.4</ele>
      </trkpt>
      <trkpt lat="28.10102" lon="-16.68234">
        <ele>641.5</ele>
      </trkpt>
      <trkpt lat="28.10104" lon="-16.682279">
        <ele>641.7</ele>
      </trkpt>
      <trkpt lat="28.10105" lon="-16.68223">
        <ele>641.7</ele>
      </trkpt>
      <trkpt lat="28.10107" lon="-16.68217">
        <ele>641.8</ele>
      </trkpt>
      <trkpt lat="28.10109" lon="-16.68198">
        <ele>641.8</ele>
      </trkpt>
      <trkpt lat="28.10111" lon="-16.68166">
        <ele>641.7</ele>
      </trkpt>
      <trkpt lat="28.10112" lon="-16.681619">
        <ele>641.8</ele>
      </trkpt>
      <trkpt lat="28.10112" lon="-16.68158">
        <ele>641.9</ele>
      </trkpt>
      <trkpt lat="28.10114" lon="-16.681529">
        <ele>642.2</ele>
      </trkpt>
      <trkpt lat="28.10115" lon="-16.68149">
        <ele>642.3</ele>
      </trkpt>
      <trkpt lat="28.10118" lon="-16.681439">
        <ele>642.8</ele>
      </trkpt>
      <trkpt lat="28.1012" lon="-16.68141">
        <ele>643.1</ele>
      </trkpt>
      <trkpt lat="28.10122" lon="-16.6814">
        <ele>643.4</ele>
      </trkpt>
      <trkpt lat="28.10123" lon="-16.68138">
        <ele>643.6</ele>
      </trkpt>
      <trkpt lat="28.10126" lon="-16.68137">
        <ele>644.0</ele>
      </trkpt>
      <trkpt lat="28.10129" lon="-16.68136">
        <ele>644.4</ele>
      </trkpt>
      <trkpt lat="28.10131" lon="-16.681349">
        <ele>644.7</ele>
      </trkpt>
      <trkpt lat="28.10133" lon="-16.681339">
        <ele>645.0</ele>
      </trkpt>
      <trkpt lat="28.10136" lon="-16.68133">
        <ele>645.5</ele>
      </trkpt>
      <trkpt lat="28.10138" lon="-16.68133">
        <ele>645.7</ele>
      </trkpt>
      <trkpt lat="28.10141" lon="-16.68133">
        <ele>646.2</ele>
      </trkpt>
      <trkpt lat="28.10146" lon="-16.681339">
        <ele>646.9</ele>
      </trkpt>
      <trkpt lat="28.10149" lon="-16.681349">
        <ele>647.3</ele>
      </trkpt>
      <trkpt lat="28.10153" lon="-16.68137">
        <ele>647.8</ele>
      </trkpt>
      <trkpt lat="28.10156" lon="-16.68139">
        <ele>648.2</ele>
      </trkpt>
      <trkpt lat="28.10159" lon="-16.68141">
        <ele>648.5</ele>
      </trkpt>
      <trkpt lat="28.10163" lon="-16.68147">
        <ele>649.0</ele>
      </trkpt>
      <trkpt lat="28.10165" lon="-16.6815">
        <ele>649.2</ele>
      </trkpt>
      <trkpt lat="28.10175" lon="-16.68166">
        <ele>650.8</ele>
      </trkpt>
      <trkpt lat="28.10176" lon="-16.68167">
        <ele>651.0</ele>
      </trkpt>
      <trkpt lat="28.10189" lon="-16.68186">
        <ele>653.4</ele>
      </trkpt>
      <trkpt lat="28.10198" lon="-16.68198">
        <ele>655.0</ele>
      </trkpt>
      <trkpt lat="28.10205" lon="-16.68207">
        <ele>656.1</ele>
      </trkpt>
      <trkpt lat="28.10222" lon="-16.682269">
        <ele>658.8</ele>
      </trkpt>
      <trkpt lat="28.10222" lon="-16.682279">
        <ele>658.8</ele>
      </trkpt>
      <trkpt lat="28.10235" lon="-16.68242">
        <ele>660.6</ele>
      </trkpt>
      <trkpt lat="28.10267" lon="-16.68279">
        <ele>665.2</ele>
      </trkpt>
      <trkpt lat="28.10294" lon="-16.68308">
        <ele>669.3</ele>
      </trkpt>
      <trkpt lat="28.103" lon="-16.68315">
        <ele>670.2</ele>
      </trkpt>
      <trkpt lat="28.10314" lon="-16.6833">
        <ele>672.1</ele>
      </trkpt>
      <trkpt lat="28.1032" lon="-16.68336">
        <ele>673.1</ele>
      </trkpt>
      <trkpt lat="28.10341" lon="-16.68358">
        <ele>676.9</ele>
      </trkpt>
      <trkpt lat="28.10345" lon="-16.68363">
        <ele>677.5</ele>
      </trkpt>
      <trkpt lat="28.10363" lon="-16.68381">
        <ele>680.4</ele>
      </trkpt>
      <trkpt lat="28.10368" lon="-16.683869">
        <ele>681.1</ele>
      </trkpt>
      <trkpt lat="28.10369" lon="-16.683879">
        <ele>681.3</ele>
      </trkpt>
      <trkpt lat="28.10376" lon="-16.683959">
        <ele>682.3</ele>
      </trkpt>
      <trkpt lat="28.10384" lon="-16.68403">
        <ele>683.6</ele>
      </trkpt>
      <trkpt lat="28.1039" lon="-16.68408">
        <ele>684.5</ele>
      </trkpt>
      <trkpt lat="28.10395" lon="-16.68413">
        <ele>685.2</ele>
      </trkpt>
      <trkpt lat="28.10399" lon="-16.684159">
        <ele>685.8</ele>
      </trkpt>
      <trkpt lat="28.10404" lon="-16.68419">
        <ele>686.5</ele>
      </trkpt>
      <trkpt lat="28.10408" lon="-16.68421">
        <ele>687.1</ele>
      </trkpt>
      <trkpt lat="28.10412" lon="-16.68423">
        <ele>687.6</ele>
      </trkpt>
      <trkpt lat="28.10425" lon="-16.68428">
        <ele>688.7</ele>
      </trkpt>
      <trkpt lat="28.10429" lon="-16.6843">
        <ele>688.8</ele>
      </trkpt>
      <trkpt lat="28.1046" lon="-16.6844">
        <ele>690.1</ele>
      </trkpt>
      <trkpt lat="28.10463" lon="-16.68441">
        <ele>690.2</ele>
      </trkpt>
      <trkpt lat="28.1048" lon="-16.68446">
        <ele>690.8</ele>
      </trkpt>
      <trkpt lat="28.10483" lon="-16.68447">
        <ele>690.9</ele>
      </trkpt>
      <trkpt lat="28.10492" lon="-16.68449">
        <ele>691.2</ele>
      </trkpt>
      <trkpt lat="28.105" lon="-16.68451">
        <ele>691.5</ele>
      </trkpt>
      <trkpt lat="28.10503" lon="-16.68451">
        <ele>691.6</ele>
      </trkpt>
      <trkpt lat="28.10506" lon="-16.68451">
        <ele>691.8</ele>
      </trkpt>
      <trkpt lat="28.10509" lon="-16.68451">
        <ele>692.0</ele>
      </trkpt>
      <trkpt lat="28.10519" lon="-16.6845">
        <ele>692.7</ele>
      </trkpt>
      <trkpt lat="28.10527" lon="-16.68448">
        <ele>693.5</ele>
      </trkpt>
      <trkpt lat="28.10537" lon="-16.68446">
        <ele>694.5</ele>
      </trkpt>
      <trkpt lat="28.10545" lon="-16.684449">
        <ele>695.1</ele>
      </trkpt>
      <trkpt lat="28.10547" lon="-16.684449">
        <ele>695.3</ele>
      </trkpt>
      <trkpt lat="28.10552" lon="-16.684449">
        <ele>695.6</ele>
      </trkpt>
      <trkpt lat="28.10554" lon="-16.684449">
        <ele>695.7</ele>
      </trkpt>
      <trkpt lat="28.10557" lon="-16.684449">
        <ele>695.9</ele>
      </trkpt>
      <trkpt lat="28.10563" lon="-16.68446">
        <ele>696.1</ele>
      </trkpt>
      <trkpt lat="28.10566" lon="-16.68447">
        <ele>696.1</ele>
      </trkpt>
      <trkpt lat="28.10569" lon="-16.68448">
        <ele>696.1</ele>
      </trkpt>
      <trkpt lat="28.1057" lon="-16.68448">
        <ele>696.2</ele>
      </trkpt>
      <trkpt lat="28.10575" lon="-16.6845">
        <ele>696.1</ele>
      </trkpt>
      <trkpt lat="28.1058" lon="-16.684529">
        <ele>696.4</ele>
      </trkpt>
      <trkpt lat="28.10594" lon="-16.68464">
        <ele>697.3</ele>
      </trkpt>
      <trkpt lat="28.10639" lon="-16.68499">
        <ele>700.2</ele>
      </trkpt>
      <trkpt lat="28.10654" lon="-16.685099">
        <ele>701.2</ele>
      </trkpt>
      <trkpt lat="28.10767" lon="-16.68598">
        <ele>708.7</ele>
      </trkpt>
      <trkpt lat="28.10812" lon="-16.68633">
        <ele>706.4</ele>
      </trkpt>
      <trkpt lat="28.10817" lon="-16.68637">
        <ele>706.2</ele>
      </trkpt>
      <trkpt lat="28.10821" lon="-16.68639">
        <ele>706.2</ele>
      </trkpt>
      <trkpt lat="28.10826" lon="-16.686409">
        <ele>706.4</ele>
      </trkpt>
      <trkpt lat="28.10828" lon="-16.686419">
        <ele>706.4</ele>
      </trkpt>
      <trkpt lat="28.1083" lon="-16.686419">
        <ele>706.6</ele>
      </trkpt>
      <trkpt lat="28.10835" lon="-16.686419">
        <ele>707.0</ele>
      </trkpt>
      <trkpt lat="28.10839" lon="-16.686399">
        <ele>707.8</ele>
      </trkpt>
      <trkpt lat="28.10844" lon="-16.68638">
        <ele>708.7</ele>
      </trkpt>
      <trkpt lat="28.10848" lon="-16.68636">
        <ele>709.4</ele>
      </trkpt>
      <trkpt lat="28.10852" lon="-16.686309">
        <ele>710.5</ele>
      </trkpt>
      <trkpt lat="28.10855" lon="-16.68626">
        <ele>711.5</ele>
      </trkpt>
      <trkpt lat="28.10857" lon="-16.68621">
        <ele>712.3</ele>
      </trkpt>
      <trkpt lat="28.10858" lon="-16.68617">
        <ele>712.9</ele>
      </trkpt>
      <trkpt lat="28.10859" lon="-16.686129">
        <ele>713.5</ele>
      </trkpt>
      <trkpt lat="28.10859" lon="-16.68611">
        <ele>713.7</ele>
      </trkpt>
      <trkpt lat="28.10858" lon="-16.68606">
        <ele>714.3</ele>
      </trkpt>
      <trkpt lat="28.10857" lon="-16.68602">
        <ele>714.7</ele>
      </trkpt>
      <trkpt lat="28.10854" lon="-16.685939">
        <ele>715.6</ele>
      </trkpt>
      <trkpt lat="28.10849" lon="-16.68582">
        <ele>716.9</ele>
      </trkpt>
      <trkpt lat="28.10843" lon="-16.68569">
        <ele>717.5</ele>
      </trkpt>
      <trkpt lat="28.1084" lon="-16.6856">
        <ele>718.0</ele>
      </trkpt>
      <trkpt lat="28.10838" lon="-16.68554">
        <ele>718.4</ele>
      </trkpt>
      <trkpt lat="28.10837" lon="-16.68546">
        <ele>718.9</ele>
      </trkpt>
      <trkpt lat="28.10836" lon="-16.68541">
        <ele>719.2</ele>
      </trkpt>
      <trkpt lat="28.10835" lon="-16.68535">
        <ele>719.6</ele>
      </trkpt>
      <trkpt lat="28.10834" lon="-16.68512">
        <ele>721.2</ele>
      </trkpt>
      <trkpt lat="28.10833" lon="-16.68495">
        <ele>721.5</ele>
      </trkpt>
      <trkpt lat="28.10834" lon="-16.684909">
        <ele>721.2</ele>
      </trkpt>
      <trkpt lat="28.10835" lon="-16.68485">
        <ele>720.7</ele>
      </trkpt>
      <trkpt lat="28.10836" lon="-16.684819">
        <ele>720.4</ele>
      </trkpt>
      <trkpt lat="28.10837" lon="-16.68479">
        <ele>720.2</ele>
      </trkpt>
      <trkpt lat="28.10839" lon="-16.68475">
        <ele>719.9</ele>
      </trkpt>
      <trkpt lat="28.10842" lon="-16.684709">
        <ele>719.7</ele>
      </trkpt>
      <trkpt lat="28.10844" lon="-16.68469">
        <ele>719.7</ele>
      </trkpt>
      <trkpt lat="28.10844" lon="-16.68468">
        <ele>719.6</ele>
      </trkpt>
      <trkpt lat="28.10847" lon="-16.68466">
        <ele>719.6</ele>
      </trkpt>
      <trkpt lat="28.10851" lon="-16.684629">
        <ele>719.5</ele>
      </trkpt>
      <trkpt lat="28.10855" lon="-16.68461">
        <ele>719.6</ele>
      </trkpt>
      <trkpt lat="28.10858" lon="-16.6846">
        <ele>719.6</ele>
      </trkpt>
      <trkpt lat="28.10863" lon="-16.6846">
        <ele>719.9</ele>
      </trkpt>
      <trkpt lat="28.10868" lon="-16.6846">
        <ele>720.2</ele>
      </trkpt>
      <trkpt lat="28.10872" lon="-16.6846">
        <ele>720.5</ele>
      </trkpt>
      <trkpt lat="28.10877" lon="-16.684619">
        <ele>721.0</ele>
      </trkpt>
      <trkpt lat="28.10878" lon="-16.684619">
        <ele>721.0</ele>
      </trkpt>
      <trkpt lat="28.10881" lon="-16.68464">
        <ele>721.4</ele>
      </trkpt>
      <trkpt lat="28.10885" lon="-16.68466">
        <ele>721.8</ele>
      </trkpt>
      <trkpt lat="28.10892" lon="-16.684719">
        <ele>722.8</ele>
      </trkpt>
      <trkpt lat="28.10893" lon="-16.684729">
        <ele>723.0</ele>
      </trkpt>
      <trkpt lat="28.10907" lon="-16.68485">
        <ele>725.0</ele>
      </trkpt>
      <trkpt lat="28.10914" lon="-16.684909">
        <ele>726.0</ele>
      </trkpt>
      <trkpt lat="28.10974" lon="-16.68543">
        <ele>729.2</ele>
      </trkpt>
      <trkpt lat="28.10987" lon="-16.68555">
        <ele>729.7</ele>
      </trkpt>
      <trkpt lat="28.10992" lon="-16.68558">
        <ele>730.0</ele>
      </trkpt>
      <trkpt lat="28.10997" lon="-16.68561">
        <ele>730.3</ele>
      </trkpt>
      <trkpt lat="28.11005" lon="-16.68564">
        <ele>731.0</ele>
      </trkpt>
      <trkpt lat="28.11013" lon="-16.685649">
        <ele>732.0</ele>
      </trkpt>
      <trkpt lat="28.11019" lon="-16.68564">
        <ele>732.8</ele>
      </trkpt>
      <trkpt lat="28.11022" lon="-16.68563">
        <ele>733.3</ele>
      </trkpt>
      <trkpt lat="28.11023" lon="-16.68563">
        <ele>733.4</ele>
      </trkpt>
      <trkpt lat="28.11029" lon="-16.68561">
        <ele>734.4</ele>
      </trkpt>
      <trkpt lat="28.11034" lon="-16.68558">
        <ele>735.3</ele>
      </trkpt>
      <trkpt lat="28.11037" lon="-16.68555">
        <ele>735.9</ele>
      </trkpt>
      <trkpt lat="28.1104" lon="-16.68552">
        <ele>736.6</ele>
      </trkpt>
      <trkpt lat="28.11042" lon="-16.68549">
        <ele>737.1</ele>
      </trkpt>
      <trkpt lat="28.11045" lon="-16.68544">
        <ele>738.0</ele>
      </trkpt>
      <trkpt lat="28.11048" lon="-16.68539">
        <ele>738.9</ele>
      </trkpt>
      <trkpt lat="28.1105" lon="-16.68532">
        <ele>739.8</ele>
      </trkpt>
      <trkpt lat="28.11052" lon="-16.68524">
        <ele>740.8</ele>
      </trkpt>
      <trkpt lat="28.11054" lon="-16.685189">
        <ele>741.6</ele>
      </trkpt>
      <trkpt lat="28.11054" lon="-16.685179">
        <ele>741.7</ele>
      </trkpt>
      <trkpt lat="28.11056" lon="-16.68513">
        <ele>742.5</ele>
      </trkpt>
      <trkpt lat="28.11057" lon="-16.685099">
        <ele>742.9</ele>
      </trkpt>
      <trkpt lat="28.11059" lon="-16.68506">
        <ele>743.6</ele>
      </trkpt>
      <trkpt lat="28.11061" lon="-16.68502">
        <ele>744.3</ele>
      </trkpt>
      <trkpt lat="28.11065" lon="-16.68497">
        <ele>745.0</ele>
      </trkpt>
      <trkpt lat="28.11069" lon="-16.68493">
        <ele>745.5</ele>
      </trkpt>
      <trkpt lat="28.11073" lon="-16.68489">
        <ele>746.1</ele>
      </trkpt>
      <trkpt lat="28.11082" lon="-16.684819">
        <ele>747.3</ele>
      </trkpt>
      <trkpt lat="28.11089" lon="-16.68474">
        <ele>748.2</ele>
      </trkpt>
      <trkpt lat="28.11093" lon="-16.68469">
        <ele>748.7</ele>
      </trkpt>
      <trkpt lat="28.11096" lon="-16.68465">
        <ele>749.0</ele>
      </trkpt>
      <trkpt lat="28.111" lon="-16.68458">
        <ele>749.5</ele>
      </trkpt>
      <trkpt lat="28.11105" lon="-16.68448">
        <ele>750.1</ele>
      </trkpt>
      <trkpt lat="28.11108" lon="-16.68441">
        <ele>750.5</ele>
      </trkpt>
      <trkpt lat="28.11111" lon="-16.68431">
        <ele>750.8</ele>
      </trkpt>
      <trkpt lat="28.11115" lon="-16.68419">
        <ele>751.3</ele>
      </trkpt>
      <trkpt lat="28.11121" lon="-16.68401">
        <ele>753.2</ele>
      </trkpt>
      <trkpt lat="28.11122" lon="-16.683979">
        <ele>753.5</ele>
      </trkpt>
      <trkpt lat="28.11124" lon="-16.68393">
        <ele>754.1</ele>
      </trkpt>
      <trkpt lat="28.11126" lon="-16.6839">
        <ele>754.6</ele>
      </trkpt>
      <trkpt lat="28.11128" lon="-16.683869">
        <ele>755.1</ele>
      </trkpt>
      <trkpt lat="28.1113" lon="-16.68385">
        <ele>755.5</ele>
      </trkpt>
      <trkpt lat="28.11132" lon="-16.68382">
        <ele>756.0</ele>
      </trkpt>
      <trkpt lat="28.11134" lon="-16.68382">
        <ele>756.3</ele>
      </trkpt>
      <trkpt lat="28.11136" lon="-16.6838">
        <ele>756.8</ele>
      </trkpt>
      <trkpt lat="28.1114" lon="-16.683779">
        <ele>757.5</ele>
      </trkpt>
      <trkpt lat="28.11143" lon="-16.68377">
        <ele>758.1</ele>
      </trkpt>
      <trkpt lat="28.11147" lon="-16.68376">
        <ele>758.8</ele>
      </trkpt>
      <trkpt lat="28.11152" lon="-16.68376">
        <ele>759.6</ele>
      </trkpt>
      <trkpt lat="28.11157" lon="-16.68377">
        <ele>760.3</ele>
      </trkpt>
      <trkpt lat="28.11162" lon="-16.683789">
        <ele>761.1</ele>
      </trkpt>
      <trkpt lat="28.11166" lon="-16.68382">
        <ele>761.6</ele>
      </trkpt>
      <trkpt lat="28.1117" lon="-16.68385">
        <ele>762.1</ele>
      </trkpt>
      <trkpt lat="28.11172" lon="-16.68389">
        <ele>762.3</ele>
      </trkpt>
      <trkpt lat="28.11174" lon="-16.68394">
        <ele>762.4</ele>
      </trkpt>
      <trkpt lat="28.11176" lon="-16.683969">
        <ele>762.6</ele>
      </trkpt>
      <trkpt lat="28.11176" lon="-16.68401">
        <ele>762.4</ele>
      </trkpt>
      <trkpt lat="28.11177" lon="-16.684059">
        <ele>762.4</ele>
      </trkpt>
      <trkpt lat="28.11177" lon="-16.684149">
        <ele>761.9</ele>
      </trkpt>
      <trkpt lat="28.11178" lon="-16.684429">
        <ele>761.5</ele>
      </trkpt>
      <trkpt lat="28.11178" lon="-16.684619">
        <ele>761.1</ele>
      </trkpt>
      <trkpt lat="28.11178" lon="-16.684819">
        <ele>760.6</ele>
      </trkpt>
      <trkpt lat="28.1118" lon="-16.68494">
        <ele>760.6</ele>
      </trkpt>
      <trkpt lat="28.11181" lon="-16.684999">
        <ele>760.5</ele>
      </trkpt>
      <trkpt lat="28.11184" lon="-16.68505">
        <ele>760.4</ele>
      </trkpt>
      <trkpt lat="28.11185" lon="-16.68508">
        <ele>760.3</ele>
      </trkpt>
      <trkpt lat="28.11186" lon="-16.685089">
        <ele>760.3</ele>
      </trkpt>
      <trkpt lat="28.1119" lon="-16.68514">
        <ele>760.3</ele>
      </trkpt>
      <trkpt lat="28.11195" lon="-16.685179">
        <ele>760.6</ele>
      </trkpt>
      <trkpt lat="28.11199" lon="-16.685199">
        <ele>761.0</ele>
      </trkpt>
      <trkpt lat="28.112" lon="-16.68521">
        <ele>761.0</ele>
      </trkpt>
      <trkpt lat="28.11206" lon="-16.68523">
        <ele>761.7</ele>
      </trkpt>
      <trkpt lat="28.11211" lon="-16.68523">
        <ele>762.3</ele>
      </trkpt>
      <trkpt lat="28.11214" lon="-16.68524">
        <ele>762.7</ele>
      </trkpt>
      <trkpt lat="28.11218" lon="-16.68523">
        <ele>763.3</ele>
      </trkpt>
      <trkpt lat="28.11221" lon="-16.68523">
        <ele>763.6</ele>
      </trkpt>
      <trkpt lat="28.11224" lon="-16.68522">
        <ele>764.1</ele>
      </trkpt>
      <trkpt lat="28.11228" lon="-16.68521">
        <ele>764.7</ele>
      </trkpt>
      <trkpt lat="28.11233" lon="-16.685179">
        <ele>765.4</ele>
      </trkpt>
      <trkpt lat="28.11237" lon="-16.68514">
        <ele>766.1</ele>
      </trkpt>
      <trkpt lat="28.1124" lon="-16.68512">
        <ele>766.5</ele>
      </trkpt>
      <trkpt lat="28.11243" lon="-16.68508">
        <ele>767.0</ele>
      </trkpt>
      <trkpt lat="28.11247" lon="-16.68502">
        <ele>767.6</ele>
      </trkpt>
      <trkpt lat="28.11251" lon="-16.68493">
        <ele>768.7</ele>
      </trkpt>
      <trkpt lat="28.11253" lon="-16.68486">
        <ele>769.5</ele>
      </trkpt>
      <trkpt lat="28.11254" lon="-16.68474">
        <ele>770.7</ele>
      </trkpt>
      <trkpt lat="28.11255" lon="-16.68459">
        <ele>772.2</ele>
      </trkpt>
      <trkpt lat="28.11257" lon="-16.684349">
        <ele>774.7</ele>
      </trkpt>
      <trkpt lat="28.11259" lon="-16.6841">
        <ele>777.0</ele>
      </trkpt>
      <trkpt lat="28.11259" lon="-16.68403">
        <ele>777.2</ele>
      </trkpt>
      <trkpt lat="28.11262" lon="-16.683679">
        <ele>779.0</ele>
      </trkpt>
      <trkpt lat="28.11263" lon="-16.68363">
        <ele>779.3</ele>
      </trkpt>
      <trkpt lat="28.11264" lon="-16.68342">
        <ele>780.2</ele>
      </trkpt>
      <trkpt lat="28.11265" lon="-16.68336">
        <ele>780.6</ele>
      </trkpt>
      <trkpt lat="28.11267" lon="-16.68305">
        <ele>781.8</ele>
      </trkpt>
      <trkpt lat="28.11269" lon="-16.68281">
        <ele>782.8</ele>
      </trkpt>
      <trkpt lat="28.11271" lon="-16.68262">
        <ele>783.7</ele>
      </trkpt>
      <trkpt lat="28.11272" lon="-16.682469">
        <ele>784.3</ele>
      </trkpt>
      <trkpt lat="28.11273" lon="-16.682379">
        <ele>784.5</ele>
      </trkpt>
      <trkpt lat="28.11274" lon="-16.68232">
        <ele>784.7</ele>
      </trkpt>
      <trkpt lat="28.11275" lon="-16.682269">
        <ele>784.9</ele>
      </trkpt>
      <trkpt lat="28.11276" lon="-16.68222">
        <ele>785.1</ele>
      </trkpt>
      <trkpt lat="28.11278" lon="-16.682189">
        <ele>785.5</ele>
      </trkpt>
      <trkpt lat="28.11281" lon="-16.68215">
        <ele>786.0</ele>
      </trkpt>
      <trkpt lat="28.11284" lon="-16.68212">
        <ele>786.5</ele>
      </trkpt>
      <trkpt lat="28.11288" lon="-16.682089">
        <ele>787.2</ele>
      </trkpt>
      <trkpt lat="28.1129" lon="-16.68207">
        <ele>787.5</ele>
      </trkpt>
      <trkpt lat="28.11291" lon="-16.68207">
        <ele>787.6</ele>
      </trkpt>
      <trkpt lat="28.11299" lon="-16.68203">
        <ele>788.9</ele>
      </trkpt>
      <trkpt lat="28.11303" lon="-16.68202">
        <ele>789.5</ele>
      </trkpt>
      <trkpt lat="28.11306" lon="-16.68202">
        <ele>790.0</ele>
      </trkpt>
      <trkpt lat="28.11309" lon="-16.68202">
        <ele>790.4</ele>
      </trkpt>
      <trkpt lat="28.11315" lon="-16.68202">
        <ele>791.4</ele>
      </trkpt>
      <trkpt lat="28.11319" lon="-16.68204">
        <ele>792.1</ele>
      </trkpt>
      <trkpt lat="28.11324" lon="-16.68206">
        <ele>792.9</ele>
      </trkpt>
      <trkpt lat="28.1133" lon="-16.682099">
        <ele>794.0</ele>
      </trkpt>
      <trkpt lat="28.11334" lon="-16.68216">
        <ele>794.9</ele>
      </trkpt>
      <trkpt lat="28.11337" lon="-16.682189">
        <ele>795.6</ele>
      </trkpt>
      <trkpt lat="28.11337" lon="-16.6822">
        <ele>795.6</ele>
      </trkpt>
      <trkpt lat="28.11338" lon="-16.68222">
        <ele>795.9</ele>
      </trkpt>
      <trkpt lat="28.1134" lon="-16.68226">
        <ele>796.4</ele>
      </trkpt>
      <trkpt lat="28.11341" lon="-16.682289">
        <ele>796.7</ele>
      </trkpt>
      <trkpt lat="28.11342" lon="-16.68233">
        <ele>797.1</ele>
      </trkpt>
      <trkpt lat="28.11343" lon="-16.682369">
        <ele>797.4</ele>
      </trkpt>
      <trkpt lat="28.11348" lon="-16.68268">
        <ele>798.1</ele>
      </trkpt>
      <trkpt lat="28.1135" lon="-16.68278">
        <ele>798.1</ele>
      </trkpt>
      <trkpt lat="28.1135" lon="-16.68279">
        <ele>798.1</ele>
      </trkpt>
      <trkpt lat="28.11351" lon="-16.68282">
        <ele>798.2</ele>
      </trkpt>
      <trkpt lat="28.11352" lon="-16.68286">
        <ele>798.2</ele>
      </trkpt>
      <trkpt lat="28.11355" lon="-16.6829">
        <ele>798.6</ele>
      </trkpt>
      <trkpt lat="28.11357" lon="-16.682929">
        <ele>798.9</ele>
      </trkpt>
      <trkpt lat="28.1136" lon="-16.68296">
        <ele>799.3</ele>
      </trkpt>
      <trkpt lat="28.11363" lon="-16.68299">
        <ele>799.7</ele>
      </trkpt>
      <trkpt lat="28.11367" lon="-16.68301">
        <ele>800.4</ele>
      </trkpt>
      <trkpt lat="28.11372" lon="-16.683029">
        <ele>801.2</ele>
      </trkpt>
      <trkpt lat="28.11376" lon="-16.683039">
        <ele>801.9</ele>
      </trkpt>
      <trkpt lat="28.11379" lon="-16.683039">
        <ele>802.5</ele>
      </trkpt>
      <trkpt lat="28.11382" lon="-16.683029">
        <ele>803.1</ele>
      </trkpt>
      <trkpt lat="28.11387" lon="-16.68302">
        <ele>804.0</ele>
      </trkpt>
      <trkpt lat="28.11392" lon="-16.683">
        <ele>805.0</ele>
      </trkpt>
      <trkpt lat="28.11396" lon="-16.68297">
        <ele>805.9</ele>
      </trkpt>
      <trkpt lat="28.11399" lon="-16.682939">
        <ele>806.6</ele>
      </trkpt>
      <trkpt lat="28.11401" lon="-16.68291">
        <ele>807.1</ele>
      </trkpt>
      <trkpt lat="28.11403" lon="-16.68287">
        <ele>807.7</ele>
      </trkpt>
      <trkpt lat="28.11405" lon="-16.68283">
        <ele>808.2</ele>
      </trkpt>
      <trkpt lat="28.11409" lon="-16.68272">
        <ele>809.5</ele>
      </trkpt>
      <trkpt lat="28.11412" lon="-16.682649">
        <ele>810.4</ele>
      </trkpt>
      <trkpt lat="28.11417" lon="-16.68251">
        <ele>812.0</ele>
      </trkpt>
      <trkpt lat="28.11434" lon="-16.681999">
        <ele>814.1</ele>
      </trkpt>
      <trkpt lat="28.11442" lon="-16.68178">
        <ele>815.1</ele>
      </trkpt>
      <trkpt lat="28.11447" lon="-16.68165">
        <ele>815.8</ele>
      </trkpt>
      <trkpt lat="28.11451" lon="-16.68151">
        <ele>816.3</ele>
      </trkpt>
      <trkpt lat="28.11451" lon="-16.68149">
        <ele>816.2</ele>
      </trkpt>
      <trkpt lat="28.11453" lon="-16.68141">
        <ele>816.5</ele>
      </trkpt>
      <trkpt lat="28.11454" lon="-16.68133">
        <ele>816.5</ele>
      </trkpt>
      <trkpt lat="28.11454" lon="-16.68121">
        <ele>816.3</ele>
      </trkpt>
      <trkpt lat="28.11454" lon="-16.681059">
        <ele>816.0</ele>
      </trkpt>
      <trkpt lat="28.11453" lon="-16.680969">
        <ele>815.6</ele>
      </trkpt>
      <trkpt lat="28.1145" lon="-16.680879">
        <ele>814.7</ele>
      </trkpt>
      <trkpt lat="28.11447" lon="-16.680769">
        <ele>814.7</ele>
      </trkpt>
      <trkpt lat="28.11445" lon="-16.68071">
        <ele>815.1</ele>
      </trkpt>
      <trkpt lat="28.11438" lon="-16.68052">
        <ele>816.4</ele>
      </trkpt>
      <trkpt lat="28.11431" lon="-16.68035">
        <ele>817.8</ele>
      </trkpt>
      <trkpt lat="28.11422" lon="-16.6801">
        <ele>820.7</ele>
      </trkpt>
      <trkpt lat="28.11409" lon="-16.67977">
        <ele>824.6</ele>
      </trkpt>
      <trkpt lat="28.11402" lon="-16.67959">
        <ele>826.3</ele>
      </trkpt>
      <trkpt lat="28.114" lon="-16.67951">
        <ele>827.2</ele>
      </trkpt>
      <trkpt lat="28.11398" lon="-16.67944">
        <ele>827.9</ele>
      </trkpt>
      <trkpt lat="28.11397" lon="-16.67935">
        <ele>829.0</ele>
      </trkpt>
      <trkpt lat="28.11396" lon="-16.67923">
        <ele>830.6</ele>
      </trkpt>
      <trkpt lat="28.11392" lon="-16.678609">
        <ele>834.5</ele>
      </trkpt>
      <trkpt lat="28.11389" lon="-16.678159">
        <ele>837.1</ele>
      </trkpt>
      <trkpt lat="28.11389" lon="-16.67807">
        <ele>837.9</ele>
      </trkpt>
      <trkpt lat="28.11389" lon="-16.67804">
        <ele>838.2</ele>
      </trkpt>
      <trkpt lat="28.11389" lon="-16.67801">
        <ele>838.4</ele>
      </trkpt>
      <trkpt lat="28.11389" lon="-16.678">
        <ele>838.5</ele>
      </trkpt>
      <trkpt lat="28.1139" lon="-16.677969">
        <ele>838.9</ele>
      </trkpt>
      <trkpt lat="28.11391" lon="-16.67794">
        <ele>839.4</ele>
      </trkpt>
      <trkpt lat="28.11393" lon="-16.67791">
        <ele>840.0</ele>
      </trkpt>
      <trkpt lat="28.11394" lon="-16.67789">
        <ele>840.4</ele>
      </trkpt>
      <trkpt lat="28.11398" lon="-16.677869">
        <ele>841.3</ele>
      </trkpt>
      <trkpt lat="28.11401" lon="-16.677859">
        <ele>842.0</ele>
      </trkpt>
      <trkpt lat="28.11405" lon="-16.677859">
        <ele>842.7</ele>
      </trkpt>
      <trkpt lat="28.11407" lon="-16.677859">
        <ele>843.1</ele>
      </trkpt>
      <trkpt lat="28.11411" lon="-16.677869">
        <ele>843.8</ele>
      </trkpt>
      <trkpt lat="28.11414" lon="-16.67789">
        <ele>844.2</ele>
      </trkpt>
      <trkpt lat="28.11416" lon="-16.6779">
        <ele>844.5</ele>
      </trkpt>
      <trkpt lat="28.11418" lon="-16.67793">
        <ele>844.7</ele>
      </trkpt>
      <trkpt lat="28.11421" lon="-16.677969">
        <ele>845.1</ele>
      </trkpt>
      <trkpt lat="28.11443" lon="-16.67841">
        <ele>846.5</ele>
      </trkpt>
      <trkpt lat="28.11445" lon="-16.67845">
        <ele>846.6</ele>
      </trkpt>
      <trkpt lat="28.11454" lon="-16.678619">
        <ele>846.7</ele>
      </trkpt>
      <trkpt lat="28.11456" lon="-16.67865">
        <ele>846.7</ele>
      </trkpt>
      <trkpt lat="28.1146" lon="-16.678719">
        <ele>846.7</ele>
      </trkpt>
      <trkpt lat="28.11463" lon="-16.67876">
        <ele>846.8</ele>
      </trkpt>
      <trkpt lat="28.11469" lon="-16.67882">
        <ele>847.1</ele>
      </trkpt>
      <trkpt lat="28.11475" lon="-16.67888">
        <ele>847.4</ele>
      </trkpt>
      <trkpt lat="28.11485" lon="-16.67894">
        <ele>848.3</ele>
      </trkpt>
      <trkpt lat="28.11498" lon="-16.67902">
        <ele>849.1</ele>
      </trkpt>
      <trkpt lat="28.11523" lon="-16.67917">
        <ele>849.7</ele>
      </trkpt>
      <trkpt lat="28.11547" lon="-16.67932">
        <ele>849.9</ele>
      </trkpt>
      <trkpt lat="28.11554" lon="-16.67936">
        <ele>850.1</ele>
      </trkpt>
      <trkpt lat="28.11558" lon="-16.679379">
        <ele>850.2</ele>
      </trkpt>
      <trkpt lat="28.1156" lon="-16.67939">
        <ele>850.3</ele>
      </trkpt>
      <trkpt lat="28.11563" lon="-16.67939">
        <ele>850.8</ele>
      </trkpt>
      <trkpt lat="28.11566" lon="-16.67939">
        <ele>851.2</ele>
      </trkpt>
      <trkpt lat="28.11569" lon="-16.679379">
        <ele>851.7</ele>
      </trkpt>
      <trkpt lat="28.11572" lon="-16.679369">
        <ele>852.3</ele>
      </trkpt>
      <trkpt lat="28.11574" lon="-16.67935">
        <ele>852.9</ele>
      </trkpt>
      <trkpt lat="28.11577" lon="-16.67933">
        <ele>853.6</ele>
      </trkpt>
      <trkpt lat="28.11578" lon="-16.6793">
        <ele>854.2</ele>
      </trkpt>
      <trkpt lat="28.1158" lon="-16.67926">
        <ele>855.1</ele>
      </trkpt>
      <trkpt lat="28.11581" lon="-16.67924">
        <ele>855.6</ele>
      </trkpt>
      <trkpt lat="28.11581" lon="-16.67922">
        <ele>855.9</ele>
      </trkpt>
      <trkpt lat="28.11581" lon="-16.6792">
        <ele>856.2</ele>
      </trkpt>
      <trkpt lat="28.11581" lon="-16.679179">
        <ele>856.5</ele>
      </trkpt>
      <trkpt lat="28.11581" lon="-16.67916">
        <ele>856.9</ele>
      </trkpt>
      <trkpt lat="28.1158" lon="-16.67914">
        <ele>857.4</ele>
      </trkpt>
      <trkpt lat="28.11579" lon="-16.67911">
        <ele>858.1</ele>
      </trkpt>
      <trkpt lat="28.11577" lon="-16.67907">
        <ele>859.0</ele>
      </trkpt>
      <trkpt lat="28.11575" lon="-16.67904">
        <ele>859.6</ele>
      </trkpt>
      <trkpt lat="28.11566" lon="-16.67897">
        <ele>860.3</ele>
      </trkpt>
      <trkpt lat="28.11564" lon="-16.67895">
        <ele>860.5</ele>
      </trkpt>
      <trkpt lat="28.11552" lon="-16.67885">
        <ele>861.2</ele>
      </trkpt>
      <trkpt lat="28.11548" lon="-16.67882">
        <ele>861.2</ele>
      </trkpt>
      <trkpt lat="28.11527" lon="-16.67864">
        <ele>861.3</ele>
      </trkpt>
      <trkpt lat="28.1152" lon="-16.67857">
        <ele>861.3</ele>
      </trkpt>
      <trkpt lat="28.11517" lon="-16.678519">
        <ele>861.7</ele>
      </trkpt>
      <trkpt lat="28.11515" lon="-16.6785">
        <ele>861.6</ele>
      </trkpt>
      <trkpt lat="28.11514" lon="-16.67847">
        <ele>861.9</ele>
      </trkpt>
      <trkpt lat="28.11511" lon="-16.67841">
        <ele>862.4</ele>
      </trkpt>
      <trkpt lat="28.11502" lon="-16.678149">
        <ele>863.1</ele>
      </trkpt>
      <trkpt lat="28.115" lon="-16.67808">
        <ele>863.1</ele>
      </trkpt>
      <trkpt lat="28.11499" lon="-16.67804">
        <ele>863.2</ele>
      </trkpt>
      <trkpt lat="28.11498" lon="-16.67799">
        <ele>863.4</ele>
      </trkpt>
      <trkpt lat="28.11498" lon="-16.677959">
        <ele>863.7</ele>
      </trkpt>
      <trkpt lat="28.11498" lon="-16.67792">
        <ele>864.0</ele>
      </trkpt>
      <trkpt lat="28.11498" lon="-16.67789">
        <ele>864.2</ele>
      </trkpt>
      <trkpt lat="28.11498" lon="-16.677859">
        <ele>864.5</ele>
      </trkpt>
      <trkpt lat="28.11498" lon="-16.67785">
        <ele>864.6</ele>
      </trkpt>
      <trkpt lat="28.11499" lon="-16.67782">
        <ele>865.1</ele>
      </trkpt>
      <trkpt lat="28.115" lon="-16.6778">
        <ele>865.5</ele>
      </trkpt>
      <trkpt lat="28.11502" lon="-16.677779">
        <ele>866.2</ele>
      </trkpt>
      <trkpt lat="28.11503" lon="-16.67776">
        <ele>866.7</ele>
      </trkpt>
      <trkpt lat="28.11504" lon="-16.67775">
        <ele>867.1</ele>
      </trkpt>
      <trkpt lat="28.11506" lon="-16.67775">
        <ele>867.7</ele>
      </trkpt>
      <trkpt lat="28.11507" lon="-16.67774">
        <ele>868.1</ele>
      </trkpt>
      <trkpt lat="28.11509" lon="-16.67773">
        <ele>868.7</ele>
      </trkpt>
      <trkpt lat="28.11512" lon="-16.67773">
        <ele>869.6</ele>
      </trkpt>
      <trkpt lat="28.11514" lon="-16.67774">
        <ele>870.1</ele>
      </trkpt>
      <trkpt lat="28.11516" lon="-16.67774">
        <ele>870.7</ele>
      </trkpt>
      <trkpt lat="28.11519" lon="-16.67776">
        <ele>871.4</ele>
      </trkpt>
      <trkpt lat="28.11521" lon="-16.677779">
        <ele>871.8</ele>
      </trkpt>
      <trkpt lat="28.11523" lon="-16.67781">
        <ele>872.1</ele>
      </trkpt>
      <trkpt lat="28.11524" lon="-16.67784">
        <ele>872.0</ele>
      </trkpt>
      <trkpt lat="28.11526" lon="-16.67789">
        <ele>872.1</ele>
      </trkpt>
      <trkpt lat="28.1153" lon="-16.67801">
        <ele>872.0</ele>
      </trkpt>
      <trkpt lat="28.11531" lon="-16.67803">
        <ele>872.0</ele>
      </trkpt>
      <trkpt lat="28.11532" lon="-16.678059">
        <ele>872.0</ele>
      </trkpt>
      <trkpt lat="28.11533" lon="-16.67807">
        <ele>872.2</ele>
      </trkpt>
      <trkpt lat="28.11536" lon="-16.67813">
        <ele>872.3</ele>
      </trkpt>
      <trkpt lat="28.11541" lon="-16.67823">
        <ele>872.5</ele>
      </trkpt>
      <trkpt lat="28.11546" lon="-16.67832">
        <ele>872.8</ele>
      </trkpt>
      <trkpt lat="28.11551" lon="-16.6784">
        <ele>872.2</ele>
      </trkpt>
      <trkpt lat="28.11552" lon="-16.678429">
        <ele>871.7</ele>
      </trkpt>
      <trkpt lat="28.11555" lon="-16.67846">
        <ele>871.6</ele>
      </trkpt>
      <trkpt lat="28.11558" lon="-16.6785">
        <ele>871.3</ele>
      </trkpt>
      <trkpt lat="28.11562" lon="-16.678519">
        <ele>871.7</ele>
      </trkpt>
      <trkpt lat="28.11564" lon="-16.67854">
        <ele>871.6</ele>
      </trkpt>
      <trkpt lat="28.11566" lon="-16.67855">
        <ele>871.7</ele>
      </trkpt>
      <trkpt lat="28.11578" lon="-16.6786">
        <ele>872.9</ele>
      </trkpt>
      <trkpt lat="28.11601" lon="-16.6787">
        <ele>874.1</ele>
      </trkpt>
      <trkpt lat="28.11629" lon="-16.67883">
        <ele>874.8</ele>
      </trkpt>
      <trkpt lat="28.11631" lon="-16.67884">
        <ele>874.8</ele>
      </trkpt>
      <trkpt lat="28.11646" lon="-16.678899">
        <ele>875.2</ele>
      </trkpt>
      <trkpt lat="28.11666" lon="-16.67898">
        <ele>875.6</ele>
      </trkpt>
      <trkpt lat="28.1167" lon="-16.678999">
        <ele>875.6</ele>
      </trkpt>
      <trkpt lat="28.11673" lon="-16.67901">
        <ele>875.8</ele>
      </trkpt>
      <trkpt lat="28.11676" lon="-16.67901">
        <ele>876.3</ele>
      </trkpt>
      <trkpt lat="28.11679" lon="-16.67901">
        <ele>876.9</ele>
      </trkpt>
      <trkpt lat="28.11682" lon="-16.67901">
        <ele>877.4</ele>
      </trkpt>
      <trkpt lat="28.11685" lon="-16.678989">
        <ele>878.6</ele>
      </trkpt>
      <trkpt lat="28.11687" lon="-16.67897">
        <ele>879.6</ele>
      </trkpt>
      <trkpt lat="28.11687" lon="-16.67896">
        <ele>879.9</ele>
      </trkpt>
      <trkpt lat="28.11688" lon="-16.67894">
        <ele>880.8</ele>
      </trkpt>
      <trkpt lat="28.11689" lon="-16.67892">
        <ele>881.6</ele>
      </trkpt>
      <trkpt lat="28.11689" lon="-16.67889">
        <ele>882.5</ele>
      </trkpt>
      <trkpt lat="28.11688" lon="-16.67885">
        <ele>883.7</ele>
      </trkpt>
      <trkpt lat="28.11688" lon="-16.67883">
        <ele>884.3</ele>
      </trkpt>
      <trkpt lat="28.11687" lon="-16.678799">
        <ele>885.2</ele>
      </trkpt>
      <trkpt lat="28.11685" lon="-16.67877">
        <ele>885.9</ele>
      </trkpt>
      <trkpt lat="28.11684" lon="-16.67875">
        <ele>886.4</ele>
      </trkpt>
      <trkpt lat="28.11683" lon="-16.67875">
        <ele>886.3</ele>
      </trkpt>
      <trkpt lat="28.11682" lon="-16.67874">
        <ele>886.5</ele>
      </trkpt>
      <trkpt lat="28.11674" lon="-16.6787">
        <ele>886.8</ele>
      </trkpt>
      <trkpt lat="28.11666" lon="-16.67867">
        <ele>886.8</ele>
      </trkpt>
      <trkpt lat="28.11658" lon="-16.67864">
        <ele>886.4</ele>
      </trkpt>
      <trkpt lat="28.11649" lon="-16.6786">
        <ele>886.1</ele>
      </trkpt>
      <trkpt lat="28.11641" lon="-16.67857">
        <ele>885.7</ele>
      </trkpt>
      <trkpt lat="28.11632" lon="-16.678529">
        <ele>885.3</ele>
      </trkpt>
      <trkpt lat="28.1163" lon="-16.678519">
        <ele>885.3</ele>
      </trkpt>
      <trkpt lat="28.11626" lon="-16.67848">
        <ele>885.9</ele>
      </trkpt>
      <trkpt lat="28.11621" lon="-16.678429">
        <ele>886.5</ele>
      </trkpt>
      <trkpt lat="28.11617" lon="-16.67838">
        <ele>887.4</ele>
      </trkpt>
      <trkpt lat="28.11614" lon="-16.67832">
        <ele>888.5</ele>
      </trkpt>
      <trkpt lat="28.11612" lon="-16.67827">
        <ele>888.8</ele>
      </trkpt>
      <trkpt lat="28.11609" lon="-16.67818">
        <ele>889.6</ele>
      </trkpt>
      <trkpt lat="28.11606" lon="-16.67807">
        <ele>890.6</ele>
      </trkpt>
      <trkpt lat="28.11599" lon="-16.67783">
        <ele>892.7</ele>
      </trkpt>
      <trkpt lat="28.11595" lon="-16.67766">
        <ele>894.3</ele>
      </trkpt>
      <trkpt lat="28.11595" lon="-16.67762">
        <ele>894.9</ele>
      </trkpt>
      <trkpt lat="28.11595" lon="-16.677589">
        <ele>895.3</ele>
      </trkpt>
      <trkpt lat="28.11595" lon="-16.67755">
        <ele>895.9</ele>
      </trkpt>
      <trkpt lat="28.11596" lon="-16.67752">
        <ele>896.6</ele>
      </trkpt>
      <trkpt lat="28.11597" lon="-16.677499">
        <ele>897.1</ele>
      </trkpt>
      <trkpt lat="28.11598" lon="-16.67748">
        <ele>897.9</ele>
      </trkpt>
      <trkpt lat="28.11599" lon="-16.67747">
        <ele>898.3</ele>
      </trkpt>
      <trkpt lat="28.116" lon="-16.67746">
        <ele>898.8</ele>
      </trkpt>
      <trkpt lat="28.11602" lon="-16.67745">
        <ele>899.5</ele>
      </trkpt>
      <trkpt lat="28.11606" lon="-16.67743">
        <ele>900.9</ele>
      </trkpt>
      <trkpt lat="28.11608" lon="-16.67743">
        <ele>901.3</ele>
      </trkpt>
      <trkpt lat="28.11611" lon="-16.67743">
        <ele>902.0</ele>
      </trkpt>
      <trkpt lat="28.11614" lon="-16.67743">
        <ele>902.6</ele>
      </trkpt>
      <trkpt lat="28.11618" lon="-16.67745">
        <ele>903.0</ele>
      </trkpt>
      <trkpt lat="28.1162" lon="-16.67745">
        <ele>903.5</ele>
      </trkpt>
      <trkpt lat="28.11621" lon="-16.67747">
        <ele>903.3</ele>
      </trkpt>
      <trkpt lat="28.11624" lon="-16.67751">
        <ele>903.1</ele>
      </trkpt>
      <trkpt lat="28.11628" lon="-16.677589">
        <ele>902.8</ele>
      </trkpt>
      <trkpt lat="28.11629" lon="-16.6776">
        <ele>902.8</ele>
      </trkpt>
      <trkpt lat="28.11636" lon="-16.677779">
        <ele>901.6</ele>
      </trkpt>
      <trkpt lat="28.11639" lon="-16.67785">
        <ele>901.1</ele>
      </trkpt>
      <trkpt lat="28.11646" lon="-16.67798">
        <ele>900.5</ele>
      </trkpt>
      <trkpt lat="28.11649" lon="-16.67802">
        <ele>900.5</ele>
      </trkpt>
      <trkpt lat="28.11652" lon="-16.678049">
        <ele>900.7</ele>
      </trkpt>
      <trkpt lat="28.11656" lon="-16.67808">
        <ele>901.0</ele>
      </trkpt>
      <trkpt lat="28.1166" lon="-16.6781">
        <ele>901.5</ele>
      </trkpt>
      <trkpt lat="28.11667" lon="-16.67813">
        <ele>902.4</ele>
      </trkpt>
      <trkpt lat="28.11674" lon="-16.67814">
        <ele>902.9</ele>
      </trkpt>
      <trkpt lat="28.11683" lon="-16.678149">
        <ele>903.5</ele>
      </trkpt>
      <trkpt lat="28.11706" lon="-16.67814">
        <ele>905.7</ele>
      </trkpt>
      <trkpt lat="28.11733" lon="-16.678149">
        <ele>907.9</ele>
      </trkpt>
      <trkpt lat="28.11747" lon="-16.678159">
        <ele>908.9</ele>
      </trkpt>
      <trkpt lat="28.11753" lon="-16.67817">
        <ele>909.1</ele>
      </trkpt>
      <trkpt lat="28.11755" lon="-16.67817">
        <ele>909.2</ele>
      </trkpt>
      <trkpt lat="28.11757" lon="-16.678159">
        <ele>909.6</ele>
      </trkpt>
      <trkpt lat="28.1176" lon="-16.67814">
        <ele>910.2</ele>
      </trkpt>
      <trkpt lat="28.11762" lon="-16.67813">
        <ele>910.5</ele>
      </trkpt>
      <trkpt lat="28.11764" lon="-16.67811">
        <ele>911.1</ele>
      </trkpt>
      <trkpt lat="28.11765" lon="-16.67808">
        <ele>911.8</ele>
      </trkpt>
      <trkpt lat="28.11767" lon="-16.678049">
        <ele>912.5</ele>
      </trkpt>
      <trkpt lat="28.11767" lon="-16.678">
        <ele>913.5</ele>
      </trkpt>
      <trkpt lat="28.11767" lon="-16.67795">
        <ele>914.5</ele>
      </trkpt>
      <trkpt lat="28.11767" lon="-16.67791">
        <ele>915.3</ele>
      </trkpt>
      <trkpt lat="28.11766" lon="-16.67789">
        <ele>915.7</ele>
      </trkpt>
      <trkpt lat="28.11765" lon="-16.677869">
        <ele>916.2</ele>
      </trkpt>
      <trkpt lat="28.11762" lon="-16.67784">
        <ele>916.8</ele>
      </trkpt>
      <trkpt lat="28.1176" lon="-16.67782">
        <ele>917.2</ele>
      </trkpt>
      <trkpt lat="28.11756" lon="-16.67779">
        <ele>918.0</ele>
      </trkpt>
      <trkpt lat="28.11755" lon="-16.67779">
        <ele>918.0</ele>
      </trkpt>
      <trkpt lat="28.11754" lon="-16.67779">
        <ele>918.0</ele>
      </trkpt>
      <trkpt lat="28.11753" lon="-16.677779">
        <ele>918.2</ele>
      </trkpt>
      <trkpt lat="28.11744" lon="-16.677769">
        <ele>917.8</ele>
      </trkpt>
      <trkpt lat="28.11738" lon="-16.67776">
        <ele>917.3</ele>
      </trkpt>
      <trkpt lat="28.11737" lon="-16.67775">
        <ele>917.4</ele>
      </trkpt>
      <trkpt lat="28.11731" lon="-16.67774">
        <ele>916.9</ele>
      </trkpt>
      <trkpt lat="28.11724" lon="-16.67772">
        <ele>916.5</ele>
      </trkpt>
      <trkpt lat="28.11722" lon="-16.67771">
        <ele>916.4</ele>
      </trkpt>
      <trkpt lat="28.1172" lon="-16.6777">
        <ele>916.4</ele>
      </trkpt>
      <trkpt lat="28.1172" lon="-16.677689">
        <ele>916.6</ele>
      </trkpt>
      <trkpt lat="28.11719" lon="-16.677679">
        <ele>916.7</ele>
      </trkpt>
      <trkpt lat="28.11717" lon="-16.67766">
        <ele>916.9</ele>
      </trkpt>
      <trkpt lat="28.11714" lon="-16.67761">
        <ele>917.5</ele>
      </trkpt>
      <trkpt lat="28.1171" lon="-16.67753">
        <ele>918.6</ele>
      </trkpt>
      <trkpt lat="28.11708" lon="-16.67746">
        <ele>919.6</ele>
      </trkpt>
      <trkpt lat="28.11705" lon="-16.67736">
        <ele>920.6</ele>
      </trkpt>
      <trkpt lat="28.11701" lon="-16.67719">
        <ele>922.6</ele>
      </trkpt>
      <trkpt lat="28.11696" lon="-16.67695">
        <ele>925.6</ele>
      </trkpt>
      <trkpt lat="28.11695" lon="-16.676929">
        <ele>925.7</ele>
      </trkpt>
      <trkpt lat="28.11691" lon="-16.67678">
        <ele>927.5</ele>
      </trkpt>
      <trkpt lat="28.11691" lon="-16.676739">
        <ele>928.1</ele>
      </trkpt>
      <trkpt lat="28.1169" lon="-16.67669">
        <ele>928.7</ele>
      </trkpt>
      <trkpt lat="28.11689" lon="-16.676649">
        <ele>929.3</ele>
      </trkpt>
      <trkpt lat="28.1169" lon="-16.67662">
        <ele>930.2</ele>
      </trkpt>
      <trkpt lat="28.1169" lon="-16.6766">
        <ele>930.7</ele>
      </trkpt>
      <trkpt lat="28.1169" lon="-16.67659">
        <ele>930.9</ele>
      </trkpt>
      <trkpt lat="28.11693" lon="-16.676549">
        <ele>932.2</ele>
      </trkpt>
      <trkpt lat="28.11695" lon="-16.67653">
        <ele>932.8</ele>
      </trkpt>
      <trkpt lat="28.11698" lon="-16.67651">
        <ele>933.6</ele>
      </trkpt>
      <trkpt lat="28.11701" lon="-16.67649">
        <ele>934.4</ele>
      </trkpt>
      <trkpt lat="28.11706" lon="-16.67649">
        <ele>934.9</ele>
      </trkpt>
      <trkpt lat="28.1171" lon="-16.6765">
        <ele>935.1</ele>
      </trkpt>
      <trkpt lat="28.11711" lon="-16.6765">
        <ele>935.2</ele>
      </trkpt>
      <trkpt lat="28.11715" lon="-16.67652">
        <ele>935.2</ele>
      </trkpt>
      <trkpt lat="28.11718" lon="-16.676549">
        <ele>935.0</ele>
      </trkpt>
      <trkpt lat="28.11722" lon="-16.6766">
        <ele>934.5</ele>
      </trkpt>
      <trkpt lat="28.11726" lon="-16.67668">
        <ele>933.6</ele>
      </trkpt>
      <trkpt lat="28.11732" lon="-16.67681">
        <ele>932.5</ele>
      </trkpt>
      <trkpt lat="28.11735" lon="-16.67688">
        <ele>931.9</ele>
      </trkpt>
      <trkpt lat="28.1174" lon="-16.67696">
        <ele>931.4</ele>
      </trkpt>
      <trkpt lat="28.11743" lon="-16.677">
        <ele>931.2</ele>
      </trkpt>
      <trkpt lat="28.11747" lon="-16.67705">
        <ele>931.1</ele>
      </trkpt>
      <trkpt lat="28.11758" lon="-16.67715">
        <ele>929.6</ele>
      </trkpt>
      <trkpt lat="28.11761" lon="-16.67717">
        <ele>929.2</ele>
      </trkpt>
      <trkpt lat="28.11765" lon="-16.67719">
        <ele>928.7</ele>
      </trkpt>
      <trkpt lat="28.1177" lon="-16.677209">
        <ele>928.1</ele>
      </trkpt>
      <trkpt lat="28.11775" lon="-16.677209">
        <ele>927.8</ele>
      </trkpt>
      <trkpt lat="28.1178" lon="-16.677209">
        <ele>927.5</ele>
      </trkpt>
      <trkpt lat="28.11784" lon="-16.677209">
        <ele>927.3</ele>
      </trkpt>
      <trkpt lat="28.1179" lon="-16.67719">
        <ele>927.3</ele>
      </trkpt>
      <trkpt lat="28.11795" lon="-16.67716">
        <ele>927.5</ele>
      </trkpt>
      <trkpt lat="28.11798" lon="-16.67714">
        <ele>927.7</ele>
      </trkpt>
      <trkpt lat="28.118" lon="-16.677109">
        <ele>928.1</ele>
      </trkpt>
      <trkpt lat="28.11805" lon="-16.677029">
        <ele>929.3</ele>
      </trkpt>
      <trkpt lat="28.11808" lon="-16.67695">
        <ele>930.6</ele>
      </trkpt>
      <trkpt lat="28.1181" lon="-16.6769">
        <ele>931.4</ele>
      </trkpt>
      <trkpt lat="28.11812" lon="-16.6768">
        <ele>933.1</ele>
      </trkpt>
      <trkpt lat="28.11826" lon="-16.67632">
        <ele>939.4</ele>
      </trkpt>
      <trkpt lat="28.11833" lon="-16.67605">
        <ele>942.4</ele>
      </trkpt>
      <trkpt lat="28.11834" lon="-16.67596">
        <ele>943.5</ele>
      </trkpt>
      <trkpt lat="28.11834" lon="-16.67595">
        <ele>943.6</ele>
      </trkpt>
      <trkpt lat="28.11835" lon="-16.67585">
        <ele>944.8</ele>
      </trkpt>
      <trkpt lat="28.11835" lon="-16.675799">
        <ele>945.2</ele>
      </trkpt>
      <trkpt lat="28.11834" lon="-16.67573">
        <ele>945.8</ele>
      </trkpt>
      <trkpt lat="28.11832" lon="-16.67568">
        <ele>946.2</ele>
      </trkpt>
      <trkpt lat="28.11831" lon="-16.67564">
        <ele>946.5</ele>
      </trkpt>
      <trkpt lat="28.11824" lon="-16.67554">
        <ele>947.9</ele>
      </trkpt>
      <trkpt lat="28.11821" lon="-16.6755">
        <ele>948.5</ele>
      </trkpt>
      <trkpt lat="28.11818" lon="-16.67546">
        <ele>949.1</ele>
      </trkpt>
      <trkpt lat="28.11813" lon="-16.675429">
        <ele>949.9</ele>
      </trkpt>
      <trkpt lat="28.11811" lon="-16.675419">
        <ele>950.2</ele>
      </trkpt>
      <trkpt lat="28.11805" lon="-16.67539">
        <ele>951.2</ele>
      </trkpt>
      <trkpt lat="28.11797" lon="-16.67538">
        <ele>952.2</ele>
      </trkpt>
      <trkpt lat="28.11787" lon="-16.67538">
        <ele>953.3</ele>
      </trkpt>
      <trkpt lat="28.11778" lon="-16.6754">
        <ele>953.9</ele>
      </trkpt>
      <trkpt lat="28.11766" lon="-16.675429">
        <ele>954.6</ele>
      </trkpt>
      <trkpt lat="28.11761" lon="-16.67545">
        <ele>954.8</ele>
      </trkpt>
      <trkpt lat="28.11726" lon="-16.67556">
        <ele>953.9</ele>
      </trkpt>
      <trkpt lat="28.11707" lon="-16.67563">
        <ele>952.7</ele>
      </trkpt>
      <trkpt lat="28.11685" lon="-16.67569">
        <ele>951.7</ele>
      </trkpt>
      <trkpt lat="28.1167" lon="-16.67574">
        <ele>950.9</ele>
      </trkpt>
      <trkpt lat="28.11661" lon="-16.67576">
        <ele>949.4</ele>
      </trkpt>
      <trkpt lat="28.11657" lon="-16.67575">
        <ele>948.8</ele>
      </trkpt>
      <trkpt lat="28.11653" lon="-16.67575">
        <ele>948.0</ele>
      </trkpt>
      <trkpt lat="28.11651" lon="-16.67574">
        <ele>947.8</ele>
      </trkpt>
      <trkpt lat="28.11648" lon="-16.67573">
        <ele>947.4</ele>
      </trkpt>
      <trkpt lat="28.11644" lon="-16.67569">
        <ele>947.3</ele>
      </trkpt>
      <trkpt lat="28.11641" lon="-16.67566">
        <ele>947.2</ele>
      </trkpt>
      <trkpt lat="28.11637" lon="-16.6756">
        <ele>947.2</ele>
      </trkpt>
      <trkpt lat="28.11636" lon="-16.67558">
        <ele>947.3</ele>
      </trkpt>
      <trkpt lat="28.11635" lon="-16.675529">
        <ele>947.8</ele>
      </trkpt>
      <trkpt lat="28.11635" lon="-16.6755">
        <ele>948.3</ele>
      </trkpt>
      <trkpt lat="28.11635" lon="-16.67548">
        <ele>948.6</ele>
      </trkpt>
      <trkpt lat="28.11635" lon="-16.675419">
        <ele>949.5</ele>
      </trkpt>
      <trkpt lat="28.11638" lon="-16.67529">
        <ele>952.2</ele>
      </trkpt>
      <trkpt lat="28.11645" lon="-16.6751">
        <ele>957.3</ele>
      </trkpt>
      <trkpt lat="28.1165" lon="-16.67498">
        <ele>960.7</ele>
      </trkpt>
      <trkpt lat="28.11656" lon="-16.67484">
        <ele>963.1</ele>
      </trkpt>
      <trkpt lat="28.11662" lon="-16.67473">
        <ele>965.2</ele>
      </trkpt>
      <trkpt lat="28.11663" lon="-16.6747">
        <ele>965.6</ele>
      </trkpt>
      <trkpt lat="28.11675" lon="-16.67457">
        <ele>967.6</ele>
      </trkpt>
      <trkpt lat="28.11684" lon="-16.67447">
        <ele>968.8</ele>
      </trkpt>
      <trkpt lat="28.11697" lon="-16.67434">
        <ele>971.0</ele>
      </trkpt>
      <trkpt lat="28.11702" lon="-16.67427">
        <ele>972.2</ele>
      </trkpt>
      <trkpt lat="28.11707" lon="-16.674209">
        <ele>973.4</ele>
      </trkpt>
      <trkpt lat="28.11709" lon="-16.67415">
        <ele>974.3</ele>
      </trkpt>
      <trkpt lat="28.1171" lon="-16.674119">
        <ele>974.7</ele>
      </trkpt>
      <trkpt lat="28.11711" lon="-16.67409">
        <ele>975.2</ele>
      </trkpt>
      <trkpt lat="28.11711" lon="-16.67405">
        <ele>975.6</ele>
      </trkpt>
      <trkpt lat="28.11711" lon="-16.674029">
        <ele>975.9</ele>
      </trkpt>
      <trkpt lat="28.11711" lon="-16.67401">
        <ele>976.1</ele>
      </trkpt>
      <trkpt lat="28.1171" lon="-16.67398">
        <ele>976.3</ele>
      </trkpt>
      <trkpt lat="28.1171" lon="-16.67395">
        <ele>976.6</ele>
      </trkpt>
      <trkpt lat="28.11708" lon="-16.67391">
        <ele>976.7</ele>
      </trkpt>
      <trkpt lat="28.11706" lon="-16.67387">
        <ele>976.9</ele>
      </trkpt>
      <trkpt lat="28.11701" lon="-16.6738">
        <ele>977.0</ele>
      </trkpt>
      <trkpt lat="28.11693" lon="-16.67371">
        <ele>976.9</ele>
      </trkpt>
      <trkpt lat="28.11685" lon="-16.67361">
        <ele>977.0</ele>
      </trkpt>
      <trkpt lat="28.1168" lon="-16.67353">
        <ele>977.3</ele>
      </trkpt>
      <trkpt lat="28.11677" lon="-16.67348">
        <ele>977.5</ele>
      </trkpt>
      <trkpt lat="28.11676" lon="-16.673449">
        <ele>977.8</ele>
      </trkpt>
      <trkpt lat="28.11676" lon="-16.67343">
        <ele>978.0</ele>
      </trkpt>
      <trkpt lat="28.11675" lon="-16.6734">
        <ele>978.2</ele>
      </trkpt>
      <trkpt lat="28.11675" lon="-16.67338">
        <ele>978.5</ele>
      </trkpt>
      <trkpt lat="28.11675" lon="-16.67335">
        <ele>978.8</ele>
      </trkpt>
      <trkpt lat="28.11675" lon="-16.67333">
        <ele>979.0</ele>
      </trkpt>
      <trkpt lat="28.11675" lon="-16.67329">
        <ele>978.8</ele>
      </trkpt>
      <trkpt lat="28.11677" lon="-16.67325">
        <ele>978.9</ele>
      </trkpt>
      <trkpt lat="28.11677" lon="-16.67323">
        <ele>978.8</ele>
      </trkpt>
      <trkpt lat="28.1168" lon="-16.67319">
        <ele>979.0</ele>
      </trkpt>
      <trkpt lat="28.11683" lon="-16.67315">
        <ele>979.2</ele>
      </trkpt>
      <trkpt lat="28.11689" lon="-16.67311">
        <ele>979.7</ele>
      </trkpt>
      <trkpt lat="28.11692" lon="-16.673089">
        <ele>979.9</ele>
      </trkpt>
      <trkpt lat="28.11706" lon="-16.67302">
        <ele>981.1</ele>
      </trkpt>
      <trkpt lat="28.11716" lon="-16.672989">
        <ele>982.0</ele>
      </trkpt>
      <trkpt lat="28.11739" lon="-16.67291">
        <ele>983.8</ele>
      </trkpt>
      <trkpt lat="28.11748" lon="-16.67287">
        <ele>984.5</ele>
      </trkpt>
      <trkpt lat="28.11757" lon="-16.67285">
        <ele>984.8</ele>
      </trkpt>
      <trkpt lat="28.11776" lon="-16.67279">
        <ele>985.2</ele>
      </trkpt>
      <trkpt lat="28.11793" lon="-16.67274">
        <ele>985.8</ele>
      </trkpt>
      <trkpt lat="28.11804" lon="-16.672709">
        <ele>986.3</ele>
      </trkpt>
      <trkpt lat="28.11809" lon="-16.672699">
        <ele>986.5</ele>
      </trkpt>
      <trkpt lat="28.11811" lon="-16.672699">
        <ele>986.6</ele>
      </trkpt>
      <trkpt lat="28.1182" lon="-16.67269">
        <ele>987.1</ele>
      </trkpt>
      <trkpt lat="28.11826" lon="-16.672699">
        <ele>987.4</ele>
      </trkpt>
      <trkpt lat="28.11827" lon="-16.672709">
        <ele>987.4</ele>
      </trkpt>
      <trkpt lat="28.11836" lon="-16.67273">
        <ele>987.9</ele>
      </trkpt>
      <trkpt lat="28.11852" lon="-16.67277">
        <ele>988.6</ele>
      </trkpt>
      <trkpt lat="28.1187" lon="-16.672809">
        <ele>989.3</ele>
      </trkpt>
      <trkpt lat="28.11882" lon="-16.67284">
        <ele>989.8</ele>
      </trkpt>
      <trkpt lat="28.11898" lon="-16.67287">
        <ele>990.4</ele>
      </trkpt>
      <trkpt lat="28.11908" lon="-16.672889">
        <ele>990.8</ele>
      </trkpt>
      <trkpt lat="28.11915" lon="-16.672889">
        <ele>991.1</ele>
      </trkpt>
      <trkpt lat="28.11919" lon="-16.672899">
        <ele>990.9</ele>
      </trkpt>
      <trkpt lat="28.1193" lon="-16.67287">
        <ele>990.5</ele>
      </trkpt>
      <trkpt lat="28.11938" lon="-16.67286">
        <ele>990.1</ele>
      </trkpt>
      <trkpt lat="28.11945" lon="-16.67283">
        <ele>989.9</ele>
      </trkpt>
      <trkpt lat="28.11951" lon="-16.67278">
        <ele>990.0</ele>
      </trkpt>
      <trkpt lat="28.1196" lon="-16.672699">
        <ele>990.3</ele>
      </trkpt>
      <trkpt lat="28.11962" lon="-16.67267">
        <ele>990.4</ele>
      </trkpt>
      <trkpt lat="28.11964" lon="-16.67264">
        <ele>990.6</ele>
      </trkpt>
      <trkpt lat="28.11968" lon="-16.67255">
        <ele>991.3</ele>
      </trkpt>
      <trkpt lat="28.1197" lon="-16.67247">
        <ele>992.1</ele>
      </trkpt>
      <trkpt lat="28.1197" lon="-16.672429">
        <ele>992.7</ele>
      </trkpt>
      <trkpt lat="28.11971" lon="-16.67231">
        <ele>994.3</ele>
      </trkpt>
      <trkpt lat="28.11972" lon="-16.67212">
        <ele>997.0</ele>
      </trkpt>
      <trkpt lat="28.1197" lon="-16.67192">
        <ele>999.7</ele>
      </trkpt>
      <trkpt lat="28.11968" lon="-16.67179">
        <ele>1001.3</ele>
      </trkpt>
      <trkpt lat="28.11967" lon="-16.67175">
        <ele>1001.7</ele>
      </trkpt>
      <trkpt lat="28.1196" lon="-16.67141">
        <ele>1004.8</ele>
      </trkpt>
      <trkpt lat="28.11959" lon="-16.67137">
        <ele>1005.1</ele>
      </trkpt>
      <trkpt lat="28.11956" lon="-16.67123">
        <ele>1006.2</ele>
      </trkpt>
      <trkpt lat="28.11941" lon="-16.67061">
        <ele>1009.1</ele>
      </trkpt>
      <trkpt lat="28.11935" lon="-16.670369">
        <ele>1009.9</ele>
      </trkpt>
      <trkpt lat="28.11921" lon="-16.66978">
        <ele>1012.4</ele>
      </trkpt>
      <trkpt lat="28.11921" lon="-16.66977">
        <ele>1012.4</ele>
      </trkpt>
      <trkpt lat="28.1192" lon="-16.66975">
        <ele>1012.5</ele>
      </trkpt>
      <trkpt lat="28.11914" lon="-16.669519">
        <ele>1013.0</ele>
      </trkpt>
      <trkpt lat="28.11906" lon="-16.669339">
        <ele>1013.0</ele>
      </trkpt>
      <trkpt lat="28.11869" lon="-16.66878">
        <ele>1013.9</ele>
      </trkpt>
      <trkpt lat="28.1186" lon="-16.66864">
        <ele>1014.4</ele>
      </trkpt>
      <trkpt lat="28.11858" lon="-16.66862">
        <ele>1014.4</ele>
      </trkpt>
      <trkpt lat="28.11856" lon="-16.668579">
        <ele>1014.6</ele>
      </trkpt>
      <trkpt lat="28.11853" lon="-16.66854">
        <ele>1014.7</ele>
      </trkpt>
      <trkpt lat="28.11852" lon="-16.66852">
        <ele>1014.8</ele>
      </trkpt>
      <trkpt lat="28.11849" lon="-16.66847">
        <ele>1015.0</ele>
      </trkpt>
      <trkpt lat="28.11848" lon="-16.66845">
        <ele>1015.1</ele>
      </trkpt>
      <trkpt lat="28.11846" lon="-16.66841">
        <ele>1015.3</ele>
      </trkpt>
      <trkpt lat="28.11846" lon="-16.668399">
        <ele>1015.4</ele>
      </trkpt>
      <trkpt lat="28.11844" lon="-16.66835">
        <ele>1015.7</ele>
      </trkpt>
      <trkpt lat="28.11843" lon="-16.66828">
        <ele>1016.1</ele>
      </trkpt>
      <trkpt lat="28.11843" lon="-16.668199">
        <ele>1016.6</ele>
      </trkpt>
      <trkpt lat="28.11842" lon="-16.66816">
        <ele>1016.8</ele>
      </trkpt>
      <trkpt lat="28.11843" lon="-16.668">
        <ele>1017.9</ele>
      </trkpt>
      <trkpt lat="28.11843" lon="-16.66779">
        <ele>1019.1</ele>
      </trkpt>
      <trkpt lat="28.11847" lon="-16.66702">
        <ele>1021.7</ele>
      </trkpt>
      <trkpt lat="28.11849" lon="-16.66666">
        <ele>1022.3</ele>
      </trkpt>
      <trkpt lat="28.11851" lon="-16.66637">
        <ele>1024.9</ele>
      </trkpt>
      <trkpt lat="28.11856" lon="-16.66556">
        <ele>1032.3</ele>
      </trkpt>
      <trkpt lat="28.11856" lon="-16.66551">
        <ele>1032.8</ele>
      </trkpt>
      <trkpt lat="28.11858" lon="-16.66546">
        <ele>1033.5</ele>
      </trkpt>
      <trkpt lat="28.11861" lon="-16.6654">
        <ele>1034.3</ele>
      </trkpt>
      <trkpt lat="28.11863" lon="-16.66537">
        <ele>1034.8</ele>
      </trkpt>
      <trkpt lat="28.11864" lon="-16.66536">
        <ele>1035.0</ele>
      </trkpt>
      <trkpt lat="28.11868" lon="-16.66532">
        <ele>1035.7</ele>
      </trkpt>
      <trkpt lat="28.11872" lon="-16.665289">
        <ele>1036.3</ele>
      </trkpt>
      <trkpt lat="28.11876" lon="-16.66527">
        <ele>1036.8</ele>
      </trkpt>
      <trkpt lat="28.11877" lon="-16.66527">
        <ele>1036.9</ele>
      </trkpt>
      <trkpt lat="28.11883" lon="-16.66526">
        <ele>1037.5</ele>
      </trkpt>
      <trkpt lat="28.11884" lon="-16.66526">
        <ele>1037.6</ele>
      </trkpt>
      <trkpt lat="28.11887" lon="-16.66526">
        <ele>1037.9</ele>
      </trkpt>
      <trkpt lat="28.11892" lon="-16.66527">
        <ele>1038.2</ele>
      </trkpt>
      <trkpt lat="28.11896" lon="-16.66528">
        <ele>1038.5</ele>
      </trkpt>
      <trkpt lat="28.11898" lon="-16.665289">
        <ele>1038.6</ele>
      </trkpt>
      <trkpt lat="28.119" lon="-16.665299">
        <ele>1038.7</ele>
      </trkpt>
      <trkpt lat="28.11901" lon="-16.665299">
        <ele>1038.8</ele>
      </trkpt>
      <trkpt lat="28.11903" lon="-16.66532">
        <ele>1038.8</ele>
      </trkpt>
      <trkpt lat="28.11907" lon="-16.66533">
        <ele>1039.1</ele>
      </trkpt>
      <trkpt lat="28.11916" lon="-16.665379">
        <ele>1039.7</ele>
      </trkpt>
      <trkpt lat="28.11918" lon="-16.665389">
        <ele>1039.8</ele>
      </trkpt>
      <trkpt lat="28.11922" lon="-16.66542">
        <ele>1039.9</ele>
      </trkpt>
      <trkpt lat="28.11966" lon="-16.6657">
        <ele>1042.8</ele>
      </trkpt>
      <trkpt lat="28.11967" lon="-16.6657">
        <ele>1042.9</ele>
      </trkpt>
      <trkpt lat="28.11983" lon="-16.6658">
        <ele>1044.2</ele>
      </trkpt>
      <trkpt lat="28.12" lon="-16.66591">
        <ele>1045.7</ele>
      </trkpt>
      <trkpt lat="28.12029" lon="-16.66609">
        <ele>1047.4</ele>
      </trkpt>
      <trkpt lat="28.12044" lon="-16.66619">
        <ele>1048.2</ele>
      </trkpt>
      <trkpt lat="28.12059" lon="-16.66628">
        <ele>1049.0</ele>
      </trkpt>
      <trkpt lat="28.12063" lon="-16.66631">
        <ele>1049.1</ele>
      </trkpt>
      <trkpt lat="28.12071" lon="-16.66636">
        <ele>1049.5</ele>
      </trkpt>
      <trkpt lat="28.12089" lon="-16.66648">
        <ele>1050.3</ele>
      </trkpt>
      <trkpt lat="28.12097" lon="-16.66654">
        <ele>1050.6</ele>
      </trkpt>
      <trkpt lat="28.12106" lon="-16.66662">
        <ele>1050.9</ele>
      </trkpt>
      <trkpt lat="28.12131" lon="-16.666789">
        <ele>1051.5</ele>
      </trkpt>
      <trkpt lat="28.12145" lon="-16.66687">
        <ele>1051.6</ele>
      </trkpt>
      <trkpt lat="28.1215" lon="-16.666889">
        <ele>1051.7</ele>
      </trkpt>
      <trkpt lat="28.12154" lon="-16.666889">
        <ele>1051.9</ele>
      </trkpt>
      <trkpt lat="28.12155" lon="-16.666899">
        <ele>1051.9</ele>
      </trkpt>
      <trkpt lat="28.12161" lon="-16.666889">
        <ele>1052.3</ele>
      </trkpt>
      <trkpt lat="28.12164" lon="-16.666879">
        <ele>1052.6</ele>
      </trkpt>
      <trkpt lat="28.12167" lon="-16.66686">
        <ele>1052.9</ele>
      </trkpt>
      <trkpt lat="28.12171" lon="-16.66685">
        <ele>1053.1</ele>
      </trkpt>
      <trkpt lat="28.12245" lon="-16.666419">
        <ele>1058.5</ele>
      </trkpt>
      <trkpt lat="28.1227" lon="-16.66629">
        <ele>1062.8</ele>
      </trkpt>
      <trkpt lat="28.12274" lon="-16.66627">
        <ele>1063.6</ele>
      </trkpt>
      <trkpt lat="28.1228" lon="-16.66626">
        <ele>1064.5</ele>
      </trkpt>
      <trkpt lat="28.12287" lon="-16.66626">
        <ele>1065.5</ele>
      </trkpt>
      <trkpt lat="28.12292" lon="-16.66626">
        <ele>1066.2</ele>
      </trkpt>
      <trkpt lat="28.12299" lon="-16.66627">
        <ele>1067.1</ele>
      </trkpt>
      <trkpt lat="28.12308" lon="-16.6663">
        <ele>1068.0</ele>
      </trkpt>
      <trkpt lat="28.12318" lon="-16.66634">
        <ele>1069.0</ele>
      </trkpt>
      <trkpt lat="28.12329" lon="-16.66644">
        <ele>1069.6</ele>
      </trkpt>
      <trkpt lat="28.1233" lon="-16.66645">
        <ele>1069.6</ele>
      </trkpt>
      <trkpt lat="28.12343" lon="-16.66658">
        <ele>1069.9</ele>
      </trkpt>
      <trkpt lat="28.12343" lon="-16.66659">
        <ele>1069.8</ele>
      </trkpt>
      <trkpt lat="28.12444" lon="-16.66775">
        <ele>1074.6</ele>
      </trkpt>
      <trkpt lat="28.12444" lon="-16.66776">
        <ele>1074.6</ele>
      </trkpt>
      <trkpt lat="28.12456" lon="-16.6679">
        <ele>1075.7</ele>
      </trkpt>
      <trkpt lat="28.12456" lon="-16.66791">
        <ele>1075.7</ele>
      </trkpt>
      <trkpt lat="28.12474" lon="-16.66815">
        <ele>1077.4</ele>
      </trkpt>
      <trkpt lat="28.12489" lon="-16.66836">
        <ele>1078.9</ele>
      </trkpt>
      <trkpt lat="28.12506" lon="-16.6686">
        <ele>1079.2</ele>
      </trkpt>
      <trkpt lat="28.12519" lon="-16.6688">
        <ele>1078.8</ele>
      </trkpt>
      <trkpt lat="28.12527" lon="-16.668849">
        <ele>1079.2</ele>
      </trkpt>
      <trkpt lat="28.12531" lon="-16.668869">
        <ele>1079.5</ele>
      </trkpt>
      <trkpt lat="28.12536" lon="-16.668869">
        <ele>1080.0</ele>
      </trkpt>
      <trkpt lat="28.12538" lon="-16.668869">
        <ele>1080.3</ele>
      </trkpt>
      <trkpt lat="28.12541" lon="-16.668859">
        <ele>1080.7</ele>
      </trkpt>
      <trkpt lat="28.12544" lon="-16.668849">
        <ele>1081.2</ele>
      </trkpt>
      <trkpt lat="28.12547" lon="-16.66884">
        <ele>1081.7</ele>
      </trkpt>
      <trkpt lat="28.1255" lon="-16.66881">
        <ele>1082.3</ele>
      </trkpt>
      <trkpt lat="28.12552" lon="-16.66879">
        <ele>1082.8</ele>
      </trkpt>
      <trkpt lat="28.12555" lon="-16.66875">
        <ele>1083.6</ele>
      </trkpt>
      <trkpt lat="28.12555" lon="-16.66874">
        <ele>1083.7</ele>
      </trkpt>
      <trkpt lat="28.12557" lon="-16.668679">
        <ele>1084.6</ele>
      </trkpt>
      <trkpt lat="28.12557" lon="-16.66862">
        <ele>1085.3</ele>
      </trkpt>
      <trkpt lat="28.12557" lon="-16.6686">
        <ele>1085.5</ele>
      </trkpt>
      <trkpt lat="28.12557" lon="-16.668589">
        <ele>1085.6</ele>
      </trkpt>
      <trkpt lat="28.12554" lon="-16.66853">
        <ele>1085.9</ele>
      </trkpt>
      <trkpt lat="28.12551" lon="-16.66847">
        <ele>1086.2</ele>
      </trkpt>
      <trkpt lat="28.12548" lon="-16.66843">
        <ele>1086.3</ele>
      </trkpt>
      <trkpt lat="28.12547" lon="-16.66843">
        <ele>1086.1</ele>
      </trkpt>
      <trkpt lat="28.12536" lon="-16.66834">
        <ele>1085.7</ele>
      </trkpt>
      <trkpt lat="28.12533" lon="-16.66831">
        <ele>1085.5</ele>
      </trkpt>
      <trkpt lat="28.12524" lon="-16.66825">
        <ele>1084.6</ele>
      </trkpt>
      <trkpt lat="28.12518" lon="-16.66818">
        <ele>1084.0</ele>
      </trkpt>
      <trkpt lat="28.12513" lon="-16.66809">
        <ele>1083.7</ele>
      </trkpt>
      <trkpt lat="28.12509" lon="-16.668">
        <ele>1083.5</ele>
      </trkpt>
      <trkpt lat="28.12506" lon="-16.66788">
        <ele>1083.5</ele>
      </trkpt>
      <trkpt lat="28.12506" lon="-16.667819">
        <ele>1083.8</ele>
      </trkpt>
      <trkpt lat="28.12506" lon="-16.66775">
        <ele>1084.0</ele>
      </trkpt>
      <trkpt lat="28.12507" lon="-16.66766">
        <ele>1084.6</ele>
      </trkpt>
      <trkpt lat="28.12509" lon="-16.66759">
        <ele>1085.2</ele>
      </trkpt>
      <trkpt lat="28.12516" lon="-16.66743">
        <ele>1086.9</ele>
      </trkpt>
      <trkpt lat="28.12518" lon="-16.66739">
        <ele>1087.3</ele>
      </trkpt>
      <trkpt lat="28.12526" lon="-16.667259">
        <ele>1089.0</ele>
      </trkpt>
      <trkpt lat="28.12534" lon="-16.66712">
        <ele>1090.5</ele>
      </trkpt>
      <trkpt lat="28.12544" lon="-16.66693">
        <ele>1092.4</ele>
      </trkpt>
      <trkpt lat="28.1255" lon="-16.66676">
        <ele>1093.5</ele>
      </trkpt>
      <trkpt lat="28.12552" lon="-16.66667">
        <ele>1093.9</ele>
      </trkpt>
      <trkpt lat="28.12553" lon="-16.66664">
        <ele>1094.2</ele>
      </trkpt>
      <trkpt lat="28.12553" lon="-16.66656">
        <ele>1094.9</ele>
      </trkpt>
      <trkpt lat="28.12552" lon="-16.66638">
        <ele>1096.2</ele>
      </trkpt>
      <trkpt lat="28.12548" lon="-16.666129">
        <ele>1097.7</ele>
      </trkpt>
      <trkpt lat="28.12543" lon="-16.665859">
        <ele>1099.4</ele>
      </trkpt>
      <trkpt lat="28.1254" lon="-16.66563">
        <ele>1101.8</ele>
      </trkpt>
      <trkpt lat="28.12536" lon="-16.66547">
        <ele>1103.2</ele>
      </trkpt>
      <trkpt lat="28.1253" lon="-16.66531">
        <ele>1104.3</ele>
      </trkpt>
      <trkpt lat="28.12527" lon="-16.66527">
        <ele>1104.4</ele>
      </trkpt>
      <trkpt lat="28.12523" lon="-16.665189">
        <ele>1104.9</ele>
      </trkpt>
      <trkpt lat="28.12513" lon="-16.66507">
        <ele>1104.9</ele>
      </trkpt>
      <trkpt lat="28.12505" lon="-16.66497">
        <ele>1105.0</ele>
      </trkpt>
      <trkpt lat="28.12505" lon="-16.66496">
        <ele>1105.1</ele>
      </trkpt>
      <trkpt lat="28.12497" lon="-16.66488">
        <ele>1104.9</ele>
      </trkpt>
      <trkpt lat="28.12492" lon="-16.664819">
        <ele>1104.8</ele>
      </trkpt>
      <trkpt lat="28.12489" lon="-16.66479">
        <ele>1104.7</ele>
      </trkpt>
      <trkpt lat="28.12481" lon="-16.66468">
        <ele>1104.6</ele>
      </trkpt>
      <trkpt lat="28.12474" lon="-16.66461">
        <ele>1104.2</ele>
      </trkpt>
      <trkpt lat="28.1247" lon="-16.66452">
        <ele>1104.4</ele>
      </trkpt>
      <trkpt lat="28.12466" lon="-16.66441">
        <ele>1104.7</ele>
      </trkpt>
      <trkpt lat="28.12464" lon="-16.66433">
        <ele>1105.1</ele>
      </trkpt>
      <trkpt lat="28.12463" lon="-16.6643">
        <ele>1105.2</ele>
      </trkpt>
      <trkpt lat="28.12462" lon="-16.66419">
        <ele>1106.0</ele>
      </trkpt>
      <trkpt lat="28.12463" lon="-16.66413">
        <ele>1106.5</ele>
      </trkpt>
      <trkpt lat="28.12463" lon="-16.66403">
        <ele>1107.1</ele>
      </trkpt>
      <trkpt lat="28.12467" lon="-16.663789">
        <ele>1109.1</ele>
      </trkpt>
      <trkpt lat="28.12475" lon="-16.66334">
        <ele>1113.2</ele>
      </trkpt>
      <trkpt lat="28.12477" lon="-16.663239">
        <ele>1114.1</ele>
      </trkpt>
      <trkpt lat="28.12483" lon="-16.66289">
        <ele>1117.4</ele>
      </trkpt>
      <trkpt lat="28.12493" lon="-16.66244">
        <ele>1122.1</ele>
      </trkpt>
      <trkpt lat="28.12501" lon="-16.661999">
        <ele>1126.8</ele>
      </trkpt>
      <trkpt lat="28.12505" lon="-16.66185">
        <ele>1128.6</ele>
      </trkpt>
      <trkpt lat="28.12512" lon="-16.66158">
        <ele>1131.5</ele>
      </trkpt>
      <trkpt lat="28.12532" lon="-16.661069">
        <ele>1137.2</ele>
      </trkpt>
      <trkpt lat="28.1255" lon="-16.66057">
        <ele>1143.8</ele>
      </trkpt>
      <trkpt lat="28.12561" lon="-16.66027">
        <ele>1148.1</ele>
      </trkpt>
      <trkpt lat="28.12568" lon="-16.6601">
        <ele>1150.7</ele>
      </trkpt>
      <trkpt lat="28.12572" lon="-16.65997">
        <ele>1152.5</ele>
      </trkpt>
      <trkpt lat="28.12572" lon="-16.65996">
        <ele>1152.6</ele>
      </trkpt>
      <trkpt lat="28.12573" lon="-16.65988">
        <ele>1153.8</ele>
      </trkpt>
      <trkpt lat="28.12573" lon="-16.65983">
        <ele>1154.4</ele>
      </trkpt>
      <trkpt lat="28.12572" lon="-16.65977">
        <ele>1155.0</ele>
      </trkpt>
      <trkpt lat="28.12569" lon="-16.65971">
        <ele>1155.3</ele>
      </trkpt>
      <trkpt lat="28.12567" lon="-16.65968">
        <ele>1155.4</ele>
      </trkpt>
      <trkpt lat="28.12563" lon="-16.65965">
        <ele>1155.2</ele>
      </trkpt>
      <trkpt lat="28.12559" lon="-16.65963">
        <ele>1154.9</ele>
      </trkpt>
      <trkpt lat="28.12551" lon="-16.65959">
        <ele>1154.3</ele>
      </trkpt>
      <trkpt lat="28.12538" lon="-16.65955">
        <ele>1153.0</ele>
      </trkpt>
      <trkpt lat="28.12528" lon="-16.6595">
        <ele>1152.3</ele>
      </trkpt>
      <trkpt lat="28.12526" lon="-16.659479">
        <ele>1152.3</ele>
      </trkpt>
      <trkpt lat="28.12522" lon="-16.65945">
        <ele>1152.2</ele>
      </trkpt>
      <trkpt lat="28.12519" lon="-16.6594">
        <ele>1152.6</ele>
      </trkpt>
      <trkpt lat="28.12515" lon="-16.65933">
        <ele>1153.2</ele>
      </trkpt>
      <trkpt lat="28.12512" lon="-16.65922">
        <ele>1154.6</ele>
      </trkpt>
      <trkpt lat="28.12509" lon="-16.659089">
        <ele>1156.2</ele>
      </trkpt>
      <trkpt lat="28.12509" lon="-16.65905">
        <ele>1156.7</ele>
      </trkpt>
      <trkpt lat="28.12507" lon="-16.658809">
        <ele>1159.9</ele>
      </trkpt>
      <trkpt lat="28.12505" lon="-16.658629">
        <ele>1162.3</ele>
      </trkpt>
      <trkpt lat="28.12503" lon="-16.65842">
        <ele>1165.1</ele>
      </trkpt>
      <trkpt lat="28.12503" lon="-16.65828">
        <ele>1166.3</ele>
      </trkpt>
      <trkpt lat="28.12503" lon="-16.65823">
        <ele>1166.3</ele>
      </trkpt>
      <trkpt lat="28.12504" lon="-16.65813">
        <ele>1166.4</ele>
      </trkpt>
      <trkpt lat="28.12505" lon="-16.65809">
        <ele>1166.5</ele>
      </trkpt>
      <trkpt lat="28.12507" lon="-16.65802">
        <ele>1166.7</ele>
      </trkpt>
      <trkpt lat="28.12516" lon="-16.657889">
        <ele>1167.6</ele>
      </trkpt>
      <trkpt lat="28.12525" lon="-16.6578">
        <ele>1168.6</ele>
      </trkpt>
      <trkpt lat="28.12531" lon="-16.65776">
        <ele>1169.2</ele>
      </trkpt>
      <trkpt lat="28.12536" lon="-16.65772">
        <ele>1169.8</ele>
      </trkpt>
      <trkpt lat="28.12546" lon="-16.65766">
        <ele>1170.9</ele>
      </trkpt>
      <trkpt lat="28.12562" lon="-16.65758">
        <ele>1172.6</ele>
      </trkpt>
      <trkpt lat="28.12578" lon="-16.657509">
        <ele>1174.4</ele>
      </trkpt>
      <trkpt lat="28.12595" lon="-16.65743">
        <ele>1175.4</ele>
      </trkpt>
      <trkpt lat="28.12628" lon="-16.65727">
        <ele>1177.1</ele>
      </trkpt>
      <trkpt lat="28.12635" lon="-16.65724">
        <ele>1177.5</ele>
      </trkpt>
      <trkpt lat="28.12645" lon="-16.6572">
        <ele>1178.2</ele>
      </trkpt>
      <trkpt lat="28.12662" lon="-16.657119">
        <ele>1179.5</ele>
      </trkpt>
      <trkpt lat="28.12687" lon="-16.65701">
        <ele>1181.3</ele>
      </trkpt>
      <trkpt lat="28.12695" lon="-16.65697">
        <ele>1181.8</ele>
      </trkpt>
      <trkpt lat="28.12704" lon="-16.65693">
        <ele>1182.4</ele>
      </trkpt>
      <trkpt lat="28.12712" lon="-16.6569">
        <ele>1182.8</ele>
      </trkpt>
      <trkpt lat="28.12728" lon="-16.65682">
        <ele>1183.7</ele>
      </trkpt>
      <trkpt lat="28.12745" lon="-16.65674">
        <ele>1184.6</ele>
      </trkpt>
      <trkpt lat="28.12762" lon="-16.656659">
        <ele>1185.6</ele>
      </trkpt>
      <trkpt lat="28.12778" lon="-16.65658">
        <ele>1186.3</ele>
      </trkpt>
      <trkpt lat="28.12795" lon="-16.6565">
        <ele>1187.1</ele>
      </trkpt>
      <trkpt lat="28.12812" lon="-16.65643">
        <ele>1187.9</ele>
      </trkpt>
      <trkpt lat="28.12813" lon="-16.65642">
        <ele>1188.0</ele>
      </trkpt>
      <trkpt lat="28.12828" lon="-16.65633">
        <ele>1188.7</ele>
      </trkpt>
      <trkpt lat="28.12831" lon="-16.65631">
        <ele>1188.9</ele>
      </trkpt>
      <trkpt lat="28.12839" lon="-16.65624">
        <ele>1189.3</ele>
      </trkpt>
      <trkpt lat="28.12844" lon="-16.656189">
        <ele>1189.6</ele>
      </trkpt>
      <trkpt lat="28.12848" lon="-16.65614">
        <ele>1189.8</ele>
      </trkpt>
      <trkpt lat="28.12851" lon="-16.656089">
        <ele>1189.9</ele>
      </trkpt>
      <trkpt lat="28.12856" lon="-16.65599">
        <ele>1190.1</ele>
      </trkpt>
      <trkpt lat="28.12867" lon="-16.65577">
        <ele>1190.9</ele>
      </trkpt>
      <trkpt lat="28.12901" lon="-16.65503">
        <ele>1195.5</ele>
      </trkpt>
      <trkpt lat="28.12902" lon="-16.65502">
        <ele>1195.6</ele>
      </trkpt>
      <trkpt lat="28.12932" lon="-16.65454">
        <ele>1199.8</ele>
      </trkpt>
      <trkpt lat="28.12952" lon="-16.65425">
        <ele>1202.3</ele>
      </trkpt>
      <trkpt lat="28.12986" lon="-16.65391">
        <ele>1204.1</ele>
      </trkpt>
      <trkpt lat="28.12996" lon="-16.65383">
        <ele>1204.7</ele>
      </trkpt>
      <trkpt lat="28.13009" lon="-16.65373">
        <ele>1205.3</ele>
      </trkpt>
      <trkpt lat="28.13029" lon="-16.653569">
        <ele>1206.4</ele>
      </trkpt>
      <trkpt lat="28.1305" lon="-16.65342">
        <ele>1207.5</ele>
      </trkpt>
      <trkpt lat="28.13087" lon="-16.65315">
        <ele>1208.8</ele>
      </trkpt>
      <trkpt lat="28.13116" lon="-16.65294">
        <ele>1210.2</ele>
      </trkpt>
      <trkpt lat="28.13157" lon="-16.65264">
        <ele>1212.5</ele>
      </trkpt>
      <trkpt lat="28.13207" lon="-16.65227">
        <ele>1214.6</ele>
      </trkpt>
      <trkpt lat="28.13222" lon="-16.652159">
        <ele>1215.4</ele>
      </trkpt>
      <trkpt lat="28.13228" lon="-16.65212">
        <ele>1215.8</ele>
      </trkpt>
      <trkpt lat="28.13252" lon="-16.65194">
        <ele>1217.4</ele>
      </trkpt>
      <trkpt lat="28.13253" lon="-16.65194">
        <ele>1217.4</ele>
      </trkpt>
      <trkpt lat="28.13268" lon="-16.65184">
        <ele>1217.9</ele>
      </trkpt>
      <trkpt lat="28.13284" lon="-16.65174">
        <ele>1218.3</ele>
      </trkpt>
      <trkpt lat="28.13294" lon="-16.651679">
        <ele>1218.5</ele>
      </trkpt>
      <trkpt lat="28.13316" lon="-16.65156">
        <ele>1218.4</ele>
      </trkpt>
      <trkpt lat="28.13326" lon="-16.651509">
        <ele>1218.5</ele>
      </trkpt>
      <trkpt lat="28.13333" lon="-16.65147">
        <ele>1218.5</ele>
      </trkpt>
      <trkpt lat="28.13349" lon="-16.65139">
        <ele>1218.7</ele>
      </trkpt>
      <trkpt lat="28.13376" lon="-16.65124">
        <ele>1219.3</ele>
      </trkpt>
      <trkpt lat="28.13405" lon="-16.6511">
        <ele>1220.3</ele>
      </trkpt>
      <trkpt lat="28.13415" lon="-16.65107">
        <ele>1220.7</ele>
      </trkpt>
      <trkpt lat="28.1343" lon="-16.651019">
        <ele>1220.8</ele>
      </trkpt>
      <trkpt lat="28.13433" lon="-16.651019">
        <ele>1220.8</ele>
      </trkpt>
      <trkpt lat="28.13445" lon="-16.65099">
        <ele>1220.9</ele>
      </trkpt>
      <trkpt lat="28.13461" lon="-16.65099">
        <ele>1220.9</ele>
      </trkpt>
      <trkpt lat="28.13463" lon="-16.65099">
        <ele>1220.9</ele>
      </trkpt>
      <trkpt lat="28.13474" lon="-16.651">
        <ele>1220.9</ele>
      </trkpt>
      <trkpt lat="28.13481" lon="-16.65101">
        <ele>1221.0</ele>
      </trkpt>
      <trkpt lat="28.13485" lon="-16.65101">
        <ele>1221.0</ele>
      </trkpt>
      <trkpt lat="28.13499" lon="-16.651039">
        <ele>1221.2</ele>
      </trkpt>
      <trkpt lat="28.13502" lon="-16.651039">
        <ele>1221.3</ele>
      </trkpt>
      <trkpt lat="28.13544" lon="-16.651119">
        <ele>1223.7</ele>
      </trkpt>
      <trkpt lat="28.13582" lon="-16.651209">
        <ele>1225.8</ele>
      </trkpt>
      <trkpt lat="28.13594" lon="-16.65126">
        <ele>1226.4</ele>
      </trkpt>
      <trkpt lat="28.13604" lon="-16.6513">
        <ele>1227.0</ele>
      </trkpt>
      <trkpt lat="28.1361" lon="-16.65133">
        <ele>1227.3</ele>
      </trkpt>
      <trkpt lat="28.13658" lon="-16.651599">
        <ele>1229.6</ele>
      </trkpt>
      <trkpt lat="28.13748" lon="-16.65214">
        <ele>1238.7</ele>
      </trkpt>
      <trkpt lat="28.1386" lon="-16.6528">
        <ele>1241.0</ele>
      </trkpt>
      <trkpt lat="28.13876" lon="-16.65289">
        <ele>1241.4</ele>
      </trkpt>
      <trkpt lat="28.13892" lon="-16.65299">
        <ele>1241.8</ele>
      </trkpt>
      <trkpt lat="28.13906" lon="-16.65308">
        <ele>1242.1</ele>
      </trkpt>
      <trkpt lat="28.13914" lon="-16.65314">
        <ele>1242.3</ele>
      </trkpt>
      <trkpt lat="28.1394" lon="-16.653279">
        <ele>1243.5</ele>
      </trkpt>
      <trkpt lat="28.13961" lon="-16.653379">
        <ele>1244.8</ele>
      </trkpt>
      <trkpt lat="28.13979" lon="-16.65343">
        <ele>1246.1</ele>
      </trkpt>
      <trkpt lat="28.13985" lon="-16.65344">
        <ele>1246.5</ele>
      </trkpt>
      <trkpt lat="28.13998" lon="-16.653459">
        <ele>1247.3</ele>
      </trkpt>
      <trkpt lat="28.14006" lon="-16.653469">
        <ele>1247.7</ele>
      </trkpt>
      <trkpt lat="28.14038" lon="-16.65351">
        <ele>1249.1</ele>
      </trkpt>
      <trkpt lat="28.14068" lon="-16.65355">
        <ele>1250.4</ele>
      </trkpt>
      <trkpt lat="28.14079" lon="-16.653559">
        <ele>1250.9</ele>
      </trkpt>
      <trkpt lat="28.14104" lon="-16.65359">
        <ele>1252.1</ele>
      </trkpt>
      <trkpt lat="28.14134" lon="-16.65362">
        <ele>1253.6</ele>
      </trkpt>
      <trkpt lat="28.14158" lon="-16.653649">
        <ele>1254.9</ele>
      </trkpt>
      <trkpt lat="28.1417" lon="-16.65367">
        <ele>1255.6</ele>
      </trkpt>
      <trkpt lat="28.14194" lon="-16.6537">
        <ele>1256.8</ele>
      </trkpt>
      <trkpt lat="28.14206" lon="-16.6537">
        <ele>1257.3</ele>
      </trkpt>
      <trkpt lat="28.14216" lon="-16.65368">
        <ele>1257.6</ele>
      </trkpt>
      <trkpt lat="28.14223" lon="-16.653649">
        <ele>1257.7</ele>
      </trkpt>
      <trkpt lat="28.14237" lon="-16.653569">
        <ele>1257.8</ele>
      </trkpt>
      <trkpt lat="28.14239" lon="-16.653559">
        <ele>1257.9</ele>
      </trkpt>
      <trkpt lat="28.14243" lon="-16.65352">
        <ele>1257.8</ele>
      </trkpt>
      <trkpt lat="28.1425" lon="-16.65344">
        <ele>1257.6</ele>
      </trkpt>
      <trkpt lat="28.14252" lon="-16.65342">
        <ele>1257.6</ele>
      </trkpt>
      <trkpt lat="28.14253" lon="-16.65341">
        <ele>1257.6</ele>
      </trkpt>
      <trkpt lat="28.14257" lon="-16.65333">
        <ele>1257.4</ele>
      </trkpt>
      <trkpt lat="28.14262" lon="-16.65325">
        <ele>1258.1</ele>
      </trkpt>
      <trkpt lat="28.14263" lon="-16.65323">
        <ele>1258.3</ele>
      </trkpt>
      <trkpt lat="28.14275" lon="-16.65296">
        <ele>1260.4</ele>
      </trkpt>
      <trkpt lat="28.14277" lon="-16.65292">
        <ele>1260.8</ele>
      </trkpt>
      <trkpt lat="28.14301" lon="-16.652339">
        <ele>1265.8</ele>
      </trkpt>
      <trkpt lat="28.14306" lon="-16.65212">
        <ele>1267.6</ele>
      </trkpt>
      <trkpt lat="28.14307" lon="-16.651979">
        <ele>1268.6</ele>
      </trkpt>
      <trkpt lat="28.14307" lon="-16.65192">
        <ele>1269.0</ele>
      </trkpt>
      <trkpt lat="28.14307" lon="-16.65184">
        <ele>1269.5</ele>
      </trkpt>
      <trkpt lat="28.14307" lon="-16.65181">
        <ele>1269.7</ele>
      </trkpt>
      <trkpt lat="28.14306" lon="-16.65175">
        <ele>1270.1</ele>
      </trkpt>
      <trkpt lat="28.14305" lon="-16.65164">
        <ele>1270.9</ele>
      </trkpt>
      <trkpt lat="28.14297" lon="-16.65136">
        <ele>1273.2</ele>
      </trkpt>
      <trkpt lat="28.14278" lon="-16.65078">
        <ele>1277.5</ele>
      </trkpt>
      <trkpt lat="28.14275" lon="-16.65064">
        <ele>1278.8</ele>
      </trkpt>
      <trkpt lat="28.14269" lon="-16.65045">
        <ele>1280.3</ele>
      </trkpt>
      <trkpt lat="28.14267" lon="-16.650369">
        <ele>1281.0</ele>
      </trkpt>
      <trkpt lat="28.14263" lon="-16.65026">
        <ele>1281.7</ele>
      </trkpt>
      <trkpt lat="28.14257" lon="-16.65007">
        <ele>1283.0</ele>
      </trkpt>
      <trkpt lat="28.14255" lon="-16.64998">
        <ele>1283.6</ele>
      </trkpt>
      <trkpt lat="28.14247" lon="-16.64968">
        <ele>1285.0</ele>
      </trkpt>
      <trkpt lat="28.14246" lon="-16.64966">
        <ele>1285.1</ele>
      </trkpt>
      <trkpt lat="28.14242" lon="-16.64948">
        <ele>1286.0</ele>
      </trkpt>
      <trkpt lat="28.14238" lon="-16.64928">
        <ele>1286.9</ele>
      </trkpt>
      <trkpt lat="28.14231" lon="-16.64883">
        <ele>1289.1</ele>
      </trkpt>
      <trkpt lat="28.14224" lon="-16.64833">
        <ele>1291.3</ele>
      </trkpt>
      <trkpt lat="28.14223" lon="-16.648219">
        <ele>1291.7</ele>
      </trkpt>
      <trkpt lat="28.14214" lon="-16.64764">
        <ele>1293.4</ele>
      </trkpt>
      <trkpt lat="28.14213" lon="-16.6475">
        <ele>1294.0</ele>
      </trkpt>
      <trkpt lat="28.1421" lon="-16.6473">
        <ele>1295.5</ele>
      </trkpt>
      <trkpt lat="28.14208" lon="-16.647089">
        <ele>1297.2</ele>
      </trkpt>
      <trkpt lat="28.14206" lon="-16.64684">
        <ele>1299.3</ele>
      </trkpt>
      <trkpt lat="28.14209" lon="-16.646629">
        <ele>1301.1</ele>
      </trkpt>
      <trkpt lat="28.14212" lon="-16.64649">
        <ele>1301.7</ele>
      </trkpt>
      <trkpt lat="28.1422" lon="-16.64626">
        <ele>1303.0</ele>
      </trkpt>
      <trkpt lat="28.14227" lon="-16.6461">
        <ele>1304.1</ele>
      </trkpt>
      <trkpt lat="28.1423" lon="-16.646059">
        <ele>1304.4</ele>
      </trkpt>
      <trkpt lat="28.14241" lon="-16.645879">
        <ele>1306.0</ele>
      </trkpt>
      <trkpt lat="28.14258" lon="-16.645689">
        <ele>1306.9</ele>
      </trkpt>
      <trkpt lat="28.14266" lon="-16.64561">
        <ele>1307.1</ele>
      </trkpt>
      <trkpt lat="28.14277" lon="-16.64551">
        <ele>1307.5</ele>
      </trkpt>
      <trkpt lat="28.14297" lon="-16.64537">
        <ele>1308.5</ele>
      </trkpt>
      <trkpt lat="28.14309" lon="-16.64529">
        <ele>1309.1</ele>
      </trkpt>
      <trkpt lat="28.14326" lon="-16.6452">
        <ele>1310.1</ele>
      </trkpt>
      <trkpt lat="28.14327" lon="-16.6452">
        <ele>1310.2</ele>
      </trkpt>
      <trkpt lat="28.14336" lon="-16.64515">
        <ele>1310.7</ele>
      </trkpt>
      <trkpt lat="28.14365" lon="-16.645029">
        <ele>1312.1</ele>
      </trkpt>
      <trkpt lat="28.14368" lon="-16.645019">
        <ele>1312.2</ele>
      </trkpt>
      <trkpt lat="28.14386" lon="-16.64496">
        <ele>1312.7</ele>
      </trkpt>
      <trkpt lat="28.14401" lon="-16.64489">
        <ele>1313.0</ele>
      </trkpt>
      <trkpt lat="28.14434" lon="-16.64477">
        <ele>1315.3</ele>
      </trkpt>
      <trkpt lat="28.14445" lon="-16.64472">
        <ele>1316.4</ele>
      </trkpt>
      <trkpt lat="28.1448" lon="-16.64459">
        <ele>1320.2</ele>
      </trkpt>
      <trkpt lat="28.14496" lon="-16.64452">
        <ele>1321.8</ele>
      </trkpt>
      <trkpt lat="28.14532" lon="-16.64435">
        <ele>1324.6</ele>
      </trkpt>
      <trkpt lat="28.14578" lon="-16.64412">
        <ele>1327.9</ele>
      </trkpt>
      <trkpt lat="28.14613" lon="-16.64393">
        <ele>1330.2</ele>
      </trkpt>
      <trkpt lat="28.14644" lon="-16.64377">
        <ele>1332.7</ele>
      </trkpt>
      <trkpt lat="28.14658" lon="-16.64369">
        <ele>1333.8</ele>
      </trkpt>
      <trkpt lat="28.14705" lon="-16.643429">
        <ele>1337.6</ele>
      </trkpt>
      <trkpt lat="28.14772" lon="-16.64309">
        <ele>1343.6</ele>
      </trkpt>
      <trkpt lat="28.14789" lon="-16.642969">
        <ele>1345.3</ele>
      </trkpt>
      <trkpt lat="28.14798" lon="-16.64291">
        <ele>1346.2</ele>
      </trkpt>
      <trkpt lat="28.14831" lon="-16.64264">
        <ele>1349.0</ele>
      </trkpt>
      <trkpt lat="28.14838" lon="-16.642589">
        <ele>1349.6</ele>
      </trkpt>
      <trkpt lat="28.14842" lon="-16.64255">
        <ele>1349.8</ele>
      </trkpt>
      <trkpt lat="28.14871" lon="-16.642299">
        <ele>1353.0</ele>
      </trkpt>
      <trkpt lat="28.14909" lon="-16.64196">
        <ele>1355.6</ele>
      </trkpt>
      <trkpt lat="28.1491" lon="-16.64196">
        <ele>1355.7</ele>
      </trkpt>
      <trkpt lat="28.14938" lon="-16.64172">
        <ele>1357.3</ele>
      </trkpt>
      <trkpt lat="28.14956" lon="-16.641559">
        <ele>1357.3</ele>
      </trkpt>
      <trkpt lat="28.14967" lon="-16.64147">
        <ele>1357.3</ele>
      </trkpt>
      <trkpt lat="28.14972" lon="-16.64144">
        <ele>1357.5</ele>
      </trkpt>
      <trkpt lat="28.14991" lon="-16.64133">
        <ele>1358.4</ele>
      </trkpt>
      <trkpt lat="28.14999" lon="-16.6413">
        <ele>1359.1</ele>
      </trkpt>
      <trkpt lat="28.15006" lon="-16.641259">
        <ele>1359.2</ele>
      </trkpt>
      <trkpt lat="28.15012" lon="-16.64124">
        <ele>1359.4</ele>
      </trkpt>
      <trkpt lat="28.15016" lon="-16.64122">
        <ele>1359.4</ele>
      </trkpt>
      <trkpt lat="28.15029" lon="-16.641169">
        <ele>1359.8</ele>
      </trkpt>
      <trkpt lat="28.15033" lon="-16.64116">
        <ele>1360.0</ele>
      </trkpt>
      <trkpt lat="28.1505" lon="-16.6411">
        <ele>1360.6</ele>
      </trkpt>
      <trkpt lat="28.15067" lon="-16.64104">
        <ele>1361.3</ele>
      </trkpt>
      <trkpt lat="28.15071" lon="-16.64102">
        <ele>1361.3</ele>
      </trkpt>
      <trkpt lat="28.15079" lon="-16.640989">
        <ele>1361.7</ele>
      </trkpt>
      <trkpt lat="28.15126" lon="-16.64082">
        <ele>1362.4</ele>
      </trkpt>
      <trkpt lat="28.15135" lon="-16.64078">
        <ele>1362.6</ele>
      </trkpt>
      <trkpt lat="28.15142" lon="-16.64075">
        <ele>1362.7</ele>
      </trkpt>
      <trkpt lat="28.15151" lon="-16.640699">
        <ele>1362.8</ele>
      </trkpt>
      <trkpt lat="28.15167" lon="-16.6406">
        <ele>1363.1</ele>
      </trkpt>
      <trkpt lat="28.15169" lon="-16.64058">
        <ele>1363.2</ele>
      </trkpt>
      <trkpt lat="28.15174" lon="-16.64055">
        <ele>1363.5</ele>
      </trkpt>
      <trkpt lat="28.15181" lon="-16.64048">
        <ele>1363.8</ele>
      </trkpt>
      <trkpt lat="28.15184" lon="-16.64046">
        <ele>1364.0</ele>
      </trkpt>
      <trkpt lat="28.15197" lon="-16.640329">
        <ele>1364.3</ele>
      </trkpt>
      <trkpt lat="28.15209" lon="-16.64022">
        <ele>1364.7</ele>
      </trkpt>
      <trkpt lat="28.15211" lon="-16.6402">
        <ele>1364.7</ele>
      </trkpt>
      <trkpt lat="28.15221" lon="-16.64012">
        <ele>1365.1</ele>
      </trkpt>
      <trkpt lat="28.15231" lon="-16.640059">
        <ele>1365.6</ele>
      </trkpt>
      <trkpt lat="28.15236" lon="-16.640039">
        <ele>1365.9</ele>
      </trkpt>
      <trkpt lat="28.15243" lon="-16.64002">
        <ele>1366.5</ele>
      </trkpt>
      <trkpt lat="28.15274" lon="-16.63998">
        <ele>1369.8</ele>
      </trkpt>
      <trkpt lat="28.15276" lon="-16.63998">
        <ele>1370.0</ele>
      </trkpt>
      <trkpt lat="28.15279" lon="-16.63997">
        <ele>1370.4</ele>
      </trkpt>
      <trkpt lat="28.15303" lon="-16.639949">
        <ele>1373.2</ele>
      </trkpt>
      <trkpt lat="28.15309" lon="-16.63994">
        <ele>1373.9</ele>
      </trkpt>
      <trkpt lat="28.15312" lon="-16.63994">
        <ele>1374.3</ele>
      </trkpt>
      <trkpt lat="28.15312" lon="-16.63994">
        <ele>1374.3</ele>
      </trkpt>
      <trkpt lat="28.15315" lon="-16.63999">
        <ele>1374.8</ele>
      </trkpt>
      <trkpt lat="28.1532" lon="-16.640059">
        <ele>1375.9</ele>
      </trkpt>
      <trkpt lat="28.15325" lon="-16.64011">
        <ele>1376.8</ele>
      </trkpt>
      <trkpt lat="28.15329" lon="-16.64013">
        <ele>1377.4</ele>
      </trkpt>
      <trkpt lat="28.15334" lon="-16.640139">
        <ele>1378.1</ele>
      </trkpt>
      <trkpt lat="28.15341" lon="-16.640149">
        <ele>1378.9</ele>
      </trkpt>
      <trkpt lat="28.15347" lon="-16.640139">
        <ele>1379.5</ele>
      </trkpt>
      <trkpt lat="28.15354" lon="-16.64011">
        <ele>1380.1</ele>
      </trkpt>
      <trkpt lat="28.15359" lon="-16.64008">
        <ele>1380.5</ele>
      </trkpt>
      <trkpt lat="28.15368" lon="-16.63998">
        <ele>1381.2</ele>
      </trkpt>
      <trkpt lat="28.15385" lon="-16.639779">
        <ele>1383.3</ele>
      </trkpt>
      <trkpt lat="28.15392" lon="-16.639669">
        <ele>1384.4</ele>
      </trkpt>
      <trkpt lat="28.15407" lon="-16.639489">
        <ele>1386.8</ele>
      </trkpt>
      <trkpt lat="28.15414" lon="-16.639389">
        <ele>1388.1</ele>
      </trkpt>
      <trkpt lat="28.15428" lon="-16.639209">
        <ele>1390.3</ele>
      </trkpt>
      <trkpt lat="28.15434" lon="-16.63915">
        <ele>1391.0</ele>
      </trkpt>
      <trkpt lat="28.15442" lon="-16.63908">
        <ele>1391.6</ele>
      </trkpt>
      <trkpt lat="28.15446" lon="-16.63904">
        <ele>1391.8</ele>
      </trkpt>
      <trkpt lat="28.15456" lon="-16.63899">
        <ele>1392.6</ele>
      </trkpt>
      <trkpt lat="28.15468" lon="-16.63894">
        <ele>1393.5</ele>
      </trkpt>
      <trkpt lat="28.15505" lon="-16.63878">
        <ele>1395.9</ele>
      </trkpt>
      <trkpt lat="28.15541" lon="-16.638639">
        <ele>1398.8</ele>
      </trkpt>
      <trkpt lat="28.1555" lon="-16.63861">
        <ele>1399.5</ele>
      </trkpt>
      <trkpt lat="28.15558" lon="-16.6386">
        <ele>1400.2</ele>
      </trkpt>
      <trkpt lat="28.15619" lon="-16.63857">
        <ele>1406.8</ele>
      </trkpt>
      <trkpt lat="28.15625" lon="-16.638559">
        <ele>1407.3</ele>
      </trkpt>
      <trkpt lat="28.15631" lon="-16.638549">
        <ele>1407.8</ele>
      </trkpt>
      <trkpt lat="28.15642" lon="-16.63852">
        <ele>1408.6</ele>
      </trkpt>
      <trkpt lat="28.15651" lon="-16.63847">
        <ele>1408.7</ele>
      </trkpt>
      <trkpt lat="28.15706" lon="-16.638179">
        <ele>1409.7</ele>
      </trkpt>
      <trkpt lat="28.15711" lon="-16.63816">
        <ele>1409.9</ele>
      </trkpt>
      <trkpt lat="28.15717" lon="-16.63813">
        <ele>1409.9</ele>
      </trkpt>
      <trkpt lat="28.1573" lon="-16.63811">
        <ele>1410.8</ele>
      </trkpt>
      <trkpt lat="28.15733" lon="-16.63811">
        <ele>1411.1</ele>
      </trkpt>
      <trkpt lat="28.15735" lon="-16.63811">
        <ele>1411.3</ele>
      </trkpt>
      <trkpt lat="28.1574" lon="-16.63811">
        <ele>1411.9</ele>
      </trkpt>
      <trkpt lat="28.15744" lon="-16.63812">
        <ele>1412.5</ele>
      </trkpt>
      <trkpt lat="28.15748" lon="-16.63814">
        <ele>1413.4</ele>
      </trkpt>
      <trkpt lat="28.1575" lon="-16.63814">
        <ele>1413.6</ele>
      </trkpt>
      <trkpt lat="28.15751" lon="-16.63815">
        <ele>1414.0</ele>
      </trkpt>
      <trkpt lat="28.15757" lon="-16.638169">
        <ele>1415.3</ele>
      </trkpt>
      <trkpt lat="28.15761" lon="-16.63819">
        <ele>1416.3</ele>
      </trkpt>
      <trkpt lat="28.15765" lon="-16.6382">
        <ele>1417.1</ele>
      </trkpt>
      <trkpt lat="28.15767" lon="-16.63821">
        <ele>1417.6</ele>
      </trkpt>
      <trkpt lat="28.15768" lon="-16.63821">
        <ele>1417.8</ele>
      </trkpt>
      <trkpt lat="28.15773" lon="-16.63822">
        <ele>1418.7</ele>
      </trkpt>
      <trkpt lat="28.15778" lon="-16.63822">
        <ele>1419.5</ele>
      </trkpt>
      <trkpt lat="28.15783" lon="-16.63821">
        <ele>1419.9</ele>
      </trkpt>
      <trkpt lat="28.15785" lon="-16.6382">
        <ele>1419.9</ele>
      </trkpt>
      <trkpt lat="28.1579" lon="-16.63819">
        <ele>1420.4</ele>
      </trkpt>
      <trkpt lat="28.15792" lon="-16.638179">
        <ele>1420.4</ele>
      </trkpt>
      <trkpt lat="28.15796" lon="-16.63816">
        <ele>1420.4</ele>
      </trkpt>
      <trkpt lat="28.158" lon="-16.63814">
        <ele>1420.4</ele>
      </trkpt>
      <trkpt lat="28.15817" lon="-16.63806">
        <ele>1420.4</ele>
      </trkpt>
      <trkpt lat="28.1582" lon="-16.63804">
        <ele>1420.2</ele>
      </trkpt>
      <trkpt lat="28.15823" lon="-16.63803">
        <ele>1420.2</ele>
      </trkpt>
      <trkpt lat="28.15827" lon="-16.63803">
        <ele>1420.7</ele>
      </trkpt>
      <trkpt lat="28.1583" lon="-16.63802">
        <ele>1420.8</ele>
      </trkpt>
      <trkpt lat="28.15833" lon="-16.63802">
        <ele>1421.2</ele>
      </trkpt>
      <trkpt lat="28.15838" lon="-16.63802">
        <ele>1421.5</ele>
      </trkpt>
      <trkpt lat="28.15843" lon="-16.63803">
        <ele>1422.1</ele>
      </trkpt>
      <trkpt lat="28.15845" lon="-16.63804">
        <ele>1422.5</ele>
      </trkpt>
      <trkpt lat="28.15851" lon="-16.63805">
        <ele>1423.1</ele>
      </trkpt>
      <trkpt lat="28.15854" lon="-16.63805">
        <ele>1423.2</ele>
      </trkpt>
      <trkpt lat="28.15872" lon="-16.638079">
        <ele>1425.0</ele>
      </trkpt>
      <trkpt lat="28.15896" lon="-16.63813">
        <ele>1427.4</ele>
      </trkpt>
      <trkpt lat="28.15902" lon="-16.63814">
        <ele>1428.0</ele>
      </trkpt>
      <trkpt lat="28.15907" lon="-16.63814">
        <ele>1428.2</ele>
      </trkpt>
      <trkpt lat="28.15921" lon="-16.638169">
        <ele>1429.1</ele>
      </trkpt>
      <trkpt lat="28.15925" lon="-16.638179">
        <ele>1429.1</ele>
      </trkpt>
      <trkpt lat="28.15935" lon="-16.6382">
        <ele>1429.1</ele>
      </trkpt>
      <trkpt lat="28.15943" lon="-16.63822">
        <ele>1429.0</ele>
      </trkpt>
      <trkpt lat="28.15949" lon="-16.63823">
        <ele>1428.8</ele>
      </trkpt>
      <trkpt lat="28.15955" lon="-16.638259">
        <ele>1428.8</ele>
      </trkpt>
      <trkpt lat="28.15962" lon="-16.63829">
        <ele>1428.7</ele>
      </trkpt>
      <trkpt lat="28.15975" lon="-16.63838">
        <ele>1429.7</ele>
      </trkpt>
      <trkpt lat="28.16007" lon="-16.63857">
        <ele>1433.5</ele>
      </trkpt>
      <trkpt lat="28.16017" lon="-16.638639">
        <ele>1435.3</ele>
      </trkpt>
      <trkpt lat="28.16021" lon="-16.63869">
        <ele>1436.5</ele>
      </trkpt>
      <trkpt lat="28.16029" lon="-16.6388">
        <ele>1438.8</ele>
      </trkpt>
      <trkpt lat="28.16033" lon="-16.63888">
        <ele>1440.4</ele>
      </trkpt>
      <trkpt lat="28.16033" lon="-16.6389">
        <ele>1440.8</ele>
      </trkpt>
      <trkpt lat="28.16036" lon="-16.63899">
        <ele>1442.5</ele>
      </trkpt>
      <trkpt lat="28.16038" lon="-16.63907">
        <ele>1444.0</ele>
      </trkpt>
      <trkpt lat="28.1604" lon="-16.639199">
        <ele>1446.2</ele>
      </trkpt>
      <trkpt lat="28.16041" lon="-16.63935">
        <ele>1448.0</ele>
      </trkpt>
      <trkpt lat="28.16041" lon="-16.63962">
        <ele>1451.6</ele>
      </trkpt>
      <trkpt lat="28.16042" lon="-16.63973">
        <ele>1452.9</ele>
      </trkpt>
      <trkpt lat="28.16043" lon="-16.63989">
        <ele>1454.9</ele>
      </trkpt>
      <trkpt lat="28.16044" lon="-16.64013">
        <ele>1458.1</ele>
      </trkpt>
      <trkpt lat="28.16044" lon="-16.64017">
        <ele>1458.7</ele>
      </trkpt>
      <trkpt lat="28.16046" lon="-16.64022">
        <ele>1459.2</ele>
      </trkpt>
      <trkpt lat="28.16047" lon="-16.64025">
        <ele>1459.5</ele>
      </trkpt>
      <trkpt lat="28.16049" lon="-16.64028">
        <ele>1459.7</ele>
      </trkpt>
      <trkpt lat="28.16051" lon="-16.64031">
        <ele>1459.9</ele>
      </trkpt>
      <trkpt lat="28.16052" lon="-16.64031">
        <ele>1459.7</ele>
      </trkpt>
      <trkpt lat="28.16055" lon="-16.640329">
        <ele>1459.6</ele>
      </trkpt>
      <trkpt lat="28.16059" lon="-16.64036">
        <ele>1459.5</ele>
      </trkpt>
      <trkpt lat="28.16063" lon="-16.64038">
        <ele>1459.3</ele>
      </trkpt>
      <trkpt lat="28.16068" lon="-16.64039">
        <ele>1458.7</ele>
      </trkpt>
      <trkpt lat="28.16072" lon="-16.64039">
        <ele>1458.2</ele>
      </trkpt>
      <trkpt lat="28.16079" lon="-16.64038">
        <ele>1457.1</ele>
      </trkpt>
      <trkpt lat="28.16083" lon="-16.64036">
        <ele>1456.2</ele>
      </trkpt>
      <trkpt lat="28.16087" lon="-16.640329">
        <ele>1457.2</ele>
      </trkpt>
      <trkpt lat="28.1609" lon="-16.64029">
        <ele>1457.8</ele>
      </trkpt>
      <trkpt lat="28.16094" lon="-16.640239">
        <ele>1458.7</ele>
      </trkpt>
      <trkpt lat="28.16096" lon="-16.64018">
        <ele>1458.6</ele>
      </trkpt>
      <trkpt lat="28.16097" lon="-16.64012">
        <ele>1458.2</ele>
      </trkpt>
      <trkpt lat="28.16098" lon="-16.64003">
        <ele>1457.2</ele>
      </trkpt>
      <trkpt lat="28.16099" lon="-16.63985">
        <ele>1454.5</ele>
      </trkpt>
      <trkpt lat="28.161" lon="-16.639759">
        <ele>1453.2</ele>
      </trkpt>
      <trkpt lat="28.16102" lon="-16.63969">
        <ele>1452.6</ele>
      </trkpt>
      <trkpt lat="28.16104" lon="-16.63962">
        <ele>1451.9</ele>
      </trkpt>
      <trkpt lat="28.16106" lon="-16.63955">
        <ele>1451.2</ele>
      </trkpt>
      <trkpt lat="28.16109" lon="-16.6395">
        <ele>1451.1</ele>
      </trkpt>
      <trkpt lat="28.16113" lon="-16.63943">
        <ele>1450.9</ele>
      </trkpt>
      <trkpt lat="28.16116" lon="-16.639389">
        <ele>1451.0</ele>
      </trkpt>
      <trkpt lat="28.1612" lon="-16.63935">
        <ele>1451.3</ele>
      </trkpt>
      <trkpt lat="28.16125" lon="-16.639309">
        <ele>1451.8</ele>
      </trkpt>
      <trkpt lat="28.16132" lon="-16.63927">
        <ele>1452.7</ele>
      </trkpt>
      <trkpt lat="28.16139" lon="-16.63924">
        <ele>1453.9</ele>
      </trkpt>
      <trkpt lat="28.16143" lon="-16.63923">
        <ele>1454.7</ele>
      </trkpt>
      <trkpt lat="28.16159" lon="-16.63919">
        <ele>1457.7</ele>
      </trkpt>
      <trkpt lat="28.16243" lon="-16.63909">
        <ele>1465.0</ele>
      </trkpt>
      <trkpt lat="28.16261" lon="-16.63908">
        <ele>1466.1</ele>
      </trkpt>
      <trkpt lat="28.16275" lon="-16.63908">
        <ele>1466.8</ele>
      </trkpt>
      <trkpt lat="28.16284" lon="-16.63908">
        <ele>1467.3</ele>
      </trkpt>
      <trkpt lat="28.16292" lon="-16.63909">
        <ele>1467.8</ele>
      </trkpt>
      <trkpt lat="28.16295" lon="-16.63909">
        <ele>1468.0</ele>
      </trkpt>
      <trkpt lat="28.16313" lon="-16.639109">
        <ele>1469.2</ele>
      </trkpt>
      <trkpt lat="28.16314" lon="-16.639109">
        <ele>1469.2</ele>
      </trkpt>
      <trkpt lat="28.16322" lon="-16.639109">
        <ele>1469.6</ele>
      </trkpt>
      <trkpt lat="28.16329" lon="-16.6391">
        <ele>1469.8</ele>
      </trkpt>
      <trkpt lat="28.16335" lon="-16.63909">
        <ele>1470.1</ele>
      </trkpt>
      <trkpt lat="28.16342" lon="-16.63906">
        <ele>1470.7</ele>
      </trkpt>
      <trkpt lat="28.16349" lon="-16.639019">
        <ele>1471.2</ele>
      </trkpt>
      <trkpt lat="28.16357" lon="-16.63895">
        <ele>1471.5</ele>
      </trkpt>
      <trkpt lat="28.16359" lon="-16.63894">
        <ele>1471.7</ele>
      </trkpt>
      <trkpt lat="28.16361" lon="-16.638919">
        <ele>1471.8</ele>
      </trkpt>
      <trkpt lat="28.1637" lon="-16.638839">
        <ele>1472.3</ele>
      </trkpt>
      <trkpt lat="28.16371" lon="-16.638819">
        <ele>1472.3</ele>
      </trkpt>
      <trkpt lat="28.1638" lon="-16.638729">
        <ele>1472.9</ele>
      </trkpt>
      <trkpt lat="28.16384" lon="-16.63868">
        <ele>1473.2</ele>
      </trkpt>
      <trkpt lat="28.16397" lon="-16.63853">
        <ele>1474.3</ele>
      </trkpt>
      <trkpt lat="28.164" lon="-16.63849">
        <ele>1474.6</ele>
      </trkpt>
      <trkpt lat="28.16409" lon="-16.63839">
        <ele>1475.7</ele>
      </trkpt>
      <trkpt lat="28.16413" lon="-16.63835">
        <ele>1476.3</ele>
      </trkpt>
      <trkpt lat="28.16422" lon="-16.63824">
        <ele>1477.2</ele>
      </trkpt>
      <trkpt lat="28.16427" lon="-16.63819">
        <ele>1477.8</ele>
      </trkpt>
      <trkpt lat="28.16448" lon="-16.63797">
        <ele>1479.3</ele>
      </trkpt>
      <trkpt lat="28.16449" lon="-16.63797">
        <ele>1479.5</ele>
      </trkpt>
      <trkpt lat="28.16461" lon="-16.63788">
        <ele>1480.4</ele>
      </trkpt>
      <trkpt lat="28.16467" lon="-16.63784">
        <ele>1480.9</ele>
      </trkpt>
      <trkpt lat="28.16473" lon="-16.63782">
        <ele>1481.6</ele>
      </trkpt>
      <trkpt lat="28.16479" lon="-16.637799">
        <ele>1482.4</ele>
      </trkpt>
      <trkpt lat="28.16485" lon="-16.637799">
        <ele>1483.4</ele>
      </trkpt>
      <trkpt lat="28.16486" lon="-16.637789">
        <ele>1483.4</ele>
      </trkpt>
      <trkpt lat="28.16504" lon="-16.637789">
        <ele>1486.5</ele>
      </trkpt>
      <trkpt lat="28.16521" lon="-16.637789">
        <ele>1489.2</ele>
      </trkpt>
      <trkpt lat="28.16522" lon="-16.637789">
        <ele>1489.4</ele>
      </trkpt>
      <trkpt lat="28.16535" lon="-16.637789">
        <ele>1491.4</ele>
      </trkpt>
      <trkpt lat="28.1654" lon="-16.637789">
        <ele>1492.2</ele>
      </trkpt>
      <trkpt lat="28.16549" lon="-16.637799">
        <ele>1493.8</ele>
      </trkpt>
      <trkpt lat="28.16557" lon="-16.63781">
        <ele>1495.3</ele>
      </trkpt>
      <trkpt lat="28.16566" lon="-16.63783">
        <ele>1497.2</ele>
      </trkpt>
      <trkpt lat="28.16575" lon="-16.63785">
        <ele>1499.1</ele>
      </trkpt>
      <trkpt lat="28.16582" lon="-16.63787">
        <ele>1500.7</ele>
      </trkpt>
      <trkpt lat="28.16591" lon="-16.637889">
        <ele>1502.9</ele>
      </trkpt>
      <trkpt lat="28.16593" lon="-16.637889">
        <ele>1503.4</ele>
      </trkpt>
      <trkpt lat="28.16603" lon="-16.637899">
        <ele>1505.6</ele>
      </trkpt>
      <trkpt lat="28.16611" lon="-16.637899">
        <ele>1507.3</ele>
      </trkpt>
      <trkpt lat="28.16614" lon="-16.637899">
        <ele>1507.9</ele>
      </trkpt>
      <trkpt lat="28.16623" lon="-16.63788">
        <ele>1509.4</ele>
      </trkpt>
      <trkpt lat="28.16628" lon="-16.63785">
        <ele>1509.9</ele>
      </trkpt>
      <trkpt lat="28.16631" lon="-16.63781">
        <ele>1509.7</ele>
      </trkpt>
      <trkpt lat="28.16634" lon="-16.63776">
        <ele>1509.5</ele>
      </trkpt>
      <trkpt lat="28.16636" lon="-16.637699">
        <ele>1508.9</ele>
      </trkpt>
      <trkpt lat="28.16636" lon="-16.63763">
        <ele>1507.6</ele>
      </trkpt>
      <trkpt lat="28.16635" lon="-16.63757">
        <ele>1506.3</ele>
      </trkpt>
      <trkpt lat="28.16633" lon="-16.63748">
        <ele>1504.9</ele>
      </trkpt>
      <trkpt lat="28.16632" lon="-16.63748">
        <ele>1504.7</ele>
      </trkpt>
      <trkpt lat="28.16629" lon="-16.637429">
        <ele>1504.9</ele>
      </trkpt>
      <trkpt lat="28.16623" lon="-16.63735">
        <ele>1505.0</ele>
      </trkpt>
      <trkpt lat="28.1662" lon="-16.637329">
        <ele>1504.6</ele>
      </trkpt>
      <trkpt lat="28.16607" lon="-16.6372">
        <ele>1503.8</ele>
      </trkpt>
      <trkpt lat="28.16593" lon="-16.63707">
        <ele>1502.8</ele>
      </trkpt>
      <trkpt lat="28.16579" lon="-16.63694">
        <ele>1501.9</ele>
      </trkpt>
      <trkpt lat="28.16565" lon="-16.63681">
        <ele>1501.2</ele>
      </trkpt>
      <trkpt lat="28.16551" lon="-16.636679">
        <ele>1500.0</ele>
      </trkpt>
      <trkpt lat="28.16523" lon="-16.63642">
        <ele>1503.6</ele>
      </trkpt>
      <trkpt lat="28.16509" lon="-16.636289">
        <ele>1505.5</ele>
      </trkpt>
      <trkpt lat="28.16506" lon="-16.63626">
        <ele>1506.0</ele>
      </trkpt>
      <trkpt lat="28.16495" lon="-16.63616">
        <ele>1507.4</ele>
      </trkpt>
      <trkpt lat="28.16489" lon="-16.636099">
        <ele>1508.4</ele>
      </trkpt>
      <trkpt lat="28.16478" lon="-16.636009">
        <ele>1509.3</ele>
      </trkpt>
      <trkpt lat="28.16466" lon="-16.635929">
        <ele>1509.5</ele>
      </trkpt>
      <trkpt lat="28.16456" lon="-16.63587">
        <ele>1509.4</ele>
      </trkpt>
      <trkpt lat="28.1645" lon="-16.635829">
        <ele>1509.5</ele>
      </trkpt>
      <trkpt lat="28.16434" lon="-16.635729">
        <ele>1509.1</ele>
      </trkpt>
      <trkpt lat="28.16419" lon="-16.635629">
        <ele>1508.5</ele>
      </trkpt>
      <trkpt lat="28.16403" lon="-16.63553">
        <ele>1506.5</ele>
      </trkpt>
      <trkpt lat="28.16402" lon="-16.63553">
        <ele>1506.2</ele>
      </trkpt>
      <trkpt lat="28.16387" lon="-16.63543">
        <ele>1504.1</ele>
      </trkpt>
      <trkpt lat="28.16372" lon="-16.63533">
        <ele>1501.7</ele>
      </trkpt>
      <trkpt lat="28.16365" lon="-16.63528">
        <ele>1500.6</ele>
      </trkpt>
      <trkpt lat="28.16357" lon="-16.63523">
        <ele>1499.0</ele>
      </trkpt>
      <trkpt lat="28.16357" lon="-16.63522">
        <ele>1499.3</ele>
      </trkpt>
      <trkpt lat="28.16353" lon="-16.635179">
        <ele>1498.9</ele>
      </trkpt>
      <trkpt lat="28.16351" lon="-16.63513">
        <ele>1499.5</ele>
      </trkpt>
      <trkpt lat="28.1635" lon="-16.635079">
        <ele>1500.5</ele>
      </trkpt>
      <trkpt lat="28.1635" lon="-16.63504">
        <ele>1501.5</ele>
      </trkpt>
      <trkpt lat="28.16352" lon="-16.634979">
        <ele>1503.3</ele>
      </trkpt>
      <trkpt lat="28.16354" lon="-16.63492">
        <ele>1503.8</ele>
      </trkpt>
      <trkpt lat="28.16357" lon="-16.634889">
        <ele>1504.9</ele>
      </trkpt>
      <trkpt lat="28.16359" lon="-16.63487">
        <ele>1505.6</ele>
      </trkpt>
      <trkpt lat="28.16362" lon="-16.63484">
        <ele>1506.8</ele>
      </trkpt>
      <trkpt lat="28.16367" lon="-16.63482">
        <ele>1508.9</ele>
      </trkpt>
      <trkpt lat="28.16371" lon="-16.63482">
        <ele>1510.7</ele>
      </trkpt>
      <trkpt lat="28.16376" lon="-16.63482">
        <ele>1512.8</ele>
      </trkpt>
      <trkpt lat="28.1638" lon="-16.63484">
        <ele>1514.6</ele>
      </trkpt>
      <trkpt lat="28.16385" lon="-16.63487">
        <ele>1516.7</ele>
      </trkpt>
      <trkpt lat="28.16389" lon="-16.63491">
        <ele>1518.3</ele>
      </trkpt>
      <trkpt lat="28.16391" lon="-16.63493">
        <ele>1519.0</ele>
      </trkpt>
      <trkpt lat="28.16404" lon="-16.63506">
        <ele>1522.1</ele>
      </trkpt>
      <trkpt lat="28.16418" lon="-16.63519">
        <ele>1523.1</ele>
      </trkpt>
      <trkpt lat="28.16418" lon="-16.6352">
        <ele>1522.7</ele>
      </trkpt>
      <trkpt lat="28.16424" lon="-16.63524">
        <ele>1523.4</ele>
      </trkpt>
      <trkpt lat="28.16431" lon="-16.63529">
        <ele>1524.0</ele>
      </trkpt>
      <trkpt lat="28.16433" lon="-16.6353">
        <ele>1524.3</ele>
      </trkpt>
      <trkpt lat="28.16438" lon="-16.63532">
        <ele>1525.2</ele>
      </trkpt>
      <trkpt lat="28.16448" lon="-16.63537">
        <ele>1526.6</ele>
      </trkpt>
      <trkpt lat="28.16467" lon="-16.63544">
        <ele>1529.8</ele>
      </trkpt>
      <trkpt lat="28.16484" lon="-16.6355">
        <ele>1532.4</ele>
      </trkpt>
      <trkpt lat="28.16502" lon="-16.63556">
        <ele>1535.0</ele>
      </trkpt>
      <trkpt lat="28.16519" lon="-16.63562">
        <ele>1536.4</ele>
      </trkpt>
      <trkpt lat="28.16588" lon="-16.63586">
        <ele>1541.9</ele>
      </trkpt>
      <trkpt lat="28.16622" lon="-16.63598">
        <ele>1544.7</ele>
      </trkpt>
      <trkpt lat="28.16636" lon="-16.63603">
        <ele>1546.0</ele>
      </trkpt>
      <trkpt lat="28.16656" lon="-16.636109">
        <ele>1547.6</ele>
      </trkpt>
      <trkpt lat="28.1666" lon="-16.636119">
        <ele>1548.1</ele>
      </trkpt>
      <trkpt lat="28.16671" lon="-16.63617">
        <ele>1549.0</ele>
      </trkpt>
      <trkpt lat="28.16673" lon="-16.63618">
        <ele>1549.1</ele>
      </trkpt>
      <trkpt lat="28.16687" lon="-16.63625">
        <ele>1550.0</ele>
      </trkpt>
      <trkpt lat="28.16721" lon="-16.63646">
        <ele>1550.6</ele>
      </trkpt>
      <trkpt lat="28.16737" lon="-16.63655">
        <ele>1551.2</ele>
      </trkpt>
      <trkpt lat="28.16753" lon="-16.63665">
        <ele>1551.3</ele>
      </trkpt>
      <trkpt lat="28.16768" lon="-16.63674">
        <ele>1552.6</ele>
      </trkpt>
      <trkpt lat="28.16769" lon="-16.63674">
        <ele>1552.9</ele>
      </trkpt>
      <trkpt lat="28.16774" lon="-16.636759">
        <ele>1553.5</ele>
      </trkpt>
      <trkpt lat="28.16781" lon="-16.636769">
        <ele>1554.9</ele>
      </trkpt>
      <trkpt lat="28.16786" lon="-16.636759">
        <ele>1556.3</ele>
      </trkpt>
      <trkpt lat="28.16791" lon="-16.63674">
        <ele>1557.9</ele>
      </trkpt>
      <trkpt lat="28.16799" lon="-16.6367">
        <ele>1560.9</ele>
      </trkpt>
      <trkpt lat="28.16804" lon="-16.63663">
        <ele>1564.4</ele>
      </trkpt>
      <trkpt lat="28.16808" lon="-16.63656">
        <ele>1568.0</ele>
      </trkpt>
      <trkpt lat="28.1681" lon="-16.636489">
        <ele>1571.1</ele>
      </trkpt>
      <trkpt lat="28.1681" lon="-16.636479">
        <ele>1571.5</ele>
      </trkpt>
      <trkpt lat="28.1681" lon="-16.63644">
        <ele>1573.0</ele>
      </trkpt>
      <trkpt lat="28.16809" lon="-16.63637">
        <ele>1575.5</ele>
      </trkpt>
      <trkpt lat="28.16807" lon="-16.63632">
        <ele>1576.9</ele>
      </trkpt>
      <trkpt lat="28.16805" lon="-16.636289">
        <ele>1577.5</ele>
      </trkpt>
      <trkpt lat="28.16804" lon="-16.63628">
        <ele>1577.7</ele>
      </trkpt>
      <trkpt lat="28.168" lon="-16.63623">
        <ele>1578.6</ele>
      </trkpt>
      <trkpt lat="28.16793" lon="-16.63618">
        <ele>1578.7</ele>
      </trkpt>
      <trkpt lat="28.16791" lon="-16.63617">
        <ele>1578.6</ele>
      </trkpt>
      <trkpt lat="28.16768" lon="-16.636019">
        <ele>1578.6</ele>
      </trkpt>
      <trkpt lat="28.1676" lon="-16.63597">
        <ele>1578.4</ele>
      </trkpt>
      <trkpt lat="28.16744" lon="-16.63588">
        <ele>1577.8</ele>
      </trkpt>
      <trkpt lat="28.16738" lon="-16.63584">
        <ele>1577.7</ele>
      </trkpt>
      <trkpt lat="28.16728" lon="-16.63579">
        <ele>1577.4</ele>
      </trkpt>
      <trkpt lat="28.16711" lon="-16.6357">
        <ele>1577.2</ele>
      </trkpt>
      <trkpt lat="28.16695" lon="-16.63561">
        <ele>1577.2</ele>
      </trkpt>
      <trkpt lat="28.16679" lon="-16.63553">
        <ele>1576.9</ele>
      </trkpt>
      <trkpt lat="28.16658" lon="-16.63542">
        <ele>1577.0</ele>
      </trkpt>
      <trkpt lat="28.16646" lon="-16.635349">
        <ele>1577.7</ele>
      </trkpt>
      <trkpt lat="28.1663" lon="-16.635259">
        <ele>1578.5</ele>
      </trkpt>
      <trkpt lat="28.16622" lon="-16.63522">
        <ele>1578.7</ele>
      </trkpt>
      <trkpt lat="28.16614" lon="-16.635179">
        <ele>1578.9</ele>
      </trkpt>
      <trkpt lat="28.16597" lon="-16.63509">
        <ele>1579.6</ele>
      </trkpt>
      <trkpt lat="28.16581" lon="-16.63501">
        <ele>1580.0</ele>
      </trkpt>
      <trkpt lat="28.1658" lon="-16.63501">
        <ele>1579.7</ele>
      </trkpt>
      <trkpt lat="28.16569" lon="-16.63496">
        <ele>1578.7</ele>
      </trkpt>
      <trkpt lat="28.16563" lon="-16.63494">
        <ele>1577.8</ele>
      </trkpt>
      <trkpt lat="28.16557" lon="-16.63492">
        <ele>1576.8</ele>
      </trkpt>
      <trkpt lat="28.1655" lon="-16.634889">
        <ele>1575.9</ele>
      </trkpt>
      <trkpt lat="28.16547" lon="-16.634879">
        <ele>1575.3</ele>
      </trkpt>
      <trkpt lat="28.16542" lon="-16.63486">
        <ele>1574.5</ele>
      </trkpt>
      <trkpt lat="28.16536" lon="-16.63483">
        <ele>1573.7</ele>
      </trkpt>
      <trkpt lat="28.1653" lon="-16.634799">
        <ele>1572.8</ele>
      </trkpt>
      <trkpt lat="28.16529" lon="-16.634799">
        <ele>1572.6</ele>
      </trkpt>
      <trkpt lat="28.16525" lon="-16.63476">
        <ele>1572.4</ele>
      </trkpt>
      <trkpt lat="28.16522" lon="-16.634709">
        <ele>1572.8</ele>
      </trkpt>
      <trkpt lat="28.16521" lon="-16.63466">
        <ele>1573.8</ele>
      </trkpt>
      <trkpt lat="28.16521" lon="-16.63464">
        <ele>1574.3</ele>
      </trkpt>
      <trkpt lat="28.1652" lon="-16.63462">
        <ele>1574.5</ele>
      </trkpt>
      <trkpt lat="28.1652" lon="-16.63457">
        <ele>1575.7</ele>
      </trkpt>
      <trkpt lat="28.16521" lon="-16.634519">
        <ele>1577.3</ele>
      </trkpt>
      <trkpt lat="28.16523" lon="-16.63448">
        <ele>1578.9</ele>
      </trkpt>
      <trkpt lat="28.16525" lon="-16.63445">
        <ele>1580.4</ele>
      </trkpt>
      <trkpt lat="28.16529" lon="-16.634419">
        <ele>1582.5</ele>
      </trkpt>
      <trkpt lat="28.16532" lon="-16.6344">
        <ele>1584.1</ele>
      </trkpt>
      <trkpt lat="28.16535" lon="-16.63439">
        <ele>1585.4</ele>
      </trkpt>
      <trkpt lat="28.16539" lon="-16.63438">
        <ele>1587.1</ele>
      </trkpt>
      <trkpt lat="28.16542" lon="-16.63438">
        <ele>1588.1</ele>
      </trkpt>
      <trkpt lat="28.16545" lon="-16.63438">
        <ele>1589.2</ele>
      </trkpt>
      <trkpt lat="28.16549" lon="-16.63439">
        <ele>1590.3</ele>
      </trkpt>
      <trkpt lat="28.16555" lon="-16.634419">
        <ele>1591.4</ele>
      </trkpt>
      <trkpt lat="28.1656" lon="-16.63445">
        <ele>1592.2</ele>
      </trkpt>
      <trkpt lat="28.16563" lon="-16.63448">
        <ele>1592.3</ele>
      </trkpt>
      <trkpt lat="28.16573" lon="-16.63456">
        <ele>1593.0</ele>
      </trkpt>
      <trkpt lat="28.16584" lon="-16.63465">
        <ele>1593.3</ele>
      </trkpt>
      <trkpt lat="28.16592" lon="-16.634709">
        <ele>1592.8</ele>
      </trkpt>
      <trkpt lat="28.16593" lon="-16.63473">
        <ele>1592.3</ele>
      </trkpt>
      <trkpt lat="28.16599" lon="-16.63477">
        <ele>1592.1</ele>
      </trkpt>
      <trkpt lat="28.16606" lon="-16.63481">
        <ele>1592.1</ele>
      </trkpt>
      <trkpt lat="28.16607" lon="-16.63482">
        <ele>1592.0</ele>
      </trkpt>
      <trkpt lat="28.16617" lon="-16.63487">
        <ele>1592.3</ele>
      </trkpt>
      <trkpt lat="28.16625" lon="-16.634889">
        <ele>1593.2</ele>
      </trkpt>
      <trkpt lat="28.16633" lon="-16.63492">
        <ele>1593.8</ele>
      </trkpt>
      <trkpt lat="28.16642" lon="-16.63494">
        <ele>1595.0</ele>
      </trkpt>
      <trkpt lat="28.16648" lon="-16.63495">
        <ele>1595.8</ele>
      </trkpt>
      <trkpt lat="28.16657" lon="-16.63496">
        <ele>1597.3</ele>
      </trkpt>
      <trkpt lat="28.1666" lon="-16.63496">
        <ele>1598.0</ele>
      </trkpt>
      <trkpt lat="28.16673" lon="-16.634979">
        <ele>1600.2</ele>
      </trkpt>
      <trkpt lat="28.16677" lon="-16.634979">
        <ele>1601.1</ele>
      </trkpt>
      <trkpt lat="28.16687" lon="-16.635">
        <ele>1602.9</ele>
      </trkpt>
      <trkpt lat="28.16695" lon="-16.63501">
        <ele>1604.4</ele>
      </trkpt>
      <trkpt lat="28.16704" lon="-16.63502">
        <ele>1606.1</ele>
      </trkpt>
      <trkpt lat="28.16712" lon="-16.63503">
        <ele>1607.5</ele>
      </trkpt>
      <trkpt lat="28.16713" lon="-16.63503">
        <ele>1607.8</ele>
      </trkpt>
      <trkpt lat="28.1672" lon="-16.63504">
        <ele>1609.0</ele>
      </trkpt>
      <trkpt lat="28.16728" lon="-16.63506">
        <ele>1610.0</ele>
      </trkpt>
      <trkpt lat="28.16731" lon="-16.635069">
        <ele>1610.3</ele>
      </trkpt>
      <trkpt lat="28.16738" lon="-16.63509">
        <ele>1611.1</ele>
      </trkpt>
      <trkpt lat="28.16746" lon="-16.63511">
        <ele>1612.2</ele>
      </trkpt>
      <trkpt lat="28.16748" lon="-16.63511">
        <ele>1612.6</ele>
      </trkpt>
      <trkpt lat="28.16755" lon="-16.63514">
        <ele>1613.2</ele>
      </trkpt>
      <trkpt lat="28.16765" lon="-16.635169">
        <ele>1614.5</ele>
      </trkpt>
      <trkpt lat="28.16766" lon="-16.635169">
        <ele>1614.8</ele>
      </trkpt>
      <trkpt lat="28.16779" lon="-16.63524">
        <ele>1615.2</ele>
      </trkpt>
      <trkpt lat="28.16782" lon="-16.63525">
        <ele>1615.5</ele>
      </trkpt>
      <trkpt lat="28.16832" lon="-16.6355">
        <ele>1617.3</ele>
      </trkpt>
      <trkpt lat="28.16848" lon="-16.63558">
        <ele>1618.4</ele>
      </trkpt>
      <trkpt lat="28.1686" lon="-16.635639">
        <ele>1619.3</ele>
      </trkpt>
      <trkpt lat="28.16865" lon="-16.63566">
        <ele>1619.9</ele>
      </trkpt>
      <trkpt lat="28.16881" lon="-16.635739">
        <ele>1621.2</ele>
      </trkpt>
      <trkpt lat="28.16898" lon="-16.635819">
        <ele>1622.8</ele>
      </trkpt>
      <trkpt lat="28.16905" lon="-16.63586">
        <ele>1623.2</ele>
      </trkpt>
      <trkpt lat="28.16912" lon="-16.63589">
        <ele>1624.1</ele>
      </trkpt>
      <trkpt lat="28.16914" lon="-16.63589">
        <ele>1624.7</ele>
      </trkpt>
      <trkpt lat="28.16918" lon="-16.63591">
        <ele>1625.0</ele>
      </trkpt>
      <trkpt lat="28.16935" lon="-16.63597">
        <ele>1626.8</ele>
      </trkpt>
      <trkpt lat="28.16946" lon="-16.636009">
        <ele>1627.8</ele>
      </trkpt>
      <trkpt lat="28.16949" lon="-16.636009">
        <ele>1628.6</ele>
      </trkpt>
      <trkpt lat="28.16966" lon="-16.63607">
        <ele>1630.4</ele>
      </trkpt>
      <trkpt lat="28.16983" lon="-16.63613">
        <ele>1632.2</ele>
      </trkpt>
      <trkpt lat="28.17044" lon="-16.63635">
        <ele>1638.5</ele>
      </trkpt>
      <trkpt lat="28.17052" lon="-16.636379">
        <ele>1639.3</ele>
      </trkpt>
      <trkpt lat="28.17069" lon="-16.63644">
        <ele>1641.3</ele>
      </trkpt>
      <trkpt lat="28.17081" lon="-16.636479">
        <ele>1642.8</ele>
      </trkpt>
      <trkpt lat="28.17086" lon="-16.63651">
        <ele>1642.6</ele>
      </trkpt>
      <trkpt lat="28.17103" lon="-16.636579">
        <ele>1642.4</ele>
      </trkpt>
      <trkpt lat="28.17136" lon="-16.63673">
        <ele>1642.5</ele>
      </trkpt>
      <trkpt lat="28.17153" lon="-16.6368">
        <ele>1643.5</ele>
      </trkpt>
      <trkpt lat="28.1717" lon="-16.63688">
        <ele>1644.6</ele>
      </trkpt>
      <trkpt lat="28.17186" lon="-16.636949">
        <ele>1646.3</ele>
      </trkpt>
      <trkpt lat="28.17203" lon="-16.63703">
        <ele>1647.8</ele>
      </trkpt>
      <trkpt lat="28.1722" lon="-16.6371">
        <ele>1649.4</ele>
      </trkpt>
      <trkpt lat="28.17237" lon="-16.63717">
        <ele>1650.9</ele>
      </trkpt>
      <trkpt lat="28.1724" lon="-16.63718">
        <ele>1651.2</ele>
      </trkpt>
      <trkpt lat="28.17253" lon="-16.63725">
        <ele>1651.9</ele>
      </trkpt>
      <trkpt lat="28.1726" lon="-16.63728">
        <ele>1652.7</ele>
      </trkpt>
      <trkpt lat="28.1727" lon="-16.637329">
        <ele>1653.7</ele>
      </trkpt>
      <trkpt lat="28.17292" lon="-16.63746">
        <ele>1655.6</ele>
      </trkpt>
      <trkpt lat="28.17302" lon="-16.637519">
        <ele>1656.7</ele>
      </trkpt>
      <trkpt lat="28.17311" lon="-16.63759">
        <ele>1657.3</ele>
      </trkpt>
      <trkpt lat="28.17317" lon="-16.63763">
        <ele>1657.9</ele>
      </trkpt>
      <trkpt lat="28.17332" lon="-16.63774">
        <ele>1659.2</ele>
      </trkpt>
      <trkpt lat="28.17347" lon="-16.63785">
        <ele>1660.1</ele>
      </trkpt>
      <trkpt lat="28.17392" lon="-16.63819">
        <ele>1664.6</ele>
      </trkpt>
      <trkpt lat="28.17407" lon="-16.6383">
        <ele>1666.9</ele>
      </trkpt>
      <trkpt lat="28.17422" lon="-16.63841">
        <ele>1669.0</ele>
      </trkpt>
      <trkpt lat="28.17467" lon="-16.638739">
        <ele>1674.1</ele>
      </trkpt>
      <trkpt lat="28.17467" lon="-16.63875">
        <ele>1674.0</ele>
      </trkpt>
      <trkpt lat="28.17481" lon="-16.63886">
        <ele>1675.9</ele>
      </trkpt>
      <trkpt lat="28.17482" lon="-16.63886">
        <ele>1676.1</ele>
      </trkpt>
      <trkpt lat="28.1749" lon="-16.638929">
        <ele>1677.3</ele>
      </trkpt>
      <trkpt lat="28.17496" lon="-16.63898">
        <ele>1678.3</ele>
      </trkpt>
      <trkpt lat="28.17499" lon="-16.639019">
        <ele>1678.7</ele>
      </trkpt>
      <trkpt lat="28.17502" lon="-16.63906">
        <ele>1679.1</ele>
      </trkpt>
      <trkpt lat="28.17508" lon="-16.63915">
        <ele>1679.7</ele>
      </trkpt>
      <trkpt lat="28.17514" lon="-16.63927">
        <ele>1681.2</ele>
      </trkpt>
      <trkpt lat="28.17517" lon="-16.63932">
        <ele>1682.0</ele>
      </trkpt>
      <trkpt lat="28.1752" lon="-16.639389">
        <ele>1682.9</ele>
      </trkpt>
      <trkpt lat="28.17523" lon="-16.639479">
        <ele>1683.8</ele>
      </trkpt>
      <trkpt lat="28.17524" lon="-16.63951">
        <ele>1684.1</ele>
      </trkpt>
      <trkpt lat="28.17525" lon="-16.63957">
        <ele>1684.6</ele>
      </trkpt>
      <trkpt lat="28.17526" lon="-16.63963">
        <ele>1685.0</ele>
      </trkpt>
      <trkpt lat="28.17528" lon="-16.6397">
        <ele>1685.6</ele>
      </trkpt>
      <trkpt lat="28.17528" lon="-16.63971">
        <ele>1685.7</ele>
      </trkpt>
      <trkpt lat="28.17529" lon="-16.63983">
        <ele>1686.3</ele>
      </trkpt>
      <trkpt lat="28.1753" lon="-16.63991">
        <ele>1686.8</ele>
      </trkpt>
      <trkpt lat="28.17532" lon="-16.640059">
        <ele>1687.9</ele>
      </trkpt>
      <trkpt lat="28.17532" lon="-16.64011">
        <ele>1688.2</ele>
      </trkpt>
      <trkpt lat="28.17534" lon="-16.64032">
        <ele>1689.9</ele>
      </trkpt>
      <trkpt lat="28.17534" lon="-16.6404">
        <ele>1690.4</ele>
      </trkpt>
      <trkpt lat="28.17535" lon="-16.640519">
        <ele>1691.4</ele>
      </trkpt>
      <trkpt lat="28.17536" lon="-16.640619">
        <ele>1692.3</ele>
      </trkpt>
      <trkpt lat="28.17537" lon="-16.64072">
        <ele>1693.2</ele>
      </trkpt>
      <trkpt lat="28.17538" lon="-16.64083">
        <ele>1694.1</ele>
      </trkpt>
      <trkpt lat="28.17539" lon="-16.64093">
        <ele>1694.5</ele>
      </trkpt>
      <trkpt lat="28.1754" lon="-16.64104">
        <ele>1695.0</ele>
      </trkpt>
      <trkpt lat="28.17541" lon="-16.64113">
        <ele>1695.4</ele>
      </trkpt>
      <trkpt lat="28.17542" lon="-16.641269">
        <ele>1695.9</ele>
      </trkpt>
      <trkpt lat="28.17543" lon="-16.64133">
        <ele>1696.3</ele>
      </trkpt>
      <trkpt lat="28.17544" lon="-16.641459">
        <ele>1696.8</ele>
      </trkpt>
      <trkpt lat="28.17545" lon="-16.64161">
        <ele>1697.4</ele>
      </trkpt>
      <trkpt lat="28.17547" lon="-16.641739">
        <ele>1698.7</ele>
      </trkpt>
      <trkpt lat="28.17547" lon="-16.64179">
        <ele>1699.1</ele>
      </trkpt>
      <trkpt lat="28.17549" lon="-16.64187">
        <ele>1700.2</ele>
      </trkpt>
      <trkpt lat="28.1755" lon="-16.64194">
        <ele>1701.0</ele>
      </trkpt>
      <trkpt lat="28.1755" lon="-16.64195">
        <ele>1701.0</ele>
      </trkpt>
      <trkpt lat="28.17552" lon="-16.642019">
        <ele>1702.0</ele>
      </trkpt>
      <trkpt lat="28.17553" lon="-16.64205">
        <ele>1702.4</ele>
      </trkpt>
      <trkpt lat="28.17553" lon="-16.64208">
        <ele>1702.6</ele>
      </trkpt>
      <trkpt lat="28.17555" lon="-16.64213">
        <ele>1703.3</ele>
      </trkpt>
      <trkpt lat="28.17555" lon="-16.64214">
        <ele>1703.4</ele>
      </trkpt>
      <trkpt lat="28.17557" lon="-16.64218">
        <ele>1704.0</ele>
      </trkpt>
      <trkpt lat="28.17559" lon="-16.64224">
        <ele>1704.7</ele>
      </trkpt>
      <trkpt lat="28.17561" lon="-16.64228">
        <ele>1705.3</ele>
      </trkpt>
      <trkpt lat="28.17563" lon="-16.64232">
        <ele>1705.8</ele>
      </trkpt>
      <trkpt lat="28.17564" lon="-16.64235">
        <ele>1706.1</ele>
      </trkpt>
      <trkpt lat="28.17572" lon="-16.642499">
        <ele>1707.6</ele>
      </trkpt>
      <trkpt lat="28.17581" lon="-16.642669">
        <ele>1709.8</ele>
      </trkpt>
      <trkpt lat="28.1759" lon="-16.64285">
        <ele>1712.5</ele>
      </trkpt>
      <trkpt lat="28.17599" lon="-16.64303">
        <ele>1715.1</ele>
      </trkpt>
      <trkpt lat="28.17607" lon="-16.64318">
        <ele>1717.0</ele>
      </trkpt>
      <trkpt lat="28.17608" lon="-16.6432">
        <ele>1717.2</ele>
      </trkpt>
      <trkpt lat="28.17612" lon="-16.64327">
        <ele>1718.0</ele>
      </trkpt>
      <trkpt lat="28.17617" lon="-16.643329">
        <ele>1718.8</ele>
      </trkpt>
      <trkpt lat="28.17622" lon="-16.64337">
        <ele>1720.3</ele>
      </trkpt>
      <trkpt lat="28.17626" lon="-16.6434">
        <ele>1721.4</ele>
      </trkpt>
      <trkpt lat="28.17632" lon="-16.643429">
        <ele>1722.7</ele>
      </trkpt>
      <trkpt lat="28.17636" lon="-16.643439">
        <ele>1723.4</ele>
      </trkpt>
      <trkpt lat="28.17639" lon="-16.64345">
        <ele>1723.9</ele>
      </trkpt>
      <trkpt lat="28.17645" lon="-16.64346">
        <ele>1724.8</ele>
      </trkpt>
      <trkpt lat="28.17651" lon="-16.64347">
        <ele>1725.7</ele>
      </trkpt>
      <trkpt lat="28.17654" lon="-16.64347">
        <ele>1726.1</ele>
      </trkpt>
      <trkpt lat="28.17658" lon="-16.64347">
        <ele>1726.6</ele>
      </trkpt>
      <trkpt lat="28.17665" lon="-16.64347">
        <ele>1727.4</ele>
      </trkpt>
      <trkpt lat="28.17689" lon="-16.643439">
        <ele>1730.1</ele>
      </trkpt>
      <trkpt lat="28.17705" lon="-16.643419">
        <ele>1732.0</ele>
      </trkpt>
      <trkpt lat="28.17707" lon="-16.643419">
        <ele>1732.2</ele>
      </trkpt>
      <trkpt lat="28.1771" lon="-16.643419">
        <ele>1732.6</ele>
      </trkpt>
      <trkpt lat="28.17715" lon="-16.643419">
        <ele>1733.2</ele>
      </trkpt>
      <trkpt lat="28.17722" lon="-16.643439">
        <ele>1734.3</ele>
      </trkpt>
      <trkpt lat="28.1773" lon="-16.64347">
        <ele>1735.6</ele>
      </trkpt>
      <trkpt lat="28.17738" lon="-16.64351">
        <ele>1737.0</ele>
      </trkpt>
      <trkpt lat="28.17743" lon="-16.64356">
        <ele>1738.0</ele>
      </trkpt>
      <trkpt lat="28.17746" lon="-16.6436">
        <ele>1738.8</ele>
      </trkpt>
      <trkpt lat="28.17749" lon="-16.64364">
        <ele>1739.5</ele>
      </trkpt>
      <trkpt lat="28.17751" lon="-16.64369">
        <ele>1740.1</ele>
      </trkpt>
      <trkpt lat="28.17753" lon="-16.64374">
        <ele>1740.8</ele>
      </trkpt>
      <trkpt lat="28.17755" lon="-16.643809">
        <ele>1741.7</ele>
      </trkpt>
      <trkpt lat="28.17757" lon="-16.64387">
        <ele>1742.4</ele>
      </trkpt>
      <trkpt lat="28.17757" lon="-16.643899">
        <ele>1742.7</ele>
      </trkpt>
      <trkpt lat="28.17757" lon="-16.64392">
        <ele>1742.9</ele>
      </trkpt>
      <trkpt lat="28.17757" lon="-16.64401">
        <ele>1743.6</ele>
      </trkpt>
      <trkpt lat="28.17754" lon="-16.6441">
        <ele>1744.0</ele>
      </trkpt>
      <trkpt lat="28.17748" lon="-16.64429">
        <ele>1745.5</ele>
      </trkpt>
      <trkpt lat="28.17741" lon="-16.64448">
        <ele>1747.7</ele>
      </trkpt>
      <trkpt lat="28.1774" lon="-16.64452">
        <ele>1748.3</ele>
      </trkpt>
      <trkpt lat="28.17733" lon="-16.644649">
        <ele>1750.0</ele>
      </trkpt>
      <trkpt lat="28.17733" lon="-16.644659">
        <ele>1750.2</ele>
      </trkpt>
      <trkpt lat="28.1773" lon="-16.64471">
        <ele>1751.0</ele>
      </trkpt>
      <trkpt lat="28.17725" lon="-16.64478">
        <ele>1752.1</ele>
      </trkpt>
      <trkpt lat="28.17722" lon="-16.64482">
        <ele>1752.8</ele>
      </trkpt>
      <trkpt lat="28.1772" lon="-16.644839">
        <ele>1753.2</ele>
      </trkpt>
      <trkpt lat="28.17712" lon="-16.64491">
        <ele>1754.6</ele>
      </trkpt>
      <trkpt lat="28.17708" lon="-16.644939">
        <ele>1755.3</ele>
      </trkpt>
      <trkpt lat="28.17706" lon="-16.64495">
        <ele>1755.6</ele>
      </trkpt>
      <trkpt lat="28.17702" lon="-16.64497">
        <ele>1756.1</ele>
      </trkpt>
      <trkpt lat="28.17697" lon="-16.64498">
        <ele>1756.5</ele>
      </trkpt>
      <trkpt lat="28.17692" lon="-16.64499">
        <ele>1756.9</ele>
      </trkpt>
      <trkpt lat="28.1769" lon="-16.64499">
        <ele>1756.9</ele>
      </trkpt>
      <trkpt lat="28.17684" lon="-16.64499">
        <ele>1757.1</ele>
      </trkpt>
      <trkpt lat="28.17677" lon="-16.64498">
        <ele>1757.1</ele>
      </trkpt>
      <trkpt lat="28.17668" lon="-16.64495">
        <ele>1756.6</ele>
      </trkpt>
      <trkpt lat="28.17666" lon="-16.64495">
        <ele>1756.9</ele>
      </trkpt>
      <trkpt lat="28.17632" lon="-16.64482">
        <ele>1763.3</ele>
      </trkpt>
      <trkpt lat="28.17617" lon="-16.64477">
        <ele>1765.1</ele>
      </trkpt>
      <trkpt lat="28.1761" lon="-16.644749">
        <ele>1765.9</ele>
      </trkpt>
      <trkpt lat="28.17598" lon="-16.6447">
        <ele>1766.1</ele>
      </trkpt>
      <trkpt lat="28.17583" lon="-16.644649">
        <ele>1766.4</ele>
      </trkpt>
      <trkpt lat="28.17581" lon="-16.644639">
        <ele>1766.1</ele>
      </trkpt>
      <trkpt lat="28.17566" lon="-16.64459">
        <ele>1765.6</ele>
      </trkpt>
      <trkpt lat="28.17565" lon="-16.64459">
        <ele>1765.8</ele>
      </trkpt>
      <trkpt lat="28.17563" lon="-16.64459">
        <ele>1766.2</ele>
      </trkpt>
      <trkpt lat="28.17554" lon="-16.644559">
        <ele>1766.0</ele>
      </trkpt>
      <trkpt lat="28.17546" lon="-16.644549">
        <ele>1766.9</ele>
      </trkpt>
      <trkpt lat="28.17536" lon="-16.64454">
        <ele>1768.1</ele>
      </trkpt>
      <trkpt lat="28.17528" lon="-16.64453">
        <ele>1769.0</ele>
      </trkpt>
      <trkpt lat="28.17517" lon="-16.64453">
        <ele>1771.1</ele>
      </trkpt>
      <trkpt lat="28.17512" lon="-16.64453">
        <ele>1772.1</ele>
      </trkpt>
      <trkpt lat="28.1751" lon="-16.64452">
        <ele>1771.9</ele>
      </trkpt>
      <trkpt lat="28.17507" lon="-16.64452">
        <ele>1772.4</ele>
      </trkpt>
      <trkpt lat="28.17495" lon="-16.64451">
        <ele>1773.8</ele>
      </trkpt>
      <trkpt lat="28.17494" lon="-16.64451">
        <ele>1774.0</ele>
      </trkpt>
      <trkpt lat="28.17492" lon="-16.6445">
        <ele>1773.6</ele>
      </trkpt>
      <trkpt lat="28.1749" lon="-16.6445">
        <ele>1773.9</ele>
      </trkpt>
      <trkpt lat="28.17479" lon="-16.644469">
        <ele>1773.6</ele>
      </trkpt>
      <trkpt lat="28.17477" lon="-16.644469">
        <ele>1773.9</ele>
      </trkpt>
      <trkpt lat="28.17474" lon="-16.644459">
        <ele>1773.7</ele>
      </trkpt>
      <trkpt lat="28.17471" lon="-16.64445">
        <ele>1773.6</ele>
      </trkpt>
      <trkpt lat="28.17457" lon="-16.64439">
        <ele>1772.1</ele>
      </trkpt>
      <trkpt lat="28.17426" lon="-16.64426">
        <ele>1769.5</ele>
      </trkpt>
      <trkpt lat="28.17424" lon="-16.64425">
        <ele>1769.3</ele>
      </trkpt>
      <trkpt lat="28.17417" lon="-16.64423">
        <ele>1769.3</ele>
      </trkpt>
      <trkpt lat="28.17406" lon="-16.644189">
        <ele>1768.9</ele>
      </trkpt>
      <trkpt lat="28.17399" lon="-16.644179">
        <ele>1769.4</ele>
      </trkpt>
      <trkpt lat="28.17394" lon="-16.644169">
        <ele>1769.7</ele>
      </trkpt>
      <trkpt lat="28.1739" lon="-16.64416">
        <ele>1769.8</ele>
      </trkpt>
      <trkpt lat="28.17389" lon="-16.64416">
        <ele>1770.0</ele>
      </trkpt>
      <trkpt lat="28.1738" lon="-16.64416">
        <ele>1771.4</ele>
      </trkpt>
      <trkpt lat="28.17371" lon="-16.64416">
        <ele>1772.8</ele>
      </trkpt>
      <trkpt lat="28.17355" lon="-16.64416">
        <ele>1775.2</ele>
      </trkpt>
      <trkpt lat="28.17353" lon="-16.64416">
        <ele>1775.5</ele>
      </trkpt>
      <trkpt lat="28.1735" lon="-16.64416">
        <ele>1776.0</ele>
      </trkpt>
      <trkpt lat="28.17335" lon="-16.64416">
        <ele>1778.3</ele>
      </trkpt>
      <trkpt lat="28.17317" lon="-16.644169">
        <ele>1778.2</ele>
      </trkpt>
      <trkpt lat="28.17303" lon="-16.644169">
        <ele>1777.3</ele>
      </trkpt>
      <trkpt lat="28.17301" lon="-16.644169">
        <ele>1777.2</ele>
      </trkpt>
      <trkpt lat="28.17299" lon="-16.644169">
        <ele>1777.1</ele>
      </trkpt>
      <trkpt lat="28.17293" lon="-16.644179">
        <ele>1777.2</ele>
      </trkpt>
      <trkpt lat="28.17288" lon="-16.644189">
        <ele>1777.4</ele>
      </trkpt>
      <trkpt lat="28.17284" lon="-16.6442">
        <ele>1777.6</ele>
      </trkpt>
      <trkpt lat="28.17283" lon="-16.64421">
        <ele>1778.0</ele>
      </trkpt>
      <trkpt lat="28.17281" lon="-16.64421">
        <ele>1777.9</ele>
      </trkpt>
      <trkpt lat="28.17279" lon="-16.64422">
        <ele>1778.2</ele>
      </trkpt>
      <trkpt lat="28.17269" lon="-16.644279">
        <ele>1780.5</ele>
      </trkpt>
      <trkpt lat="28.17265" lon="-16.64429">
        <ele>1780.8</ele>
      </trkpt>
      <trkpt lat="28.17262" lon="-16.64431">
        <ele>1781.5</ele>
      </trkpt>
      <trkpt lat="28.17254" lon="-16.64435">
        <ele>1783.0</ele>
      </trkpt>
      <trkpt lat="28.17248" lon="-16.64438">
        <ele>1783.8</ele>
      </trkpt>
      <trkpt lat="28.17234" lon="-16.64445">
        <ele>1783.9</ele>
      </trkpt>
      <trkpt lat="28.17232" lon="-16.644459">
        <ele>1783.8</ele>
      </trkpt>
      <trkpt lat="28.17214" lon="-16.644549">
        <ele>1783.3</ele>
      </trkpt>
      <trkpt lat="28.17208" lon="-16.64458">
        <ele>1783.0</ele>
      </trkpt>
      <trkpt lat="28.17204" lon="-16.64461">
        <ele>1783.2</ele>
      </trkpt>
      <trkpt lat="28.172" lon="-16.644639">
        <ele>1783.3</ele>
      </trkpt>
      <trkpt lat="28.17196" lon="-16.64468">
        <ele>1783.7</ele>
      </trkpt>
      <trkpt lat="28.17188" lon="-16.644749">
        <ele>1784.1</ele>
      </trkpt>
      <trkpt lat="28.17188" lon="-16.64476">
        <ele>1784.4</ele>
      </trkpt>
      <trkpt lat="28.17186" lon="-16.64478">
        <ele>1784.6</ele>
      </trkpt>
      <trkpt lat="28.17183" lon="-16.64482">
        <ele>1785.1</ele>
      </trkpt>
      <trkpt lat="28.17177" lon="-16.6449">
        <ele>1786.0</ele>
      </trkpt>
      <trkpt lat="28.17176" lon="-16.644939">
        <ele>1787.1</ele>
      </trkpt>
      <trkpt lat="28.17174" lon="-16.64498">
        <ele>1787.8</ele>
      </trkpt>
      <trkpt lat="28.1717" lon="-16.64507">
        <ele>1787.7</ele>
      </trkpt>
      <trkpt lat="28.17169" lon="-16.6451">
        <ele>1787.6</ele>
      </trkpt>
      <trkpt lat="28.17168" lon="-16.64516">
        <ele>1787.8</ele>
      </trkpt>
      <trkpt lat="28.17166" lon="-16.64526">
        <ele>1787.9</ele>
      </trkpt>
      <trkpt lat="28.17164" lon="-16.64533">
        <ele>1787.5</ele>
      </trkpt>
      <trkpt lat="28.17164" lon="-16.64535">
        <ele>1787.7</ele>
      </trkpt>
      <trkpt lat="28.17163" lon="-16.64544">
        <ele>1788.0</ele>
      </trkpt>
      <trkpt lat="28.17164" lon="-16.64551">
        <ele>1789.0</ele>
      </trkpt>
      <trkpt lat="28.17164" lon="-16.645589">
        <ele>1789.7</ele>
      </trkpt>
      <trkpt lat="28.17166" lon="-16.64566">
        <ele>1791.2</ele>
      </trkpt>
      <trkpt lat="28.17168" lon="-16.64573">
        <ele>1792.6</ele>
      </trkpt>
      <trkpt lat="28.17173" lon="-16.64589">
        <ele>1795.0</ele>
      </trkpt>
      <trkpt lat="28.17174" lon="-16.64592">
        <ele>1795.1</ele>
      </trkpt>
      <trkpt lat="28.1718" lon="-16.64608">
        <ele>1795.7</ele>
      </trkpt>
      <trkpt lat="28.17181" lon="-16.64611">
        <ele>1795.8</ele>
      </trkpt>
      <trkpt lat="28.17188" lon="-16.64629">
        <ele>1796.1</ele>
      </trkpt>
      <trkpt lat="28.17193" lon="-16.64639">
        <ele>1796.4</ele>
      </trkpt>
      <trkpt lat="28.17198" lon="-16.64646">
        <ele>1796.8</ele>
      </trkpt>
      <trkpt lat="28.17199" lon="-16.64646">
        <ele>1797.1</ele>
      </trkpt>
      <trkpt lat="28.17204" lon="-16.646519">
        <ele>1797.6</ele>
      </trkpt>
      <trkpt lat="28.17208" lon="-16.64656">
        <ele>1798.0</ele>
      </trkpt>
      <trkpt lat="28.1721" lon="-16.64658">
        <ele>1798.2</ele>
      </trkpt>
      <trkpt lat="28.17215" lon="-16.646609">
        <ele>1798.9</ele>
      </trkpt>
      <trkpt lat="28.17221" lon="-16.64664">
        <ele>1799.9</ele>
      </trkpt>
      <trkpt lat="28.17226" lon="-16.64665">
        <ele>1800.8</ele>
      </trkpt>
      <trkpt lat="28.17229" lon="-16.64666">
        <ele>1801.3</ele>
      </trkpt>
      <trkpt lat="28.17234" lon="-16.64667">
        <ele>1802.3</ele>
      </trkpt>
      <trkpt lat="28.17247" lon="-16.64669">
        <ele>1804.8</ele>
      </trkpt>
      <trkpt lat="28.17261" lon="-16.646709">
        <ele>1806.7</ele>
      </trkpt>
      <trkpt lat="28.17262" lon="-16.646709">
        <ele>1806.9</ele>
      </trkpt>
      <trkpt lat="28.17265" lon="-16.646719">
        <ele>1807.1</ele>
      </trkpt>
      <trkpt lat="28.17318" lon="-16.646809">
        <ele>1813.2</ele>
      </trkpt>
      <trkpt lat="28.17336" lon="-16.64684">
        <ele>1815.2</ele>
      </trkpt>
      <trkpt lat="28.17351" lon="-16.64686">
        <ele>1816.7</ele>
      </trkpt>
      <trkpt lat="28.17354" lon="-16.64687">
        <ele>1816.9</ele>
      </trkpt>
      <trkpt lat="28.17369" lon="-16.64689">
        <ele>1818.6</ele>
      </trkpt>
      <trkpt lat="28.17389" lon="-16.64693">
        <ele>1820.7</ele>
      </trkpt>
      <trkpt lat="28.17397" lon="-16.64694">
        <ele>1821.7</ele>
      </trkpt>
      <trkpt lat="28.17402" lon="-16.64696">
        <ele>1822.2</ele>
      </trkpt>
      <trkpt lat="28.17406" lon="-16.64697">
        <ele>1822.7</ele>
      </trkpt>
      <trkpt lat="28.17407" lon="-16.64697">
        <ele>1822.8</ele>
      </trkpt>
      <trkpt lat="28.1741" lon="-16.646989">
        <ele>1823.1</ele>
      </trkpt>
      <trkpt lat="28.17414" lon="-16.64701">
        <ele>1823.6</ele>
      </trkpt>
      <trkpt lat="28.17419" lon="-16.64704">
        <ele>1824.2</ele>
      </trkpt>
      <trkpt lat="28.17423" lon="-16.64707">
        <ele>1824.7</ele>
      </trkpt>
      <trkpt lat="28.17428" lon="-16.64712">
        <ele>1825.5</ele>
      </trkpt>
      <trkpt lat="28.17432" lon="-16.64715">
        <ele>1826.2</ele>
      </trkpt>
      <trkpt lat="28.17434" lon="-16.647189">
        <ele>1826.5</ele>
      </trkpt>
      <trkpt lat="28.17437" lon="-16.64725">
        <ele>1827.0</ele>
      </trkpt>
      <trkpt lat="28.1744" lon="-16.6473">
        <ele>1827.6</ele>
      </trkpt>
      <trkpt lat="28.17441" lon="-16.647369">
        <ele>1827.8</ele>
      </trkpt>
      <trkpt lat="28.17442" lon="-16.6474">
        <ele>1828.0</ele>
      </trkpt>
      <trkpt lat="28.17443" lon="-16.647469">
        <ele>1828.3</ele>
      </trkpt>
      <trkpt lat="28.17444" lon="-16.64752">
        <ele>1828.7</ele>
      </trkpt>
      <trkpt lat="28.17445" lon="-16.64758">
        <ele>1829.3</ele>
      </trkpt>
      <trkpt lat="28.17445" lon="-16.6476">
        <ele>1829.4</ele>
      </trkpt>
      <trkpt lat="28.17446" lon="-16.64767">
        <ele>1830.1</ele>
      </trkpt>
      <trkpt lat="28.17446" lon="-16.647749">
        <ele>1830.6</ele>
      </trkpt>
      <trkpt lat="28.17446" lon="-16.6482">
        <ele>1833.2</ele>
      </trkpt>
      <trkpt lat="28.17446" lon="-16.648299">
        <ele>1833.8</ele>
      </trkpt>
      <trkpt lat="28.17448" lon="-16.64837">
        <ele>1834.1</ele>
      </trkpt>
      <trkpt lat="28.17448" lon="-16.64838">
        <ele>1834.0</ele>
      </trkpt>
      <trkpt lat="28.17449" lon="-16.64842">
        <ele>1833.6</ele>
      </trkpt>
      <trkpt lat="28.17452" lon="-16.648499">
        <ele>1833.3</ele>
      </trkpt>
      <trkpt lat="28.17455" lon="-16.64855">
        <ele>1833.6</ele>
      </trkpt>
      <trkpt lat="28.17456" lon="-16.64856">
        <ele>1833.8</ele>
      </trkpt>
      <trkpt lat="28.17459" lon="-16.64861">
        <ele>1833.9</ele>
      </trkpt>
      <trkpt lat="28.17462" lon="-16.64864">
        <ele>1834.5</ele>
      </trkpt>
      <trkpt lat="28.17468" lon="-16.6487">
        <ele>1835.5</ele>
      </trkpt>
      <trkpt lat="28.17469" lon="-16.64871">
        <ele>1835.7</ele>
      </trkpt>
      <trkpt lat="28.17471" lon="-16.64873">
        <ele>1836.0</ele>
      </trkpt>
      <trkpt lat="28.17479" lon="-16.64879">
        <ele>1837.6</ele>
      </trkpt>
      <trkpt lat="28.17486" lon="-16.64884">
        <ele>1839.0</ele>
      </trkpt>
      <trkpt lat="28.1749" lon="-16.648869">
        <ele>1839.7</ele>
      </trkpt>
      <trkpt lat="28.17499" lon="-16.64893">
        <ele>1841.3</ele>
      </trkpt>
      <trkpt lat="28.17501" lon="-16.64895">
        <ele>1841.5</ele>
      </trkpt>
      <trkpt lat="28.17515" lon="-16.64903">
        <ele>1844.1</ele>
      </trkpt>
      <trkpt lat="28.1753" lon="-16.64913">
        <ele>1846.3</ele>
      </trkpt>
      <trkpt lat="28.17548" lon="-16.649239">
        <ele>1850.9</ele>
      </trkpt>
      <trkpt lat="28.17564" lon="-16.649339">
        <ele>1855.5</ele>
      </trkpt>
      <trkpt lat="28.17577" lon="-16.649429">
        <ele>1859.2</ele>
      </trkpt>
      <trkpt lat="28.1758" lon="-16.649439">
        <ele>1860.0</ele>
      </trkpt>
      <trkpt lat="28.17581" lon="-16.64945">
        <ele>1860.3</ele>
      </trkpt>
      <trkpt lat="28.17588" lon="-16.64951">
        <ele>1862.2</ele>
      </trkpt>
      <trkpt lat="28.17592" lon="-16.649539">
        <ele>1863.3</ele>
      </trkpt>
      <trkpt lat="28.17594" lon="-16.64957">
        <ele>1863.8</ele>
      </trkpt>
      <trkpt lat="28.17597" lon="-16.6496">
        <ele>1864.5</ele>
      </trkpt>
      <trkpt lat="28.176" lon="-16.64965">
        <ele>1865.1</ele>
      </trkpt>
      <trkpt lat="28.17602" lon="-16.649709">
        <ele>1865.2</ele>
      </trkpt>
      <trkpt lat="28.17603" lon="-16.64974">
        <ele>1865.3</ele>
      </trkpt>
      <trkpt lat="28.17604" lon="-16.64976">
        <ele>1865.4</ele>
      </trkpt>
      <trkpt lat="28.17605" lon="-16.649809">
        <ele>1865.3</ele>
      </trkpt>
      <trkpt lat="28.17604" lon="-16.64986">
        <ele>1864.7</ele>
      </trkpt>
      <trkpt lat="28.17603" lon="-16.64992">
        <ele>1864.0</ele>
      </trkpt>
      <trkpt lat="28.17602" lon="-16.64994">
        <ele>1863.7</ele>
      </trkpt>
      <trkpt lat="28.176" lon="-16.64997">
        <ele>1863.0</ele>
      </trkpt>
      <trkpt lat="28.17598" lon="-16.65002">
        <ele>1862.9</ele>
      </trkpt>
      <trkpt lat="28.17595" lon="-16.65005">
        <ele>1863.0</ele>
      </trkpt>
      <trkpt lat="28.17592" lon="-16.65008">
        <ele>1863.2</ele>
      </trkpt>
      <trkpt lat="28.17588" lon="-16.65011">
        <ele>1863.1</ele>
      </trkpt>
      <trkpt lat="28.17583" lon="-16.65014">
        <ele>1862.8</ele>
      </trkpt>
      <trkpt lat="28.17578" lon="-16.65016">
        <ele>1862.1</ele>
      </trkpt>
      <trkpt lat="28.17574" lon="-16.65017">
        <ele>1861.4</ele>
      </trkpt>
      <trkpt lat="28.17573" lon="-16.650179">
        <ele>1861.5</ele>
      </trkpt>
      <trkpt lat="28.17563" lon="-16.65021">
        <ele>1860.0</ele>
      </trkpt>
      <trkpt lat="28.1756" lon="-16.65022">
        <ele>1859.6</ele>
      </trkpt>
      <trkpt lat="28.17557" lon="-16.65023">
        <ele>1859.2</ele>
      </trkpt>
      <trkpt lat="28.17554" lon="-16.65024">
        <ele>1858.8</ele>
      </trkpt>
      <trkpt lat="28.17522" lon="-16.65031">
        <ele>1853.8</ele>
      </trkpt>
      <trkpt lat="28.17507" lon="-16.65035">
        <ele>1852.0</ele>
      </trkpt>
      <trkpt lat="28.17504" lon="-16.65035">
        <ele>1851.3</ele>
      </trkpt>
      <trkpt lat="28.17489" lon="-16.65039">
        <ele>1850.8</ele>
      </trkpt>
      <trkpt lat="28.17487" lon="-16.65039">
        <ele>1850.5</ele>
      </trkpt>
      <trkpt lat="28.17469" lon="-16.65043">
        <ele>1849.9</ele>
      </trkpt>
      <trkpt lat="28.17451" lon="-16.650469">
        <ele>1849.1</ele>
      </trkpt>
      <trkpt lat="28.17449" lon="-16.65048">
        <ele>1849.2</ele>
      </trkpt>
      <trkpt lat="28.17444" lon="-16.6505">
        <ele>1849.2</ele>
      </trkpt>
      <trkpt lat="28.17439" lon="-16.65052">
        <ele>1849.2</ele>
      </trkpt>
      <trkpt lat="28.17437" lon="-16.65053">
        <ele>1849.2</ele>
      </trkpt>
      <trkpt lat="28.17435" lon="-16.65054">
        <ele>1849.3</ele>
      </trkpt>
      <trkpt lat="28.17434" lon="-16.65055">
        <ele>1849.5</ele>
      </trkpt>
      <trkpt lat="28.17428" lon="-16.6506">
        <ele>1850.1</ele>
      </trkpt>
      <trkpt lat="28.17424" lon="-16.650659">
        <ele>1851.3</ele>
      </trkpt>
      <trkpt lat="28.1742" lon="-16.65071">
        <ele>1852.1</ele>
      </trkpt>
      <trkpt lat="28.174" lon="-16.6511">
        <ele>1854.3</ele>
      </trkpt>
      <trkpt lat="28.17397" lon="-16.65115">
        <ele>1854.2</ele>
      </trkpt>
      <trkpt lat="28.17396" lon="-16.6512">
        <ele>1854.3</ele>
      </trkpt>
      <trkpt lat="28.17395" lon="-16.65125">
        <ele>1854.5</ele>
      </trkpt>
      <trkpt lat="28.17394" lon="-16.6513">
        <ele>1854.6</ele>
      </trkpt>
      <trkpt lat="28.17394" lon="-16.65133">
        <ele>1854.8</ele>
      </trkpt>
      <trkpt lat="28.17394" lon="-16.65137">
        <ele>1855.1</ele>
      </trkpt>
      <trkpt lat="28.17395" lon="-16.65139">
        <ele>1855.4</ele>
      </trkpt>
      <trkpt lat="28.17395" lon="-16.65143">
        <ele>1855.6</ele>
      </trkpt>
      <trkpt lat="28.17396" lon="-16.651499">
        <ele>1856.2</ele>
      </trkpt>
      <trkpt lat="28.17399" lon="-16.65158">
        <ele>1857.3</ele>
      </trkpt>
      <trkpt lat="28.17409" lon="-16.651789">
        <ele>1858.6</ele>
      </trkpt>
      <trkpt lat="28.17425" lon="-16.65213">
        <ele>1858.5</ele>
      </trkpt>
      <trkpt lat="28.17433" lon="-16.65229">
        <ele>1858.5</ele>
      </trkpt>
      <trkpt lat="28.17434" lon="-16.65233">
        <ele>1858.3</ele>
      </trkpt>
      <trkpt lat="28.17437" lon="-16.6524">
        <ele>1858.3</ele>
      </trkpt>
      <trkpt lat="28.17442" lon="-16.65247">
        <ele>1858.5</ele>
      </trkpt>
      <trkpt lat="28.17443" lon="-16.65248">
        <ele>1858.6</ele>
      </trkpt>
      <trkpt lat="28.17444" lon="-16.6525">
        <ele>1858.6</ele>
      </trkpt>
      <trkpt lat="28.17446" lon="-16.652529">
        <ele>1858.5</ele>
      </trkpt>
      <trkpt lat="28.1745" lon="-16.65257">
        <ele>1858.5</ele>
      </trkpt>
      <trkpt lat="28.17455" lon="-16.6526">
        <ele>1858.9</ele>
      </trkpt>
      <trkpt lat="28.17456" lon="-16.65261">
        <ele>1859.0</ele>
      </trkpt>
      <trkpt lat="28.17458" lon="-16.652619">
        <ele>1859.1</ele>
      </trkpt>
      <trkpt lat="28.17459" lon="-16.652619">
        <ele>1859.3</ele>
      </trkpt>
      <trkpt lat="28.17462" lon="-16.652629">
        <ele>1859.7</ele>
      </trkpt>
      <trkpt lat="28.17468" lon="-16.652629">
        <ele>1860.7</ele>
      </trkpt>
      <trkpt lat="28.17472" lon="-16.652619">
        <ele>1861.6</ele>
      </trkpt>
      <trkpt lat="28.17476" lon="-16.6526">
        <ele>1862.5</ele>
      </trkpt>
      <trkpt lat="28.17477" lon="-16.6526">
        <ele>1862.7</ele>
      </trkpt>
      <trkpt lat="28.1748" lon="-16.65257">
        <ele>1863.7</ele>
      </trkpt>
      <trkpt lat="28.17483" lon="-16.652539">
        <ele>1864.6</ele>
      </trkpt>
      <trkpt lat="28.17485" lon="-16.65249">
        <ele>1865.6</ele>
      </trkpt>
      <trkpt lat="28.17487" lon="-16.65242">
        <ele>1866.5</ele>
      </trkpt>
      <trkpt lat="28.17488" lon="-16.652339">
        <ele>1867.3</ele>
      </trkpt>
      <trkpt lat="28.17488" lon="-16.65228">
        <ele>1867.8</ele>
      </trkpt>
      <trkpt lat="28.17488" lon="-16.65227">
        <ele>1867.9</ele>
      </trkpt>
      <trkpt lat="28.17488" lon="-16.65219">
        <ele>1868.6</ele>
      </trkpt>
      <trkpt lat="28.17484" lon="-16.65186">
        <ele>1870.7</ele>
      </trkpt>
      <trkpt lat="28.17483" lon="-16.65176">
        <ele>1871.4</ele>
      </trkpt>
      <trkpt lat="28.17483" lon="-16.65165">
        <ele>1872.0</ele>
      </trkpt>
      <trkpt lat="28.17483" lon="-16.65163">
        <ele>1871.9</ele>
      </trkpt>
      <trkpt lat="28.17483" lon="-16.65158">
        <ele>1871.5</ele>
      </trkpt>
      <trkpt lat="28.17484" lon="-16.651509">
        <ele>1871.2</ele>
      </trkpt>
      <trkpt lat="28.17486" lon="-16.65146">
        <ele>1871.2</ele>
      </trkpt>
      <trkpt lat="28.17486" lon="-16.65145">
        <ele>1871.1</ele>
      </trkpt>
      <trkpt lat="28.17501" lon="-16.65109">
        <ele>1871.0</ele>
      </trkpt>
      <trkpt lat="28.17501" lon="-16.65108">
        <ele>1870.9</ele>
      </trkpt>
      <trkpt lat="28.17502" lon="-16.65106">
        <ele>1871.0</ele>
      </trkpt>
      <trkpt lat="28.17505" lon="-16.65098">
        <ele>1870.8</ele>
      </trkpt>
      <trkpt lat="28.17508" lon="-16.650929">
        <ele>1871.0</ele>
      </trkpt>
      <trkpt lat="28.17509" lon="-16.65091">
        <ele>1871.0</ele>
      </trkpt>
      <trkpt lat="28.17512" lon="-16.65088">
        <ele>1871.2</ele>
      </trkpt>
      <trkpt lat="28.17516" lon="-16.65083">
        <ele>1871.4</ele>
      </trkpt>
      <trkpt lat="28.17521" lon="-16.6508">
        <ele>1871.1</ele>
      </trkpt>
      <trkpt lat="28.17523" lon="-16.65079">
        <ele>1871.1</ele>
      </trkpt>
      <trkpt lat="28.17525" lon="-16.65078">
        <ele>1871.0</ele>
      </trkpt>
      <trkpt lat="28.17526" lon="-16.65078">
        <ele>1871.2</ele>
      </trkpt>
      <trkpt lat="28.17529" lon="-16.65077">
        <ele>1871.3</ele>
      </trkpt>
      <trkpt lat="28.17533" lon="-16.650759">
        <ele>1871.6</ele>
      </trkpt>
      <trkpt lat="28.17538" lon="-16.65077">
        <ele>1872.8</ele>
      </trkpt>
      <trkpt lat="28.1754" lon="-16.65077">
        <ele>1873.1</ele>
      </trkpt>
      <trkpt lat="28.17543" lon="-16.65079">
        <ele>1874.3</ele>
      </trkpt>
      <trkpt lat="28.17547" lon="-16.65081">
        <ele>1875.6</ele>
      </trkpt>
      <trkpt lat="28.1755" lon="-16.650839">
        <ele>1876.9</ele>
      </trkpt>
      <trkpt lat="28.17553" lon="-16.65087">
        <ele>1877.6</ele>
      </trkpt>
      <trkpt lat="28.17555" lon="-16.6509">
        <ele>1878.1</ele>
      </trkpt>
      <trkpt lat="28.17556" lon="-16.650929">
        <ele>1878.5</ele>
      </trkpt>
      <trkpt lat="28.17557" lon="-16.650929">
        <ele>1878.7</ele>
      </trkpt>
      <trkpt lat="28.17559" lon="-16.65098">
        <ele>1879.4</ele>
      </trkpt>
      <trkpt lat="28.1756" lon="-16.651019">
        <ele>1879.9</ele>
      </trkpt>
      <trkpt lat="28.17562" lon="-16.65109">
        <ele>1880.8</ele>
      </trkpt>
      <trkpt lat="28.17562" lon="-16.6511">
        <ele>1880.8</ele>
      </trkpt>
      <trkpt lat="28.17562" lon="-16.651119">
        <ele>1881.0</ele>
      </trkpt>
      <trkpt lat="28.17565" lon="-16.65129">
        <ele>1882.9</ele>
      </trkpt>
      <trkpt lat="28.17568" lon="-16.65145">
        <ele>1884.7</ele>
      </trkpt>
      <trkpt lat="28.17569" lon="-16.651509">
        <ele>1885.3</ele>
      </trkpt>
      <trkpt lat="28.1757" lon="-16.65157">
        <ele>1886.0</ele>
      </trkpt>
      <trkpt lat="28.17572" lon="-16.65161">
        <ele>1886.6</ele>
      </trkpt>
      <trkpt lat="28.17573" lon="-16.65164">
        <ele>1887.0</ele>
      </trkpt>
      <trkpt lat="28.17575" lon="-16.65167">
        <ele>1887.6</ele>
      </trkpt>
      <trkpt lat="28.17577" lon="-16.6517">
        <ele>1887.7</ele>
      </trkpt>
      <trkpt lat="28.17582" lon="-16.651779">
        <ele>1888.1</ele>
      </trkpt>
      <trkpt lat="28.17599" lon="-16.65202">
        <ele>1890.5</ele>
      </trkpt>
      <trkpt lat="28.17611" lon="-16.65217">
        <ele>1892.6</ele>
      </trkpt>
      <trkpt lat="28.17622" lon="-16.65233">
        <ele>1894.5</ele>
      </trkpt>
      <trkpt lat="28.17629" lon="-16.652429">
        <ele>1895.8</ele>
      </trkpt>
      <trkpt lat="28.17636" lon="-16.65251">
        <ele>1897.2</ele>
      </trkpt>
      <trkpt lat="28.17641" lon="-16.65259">
        <ele>1897.7</ele>
      </trkpt>
      <trkpt lat="28.17644" lon="-16.65264">
        <ele>1898.1</ele>
      </trkpt>
      <trkpt lat="28.17651" lon="-16.65277">
        <ele>1898.7</ele>
      </trkpt>
      <trkpt lat="28.17662" lon="-16.65296">
        <ele>1899.9</ele>
      </trkpt>
      <trkpt lat="28.17664" lon="-16.65299">
        <ele>1900.2</ele>
      </trkpt>
      <trkpt lat="28.17674" lon="-16.65316">
        <ele>1901.6</ele>
      </trkpt>
      <trkpt lat="28.17686" lon="-16.653369">
        <ele>1903.6</ele>
      </trkpt>
      <trkpt lat="28.17694" lon="-16.65349">
        <ele>1905.4</ele>
      </trkpt>
      <trkpt lat="28.17694" lon="-16.6535">
        <ele>1905.3</ele>
      </trkpt>
      <trkpt lat="28.17703" lon="-16.65362">
        <ele>1907.2</ele>
      </trkpt>
      <trkpt lat="28.17731" lon="-16.653949">
        <ele>1911.8</ele>
      </trkpt>
      <trkpt lat="28.17738" lon="-16.654039">
        <ele>1912.6</ele>
      </trkpt>
      <trkpt lat="28.17744" lon="-16.65411">
        <ele>1913.3</ele>
      </trkpt>
      <trkpt lat="28.17747" lon="-16.65416">
        <ele>1913.4</ele>
      </trkpt>
      <trkpt lat="28.1775" lon="-16.65421">
        <ele>1914.7</ele>
      </trkpt>
      <trkpt lat="28.17752" lon="-16.65426">
        <ele>1916.0</ele>
      </trkpt>
      <trkpt lat="28.17752" lon="-16.65428">
        <ele>1916.3</ele>
      </trkpt>
      <trkpt lat="28.17753" lon="-16.65435">
        <ele>1917.7</ele>
      </trkpt>
      <trkpt lat="28.17753" lon="-16.654419">
        <ele>1918.9</ele>
      </trkpt>
      <trkpt lat="28.17752" lon="-16.65449">
        <ele>1919.8</ele>
      </trkpt>
      <trkpt lat="28.17749" lon="-16.65456">
        <ele>1920.4</ele>
      </trkpt>
      <trkpt lat="28.17746" lon="-16.65462">
        <ele>1920.7</ele>
      </trkpt>
      <trkpt lat="28.17743" lon="-16.65465">
        <ele>1920.6</ele>
      </trkpt>
      <trkpt lat="28.17742" lon="-16.65467">
        <ele>1920.7</ele>
      </trkpt>
      <trkpt lat="28.1773" lon="-16.65477">
        <ele>1919.6</ele>
      </trkpt>
      <trkpt lat="28.17729" lon="-16.654779">
        <ele>1919.6</ele>
      </trkpt>
      <trkpt lat="28.17714" lon="-16.654879">
        <ele>1917.8</ele>
      </trkpt>
      <trkpt lat="28.17711" lon="-16.6549">
        <ele>1917.5</ele>
      </trkpt>
      <trkpt lat="28.17699" lon="-16.65499">
        <ele>1916.2</ele>
      </trkpt>
      <trkpt lat="28.17694" lon="-16.65504">
        <ele>1915.1</ele>
      </trkpt>
      <trkpt lat="28.17691" lon="-16.65509">
        <ele>1914.3</ele>
      </trkpt>
      <trkpt lat="28.17689" lon="-16.65513">
        <ele>1913.7</ele>
      </trkpt>
      <trkpt lat="28.17688" lon="-16.655159">
        <ele>1913.4</ele>
      </trkpt>
      <trkpt lat="28.17688" lon="-16.65519">
        <ele>1913.3</ele>
      </trkpt>
      <trkpt lat="28.17688" lon="-16.65524">
        <ele>1913.2</ele>
      </trkpt>
      <trkpt lat="28.17688" lon="-16.65529">
        <ele>1913.0</ele>
      </trkpt>
      <trkpt lat="28.1769" lon="-16.655339">
        <ele>1913.3</ele>
      </trkpt>
      <trkpt lat="28.17692" lon="-16.65539">
        <ele>1913.7</ele>
      </trkpt>
      <trkpt lat="28.17697" lon="-16.655439">
        <ele>1914.7</ele>
      </trkpt>
      <trkpt lat="28.177" lon="-16.65548">
        <ele>1915.3</ele>
      </trkpt>
      <trkpt lat="28.17717" lon="-16.655629">
        <ele>1919.1</ele>
      </trkpt>
      <trkpt lat="28.17731" lon="-16.65575">
        <ele>1922.4</ele>
      </trkpt>
      <trkpt lat="28.1774" lon="-16.655819">
        <ele>1924.5</ele>
      </trkpt>
      <trkpt lat="28.17745" lon="-16.65587">
        <ele>1925.3</ele>
      </trkpt>
      <trkpt lat="28.17746" lon="-16.65587">
        <ele>1925.6</ele>
      </trkpt>
      <trkpt lat="28.17751" lon="-16.655919">
        <ele>1926.3</ele>
      </trkpt>
      <trkpt lat="28.17755" lon="-16.65597">
        <ele>1926.8</ele>
      </trkpt>
      <trkpt lat="28.17759" lon="-16.65602">
        <ele>1927.4</ele>
      </trkpt>
      <trkpt lat="28.17763" lon="-16.65607">
        <ele>1927.9</ele>
      </trkpt>
      <trkpt lat="28.17765" lon="-16.65611">
        <ele>1928.1</ele>
      </trkpt>
      <trkpt lat="28.17779" lon="-16.65635">
        <ele>1929.8</ele>
      </trkpt>
      <trkpt lat="28.17789" lon="-16.65652">
        <ele>1931.3</ele>
      </trkpt>
      <trkpt lat="28.17828" lon="-16.65719">
        <ele>1935.1</ele>
      </trkpt>
      <trkpt lat="28.17829" lon="-16.6572">
        <ele>1935.2</ele>
      </trkpt>
      <trkpt lat="28.1783" lon="-16.657219">
        <ele>1935.2</ele>
      </trkpt>
      <trkpt lat="28.17835" lon="-16.65727">
        <ele>1935.6</ele>
      </trkpt>
      <trkpt lat="28.1784" lon="-16.6573">
        <ele>1936.1</ele>
      </trkpt>
      <trkpt lat="28.17843" lon="-16.657319">
        <ele>1936.3</ele>
      </trkpt>
      <trkpt lat="28.17844" lon="-16.65733">
        <ele>1936.4</ele>
      </trkpt>
      <trkpt lat="28.1785" lon="-16.65734">
        <ele>1937.3</ele>
      </trkpt>
      <trkpt lat="28.17855" lon="-16.65736">
        <ele>1937.8</ele>
      </trkpt>
      <trkpt lat="28.17861" lon="-16.65736">
        <ele>1938.8</ele>
      </trkpt>
      <trkpt lat="28.17863" lon="-16.65737">
        <ele>1939.0</ele>
      </trkpt>
      <trkpt lat="28.17879" lon="-16.65737">
        <ele>1941.8</ele>
      </trkpt>
      <trkpt lat="28.17895" lon="-16.65737">
        <ele>1944.5</ele>
      </trkpt>
      <trkpt lat="28.17897" lon="-16.65737">
        <ele>1944.9</ele>
      </trkpt>
      <trkpt lat="28.17904" lon="-16.65737">
        <ele>1946.1</ele>
      </trkpt>
      <trkpt lat="28.17911" lon="-16.65738">
        <ele>1947.1</ele>
      </trkpt>
      <trkpt lat="28.17914" lon="-16.65739">
        <ele>1947.3</ele>
      </trkpt>
      <trkpt lat="28.17917" lon="-16.657409">
        <ele>1947.4</ele>
      </trkpt>
      <trkpt lat="28.17922" lon="-16.65743">
        <ele>1948.2</ele>
      </trkpt>
      <trkpt lat="28.17927" lon="-16.65746">
        <ele>1948.7</ele>
      </trkpt>
      <trkpt lat="28.17931" lon="-16.657499">
        <ele>1948.8</ele>
      </trkpt>
      <trkpt lat="28.17937" lon="-16.65756">
        <ele>1950.0</ele>
      </trkpt>
      <trkpt lat="28.17943" lon="-16.65764">
        <ele>1951.0</ele>
      </trkpt>
      <trkpt lat="28.17954" lon="-16.657789">
        <ele>1952.7</ele>
      </trkpt>
      <trkpt lat="28.17987" lon="-16.65828">
        <ele>1956.5</ele>
      </trkpt>
      <trkpt lat="28.18011" lon="-16.65862">
        <ele>1956.1</ele>
      </trkpt>
      <trkpt lat="28.18018" lon="-16.65869">
        <ele>1955.9</ele>
      </trkpt>
      <trkpt lat="28.18023" lon="-16.658729">
        <ele>1955.9</ele>
      </trkpt>
      <trkpt lat="28.18024" lon="-16.65875">
        <ele>1955.6</ele>
      </trkpt>
      <trkpt lat="28.1803" lon="-16.65879">
        <ele>1955.6</ele>
      </trkpt>
      <trkpt lat="28.18035" lon="-16.658809">
        <ele>1955.9</ele>
      </trkpt>
      <trkpt lat="28.18039" lon="-16.658829">
        <ele>1955.9</ele>
      </trkpt>
      <trkpt lat="28.18042" lon="-16.65884">
        <ele>1956.1</ele>
      </trkpt>
      <trkpt lat="28.18052" lon="-16.65887">
        <ele>1956.6</ele>
      </trkpt>
      <trkpt lat="28.18056" lon="-16.65888">
        <ele>1956.9</ele>
      </trkpt>
      <trkpt lat="28.18074" lon="-16.658909">
        <ele>1958.2</ele>
      </trkpt>
      <trkpt lat="28.18092" lon="-16.65894">
        <ele>1959.6</ele>
      </trkpt>
      <trkpt lat="28.18109" lon="-16.65897">
        <ele>1961.1</ele>
      </trkpt>
      <trkpt lat="28.18127" lon="-16.658999">
        <ele>1962.8</ele>
      </trkpt>
      <trkpt lat="28.18145" lon="-16.65903">
        <ele>1964.4</ele>
      </trkpt>
      <trkpt lat="28.18163" lon="-16.65906">
        <ele>1966.1</ele>
      </trkpt>
      <trkpt lat="28.1818" lon="-16.659089">
        <ele>1966.6</ele>
      </trkpt>
      <trkpt lat="28.18198" lon="-16.65912">
        <ele>1967.1</ele>
      </trkpt>
      <trkpt lat="28.18216" lon="-16.65915">
        <ele>1967.7</ele>
      </trkpt>
      <trkpt lat="28.18225" lon="-16.65915">
        <ele>1968.4</ele>
      </trkpt>
      <trkpt lat="28.1823" lon="-16.65915">
        <ele>1968.8</ele>
      </trkpt>
      <trkpt lat="28.18234" lon="-16.65914">
        <ele>1969.5</ele>
      </trkpt>
      <trkpt lat="28.18242" lon="-16.659109">
        <ele>1971.0</ele>
      </trkpt>
      <trkpt lat="28.1825" lon="-16.65908">
        <ele>1972.5</ele>
      </trkpt>
      <trkpt lat="28.18251" lon="-16.65907">
        <ele>1972.7</ele>
      </trkpt>
      <trkpt lat="28.18257" lon="-16.65904">
        <ele>1972.9</ele>
      </trkpt>
      <trkpt lat="28.18267" lon="-16.65899">
        <ele>1973.3</ele>
      </trkpt>
      <trkpt lat="28.18285" lon="-16.65889">
        <ele>1974.5</ele>
      </trkpt>
      <trkpt lat="28.18299" lon="-16.6588">
        <ele>1976.0</ele>
      </trkpt>
      <trkpt lat="28.18303" lon="-16.65878">
        <ele>1976.3</ele>
      </trkpt>
      <trkpt lat="28.18315" lon="-16.6587">
        <ele>1977.8</ele>
      </trkpt>
      <trkpt lat="28.1832" lon="-16.65867">
        <ele>1978.4</ele>
      </trkpt>
      <trkpt lat="28.1833" lon="-16.6586">
        <ele>1980.0</ele>
      </trkpt>
      <trkpt lat="28.18346" lon="-16.65849">
        <ele>1982.1</ele>
      </trkpt>
      <trkpt lat="28.1836" lon="-16.65839">
        <ele>1983.7</ele>
      </trkpt>
      <trkpt lat="28.18361" lon="-16.65838">
        <ele>1983.9</ele>
      </trkpt>
      <trkpt lat="28.18376" lon="-16.65828">
        <ele>1985.1</ele>
      </trkpt>
      <trkpt lat="28.18391" lon="-16.658169">
        <ele>1986.7</ele>
      </trkpt>
      <trkpt lat="28.18392" lon="-16.658169">
        <ele>1986.5</ele>
      </trkpt>
      <trkpt lat="28.18406" lon="-16.65805">
        <ele>1988.4</ele>
      </trkpt>
      <trkpt lat="28.1842" lon="-16.65792">
        <ele>1990.7</ele>
      </trkpt>
      <trkpt lat="28.18423" lon="-16.6579">
        <ele>1991.1</ele>
      </trkpt>
      <trkpt lat="28.18434" lon="-16.657789">
        <ele>1994.0</ele>
      </trkpt>
      <trkpt lat="28.18443" lon="-16.65771">
        <ele>1996.0</ele>
      </trkpt>
      <trkpt lat="28.18446" lon="-16.65768">
        <ele>1996.8</ele>
      </trkpt>
      <trkpt lat="28.18448" lon="-16.65767">
        <ele>1997.0</ele>
      </trkpt>
      <trkpt lat="28.1845" lon="-16.65765">
        <ele>1997.6</ele>
      </trkpt>
      <trkpt lat="28.18454" lon="-16.65763">
        <ele>1998.0</ele>
      </trkpt>
      <trkpt lat="28.18461" lon="-16.657599">
        <ele>1998.6</ele>
      </trkpt>
      <trkpt lat="28.18465" lon="-16.657589">
        <ele>1998.8</ele>
      </trkpt>
      <trkpt lat="28.18468" lon="-16.65758">
        <ele>1998.9</ele>
      </trkpt>
      <trkpt lat="28.18482" lon="-16.65753">
        <ele>1999.9</ele>
      </trkpt>
      <trkpt lat="28.18499" lon="-16.65748">
        <ele>2000.7</ele>
      </trkpt>
      <trkpt lat="28.18534" lon="-16.65737">
        <ele>2003.6</ele>
      </trkpt>
      <trkpt lat="28.18551" lon="-16.657309">
        <ele>2005.4</ele>
      </trkpt>
      <trkpt lat="28.18569" lon="-16.65726">
        <ele>2006.8</ele>
      </trkpt>
      <trkpt lat="28.18586" lon="-16.6572">
        <ele>2008.7</ele>
      </trkpt>
      <trkpt lat="28.18591" lon="-16.65718">
        <ele>2009.3</ele>
      </trkpt>
      <trkpt lat="28.18602" lon="-16.657139">
        <ele>2010.3</ele>
      </trkpt>
      <trkpt lat="28.18603" lon="-16.657139">
        <ele>2010.3</ele>
      </trkpt>
      <trkpt lat="28.18619" lon="-16.65707">
        <ele>2011.9</ele>
      </trkpt>
      <trkpt lat="28.1862" lon="-16.65707">
        <ele>2011.9</ele>
      </trkpt>
      <trkpt lat="28.18631" lon="-16.65702">
        <ele>2012.9</ele>
      </trkpt>
      <trkpt lat="28.18637" lon="-16.65699">
        <ele>2013.5</ele>
      </trkpt>
      <trkpt lat="28.18653" lon="-16.65691">
        <ele>2014.8</ele>
      </trkpt>
      <trkpt lat="28.1867" lon="-16.65683">
        <ele>2016.2</ele>
      </trkpt>
      <trkpt lat="28.18686" lon="-16.656749">
        <ele>2019.8</ele>
      </trkpt>
      <trkpt lat="28.1869" lon="-16.65673">
        <ele>2020.6</ele>
      </trkpt>
      <trkpt lat="28.18697" lon="-16.6567">
        <ele>2022.1</ele>
      </trkpt>
      <trkpt lat="28.18703" lon="-16.65669">
        <ele>2022.9</ele>
      </trkpt>
      <trkpt lat="28.18705" lon="-16.65669">
        <ele>2023.1</ele>
      </trkpt>
      <trkpt lat="28.1871" lon="-16.65669">
        <ele>2023.6</ele>
      </trkpt>
      <trkpt lat="28.18715" lon="-16.65669">
        <ele>2024.1</ele>
      </trkpt>
      <trkpt lat="28.18721" lon="-16.6567">
        <ele>2024.4</ele>
      </trkpt>
      <trkpt lat="28.18739" lon="-16.65673">
        <ele>2025.4</ele>
      </trkpt>
      <trkpt lat="28.18757" lon="-16.65677">
        <ele>2026.2</ele>
      </trkpt>
      <trkpt lat="28.18828" lon="-16.6569">
        <ele>2031.3</ele>
      </trkpt>
      <trkpt lat="28.18845" lon="-16.65693">
        <ele>2032.8</ele>
      </trkpt>
      <trkpt lat="28.18859" lon="-16.65696">
        <ele>2034.1</ele>
      </trkpt>
      <trkpt lat="28.18866" lon="-16.65697">
        <ele>2034.8</ele>
      </trkpt>
      <trkpt lat="28.18872" lon="-16.657">
        <ele>2035.3</ele>
      </trkpt>
      <trkpt lat="28.18877" lon="-16.657029">
        <ele>2035.7</ele>
      </trkpt>
      <trkpt lat="28.18879" lon="-16.65705">
        <ele>2035.7</ele>
      </trkpt>
      <trkpt lat="28.18885" lon="-16.65711">
        <ele>2036.1</ele>
      </trkpt>
      <trkpt lat="28.18889" lon="-16.65718">
        <ele>2036.3</ele>
      </trkpt>
      <trkpt lat="28.18891" lon="-16.65721">
        <ele>2036.4</ele>
      </trkpt>
      <trkpt lat="28.18893" lon="-16.65725">
        <ele>2036.5</ele>
      </trkpt>
      <trkpt lat="28.18895" lon="-16.657309">
        <ele>2036.5</ele>
      </trkpt>
      <trkpt lat="28.18897" lon="-16.65739">
        <ele>2036.5</ele>
      </trkpt>
      <trkpt lat="28.18897" lon="-16.6574">
        <ele>2036.4</ele>
      </trkpt>
      <trkpt lat="28.18901" lon="-16.657599">
        <ele>2037.8</ele>
      </trkpt>
      <trkpt lat="28.18905" lon="-16.65781">
        <ele>2040.7</ele>
      </trkpt>
      <trkpt lat="28.18911" lon="-16.65815">
        <ele>2045.2</ele>
      </trkpt>
      <trkpt lat="28.18916" lon="-16.658449">
        <ele>2051.1</ele>
      </trkpt>
      <trkpt lat="28.18917" lon="-16.65855">
        <ele>2054.1</ele>
      </trkpt>
      <trkpt lat="28.18917" lon="-16.6586">
        <ele>2055.4</ele>
      </trkpt>
      <trkpt lat="28.18917" lon="-16.658629">
        <ele>2056.3</ele>
      </trkpt>
      <trkpt lat="28.18916" lon="-16.65871">
        <ele>2058.2</ele>
      </trkpt>
      <trkpt lat="28.18915" lon="-16.65875">
        <ele>2059.1</ele>
      </trkpt>
      <trkpt lat="28.18913" lon="-16.65879">
        <ele>2059.6</ele>
      </trkpt>
      <trkpt lat="28.18912" lon="-16.6588">
        <ele>2059.7</ele>
      </trkpt>
      <trkpt lat="28.18909" lon="-16.65885">
        <ele>2060.2</ele>
      </trkpt>
      <trkpt lat="28.18902" lon="-16.658909">
        <ele>2059.9</ele>
      </trkpt>
      <trkpt lat="28.18899" lon="-16.65893">
        <ele>2059.6</ele>
      </trkpt>
      <trkpt lat="28.18894" lon="-16.65896">
        <ele>2059.0</ele>
      </trkpt>
      <trkpt lat="28.18885" lon="-16.65902">
        <ele>2057.9</ele>
      </trkpt>
      <trkpt lat="28.18877" lon="-16.65906">
        <ele>2056.6</ele>
      </trkpt>
      <trkpt lat="28.18869" lon="-16.659109">
        <ele>2055.4</ele>
      </trkpt>
      <trkpt lat="28.18868" lon="-16.65912">
        <ele>2055.3</ele>
      </trkpt>
      <trkpt lat="28.1886" lon="-16.65918">
        <ele>2054.4</ele>
      </trkpt>
      <trkpt lat="28.18856" lon="-16.65921">
        <ele>2054.1</ele>
      </trkpt>
      <trkpt lat="28.18853" lon="-16.65924">
        <ele>2054.0</ele>
      </trkpt>
      <trkpt lat="28.18849" lon="-16.659279">
        <ele>2054.1</ele>
      </trkpt>
      <trkpt lat="28.18843" lon="-16.65934">
        <ele>2054.1</ele>
      </trkpt>
      <trkpt lat="28.1884" lon="-16.65936">
        <ele>2053.9</ele>
      </trkpt>
      <trkpt lat="28.18839" lon="-16.65937">
        <ele>2053.9</ele>
      </trkpt>
      <trkpt lat="28.18827" lon="-16.65951">
        <ele>2054.7</ele>
      </trkpt>
      <trkpt lat="28.18827" lon="-16.65952">
        <ele>2055.0</ele>
      </trkpt>
      <trkpt lat="28.18824" lon="-16.659559">
        <ele>2055.3</ele>
      </trkpt>
      <trkpt lat="28.18819" lon="-16.65964">
        <ele>2056.1</ele>
      </trkpt>
      <trkpt lat="28.18817" lon="-16.65969">
        <ele>2056.9</ele>
      </trkpt>
      <trkpt lat="28.18808" lon="-16.659859">
        <ele>2058.8</ele>
      </trkpt>
      <trkpt lat="28.18799" lon="-16.660039">
        <ele>2060.2</ele>
      </trkpt>
      <trkpt lat="28.18794" lon="-16.66015">
        <ele>2060.1</ele>
      </trkpt>
      <trkpt lat="28.18792" lon="-16.66018">
        <ele>2059.8</ele>
      </trkpt>
      <trkpt lat="28.1879" lon="-16.660219">
        <ele>2059.7</ele>
      </trkpt>
      <trkpt lat="28.18782" lon="-16.66038">
        <ele>2059.6</ele>
      </trkpt>
      <trkpt lat="28.18781" lon="-16.66039">
        <ele>2059.4</ele>
      </trkpt>
      <trkpt lat="28.18773" lon="-16.66052">
        <ele>2059.1</ele>
      </trkpt>
      <trkpt lat="28.18766" lon="-16.66064">
        <ele>2059.0</ele>
      </trkpt>
      <trkpt lat="28.18761" lon="-16.66074">
        <ele>2059.3</ele>
      </trkpt>
      <trkpt lat="28.18759" lon="-16.660779">
        <ele>2059.5</ele>
      </trkpt>
      <trkpt lat="28.18757" lon="-16.66087">
        <ele>2059.6</ele>
      </trkpt>
      <trkpt lat="28.18756" lon="-16.66093">
        <ele>2058.6</ele>
      </trkpt>
      <trkpt lat="28.18756" lon="-16.66095">
        <ele>2058.4</ele>
      </trkpt>
      <trkpt lat="28.18756" lon="-16.661">
        <ele>2057.9</ele>
      </trkpt>
      <trkpt lat="28.18758" lon="-16.661079">
        <ele>2057.6</ele>
      </trkpt>
      <trkpt lat="28.1876" lon="-16.66114">
        <ele>2057.6</ele>
      </trkpt>
      <trkpt lat="28.18762" lon="-16.66118">
        <ele>2057.8</ele>
      </trkpt>
      <trkpt lat="28.18768" lon="-16.661259">
        <ele>2058.7</ele>
      </trkpt>
      <trkpt lat="28.18771" lon="-16.66129">
        <ele>2059.3</ele>
      </trkpt>
      <trkpt lat="28.18784" lon="-16.66143">
        <ele>2061.8</ele>
      </trkpt>
      <trkpt lat="28.18803" lon="-16.661639">
        <ele>2065.8</ele>
      </trkpt>
      <trkpt lat="28.18809" lon="-16.6617">
        <ele>2067.3</ele>
      </trkpt>
      <trkpt lat="28.18813" lon="-16.661729">
        <ele>2068.4</ele>
      </trkpt>
      <trkpt lat="28.18817" lon="-16.66176">
        <ele>2069.5</ele>
      </trkpt>
      <trkpt lat="28.18822" lon="-16.66178">
        <ele>2070.8</ele>
      </trkpt>
      <trkpt lat="28.18826" lon="-16.66179">
        <ele>2071.9</ele>
      </trkpt>
      <trkpt lat="28.18827" lon="-16.6618">
        <ele>2072.1</ele>
      </trkpt>
      <trkpt lat="28.18834" lon="-16.6618">
        <ele>2073.9</ele>
      </trkpt>
      <trkpt lat="28.18842" lon="-16.6618">
        <ele>2074.6</ele>
      </trkpt>
      <trkpt lat="28.18855" lon="-16.66177">
        <ele>2076.0</ele>
      </trkpt>
      <trkpt lat="28.18857" lon="-16.66176">
        <ele>2076.3</ele>
      </trkpt>
      <trkpt lat="28.18874" lon="-16.66169">
        <ele>2078.2</ele>
      </trkpt>
      <trkpt lat="28.18879" lon="-16.66168">
        <ele>2078.7</ele>
      </trkpt>
      <trkpt lat="28.18896" lon="-16.66162">
        <ele>2080.8</ele>
      </trkpt>
      <trkpt lat="28.18913" lon="-16.66156">
        <ele>2083.0</ele>
      </trkpt>
      <trkpt lat="28.18923" lon="-16.66152">
        <ele>2084.7</ele>
      </trkpt>
      <trkpt lat="28.1893" lon="-16.6615">
        <ele>2085.9</ele>
      </trkpt>
      <trkpt lat="28.18931" lon="-16.66149">
        <ele>2086.2</ele>
      </trkpt>
      <trkpt lat="28.1894" lon="-16.66148">
        <ele>2087.5</ele>
      </trkpt>
      <trkpt lat="28.18948" lon="-16.66149">
        <ele>2088.6</ele>
      </trkpt>
      <trkpt lat="28.18955" lon="-16.66152">
        <ele>2089.2</ele>
      </trkpt>
      <trkpt lat="28.18961" lon="-16.661549">
        <ele>2089.7</ele>
      </trkpt>
      <trkpt lat="28.18962" lon="-16.66156">
        <ele>2089.7</ele>
      </trkpt>
      <trkpt lat="28.18964" lon="-16.66158">
        <ele>2089.8</ele>
      </trkpt>
      <trkpt lat="28.18979" lon="-16.66169">
        <ele>2090.7</ele>
      </trkpt>
      <trkpt lat="28.18994" lon="-16.6618">
        <ele>2091.6</ele>
      </trkpt>
      <trkpt lat="28.19006" lon="-16.66189">
        <ele>2092.1</ele>
      </trkpt>
      <trkpt lat="28.19032" lon="-16.66209">
        <ele>2093.2</ele>
      </trkpt>
      <trkpt lat="28.19054" lon="-16.66225">
        <ele>2094.4</ele>
      </trkpt>
      <trkpt lat="28.19065" lon="-16.66234">
        <ele>2095.0</ele>
      </trkpt>
      <trkpt lat="28.19069" lon="-16.66237">
        <ele>2095.2</ele>
      </trkpt>
      <trkpt lat="28.19077" lon="-16.66245">
        <ele>2095.6</ele>
      </trkpt>
      <trkpt lat="28.19081" lon="-16.66251">
        <ele>2095.7</ele>
      </trkpt>
      <trkpt lat="28.19085" lon="-16.66256">
        <ele>2096.7</ele>
      </trkpt>
      <trkpt lat="28.19089" lon="-16.66262">
        <ele>2097.9</ele>
      </trkpt>
      <trkpt lat="28.1909" lon="-16.66264">
        <ele>2098.2</ele>
      </trkpt>
      <trkpt lat="28.19093" lon="-16.6627">
        <ele>2099.2</ele>
      </trkpt>
      <trkpt lat="28.19097" lon="-16.66282">
        <ele>2100.5</ele>
      </trkpt>
      <trkpt lat="28.19099" lon="-16.66287">
        <ele>2101.1</ele>
      </trkpt>
      <trkpt lat="28.19106" lon="-16.66306">
        <ele>2102.9</ele>
      </trkpt>
      <trkpt lat="28.19106" lon="-16.66307">
        <ele>2103.0</ele>
      </trkpt>
      <trkpt lat="28.19111" lon="-16.6632">
        <ele>2104.1</ele>
      </trkpt>
      <trkpt lat="28.19112" lon="-16.663229">
        <ele>2104.3</ele>
      </trkpt>
      <trkpt lat="28.19114" lon="-16.6633">
        <ele>2104.7</ele>
      </trkpt>
      <trkpt lat="28.19115" lon="-16.66336">
        <ele>2105.0</ele>
      </trkpt>
      <trkpt lat="28.19116" lon="-16.6634">
        <ele>2105.3</ele>
      </trkpt>
      <trkpt lat="28.19116" lon="-16.66343">
        <ele>2105.4</ele>
      </trkpt>
      <trkpt lat="28.19116" lon="-16.66344">
        <ele>2105.4</ele>
      </trkpt>
      <trkpt lat="28.19117" lon="-16.663509">
        <ele>2105.8</ele>
      </trkpt>
      <trkpt lat="28.19116" lon="-16.66358">
        <ele>2105.9</ele>
      </trkpt>
      <trkpt lat="28.19116" lon="-16.663599">
        <ele>2105.9</ele>
      </trkpt>
      <trkpt lat="28.19115" lon="-16.66365">
        <ele>2105.9</ele>
      </trkpt>
      <trkpt lat="28.19114" lon="-16.663799">
        <ele>2106.3</ele>
      </trkpt>
      <trkpt lat="28.19113" lon="-16.66385">
        <ele>2106.3</ele>
      </trkpt>
      <trkpt lat="28.19112" lon="-16.66401">
        <ele>2106.6</ele>
      </trkpt>
      <trkpt lat="28.19111" lon="-16.66405">
        <ele>2106.6</ele>
      </trkpt>
      <trkpt lat="28.1911" lon="-16.664159">
        <ele>2106.8</ele>
      </trkpt>
      <trkpt lat="28.1911" lon="-16.66421">
        <ele>2107.0</ele>
      </trkpt>
      <trkpt lat="28.1911" lon="-16.664259">
        <ele>2107.2</ele>
      </trkpt>
      <trkpt lat="28.19112" lon="-16.664359">
        <ele>2107.9</ele>
      </trkpt>
      <trkpt lat="28.19113" lon="-16.66441">
        <ele>2108.2</ele>
      </trkpt>
      <trkpt lat="28.19113" lon="-16.66443">
        <ele>2108.3</ele>
      </trkpt>
      <trkpt lat="28.19114" lon="-16.664459">
        <ele>2108.6</ele>
      </trkpt>
      <trkpt lat="28.19116" lon="-16.66453">
        <ele>2109.1</ele>
      </trkpt>
      <trkpt lat="28.19118" lon="-16.6646">
        <ele>2109.6</ele>
      </trkpt>
      <trkpt lat="28.19118" lon="-16.66461">
        <ele>2109.7</ele>
      </trkpt>
      <trkpt lat="28.19126" lon="-16.66479">
        <ele>2111.4</ele>
      </trkpt>
      <trkpt lat="28.19134" lon="-16.66497">
        <ele>2113.0</ele>
      </trkpt>
      <trkpt lat="28.19142" lon="-16.66516">
        <ele>2114.3</ele>
      </trkpt>
      <trkpt lat="28.1915" lon="-16.66534">
        <ele>2115.8</ele>
      </trkpt>
      <trkpt lat="28.19158" lon="-16.66552">
        <ele>2117.5</ele>
      </trkpt>
      <trkpt lat="28.19158" lon="-16.66553">
        <ele>2117.5</ele>
      </trkpt>
      <trkpt lat="28.19162" lon="-16.66562">
        <ele>2118.5</ele>
      </trkpt>
      <trkpt lat="28.19164" lon="-16.665679">
        <ele>2119.0</ele>
      </trkpt>
      <trkpt lat="28.19164" lon="-16.66571">
        <ele>2119.1</ele>
      </trkpt>
      <trkpt lat="28.19165" lon="-16.66574">
        <ele>2119.4</ele>
      </trkpt>
      <trkpt lat="28.19165" lon="-16.66581">
        <ele>2119.6</ele>
      </trkpt>
      <trkpt lat="28.19165" lon="-16.66588">
        <ele>2120.0</ele>
      </trkpt>
      <trkpt lat="28.19165" lon="-16.66591">
        <ele>2120.2</ele>
      </trkpt>
      <trkpt lat="28.19164" lon="-16.66597">
        <ele>2120.3</ele>
      </trkpt>
      <trkpt lat="28.1916" lon="-16.66611">
        <ele>2120.4</ele>
      </trkpt>
      <trkpt lat="28.19155" lon="-16.66631">
        <ele>2120.6</ele>
      </trkpt>
      <trkpt lat="28.1915" lon="-16.6665">
        <ele>2120.7</ele>
      </trkpt>
      <trkpt lat="28.19145" lon="-16.666699">
        <ele>2120.4</ele>
      </trkpt>
      <trkpt lat="28.1914" lon="-16.666889">
        <ele>2118.3</ele>
      </trkpt>
      <trkpt lat="28.19138" lon="-16.66697">
        <ele>2117.5</ele>
      </trkpt>
      <trkpt lat="28.19136" lon="-16.667069">
        <ele>2116.7</ele>
      </trkpt>
      <trkpt lat="28.19136" lon="-16.66709">
        <ele>2116.6</ele>
      </trkpt>
      <trkpt lat="28.19135" lon="-16.6672">
        <ele>2115.9</ele>
      </trkpt>
      <trkpt lat="28.19136" lon="-16.66728">
        <ele>2115.6</ele>
      </trkpt>
      <trkpt lat="28.19137" lon="-16.66729">
        <ele>2115.6</ele>
      </trkpt>
      <trkpt lat="28.19138" lon="-16.66734">
        <ele>2115.5</ele>
      </trkpt>
      <trkpt lat="28.1914" lon="-16.66739">
        <ele>2115.4</ele>
      </trkpt>
      <trkpt lat="28.19144" lon="-16.66744">
        <ele>2115.5</ele>
      </trkpt>
      <trkpt lat="28.19146" lon="-16.667459">
        <ele>2115.5</ele>
      </trkpt>
      <trkpt lat="28.19149" lon="-16.66748">
        <ele>2115.7</ele>
      </trkpt>
      <trkpt lat="28.19156" lon="-16.66752">
        <ele>2115.5</ele>
      </trkpt>
      <trkpt lat="28.19162" lon="-16.66753">
        <ele>2115.7</ele>
      </trkpt>
      <trkpt lat="28.19163" lon="-16.667539">
        <ele>2115.4</ele>
      </trkpt>
      <trkpt lat="28.1917" lon="-16.667539">
        <ele>2115.6</ele>
      </trkpt>
      <trkpt lat="28.19178" lon="-16.66753">
        <ele>2115.8</ele>
      </trkpt>
      <trkpt lat="28.19181" lon="-16.66752">
        <ele>2116.1</ele>
      </trkpt>
      <trkpt lat="28.19187" lon="-16.66749">
        <ele>2116.9</ele>
      </trkpt>
      <trkpt lat="28.19198" lon="-16.667449">
        <ele>2117.5</ele>
      </trkpt>
      <trkpt lat="28.19203" lon="-16.66743">
        <ele>2117.9</ele>
      </trkpt>
      <trkpt lat="28.1926" lon="-16.66715">
        <ele>2127.1</ele>
      </trkpt>
      <trkpt lat="28.19264" lon="-16.66714">
        <ele>2127.4</ele>
      </trkpt>
      <trkpt lat="28.19272" lon="-16.6671">
        <ele>2128.8</ele>
      </trkpt>
      <trkpt lat="28.19281" lon="-16.667069">
        <ele>2129.8</ele>
      </trkpt>
      <trkpt lat="28.19282" lon="-16.667069">
        <ele>2129.8</ele>
      </trkpt>
      <trkpt lat="28.19289" lon="-16.66704">
        <ele>2131.0</ele>
      </trkpt>
      <trkpt lat="28.19298" lon="-16.66702">
        <ele>2131.9</ele>
      </trkpt>
      <trkpt lat="28.19316" lon="-16.666979">
        <ele>2133.9</ele>
      </trkpt>
      <trkpt lat="28.19331" lon="-16.66694">
        <ele>2136.2</ele>
      </trkpt>
      <trkpt lat="28.19334" lon="-16.66693">
        <ele>2136.7</ele>
      </trkpt>
      <trkpt lat="28.19346" lon="-16.666899">
        <ele>2137.3</ele>
      </trkpt>
      <trkpt lat="28.19351" lon="-16.666889">
        <ele>2137.4</ele>
      </trkpt>
      <trkpt lat="28.19359" lon="-16.66686">
        <ele>2138.2</ele>
      </trkpt>
      <trkpt lat="28.19368" lon="-16.66682">
        <ele>2139.4</ele>
      </trkpt>
      <trkpt lat="28.19402" lon="-16.66668">
        <ele>2142.8</ele>
      </trkpt>
      <trkpt lat="28.19419" lon="-16.666609">
        <ele>2144.2</ele>
      </trkpt>
      <trkpt lat="28.19429" lon="-16.66656">
        <ele>2145.9</ele>
      </trkpt>
      <trkpt lat="28.19436" lon="-16.66654">
        <ele>2146.4</ele>
      </trkpt>
      <trkpt lat="28.1944" lon="-16.666519">
        <ele>2147.1</ele>
      </trkpt>
      <trkpt lat="28.19453" lon="-16.66648">
        <ele>2148.4</ele>
      </trkpt>
      <trkpt lat="28.19455" lon="-16.66648">
        <ele>2148.3</ele>
      </trkpt>
      <trkpt lat="28.1947" lon="-16.66644">
        <ele>2149.6</ele>
      </trkpt>
      <trkpt lat="28.19536" lon="-16.66627">
        <ele>2159.5</ele>
      </trkpt>
      <trkpt lat="28.19541" lon="-16.66626">
        <ele>2160.3</ele>
      </trkpt>
      <trkpt lat="28.19555" lon="-16.666229">
        <ele>2162.6</ele>
      </trkpt>
      <trkpt lat="28.19558" lon="-16.66622">
        <ele>2163.2</ele>
      </trkpt>
      <trkpt lat="28.19574" lon="-16.6662">
        <ele>2165.0</ele>
      </trkpt>
      <trkpt lat="28.19576" lon="-16.6662">
        <ele>2165.2</ele>
      </trkpt>
      <trkpt lat="28.19579" lon="-16.6662">
        <ele>2165.4</ele>
      </trkpt>
      <trkpt lat="28.19584" lon="-16.6662">
        <ele>2165.8</ele>
      </trkpt>
      <trkpt lat="28.19588" lon="-16.6662">
        <ele>2166.7</ele>
      </trkpt>
      <trkpt lat="28.19593" lon="-16.6662">
        <ele>2167.9</ele>
      </trkpt>
      <trkpt lat="28.19594" lon="-16.6662">
        <ele>2168.1</ele>
      </trkpt>
      <trkpt lat="28.19597" lon="-16.66621">
        <ele>2168.5</ele>
      </trkpt>
      <trkpt lat="28.19601" lon="-16.66622">
        <ele>2169.1</ele>
      </trkpt>
      <trkpt lat="28.19605" lon="-16.666229">
        <ele>2169.7</ele>
      </trkpt>
      <trkpt lat="28.1961" lon="-16.66626">
        <ele>2169.9</ele>
      </trkpt>
      <trkpt lat="28.19611" lon="-16.66626">
        <ele>2170.2</ele>
      </trkpt>
      <trkpt lat="28.19614" lon="-16.66628">
        <ele>2170.3</ele>
      </trkpt>
      <trkpt lat="28.19617" lon="-16.66631">
        <ele>2170.1</ele>
      </trkpt>
      <trkpt lat="28.19621" lon="-16.66634">
        <ele>2170.2</ele>
      </trkpt>
      <trkpt lat="28.19624" lon="-16.66637">
        <ele>2170.1</ele>
      </trkpt>
      <trkpt lat="28.19628" lon="-16.666409">
        <ele>2170.0</ele>
      </trkpt>
      <trkpt lat="28.1963" lon="-16.66644">
        <ele>2169.7</ele>
      </trkpt>
      <trkpt lat="28.19632" lon="-16.66649">
        <ele>2168.8</ele>
      </trkpt>
      <trkpt lat="28.19635" lon="-16.66654">
        <ele>2168.3</ele>
      </trkpt>
      <trkpt lat="28.19636" lon="-16.66658">
        <ele>2167.5</ele>
      </trkpt>
      <trkpt lat="28.19638" lon="-16.66662">
        <ele>2167.0</ele>
      </trkpt>
      <trkpt lat="28.19639" lon="-16.66666">
        <ele>2166.2</ele>
      </trkpt>
      <trkpt lat="28.1964" lon="-16.666699">
        <ele>2166.8</ele>
      </trkpt>
      <trkpt lat="28.1964" lon="-16.66673">
        <ele>2167.3</ele>
      </trkpt>
      <trkpt lat="28.19641" lon="-16.66675">
        <ele>2167.9</ele>
      </trkpt>
      <trkpt lat="28.19641" lon="-16.666799">
        <ele>2168.7</ele>
      </trkpt>
      <trkpt lat="28.1964" lon="-16.66685">
        <ele>2169.2</ele>
      </trkpt>
      <trkpt lat="28.19639" lon="-16.66691">
        <ele>2169.8</ele>
      </trkpt>
      <trkpt lat="28.19639" lon="-16.66694">
        <ele>2170.3</ele>
      </trkpt>
      <trkpt lat="28.19638" lon="-16.66695">
        <ele>2170.1</ele>
      </trkpt>
      <trkpt lat="28.19638" lon="-16.666979">
        <ele>2170.6</ele>
      </trkpt>
      <trkpt lat="28.19636" lon="-16.66703">
        <ele>2170.7</ele>
      </trkpt>
      <trkpt lat="28.19635" lon="-16.667079">
        <ele>2171.1</ele>
      </trkpt>
      <trkpt lat="28.19633" lon="-16.66712">
        <ele>2170.9</ele>
      </trkpt>
      <trkpt lat="28.19629" lon="-16.66723">
        <ele>2171.0</ele>
      </trkpt>
      <trkpt lat="28.19626" lon="-16.6673">
        <ele>2170.8</ele>
      </trkpt>
      <trkpt lat="28.19624" lon="-16.66732">
        <ele>2170.2</ele>
      </trkpt>
      <trkpt lat="28.19614" lon="-16.6675">
        <ele>2168.3</ele>
      </trkpt>
      <trkpt lat="28.19605" lon="-16.66766">
        <ele>2168.4</ele>
      </trkpt>
      <trkpt lat="28.19604" lon="-16.66767">
        <ele>2168.2</ele>
      </trkpt>
      <trkpt lat="28.19585" lon="-16.668009">
        <ele>2170.3</ele>
      </trkpt>
      <trkpt lat="28.19583" lon="-16.66804">
        <ele>2170.4</ele>
      </trkpt>
      <trkpt lat="28.19575" lon="-16.66818">
        <ele>2171.5</ele>
      </trkpt>
      <trkpt lat="28.19557" lon="-16.66851">
        <ele>2172.0</ele>
      </trkpt>
      <trkpt lat="28.19556" lon="-16.66853">
        <ele>2171.9</ele>
      </trkpt>
      <trkpt lat="28.19555" lon="-16.66856">
        <ele>2172.0</ele>
      </trkpt>
      <trkpt lat="28.19554" lon="-16.6686">
        <ele>2172.2</ele>
      </trkpt>
      <trkpt lat="28.19553" lon="-16.66863">
        <ele>2172.3</ele>
      </trkpt>
      <trkpt lat="28.19552" lon="-16.66866">
        <ele>2172.4</ele>
      </trkpt>
      <trkpt lat="28.19552" lon="-16.66869">
        <ele>2172.9</ele>
      </trkpt>
      <trkpt lat="28.19551" lon="-16.66872">
        <ele>2172.9</ele>
      </trkpt>
      <trkpt lat="28.19551" lon="-16.668759">
        <ele>2173.5</ele>
      </trkpt>
      <trkpt lat="28.19551" lon="-16.66881">
        <ele>2174.3</ele>
      </trkpt>
      <trkpt lat="28.19551" lon="-16.66893">
        <ele>2176.2</ele>
      </trkpt>
      <trkpt lat="28.1955" lon="-16.66903">
        <ele>2177.3</ele>
      </trkpt>
      <trkpt lat="28.19551" lon="-16.66913">
        <ele>2179.2</ele>
      </trkpt>
      <trkpt lat="28.19551" lon="-16.669329">
        <ele>2180.6</ele>
      </trkpt>
      <trkpt lat="28.19552" lon="-16.66954">
        <ele>2182.0</ele>
      </trkpt>
      <trkpt lat="28.19552" lon="-16.66974">
        <ele>2182.9</ele>
      </trkpt>
      <trkpt lat="28.19553" lon="-16.66995">
        <ele>2184.2</ele>
      </trkpt>
      <trkpt lat="28.19553" lon="-16.67015">
        <ele>2185.2</ele>
      </trkpt>
      <trkpt lat="28.19554" lon="-16.67035">
        <ele>2186.4</ele>
      </trkpt>
      <trkpt lat="28.19554" lon="-16.67052">
        <ele>2187.2</ele>
      </trkpt>
      <trkpt lat="28.19556" lon="-16.67077">
        <ele>2188.8</ele>
      </trkpt>
      <trkpt lat="28.19557" lon="-16.67082">
        <ele>2189.3</ele>
      </trkpt>
      <trkpt lat="28.19557" lon="-16.67085">
        <ele>2189.2</ele>
      </trkpt>
      <trkpt lat="28.19558" lon="-16.6709">
        <ele>2188.9</ele>
      </trkpt>
      <trkpt lat="28.19558" lon="-16.670919">
        <ele>2188.7</ele>
      </trkpt>
      <trkpt lat="28.19558" lon="-16.670929">
        <ele>2188.6</ele>
      </trkpt>
      <trkpt lat="28.19559" lon="-16.67094">
        <ele>2188.7</ele>
      </trkpt>
      <trkpt lat="28.19559" lon="-16.67096">
        <ele>2188.5</ele>
      </trkpt>
      <trkpt lat="28.1956" lon="-16.67097">
        <ele>2188.6</ele>
      </trkpt>
      <trkpt lat="28.19561" lon="-16.671">
        <ele>2188.4</ele>
      </trkpt>
      <trkpt lat="28.19563" lon="-16.671029">
        <ele>2188.5</ele>
      </trkpt>
      <trkpt lat="28.19564" lon="-16.67105">
        <ele>2188.4</ele>
      </trkpt>
      <trkpt lat="28.19566" lon="-16.67107">
        <ele>2188.5</ele>
      </trkpt>
      <trkpt lat="28.19567" lon="-16.67109">
        <ele>2188.4</ele>
      </trkpt>
      <trkpt lat="28.19568" lon="-16.6711">
        <ele>2188.5</ele>
      </trkpt>
      <trkpt lat="28.1957" lon="-16.671119">
        <ele>2188.5</ele>
      </trkpt>
      <trkpt lat="28.19571" lon="-16.67113">
        <ele>2188.6</ele>
      </trkpt>
      <trkpt lat="28.19573" lon="-16.67114">
        <ele>2188.7</ele>
      </trkpt>
      <trkpt lat="28.19577" lon="-16.67117">
        <ele>2188.9</ele>
      </trkpt>
      <trkpt lat="28.19582" lon="-16.67119">
        <ele>2189.3</ele>
      </trkpt>
      <trkpt lat="28.19585" lon="-16.671199">
        <ele>2189.3</ele>
      </trkpt>
      <trkpt lat="28.19586" lon="-16.671209">
        <ele>2189.2</ele>
      </trkpt>
      <trkpt lat="28.19588" lon="-16.671209">
        <ele>2189.2</ele>
      </trkpt>
      <trkpt lat="28.19589" lon="-16.671209">
        <ele>2189.2</ele>
      </trkpt>
      <trkpt lat="28.19591" lon="-16.67122">
        <ele>2189.1</ele>
      </trkpt>
      <trkpt lat="28.19595" lon="-16.67122">
        <ele>2189.1</ele>
      </trkpt>
      <trkpt lat="28.19602" lon="-16.67122">
        <ele>2189.2</ele>
      </trkpt>
      <trkpt lat="28.19612" lon="-16.671209">
        <ele>2189.6</ele>
      </trkpt>
      <trkpt lat="28.19613" lon="-16.671199">
        <ele>2189.8</ele>
      </trkpt>
      <trkpt lat="28.19621" lon="-16.67119">
        <ele>2190.2</ele>
      </trkpt>
      <trkpt lat="28.19627" lon="-16.67118">
        <ele>2190.6</ele>
      </trkpt>
      <trkpt lat="28.19645" lon="-16.67114">
        <ele>2192.3</ele>
      </trkpt>
      <trkpt lat="28.1965" lon="-16.67113">
        <ele>2192.7</ele>
      </trkpt>
      <trkpt lat="28.19662" lon="-16.671109">
        <ele>2193.9</ele>
      </trkpt>
      <trkpt lat="28.1968" lon="-16.67107">
        <ele>2197.6</ele>
      </trkpt>
      <trkpt lat="28.19682" lon="-16.67107">
        <ele>2198.0</ele>
      </trkpt>
      <trkpt lat="28.1969" lon="-16.67106">
        <ele>2199.5</ele>
      </trkpt>
      <trkpt lat="28.19696" lon="-16.67106">
        <ele>2200.5</ele>
      </trkpt>
      <trkpt lat="28.19698" lon="-16.67106">
        <ele>2200.8</ele>
      </trkpt>
      <trkpt lat="28.197" lon="-16.67106">
        <ele>2201.1</ele>
      </trkpt>
      <trkpt lat="28.19703" lon="-16.67106">
        <ele>2201.6</ele>
      </trkpt>
      <trkpt lat="28.19706" lon="-16.67107">
        <ele>2201.8</ele>
      </trkpt>
      <trkpt lat="28.1971" lon="-16.67108">
        <ele>2202.2</ele>
      </trkpt>
      <trkpt lat="28.19713" lon="-16.67109">
        <ele>2202.5</ele>
      </trkpt>
      <trkpt lat="28.19715" lon="-16.6711">
        <ele>2202.6</ele>
      </trkpt>
      <trkpt lat="28.19716" lon="-16.6711">
        <ele>2202.7</ele>
      </trkpt>
      <trkpt lat="28.19717" lon="-16.671109">
        <ele>2202.7</ele>
      </trkpt>
      <trkpt lat="28.19719" lon="-16.67113">
        <ele>2202.6</ele>
      </trkpt>
      <trkpt lat="28.19721" lon="-16.67114">
        <ele>2202.7</ele>
      </trkpt>
      <trkpt lat="28.19723" lon="-16.67116">
        <ele>2202.7</ele>
      </trkpt>
      <trkpt lat="28.19726" lon="-16.671199">
        <ele>2202.5</ele>
      </trkpt>
      <trkpt lat="28.19728" lon="-16.67122">
        <ele>2202.5</ele>
      </trkpt>
      <trkpt lat="28.19729" lon="-16.67123">
        <ele>2202.5</ele>
      </trkpt>
      <trkpt lat="28.1973" lon="-16.67125">
        <ele>2202.3</ele>
      </trkpt>
      <trkpt lat="28.19731" lon="-16.67128">
        <ele>2202.0</ele>
      </trkpt>
      <trkpt lat="28.19733" lon="-16.671309">
        <ele>2201.9</ele>
      </trkpt>
      <trkpt lat="28.19734" lon="-16.67136">
        <ele>2201.2</ele>
      </trkpt>
      <trkpt lat="28.19736" lon="-16.67142">
        <ele>2200.7</ele>
      </trkpt>
      <trkpt lat="28.19738" lon="-16.6715">
        <ele>2199.9</ele>
      </trkpt>
      <trkpt lat="28.19741" lon="-16.6716">
        <ele>2199.1</ele>
      </trkpt>
      <trkpt lat="28.19741" lon="-16.67162">
        <ele>2198.8</ele>
      </trkpt>
      <trkpt lat="28.19744" lon="-16.67175">
        <ele>2198.2</ele>
      </trkpt>
      <trkpt lat="28.19745" lon="-16.67181">
        <ele>2197.9</ele>
      </trkpt>
      <trkpt lat="28.1975" lon="-16.67201">
        <ele>2197.7</ele>
      </trkpt>
      <trkpt lat="28.19755" lon="-16.67219">
        <ele>2197.2</ele>
      </trkpt>
      <trkpt lat="28.19755" lon="-16.67221">
        <ele>2197.0</ele>
      </trkpt>
      <trkpt lat="28.19759" lon="-16.67237">
        <ele>2196.2</ele>
      </trkpt>
      <trkpt lat="28.19765" lon="-16.67259">
        <ele>2195.3</ele>
      </trkpt>
      <trkpt lat="28.19768" lon="-16.67266">
        <ele>2195.3</ele>
      </trkpt>
      <trkpt lat="28.19769" lon="-16.672699">
        <ele>2195.1</ele>
      </trkpt>
      <trkpt lat="28.19771" lon="-16.67273">
        <ele>2195.1</ele>
      </trkpt>
      <trkpt lat="28.19774" lon="-16.67278">
        <ele>2195.2</ele>
      </trkpt>
      <trkpt lat="28.19776" lon="-16.672799">
        <ele>2195.3</ele>
      </trkpt>
      <trkpt lat="28.1978" lon="-16.67285">
        <ele>2195.4</ele>
      </trkpt>
      <trkpt lat="28.19784" lon="-16.67288">
        <ele>2195.6</ele>
      </trkpt>
      <trkpt lat="28.19788" lon="-16.672899">
        <ele>2195.9</ele>
      </trkpt>
      <trkpt lat="28.1979" lon="-16.67292">
        <ele>2196.0</ele>
      </trkpt>
      <trkpt lat="28.19798" lon="-16.67297">
        <ele>2196.4</ele>
      </trkpt>
      <trkpt lat="28.19804" lon="-16.672989">
        <ele>2196.9</ele>
      </trkpt>
      <trkpt lat="28.19807" lon="-16.67301">
        <ele>2197.0</ele>
      </trkpt>
      <trkpt lat="28.19821" lon="-16.67307">
        <ele>2197.7</ele>
      </trkpt>
      <trkpt lat="28.19837" lon="-16.67314">
        <ele>2197.7</ele>
      </trkpt>
      <trkpt lat="28.19839" lon="-16.67315">
        <ele>2197.5</ele>
      </trkpt>
      <trkpt lat="28.19854" lon="-16.67322">
        <ele>2196.2</ele>
      </trkpt>
      <trkpt lat="28.19871" lon="-16.67329">
        <ele>2194.8</ele>
      </trkpt>
      <trkpt lat="28.19872" lon="-16.67329">
        <ele>2194.8</ele>
      </trkpt>
      <trkpt lat="28.19888" lon="-16.673359">
        <ele>2193.6</ele>
      </trkpt>
      <trkpt lat="28.19895" lon="-16.67339">
        <ele>2193.0</ele>
      </trkpt>
      <trkpt lat="28.19898" lon="-16.6734">
        <ele>2192.8</ele>
      </trkpt>
      <trkpt lat="28.19901" lon="-16.67341">
        <ele>2192.7</ele>
      </trkpt>
      <trkpt lat="28.19905" lon="-16.67341">
        <ele>2192.6</ele>
      </trkpt>
      <trkpt lat="28.19909" lon="-16.67342">
        <ele>2192.4</ele>
      </trkpt>
      <trkpt lat="28.19915" lon="-16.67342">
        <ele>2192.4</ele>
      </trkpt>
      <trkpt lat="28.19918" lon="-16.67341">
        <ele>2192.0</ele>
      </trkpt>
      <trkpt lat="28.19921" lon="-16.67341">
        <ele>2190.9</ele>
      </trkpt>
      <trkpt lat="28.19923" lon="-16.6734">
        <ele>2190.3</ele>
      </trkpt>
      <trkpt lat="28.19924" lon="-16.6734">
        <ele>2189.9</ele>
      </trkpt>
      <trkpt lat="28.19927" lon="-16.67338">
        <ele>2189.1</ele>
      </trkpt>
      <trkpt lat="28.19933" lon="-16.67335">
        <ele>2187.4</ele>
      </trkpt>
      <trkpt lat="28.19935" lon="-16.67334">
        <ele>2186.8</ele>
      </trkpt>
      <trkpt lat="28.19937" lon="-16.67332">
        <ele>2186.5</ele>
      </trkpt>
      <trkpt lat="28.19939" lon="-16.67331">
        <ele>2185.9</ele>
      </trkpt>
      <trkpt lat="28.1994" lon="-16.6733">
        <ele>2185.8</ele>
      </trkpt>
      <trkpt lat="28.19942" lon="-16.673279">
        <ele>2185.4</ele>
      </trkpt>
      <trkpt lat="28.19944" lon="-16.67326">
        <ele>2185.1</ele>
      </trkpt>
      <trkpt lat="28.19946" lon="-16.67324">
        <ele>2184.8</ele>
      </trkpt>
      <trkpt lat="28.19948" lon="-16.67321">
        <ele>2184.8</ele>
      </trkpt>
      <trkpt lat="28.1995" lon="-16.673179">
        <ele>2184.7</ele>
      </trkpt>
      <trkpt lat="28.19951" lon="-16.67316">
        <ele>2184.8</ele>
      </trkpt>
      <trkpt lat="28.19963" lon="-16.672999">
        <ele>2184.4</ele>
      </trkpt>
      <trkpt lat="28.19964" lon="-16.672989">
        <ele>2184.3</ele>
      </trkpt>
      <trkpt lat="28.19974" lon="-16.67284">
        <ele>2184.7</ele>
      </trkpt>
      <trkpt lat="28.19976" lon="-16.67282">
        <ele>2184.6</ele>
      </trkpt>
      <trkpt lat="28.19977" lon="-16.672799">
        <ele>2184.8</ele>
      </trkpt>
      <trkpt lat="28.19979" lon="-16.67277">
        <ele>2184.9</ele>
      </trkpt>
      <trkpt lat="28.1998" lon="-16.67274">
        <ele>2185.4</ele>
      </trkpt>
      <trkpt lat="28.19981" lon="-16.672709">
        <ele>2185.9</ele>
      </trkpt>
      <trkpt lat="28.19982" lon="-16.67269">
        <ele>2186.1</ele>
      </trkpt>
      <trkpt lat="28.19983" lon="-16.67266">
        <ele>2186.6</ele>
      </trkpt>
      <trkpt lat="28.19983" lon="-16.67264">
        <ele>2187.1</ele>
      </trkpt>
      <trkpt lat="28.19985" lon="-16.67257">
        <ele>2188.4</ele>
      </trkpt>
      <trkpt lat="28.19986" lon="-16.672529">
        <ele>2189.2</ele>
      </trkpt>
      <trkpt lat="28.19987" lon="-16.67247">
        <ele>2190.5</ele>
      </trkpt>
      <trkpt lat="28.19987" lon="-16.67246">
        <ele>2190.7</ele>
      </trkpt>
      <trkpt lat="28.19989" lon="-16.67237">
        <ele>2192.3</ele>
      </trkpt>
      <trkpt lat="28.19991" lon="-16.67226">
        <ele>2194.3</ele>
      </trkpt>
      <trkpt lat="28.19991" lon="-16.672229">
        <ele>2195.0</ele>
      </trkpt>
      <trkpt lat="28.19992" lon="-16.67219">
        <ele>2195.7</ele>
      </trkpt>
      <trkpt lat="28.19994" lon="-16.672149">
        <ele>2196.1</ele>
      </trkpt>
      <trkpt lat="28.19995" lon="-16.67211">
        <ele>2196.8</ele>
      </trkpt>
      <trkpt lat="28.19996" lon="-16.67208">
        <ele>2197.2</ele>
      </trkpt>
      <trkpt lat="28.19997" lon="-16.67207">
        <ele>2197.2</ele>
      </trkpt>
      <trkpt lat="28.19999" lon="-16.67203">
        <ele>2197.6</ele>
      </trkpt>
      <trkpt lat="28.2" lon="-16.672">
        <ele>2198.0</ele>
      </trkpt>
      <trkpt lat="28.20002" lon="-16.67198">
        <ele>2197.7</ele>
      </trkpt>
      <trkpt lat="28.20004" lon="-16.671949">
        <ele>2197.6</ele>
      </trkpt>
      <trkpt lat="28.20006" lon="-16.67192">
        <ele>2197.6</ele>
      </trkpt>
      <trkpt lat="28.20007" lon="-16.67191">
        <ele>2197.4</ele>
      </trkpt>
      <trkpt lat="28.20011" lon="-16.671859">
        <ele>2197.1</ele>
      </trkpt>
      <trkpt lat="28.20033" lon="-16.67163">
        <ele>2195.0</ele>
      </trkpt>
      <trkpt lat="28.20046" lon="-16.671489">
        <ele>2195.9</ele>
      </trkpt>
      <trkpt lat="28.20053" lon="-16.67142">
        <ele>2195.9</ele>
      </trkpt>
      <trkpt lat="28.2006" lon="-16.67136">
        <ele>2195.4</ele>
      </trkpt>
      <trkpt lat="28.20069" lon="-16.67125">
        <ele>2195.9</ele>
      </trkpt>
      <trkpt lat="28.20073" lon="-16.67122">
        <ele>2195.2</ele>
      </trkpt>
      <trkpt lat="28.20086" lon="-16.67108">
        <ele>2195.2</ele>
      </trkpt>
      <trkpt lat="28.20099" lon="-16.67094">
        <ele>2196.8</ele>
      </trkpt>
      <trkpt lat="28.20112" lon="-16.6708">
        <ele>2198.0</ele>
      </trkpt>
      <trkpt lat="28.20126" lon="-16.67066">
        <ele>2199.9</ele>
      </trkpt>
      <trkpt lat="28.20139" lon="-16.67053">
        <ele>2200.7</ele>
      </trkpt>
      <trkpt lat="28.2015" lon="-16.67041">
        <ele>2201.1</ele>
      </trkpt>
      <trkpt lat="28.20164" lon="-16.670259">
        <ele>2200.5</ele>
      </trkpt>
      <trkpt lat="28.20165" lon="-16.67025">
        <ele>2200.4</ele>
      </trkpt>
      <trkpt lat="28.20169" lon="-16.67021">
        <ele>2201.1</ele>
      </trkpt>
      <trkpt lat="28.20174" lon="-16.670169">
        <ele>2202.6</ele>
      </trkpt>
      <trkpt lat="28.20184" lon="-16.6701">
        <ele>2205.0</ele>
      </trkpt>
      <trkpt lat="28.20187" lon="-16.670079">
        <ele>2205.6</ele>
      </trkpt>
      <trkpt lat="28.20191" lon="-16.67006">
        <ele>2206.1</ele>
      </trkpt>
      <trkpt lat="28.20196" lon="-16.67004">
        <ele>2206.7</ele>
      </trkpt>
      <trkpt lat="28.20197" lon="-16.67003">
        <ele>2206.9</ele>
      </trkpt>
      <trkpt lat="28.20199" lon="-16.67002">
        <ele>2207.1</ele>
      </trkpt>
      <trkpt lat="28.20201" lon="-16.67002">
        <ele>2207.1</ele>
      </trkpt>
      <trkpt lat="28.20203" lon="-16.67002">
        <ele>2207.1</ele>
      </trkpt>
      <trkpt lat="28.20207" lon="-16.67001">
        <ele>2207.3</ele>
      </trkpt>
      <trkpt lat="28.20209" lon="-16.67001">
        <ele>2207.3</ele>
      </trkpt>
      <trkpt lat="28.20212" lon="-16.67002">
        <ele>2207.1</ele>
      </trkpt>
      <trkpt lat="28.20213" lon="-16.67002">
        <ele>2207.1</ele>
      </trkpt>
      <trkpt lat="28.20214" lon="-16.67002">
        <ele>2207.0</ele>
      </trkpt>
      <trkpt lat="28.20216" lon="-16.67003">
        <ele>2206.9</ele>
      </trkpt>
      <trkpt lat="28.20218" lon="-16.67003">
        <ele>2206.8</ele>
      </trkpt>
      <trkpt lat="28.2022" lon="-16.67004">
        <ele>2206.7</ele>
      </trkpt>
      <trkpt lat="28.20223" lon="-16.67006">
        <ele>2206.3</ele>
      </trkpt>
      <trkpt lat="28.20227" lon="-16.670089">
        <ele>2205.9</ele>
      </trkpt>
      <trkpt lat="28.20229" lon="-16.67011">
        <ele>2205.6</ele>
      </trkpt>
      <trkpt lat="28.20232" lon="-16.67013">
        <ele>2205.4</ele>
      </trkpt>
      <trkpt lat="28.20234" lon="-16.67016">
        <ele>2205.1</ele>
      </trkpt>
      <trkpt lat="28.20235" lon="-16.670179">
        <ele>2204.9</ele>
      </trkpt>
      <trkpt lat="28.20237" lon="-16.67021">
        <ele>2204.6</ele>
      </trkpt>
      <trkpt lat="28.20238" lon="-16.67023">
        <ele>2204.4</ele>
      </trkpt>
      <trkpt lat="28.20239" lon="-16.67025">
        <ele>2204.2</ele>
      </trkpt>
      <trkpt lat="28.2024" lon="-16.670269">
        <ele>2204.0</ele>
      </trkpt>
      <trkpt lat="28.20241" lon="-16.67029">
        <ele>2203.9</ele>
      </trkpt>
      <trkpt lat="28.20241" lon="-16.67031">
        <ele>2203.7</ele>
      </trkpt>
      <trkpt lat="28.20242" lon="-16.67033">
        <ele>2203.5</ele>
      </trkpt>
      <trkpt lat="28.20242" lon="-16.67035">
        <ele>2203.3</ele>
      </trkpt>
      <trkpt lat="28.20243" lon="-16.67038">
        <ele>2203.1</ele>
      </trkpt>
      <trkpt lat="28.20243" lon="-16.6704">
        <ele>2202.9</ele>
      </trkpt>
      <trkpt lat="28.20243" lon="-16.67043">
        <ele>2202.6</ele>
      </trkpt>
      <trkpt lat="28.20243" lon="-16.670459">
        <ele>2202.2</ele>
      </trkpt>
      <trkpt lat="28.20243" lon="-16.67047">
        <ele>2202.1</ele>
      </trkpt>
      <trkpt lat="28.20243" lon="-16.67049">
        <ele>2201.9</ele>
      </trkpt>
      <trkpt lat="28.20243" lon="-16.67053">
        <ele>2201.5</ele>
      </trkpt>
      <trkpt lat="28.20243" lon="-16.670559">
        <ele>2201.2</ele>
      </trkpt>
      <trkpt lat="28.20243" lon="-16.67059">
        <ele>2200.9</ele>
      </trkpt>
      <trkpt lat="28.20242" lon="-16.67067">
        <ele>2199.9</ele>
      </trkpt>
      <trkpt lat="28.2024" lon="-16.67077">
        <ele>2198.3</ele>
      </trkpt>
      <trkpt lat="28.20238" lon="-16.67087">
        <ele>2197.0</ele>
      </trkpt>
      <trkpt lat="28.20233" lon="-16.67113">
        <ele>2194.4</ele>
      </trkpt>
      <trkpt lat="28.2023" lon="-16.67127">
        <ele>2192.8</ele>
      </trkpt>
      <trkpt lat="28.20228" lon="-16.671389">
        <ele>2191.4</ele>
      </trkpt>
      <trkpt lat="28.20226" lon="-16.67147">
        <ele>2190.3</ele>
      </trkpt>
      <trkpt lat="28.20223" lon="-16.67164">
        <ele>2188.1</ele>
      </trkpt>
      <trkpt lat="28.20222" lon="-16.671669">
        <ele>2187.5</ele>
      </trkpt>
      <trkpt lat="28.20219" lon="-16.67182">
        <ele>2184.5</ele>
      </trkpt>
      <trkpt lat="28.20219" lon="-16.671859">
        <ele>2184.0</ele>
      </trkpt>
      <trkpt lat="28.20219" lon="-16.671869">
        <ele>2183.9</ele>
      </trkpt>
      <trkpt lat="28.20219" lon="-16.67194">
        <ele>2183.0</ele>
      </trkpt>
      <trkpt lat="28.20219" lon="-16.67207">
        <ele>2181.4</ele>
      </trkpt>
      <trkpt lat="28.20219" lon="-16.67209">
        <ele>2181.1</ele>
      </trkpt>
      <trkpt lat="28.2022" lon="-16.67219">
        <ele>2180.2</ele>
      </trkpt>
      <trkpt lat="28.20221" lon="-16.67228">
        <ele>2179.4</ele>
      </trkpt>
      <trkpt lat="28.20222" lon="-16.6723">
        <ele>2179.5</ele>
      </trkpt>
      <trkpt lat="28.20223" lon="-16.67238">
        <ele>2178.8</ele>
      </trkpt>
      <trkpt lat="28.20225" lon="-16.67248">
        <ele>2178.2</ele>
      </trkpt>
      <trkpt lat="28.20228" lon="-16.67258">
        <ele>2177.0</ele>
      </trkpt>
      <trkpt lat="28.20229" lon="-16.6726">
        <ele>2176.9</ele>
      </trkpt>
      <trkpt lat="28.20229" lon="-16.672619">
        <ele>2176.4</ele>
      </trkpt>
      <trkpt lat="28.2023" lon="-16.67264">
        <ele>2176.3</ele>
      </trkpt>
      <trkpt lat="28.20231" lon="-16.67266">
        <ele>2176.1</ele>
      </trkpt>
      <trkpt lat="28.20232" lon="-16.67266">
        <ele>2176.4</ele>
      </trkpt>
      <trkpt lat="28.20233" lon="-16.67268">
        <ele>2176.2</ele>
      </trkpt>
      <trkpt lat="28.20235" lon="-16.672709">
        <ele>2176.1</ele>
      </trkpt>
      <trkpt lat="28.20238" lon="-16.67273">
        <ele>2176.5</ele>
      </trkpt>
      <trkpt lat="28.2024" lon="-16.67275">
        <ele>2176.6</ele>
      </trkpt>
      <trkpt lat="28.20242" lon="-16.67277">
        <ele>2176.6</ele>
      </trkpt>
      <trkpt lat="28.20245" lon="-16.67279">
        <ele>2177.0</ele>
      </trkpt>
      <trkpt lat="28.20247" lon="-16.672799">
        <ele>2177.3</ele>
      </trkpt>
      <trkpt lat="28.20249" lon="-16.672809">
        <ele>2177.5</ele>
      </trkpt>
      <trkpt lat="28.20253" lon="-16.67283">
        <ele>2177.7</ele>
      </trkpt>
      <trkpt lat="28.20256" lon="-16.67284">
        <ele>2177.9</ele>
      </trkpt>
      <trkpt lat="28.2026" lon="-16.67285">
        <ele>2178.2</ele>
      </trkpt>
      <trkpt lat="28.20263" lon="-16.67286">
        <ele>2178.3</ele>
      </trkpt>
      <trkpt lat="28.20274" lon="-16.67288">
        <ele>2179.3</ele>
      </trkpt>
      <trkpt lat="28.20286" lon="-16.67291">
        <ele>2180.2</ele>
      </trkpt>
      <trkpt lat="28.20289" lon="-16.67292">
        <ele>2180.3</ele>
      </trkpt>
      <trkpt lat="28.20293" lon="-16.67293">
        <ele>2180.6</ele>
      </trkpt>
      <trkpt lat="28.20296" lon="-16.67295">
        <ele>2180.4</ele>
      </trkpt>
      <trkpt lat="28.20297" lon="-16.67295">
        <ele>2180.5</ele>
      </trkpt>
      <trkpt lat="28.20298" lon="-16.67296">
        <ele>2180.4</ele>
      </trkpt>
      <trkpt lat="28.20299" lon="-16.67297">
        <ele>2180.2</ele>
      </trkpt>
      <trkpt lat="28.20302" lon="-16.672989">
        <ele>2180.1</ele>
      </trkpt>
      <trkpt lat="28.20304" lon="-16.67301">
        <ele>2179.8</ele>
      </trkpt>
      <trkpt lat="28.20306" lon="-16.67302">
        <ele>2179.8</ele>
      </trkpt>
      <trkpt lat="28.20307" lon="-16.67304">
        <ele>2179.3</ele>
      </trkpt>
      <trkpt lat="28.20309" lon="-16.67307">
        <ele>2178.7</ele>
      </trkpt>
      <trkpt lat="28.20311" lon="-16.673089">
        <ele>2178.4</ele>
      </trkpt>
      <trkpt lat="28.20313" lon="-16.67312">
        <ele>2177.8</ele>
      </trkpt>
      <trkpt lat="28.20316" lon="-16.673179">
        <ele>2176.4</ele>
      </trkpt>
      <trkpt lat="28.20319" lon="-16.67325">
        <ele>2174.7</ele>
      </trkpt>
      <trkpt lat="28.2032" lon="-16.673269">
        <ele>2174.3</ele>
      </trkpt>
      <trkpt lat="28.20322" lon="-16.67334">
        <ele>2172.5</ele>
      </trkpt>
      <trkpt lat="28.20327" lon="-16.673449">
        <ele>2170.9</ele>
      </trkpt>
      <trkpt lat="28.20329" lon="-16.67352">
        <ele>2169.8</ele>
      </trkpt>
      <trkpt lat="28.20331" lon="-16.673559">
        <ele>2169.3</ele>
      </trkpt>
      <trkpt lat="28.20333" lon="-16.67359">
        <ele>2169.0</ele>
      </trkpt>
      <trkpt lat="28.20335" lon="-16.67362">
        <ele>2168.5</ele>
      </trkpt>
      <trkpt lat="28.20336" lon="-16.67363">
        <ele>2168.3</ele>
      </trkpt>
      <trkpt lat="28.20337" lon="-16.673639">
        <ele>2168.1</ele>
      </trkpt>
      <trkpt lat="28.20338" lon="-16.673649">
        <ele>2167.9</ele>
      </trkpt>
      <trkpt lat="28.2034" lon="-16.67367">
        <ele>2167.5</ele>
      </trkpt>
      <trkpt lat="28.20342" lon="-16.67368">
        <ele>2167.3</ele>
      </trkpt>
      <trkpt lat="28.20344" lon="-16.67369">
        <ele>2167.1</ele>
      </trkpt>
      <trkpt lat="28.20346" lon="-16.6737">
        <ele>2166.9</ele>
      </trkpt>
      <trkpt lat="28.20349" lon="-16.67371">
        <ele>2166.7</ele>
      </trkpt>
      <trkpt lat="28.20352" lon="-16.67371">
        <ele>2166.7</ele>
      </trkpt>
      <trkpt lat="28.20353" lon="-16.67371">
        <ele>2166.7</ele>
      </trkpt>
      <trkpt lat="28.20356" lon="-16.67372">
        <ele>2166.5</ele>
      </trkpt>
      <trkpt lat="28.20359" lon="-16.67372">
        <ele>2166.5</ele>
      </trkpt>
      <trkpt lat="28.20362" lon="-16.67372">
        <ele>2166.5</ele>
      </trkpt>
      <trkpt lat="28.20365" lon="-16.67372">
        <ele>2166.5</ele>
      </trkpt>
      <trkpt lat="28.20367" lon="-16.67371">
        <ele>2166.7</ele>
      </trkpt>
      <trkpt lat="28.2037" lon="-16.6737">
        <ele>2166.9</ele>
      </trkpt>
      <trkpt lat="28.20376" lon="-16.67369">
        <ele>2167.1</ele>
      </trkpt>
      <trkpt lat="28.20401" lon="-16.67362">
        <ele>2168.7</ele>
      </trkpt>
      <trkpt lat="28.20406" lon="-16.6736">
        <ele>2169.2</ele>
      </trkpt>
      <trkpt lat="28.20408" lon="-16.6736">
        <ele>2169.2</ele>
      </trkpt>
      <trkpt lat="28.2041" lon="-16.6736">
        <ele>2169.3</ele>
      </trkpt>
      <trkpt lat="28.20412" lon="-16.67359">
        <ele>2169.5</ele>
      </trkpt>
      <trkpt lat="28.20414" lon="-16.67359">
        <ele>2169.5</ele>
      </trkpt>
      <trkpt lat="28.20417" lon="-16.67359">
        <ele>2169.5</ele>
      </trkpt>
      <trkpt lat="28.2042" lon="-16.6736">
        <ele>2169.4</ele>
      </trkpt>
      <trkpt lat="28.20422" lon="-16.6736">
        <ele>2169.5</ele>
      </trkpt>
      <trkpt lat="28.20424" lon="-16.6736">
        <ele>2169.5</ele>
      </trkpt>
      <trkpt lat="28.20426" lon="-16.67361">
        <ele>2169.4</ele>
      </trkpt>
      <trkpt lat="28.20428" lon="-16.67361">
        <ele>2169.4</ele>
      </trkpt>
      <trkpt lat="28.2043" lon="-16.67362">
        <ele>2169.3</ele>
      </trkpt>
      <trkpt lat="28.20432" lon="-16.67363">
        <ele>2169.1</ele>
      </trkpt>
      <trkpt lat="28.2044" lon="-16.67367">
        <ele>2168.4</ele>
      </trkpt>
      <trkpt lat="28.2045" lon="-16.67371">
        <ele>2167.7</ele>
      </trkpt>
      <trkpt lat="28.20456" lon="-16.673739">
        <ele>2167.2</ele>
      </trkpt>
      <trkpt lat="28.20472" lon="-16.673829">
        <ele>2165.5</ele>
      </trkpt>
      <trkpt lat="28.20511" lon="-16.674029">
        <ele>2162.3</ele>
      </trkpt>
      <trkpt lat="28.20536" lon="-16.67415">
        <ele>2161.0</ele>
      </trkpt>
      <trkpt lat="28.20538" lon="-16.67417">
        <ele>2160.7</ele>
      </trkpt>
      <trkpt lat="28.20552" lon="-16.67425">
        <ele>2160.4</ele>
      </trkpt>
      <trkpt lat="28.20554" lon="-16.67426">
        <ele>2160.4</ele>
      </trkpt>
      <trkpt lat="28.20559" lon="-16.674299">
        <ele>2160.2</ele>
      </trkpt>
      <trkpt lat="28.20564" lon="-16.67434">
        <ele>2160.0</ele>
      </trkpt>
      <trkpt lat="28.20568" lon="-16.67438">
        <ele>2159.8</ele>
      </trkpt>
      <trkpt lat="28.20581" lon="-16.67453">
        <ele>2159.0</ele>
      </trkpt>
      <trkpt lat="28.20589" lon="-16.67462">
        <ele>2159.4</ele>
      </trkpt>
      <trkpt lat="28.20593" lon="-16.674669">
        <ele>2159.7</ele>
      </trkpt>
      <trkpt lat="28.20595" lon="-16.6747">
        <ele>2159.8</ele>
      </trkpt>
      <trkpt lat="28.206" lon="-16.67476">
        <ele>2160.4</ele>
      </trkpt>
      <trkpt lat="28.20602" lon="-16.67481">
        <ele>2160.3</ele>
      </trkpt>
      <trkpt lat="28.20604" lon="-16.67484">
        <ele>2160.5</ele>
      </trkpt>
      <trkpt lat="28.20605" lon="-16.674859">
        <ele>2160.5</ele>
      </trkpt>
      <trkpt lat="28.20606" lon="-16.67489">
        <ele>2160.5</ele>
      </trkpt>
      <trkpt lat="28.20606" lon="-16.6749">
        <ele>2160.4</ele>
      </trkpt>
      <trkpt lat="28.20607" lon="-16.67492">
        <ele>2160.4</ele>
      </trkpt>
      <trkpt lat="28.20607" lon="-16.67494">
        <ele>2160.2</ele>
      </trkpt>
      <trkpt lat="28.20607" lon="-16.674949">
        <ele>2160.1</ele>
      </trkpt>
      <trkpt lat="28.20608" lon="-16.67499">
        <ele>2159.9</ele>
      </trkpt>
      <trkpt lat="28.20608" lon="-16.67503">
        <ele>2160.2</ele>
      </trkpt>
      <trkpt lat="28.20608" lon="-16.67507">
        <ele>2160.8</ele>
      </trkpt>
      <trkpt lat="28.20608" lon="-16.6751">
        <ele>2161.3</ele>
      </trkpt>
      <trkpt lat="28.20607" lon="-16.67512">
        <ele>2161.3</ele>
      </trkpt>
      <trkpt lat="28.20607" lon="-16.67517">
        <ele>2162.0</ele>
      </trkpt>
      <trkpt lat="28.20605" lon="-16.675239">
        <ele>2162.4</ele>
      </trkpt>
      <trkpt lat="28.20603" lon="-16.67529">
        <ele>2162.5</ele>
      </trkpt>
      <trkpt lat="28.20601" lon="-16.67535">
        <ele>2162.7</ele>
      </trkpt>
      <trkpt lat="28.20599" lon="-16.675419">
        <ele>2163.0</ele>
      </trkpt>
      <trkpt lat="28.20599" lon="-16.675429">
        <ele>2163.2</ele>
      </trkpt>
      <trkpt lat="28.20597" lon="-16.67546">
        <ele>2162.9</ele>
      </trkpt>
      <trkpt lat="28.20595" lon="-16.6755">
        <ele>2162.8</ele>
      </trkpt>
      <trkpt lat="28.20592" lon="-16.67555">
        <ele>2162.5</ele>
      </trkpt>
      <trkpt lat="28.20589" lon="-16.6756">
        <ele>2162.1</ele>
      </trkpt>
      <trkpt lat="28.20583" lon="-16.67567">
        <ele>2160.9</ele>
      </trkpt>
      <trkpt lat="28.20576" lon="-16.67574">
        <ele>2159.4</ele>
      </trkpt>
      <trkpt lat="28.20575" lon="-16.67575">
        <ele>2159.2</ele>
      </trkpt>
      <trkpt lat="28.20562" lon="-16.67587">
        <ele>2156.4</ele>
      </trkpt>
      <trkpt lat="28.20549" lon="-16.67601">
        <ele>2155.5</ele>
      </trkpt>
      <trkpt lat="28.20535" lon="-16.67614">
        <ele>2153.1</ele>
      </trkpt>
      <trkpt lat="28.20532" lon="-16.676169">
        <ele>2152.5</ele>
      </trkpt>
      <trkpt lat="28.20514" lon="-16.676359">
        <ele>2148.5</ele>
      </trkpt>
      <trkpt lat="28.20497" lon="-16.676549">
        <ele>2143.8</ele>
      </trkpt>
      <trkpt lat="28.20493" lon="-16.67661">
        <ele>2143.0</ele>
      </trkpt>
      <trkpt lat="28.20488" lon="-16.67667">
        <ele>2141.6</ele>
      </trkpt>
      <trkpt lat="28.20485" lon="-16.67672">
        <ele>2141.4</ele>
      </trkpt>
      <trkpt lat="28.20483" lon="-16.67676">
        <ele>2141.5</ele>
      </trkpt>
      <trkpt lat="28.20477" lon="-16.6769">
        <ele>2141.8</ele>
      </trkpt>
      <trkpt lat="28.20477" lon="-16.67691">
        <ele>2142.1</ele>
      </trkpt>
      <trkpt lat="28.20471" lon="-16.67705">
        <ele>2142.1</ele>
      </trkpt>
      <trkpt lat="28.20469" lon="-16.67709">
        <ele>2142.0</ele>
      </trkpt>
      <trkpt lat="28.20465" lon="-16.6772">
        <ele>2142.2</ele>
      </trkpt>
      <trkpt lat="28.20461" lon="-16.67727">
        <ele>2141.4</ele>
      </trkpt>
      <trkpt lat="28.20459" lon="-16.67732">
        <ele>2141.3</ele>
      </trkpt>
      <trkpt lat="28.20452" lon="-16.67745">
        <ele>2139.8</ele>
      </trkpt>
      <trkpt lat="28.20449" lon="-16.67751">
        <ele>2139.1</ele>
      </trkpt>
      <trkpt lat="28.20442" lon="-16.67762">
        <ele>2136.6</ele>
      </trkpt>
      <trkpt lat="28.20439" lon="-16.677679">
        <ele>2135.9</ele>
      </trkpt>
      <trkpt lat="28.20434" lon="-16.677769">
        <ele>2134.8</ele>
      </trkpt>
      <trkpt lat="28.20432" lon="-16.67779">
        <ele>2134.2</ele>
      </trkpt>
      <trkpt lat="28.20427" lon="-16.67785">
        <ele>2132.9</ele>
      </trkpt>
      <trkpt lat="28.20423" lon="-16.67792">
        <ele>2132.4</ele>
      </trkpt>
      <trkpt lat="28.20417" lon="-16.678">
        <ele>2131.5</ele>
      </trkpt>
      <trkpt lat="28.20404" lon="-16.678149">
        <ele>2128.5</ele>
      </trkpt>
      <trkpt lat="28.20397" lon="-16.678249">
        <ele>2127.1</ele>
      </trkpt>
      <trkpt lat="28.20396" lon="-16.678249">
        <ele>2126.6</ele>
      </trkpt>
      <trkpt lat="28.20389" lon="-16.678349">
        <ele>2124.6</ele>
      </trkpt>
      <trkpt lat="28.20378" lon="-16.67854">
        <ele>2118.3</ele>
      </trkpt>
      <trkpt lat="28.20376" lon="-16.67858">
        <ele>2117.2</ele>
      </trkpt>
      <trkpt lat="28.2037" lon="-16.6787">
        <ele>2114.3</ele>
      </trkpt>
      <trkpt lat="28.20367" lon="-16.67876">
        <ele>2113.0</ele>
      </trkpt>
      <trkpt lat="28.20364" lon="-16.67884">
        <ele>2111.8</ele>
      </trkpt>
      <trkpt lat="28.20362" lon="-16.678899">
        <ele>2111.1</ele>
      </trkpt>
      <trkpt lat="28.20361" lon="-16.67895">
        <ele>2110.8</ele>
      </trkpt>
      <trkpt lat="28.2036" lon="-16.678989">
        <ele>2110.5</ele>
      </trkpt>
      <trkpt lat="28.2036" lon="-16.67907">
        <ele>2110.6</ele>
      </trkpt>
      <trkpt lat="28.2036" lon="-16.67914">
        <ele>2110.7</ele>
      </trkpt>
      <trkpt lat="28.2036" lon="-16.67915">
        <ele>2110.7</ele>
      </trkpt>
      <trkpt lat="28.20361" lon="-16.6792">
        <ele>2110.0</ele>
      </trkpt>
      <trkpt lat="28.20363" lon="-16.67924">
        <ele>2109.3</ele>
      </trkpt>
      <trkpt lat="28.20364" lon="-16.679269">
        <ele>2108.7</ele>
      </trkpt>
      <trkpt lat="28.20367" lon="-16.67932">
        <ele>2107.9</ele>
      </trkpt>
      <trkpt lat="28.20368" lon="-16.67933">
        <ele>2107.8</ele>
      </trkpt>
      <trkpt lat="28.20369" lon="-16.67935">
        <ele>2107.4</ele>
      </trkpt>
      <trkpt lat="28.20373" lon="-16.679379">
        <ele>2107.4</ele>
      </trkpt>
      <trkpt lat="28.20379" lon="-16.67942">
        <ele>2107.4</ele>
      </trkpt>
      <trkpt lat="28.20383" lon="-16.67944">
        <ele>2107.5</ele>
      </trkpt>
      <trkpt lat="28.20384" lon="-16.67944">
        <ele>2107.7</ele>
      </trkpt>
      <trkpt lat="28.20394" lon="-16.679469">
        <ele>2108.6</ele>
      </trkpt>
      <trkpt lat="28.20401" lon="-16.67949">
        <ele>2109.2</ele>
      </trkpt>
      <trkpt lat="28.20405" lon="-16.6795">
        <ele>2109.6</ele>
      </trkpt>
      <trkpt lat="28.20413" lon="-16.67951">
        <ele>2110.7</ele>
      </trkpt>
      <trkpt lat="28.20419" lon="-16.67951">
        <ele>2111.2</ele>
      </trkpt>
      <trkpt lat="28.20421" lon="-16.67951">
        <ele>2111.0</ele>
      </trkpt>
      <trkpt lat="28.20431" lon="-16.67951">
        <ele>2110.3</ele>
      </trkpt>
      <trkpt lat="28.20435" lon="-16.67951">
        <ele>2110.1</ele>
      </trkpt>
      <trkpt lat="28.20439" lon="-16.6795">
        <ele>2110.3</ele>
      </trkpt>
      <trkpt lat="28.20443" lon="-16.67949">
        <ele>2110.4</ele>
      </trkpt>
      <trkpt lat="28.20447" lon="-16.679469">
        <ele>2111.1</ele>
      </trkpt>
      <trkpt lat="28.20463" lon="-16.679379">
        <ele>2114.2</ele>
      </trkpt>
      <trkpt lat="28.20469" lon="-16.67934">
        <ele>2115.7</ele>
      </trkpt>
      <trkpt lat="28.20475" lon="-16.6793">
        <ele>2117.2</ele>
      </trkpt>
      <trkpt lat="28.20479" lon="-16.679279">
        <ele>2117.9</ele>
      </trkpt>
      <trkpt lat="28.20485" lon="-16.679269">
        <ele>2118.0</ele>
      </trkpt>
      <trkpt lat="28.20486" lon="-16.679269">
        <ele>2117.9</ele>
      </trkpt>
      <trkpt lat="28.20491" lon="-16.679269">
        <ele>2117.6</ele>
      </trkpt>
      <trkpt lat="28.20496" lon="-16.679269">
        <ele>2117.3</ele>
      </trkpt>
      <trkpt lat="28.20503" lon="-16.67929">
        <ele>2116.2</ele>
      </trkpt>
      <trkpt lat="28.20504" lon="-16.6793">
        <ele>2115.8</ele>
      </trkpt>
      <trkpt lat="28.20513" lon="-16.67933">
        <ele>2114.8</ele>
      </trkpt>
      <trkpt lat="28.20521" lon="-16.67936">
        <ele>2113.9</ele>
      </trkpt>
      <trkpt lat="28.20533" lon="-16.67941">
        <ele>2112.5</ele>
      </trkpt>
      <trkpt lat="28.20538" lon="-16.67943">
        <ele>2112.0</ele>
      </trkpt>
      <trkpt lat="28.2056" lon="-16.67953">
        <ele>2109.8</ele>
      </trkpt>
      <trkpt lat="28.20574" lon="-16.67959">
        <ele>2108.9</ele>
      </trkpt>
      <trkpt lat="28.2058" lon="-16.67961">
        <ele>2108.8</ele>
      </trkpt>
      <trkpt lat="28.20585" lon="-16.67964">
        <ele>2108.3</ele>
      </trkpt>
      <trkpt lat="28.20588" lon="-16.679659">
        <ele>2107.9</ele>
      </trkpt>
      <trkpt lat="28.20591" lon="-16.67968">
        <ele>2107.6</ele>
      </trkpt>
      <trkpt lat="28.20594" lon="-16.6797">
        <ele>2107.2</ele>
      </trkpt>
      <trkpt lat="28.20597" lon="-16.67973">
        <ele>2106.5</ele>
      </trkpt>
      <trkpt lat="28.20602" lon="-16.67978">
        <ele>2105.4</ele>
      </trkpt>
      <trkpt lat="28.20602" lon="-16.67979">
        <ele>2105.0</ele>
      </trkpt>
      <trkpt lat="28.20604" lon="-16.679829">
        <ele>2103.9</ele>
      </trkpt>
      <trkpt lat="28.20605" lon="-16.67986">
        <ele>2103.0</ele>
      </trkpt>
      <trkpt lat="28.20608" lon="-16.67991">
        <ele>2101.7</ele>
      </trkpt>
      <trkpt lat="28.20609" lon="-16.67995">
        <ele>2100.4</ele>
      </trkpt>
      <trkpt lat="28.20609" lon="-16.67997">
        <ele>2099.8</ele>
      </trkpt>
      <trkpt lat="28.2061" lon="-16.67998">
        <ele>2099.6</ele>
      </trkpt>
      <trkpt lat="28.20612" lon="-16.6801">
        <ele>2096.5</ele>
      </trkpt>
      <trkpt lat="28.20615" lon="-16.68027">
        <ele>2092.4</ele>
      </trkpt>
      <trkpt lat="28.20616" lon="-16.68037">
        <ele>2089.9</ele>
      </trkpt>
      <trkpt lat="28.20619" lon="-16.680589">
        <ele>2084.3</ele>
      </trkpt>
      <trkpt lat="28.2062" lon="-16.68065">
        <ele>2082.7</ele>
      </trkpt>
      <trkpt lat="28.20621" lon="-16.68075">
        <ele>2080.1</ele>
      </trkpt>
      <trkpt lat="28.2062" lon="-16.680769">
        <ele>2079.6</ele>
      </trkpt>
      <trkpt lat="28.2062" lon="-16.68085">
        <ele>2077.7</ele>
      </trkpt>
      <trkpt lat="28.20619" lon="-16.680969">
        <ele>2076.7</ele>
      </trkpt>
      <trkpt lat="28.20618" lon="-16.68098">
        <ele>2076.6</ele>
      </trkpt>
      <trkpt lat="28.20617" lon="-16.681059">
        <ele>2076.0</ele>
      </trkpt>
      <trkpt lat="28.20616" lon="-16.68114">
        <ele>2075.5</ele>
      </trkpt>
      <trkpt lat="28.20616" lon="-16.68118">
        <ele>2075.2</ele>
      </trkpt>
      <trkpt lat="28.20616" lon="-16.68121">
        <ele>2075.0</ele>
      </trkpt>
      <trkpt lat="28.20616" lon="-16.68129">
        <ele>2074.4</ele>
      </trkpt>
      <trkpt lat="28.20618" lon="-16.68136">
        <ele>2073.6</ele>
      </trkpt>
      <trkpt lat="28.20619" lon="-16.68138">
        <ele>2073.3</ele>
      </trkpt>
      <trkpt lat="28.2062" lon="-16.68141">
        <ele>2072.9</ele>
      </trkpt>
      <trkpt lat="28.20622" lon="-16.681429">
        <ele>2072.4</ele>
      </trkpt>
      <trkpt lat="28.20623" lon="-16.68145">
        <ele>2072.0</ele>
      </trkpt>
      <trkpt lat="28.20625" lon="-16.68146">
        <ele>2071.6</ele>
      </trkpt>
      <trkpt lat="28.20628" lon="-16.68148">
        <ele>2070.9</ele>
      </trkpt>
      <trkpt lat="28.2063" lon="-16.68148">
        <ele>2070.5</ele>
      </trkpt>
      <trkpt lat="28.20633" lon="-16.68149">
        <ele>2069.9</ele>
      </trkpt>
      <trkpt lat="28.20635" lon="-16.68149">
        <ele>2069.6</ele>
      </trkpt>
      <trkpt lat="28.20637" lon="-16.68148">
        <ele>2069.3</ele>
      </trkpt>
      <trkpt lat="28.20643" lon="-16.68146">
        <ele>2068.6</ele>
      </trkpt>
      <trkpt lat="28.20648" lon="-16.681429">
        <ele>2068.3</ele>
      </trkpt>
      <trkpt lat="28.20649" lon="-16.68141">
        <ele>2068.5</ele>
      </trkpt>
      <trkpt lat="28.20652" lon="-16.68138">
        <ele>2068.6</ele>
      </trkpt>
      <trkpt lat="28.20655" lon="-16.68133">
        <ele>2069.1</ele>
      </trkpt>
      <trkpt lat="28.20659" lon="-16.68126">
        <ele>2070.1</ele>
      </trkpt>
      <trkpt lat="28.2066" lon="-16.681249">
        <ele>2070.2</ele>
      </trkpt>
      <trkpt lat="28.20664" lon="-16.681159">
        <ele>2071.8</ele>
      </trkpt>
      <trkpt lat="28.20667" lon="-16.68108">
        <ele>2073.2</ele>
      </trkpt>
      <trkpt lat="28.20668" lon="-16.681069">
        <ele>2073.0</ele>
      </trkpt>
      <trkpt lat="28.20669" lon="-16.68102">
        <ele>2073.7</ele>
      </trkpt>
      <trkpt lat="28.20672" lon="-16.68091">
        <ele>2075.0</ele>
      </trkpt>
      <trkpt lat="28.20673" lon="-16.680869">
        <ele>2075.5</ele>
      </trkpt>
      <trkpt lat="28.20675" lon="-16.680769">
        <ele>2077.5</ele>
      </trkpt>
      <trkpt lat="28.20677" lon="-16.680689">
        <ele>2079.2</ele>
      </trkpt>
      <trkpt lat="28.20677" lon="-16.68067">
        <ele>2079.9</ele>
      </trkpt>
      <trkpt lat="28.20678" lon="-16.68061">
        <ele>2081.4</ele>
      </trkpt>
      <trkpt lat="28.2068" lon="-16.68054">
        <ele>2082.8</ele>
      </trkpt>
      <trkpt lat="28.20681" lon="-16.68051">
        <ele>2083.4</ele>
      </trkpt>
      <trkpt lat="28.20682" lon="-16.68048">
        <ele>2084.0</ele>
      </trkpt>
      <trkpt lat="28.20684" lon="-16.68045">
        <ele>2084.2</ele>
      </trkpt>
      <trkpt lat="28.20686" lon="-16.68043">
        <ele>2084.0</ele>
      </trkpt>
      <trkpt lat="28.20687" lon="-16.680409">
        <ele>2084.3</ele>
      </trkpt>
      <trkpt lat="28.2069" lon="-16.68038">
        <ele>2084.1</ele>
      </trkpt>
      <trkpt lat="28.20696" lon="-16.68035">
        <ele>2082.8</ele>
      </trkpt>
      <trkpt lat="28.20711" lon="-16.68025">
        <ele>2080.4</ele>
      </trkpt>
      <trkpt lat="28.20727" lon="-16.68015">
        <ele>2077.9</ele>
      </trkpt>
      <trkpt lat="28.20728" lon="-16.68015">
        <ele>2077.6</ele>
      </trkpt>
      <trkpt lat="28.20743" lon="-16.68006">
        <ele>2075.3</ele>
      </trkpt>
      <trkpt lat="28.20759" lon="-16.67996">
        <ele>2076.1</ele>
      </trkpt>
      <trkpt lat="28.20775" lon="-16.67987">
        <ele>2079.0</ele>
      </trkpt>
      <trkpt lat="28.20779" lon="-16.679839">
        <ele>2080.1</ele>
      </trkpt>
      <trkpt lat="28.20785" lon="-16.67981">
        <ele>2081.1</ele>
      </trkpt>
      <trkpt lat="28.2079" lon="-16.67979">
        <ele>2081.8</ele>
      </trkpt>
      <trkpt lat="28.20791" lon="-16.67978">
        <ele>2082.2</ele>
      </trkpt>
      <trkpt lat="28.20792" lon="-16.67978">
        <ele>2082.2</ele>
      </trkpt>
      <trkpt lat="28.20794" lon="-16.67977">
        <ele>2082.6</ele>
      </trkpt>
      <trkpt lat="28.20797" lon="-16.67977">
        <ele>2082.6</ele>
      </trkpt>
      <trkpt lat="28.208" lon="-16.67976">
        <ele>2082.9</ele>
      </trkpt>
      <trkpt lat="28.20804" lon="-16.67976">
        <ele>2082.9</ele>
      </trkpt>
      <trkpt lat="28.20809" lon="-16.67977">
        <ele>2082.4</ele>
      </trkpt>
      <trkpt lat="28.20812" lon="-16.67978">
        <ele>2082.0</ele>
      </trkpt>
      <trkpt lat="28.20815" lon="-16.67979">
        <ele>2081.5</ele>
      </trkpt>
      <trkpt lat="28.20818" lon="-16.67981">
        <ele>2080.7</ele>
      </trkpt>
      <trkpt lat="28.20824" lon="-16.679849">
        <ele>2078.8</ele>
      </trkpt>
      <trkpt lat="28.20825" lon="-16.67986">
        <ele>2078.4</ele>
      </trkpt>
      <trkpt lat="28.2084" lon="-16.67997">
        <ele>2073.9</ele>
      </trkpt>
      <trkpt lat="28.20844" lon="-16.68">
        <ele>2072.9</ele>
      </trkpt>
      <trkpt lat="28.20851" lon="-16.68005">
        <ele>2071.0</ele>
      </trkpt>
      <trkpt lat="28.20855" lon="-16.68008">
        <ele>2069.9</ele>
      </trkpt>
      <trkpt lat="28.20859" lon="-16.6801">
        <ele>2069.2</ele>
      </trkpt>
      <trkpt lat="28.20863" lon="-16.680119">
        <ele>2068.5</ele>
      </trkpt>
      <trkpt lat="28.20868" lon="-16.68015">
        <ele>2067.5</ele>
      </trkpt>
      <trkpt lat="28.20871" lon="-16.68016">
        <ele>2067.2</ele>
      </trkpt>
      <trkpt lat="28.20873" lon="-16.68017">
        <ele>2066.9</ele>
      </trkpt>
      <trkpt lat="28.20879" lon="-16.68019">
        <ele>2066.4</ele>
      </trkpt>
      <trkpt lat="28.20886" lon="-16.6802">
        <ele>2066.4</ele>
      </trkpt>
      <trkpt lat="28.20889" lon="-16.680209">
        <ele>2066.2</ele>
      </trkpt>
      <trkpt lat="28.20893" lon="-16.680209">
        <ele>2066.5</ele>
      </trkpt>
      <trkpt lat="28.209" lon="-16.680209">
        <ele>2067.1</ele>
      </trkpt>
      <trkpt lat="28.20907" lon="-16.6802">
        <ele>2068.1</ele>
      </trkpt>
      <trkpt lat="28.20917" lon="-16.68019">
        <ele>2069.5</ele>
      </trkpt>
      <trkpt lat="28.20923" lon="-16.68018">
        <ele>2070.4</ele>
      </trkpt>
      <trkpt lat="28.20925" lon="-16.68018">
        <ele>2070.5</ele>
      </trkpt>
      <trkpt lat="28.20933" lon="-16.68017">
        <ele>2071.6</ele>
      </trkpt>
      <trkpt lat="28.20939" lon="-16.68016">
        <ele>2072.6</ele>
      </trkpt>
      <trkpt lat="28.20946" lon="-16.68016">
        <ele>2073.1</ele>
      </trkpt>
      <trkpt lat="28.20952" lon="-16.68017">
        <ele>2073.0</ele>
      </trkpt>
      <trkpt lat="28.20958" lon="-16.68018">
        <ele>2072.9</ele>
      </trkpt>
      <trkpt lat="28.2096" lon="-16.68018">
        <ele>2073.0</ele>
      </trkpt>
      <trkpt lat="28.20979" lon="-16.68023">
        <ele>2071.6</ele>
      </trkpt>
      <trkpt lat="28.20995" lon="-16.68028">
        <ele>2069.9</ele>
      </trkpt>
      <trkpt lat="28.21009" lon="-16.68033">
        <ele>2067.8</ele>
      </trkpt>
      <trkpt lat="28.21013" lon="-16.68034">
        <ele>2067.4</ele>
      </trkpt>
      <trkpt lat="28.21029" lon="-16.68039">
        <ele>2065.1</ele>
      </trkpt>
      <trkpt lat="28.21046" lon="-16.68044">
        <ele>2062.8</ele>
      </trkpt>
      <trkpt lat="28.21047" lon="-16.68044">
        <ele>2062.8</ele>
      </trkpt>
      <trkpt lat="28.21054" lon="-16.68045">
        <ele>2062.4</ele>
      </trkpt>
      <trkpt lat="28.21065" lon="-16.68046">
        <ele>2062.2</ele>
      </trkpt>
      <trkpt lat="28.21074" lon="-16.68046">
        <ele>2062.5</ele>
      </trkpt>
      <trkpt lat="28.21083" lon="-16.68046">
        <ele>2062.7</ele>
      </trkpt>
      <trkpt lat="28.21099" lon="-16.68046">
        <ele>2062.8</ele>
      </trkpt>
      <trkpt lat="28.21101" lon="-16.68046">
        <ele>2062.8</ele>
      </trkpt>
      <trkpt lat="28.21112" lon="-16.68046">
        <ele>2062.9</ele>
      </trkpt>
      <trkpt lat="28.21119" lon="-16.68046">
        <ele>2062.9</ele>
      </trkpt>
      <trkpt lat="28.21121" lon="-16.68046">
        <ele>2062.9</ele>
      </trkpt>
      <trkpt lat="28.21127" lon="-16.68047">
        <ele>2062.4</ele>
      </trkpt>
      <trkpt lat="28.21134" lon="-16.68048">
        <ele>2061.8</ele>
      </trkpt>
      <trkpt lat="28.21137" lon="-16.680489">
        <ele>2061.3</ele>
      </trkpt>
      <trkpt lat="28.21141" lon="-16.68051">
        <ele>2060.2</ele>
      </trkpt>
      <trkpt lat="28.21149" lon="-16.68054">
        <ele>2058.6</ele>
      </trkpt>
      <trkpt lat="28.21154" lon="-16.68056">
        <ele>2057.6</ele>
      </trkpt>
      <trkpt lat="28.21156" lon="-16.68057">
        <ele>2057.0</ele>
      </trkpt>
      <trkpt lat="28.21164" lon="-16.68061">
        <ele>2055.0</ele>
      </trkpt>
      <trkpt lat="28.2117" lon="-16.68064">
        <ele>2053.7</ele>
      </trkpt>
      <trkpt lat="28.21178" lon="-16.680679">
        <ele>2052.2</ele>
      </trkpt>
      <trkpt lat="28.21187" lon="-16.68072">
        <ele>2050.9</ele>
      </trkpt>
      <trkpt lat="28.21204" lon="-16.6808">
        <ele>2048.9</ele>
      </trkpt>
      <trkpt lat="28.2121" lon="-16.68083">
        <ele>2048.3</ele>
      </trkpt>
      <trkpt lat="28.21217" lon="-16.68086">
        <ele>2048.9</ele>
      </trkpt>
      <trkpt lat="28.2122" lon="-16.680869">
        <ele>2049.2</ele>
      </trkpt>
      <trkpt lat="28.21231" lon="-16.68092">
        <ele>2050.4</ele>
      </trkpt>
      <trkpt lat="28.21237" lon="-16.68094">
        <ele>2051.1</ele>
      </trkpt>
      <trkpt lat="28.21244" lon="-16.680959">
        <ele>2051.9</ele>
      </trkpt>
      <trkpt lat="28.21249" lon="-16.680969">
        <ele>2052.5</ele>
      </trkpt>
      <trkpt lat="28.21252" lon="-16.680969">
        <ele>2052.4</ele>
      </trkpt>
      <trkpt lat="28.21255" lon="-16.68098">
        <ele>2052.0</ele>
      </trkpt>
      <trkpt lat="28.2126" lon="-16.68098">
        <ele>2051.3</ele>
      </trkpt>
      <trkpt lat="28.21267" lon="-16.68099">
        <ele>2050.3</ele>
      </trkpt>
      <trkpt lat="28.21274" lon="-16.681">
        <ele>2049.3</ele>
      </trkpt>
      <trkpt lat="28.21286" lon="-16.681">
        <ele>2047.7</ele>
      </trkpt>
      <trkpt lat="28.21297" lon="-16.681">
        <ele>2046.2</ele>
      </trkpt>
      <trkpt lat="28.21304" lon="-16.68099">
        <ele>2045.2</ele>
      </trkpt>
      <trkpt lat="28.21311" lon="-16.680969">
        <ele>2044.2</ele>
      </trkpt>
      <trkpt lat="28.21316" lon="-16.680959">
        <ele>2043.6</ele>
      </trkpt>
      <trkpt lat="28.2132" lon="-16.68094">
        <ele>2043.0</ele>
      </trkpt>
      <trkpt lat="28.21321" lon="-16.68093">
        <ele>2042.8</ele>
      </trkpt>
      <trkpt lat="28.21324" lon="-16.68092">
        <ele>2042.4</ele>
      </trkpt>
      <trkpt lat="28.2133" lon="-16.68089">
        <ele>2041.5</ele>
      </trkpt>
      <trkpt lat="28.21335" lon="-16.68086">
        <ele>2040.9</ele>
      </trkpt>
      <trkpt lat="28.21346" lon="-16.680779">
        <ele>2041.1</ele>
      </trkpt>
      <trkpt lat="28.21352" lon="-16.68073">
        <ele>2041.4</ele>
      </trkpt>
      <trkpt lat="28.21354" lon="-16.68071">
        <ele>2041.5</ele>
      </trkpt>
      <trkpt lat="28.21357" lon="-16.680679">
        <ele>2041.7</ele>
      </trkpt>
      <trkpt lat="28.21363" lon="-16.68062">
        <ele>2041.9</ele>
      </trkpt>
      <trkpt lat="28.21367" lon="-16.68057">
        <ele>2042.0</ele>
      </trkpt>
      <trkpt lat="28.21368" lon="-16.68057">
        <ele>2041.9</ele>
      </trkpt>
      <trkpt lat="28.21372" lon="-16.68052">
        <ele>2041.9</ele>
      </trkpt>
      <trkpt lat="28.21376" lon="-16.68045">
        <ele>2042.0</ele>
      </trkpt>
      <trkpt lat="28.21378" lon="-16.680409">
        <ele>2042.1</ele>
      </trkpt>
      <trkpt lat="28.21381" lon="-16.68035">
        <ele>2042.1</ele>
      </trkpt>
      <trkpt lat="28.21386" lon="-16.68026">
        <ele>2041.9</ele>
      </trkpt>
      <trkpt lat="28.21389" lon="-16.68016">
        <ele>2042.0</ele>
      </trkpt>
      <trkpt lat="28.21393" lon="-16.68005">
        <ele>2041.7</ele>
      </trkpt>
      <trkpt lat="28.21397" lon="-16.67991">
        <ele>2041.3</ele>
      </trkpt>
      <trkpt lat="28.21398" lon="-16.679849">
        <ele>2041.3</ele>
      </trkpt>
      <trkpt lat="28.21399" lon="-16.67979">
        <ele>2041.3</ele>
      </trkpt>
      <trkpt lat="28.21399" lon="-16.67977">
        <ele>2041.4</ele>
      </trkpt>
      <trkpt lat="28.21402" lon="-16.67963">
        <ele>2041.0</ele>
      </trkpt>
      <trkpt lat="28.21402" lon="-16.67959">
        <ele>2041.1</ele>
      </trkpt>
      <trkpt lat="28.21404" lon="-16.67936">
        <ele>2041.2</ele>
      </trkpt>
      <trkpt lat="28.21405" lon="-16.679179">
        <ele>2041.4</ele>
      </trkpt>
      <trkpt lat="28.2141" lon="-16.67857">
        <ele>2039.4</ele>
      </trkpt>
      <trkpt lat="28.21413" lon="-16.678149">
        <ele>2038.2</ele>
      </trkpt>
      <trkpt lat="28.21414" lon="-16.67807">
        <ele>2037.8</ele>
      </trkpt>
      <trkpt lat="28.21415" lon="-16.67795">
        <ele>2037.5</ele>
      </trkpt>
      <trkpt lat="28.21417" lon="-16.67775">
        <ele>2037.0</ele>
      </trkpt>
      <trkpt lat="28.21417" lon="-16.6777">
        <ele>2037.0</ele>
      </trkpt>
      <trkpt lat="28.21419" lon="-16.67755">
        <ele>2036.8</ele>
      </trkpt>
      <trkpt lat="28.21421" lon="-16.67734">
        <ele>2036.3</ele>
      </trkpt>
      <trkpt lat="28.21421" lon="-16.67725">
        <ele>2036.1</ele>
      </trkpt>
      <trkpt lat="28.21423" lon="-16.67714">
        <ele>2035.7</ele>
      </trkpt>
      <trkpt lat="28.21425" lon="-16.676939">
        <ele>2035.2</ele>
      </trkpt>
      <trkpt lat="28.21427" lon="-16.676739">
        <ele>2034.6</ele>
      </trkpt>
      <trkpt lat="28.21429" lon="-16.67658">
        <ele>2034.2</ele>
      </trkpt>
      <trkpt lat="28.21432" lon="-16.67633">
        <ele>2033.5</ele>
      </trkpt>
      <trkpt lat="28.21435" lon="-16.6761">
        <ele>2032.9</ele>
      </trkpt>
      <trkpt lat="28.21438" lon="-16.67579">
        <ele>2032.3</ele>
      </trkpt>
      <trkpt lat="28.21441" lon="-16.67558">
        <ele>2032.4</ele>
      </trkpt>
      <trkpt lat="28.21443" lon="-16.67538">
        <ele>2032.6</ele>
      </trkpt>
      <trkpt lat="28.2145" lon="-16.67475">
        <ele>2033.4</ele>
      </trkpt>
      <trkpt lat="28.21455" lon="-16.67437">
        <ele>2034.1</ele>
      </trkpt>
      <trkpt lat="28.21457" lon="-16.67417">
        <ele>2034.5</ele>
      </trkpt>
      <trkpt lat="28.21459" lon="-16.67397">
        <ele>2034.7</ele>
      </trkpt>
      <trkpt lat="28.21462" lon="-16.67376">
        <ele>2034.9</ele>
      </trkpt>
      <trkpt lat="28.21464" lon="-16.67357">
        <ele>2035.0</ele>
      </trkpt>
      <trkpt lat="28.21464" lon="-16.673559">
        <ele>2035.0</ele>
      </trkpt>
      <trkpt lat="28.21467" lon="-16.673359">
        <ele>2035.2</ele>
      </trkpt>
      <trkpt lat="28.21469" lon="-16.67316">
        <ele>2035.1</ele>
      </trkpt>
      <trkpt lat="28.21472" lon="-16.67295">
        <ele>2035.0</ele>
      </trkpt>
      <trkpt lat="28.21474" lon="-16.67277">
        <ele>2034.9</ele>
      </trkpt>
      <trkpt lat="28.21474" lon="-16.67275">
        <ele>2034.9</ele>
      </trkpt>
      <trkpt lat="28.21477" lon="-16.672619">
        <ele>2034.8</ele>
      </trkpt>
      <trkpt lat="28.21481" lon="-16.67249">
        <ele>2034.7</ele>
      </trkpt>
      <trkpt lat="28.21485" lon="-16.67236">
        <ele>2034.2</ele>
      </trkpt>
      <trkpt lat="28.2149" lon="-16.67222">
        <ele>2033.7</ele>
      </trkpt>
      <trkpt lat="28.21495" lon="-16.67213">
        <ele>2033.3</ele>
      </trkpt>
      <trkpt lat="28.215" lon="-16.67204">
        <ele>2032.9</ele>
      </trkpt>
      <trkpt lat="28.21502" lon="-16.672">
        <ele>2032.8</ele>
      </trkpt>
      <trkpt lat="28.21518" lon="-16.671759">
        <ele>2032.0</ele>
      </trkpt>
      <trkpt lat="28.21523" lon="-16.671679">
        <ele>2031.7</ele>
      </trkpt>
      <trkpt lat="28.21542" lon="-16.67141">
        <ele>2031.6</ele>
      </trkpt>
      <trkpt lat="28.21562" lon="-16.67114">
        <ele>2030.8</ele>
      </trkpt>
      <trkpt lat="28.21572" lon="-16.67097">
        <ele>2030.0</ele>
      </trkpt>
      <trkpt lat="28.21578" lon="-16.67087">
        <ele>2029.5</ele>
      </trkpt>
      <trkpt lat="28.21582" lon="-16.6708">
        <ele>2029.0</ele>
      </trkpt>
      <trkpt lat="28.21585" lon="-16.67072">
        <ele>2028.8</ele>
      </trkpt>
      <trkpt lat="28.21591" lon="-16.67059">
        <ele>2028.6</ele>
      </trkpt>
      <trkpt lat="28.21594" lon="-16.6705">
        <ele>2028.4</ele>
      </trkpt>
      <trkpt lat="28.21595" lon="-16.67043">
        <ele>2028.3</ele>
      </trkpt>
      <trkpt lat="28.21597" lon="-16.67035">
        <ele>2028.2</ele>
      </trkpt>
      <trkpt lat="28.21598" lon="-16.6703">
        <ele>2028.1</ele>
      </trkpt>
      <trkpt lat="28.21598" lon="-16.67029">
        <ele>2028.1</ele>
      </trkpt>
      <trkpt lat="28.21599" lon="-16.67022">
        <ele>2028.0</ele>
      </trkpt>
      <trkpt lat="28.216" lon="-16.67011">
        <ele>2027.8</ele>
      </trkpt>
      <trkpt lat="28.216" lon="-16.670069">
        <ele>2027.7</ele>
      </trkpt>
      <trkpt lat="28.216" lon="-16.67001">
        <ele>2027.6</ele>
      </trkpt>
      <trkpt lat="28.216" lon="-16.66996">
        <ele>2027.5</ele>
      </trkpt>
      <trkpt lat="28.21599" lon="-16.669899">
        <ele>2027.3</ele>
      </trkpt>
      <trkpt lat="28.21599" lon="-16.66985">
        <ele>2027.2</ele>
      </trkpt>
      <trkpt lat="28.21598" lon="-16.669799">
        <ele>2027.0</ele>
      </trkpt>
      <trkpt lat="28.21597" lon="-16.669709">
        <ele>2026.7</ele>
      </trkpt>
      <trkpt lat="28.21596" lon="-16.66963">
        <ele>2026.5</ele>
      </trkpt>
      <trkpt lat="28.21594" lon="-16.66954">
        <ele>2026.2</ele>
      </trkpt>
      <trkpt lat="28.21592" lon="-16.66947">
        <ele>2026.0</ele>
      </trkpt>
      <trkpt lat="28.21589" lon="-16.66938">
        <ele>2025.7</ele>
      </trkpt>
      <trkpt lat="28.21586" lon="-16.6693">
        <ele>2025.4</ele>
      </trkpt>
      <trkpt lat="28.21582" lon="-16.66918">
        <ele>2025.1</ele>
      </trkpt>
      <trkpt lat="28.2158" lon="-16.66911">
        <ele>2025.3</ele>
      </trkpt>
      <trkpt lat="28.21573" lon="-16.66892">
        <ele>2025.7</ele>
      </trkpt>
      <trkpt lat="28.21567" lon="-16.66873">
        <ele>2025.9</ele>
      </trkpt>
      <trkpt lat="28.2154" lon="-16.668">
        <ele>2026.8</ele>
      </trkpt>
      <trkpt lat="28.2154" lon="-16.66798">
        <ele>2026.9</ele>
      </trkpt>
      <trkpt lat="28.21506" lon="-16.66703">
        <ele>2028.5</ele>
      </trkpt>
      <trkpt lat="28.21502" lon="-16.666889">
        <ele>2028.3</ele>
      </trkpt>
      <trkpt lat="28.21496" lon="-16.66675">
        <ele>2029.2</ele>
      </trkpt>
      <trkpt lat="28.21484" lon="-16.66638">
        <ele>2031.0</ele>
      </trkpt>
      <trkpt lat="28.21443" lon="-16.66523">
        <ele>2027.5</ele>
      </trkpt>
      <trkpt lat="28.2144" lon="-16.66513">
        <ele>2026.9</ele>
      </trkpt>
      <trkpt lat="28.21433" lon="-16.66494">
        <ele>2025.8</ele>
      </trkpt>
      <trkpt lat="28.21426" lon="-16.66475">
        <ele>2024.9</ele>
      </trkpt>
      <trkpt lat="28.2142" lon="-16.66456">
        <ele>2024.0</ele>
      </trkpt>
      <trkpt lat="28.21413" lon="-16.66437">
        <ele>2023.8</ele>
      </trkpt>
      <trkpt lat="28.21408" lon="-16.66423">
        <ele>2024.0</ele>
      </trkpt>
      <trkpt lat="28.21406" lon="-16.66419">
        <ele>2024.2</ele>
      </trkpt>
      <trkpt lat="28.214" lon="-16.664">
        <ele>2025.9</ele>
      </trkpt>
      <trkpt lat="28.21379" lon="-16.66343">
        <ele>2029.7</ele>
      </trkpt>
      <trkpt lat="28.21373" lon="-16.663239">
        <ele>2030.3</ele>
      </trkpt>
      <trkpt lat="28.2137" lon="-16.66317">
        <ele>2030.5</ele>
      </trkpt>
      <trkpt lat="28.21366" lon="-16.663049">
        <ele>2030.8</ele>
      </trkpt>
      <trkpt lat="28.21359" lon="-16.662859">
        <ele>2031.1</ele>
      </trkpt>
      <trkpt lat="28.21353" lon="-16.662669">
        <ele>2031.2</ele>
      </trkpt>
      <trkpt lat="28.21348" lon="-16.66253">
        <ele>2031.2</ele>
      </trkpt>
      <trkpt lat="28.21339" lon="-16.662289">
        <ele>2031.6</ele>
      </trkpt>
      <trkpt lat="28.21334" lon="-16.66215">
        <ele>2031.8</ele>
      </trkpt>
      <trkpt lat="28.21333" lon="-16.662099">
        <ele>2032.0</ele>
      </trkpt>
      <trkpt lat="28.21326" lon="-16.661909">
        <ele>2033.1</ele>
      </trkpt>
      <trkpt lat="28.21319" lon="-16.661719">
        <ele>2034.4</ele>
      </trkpt>
      <trkpt lat="28.21312" lon="-16.661529">
        <ele>2035.5</ele>
      </trkpt>
      <trkpt lat="28.2131" lon="-16.66146">
        <ele>2035.8</ele>
      </trkpt>
      <trkpt lat="28.21293" lon="-16.66099">
        <ele>2038.6</ele>
      </trkpt>
      <trkpt lat="28.21287" lon="-16.66083">
        <ele>2039.5</ele>
      </trkpt>
      <trkpt lat="28.21285" lon="-16.660779">
        <ele>2039.4</ele>
      </trkpt>
      <trkpt lat="28.21284" lon="-16.66076">
        <ele>2039.3</ele>
      </trkpt>
      <trkpt lat="28.21281" lon="-16.660689">
        <ele>2039.0</ele>
      </trkpt>
      <trkpt lat="28.21277" lon="-16.66062">
        <ele>2038.8</ele>
      </trkpt>
      <trkpt lat="28.2126" lon="-16.660309">
        <ele>2036.6</ele>
      </trkpt>
      <trkpt lat="28.21247" lon="-16.66009">
        <ele>2034.4</ele>
      </trkpt>
      <trkpt lat="28.21238" lon="-16.65991">
        <ele>2033.8</ele>
      </trkpt>
      <trkpt lat="28.21218" lon="-16.659569">
        <ele>2034.9</ele>
      </trkpt>
      <trkpt lat="28.21216" lon="-16.65953">
        <ele>2035.0</ele>
      </trkpt>
      <trkpt lat="28.21209" lon="-16.6594">
        <ele>2035.2</ele>
      </trkpt>
      <trkpt lat="28.21189" lon="-16.65905">
        <ele>2035.7</ele>
      </trkpt>
      <trkpt lat="28.2118" lon="-16.65888">
        <ele>2035.6</ele>
      </trkpt>
      <trkpt lat="28.21151" lon="-16.658359">
        <ele>2036.3</ele>
      </trkpt>
      <trkpt lat="28.21141" lon="-16.65819">
        <ele>2036.8</ele>
      </trkpt>
      <trkpt lat="28.2114" lon="-16.65818">
        <ele>2036.8</ele>
      </trkpt>
      <trkpt lat="28.21131" lon="-16.65802">
        <ele>2036.7</ele>
      </trkpt>
      <trkpt lat="28.21122" lon="-16.65785">
        <ele>2036.2</ele>
      </trkpt>
      <trkpt lat="28.21109" lon="-16.65764">
        <ele>2035.2</ele>
      </trkpt>
      <trkpt lat="28.21102" lon="-16.657499">
        <ele>2034.1</ele>
      </trkpt>
      <trkpt lat="28.21096" lon="-16.65737">
        <ele>2034.2</ele>
      </trkpt>
      <trkpt lat="28.21094" lon="-16.657319">
        <ele>2034.2</ele>
      </trkpt>
      <trkpt lat="28.21087" lon="-16.65716">
        <ele>2034.1</ele>
      </trkpt>
      <trkpt lat="28.21084" lon="-16.6571">
        <ele>2034.0</ele>
      </trkpt>
      <trkpt lat="28.21083" lon="-16.65705">
        <ele>2034.0</ele>
      </trkpt>
      <trkpt lat="28.21081" lon="-16.65701">
        <ele>2034.1</ele>
      </trkpt>
      <trkpt lat="28.2108" lon="-16.656949">
        <ele>2034.1</ele>
      </trkpt>
      <trkpt lat="28.21079" lon="-16.6569">
        <ele>2034.0</ele>
      </trkpt>
      <trkpt lat="28.21078" lon="-16.656839">
        <ele>2034.0</ele>
      </trkpt>
      <trkpt lat="28.21077" lon="-16.65678">
        <ele>2033.9</ele>
      </trkpt>
      <trkpt lat="28.21076" lon="-16.656749">
        <ele>2033.9</ele>
      </trkpt>
      <trkpt lat="28.21076" lon="-16.65672">
        <ele>2033.8</ele>
      </trkpt>
      <trkpt lat="28.21075" lon="-16.65661">
        <ele>2033.5</ele>
      </trkpt>
      <trkpt lat="28.21075" lon="-16.656559">
        <ele>2033.4</ele>
      </trkpt>
      <trkpt lat="28.21075" lon="-16.65654">
        <ele>2033.4</ele>
      </trkpt>
      <trkpt lat="28.21075" lon="-16.65649">
        <ele>2033.2</ele>
      </trkpt>
      <trkpt lat="28.21075" lon="-16.65644">
        <ele>2033.1</ele>
      </trkpt>
      <trkpt lat="28.21076" lon="-16.65634">
        <ele>2032.8</ele>
      </trkpt>
      <trkpt lat="28.21077" lon="-16.65625">
        <ele>2032.5</ele>
      </trkpt>
      <trkpt lat="28.2108" lon="-16.65594">
        <ele>2031.5</ele>
      </trkpt>
      <trkpt lat="28.21082" lon="-16.655729">
        <ele>2030.7</ele>
      </trkpt>
      <trkpt lat="28.21085" lon="-16.655529">
        <ele>2029.9</ele>
      </trkpt>
      <trkpt lat="28.21086" lon="-16.655439">
        <ele>2029.6</ele>
      </trkpt>
      <trkpt lat="28.21087" lon="-16.65533">
        <ele>2029.2</ele>
      </trkpt>
      <trkpt lat="28.21093" lon="-16.65472">
        <ele>2026.7</ele>
      </trkpt>
      <trkpt lat="28.21095" lon="-16.65452">
        <ele>2025.7</ele>
      </trkpt>
      <trkpt lat="28.21097" lon="-16.65436">
        <ele>2024.9</ele>
      </trkpt>
      <trkpt lat="28.21098" lon="-16.6542">
        <ele>2024.2</ele>
      </trkpt>
      <trkpt lat="28.21099" lon="-16.65411">
        <ele>2023.9</ele>
      </trkpt>
      <trkpt lat="28.21099" lon="-16.65409">
        <ele>2023.9</ele>
      </trkpt>
      <trkpt lat="28.21099" lon="-16.65397">
        <ele>2023.7</ele>
      </trkpt>
      <trkpt lat="28.21099" lon="-16.653849">
        <ele>2023.5</ele>
      </trkpt>
      <trkpt lat="28.21098" lon="-16.653759">
        <ele>2023.3</ele>
      </trkpt>
      <trkpt lat="28.21093" lon="-16.65321">
        <ele>2022.6</ele>
      </trkpt>
      <trkpt lat="28.21091" lon="-16.653089">
        <ele>2022.5</ele>
      </trkpt>
      <trkpt lat="28.2109" lon="-16.65289">
        <ele>2022.2</ele>
      </trkpt>
      <trkpt lat="28.21085" lon="-16.65242">
        <ele>2021.3</ele>
      </trkpt>
      <trkpt lat="28.21076" lon="-16.65147">
        <ele>2016.2</ele>
      </trkpt>
      <trkpt lat="28.21074" lon="-16.651209">
        <ele>2014.7</ele>
      </trkpt>
      <trkpt lat="28.2107" lon="-16.65086">
        <ele>2012.4</ele>
      </trkpt>
      <trkpt lat="28.21068" lon="-16.650659">
        <ele>2011.9</ele>
      </trkpt>
      <trkpt lat="28.21067" lon="-16.650459">
        <ele>2011.7</ele>
      </trkpt>
      <trkpt lat="28.21065" lon="-16.65025">
        <ele>2011.4</ele>
      </trkpt>
      <trkpt lat="28.21063" lon="-16.65005">
        <ele>2011.3</ele>
      </trkpt>
      <trkpt lat="28.21059" lon="-16.64961">
        <ele>2010.0</ele>
      </trkpt>
      <trkpt lat="28.21057" lon="-16.649439">
        <ele>2009.4</ele>
      </trkpt>
      <trkpt lat="28.21055" lon="-16.649239">
        <ele>2008.6</ele>
      </trkpt>
      <trkpt lat="28.21041" lon="-16.64776">
        <ele>2010.6</ele>
      </trkpt>
      <trkpt lat="28.21039" lon="-16.64762">
        <ele>2010.8</ele>
      </trkpt>
      <trkpt lat="28.21037" lon="-16.64741">
        <ele>2010.7</ele>
      </trkpt>
      <trkpt lat="28.21034" lon="-16.64701">
        <ele>2009.7</ele>
      </trkpt>
      <trkpt lat="28.21029" lon="-16.64649">
        <ele>2009.6</ele>
      </trkpt>
      <trkpt lat="28.2102" lon="-16.645589">
        <ele>2011.9</ele>
      </trkpt>
      <trkpt lat="28.21018" lon="-16.64538">
        <ele>2011.5</ele>
      </trkpt>
      <trkpt lat="28.21017" lon="-16.645309">
        <ele>2011.3</ele>
      </trkpt>
      <trkpt lat="28.21014" lon="-16.64498">
        <ele>2010.6</ele>
      </trkpt>
      <trkpt lat="28.21011" lon="-16.6447">
        <ele>2009.5</ele>
      </trkpt>
      <trkpt lat="28.2101" lon="-16.64457">
        <ele>2008.9</ele>
      </trkpt>
      <trkpt lat="28.21004" lon="-16.64396">
        <ele>2007.1</ele>
      </trkpt>
      <trkpt lat="28.21004" lon="-16.64391">
        <ele>2007.1</ele>
      </trkpt>
      <trkpt lat="28.21002" lon="-16.64376">
        <ele>2007.0</ele>
      </trkpt>
      <trkpt lat="28.20999" lon="-16.643439">
        <ele>2007.1</ele>
      </trkpt>
      <trkpt lat="28.20999" lon="-16.64335">
        <ele>2007.1</ele>
      </trkpt>
      <trkpt lat="28.20998" lon="-16.64317">
        <ele>2007.3</ele>
      </trkpt>
      <trkpt lat="28.20998" lon="-16.64294">
        <ele>2007.6</ele>
      </trkpt>
      <trkpt lat="28.20998" lon="-16.64285">
        <ele>2007.7</ele>
      </trkpt>
      <trkpt lat="28.20998" lon="-16.642769">
        <ele>2007.8</ele>
      </trkpt>
      <trkpt lat="28.20999" lon="-16.6427">
        <ele>2007.8</ele>
      </trkpt>
      <trkpt lat="28.21" lon="-16.64262">
        <ele>2007.9</ele>
      </trkpt>
      <trkpt lat="28.21001" lon="-16.64254">
        <ele>2007.9</ele>
      </trkpt>
      <trkpt lat="28.21003" lon="-16.64237">
        <ele>2008.4</ele>
      </trkpt>
      <trkpt lat="28.21007" lon="-16.6421">
        <ele>2009.3</ele>
      </trkpt>
      <trkpt lat="28.21009" lon="-16.64194">
        <ele>2009.8</ele>
      </trkpt>
      <trkpt lat="28.21012" lon="-16.64176">
        <ele>2010.3</ele>
      </trkpt>
      <trkpt lat="28.21013" lon="-16.641729">
        <ele>2010.3</ele>
      </trkpt>
      <trkpt lat="28.21016" lon="-16.64153">
        <ele>2011.9</ele>
      </trkpt>
      <trkpt lat="28.21016" lon="-16.64152">
        <ele>2012.1</ele>
      </trkpt>
      <trkpt lat="28.21019" lon="-16.64133">
        <ele>2013.9</ele>
      </trkpt>
      <trkpt lat="28.21021" lon="-16.64116">
        <ele>2015.6</ele>
      </trkpt>
      <trkpt lat="28.21025" lon="-16.64093">
        <ele>2017.4</ele>
      </trkpt>
      <trkpt lat="28.21026" lon="-16.64091">
        <ele>2017.5</ele>
      </trkpt>
      <trkpt lat="28.21029" lon="-16.64073">
        <ele>2017.9</ele>
      </trkpt>
      <trkpt lat="28.2103" lon="-16.64067">
        <ele>2017.8</ele>
      </trkpt>
      <trkpt lat="28.21032" lon="-16.640529">
        <ele>2017.6</ele>
      </trkpt>
      <trkpt lat="28.21034" lon="-16.6404">
        <ele>2017.4</ele>
      </trkpt>
      <trkpt lat="28.21036" lon="-16.640329">
        <ele>2017.2</ele>
      </trkpt>
      <trkpt lat="28.21036" lon="-16.64029">
        <ele>2017.2</ele>
      </trkpt>
      <trkpt lat="28.21038" lon="-16.64017">
        <ele>2017.0</ele>
      </trkpt>
      <trkpt lat="28.21041" lon="-16.63999">
        <ele>2016.5</ele>
      </trkpt>
      <trkpt lat="28.21047" lon="-16.63955">
        <ele>2013.2</ele>
      </trkpt>
      <trkpt lat="28.21051" lon="-16.63932">
        <ele>2011.5</ele>
      </trkpt>
      <trkpt lat="28.21054" lon="-16.639119">
        <ele>2010.6</ele>
      </trkpt>
      <trkpt lat="28.21057" lon="-16.638919">
        <ele>2010.9</ele>
      </trkpt>
      <trkpt lat="28.2106" lon="-16.638739">
        <ele>2011.2</ele>
      </trkpt>
      <trkpt lat="28.2106" lon="-16.63872">
        <ele>2011.3</ele>
      </trkpt>
      <trkpt lat="28.21064" lon="-16.63852">
        <ele>2011.6</ele>
      </trkpt>
      <trkpt lat="28.21067" lon="-16.63832">
        <ele>2012.0</ele>
      </trkpt>
      <trkpt lat="28.2107" lon="-16.63812">
        <ele>2012.5</ele>
      </trkpt>
      <trkpt lat="28.21071" lon="-16.638079">
        <ele>2012.5</ele>
      </trkpt>
      <trkpt lat="28.21074" lon="-16.63792">
        <ele>2012.8</ele>
      </trkpt>
      <trkpt lat="28.21077" lon="-16.63772">
        <ele>2013.1</ele>
      </trkpt>
      <trkpt lat="28.2108" lon="-16.637519">
        <ele>2013.3</ele>
      </trkpt>
      <trkpt lat="28.21085" lon="-16.63722">
        <ele>2012.6</ele>
      </trkpt>
      <trkpt lat="28.21087" lon="-16.63712">
        <ele>2012.4</ele>
      </trkpt>
      <trkpt lat="28.2109" lon="-16.63692">
        <ele>2012.1</ele>
      </trkpt>
      <trkpt lat="28.21093" lon="-16.63672">
        <ele>2011.8</ele>
      </trkpt>
      <trkpt lat="28.21094" lon="-16.636669">
        <ele>2011.7</ele>
      </trkpt>
      <trkpt lat="28.21097" lon="-16.63651">
        <ele>2013.5</ele>
      </trkpt>
      <trkpt lat="28.21099" lon="-16.63635">
        <ele>2015.2</ele>
      </trkpt>
      <trkpt lat="28.21106" lon="-16.63595">
        <ele>2018.8</ele>
      </trkpt>
      <trkpt lat="28.21106" lon="-16.63591">
        <ele>2019.2</ele>
      </trkpt>
      <trkpt lat="28.2111" lon="-16.63571">
        <ele>2019.9</ele>
      </trkpt>
      <trkpt lat="28.21117" lon="-16.63525">
        <ele>2020.4</ele>
      </trkpt>
      <trkpt lat="28.21126" lon="-16.634709">
        <ele>2021.4</ele>
      </trkpt>
      <trkpt lat="28.2113" lon="-16.634429">
        <ele>2022.3</ele>
      </trkpt>
      <trkpt lat="28.21132" lon="-16.6343">
        <ele>2022.7</ele>
      </trkpt>
      <trkpt lat="28.21141" lon="-16.6337">
        <ele>2023.9</ele>
      </trkpt>
      <trkpt lat="28.21141" lon="-16.63369">
        <ele>2023.9</ele>
      </trkpt>
      <trkpt lat="28.21144" lon="-16.6335">
        <ele>2024.3</ele>
      </trkpt>
      <trkpt lat="28.21148" lon="-16.633299">
        <ele>2025.1</ele>
      </trkpt>
      <trkpt lat="28.2115" lon="-16.633199">
        <ele>2026.5</ele>
      </trkpt>
      <trkpt lat="28.21152" lon="-16.633099">
        <ele>2027.9</ele>
      </trkpt>
      <trkpt lat="28.21155" lon="-16.63294">
        <ele>2029.9</ele>
      </trkpt>
      <trkpt lat="28.21158" lon="-16.63281">
        <ele>2031.2</ele>
      </trkpt>
      <trkpt lat="28.21162" lon="-16.63269">
        <ele>2031.8</ele>
      </trkpt>
      <trkpt lat="28.21166" lon="-16.6326">
        <ele>2031.9</ele>
      </trkpt>
      <trkpt lat="28.21171" lon="-16.63248">
        <ele>2032.6</ele>
      </trkpt>
      <trkpt lat="28.21178" lon="-16.63238">
        <ele>2033.3</ele>
      </trkpt>
      <trkpt lat="28.21179" lon="-16.632349">
        <ele>2033.7</ele>
      </trkpt>
      <trkpt lat="28.21185" lon="-16.632269">
        <ele>2033.9</ele>
      </trkpt>
      <trkpt lat="28.2119" lon="-16.63219">
        <ele>2034.2</ele>
      </trkpt>
      <trkpt lat="28.21197" lon="-16.632069">
        <ele>2034.5</ele>
      </trkpt>
      <trkpt lat="28.21201" lon="-16.632">
        <ele>2034.5</ele>
      </trkpt>
      <trkpt lat="28.21206" lon="-16.63192">
        <ele>2034.3</ele>
      </trkpt>
      <trkpt lat="28.2121" lon="-16.63183">
        <ele>2034.4</ele>
      </trkpt>
      <trkpt lat="28.21213" lon="-16.63176">
        <ele>2034.4</ele>
      </trkpt>
      <trkpt lat="28.21214" lon="-16.63171">
        <ele>2034.8</ele>
      </trkpt>
      <trkpt lat="28.21216" lon="-16.63166">
        <ele>2034.7</ele>
      </trkpt>
      <trkpt lat="28.21216" lon="-16.63165">
        <ele>2034.8</ele>
      </trkpt>
      <trkpt lat="28.21217" lon="-16.631609">
        <ele>2034.8</ele>
      </trkpt>
      <trkpt lat="28.21217" lon="-16.63156">
        <ele>2035.2</ele>
      </trkpt>
      <trkpt lat="28.21218" lon="-16.63149">
        <ele>2035.5</ele>
      </trkpt>
      <trkpt lat="28.21218" lon="-16.631409">
        <ele>2036.2</ele>
      </trkpt>
      <trkpt lat="28.21218" lon="-16.631329">
        <ele>2037.0</ele>
      </trkpt>
      <trkpt lat="28.21218" lon="-16.63125">
        <ele>2037.7</ele>
      </trkpt>
      <trkpt lat="28.21217" lon="-16.631239">
        <ele>2038.2</ele>
      </trkpt>
      <trkpt lat="28.21216" lon="-16.63111">
        <ele>2039.7</ele>
      </trkpt>
      <trkpt lat="28.21216" lon="-16.631049">
        <ele>2040.3</ele>
      </trkpt>
      <trkpt lat="28.21215" lon="-16.63103">
        <ele>2040.8</ele>
      </trkpt>
      <trkpt lat="28.21215" lon="-16.630949">
        <ele>2041.5</ele>
      </trkpt>
      <trkpt lat="28.21212" lon="-16.63069">
        <ele>2044.3</ele>
      </trkpt>
      <trkpt lat="28.2121" lon="-16.63044">
        <ele>2045.9</ele>
      </trkpt>
      <trkpt lat="28.21209" lon="-16.630299">
        <ele>2046.7</ele>
      </trkpt>
      <trkpt lat="28.21208" lon="-16.63024">
        <ele>2047.2</ele>
      </trkpt>
      <trkpt lat="28.21208" lon="-16.63018">
        <ele>2047.4</ele>
      </trkpt>
      <trkpt lat="28.21208" lon="-16.63008">
        <ele>2047.8</ele>
      </trkpt>
      <trkpt lat="28.21208" lon="-16.62997">
        <ele>2048.9</ele>
      </trkpt>
      <trkpt lat="28.21209" lon="-16.62989">
        <ele>2050.9</ele>
      </trkpt>
      <trkpt lat="28.2121" lon="-16.629829">
        <ele>2052.3</ele>
      </trkpt>
      <trkpt lat="28.2121" lon="-16.629819">
        <ele>2052.6</ele>
      </trkpt>
      <trkpt lat="28.21212" lon="-16.62975">
        <ele>2054.0</ele>
      </trkpt>
      <trkpt lat="28.21214" lon="-16.62968">
        <ele>2055.4</ele>
      </trkpt>
      <trkpt lat="28.21216" lon="-16.629639">
        <ele>2055.9</ele>
      </trkpt>
      <trkpt lat="28.21217" lon="-16.62961">
        <ele>2056.4</ele>
      </trkpt>
      <trkpt lat="28.21221" lon="-16.629529">
        <ele>2057.3</ele>
      </trkpt>
      <trkpt lat="28.21225" lon="-16.62947">
        <ele>2057.5</ele>
      </trkpt>
      <trkpt lat="28.21226" lon="-16.629449">
        <ele>2057.7</ele>
      </trkpt>
      <trkpt lat="28.21236" lon="-16.62931">
        <ele>2057.8</ele>
      </trkpt>
      <trkpt lat="28.21249" lon="-16.62912">
        <ele>2057.5</ele>
      </trkpt>
      <trkpt lat="28.21257" lon="-16.62901">
        <ele>2058.7</ele>
      </trkpt>
      <trkpt lat="28.21259" lon="-16.62899">
        <ele>2058.9</ele>
      </trkpt>
      <trkpt lat="28.21261" lon="-16.62896">
        <ele>2059.3</ele>
      </trkpt>
      <trkpt lat="28.2127" lon="-16.62883">
        <ele>2061.0</ele>
      </trkpt>
      <trkpt lat="28.21274" lon="-16.62877">
        <ele>2061.8</ele>
      </trkpt>
      <trkpt lat="28.21282" lon="-16.62867">
        <ele>2062.9</ele>
      </trkpt>
      <trkpt lat="28.2129" lon="-16.62856">
        <ele>2064.1</ele>
      </trkpt>
      <trkpt lat="28.21294" lon="-16.62852">
        <ele>2064.4</ele>
      </trkpt>
      <trkpt lat="28.21296" lon="-16.62849">
        <ele>2064.7</ele>
      </trkpt>
      <trkpt lat="28.21305" lon="-16.6284">
        <ele>2065.3</ele>
      </trkpt>
      <trkpt lat="28.21313" lon="-16.62834">
        <ele>2065.3</ele>
      </trkpt>
      <trkpt lat="28.21321" lon="-16.62827">
        <ele>2065.9</ele>
      </trkpt>
      <trkpt lat="28.2133" lon="-16.6282">
        <ele>2066.5</ele>
      </trkpt>
      <trkpt lat="28.21342" lon="-16.62811">
        <ele>2068.4</ele>
      </trkpt>
      <trkpt lat="28.2136" lon="-16.628">
        <ele>2071.0</ele>
      </trkpt>
      <trkpt lat="28.21387" lon="-16.627849">
        <ele>2074.1</ele>
      </trkpt>
      <trkpt lat="28.214" lon="-16.62777">
        <ele>2075.7</ele>
      </trkpt>
      <trkpt lat="28.21409" lon="-16.62772">
        <ele>2076.6</ele>
      </trkpt>
      <trkpt lat="28.21416" lon="-16.627669">
        <ele>2077.5</ele>
      </trkpt>
      <trkpt lat="28.21425" lon="-16.62762">
        <ele>2077.7</ele>
      </trkpt>
      <trkpt lat="28.21432" lon="-16.627569">
        <ele>2078.0</ele>
      </trkpt>
      <trkpt lat="28.21458" lon="-16.62741">
        <ele>2079.0</ele>
      </trkpt>
      <trkpt lat="28.21483" lon="-16.62725">
        <ele>2080.4</ele>
      </trkpt>
      <trkpt lat="28.2151" lon="-16.62708">
        <ele>2083.3</ele>
      </trkpt>
      <trkpt lat="28.21542" lon="-16.62688">
        <ele>2089.2</ele>
      </trkpt>
      <trkpt lat="28.21572" lon="-16.6267">
        <ele>2093.5</ele>
      </trkpt>
      <trkpt lat="28.21605" lon="-16.6265">
        <ele>2097.5</ele>
      </trkpt>
      <trkpt lat="28.21621" lon="-16.6264">
        <ele>2099.1</ele>
      </trkpt>
      <trkpt lat="28.21637" lon="-16.6263">
        <ele>2100.2</ele>
      </trkpt>
      <trkpt lat="28.2164" lon="-16.62628">
        <ele>2100.3</ele>
      </trkpt>
      <trkpt lat="28.21652" lon="-16.6262">
        <ele>2100.9</ele>
      </trkpt>
      <trkpt lat="28.21655" lon="-16.62618">
        <ele>2100.9</ele>
      </trkpt>
      <trkpt lat="28.21668" lon="-16.62611">
        <ele>2101.2</ele>
      </trkpt>
      <trkpt lat="28.21668" lon="-16.6261">
        <ele>2101.3</ele>
      </trkpt>
      <trkpt lat="28.21677" lon="-16.62605">
        <ele>2102.9</ele>
      </trkpt>
      <trkpt lat="28.21687" lon="-16.62601">
        <ele>2104.7</ele>
      </trkpt>
      <trkpt lat="28.21691" lon="-16.626">
        <ele>2105.4</ele>
      </trkpt>
      <trkpt lat="28.21695" lon="-16.62599">
        <ele>2106.0</ele>
      </trkpt>
      <trkpt lat="28.21698" lon="-16.62599">
        <ele>2106.4</ele>
      </trkpt>
      <trkpt lat="28.21701" lon="-16.62599">
        <ele>2106.8</ele>
      </trkpt>
      <trkpt lat="28.21702" lon="-16.62599">
        <ele>2106.9</ele>
      </trkpt>
      <trkpt lat="28.21703" lon="-16.62599">
        <ele>2107.1</ele>
      </trkpt>
      <trkpt lat="28.21706" lon="-16.626">
        <ele>2107.3</ele>
      </trkpt>
      <trkpt lat="28.21708" lon="-16.62601">
        <ele>2107.4</ele>
      </trkpt>
      <trkpt lat="28.21712" lon="-16.62602">
        <ele>2107.7</ele>
      </trkpt>
      <trkpt lat="28.21716" lon="-16.62603">
        <ele>2108.0</ele>
      </trkpt>
      <trkpt lat="28.2172" lon="-16.62605">
        <ele>2108.2</ele>
      </trkpt>
      <trkpt lat="28.21724" lon="-16.626069">
        <ele>2108.2</ele>
      </trkpt>
      <trkpt lat="28.21728" lon="-16.6261">
        <ele>2108.1</ele>
      </trkpt>
      <trkpt lat="28.21732" lon="-16.62613">
        <ele>2107.9</ele>
      </trkpt>
      <trkpt lat="28.21734" lon="-16.62615">
        <ele>2107.7</ele>
      </trkpt>
      <trkpt lat="28.21735" lon="-16.626159">
        <ele>2107.6</ele>
      </trkpt>
      <trkpt lat="28.21738" lon="-16.6262">
        <ele>2107.0</ele>
      </trkpt>
      <trkpt lat="28.21741" lon="-16.626249">
        <ele>2106.2</ele>
      </trkpt>
      <trkpt lat="28.21743" lon="-16.62629">
        <ele>2105.5</ele>
      </trkpt>
      <trkpt lat="28.21747" lon="-16.626359">
        <ele>2104.1</ele>
      </trkpt>
      <trkpt lat="28.2175" lon="-16.62643">
        <ele>2102.7</ele>
      </trkpt>
      <trkpt lat="28.21753" lon="-16.6265">
        <ele>2101.9</ele>
      </trkpt>
      <trkpt lat="28.21753" lon="-16.62651">
        <ele>2101.7</ele>
      </trkpt>
      <trkpt lat="28.21758" lon="-16.62667">
        <ele>2099.7</ele>
      </trkpt>
      <trkpt lat="28.21759" lon="-16.6267">
        <ele>2099.7</ele>
      </trkpt>
      <trkpt lat="28.21764" lon="-16.626819">
        <ele>2100.4</ele>
      </trkpt>
      <trkpt lat="28.21768" lon="-16.62694">
        <ele>2100.7</ele>
      </trkpt>
      <trkpt lat="28.21772" lon="-16.62706">
        <ele>2101.0</ele>
      </trkpt>
      <trkpt lat="28.21773" lon="-16.62708">
        <ele>2101.1</ele>
      </trkpt>
      <trkpt lat="28.21775" lon="-16.62713">
        <ele>2101.3</ele>
      </trkpt>
      <trkpt lat="28.21778" lon="-16.627199">
        <ele>2101.7</ele>
      </trkpt>
      <trkpt lat="28.21781" lon="-16.62726">
        <ele>2102.2</ele>
      </trkpt>
      <trkpt lat="28.21784" lon="-16.62731">
        <ele>2102.7</ele>
      </trkpt>
      <trkpt lat="28.21787" lon="-16.62735">
        <ele>2103.3</ele>
      </trkpt>
      <trkpt lat="28.2179" lon="-16.6274">
        <ele>2103.9</ele>
      </trkpt>
      <trkpt lat="28.21794" lon="-16.62744">
        <ele>2104.8</ele>
      </trkpt>
      <trkpt lat="28.21798" lon="-16.62749">
        <ele>2105.6</ele>
      </trkpt>
      <trkpt lat="28.21804" lon="-16.62754">
        <ele>2106.6</ele>
      </trkpt>
      <trkpt lat="28.21806" lon="-16.627559">
        <ele>2106.7</ele>
      </trkpt>
      <trkpt lat="28.21809" lon="-16.627579">
        <ele>2107.2</ele>
      </trkpt>
      <trkpt lat="28.21814" lon="-16.62762">
        <ele>2107.7</ele>
      </trkpt>
      <trkpt lat="28.21817" lon="-16.62763">
        <ele>2108.4</ele>
      </trkpt>
      <trkpt lat="28.21821" lon="-16.627659">
        <ele>2108.9</ele>
      </trkpt>
      <trkpt lat="28.21826" lon="-16.62768">
        <ele>2109.8</ele>
      </trkpt>
      <trkpt lat="28.21832" lon="-16.6277">
        <ele>2111.1</ele>
      </trkpt>
      <trkpt lat="28.21841" lon="-16.62774">
        <ele>2110.4</ele>
      </trkpt>
      <trkpt lat="28.2185" lon="-16.627759">
        <ele>2110.0</ele>
      </trkpt>
      <trkpt lat="28.21856" lon="-16.62777">
        <ele>2109.9</ele>
      </trkpt>
      <trkpt lat="28.21863" lon="-16.62779">
        <ele>2109.5</ele>
      </trkpt>
      <trkpt lat="28.21873" lon="-16.62781">
        <ele>2109.3</ele>
      </trkpt>
      <trkpt lat="28.21875" lon="-16.62781">
        <ele>2109.4</ele>
      </trkpt>
      <trkpt lat="28.21882" lon="-16.62782">
        <ele>2109.3</ele>
      </trkpt>
      <trkpt lat="28.21891" lon="-16.627839">
        <ele>2109.2</ele>
      </trkpt>
      <trkpt lat="28.21904" lon="-16.627859">
        <ele>2109.3</ele>
      </trkpt>
      <trkpt lat="28.21909" lon="-16.627859">
        <ele>2109.4</ele>
      </trkpt>
      <trkpt lat="28.21925" lon="-16.62789">
        <ele>2109.7</ele>
      </trkpt>
      <trkpt lat="28.21947" lon="-16.62793">
        <ele>2110.5</ele>
      </trkpt>
      <trkpt lat="28.21953" lon="-16.627939">
        <ele>2110.8</ele>
      </trkpt>
      <trkpt lat="28.2198" lon="-16.62798">
        <ele>2112.1</ele>
      </trkpt>
      <trkpt lat="28.21983" lon="-16.62799">
        <ele>2112.2</ele>
      </trkpt>
      <trkpt lat="28.21992" lon="-16.628">
        <ele>2112.7</ele>
      </trkpt>
      <trkpt lat="28.21998" lon="-16.62802">
        <ele>2113.0</ele>
      </trkpt>
      <trkpt lat="28.22006" lon="-16.628029">
        <ele>2113.7</ele>
      </trkpt>
      <trkpt lat="28.2203" lon="-16.62807">
        <ele>2115.8</ele>
      </trkpt>
      <trkpt lat="28.22043" lon="-16.6281">
        <ele>2117.1</ele>
      </trkpt>
      <trkpt lat="28.22053" lon="-16.62811">
        <ele>2118.0</ele>
      </trkpt>
      <trkpt lat="28.22069" lon="-16.628139">
        <ele>2119.6</ele>
      </trkpt>
      <trkpt lat="28.22087" lon="-16.62817">
        <ele>2121.3</ele>
      </trkpt>
      <trkpt lat="28.22104" lon="-16.62821">
        <ele>2122.5</ele>
      </trkpt>
      <trkpt lat="28.22122" lon="-16.62824">
        <ele>2123.8</ele>
      </trkpt>
      <trkpt lat="28.2213" lon="-16.62826">
        <ele>2124.4</ele>
      </trkpt>
      <trkpt lat="28.2214" lon="-16.62827">
        <ele>2125.1</ele>
      </trkpt>
      <trkpt lat="28.22158" lon="-16.6283">
        <ele>2126.4</ele>
      </trkpt>
      <trkpt lat="28.22176" lon="-16.628329">
        <ele>2127.8</ele>
      </trkpt>
      <trkpt lat="28.22211" lon="-16.62839">
        <ele>2131.1</ele>
      </trkpt>
      <trkpt lat="28.22229" lon="-16.628419">
        <ele>2132.5</ele>
      </trkpt>
      <trkpt lat="28.22247" lon="-16.62845">
        <ele>2133.7</ele>
      </trkpt>
      <trkpt lat="28.22259" lon="-16.62847">
        <ele>2134.1</ele>
      </trkpt>
      <trkpt lat="28.22265" lon="-16.62848">
        <ele>2134.3</ele>
      </trkpt>
      <trkpt lat="28.22282" lon="-16.628509">
        <ele>2134.9</ele>
      </trkpt>
      <trkpt lat="28.223" lon="-16.62854">
        <ele>2135.4</ele>
      </trkpt>
      <trkpt lat="28.22318" lon="-16.62857">
        <ele>2135.9</ele>
      </trkpt>
      <trkpt lat="28.22387" lon="-16.628699">
        <ele>2138.7</ele>
      </trkpt>
      <trkpt lat="28.22469" lon="-16.62877">
        <ele>2140.6</ele>
      </trkpt>
      <trkpt lat="28.22487" lon="-16.628779">
        <ele>2140.8</ele>
      </trkpt>
      <trkpt lat="28.22594" lon="-16.628879">
        <ele>2143.9</ele>
      </trkpt>
      <trkpt lat="28.22612" lon="-16.628889">
        <ele>2144.2</ele>
      </trkpt>
      <trkpt lat="28.22648" lon="-16.62893">
        <ele>2144.9</ele>
      </trkpt>
      <trkpt lat="28.22649" lon="-16.62893">
        <ele>2145.0</ele>
      </trkpt>
      <trkpt lat="28.22702" lon="-16.628969">
        <ele>2146.6</ele>
      </trkpt>
      <trkpt lat="28.2272" lon="-16.62899">
        <ele>2147.3</ele>
      </trkpt>
      <trkpt lat="28.22738" lon="-16.62901">
        <ele>2147.9</ele>
      </trkpt>
      <trkpt lat="28.22756" lon="-16.62902">
        <ele>2148.7</ele>
      </trkpt>
      <trkpt lat="28.22773" lon="-16.62904">
        <ele>2149.6</ele>
      </trkpt>
      <trkpt lat="28.22774" lon="-16.62904">
        <ele>2149.7</ele>
      </trkpt>
      <trkpt lat="28.22792" lon="-16.62905">
        <ele>2150.7</ele>
      </trkpt>
      <trkpt lat="28.22848" lon="-16.6291">
        <ele>2153.4</ele>
      </trkpt>
      <trkpt lat="28.22915" lon="-16.629159">
        <ele>2155.0</ele>
      </trkpt>
      <trkpt lat="28.22917" lon="-16.629159">
        <ele>2155.0</ele>
      </trkpt>
      <trkpt lat="28.22935" lon="-16.629169">
        <ele>2155.4</ele>
      </trkpt>
      <trkpt lat="28.23026" lon="-16.629249">
        <ele>2157.1</ele>
      </trkpt>
      <trkpt lat="28.23109" lon="-16.62933">
        <ele>2159.4</ele>
      </trkpt>
      <trkpt lat="28.2315" lon="-16.62937">
        <ele>2161.4</ele>
      </trkpt>
      <trkpt lat="28.23157" lon="-16.62938">
        <ele>2161.8</ele>
      </trkpt>
      <trkpt lat="28.23168" lon="-16.62938">
        <ele>2162.3</ele>
      </trkpt>
      <trkpt lat="28.23184" lon="-16.62939">
        <ele>2162.7</ele>
      </trkpt>
      <trkpt lat="28.23214" lon="-16.62942">
        <ele>2163.4</ele>
      </trkpt>
      <trkpt lat="28.23274" lon="-16.62947">
        <ele>2165.4</ele>
      </trkpt>
      <trkpt lat="28.23292" lon="-16.62949">
        <ele>2166.2</ele>
      </trkpt>
      <trkpt lat="28.23327" lon="-16.62952">
        <ele>2167.7</ele>
      </trkpt>
      <trkpt lat="28.23345" lon="-16.629529">
        <ele>2168.7</ele>
      </trkpt>
      <trkpt lat="28.23435" lon="-16.62961">
        <ele>2173.3</ele>
      </trkpt>
      <trkpt lat="28.23453" lon="-16.629629">
        <ele>2173.6</ele>
      </trkpt>
      <trkpt lat="28.23471" lon="-16.62965">
        <ele>2173.9</ele>
      </trkpt>
      <trkpt lat="28.23489" lon="-16.62966">
        <ele>2174.2</ele>
      </trkpt>
      <trkpt lat="28.235" lon="-16.62967">
        <ele>2174.4</ele>
      </trkpt>
      <trkpt lat="28.23507" lon="-16.62968">
        <ele>2174.5</ele>
      </trkpt>
      <trkpt lat="28.23525" lon="-16.62969">
        <ele>2174.9</ele>
      </trkpt>
      <trkpt lat="28.23543" lon="-16.62971">
        <ele>2175.2</ele>
      </trkpt>
      <trkpt lat="28.23561" lon="-16.629729">
        <ele>2175.6</ele>
      </trkpt>
      <trkpt lat="28.23574" lon="-16.62974">
        <ele>2175.8</ele>
      </trkpt>
      <trkpt lat="28.23579" lon="-16.62974">
        <ele>2175.9</ele>
      </trkpt>
      <trkpt lat="28.2365" lon="-16.6298">
        <ele>2180.4</ele>
      </trkpt>
      <trkpt lat="28.23668" lon="-16.629819">
        <ele>2181.5</ele>
      </trkpt>
      <trkpt lat="28.2368" lon="-16.629829">
        <ele>2182.1</ele>
      </trkpt>
      <trkpt lat="28.23686" lon="-16.629829">
        <ele>2182.5</ele>
      </trkpt>
      <trkpt lat="28.23704" lon="-16.62985">
        <ele>2183.4</ele>
      </trkpt>
      <trkpt lat="28.23722" lon="-16.62987">
        <ele>2184.4</ele>
      </trkpt>
      <trkpt lat="28.2374" lon="-16.62988">
        <ele>2185.4</ele>
      </trkpt>
      <trkpt lat="28.23758" lon="-16.6299">
        <ele>2186.3</ele>
      </trkpt>
      <trkpt lat="28.23794" lon="-16.62993">
        <ele>2187.5</ele>
      </trkpt>
      <trkpt lat="28.23812" lon="-16.62995">
        <ele>2188.1</ele>
      </trkpt>
      <trkpt lat="28.2383" lon="-16.62996">
        <ele>2188.8</ele>
      </trkpt>
      <trkpt lat="28.23865" lon="-16.629999">
        <ele>2189.8</ele>
      </trkpt>
      <trkpt lat="28.23883" lon="-16.630009">
        <ele>2190.2</ele>
      </trkpt>
      <trkpt lat="28.23901" lon="-16.63003">
        <ele>2190.7</ele>
      </trkpt>
      <trkpt lat="28.23919" lon="-16.63005">
        <ele>2191.1</ele>
      </trkpt>
      <trkpt lat="28.23937" lon="-16.63006">
        <ele>2191.8</ele>
      </trkpt>
      <trkpt lat="28.23955" lon="-16.63008">
        <ele>2192.6</ele>
      </trkpt>
      <trkpt lat="28.24009" lon="-16.63013">
        <ele>2194.7</ele>
      </trkpt>
      <trkpt lat="28.24027" lon="-16.63014">
        <ele>2195.2</ele>
      </trkpt>
      <trkpt lat="28.24045" lon="-16.63016">
        <ele>2195.7</ele>
      </trkpt>
      <trkpt lat="28.24063" lon="-16.63017">
        <ele>2196.1</ele>
      </trkpt>
      <trkpt lat="28.24081" lon="-16.630189">
        <ele>2196.6</ele>
      </trkpt>
      <trkpt lat="28.24116" lon="-16.63022">
        <ele>2199.4</ele>
      </trkpt>
      <trkpt lat="28.24224" lon="-16.63032">
        <ele>2207.1</ele>
      </trkpt>
      <trkpt lat="28.2426" lon="-16.63035">
        <ele>2209.3</ele>
      </trkpt>
      <trkpt lat="28.24278" lon="-16.63037">
        <ele>2210.4</ele>
      </trkpt>
      <trkpt lat="28.24295" lon="-16.630379">
        <ele>2211.5</ele>
      </trkpt>
      <trkpt lat="28.24296" lon="-16.630379">
        <ele>2211.6</ele>
      </trkpt>
      <trkpt lat="28.24332" lon="-16.63041">
        <ele>2213.9</ele>
      </trkpt>
      <trkpt lat="28.24334" lon="-16.63042">
        <ele>2214.1</ele>
      </trkpt>
      <trkpt lat="28.24355" lon="-16.63043">
        <ele>2216.6</ele>
      </trkpt>
      <trkpt lat="28.24375" lon="-16.63042">
        <ele>2219.0</ele>
      </trkpt>
      <trkpt lat="28.24383" lon="-16.63042">
        <ele>2220.0</ele>
      </trkpt>
      <trkpt lat="28.24391" lon="-16.6304">
        <ele>2220.9</ele>
      </trkpt>
      <trkpt lat="28.24401" lon="-16.63037">
        <ele>2222.0</ele>
      </trkpt>
      <trkpt lat="28.24403" lon="-16.63037">
        <ele>2222.2</ele>
      </trkpt>
      <trkpt lat="28.24408" lon="-16.63035">
        <ele>2222.7</ele>
      </trkpt>
      <trkpt lat="28.24415" lon="-16.63033">
        <ele>2223.4</ele>
      </trkpt>
      <trkpt lat="28.2442" lon="-16.630299">
        <ele>2224.0</ele>
      </trkpt>
      <trkpt lat="28.24426" lon="-16.63027">
        <ele>2224.9</ele>
      </trkpt>
      <trkpt lat="28.24433" lon="-16.63023">
        <ele>2225.9</ele>
      </trkpt>
      <trkpt lat="28.2444" lon="-16.63018">
        <ele>2226.7</ele>
      </trkpt>
      <trkpt lat="28.24447" lon="-16.63013">
        <ele>2227.4</ele>
      </trkpt>
      <trkpt lat="28.24453" lon="-16.63009">
        <ele>2228.0</ele>
      </trkpt>
      <trkpt lat="28.24469" lon="-16.62995">
        <ele>2229.5</ele>
      </trkpt>
      <trkpt lat="28.2448" lon="-16.62986">
        <ele>2231.0</ele>
      </trkpt>
      <trkpt lat="28.24491" lon="-16.62977">
        <ele>2232.3</ele>
      </trkpt>
      <trkpt lat="28.24509" lon="-16.62961">
        <ele>2234.6</ele>
      </trkpt>
      <trkpt lat="28.24524" lon="-16.62949">
        <ele>2236.9</ele>
      </trkpt>
      <trkpt lat="28.24538" lon="-16.62937">
        <ele>2239.0</ele>
      </trkpt>
      <trkpt lat="28.24553" lon="-16.629249">
        <ele>2241.2</ele>
      </trkpt>
      <trkpt lat="28.24567" lon="-16.62913">
        <ele>2243.2</ele>
      </trkpt>
      <trkpt lat="28.24596" lon="-16.628889">
        <ele>2248.1</ele>
      </trkpt>
      <trkpt lat="28.2461" lon="-16.62877">
        <ele>2250.2</ele>
      </trkpt>
      <trkpt lat="28.24702" lon="-16.62799">
        <ele>2260.3</ele>
      </trkpt>
      <trkpt lat="28.24716" lon="-16.62791">
        <ele>2261.8</ele>
      </trkpt>
      <trkpt lat="28.24725" lon="-16.627859">
        <ele>2262.7</ele>
      </trkpt>
      <trkpt lat="28.24729" lon="-16.627839">
        <ele>2263.1</ele>
      </trkpt>
      <trkpt lat="28.24737" lon="-16.62782">
        <ele>2264.0</ele>
      </trkpt>
      <trkpt lat="28.24746" lon="-16.62779">
        <ele>2264.9</ele>
      </trkpt>
      <trkpt lat="28.24757" lon="-16.627759">
        <ele>2265.8</ele>
      </trkpt>
      <trkpt lat="28.24764" lon="-16.627749">
        <ele>2266.3</ele>
      </trkpt>
      <trkpt lat="28.24777" lon="-16.62772">
        <ele>2267.2</ele>
      </trkpt>
      <trkpt lat="28.24799" lon="-16.62768">
        <ele>2268.9</ele>
      </trkpt>
      <trkpt lat="28.24817" lon="-16.627659">
        <ele>2270.4</ele>
      </trkpt>
      <trkpt lat="28.24835" lon="-16.62763">
        <ele>2271.7</ele>
      </trkpt>
      <trkpt lat="28.24853" lon="-16.6276">
        <ele>2272.6</ele>
      </trkpt>
      <trkpt lat="28.24888" lon="-16.62754">
        <ele>2274.4</ele>
      </trkpt>
      <trkpt lat="28.24906" lon="-16.62751">
        <ele>2275.3</ele>
      </trkpt>
      <trkpt lat="28.24924" lon="-16.627479">
        <ele>2276.5</ele>
      </trkpt>
      <trkpt lat="28.24942" lon="-16.62745">
        <ele>2277.7</ele>
      </trkpt>
      <trkpt lat="28.24959" lon="-16.62743">
        <ele>2279.0</ele>
      </trkpt>
      <trkpt lat="28.24977" lon="-16.6274">
        <ele>2280.2</ele>
      </trkpt>
      <trkpt lat="28.24995" lon="-16.62737">
        <ele>2281.4</ele>
      </trkpt>
      <trkpt lat="28.25013" lon="-16.62734">
        <ele>2281.8</ele>
      </trkpt>
      <trkpt lat="28.25019" lon="-16.62733">
        <ele>2281.9</ele>
      </trkpt>
      <trkpt lat="28.25029" lon="-16.6273">
        <ele>2281.9</ele>
      </trkpt>
      <trkpt lat="28.2503" lon="-16.6273">
        <ele>2282.0</ele>
      </trkpt>
      <trkpt lat="28.25041" lon="-16.62727">
        <ele>2282.0</ele>
      </trkpt>
      <trkpt lat="28.25048" lon="-16.62724">
        <ele>2282.0</ele>
      </trkpt>
      <trkpt lat="28.25052" lon="-16.62722">
        <ele>2282.0</ele>
      </trkpt>
      <trkpt lat="28.25066" lon="-16.62715">
        <ele>2281.9</ele>
      </trkpt>
      <trkpt lat="28.25082" lon="-16.62704">
        <ele>2281.6</ele>
      </trkpt>
      <trkpt lat="28.25123" lon="-16.62678">
        <ele>2282.3</ele>
      </trkpt>
      <trkpt lat="28.25126" lon="-16.62675">
        <ele>2282.2</ele>
      </trkpt>
      <trkpt lat="28.25142" lon="-16.626639">
        <ele>2282.4</ele>
      </trkpt>
      <trkpt lat="28.25157" lon="-16.626529">
        <ele>2282.8</ele>
      </trkpt>
      <trkpt lat="28.25172" lon="-16.62642">
        <ele>2283.5</ele>
      </trkpt>
      <trkpt lat="28.25176" lon="-16.6264">
        <ele>2283.9</ele>
      </trkpt>
      <trkpt lat="28.25187" lon="-16.62632">
        <ele>2284.9</ele>
      </trkpt>
      <trkpt lat="28.25234" lon="-16.626">
        <ele>2287.9</ele>
      </trkpt>
      <trkpt lat="28.25237" lon="-16.62599">
        <ele>2288.1</ele>
      </trkpt>
      <trkpt lat="28.25249" lon="-16.6259">
        <ele>2288.5</ele>
      </trkpt>
      <trkpt lat="28.25292" lon="-16.625599">
        <ele>2292.6</ele>
      </trkpt>
      <trkpt lat="28.25321" lon="-16.625409">
        <ele>2294.4</ele>
      </trkpt>
      <trkpt lat="28.25329" lon="-16.62536">
        <ele>2294.8</ele>
      </trkpt>
      <trkpt lat="28.25342" lon="-16.62526">
        <ele>2296.3</ele>
      </trkpt>
      <trkpt lat="28.25353" lon="-16.62518">
        <ele>2297.8</ele>
      </trkpt>
      <trkpt lat="28.25359" lon="-16.625119">
        <ele>2298.1</ele>
      </trkpt>
      <trkpt lat="28.25363" lon="-16.62509">
        <ele>2298.4</ele>
      </trkpt>
      <trkpt lat="28.25366" lon="-16.625039">
        <ele>2298.1</ele>
      </trkpt>
      <trkpt lat="28.25372" lon="-16.6249">
        <ele>2298.1</ele>
      </trkpt>
      <trkpt lat="28.25379" lon="-16.62469">
        <ele>2298.5</ele>
      </trkpt>
      <trkpt lat="28.25395" lon="-16.624199">
        <ele>2298.1</ele>
      </trkpt>
      <trkpt lat="28.25402" lon="-16.62397">
        <ele>2298.2</ele>
      </trkpt>
      <trkpt lat="28.25417" lon="-16.62351">
        <ele>2298.5</ele>
      </trkpt>
      <trkpt lat="28.25423" lon="-16.62332">
        <ele>2298.6</ele>
      </trkpt>
      <trkpt lat="28.25436" lon="-16.62294">
        <ele>2300.9</ele>
      </trkpt>
      <trkpt lat="28.25438" lon="-16.622869">
        <ele>2301.3</ele>
      </trkpt>
      <trkpt lat="28.25442" lon="-16.62275">
        <ele>2302.0</ele>
      </trkpt>
      <trkpt lat="28.25449" lon="-16.62252">
        <ele>2303.4</ele>
      </trkpt>
      <trkpt lat="28.25456" lon="-16.62233">
        <ele>2304.8</ele>
      </trkpt>
      <trkpt lat="28.25482" lon="-16.62153">
        <ele>2308.7</ele>
      </trkpt>
      <trkpt lat="28.25507" lon="-16.620729">
        <ele>2310.5</ele>
      </trkpt>
      <trkpt lat="28.25533" lon="-16.61994">
        <ele>2312.3</ele>
      </trkpt>
      <trkpt lat="28.2554" lon="-16.619779">
        <ele>2312.6</ele>
      </trkpt>
      <trkpt lat="28.25549" lon="-16.61964">
        <ele>2313.0</ele>
      </trkpt>
      <trkpt lat="28.25595" lon="-16.61898">
        <ele>2313.8</ele>
      </trkpt>
      <trkpt lat="28.25642" lon="-16.61833">
        <ele>2313.9</ele>
      </trkpt>
      <trkpt lat="28.25653" lon="-16.61824">
        <ele>2314.0</ele>
      </trkpt>
      <trkpt lat="28.25663" lon="-16.61821">
        <ele>2315.2</ele>
      </trkpt>
      <trkpt lat="28.25748" lon="-16.61814">
        <ele>2327.9</ele>
      </trkpt>
      <trkpt lat="28.25769" lon="-16.618099">
        <ele>2330.3</ele>
      </trkpt>
      <trkpt lat="28.25811" lon="-16.61796">
        <ele>2333.1</ele>
      </trkpt>
      <trkpt lat="28.25819" lon="-16.61789">
        <ele>2332.2</ele>
      </trkpt>
      <trkpt lat="28.25825" lon="-16.61783">
        <ele>2331.3</ele>
      </trkpt>
      <trkpt lat="28.25832" lon="-16.61767">
        <ele>2327.3</ele>
      </trkpt>
      <trkpt lat="28.25859" lon="-16.61671">
        <ele>2323.4</ele>
      </trkpt>
      <trkpt lat="28.25886" lon="-16.615739">
        <ele>2326.2</ele>
      </trkpt>
      <trkpt lat="28.25892" lon="-16.61563">
        <ele>2326.2</ele>
      </trkpt>
      <trkpt lat="28.259" lon="-16.615559">
        <ele>2327.3</ele>
      </trkpt>
      <trkpt lat="28.25953" lon="-16.615359">
        <ele>2341.1</ele>
      </trkpt>
      <trkpt lat="28.25962" lon="-16.61529">
        <ele>2343.0</ele>
      </trkpt>
      <trkpt lat="28.25968" lon="-16.6152">
        <ele>2343.5</ele>
      </trkpt>
      <trkpt lat="28.25971" lon="-16.61512">
        <ele>2343.1</ele>
      </trkpt>
      <trkpt lat="28.25971" lon="-16.61502">
        <ele>2341.3</ele>
      </trkpt>
      <trkpt lat="28.25953" lon="-16.614239">
        <ele>2344.8</ele>
      </trkpt>
      <trkpt lat="28.25945" lon="-16.61408">
        <ele>2345.0</ele>
      </trkpt>
      <trkpt lat="28.25882" lon="-16.61352">
        <ele>2339.8</ele>
      </trkpt>
      <trkpt lat="28.25876" lon="-16.61344">
        <ele>2340.1</ele>
      </trkpt>
      <trkpt lat="28.25859" lon="-16.613119">
        <ele>2342.8</ele>
      </trkpt>
      <trkpt lat="28.25852" lon="-16.613019">
        <ele>2343.4</ele>
      </trkpt>
      <trkpt lat="28.25813" lon="-16.612749">
        <ele>2341.3</ele>
      </trkpt>
      <trkpt lat="28.25774" lon="-16.61249">
        <ele>2337.8</ele>
      </trkpt>
      <trkpt lat="28.25766" lon="-16.61239">
        <ele>2336.9</ele>
      </trkpt>
      <trkpt lat="28.25762" lon="-16.61224">
        <ele>2337.8</ele>
      </trkpt>
      <trkpt lat="28.25763" lon="-16.612089">
        <ele>2340.1</ele>
      </trkpt>
      <trkpt lat="28.25778" lon="-16.611229">
        <ele>2351.9</ele>
      </trkpt>
      <trkpt lat="28.25782" lon="-16.61107">
        <ele>2353.7</ele>
      </trkpt>
      <trkpt lat="28.25794" lon="-16.61083">
        <ele>2358.9</ele>
      </trkpt>
      <trkpt lat="28.25835" lon="-16.61014">
        <ele>2360.8</ele>
      </trkpt>
      <trkpt lat="28.25875" lon="-16.609449">
        <ele>2360.8</ele>
      </trkpt>
      <trkpt lat="28.25916" lon="-16.60876">
        <ele>2361.9</ele>
      </trkpt>
      <trkpt lat="28.25935" lon="-16.608419">
        <ele>2363.0</ele>
      </trkpt>
      <trkpt lat="28.25938" lon="-16.60832">
        <ele>2363.0</ele>
      </trkpt>
      <trkpt lat="28.25941" lon="-16.60818">
        <ele>2362.6</ele>
      </trkpt>
      <trkpt lat="28.25946" lon="-16.60734">
        <ele>2358.1</ele>
      </trkpt>
      <trkpt lat="28.25951" lon="-16.6065">
        <ele>2360.2</ele>
      </trkpt>
      <trkpt lat="28.25947" lon="-16.60633">
        <ele>2362.5</ele>
      </trkpt>
      <trkpt lat="28.25941" lon="-16.60622">
        <ele>2363.0</ele>
      </trkpt>
      <trkpt lat="28.25891" lon="-16.605509">
        <ele>2358.1</ele>
      </trkpt>
      <trkpt lat="28.25886" lon="-16.6054">
        <ele>2357.1</ele>
      </trkpt>
      <trkpt lat="28.25885" lon="-16.605319">
        <ele>2357.0</ele>
      </trkpt>
      <trkpt lat="28.25884" lon="-16.60512">
        <ele>2357.2</ele>
      </trkpt>
      <trkpt lat="28.25887" lon="-16.604869">
        <ele>2356.8</ele>
      </trkpt>
      <trkpt lat="28.25892" lon="-16.6047">
        <ele>2356.2</ele>
      </trkpt>
      <trkpt lat="28.25932" lon="-16.60386">
        <ele>2357.1</ele>
      </trkpt>
      <trkpt lat="28.25947" lon="-16.60294">
        <ele>2347.2</ele>
      </trkpt>
      <trkpt lat="28.25962" lon="-16.60202">
        <ele>2340.3</ele>
      </trkpt>
      <trkpt lat="28.25977" lon="-16.601099">
        <ele>2338.7</ele>
      </trkpt>
      <trkpt lat="28.25977" lon="-16.600909">
        <ele>2338.1</ele>
      </trkpt>
      <trkpt lat="28.25971" lon="-16.600739">
        <ele>2336.7</ele>
      </trkpt>
      <trkpt lat="28.2594" lon="-16.60015">
        <ele>2331.2</ele>
      </trkpt>
      <trkpt lat="28.2591" lon="-16.59956">
        <ele>2324.8</ele>
      </trkpt>
      <trkpt lat="28.25904" lon="-16.59943">
        <ele>2323.3</ele>
      </trkpt>
      <trkpt lat="28.25902" lon="-16.59928">
        <ele>2322.9</ele>
      </trkpt>
      <trkpt lat="28.25903" lon="-16.59918">
        <ele>2323.2</ele>
      </trkpt>
      <trkpt lat="28.25923" lon="-16.59824">
        <ele>2316.4</ele>
      </trkpt>
      <trkpt lat="28.25927" lon="-16.598099">
        <ele>2315.3</ele>
      </trkpt>
      <trkpt lat="28.25932" lon="-16.597999">
        <ele>2315.0</ele>
      </trkpt>
      <trkpt lat="28.2594" lon="-16.5979">
        <ele>2315.5</ele>
      </trkpt>
      <trkpt lat="28.25972" lon="-16.597539">
        <ele>2317.1</ele>
      </trkpt>
      <trkpt lat="28.26004" lon="-16.59718">
        <ele>2318.1</ele>
      </trkpt>
      <trkpt lat="28.26017" lon="-16.597069">
        <ele>2317.4</ele>
      </trkpt>
      <trkpt lat="28.26029" lon="-16.59702">
        <ele>2317.3</ele>
      </trkpt>
      <trkpt lat="28.26111" lon="-16.596879">
        <ele>2323.0</ele>
      </trkpt>
      <trkpt lat="28.26131" lon="-16.59682">
        <ele>2325.9</ele>
      </trkpt>
      <trkpt lat="28.26143" lon="-16.59676">
        <ele>2327.2</ele>
      </trkpt>
      <trkpt lat="28.26149" lon="-16.596699">
        <ele>2327.2</ele>
      </trkpt>
      <trkpt lat="28.26156" lon="-16.596589">
        <ele>2328.3</ele>
      </trkpt>
      <trkpt lat="28.26159" lon="-16.59649">
        <ele>2329.2</ele>
      </trkpt>
      <trkpt lat="28.26159" lon="-16.59634">
        <ele>2329.5</ele>
      </trkpt>
      <trkpt lat="28.26153" lon="-16.59619">
        <ele>2327.8</ele>
      </trkpt>
      <trkpt lat="28.26144" lon="-16.59608">
        <ele>2324.9</ele>
      </trkpt>
      <trkpt lat="28.2611" lon="-16.59582">
        <ele>2312.8</ele>
      </trkpt>
      <trkpt lat="28.26097" lon="-16.59569">
        <ele>2310.5</ele>
      </trkpt>
      <trkpt lat="28.26051" lon="-16.59502">
        <ele>2309.9</ele>
      </trkpt>
      <trkpt lat="28.26034" lon="-16.59468">
        <ele>2305.6</ele>
      </trkpt>
      <trkpt lat="28.26031" lon="-16.594619">
        <ele>2304.7</ele>
      </trkpt>
      <trkpt lat="28.26029" lon="-16.594449">
        <ele>2304.1</ele>
      </trkpt>
      <trkpt lat="28.26029" lon="-16.59355">
        <ele>2296.7</ele>
      </trkpt>
      <trkpt lat="28.26031" lon="-16.593409">
        <ele>2295.6</ele>
      </trkpt>
      <trkpt lat="28.26035" lon="-16.593319">
        <ele>2295.7</ele>
      </trkpt>
      <trkpt lat="28.26044" lon="-16.593219">
        <ele>2297.1</ele>
      </trkpt>
      <trkpt lat="28.261" lon="-16.59282">
        <ele>2303.2</ele>
      </trkpt>
      <trkpt lat="28.26156" lon="-16.59242">
        <ele>2300.7</ele>
      </trkpt>
      <trkpt lat="28.26164" lon="-16.592369">
        <ele>2300.4</ele>
      </trkpt>
      <trkpt lat="28.26178" lon="-16.59232">
        <ele>2301.1</ele>
      </trkpt>
      <trkpt lat="28.26251" lon="-16.59223">
        <ele>2308.5</ele>
      </trkpt>
      <trkpt lat="28.26262" lon="-16.592199">
        <ele>2309.3</ele>
      </trkpt>
      <trkpt lat="28.26272" lon="-16.59213">
        <ele>2308.5</ele>
      </trkpt>
      <trkpt lat="28.26333" lon="-16.59142">
        <ele>2302.2</ele>
      </trkpt>
      <trkpt lat="28.26393" lon="-16.59071">
        <ele>2298.0</ele>
      </trkpt>
      <trkpt lat="28.26453" lon="-16.59001">
        <ele>2298.2</ele>
      </trkpt>
      <trkpt lat="28.26514" lon="-16.5893">
        <ele>2296.5</ele>
      </trkpt>
      <trkpt lat="28.26574" lon="-16.58859">
        <ele>2293.1</ele>
      </trkpt>
      <trkpt lat="28.26634" lon="-16.587879">
        <ele>2292.2</ele>
      </trkpt>
      <trkpt lat="28.26695" lon="-16.58717">
        <ele>2291.6</ele>
      </trkpt>
      <trkpt lat="28.26755" lon="-16.586469">
        <ele>2290.1</ele>
      </trkpt>
      <trkpt lat="28.26816" lon="-16.58576">
        <ele>2293.9</ele>
      </trkpt>
      <trkpt lat="28.26823" lon="-16.58565">
        <ele>2293.9</ele>
      </trkpt>
      <trkpt lat="28.2683" lon="-16.58551">
        <ele>2293.5</ele>
      </trkpt>
      <trkpt lat="28.26849" lon="-16.584689">
        <ele>2291.2</ele>
      </trkpt>
      <trkpt lat="28.26868" lon="-16.58387">
        <ele>2290.3</ele>
      </trkpt>
      <trkpt lat="28.26887" lon="-16.58305">
        <ele>2288.4</ele>
      </trkpt>
      <trkpt lat="28.26906" lon="-16.58223">
        <ele>2280.9</ele>
      </trkpt>
      <trkpt lat="28.2691" lon="-16.58213">
        <ele>2279.0</ele>
      </trkpt>
      <trkpt lat="28.26915" lon="-16.582049">
        <ele>2277.3</ele>
      </trkpt>
      <trkpt lat="28.26921" lon="-16.582">
        <ele>2276.7</ele>
      </trkpt>
      <trkpt lat="28.26985" lon="-16.58173">
        <ele>2278.0</ele>
      </trkpt>
      <trkpt lat="28.26994" lon="-16.581669">
        <ele>2277.4</ele>
      </trkpt>
      <trkpt lat="28.27" lon="-16.5816">
        <ele>2276.5</ele>
      </trkpt>
      <trkpt lat="28.27005" lon="-16.58152">
        <ele>2275.5</ele>
      </trkpt>
      <trkpt lat="28.27027" lon="-16.58104">
        <ele>2268.4</ele>
      </trkpt>
      <trkpt lat="28.27049" lon="-16.580559">
        <ele>2259.4</ele>
      </trkpt>
      <trkpt lat="28.27063" lon="-16.58041">
        <ele>2257.0</ele>
      </trkpt>
      <trkpt lat="28.27115" lon="-16.579989">
        <ele>2250.4</ele>
      </trkpt>
      <trkpt lat="28.27126" lon="-16.57993">
        <ele>2248.9</ele>
      </trkpt>
      <trkpt lat="28.2721" lon="-16.57978">
        <ele>2246.7</ele>
      </trkpt>
      <trkpt lat="28.27293" lon="-16.57963">
        <ele>2240.5</ele>
      </trkpt>
      <trkpt lat="28.27377" lon="-16.57948">
        <ele>2231.8</ele>
      </trkpt>
      <trkpt lat="28.27388" lon="-16.57949">
        <ele>2231.7</ele>
      </trkpt>
      <trkpt lat="28.27406" lon="-16.57956">
        <ele>2233.0</ele>
      </trkpt>
      <trkpt lat="28.27415" lon="-16.57963">
        <ele>2234.3</ele>
      </trkpt>
      <trkpt lat="28.27423" lon="-16.57973">
        <ele>2235.5</ele>
      </trkpt>
      <trkpt lat="28.27461" lon="-16.5804">
        <ele>2242.8</ele>
      </trkpt>
      <trkpt lat="28.27469" lon="-16.5805">
        <ele>2243.5</ele>
      </trkpt>
      <trkpt lat="28.27478" lon="-16.580559">
        <ele>2242.8</ele>
      </trkpt>
      <trkpt lat="28.27487" lon="-16.5806">
        <ele>2241.5</ele>
      </trkpt>
      <trkpt lat="28.27497" lon="-16.5806">
        <ele>2238.8</ele>
      </trkpt>
      <trkpt lat="28.27515" lon="-16.580549">
        <ele>2235.8</ele>
      </trkpt>
      <trkpt lat="28.27524" lon="-16.5805">
        <ele>2234.1</ele>
      </trkpt>
      <trkpt lat="28.27536" lon="-16.58035">
        <ele>2230.0</ele>
      </trkpt>
      <trkpt lat="28.2754" lon="-16.58023">
        <ele>2227.2</ele>
      </trkpt>
      <trkpt lat="28.2756" lon="-16.57946">
        <ele>2221.5</ele>
      </trkpt>
      <trkpt lat="28.2758" lon="-16.57869">
        <ele>2221.6</ele>
      </trkpt>
      <trkpt lat="28.27601" lon="-16.577929">
        <ele>2220.2</ele>
      </trkpt>
      <trkpt lat="28.27621" lon="-16.57716">
        <ele>2218.0</ele>
      </trkpt>
      <trkpt lat="28.27626" lon="-16.57704">
        <ele>2217.5</ele>
      </trkpt>
      <trkpt lat="28.27633" lon="-16.57694">
        <ele>2217.2</ele>
      </trkpt>
      <trkpt lat="28.2765" lon="-16.576809">
        <ele>2216.8</ele>
      </trkpt>
      <trkpt lat="28.27689" lon="-16.57654">
        <ele>2215.2</ele>
      </trkpt>
      <trkpt lat="28.27728" lon="-16.57628">
        <ele>2212.4</ele>
      </trkpt>
      <trkpt lat="28.27747" lon="-16.57619">
        <ele>2211.1</ele>
      </trkpt>
      <trkpt lat="28.27767" lon="-16.5762">
        <ele>2208.9</ele>
      </trkpt>
      <trkpt lat="28.27819" lon="-16.57626">
        <ele>2203.1</ele>
      </trkpt>
      <trkpt lat="28.2784" lon="-16.576339">
        <ele>2202.4</ele>
      </trkpt>
      <trkpt lat="28.27876" lon="-16.57669">
        <ele>2203.6</ele>
      </trkpt>
      <trkpt lat="28.27912" lon="-16.57704">
        <ele>2201.7</ele>
      </trkpt>
      <trkpt lat="28.27928" lon="-16.57713">
        <ele>2201.2</ele>
      </trkpt>
      <trkpt lat="28.27935" lon="-16.57714">
        <ele>2200.6</ele>
      </trkpt>
      <trkpt lat="28.2795" lon="-16.57707">
        <ele>2198.1</ele>
      </trkpt>
      <trkpt lat="28.27961" lon="-16.57694">
        <ele>2195.6</ele>
      </trkpt>
      <trkpt lat="28.28005" lon="-16.576149">
        <ele>2186.7</ele>
      </trkpt>
      <trkpt lat="28.2805" lon="-16.57536">
        <ele>2183.5</ele>
      </trkpt>
      <trkpt lat="28.28095" lon="-16.57458">
        <ele>2179.0</ele>
      </trkpt>
      <trkpt lat="28.2814" lon="-16.573789">
        <ele>2174.3</ele>
      </trkpt>
      <trkpt lat="28.28185" lon="-16.573">
        <ele>2172.5</ele>
      </trkpt>
      <trkpt lat="28.28197" lon="-16.57284">
        <ele>2171.8</ele>
      </trkpt>
      <trkpt lat="28.28246" lon="-16.572399">
        <ele>2167.7</ele>
      </trkpt>
      <trkpt lat="28.28294" lon="-16.57196">
        <ele>2161.3</ele>
      </trkpt>
      <trkpt lat="28.28343" lon="-16.57153">
        <ele>2157.7</ele>
      </trkpt>
      <trkpt lat="28.28353" lon="-16.57141">
        <ele>2157.6</ele>
      </trkpt>
      <trkpt lat="28.2836" lon="-16.57131">
        <ele>2157.6</ele>
      </trkpt>
      <trkpt lat="28.28362" lon="-16.57121">
        <ele>2157.2</ele>
      </trkpt>
      <trkpt lat="28.28363" lon="-16.57109">
        <ele>2156.7</ele>
      </trkpt>
      <trkpt lat="28.28362" lon="-16.57046">
        <ele>2155.4</ele>
      </trkpt>
      <trkpt lat="28.2836" lon="-16.56982">
        <ele>2153.3</ele>
      </trkpt>
      <trkpt lat="28.28361" lon="-16.56971">
        <ele>2152.2</ele>
      </trkpt>
      <trkpt lat="28.28365" lon="-16.569579">
        <ele>2151.2</ele>
      </trkpt>
      <trkpt lat="28.28397" lon="-16.568919">
        <ele>2148.6</ele>
      </trkpt>
      <trkpt lat="28.28428" lon="-16.568259">
        <ele>2146.5</ele>
      </trkpt>
      <trkpt lat="28.28482" lon="-16.56754">
        <ele>2145.4</ele>
      </trkpt>
      <trkpt lat="28.28535" lon="-16.56682">
        <ele>2141.8</ele>
      </trkpt>
      <trkpt lat="28.28589" lon="-16.56609">
        <ele>2140.6</ele>
      </trkpt>
      <trkpt lat="28.28643" lon="-16.56537">
        <ele>2138.0</ele>
      </trkpt>
      <trkpt lat="28.2866" lon="-16.56524">
        <ele>2139.2</ele>
      </trkpt>
      <trkpt lat="28.28707" lon="-16.564979">
        <ele>2139.6</ele>
      </trkpt>
      <trkpt lat="28.28754" lon="-16.56472">
        <ele>2138.5</ele>
      </trkpt>
      <trkpt lat="28.28765" lon="-16.564689">
        <ele>2137.7</ele>
      </trkpt>
      <trkpt lat="28.28782" lon="-16.564689">
        <ele>2137.2</ele>
      </trkpt>
      <trkpt lat="28.28831" lon="-16.56492">
        <ele>2138.9</ele>
      </trkpt>
      <trkpt lat="28.28879" lon="-16.56515">
        <ele>2141.7</ele>
      </trkpt>
      <trkpt lat="28.28891" lon="-16.565169">
        <ele>2141.8</ele>
      </trkpt>
      <trkpt lat="28.28903" lon="-16.565159">
        <ele>2141.4</ele>
      </trkpt>
      <trkpt lat="28.2899" lon="-16.565">
        <ele>2138.0</ele>
      </trkpt>
      <trkpt lat="28.29076" lon="-16.56484">
        <ele>2134.9</ele>
      </trkpt>
      <trkpt lat="28.29163" lon="-16.56468">
        <ele>2134.0</ele>
      </trkpt>
      <trkpt lat="28.29181" lon="-16.564689">
        <ele>2133.6</ele>
      </trkpt>
      <trkpt lat="28.29258" lon="-16.56486">
        <ele>2131.8</ele>
      </trkpt>
      <trkpt lat="28.29334" lon="-16.56503">
        <ele>2131.1</ele>
      </trkpt>
      <trkpt lat="28.2941" lon="-16.5652">
        <ele>2131.5</ele>
      </trkpt>
      <trkpt lat="28.29487" lon="-16.56537">
        <ele>2132.4</ele>
      </trkpt>
      <trkpt lat="28.29563" lon="-16.565539">
        <ele>2130.9</ele>
      </trkpt>
      <trkpt lat="28.29639" lon="-16.56571">
        <ele>2127.5</ele>
      </trkpt>
      <trkpt lat="28.29651" lon="-16.565719">
        <ele>2127.0</ele>
      </trkpt>
      <trkpt lat="28.29662" lon="-16.5657">
        <ele>2126.4</ele>
      </trkpt>
      <trkpt lat="28.29705" lon="-16.56552">
        <ele>2123.3</ele>
      </trkpt>
      <trkpt lat="28.29748" lon="-16.565339">
        <ele>2120.1</ele>
      </trkpt>
      <trkpt lat="28.29763" lon="-16.565349">
        <ele>2118.5</ele>
      </trkpt>
      <trkpt lat="28.2978" lon="-16.56543">
        <ele>2116.8</ele>
      </trkpt>
      <trkpt lat="28.29848" lon="-16.565909">
        <ele>2110.8</ele>
      </trkpt>
      <trkpt lat="28.29858" lon="-16.56594">
        <ele>2110.0</ele>
      </trkpt>
      <trkpt lat="28.29866" lon="-16.56595">
        <ele>2109.2</ele>
      </trkpt>
      <trkpt lat="28.29876" lon="-16.565909">
        <ele>2107.9</ele>
      </trkpt>
      <trkpt lat="28.29929" lon="-16.56557">
        <ele>2100.4</ele>
      </trkpt>
      <trkpt lat="28.29982" lon="-16.56522">
        <ele>2091.9</ele>
      </trkpt>
      <trkpt lat="28.2999" lon="-16.56519">
        <ele>2090.7</ele>
      </trkpt>
      <trkpt lat="28.29998" lon="-16.56519">
        <ele>2089.7</ele>
      </trkpt>
      <trkpt lat="28.30004" lon="-16.56521">
        <ele>2089.1</ele>
      </trkpt>
      <trkpt lat="28.30021" lon="-16.56532">
        <ele>2087.5</ele>
      </trkpt>
      <trkpt lat="28.30027" lon="-16.56538">
        <ele>2087.1</ele>
      </trkpt>
      <trkpt lat="28.30033" lon="-16.565529">
        <ele>2087.5</ele>
      </trkpt>
      <trkpt lat="28.30038" lon="-16.566099">
        <ele>2089.3</ele>
      </trkpt>
      <trkpt lat="28.30037" lon="-16.56624">
        <ele>2089.6</ele>
      </trkpt>
      <trkpt lat="28.3003" lon="-16.566479">
        <ele>2091.2</ele>
      </trkpt>
      <trkpt lat="28.30028" lon="-16.566569">
        <ele>2091.6</ele>
      </trkpt>
      <trkpt lat="28.30029" lon="-16.566659">
        <ele>2091.4</ele>
      </trkpt>
      <trkpt lat="28.30031" lon="-16.56673">
        <ele>2091.4</ele>
      </trkpt>
      <trkpt lat="28.30034" lon="-16.5668">
        <ele>2091.2</ele>
      </trkpt>
      <trkpt lat="28.30041" lon="-16.56687">
        <ele>2090.2</ele>
      </trkpt>
      <trkpt lat="28.30047" lon="-16.56691">
        <ele>2089.3</ele>
      </trkpt>
      <trkpt lat="28.30089" lon="-16.567039">
        <ele>2082.4</ele>
      </trkpt>
      <trkpt lat="28.301" lon="-16.567139">
        <ele>2081.3</ele>
      </trkpt>
      <trkpt lat="28.30122" lon="-16.56756">
        <ele>2080.2</ele>
      </trkpt>
      <trkpt lat="28.30124" lon="-16.56766">
        <ele>2079.7</ele>
      </trkpt>
      <trkpt lat="28.30133" lon="-16.56838">
        <ele>2078.2</ele>
      </trkpt>
      <trkpt lat="28.30136" lon="-16.56846">
        <ele>2078.2</ele>
      </trkpt>
      <trkpt lat="28.30143" lon="-16.56853">
        <ele>2077.7</ele>
      </trkpt>
      <trkpt lat="28.30156" lon="-16.56857">
        <ele>2076.0</ele>
      </trkpt>
      <trkpt lat="28.30162" lon="-16.56857">
        <ele>2075.1</ele>
      </trkpt>
      <trkpt lat="28.3017" lon="-16.568549">
        <ele>2074.2</ele>
      </trkpt>
      <trkpt lat="28.30244" lon="-16.56814">
        <ele>2071.7</ele>
      </trkpt>
      <trkpt lat="28.30317" lon="-16.56774">
        <ele>2066.9</ele>
      </trkpt>
      <trkpt lat="28.3033" lon="-16.567609">
        <ele>2064.9</ele>
      </trkpt>
      <trkpt lat="28.30342" lon="-16.56739">
        <ele>2062.2</ele>
      </trkpt>
      <trkpt lat="28.30379" lon="-16.566579">
        <ele>2055.0</ele>
      </trkpt>
      <trkpt lat="28.30416" lon="-16.56578">
        <ele>2048.3</ele>
      </trkpt>
      <trkpt lat="28.30461" lon="-16.56524">
        <ele>2044.6</ele>
      </trkpt>
      <trkpt lat="28.30506" lon="-16.564689">
        <ele>2041.6</ele>
      </trkpt>
      <trkpt lat="28.30516" lon="-16.56462">
        <ele>2040.4</ele>
      </trkpt>
      <trkpt lat="28.30538" lon="-16.564589">
        <ele>2038.8</ele>
      </trkpt>
      <trkpt lat="28.30571" lon="-16.56457">
        <ele>2036.6</ele>
      </trkpt>
      <trkpt lat="28.30588" lon="-16.56446">
        <ele>2034.4</ele>
      </trkpt>
      <trkpt lat="28.30601" lon="-16.564319">
        <ele>2031.4</ele>
      </trkpt>
      <trkpt lat="28.30608" lon="-16.56418">
        <ele>2029.2</ele>
      </trkpt>
      <trkpt lat="28.30613" lon="-16.56398">
        <ele>2029.6</ele>
      </trkpt>
      <trkpt lat="28.30614" lon="-16.56299">
        <ele>2036.6</ele>
      </trkpt>
      <trkpt lat="28.30614" lon="-16.56201">
        <ele>2042.5</ele>
      </trkpt>
      <trkpt lat="28.30615" lon="-16.561029">
        <ele>2049.8</ele>
      </trkpt>
      <trkpt lat="28.30615" lon="-16.56004">
        <ele>2056.7</ele>
      </trkpt>
      <trkpt lat="28.30615" lon="-16.559059">
        <ele>2066.9</ele>
      </trkpt>
      <trkpt lat="28.30616" lon="-16.55807">
        <ele>2077.3</ele>
      </trkpt>
      <trkpt lat="28.30616" lon="-16.557089">
        <ele>2090.9</ele>
      </trkpt>
      <trkpt lat="28.30617" lon="-16.5561">
        <ele>2096.1</ele>
      </trkpt>
      <trkpt lat="28.30617" lon="-16.555119">
        <ele>2099.4</ele>
      </trkpt>
      <trkpt lat="28.30618" lon="-16.55414">
        <ele>2103.6</ele>
      </trkpt>
      <trkpt lat="28.30618" lon="-16.553149">
        <ele>2112.3</ele>
      </trkpt>
      <trkpt lat="28.30619" lon="-16.55217">
        <ele>2118.1</ele>
      </trkpt>
      <trkpt lat="28.30619" lon="-16.551179">
        <ele>2123.0</ele>
      </trkpt>
      <trkpt lat="28.3062" lon="-16.5502">
        <ele>2124.1</ele>
      </trkpt>
      <trkpt lat="28.3062" lon="-16.549209">
        <ele>2127.3</ele>
      </trkpt>
      <trkpt lat="28.3062" lon="-16.54823">
        <ele>2133.8</ele>
      </trkpt>
      <trkpt lat="28.30621" lon="-16.547249">
        <ele>2141.1</ele>
      </trkpt>
      <trkpt lat="28.30621" lon="-16.54626">
        <ele>2148.2</ele>
      </trkpt>
      <trkpt lat="28.30622" lon="-16.54528">
        <ele>2155.4</ele>
      </trkpt>
      <trkpt lat="28.30623" lon="-16.5443">
        <ele>2159.8</ele>
      </trkpt>
      <trkpt lat="28.30624" lon="-16.54332">
        <ele>2161.7</ele>
      </trkpt>
      <trkpt lat="28.30625" lon="-16.542349">
        <ele>2166.2</ele>
      </trkpt>
      <trkpt lat="28.30625" lon="-16.54137">
        <ele>2172.2</ele>
      </trkpt>
      <trkpt lat="28.30628" lon="-16.54099">
        <ele>2175.2</ele>
      </trkpt>
      <trkpt lat="28.30632" lon="-16.54079">
        <ele>2176.6</ele>
      </trkpt>
      <trkpt lat="28.30636" lon="-16.540669">
        <ele>2177.8</ele>
      </trkpt>
      <trkpt lat="28.30646" lon="-16.5405">
        <ele>2179.0</ele>
      </trkpt>
      <trkpt lat="28.30657" lon="-16.540379">
        <ele>2179.3</ele>
      </trkpt>
      <trkpt lat="28.30676" lon="-16.540299">
        <ele>2180.2</ele>
      </trkpt>
      <trkpt lat="28.30691" lon="-16.54027">
        <ele>2182.1</ele>
      </trkpt>
      <trkpt lat="28.30704" lon="-16.54027">
        <ele>2183.4</ele>
      </trkpt>
      <trkpt lat="28.30725" lon="-16.54031">
        <ele>2184.6</ele>
      </trkpt>
      <trkpt lat="28.30805" lon="-16.54055">
        <ele>2186.1</ele>
      </trkpt>
      <trkpt lat="28.30828" lon="-16.540579">
        <ele>2187.3</ele>
      </trkpt>
      <trkpt lat="28.30844" lon="-16.54056">
        <ele>2186.5</ele>
      </trkpt>
      <trkpt lat="28.30865" lon="-16.54047">
        <ele>2185.0</ele>
      </trkpt>
      <trkpt lat="28.30878" lon="-16.54034">
        <ele>2185.6</ele>
      </trkpt>
      <trkpt lat="28.30886" lon="-16.540189">
        <ele>2187.5</ele>
      </trkpt>
      <trkpt lat="28.3089" lon="-16.53999">
        <ele>2190.8</ele>
      </trkpt>
      <trkpt lat="28.3089" lon="-16.53986">
        <ele>2191.1</ele>
      </trkpt>
      <trkpt lat="28.30886" lon="-16.5397">
        <ele>2192.2</ele>
      </trkpt>
      <trkpt lat="28.3088" lon="-16.53957">
        <ele>2193.3</ele>
      </trkpt>
      <trkpt lat="28.30871" lon="-16.539439">
        <ele>2194.7</ele>
      </trkpt>
      <trkpt lat="28.30852" lon="-16.53924">
        <ele>2197.0</ele>
      </trkpt>
      <trkpt lat="28.30803" lon="-16.538789">
        <ele>2198.6</ele>
      </trkpt>
      <trkpt lat="28.30754" lon="-16.53835">
        <ele>2207.0</ele>
      </trkpt>
      <trkpt lat="28.30738" lon="-16.53818">
        <ele>2208.3</ele>
      </trkpt>
      <trkpt lat="28.30722" lon="-16.53797">
        <ele>2209.0</ele>
      </trkpt>
      <trkpt lat="28.30712" lon="-16.537759">
        <ele>2209.9</ele>
      </trkpt>
      <trkpt lat="28.30703" lon="-16.537489">
        <ele>2211.3</ele>
      </trkpt>
      <trkpt lat="28.3068" lon="-16.53658">
        <ele>2215.3</ele>
      </trkpt>
      <trkpt lat="28.30657" lon="-16.53566">
        <ele>2215.6</ele>
      </trkpt>
      <trkpt lat="28.30635" lon="-16.534749">
        <ele>2216.0</ele>
      </trkpt>
      <trkpt lat="28.30612" lon="-16.533829">
        <ele>2222.5</ele>
      </trkpt>
      <trkpt lat="28.30589" lon="-16.53292">
        <ele>2232.2</ele>
      </trkpt>
      <trkpt lat="28.30566" lon="-16.53201">
        <ele>2232.3</ele>
      </trkpt>
      <trkpt lat="28.30556" lon="-16.53171">
        <ele>2231.6</ele>
      </trkpt>
      <trkpt lat="28.30545" lon="-16.53149">
        <ele>2231.9</ele>
      </trkpt>
      <trkpt lat="28.30523" lon="-16.531199">
        <ele>2233.2</ele>
      </trkpt>
      <trkpt lat="28.30492" lon="-16.53095">
        <ele>2234.8</ele>
      </trkpt>
      <trkpt lat="28.30439" lon="-16.530629">
        <ele>2235.4</ele>
      </trkpt>
      <trkpt lat="28.30386" lon="-16.53032">
        <ele>2238.0</ele>
      </trkpt>
      <trkpt lat="28.30332" lon="-16.53">
        <ele>2241.1</ele>
      </trkpt>
      <trkpt lat="28.30297" lon="-16.529779">
        <ele>2244.3</ele>
      </trkpt>
      <trkpt lat="28.30284" lon="-16.52966">
        <ele>2245.6</ele>
      </trkpt>
      <trkpt lat="28.30271" lon="-16.529509">
        <ele>2247.1</ele>
      </trkpt>
      <trkpt lat="28.30261" lon="-16.52936">
        <ele>2248.4</ele>
      </trkpt>
      <trkpt lat="28.30249" lon="-16.52915">
        <ele>2250.1</ele>
      </trkpt>
      <trkpt lat="28.3022" lon="-16.52839">
        <ele>2251.7</ele>
      </trkpt>
      <trkpt lat="28.30191" lon="-16.52764">
        <ele>2254.8</ele>
      </trkpt>
      <trkpt lat="28.30162" lon="-16.526879">
        <ele>2259.1</ele>
      </trkpt>
      <trkpt lat="28.30155" lon="-16.52656">
        <ele>2262.3</ele>
      </trkpt>
      <trkpt lat="28.30152" lon="-16.52625">
        <ele>2266.5</ele>
      </trkpt>
      <trkpt lat="28.30157" lon="-16.52549">
        <ele>2272.6</ele>
      </trkpt>
      <trkpt lat="28.30159" lon="-16.52526">
        <ele>2273.9</ele>
      </trkpt>
      <trkpt lat="28.30163" lon="-16.52512">
        <ele>2274.0</ele>
      </trkpt>
      <trkpt lat="28.30174" lon="-16.524909">
        <ele>2273.7</ele>
      </trkpt>
      <trkpt lat="28.30209" lon="-16.52449">
        <ele>2270.8</ele>
      </trkpt>
      <trkpt lat="28.30226" lon="-16.524239">
        <ele>2269.7</ele>
      </trkpt>
      <trkpt lat="28.30235" lon="-16.52409">
        <ele>2269.4</ele>
      </trkpt>
      <trkpt lat="28.30241" lon="-16.52389">
        <ele>2271.5</ele>
      </trkpt>
      <trkpt lat="28.30246" lon="-16.52363">
        <ele>2275.5</ele>
      </trkpt>
      <trkpt lat="28.30256" lon="-16.52268">
        <ele>2283.7</ele>
      </trkpt>
      <trkpt lat="28.30266" lon="-16.52173">
        <ele>2288.0</ele>
      </trkpt>
      <trkpt lat="28.30276" lon="-16.520769">
        <ele>2291.2</ele>
      </trkpt>
      <trkpt lat="28.30286" lon="-16.51982">
        <ele>2295.3</ele>
      </trkpt>
      <trkpt lat="28.30296" lon="-16.51886">
        <ele>2293.2</ele>
      </trkpt>
      <trkpt lat="28.30306" lon="-16.51791">
        <ele>2290.4</ele>
      </trkpt>
      <trkpt lat="28.30316" lon="-16.51695">
        <ele>2287.9</ele>
      </trkpt>
      <trkpt lat="28.30327" lon="-16.515999">
        <ele>2285.0</ele>
      </trkpt>
      <trkpt lat="28.30326" lon="-16.51586">
        <ele>2284.2</ele>
      </trkpt>
      <trkpt lat="28.30323" lon="-16.515709">
        <ele>2282.9</ele>
      </trkpt>
      <trkpt lat="28.30317" lon="-16.51558">
        <ele>2281.6</ele>
      </trkpt>
      <trkpt lat="28.30275" lon="-16.514779">
        <ele>2282.5</ele>
      </trkpt>
      <trkpt lat="28.30317" lon="-16.51558">
        <ele>2281.6</ele>
      </trkpt>
      <trkpt lat="28.30323" lon="-16.515709">
        <ele>2282.9</ele>
      </trkpt>
      <trkpt lat="28.30326" lon="-16.51586">
        <ele>2284.2</ele>
      </trkpt>
      <trkpt lat="28.30327" lon="-16.515999">
        <ele>2285.0</ele>
      </trkpt>
      <trkpt lat="28.30316" lon="-16.51695">
        <ele>2287.9</ele>
      </trkpt>
      <trkpt lat="28.30306" lon="-16.51791">
        <ele>2290.4</ele>
      </trkpt>
      <trkpt lat="28.30296" lon="-16.51886">
        <ele>2293.2</ele>
      </trkpt>
      <trkpt lat="28.30286" lon="-16.51982">
        <ele>2295.3</ele>
      </trkpt>
      <trkpt lat="28.30276" lon="-16.520769">
        <ele>2291.2</ele>
      </trkpt>
      <trkpt lat="28.30266" lon="-16.52173">
        <ele>2288.0</ele>
      </trkpt>
      <trkpt lat="28.30256" lon="-16.52268">
        <ele>2283.7</ele>
      </trkpt>
      <trkpt lat="28.30246" lon="-16.52363">
        <ele>2275.5</ele>
      </trkpt>
      <trkpt lat="28.30241" lon="-16.52389">
        <ele>2271.5</ele>
      </trkpt>
      <trkpt lat="28.30235" lon="-16.52409">
        <ele>2269.4</ele>
      </trkpt>
      <trkpt lat="28.30226" lon="-16.524239">
        <ele>2269.7</ele>
      </trkpt>
      <trkpt lat="28.30209" lon="-16.52449">
        <ele>2270.8</ele>
      </trkpt>
      <trkpt lat="28.30174" lon="-16.524909">
        <ele>2273.7</ele>
      </trkpt>
      <trkpt lat="28.30163" lon="-16.52512">
        <ele>2274.0</ele>
      </trkpt>
      <trkpt lat="28.30159" lon="-16.52526">
        <ele>2273.9</ele>
      </trkpt>
      <trkpt lat="28.30157" lon="-16.52549">
        <ele>2272.6</ele>
      </trkpt>
      <trkpt lat="28.30152" lon="-16.52625">
        <ele>2266.5</ele>
      </trkpt>
      <trkpt lat="28.30155" lon="-16.52656">
        <ele>2262.3</ele>
      </trkpt>
      <trkpt lat="28.30162" lon="-16.526879">
        <ele>2259.1</ele>
      </trkpt>
      <trkpt lat="28.30191" lon="-16.52764">
        <ele>2254.8</ele>
      </trkpt>
      <trkpt lat="28.3022" lon="-16.52839">
        <ele>2251.7</ele>
      </trkpt>
      <trkpt lat="28.30249" lon="-16.52915">
        <ele>2250.1</ele>
      </trkpt>
      <trkpt lat="28.30261" lon="-16.52936">
        <ele>2248.4</ele>
      </trkpt>
      <trkpt lat="28.30271" lon="-16.529509">
        <ele>2247.1</ele>
      </trkpt>
      <trkpt lat="28.30284" lon="-16.52966">
        <ele>2245.6</ele>
      </trkpt>
      <trkpt lat="28.30297" lon="-16.529779">
        <ele>2244.3</ele>
      </trkpt>
      <trkpt lat="28.30332" lon="-16.53">
        <ele>2241.1</ele>
      </trkpt>
      <trkpt lat="28.30386" lon="-16.53032">
        <ele>2238.0</ele>
      </trkpt>
      <trkpt lat="28.30439" lon="-16.530629">
        <ele>2235.4</ele>
      </trkpt>
      <trkpt lat="28.30492" lon="-16.53095">
        <ele>2234.8</ele>
      </trkpt>
      <trkpt lat="28.30523" lon="-16.531199">
        <ele>2233.2</ele>
      </trkpt>
      <trkpt lat="28.30545" lon="-16.53149">
        <ele>2231.9</ele>
      </trkpt>
      <trkpt lat="28.30556" lon="-16.53171">
        <ele>2231.6</ele>
      </trkpt>
      <trkpt lat="28.30566" lon="-16.53201">
        <ele>2232.3</ele>
      </trkpt>
      <trkpt lat="28.30589" lon="-16.53292">
        <ele>2232.2</ele>
      </trkpt>
      <trkpt lat="28.30612" lon="-16.533829">
        <ele>2222.5</ele>
      </trkpt>
      <trkpt lat="28.30635" lon="-16.534749">
        <ele>2216.0</ele>
      </trkpt>
      <trkpt lat="28.30657" lon="-16.53566">
        <ele>2215.6</ele>
      </trkpt>
      <trkpt lat="28.3068" lon="-16.53658">
        <ele>2215.3</ele>
      </trkpt>
      <trkpt lat="28.30703" lon="-16.537489">
        <ele>2211.3</ele>
      </trkpt>
      <trkpt lat="28.30712" lon="-16.537759">
        <ele>2209.9</ele>
      </trkpt>
      <trkpt lat="28.30722" lon="-16.53797">
        <ele>2209.0</ele>
      </trkpt>
      <trkpt lat="28.30738" lon="-16.53818">
        <ele>2208.3</ele>
      </trkpt>
      <trkpt lat="28.30754" lon="-16.53835">
        <ele>2207.0</ele>
      </trkpt>
      <trkpt lat="28.30803" lon="-16.538789">
        <ele>2198.6</ele>
      </trkpt>
      <trkpt lat="28.30852" lon="-16.53924">
        <ele>2197.0</ele>
      </trkpt>
      <trkpt lat="28.30871" lon="-16.539439">
        <ele>2194.7</ele>
      </trkpt>
      <trkpt lat="28.3088" lon="-16.53957">
        <ele>2193.3</ele>
      </trkpt>
      <trkpt lat="28.30886" lon="-16.5397">
        <ele>2192.2</ele>
      </trkpt>
      <trkpt lat="28.3089" lon="-16.53986">
        <ele>2191.1</ele>
      </trkpt>
      <trkpt lat="28.3089" lon="-16.53999">
        <ele>2190.8</ele>
      </trkpt>
      <trkpt lat="28.30886" lon="-16.540189">
        <ele>2187.5</ele>
      </trkpt>
      <trkpt lat="28.30878" lon="-16.54034">
        <ele>2185.6</ele>
      </trkpt>
      <trkpt lat="28.30865" lon="-16.54047">
        <ele>2185.0</ele>
      </trkpt>
      <trkpt lat="28.30844" lon="-16.54056">
        <ele>2186.5</ele>
      </trkpt>
      <trkpt lat="28.30828" lon="-16.540579">
        <ele>2187.3</ele>
      </trkpt>
      <trkpt lat="28.30805" lon="-16.54055">
        <ele>2186.1</ele>
      </trkpt>
      <trkpt lat="28.30725" lon="-16.54031">
        <ele>2184.6</ele>
      </trkpt>
      <trkpt lat="28.30704" lon="-16.54027">
        <ele>2183.4</ele>
      </trkpt>
      <trkpt lat="28.30691" lon="-16.54027">
        <ele>2182.1</ele>
      </trkpt>
      <trkpt lat="28.30676" lon="-16.540299">
        <ele>2180.2</ele>
      </trkpt>
      <trkpt lat="28.30657" lon="-16.540379">
        <ele>2179.3</ele>
      </trkpt>
      <trkpt lat="28.30646" lon="-16.5405">
        <ele>2179.0</ele>
      </trkpt>
      <trkpt lat="28.30636" lon="-16.540669">
        <ele>2177.8</ele>
      </trkpt>
      <trkpt lat="28.30632" lon="-16.54079">
        <ele>2176.6</ele>
      </trkpt>
      <trkpt lat="28.30628" lon="-16.54099">
        <ele>2175.2</ele>
      </trkpt>
      <trkpt lat="28.30625" lon="-16.54137">
        <ele>2172.2</ele>
      </trkpt>
      <trkpt lat="28.30625" lon="-16.542349">
        <ele>2166.2</ele>
      </trkpt>
      <trkpt lat="28.30624" lon="-16.54332">
        <ele>2161.7</ele>
      </trkpt>
      <trkpt lat="28.30623" lon="-16.5443">
        <ele>2159.8</ele>
      </trkpt>
      <trkpt lat="28.30622" lon="-16.54528">
        <ele>2155.4</ele>
      </trkpt>
      <trkpt lat="28.30621" lon="-16.54626">
        <ele>2148.2</ele>
      </trkpt>
      <trkpt lat="28.30621" lon="-16.547249">
        <ele>2141.1</ele>
      </trkpt>
      <trkpt lat="28.3062" lon="-16.54823">
        <ele>2133.8</ele>
      </trkpt>
      <trkpt lat="28.3062" lon="-16.549209">
        <ele>2127.3</ele>
      </trkpt>
      <trkpt lat="28.3062" lon="-16.5502">
        <ele>2124.1</ele>
      </trkpt>
      <trkpt lat="28.30619" lon="-16.551179">
        <ele>2123.0</ele>
      </trkpt>
      <trkpt lat="28.30619" lon="-16.55217">
        <ele>2118.1</ele>
      </trkpt>
      <trkpt lat="28.30618" lon="-16.553149">
        <ele>2112.3</ele>
      </trkpt>
      <trkpt lat="28.30618" lon="-16.55414">
        <ele>2103.6</ele>
      </trkpt>
      <trkpt lat="28.30617" lon="-16.555119">
        <ele>2099.4</ele>
      </trkpt>
      <trkpt lat="28.30617" lon="-16.5561">
        <ele>2096.1</ele>
      </trkpt>
      <trkpt lat="28.30616" lon="-16.557089">
        <ele>2090.9</ele>
      </trkpt>
      <trkpt lat="28.30616" lon="-16.55807">
        <ele>2077.3</ele>
      </trkpt>
      <trkpt lat="28.30615" lon="-16.559059">
        <ele>2066.9</ele>
      </trkpt>
      <trkpt lat="28.30615" lon="-16.56004">
        <ele>2056.7</ele>
      </trkpt>
      <trkpt lat="28.30615" lon="-16.561029">
        <ele>2049.8</ele>
      </trkpt>
      <trkpt lat="28.30614" lon="-16.56201">
        <ele>2042.5</ele>
      </trkpt>
      <trkpt lat="28.30614" lon="-16.56299">
        <ele>2036.6</ele>
      </trkpt>
      <trkpt lat="28.30613" lon="-16.56398">
        <ele>2029.6</ele>
      </trkpt>
      <trkpt lat="28.30608" lon="-16.56418">
        <ele>2029.2</ele>
      </trkpt>
      <trkpt lat="28.30601" lon="-16.564319">
        <ele>2031.4</ele>
      </trkpt>
      <trkpt lat="28.30588" lon="-16.56446">
        <ele>2034.4</ele>
      </trkpt>
      <trkpt lat="28.30571" lon="-16.56457">
        <ele>2036.6</ele>
      </trkpt>
      <trkpt lat="28.30538" lon="-16.564589">
        <ele>2038.8</ele>
      </trkpt>
      <trkpt lat="28.30516" lon="-16.56462">
        <ele>2040.4</ele>
      </trkpt>
      <trkpt lat="28.30506" lon="-16.564689">
        <ele>2041.6</ele>
      </trkpt>
      <trkpt lat="28.30461" lon="-16.56524">
        <ele>2044.6</ele>
      </trkpt>
      <trkpt lat="28.30416" lon="-16.56578">
        <ele>2048.3</ele>
      </trkpt>
      <trkpt lat="28.30379" lon="-16.566579">
        <ele>2055.0</ele>
      </trkpt>
      <trkpt lat="28.30342" lon="-16.56739">
        <ele>2062.2</ele>
      </trkpt>
      <trkpt lat="28.3033" lon="-16.567609">
        <ele>2064.9</ele>
      </trkpt>
      <trkpt lat="28.30317" lon="-16.56774">
        <ele>2066.9</ele>
      </trkpt>
      <trkpt lat="28.30244" lon="-16.56814">
        <ele>2071.7</ele>
      </trkpt>
      <trkpt lat="28.3017" lon="-16.568549">
        <ele>2074.2</ele>
      </trkpt>
      <trkpt lat="28.30162" lon="-16.56857">
        <ele>2075.1</ele>
      </trkpt>
      <trkpt lat="28.30156" lon="-16.56857">
        <ele>2076.0</ele>
      </trkpt>
      <trkpt lat="28.30143" lon="-16.56853">
        <ele>2077.7</ele>
      </trkpt>
      <trkpt lat="28.30136" lon="-16.56846">
        <ele>2078.2</ele>
      </trkpt>
      <trkpt lat="28.30133" lon="-16.56838">
        <ele>2078.2</ele>
      </trkpt>
      <trkpt lat="28.30124" lon="-16.56766">
        <ele>2079.7</ele>
      </trkpt>
      <trkpt lat="28.30122" lon="-16.56756">
        <ele>2080.2</ele>
      </trkpt>
      <trkpt lat="28.301" lon="-16.567139">
        <ele>2081.3</ele>
      </trkpt>
      <trkpt lat="28.30089" lon="-16.567039">
        <ele>2082.4</ele>
      </trkpt>
      <trkpt lat="28.30047" lon="-16.56691">
        <ele>2089.3</ele>
      </trkpt>
      <trkpt lat="28.30041" lon="-16.56687">
        <ele>2090.2</ele>
      </trkpt>
      <trkpt lat="28.30034" lon="-16.5668">
        <ele>2091.2</ele>
      </trkpt>
      <trkpt lat="28.30031" lon="-16.56673">
        <ele>2091.4</ele>
      </trkpt>
      <trkpt lat="28.30029" lon="-16.566659">
        <ele>2091.4</ele>
      </trkpt>
      <trkpt lat="28.30028" lon="-16.566569">
        <ele>2091.6</ele>
      </trkpt>
      <trkpt lat="28.3003" lon="-16.566479">
        <ele>2091.2</ele>
      </trkpt>
      <trkpt lat="28.30037" lon="-16.56624">
        <ele>2089.6</ele>
      </trkpt>
      <trkpt lat="28.30038" lon="-16.566099">
        <ele>2089.3</ele>
      </trkpt>
      <trkpt lat="28.30033" lon="-16.565529">
        <ele>2087.5</ele>
      </trkpt>
      <trkpt lat="28.30027" lon="-16.56538">
        <ele>2087.1</ele>
      </trkpt>
      <trkpt lat="28.30021" lon="-16.56532">
        <ele>2087.5</ele>
      </trkpt>
      <trkpt lat="28.30004" lon="-16.56521">
        <ele>2089.1</ele>
      </trkpt>
      <trkpt lat="28.29998" lon="-16.56519">
        <ele>2089.7</ele>
      </trkpt>
      <trkpt lat="28.2999" lon="-16.56519">
        <ele>2090.7</ele>
      </trkpt>
      <trkpt lat="28.29982" lon="-16.56522">
        <ele>2091.9</ele>
      </trkpt>
      <trkpt lat="28.29929" lon="-16.56557">
        <ele>2100.4</ele>
      </trkpt>
      <trkpt lat="28.29876" lon="-16.565909">
        <ele>2107.9</ele>
      </trkpt>
      <trkpt lat="28.29866" lon="-16.56595">
        <ele>2109.2</ele>
      </trkpt>
      <trkpt lat="28.29858" lon="-16.56594">
        <ele>2110.0</ele>
      </trkpt>
      <trkpt lat="28.29848" lon="-16.565909">
        <ele>2110.8</ele>
      </trkpt>
      <trkpt lat="28.2978" lon="-16.56543">
        <ele>2116.8</ele>
      </trkpt>
      <trkpt lat="28.29763" lon="-16.565349">
        <ele>2118.5</ele>
      </trkpt>
      <trkpt lat="28.29748" lon="-16.565339">
        <ele>2120.1</ele>
      </trkpt>
      <trkpt lat="28.29705" lon="-16.56552">
        <ele>2123.3</ele>
      </trkpt>
      <trkpt lat="28.29662" lon="-16.5657">
        <ele>2126.4</ele>
      </trkpt>
      <trkpt lat="28.29651" lon="-16.565719">
        <ele>2127.0</ele>
      </trkpt>
      <trkpt lat="28.29639" lon="-16.56571">
        <ele>2127.5</ele>
      </trkpt>
      <trkpt lat="28.29563" lon="-16.565539">
        <ele>2130.9</ele>
      </trkpt>
      <trkpt lat="28.29487" lon="-16.56537">
        <ele>2132.4</ele>
      </trkpt>
      <trkpt lat="28.2941" lon="-16.5652">
        <ele>2131.5</ele>
      </trkpt>
      <trkpt lat="28.29334" lon="-16.56503">
        <ele>2131.1</ele>
      </trkpt>
      <trkpt lat="28.29258" lon="-16.56486">
        <ele>2131.8</ele>
      </trkpt>
      <trkpt lat="28.29181" lon="-16.564689">
        <ele>2133.6</ele>
      </trkpt>
      <trkpt lat="28.29163" lon="-16.56468">
        <ele>2134.0</ele>
      </trkpt>
      <trkpt lat="28.29076" lon="-16.56484">
        <ele>2134.9</ele>
      </trkpt>
      <trkpt lat="28.2899" lon="-16.565">
        <ele>2138.0</ele>
      </trkpt>
      <trkpt lat="28.28903" lon="-16.565159">
        <ele>2141.4</ele>
      </trkpt>
      <trkpt lat="28.28891" lon="-16.565169">
        <ele>2141.8</ele>
      </trkpt>
      <trkpt lat="28.28879" lon="-16.56515">
        <ele>2141.7</ele>
      </trkpt>
      <trkpt lat="28.28831" lon="-16.56492">
        <ele>2138.9</ele>
      </trkpt>
      <trkpt lat="28.28782" lon="-16.564689">
        <ele>2137.2</ele>
      </trkpt>
      <trkpt lat="28.28765" lon="-16.564689">
        <ele>2137.7</ele>
      </trkpt>
      <trkpt lat="28.28754" lon="-16.56472">
        <ele>2138.5</ele>
      </trkpt>
      <trkpt lat="28.28707" lon="-16.564979">
        <ele>2139.6</ele>
      </trkpt>
      <trkpt lat="28.2866" lon="-16.56524">
        <ele>2139.2</ele>
      </trkpt>
      <trkpt lat="28.28643" lon="-16.56537">
        <ele>2138.0</ele>
      </trkpt>
      <trkpt lat="28.28589" lon="-16.56609">
        <ele>2140.6</ele>
      </trkpt>
      <trkpt lat="28.28535" lon="-16.56682">
        <ele>2141.8</ele>
      </trkpt>
      <trkpt lat="28.28482" lon="-16.56754">
        <ele>2145.4</ele>
      </trkpt>
      <trkpt lat="28.28428" lon="-16.568259">
        <ele>2146.5</ele>
      </trkpt>
      <trkpt lat="28.28397" lon="-16.568919">
        <ele>2148.6</ele>
      </trkpt>
      <trkpt lat="28.28365" lon="-16.569579">
        <ele>2151.2</ele>
      </trkpt>
      <trkpt lat="28.28361" lon="-16.56971">
        <ele>2152.2</ele>
      </trkpt>
      <trkpt lat="28.2836" lon="-16.56982">
        <ele>2153.3</ele>
      </trkpt>
      <trkpt lat="28.28362" lon="-16.57046">
        <ele>2155.4</ele>
      </trkpt>
      <trkpt lat="28.28363" lon="-16.57109">
        <ele>2156.7</ele>
      </trkpt>
      <trkpt lat="28.28362" lon="-16.57121">
        <ele>2157.2</ele>
      </trkpt>
      <trkpt lat="28.2836" lon="-16.57131">
        <ele>2157.6</ele>
      </trkpt>
      <trkpt lat="28.28353" lon="-16.57141">
        <ele>2157.6</ele>
      </trkpt>
      <trkpt lat="28.28343" lon="-16.57153">
        <ele>2157.7</ele>
      </trkpt>
      <trkpt lat="28.28294" lon="-16.57196">
        <ele>2161.3</ele>
      </trkpt>
      <trkpt lat="28.28246" lon="-16.572399">
        <ele>2167.7</ele>
      </trkpt>
      <trkpt lat="28.28197" lon="-16.57284">
        <ele>2171.8</ele>
      </trkpt>
      <trkpt lat="28.28185" lon="-16.573">
        <ele>2172.5</ele>
      </trkpt>
      <trkpt lat="28.2814" lon="-16.573789">
        <ele>2174.3</ele>
      </trkpt>
      <trkpt lat="28.28095" lon="-16.57458">
        <ele>2179.0</ele>
      </trkpt>
      <trkpt lat="28.2805" lon="-16.57536">
        <ele>2183.5</ele>
      </trkpt>
      <trkpt lat="28.28005" lon="-16.576149">
        <ele>2186.7</ele>
      </trkpt>
      <trkpt lat="28.27961" lon="-16.57694">
        <ele>2195.6</ele>
      </trkpt>
      <trkpt lat="28.2795" lon="-16.57707">
        <ele>2198.1</ele>
      </trkpt>
      <trkpt lat="28.27935" lon="-16.57714">
        <ele>2200.6</ele>
      </trkpt>
      <trkpt lat="28.27928" lon="-16.57713">
        <ele>2201.2</ele>
      </trkpt>
      <trkpt lat="28.27912" lon="-16.57704">
        <ele>2201.7</ele>
      </trkpt>
      <trkpt lat="28.27876" lon="-16.57669">
        <ele>2203.6</ele>
      </trkpt>
      <trkpt lat="28.2784" lon="-16.576339">
        <ele>2202.4</ele>
      </trkpt>
      <trkpt lat="28.27819" lon="-16.57626">
        <ele>2203.1</ele>
      </trkpt>
      <trkpt lat="28.27767" lon="-16.5762">
        <ele>2208.9</ele>
      </trkpt>
      <trkpt lat="28.27747" lon="-16.57619">
        <ele>2211.1</ele>
      </trkpt>
      <trkpt lat="28.27728" lon="-16.57628">
        <ele>2212.4</ele>
      </trkpt>
      <trkpt lat="28.27689" lon="-16.57654">
        <ele>2215.2</ele>
      </trkpt>
      <trkpt lat="28.2765" lon="-16.576809">
        <ele>2216.8</ele>
      </trkpt>
      <trkpt lat="28.27633" lon="-16.57694">
        <ele>2217.2</ele>
      </trkpt>
      <trkpt lat="28.27626" lon="-16.57704">
        <ele>2217.5</ele>
      </trkpt>
      <trkpt lat="28.27621" lon="-16.57716">
        <ele>2218.0</ele>
      </trkpt>
      <trkpt lat="28.27601" lon="-16.577929">
        <ele>2220.2</ele>
      </trkpt>
      <trkpt lat="28.2758" lon="-16.57869">
        <ele>2221.6</ele>
      </trkpt>
      <trkpt lat="28.2756" lon="-16.57946">
        <ele>2221.5</ele>
      </trkpt>
      <trkpt lat="28.2754" lon="-16.58023">
        <ele>2227.2</ele>
      </trkpt>
      <trkpt lat="28.27536" lon="-16.58035">
        <ele>2230.0</ele>
      </trkpt>
      <trkpt lat="28.27524" lon="-16.5805">
        <ele>2234.1</ele>
      </trkpt>
      <trkpt lat="28.27515" lon="-16.580549">
        <ele>2235.8</ele>
      </trkpt>
      <trkpt lat="28.27497" lon="-16.5806">
        <ele>2238.8</ele>
      </trkpt>
      <trkpt lat="28.27487" lon="-16.5806">
        <ele>2241.5</ele>
      </trkpt>
      <trkpt lat="28.27478" lon="-16.580559">
        <ele>2242.8</ele>
      </trkpt>
      <trkpt lat="28.27469" lon="-16.5805">
        <ele>2243.5</ele>
      </trkpt>
      <trkpt lat="28.27461" lon="-16.5804">
        <ele>2242.8</ele>
      </trkpt>
      <trkpt lat="28.27423" lon="-16.57973">
        <ele>2235.5</ele>
      </trkpt>
      <trkpt lat="28.27415" lon="-16.57963">
        <ele>2234.3</ele>
      </trkpt>
      <trkpt lat="28.27406" lon="-16.57956">
        <ele>2233.0</ele>
      </trkpt>
      <trkpt lat="28.27388" lon="-16.57949">
        <ele>2231.7</ele>
      </trkpt>
      <trkpt lat="28.27377" lon="-16.57948">
        <ele>2231.8</ele>
      </trkpt>
      <trkpt lat="28.27293" lon="-16.57963">
        <ele>2240.5</ele>
      </trkpt>
      <trkpt lat="28.2721" lon="-16.57978">
        <ele>2246.7</ele>
      </trkpt>
      <trkpt lat="28.27126" lon="-16.57993">
        <ele>2248.9</ele>
      </trkpt>
      <trkpt lat="28.27115" lon="-16.579989">
        <ele>2250.4</ele>
      </trkpt>
      <trkpt lat="28.27063" lon="-16.58041">
        <ele>2257.0</ele>
      </trkpt>
      <trkpt lat="28.27049" lon="-16.580559">
        <ele>2259.4</ele>
      </trkpt>
      <trkpt lat="28.27027" lon="-16.58104">
        <ele>2268.4</ele>
      </trkpt>
      <trkpt lat="28.27005" lon="-16.58152">
        <ele>2275.5</ele>
      </trkpt>
      <trkpt lat="28.27" lon="-16.5816">
        <ele>2276.5</ele>
      </trkpt>
      <trkpt lat="28.26994" lon="-16.581669">
        <ele>2277.4</ele>
      </trkpt>
      <trkpt lat="28.26985" lon="-16.58173">
        <ele>2278.0</ele>
      </trkpt>
      <trkpt lat="28.26921" lon="-16.582">
        <ele>2276.7</ele>
      </trkpt>
      <trkpt lat="28.26915" lon="-16.582049">
        <ele>2277.3</ele>
      </trkpt>
      <trkpt lat="28.2691" lon="-16.58213">
        <ele>2279.0</ele>
      </trkpt>
      <trkpt lat="28.26906" lon="-16.58223">
        <ele>2280.9</ele>
      </trkpt>
      <trkpt lat="28.26887" lon="-16.58305">
        <ele>2288.4</ele>
      </trkpt>
      <trkpt lat="28.26868" lon="-16.58387">
        <ele>2290.3</ele>
      </trkpt>
      <trkpt lat="28.26849" lon="-16.584689">
        <ele>2291.2</ele>
      </trkpt>
      <trkpt lat="28.2683" lon="-16.58551">
        <ele>2293.5</ele>
      </trkpt>
      <trkpt lat="28.26823" lon="-16.58565">
        <ele>2293.9</ele>
      </trkpt>
      <trkpt lat="28.26816" lon="-16.58576">
        <ele>2293.9</ele>
      </trkpt>
      <trkpt lat="28.26755" lon="-16.586469">
        <ele>2290.1</ele>
      </trkpt>
      <trkpt lat="28.26695" lon="-16.58717">
        <ele>2291.6</ele>
      </trkpt>
      <trkpt lat="28.26634" lon="-16.587879">
        <ele>2292.2</ele>
      </trkpt>
      <trkpt lat="28.26574" lon="-16.58859">
        <ele>2293.1</ele>
      </trkpt>
      <trkpt lat="28.26514" lon="-16.5893">
        <ele>2296.5</ele>
      </trkpt>
      <trkpt lat="28.26453" lon="-16.59001">
        <ele>2298.2</ele>
      </trkpt>
      <trkpt lat="28.26393" lon="-16.59071">
        <ele>2298.0</ele>
      </trkpt>
      <trkpt lat="28.26333" lon="-16.59142">
        <ele>2302.2</ele>
      </trkpt>
      <trkpt lat="28.26272" lon="-16.59213">
        <ele>2308.5</ele>
      </trkpt>
      <trkpt lat="28.26262" lon="-16.592199">
        <ele>2309.3</ele>
      </trkpt>
      <trkpt lat="28.26251" lon="-16.59223">
        <ele>2308.5</ele>
      </trkpt>
      <trkpt lat="28.26178" lon="-16.59232">
        <ele>2301.1</ele>
      </trkpt>
      <trkpt lat="28.26164" lon="-16.592369">
        <ele>2300.4</ele>
      </trkpt>
      <trkpt lat="28.26156" lon="-16.59242">
        <ele>2300.7</ele>
      </trkpt>
      <trkpt lat="28.261" lon="-16.59282">
        <ele>2303.2</ele>
      </trkpt>
      <trkpt lat="28.26044" lon="-16.593219">
        <ele>2297.1</ele>
      </trkpt>
      <trkpt lat="28.26035" lon="-16.593319">
        <ele>2295.7</ele>
      </trkpt>
      <trkpt lat="28.26031" lon="-16.593409">
        <ele>2295.6</ele>
      </trkpt>
      <trkpt lat="28.26029" lon="-16.59355">
        <ele>2296.7</ele>
      </trkpt>
      <trkpt lat="28.26029" lon="-16.594449">
        <ele>2304.1</ele>
      </trkpt>
      <trkpt lat="28.26031" lon="-16.594619">
        <ele>2304.7</ele>
      </trkpt>
      <trkpt lat="28.26034" lon="-16.59468">
        <ele>2305.6</ele>
      </trkpt>
      <trkpt lat="28.26051" lon="-16.59502">
        <ele>2309.9</ele>
      </trkpt>
      <trkpt lat="28.26097" lon="-16.59569">
        <ele>2310.5</ele>
      </trkpt>
      <trkpt lat="28.2611" lon="-16.59582">
        <ele>2312.8</ele>
      </trkpt>
      <trkpt lat="28.26144" lon="-16.59608">
        <ele>2324.9</ele>
      </trkpt>
      <trkpt lat="28.26153" lon="-16.59619">
        <ele>2327.8</ele>
      </trkpt>
      <trkpt lat="28.26159" lon="-16.59634">
        <ele>2329.5</ele>
      </trkpt>
      <trkpt lat="28.26159" lon="-16.59649">
        <ele>2329.2</ele>
      </trkpt>
      <trkpt lat="28.26156" lon="-16.596589">
        <ele>2328.3</ele>
      </trkpt>
      <trkpt lat="28.26149" lon="-16.596699">
        <ele>2327.2</ele>
      </trkpt>
      <trkpt lat="28.26143" lon="-16.59676">
        <ele>2327.2</ele>
      </trkpt>
      <trkpt lat="28.26131" lon="-16.59682">
        <ele>2325.9</ele>
      </trkpt>
      <trkpt lat="28.26111" lon="-16.596879">
        <ele>2323.0</ele>
      </trkpt>
      <trkpt lat="28.26029" lon="-16.59702">
        <ele>2317.3</ele>
      </trkpt>
      <trkpt lat="28.26017" lon="-16.597069">
        <ele>2317.4</ele>
      </trkpt>
      <trkpt lat="28.26004" lon="-16.59718">
        <ele>2318.1</ele>
      </trkpt>
      <trkpt lat="28.25972" lon="-16.597539">
        <ele>2317.1</ele>
      </trkpt>
      <trkpt lat="28.2594" lon="-16.5979">
        <ele>2315.5</ele>
      </trkpt>
      <trkpt lat="28.25932" lon="-16.597999">
        <ele>2315.0</ele>
      </trkpt>
      <trkpt lat="28.25927" lon="-16.598099">
        <ele>2315.3</ele>
      </trkpt>
      <trkpt lat="28.25923" lon="-16.59824">
        <ele>2316.4</ele>
      </trkpt>
      <trkpt lat="28.25903" lon="-16.59918">
        <ele>2323.2</ele>
      </trkpt>
      <trkpt lat="28.25902" lon="-16.59928">
        <ele>2322.9</ele>
      </trkpt>
      <trkpt lat="28.25904" lon="-16.59943">
        <ele>2323.3</ele>
      </trkpt>
      <trkpt lat="28.2591" lon="-16.59956">
        <ele>2324.8</ele>
      </trkpt>
      <trkpt lat="28.2594" lon="-16.60015">
        <ele>2331.2</ele>
      </trkpt>
      <trkpt lat="28.25971" lon="-16.600739">
        <ele>2336.7</ele>
      </trkpt>
      <trkpt lat="28.25977" lon="-16.600909">
        <ele>2338.1</ele>
      </trkpt>
      <trkpt lat="28.25977" lon="-16.601099">
        <ele>2338.7</ele>
      </trkpt>
      <trkpt lat="28.25962" lon="-16.60202">
        <ele>2340.3</ele>
      </trkpt>
      <trkpt lat="28.25947" lon="-16.60294">
        <ele>2347.2</ele>
      </trkpt>
      <trkpt lat="28.25932" lon="-16.60386">
        <ele>2357.1</ele>
      </trkpt>
      <trkpt lat="28.25892" lon="-16.6047">
        <ele>2356.2</ele>
      </trkpt>
      <trkpt lat="28.25887" lon="-16.604869">
        <ele>2356.8</ele>
      </trkpt>
      <trkpt lat="28.25884" lon="-16.60512">
        <ele>2357.2</ele>
      </trkpt>
      <trkpt lat="28.25885" lon="-16.605319">
        <ele>2357.0</ele>
      </trkpt>
      <trkpt lat="28.25886" lon="-16.6054">
        <ele>2357.1</ele>
      </trkpt>
      <trkpt lat="28.25891" lon="-16.605509">
        <ele>2358.1</ele>
      </trkpt>
      <trkpt lat="28.25941" lon="-16.60622">
        <ele>2363.0</ele>
      </trkpt>
      <trkpt lat="28.25947" lon="-16.60633">
        <ele>2362.5</ele>
      </trkpt>
      <trkpt lat="28.25951" lon="-16.6065">
        <ele>2360.2</ele>
      </trkpt>
      <trkpt lat="28.25946" lon="-16.60734">
        <ele>2358.1</ele>
      </trkpt>
      <trkpt lat="28.25941" lon="-16.60818">
        <ele>2362.6</ele>
      </trkpt>
      <trkpt lat="28.25938" lon="-16.60832">
        <ele>2363.0</ele>
      </trkpt>
      <trkpt lat="28.25935" lon="-16.608419">
        <ele>2363.0</ele>
      </trkpt>
      <trkpt lat="28.25916" lon="-16.60876">
        <ele>2361.9</ele>
      </trkpt>
      <trkpt lat="28.25875" lon="-16.609449">
        <ele>2360.8</ele>
      </trkpt>
      <trkpt lat="28.25835" lon="-16.61014">
        <ele>2360.8</ele>
      </trkpt>
      <trkpt lat="28.25794" lon="-16.61083">
        <ele>2358.9</ele>
      </trkpt>
      <trkpt lat="28.25782" lon="-16.61107">
        <ele>2353.7</ele>
      </trkpt>
      <trkpt lat="28.25778" lon="-16.611229">
        <ele>2351.9</ele>
      </trkpt>
      <trkpt lat="28.25763" lon="-16.612089">
        <ele>2340.1</ele>
      </trkpt>
      <trkpt lat="28.25762" lon="-16.61224">
        <ele>2337.8</ele>
      </trkpt>
      <trkpt lat="28.25766" lon="-16.61239">
        <ele>2336.9</ele>
      </trkpt>
      <trkpt lat="28.25774" lon="-16.61249">
        <ele>2337.8</ele>
      </trkpt>
      <trkpt lat="28.25813" lon="-16.612749">
        <ele>2341.3</ele>
      </trkpt>
      <trkpt lat="28.25852" lon="-16.613019">
        <ele>2343.4</ele>
      </trkpt>
      <trkpt lat="28.25859" lon="-16.613119">
        <ele>2342.8</ele>
      </trkpt>
      <trkpt lat="28.25876" lon="-16.61344">
        <ele>2340.1</ele>
      </trkpt>
      <trkpt lat="28.25882" lon="-16.61352">
        <ele>2339.8</ele>
      </trkpt>
      <trkpt lat="28.25945" lon="-16.61408">
        <ele>2345.0</ele>
      </trkpt>
      <trkpt lat="28.25953" lon="-16.614239">
        <ele>2344.8</ele>
      </trkpt>
      <trkpt lat="28.25971" lon="-16.61502">
        <ele>2341.3</ele>
      </trkpt>
      <trkpt lat="28.25971" lon="-16.61512">
        <ele>2343.1</ele>
      </trkpt>
      <trkpt lat="28.25968" lon="-16.6152">
        <ele>2343.5</ele>
      </trkpt>
      <trkpt lat="28.25962" lon="-16.61529">
        <ele>2343.0</ele>
      </trkpt>
      <trkpt lat="28.25953" lon="-16.615359">
        <ele>2341.1</ele>
      </trkpt>
      <trkpt lat="28.259" lon="-16.615559">
        <ele>2327.3</ele>
      </trkpt>
      <trkpt lat="28.25892" lon="-16.61563">
        <ele>2326.2</ele>
      </trkpt>
      <trkpt lat="28.25886" lon="-16.615739">
        <ele>2326.2</ele>
      </trkpt>
      <trkpt lat="28.25859" lon="-16.61671">
        <ele>2323.4</ele>
      </trkpt>
      <trkpt lat="28.25832" lon="-16.61767">
        <ele>2327.3</ele>
      </trkpt>
      <trkpt lat="28.25825" lon="-16.61783">
        <ele>2331.3</ele>
      </trkpt>
      <trkpt lat="28.25819" lon="-16.61789">
        <ele>2332.2</ele>
      </trkpt>
      <trkpt lat="28.25811" lon="-16.61796">
        <ele>2333.1</ele>
      </trkpt>
      <trkpt lat="28.25769" lon="-16.618099">
        <ele>2330.3</ele>
      </trkpt>
      <trkpt lat="28.25748" lon="-16.61814">
        <ele>2327.9</ele>
      </trkpt>
      <trkpt lat="28.25663" lon="-16.61821">
        <ele>2315.2</ele>
      </trkpt>
      <trkpt lat="28.25653" lon="-16.61824">
        <ele>2314.0</ele>
      </trkpt>
      <trkpt lat="28.25642" lon="-16.61833">
        <ele>2313.9</ele>
      </trkpt>
      <trkpt lat="28.25595" lon="-16.61898">
        <ele>2313.8</ele>
      </trkpt>
      <trkpt lat="28.25549" lon="-16.61964">
        <ele>2313.0</ele>
      </trkpt>
      <trkpt lat="28.2554" lon="-16.619779">
        <ele>2312.6</ele>
      </trkpt>
      <trkpt lat="28.25533" lon="-16.61994">
        <ele>2312.3</ele>
      </trkpt>
      <trkpt lat="28.25506" lon="-16.62076">
        <ele>2310.4</ele>
      </trkpt>
      <trkpt lat="28.25479" lon="-16.62159">
        <ele>2308.5</ele>
      </trkpt>
      <trkpt lat="28.25452" lon="-16.62242">
        <ele>2304.1</ele>
      </trkpt>
      <trkpt lat="28.25425" lon="-16.62324">
        <ele>2299.0</ele>
      </trkpt>
      <trkpt lat="28.25399" lon="-16.62407">
        <ele>2298.1</ele>
      </trkpt>
      <trkpt lat="28.25372" lon="-16.62489">
        <ele>2298.1</ele>
      </trkpt>
      <trkpt lat="28.25366" lon="-16.625029">
        <ele>2297.9</ele>
      </trkpt>
      <trkpt lat="28.25351" lon="-16.6252">
        <ele>2297.7</ele>
      </trkpt>
      <trkpt lat="28.25284" lon="-16.62566">
        <ele>2292.0</ele>
      </trkpt>
      <trkpt lat="28.25217" lon="-16.62611">
        <ele>2287.0</ele>
      </trkpt>
      <trkpt lat="28.2515" lon="-16.62657">
        <ele>2282.5</ele>
      </trkpt>
      <trkpt lat="28.25084" lon="-16.62703">
        <ele>2281.7</ele>
      </trkpt>
      <trkpt lat="28.25044" lon="-16.62726">
        <ele>2282.1</ele>
      </trkpt>
      <trkpt lat="28.25016" lon="-16.62734">
        <ele>2281.9</ele>
      </trkpt>
      <trkpt lat="28.24934" lon="-16.627469">
        <ele>2277.2</ele>
      </trkpt>
      <trkpt lat="28.24852" lon="-16.62761">
        <ele>2272.6</ele>
      </trkpt>
      <trkpt lat="28.2477" lon="-16.62774">
        <ele>2266.8</ele>
      </trkpt>
      <trkpt lat="28.24743" lon="-16.62781">
        <ele>2264.7</ele>
      </trkpt>
      <trkpt lat="28.24727" lon="-16.627859">
        <ele>2263.0</ele>
      </trkpt>
      <trkpt lat="28.24714" lon="-16.62793">
        <ele>2261.7</ele>
      </trkpt>
      <trkpt lat="28.24693" lon="-16.62808">
        <ele>2259.5</ele>
      </trkpt>
      <trkpt lat="28.24632" lon="-16.62859">
        <ele>2253.0</ele>
      </trkpt>
      <trkpt lat="28.24571" lon="-16.6291">
        <ele>2243.9</ele>
      </trkpt>
      <trkpt lat="28.24511" lon="-16.6296">
        <ele>2235.0</ele>
      </trkpt>
      <trkpt lat="28.2445" lon="-16.630109">
        <ele>2227.8</ele>
      </trkpt>
      <trkpt lat="28.24426" lon="-16.63027">
        <ele>2224.9</ele>
      </trkpt>
      <trkpt lat="28.24409" lon="-16.63036">
        <ele>2222.8</ele>
      </trkpt>
      <trkpt lat="28.24394" lon="-16.6304">
        <ele>2221.2</ele>
      </trkpt>
      <trkpt lat="28.24376" lon="-16.63043">
        <ele>2219.1</ele>
      </trkpt>
      <trkpt lat="28.24346" lon="-16.63043">
        <ele>2215.5</ele>
      </trkpt>
      <trkpt lat="28.2426" lon="-16.63035">
        <ele>2209.3</ele>
      </trkpt>
      <trkpt lat="28.24175" lon="-16.630279">
        <ele>2204.2</ele>
      </trkpt>
      <trkpt lat="28.24089" lon="-16.630199">
        <ele>2197.2</ele>
      </trkpt>
      <trkpt lat="28.24003" lon="-16.63012">
        <ele>2194.5</ele>
      </trkpt>
      <trkpt lat="28.23917" lon="-16.63005">
        <ele>2191.1</ele>
      </trkpt>
      <trkpt lat="28.23832" lon="-16.62997">
        <ele>2188.9</ele>
      </trkpt>
      <trkpt lat="28.23746" lon="-16.62989">
        <ele>2185.8</ele>
      </trkpt>
      <trkpt lat="28.2366" lon="-16.629819">
        <ele>2181.0</ele>
      </trkpt>
      <trkpt lat="28.23575" lon="-16.62974">
        <ele>2175.8</ele>
      </trkpt>
      <trkpt lat="28.23489" lon="-16.62966">
        <ele>2174.2</ele>
      </trkpt>
      <trkpt lat="28.23403" lon="-16.62959">
        <ele>2172.2</ele>
      </trkpt>
      <trkpt lat="28.23317" lon="-16.62951">
        <ele>2167.3</ele>
      </trkpt>
      <trkpt lat="28.23232" lon="-16.62943">
        <ele>2163.9</ele>
      </trkpt>
      <trkpt lat="28.23146" lon="-16.629359">
        <ele>2161.2</ele>
      </trkpt>
      <trkpt lat="28.2306" lon="-16.62928">
        <ele>2157.7</ele>
      </trkpt>
      <trkpt lat="28.22974" lon="-16.62921">
        <ele>2156.2</ele>
      </trkpt>
      <trkpt lat="28.22889" lon="-16.62913">
        <ele>2154.4</ele>
      </trkpt>
      <trkpt lat="28.22803" lon="-16.62905">
        <ele>2151.3</ele>
      </trkpt>
      <trkpt lat="28.22717" lon="-16.628979">
        <ele>2147.2</ele>
      </trkpt>
      <trkpt lat="28.22632" lon="-16.6289">
        <ele>2144.6</ele>
      </trkpt>
      <trkpt lat="28.22546" lon="-16.62882">
        <ele>2142.4</ele>
      </trkpt>
      <trkpt lat="28.2246" lon="-16.62875">
        <ele>2140.5</ele>
      </trkpt>
      <trkpt lat="28.22374" lon="-16.62867">
        <ele>2138.1</ele>
      </trkpt>
      <trkpt lat="28.22289" lon="-16.62852">
        <ele>2135.1</ele>
      </trkpt>
      <trkpt lat="28.22203" lon="-16.62838">
        <ele>2130.4</ele>
      </trkpt>
      <trkpt lat="28.22117" lon="-16.628229">
        <ele>2123.5</ele>
      </trkpt>
      <trkpt lat="28.22031" lon="-16.62808">
        <ele>2115.9</ele>
      </trkpt>
      <trkpt lat="28.21945" lon="-16.627939">
        <ele>2110.3</ele>
      </trkpt>
      <trkpt lat="28.21859" lon="-16.62779">
        <ele>2109.5</ele>
      </trkpt>
      <trkpt lat="28.21836" lon="-16.62772">
        <ele>2110.9</ele>
      </trkpt>
      <trkpt lat="28.21815" lon="-16.62763">
        <ele>2107.8</ele>
      </trkpt>
      <trkpt lat="28.21802" lon="-16.62752">
        <ele>2106.4</ele>
      </trkpt>
      <trkpt lat="28.2179" lon="-16.627389">
        <ele>2104.0</ele>
      </trkpt>
      <trkpt lat="28.21779" lon="-16.62722">
        <ele>2101.9</ele>
      </trkpt>
      <trkpt lat="28.21766" lon="-16.626909">
        <ele>2100.3</ele>
      </trkpt>
      <trkpt lat="28.2175" lon="-16.62642">
        <ele>2102.9</ele>
      </trkpt>
      <trkpt lat="28.21742" lon="-16.626249">
        <ele>2106.3</ele>
      </trkpt>
      <trkpt lat="28.21723" lon="-16.626069">
        <ele>2108.1</ele>
      </trkpt>
      <trkpt lat="28.21715" lon="-16.62603">
        <ele>2107.9</ele>
      </trkpt>
      <trkpt lat="28.21703" lon="-16.626">
        <ele>2106.9</ele>
      </trkpt>
      <trkpt lat="28.2169" lon="-16.62601">
        <ele>2105.1</ele>
      </trkpt>
      <trkpt lat="28.21675" lon="-16.626059">
        <ele>2102.6</ele>
      </trkpt>
      <trkpt lat="28.21605" lon="-16.6265">
        <ele>2097.5</ele>
      </trkpt>
      <trkpt lat="28.21536" lon="-16.62693">
        <ele>2087.9</ele>
      </trkpt>
      <trkpt lat="28.21466" lon="-16.62736">
        <ele>2079.4</ele>
      </trkpt>
      <trkpt lat="28.21396" lon="-16.62779">
        <ele>2075.3</ele>
      </trkpt>
      <trkpt lat="28.21326" lon="-16.628219">
        <ele>2066.5</ele>
      </trkpt>
      <trkpt lat="28.21304" lon="-16.628409">
        <ele>2065.2</ele>
      </trkpt>
      <trkpt lat="28.21289" lon="-16.62856">
        <ele>2064.3</ele>
      </trkpt>
      <trkpt lat="28.21258" lon="-16.629">
        <ele>2058.8</ele>
      </trkpt>
      <trkpt lat="28.21226" lon="-16.629439">
        <ele>2058.0</ele>
      </trkpt>
      <trkpt lat="28.21215" lon="-16.629639">
        <ele>2056.2</ele>
      </trkpt>
      <trkpt lat="28.2121" lon="-16.62979">
        <ele>2053.5</ele>
      </trkpt>
      <trkpt lat="28.21208" lon="-16.62996">
        <ele>2049.2</ele>
      </trkpt>
      <trkpt lat="28.21207" lon="-16.630199">
        <ele>2047.6</ele>
      </trkpt>
      <trkpt lat="28.21213" lon="-16.63078">
        <ele>2043.5</ele>
      </trkpt>
      <trkpt lat="28.21218" lon="-16.63136">
        <ele>2036.7</ele>
      </trkpt>
      <trkpt lat="28.21215" lon="-16.63168">
        <ele>2034.8</ele>
      </trkpt>
      <trkpt lat="28.21209" lon="-16.63185">
        <ele>2034.4</ele>
      </trkpt>
      <trkpt lat="28.21198" lon="-16.63206">
        <ele>2034.4</ele>
      </trkpt>
      <trkpt lat="28.21177" lon="-16.63238">
        <ele>2033.5</ele>
      </trkpt>
      <trkpt lat="28.21161" lon="-16.632719">
        <ele>2031.7</ele>
      </trkpt>
      <trkpt lat="28.21155" lon="-16.63295">
        <ele>2029.7</ele>
      </trkpt>
      <trkpt lat="28.21147" lon="-16.633379">
        <ele>2024.4</ele>
      </trkpt>
      <trkpt lat="28.21133" lon="-16.63422">
        <ele>2023.0</ele>
      </trkpt>
      <trkpt lat="28.21119" lon="-16.635069">
        <ele>2020.6</ele>
      </trkpt>
      <trkpt lat="28.21106" lon="-16.63591">
        <ele>2019.2</ele>
      </trkpt>
      <trkpt lat="28.21091" lon="-16.63681">
        <ele>2011.9</ele>
      </trkpt>
      <trkpt lat="28.21077" lon="-16.637709">
        <ele>2013.1</ele>
      </trkpt>
      <trkpt lat="28.21063" lon="-16.63861">
        <ele>2011.4</ele>
      </trkpt>
      <trkpt lat="28.21048" lon="-16.63951">
        <ele>2012.8</ele>
      </trkpt>
      <trkpt lat="28.21034" lon="-16.64041">
        <ele>2017.4</ele>
      </trkpt>
      <trkpt lat="28.21019" lon="-16.6413">
        <ele>2014.3</ele>
      </trkpt>
      <trkpt lat="28.21005" lon="-16.642199">
        <ele>2009.0</ele>
      </trkpt>
      <trkpt lat="28.21" lon="-16.64261">
        <ele>2007.9</ele>
      </trkpt>
      <trkpt lat="28.20998" lon="-16.6429">
        <ele>2007.6</ele>
      </trkpt>
      <trkpt lat="28.20998" lon="-16.64332">
        <ele>2007.1</ele>
      </trkpt>
      <trkpt lat="28.21005" lon="-16.644089">
        <ele>2007.1</ele>
      </trkpt>
      <trkpt lat="28.21013" lon="-16.64487">
        <ele>2010.2</ele>
      </trkpt>
      <trkpt lat="28.21022" lon="-16.64585">
        <ele>2012.4</ele>
      </trkpt>
      <trkpt lat="28.21032" lon="-16.64684">
        <ele>2009.3</ele>
      </trkpt>
      <trkpt lat="28.21041" lon="-16.64782">
        <ele>2010.6</ele>
      </trkpt>
      <trkpt lat="28.2105" lon="-16.64881">
        <ele>2009.1</ele>
      </trkpt>
      <trkpt lat="28.2106" lon="-16.64979">
        <ele>2010.6</ele>
      </trkpt>
      <trkpt lat="28.21069" lon="-16.65078">
        <ele>2012.1</ele>
      </trkpt>
      <trkpt lat="28.21079" lon="-16.65176">
        <ele>2017.6</ele>
      </trkpt>
      <trkpt lat="28.21088" lon="-16.65275">
        <ele>2022.1</ele>
      </trkpt>
      <trkpt lat="28.21098" lon="-16.65373">
        <ele>2023.3</ele>
      </trkpt>
      <trkpt lat="28.21099" lon="-16.654029">
        <ele>2023.8</ele>
      </trkpt>
      <trkpt lat="28.21098" lon="-16.65429">
        <ele>2024.6</ele>
      </trkpt>
      <trkpt lat="28.21087" lon="-16.65528">
        <ele>2029.0</ele>
      </trkpt>
      <trkpt lat="28.21075" lon="-16.65626">
        <ele>2032.6</ele>
      </trkpt>
      <trkpt lat="28.21074" lon="-16.65652">
        <ele>2033.4</ele>
      </trkpt>
      <trkpt lat="28.21076" lon="-16.65679">
        <ele>2034.0</ele>
      </trkpt>
      <trkpt lat="28.21079" lon="-16.65698">
        <ele>2034.3</ele>
      </trkpt>
      <trkpt lat="28.21084" lon="-16.657129">
        <ele>2034.1</ele>
      </trkpt>
      <trkpt lat="28.21099" lon="-16.65747">
        <ele>2034.2</ele>
      </trkpt>
      <trkpt lat="28.21144" lon="-16.65827">
        <ele>2036.9</ele>
      </trkpt>
      <trkpt lat="28.21189" lon="-16.65908">
        <ele>2035.8</ele>
      </trkpt>
      <trkpt lat="28.21234" lon="-16.65988">
        <ele>2034.1</ele>
      </trkpt>
      <trkpt lat="28.21279" lon="-16.66068">
        <ele>2039.1</ele>
      </trkpt>
      <trkpt lat="28.21287" lon="-16.66084">
        <ele>2039.5</ele>
      </trkpt>
      <trkpt lat="28.2132" lon="-16.66178">
        <ele>2034.1</ele>
      </trkpt>
      <trkpt lat="28.21353" lon="-16.66273">
        <ele>2031.2</ele>
      </trkpt>
      <trkpt lat="28.21387" lon="-16.66367">
        <ele>2028.7</ele>
      </trkpt>
      <trkpt lat="28.2142" lon="-16.66461">
        <ele>2024.2</ele>
      </trkpt>
      <trkpt lat="28.21453" lon="-16.66556">
        <ele>2029.2</ele>
      </trkpt>
      <trkpt lat="28.21487" lon="-16.6665">
        <ele>2030.8</ele>
      </trkpt>
      <trkpt lat="28.2152" lon="-16.667449">
        <ele>2028.5</ele>
      </trkpt>
      <trkpt lat="28.21553" lon="-16.668389">
        <ele>2025.9</ele>
      </trkpt>
      <trkpt lat="28.21587" lon="-16.669329">
        <ele>2025.5</ele>
      </trkpt>
      <trkpt lat="28.21596" lon="-16.669619">
        <ele>2026.5</ele>
      </trkpt>
      <trkpt lat="28.216" lon="-16.669889">
        <ele>2027.3</ele>
      </trkpt>
      <trkpt lat="28.216" lon="-16.67013">
        <ele>2027.8</ele>
      </trkpt>
      <trkpt lat="28.21596" lon="-16.67044">
        <ele>2028.4</ele>
      </trkpt>
      <trkpt lat="28.21586" lon="-16.67071">
        <ele>2028.7</ele>
      </trkpt>
      <trkpt lat="28.21569" lon="-16.671029">
        <ele>2030.3</ele>
      </trkpt>
      <trkpt lat="28.21537" lon="-16.671479">
        <ele>2031.7</ele>
      </trkpt>
      <trkpt lat="28.21505" lon="-16.67194">
        <ele>2032.6</ele>
      </trkpt>
      <trkpt lat="28.21487" lon="-16.67229">
        <ele>2034.0</ele>
      </trkpt>
      <trkpt lat="28.2148" lon="-16.672529">
        <ele>2034.7</ele>
      </trkpt>
      <trkpt lat="28.21474" lon="-16.67278">
        <ele>2034.9</ele>
      </trkpt>
      <trkpt lat="28.21463" lon="-16.67368">
        <ele>2034.9</ele>
      </trkpt>
      <trkpt lat="28.21453" lon="-16.674579">
        <ele>2033.7</ele>
      </trkpt>
      <trkpt lat="28.21442" lon="-16.67548">
        <ele>2032.5</ele>
      </trkpt>
      <trkpt lat="28.21431" lon="-16.67638">
        <ele>2033.7</ele>
      </trkpt>
      <trkpt lat="28.21422" lon="-16.67725">
        <ele>2036.0</ele>
      </trkpt>
      <trkpt lat="28.21413" lon="-16.67812">
        <ele>2038.2</ele>
      </trkpt>
      <trkpt lat="28.2141" lon="-16.67857">
        <ele>2039.4</ele>
      </trkpt>
      <trkpt lat="28.21406" lon="-16.679179">
        <ele>2041.1</ele>
      </trkpt>
      <trkpt lat="28.21401" lon="-16.67971">
        <ele>2041.0</ele>
      </trkpt>
      <trkpt lat="28.21393" lon="-16.68008">
        <ele>2041.5</ele>
      </trkpt>
      <trkpt lat="28.21384" lon="-16.680299">
        <ele>2042.0</ele>
      </trkpt>
      <trkpt lat="28.21372" lon="-16.68051">
        <ele>2042.0</ele>
      </trkpt>
      <trkpt lat="28.21361" lon="-16.68065">
        <ele>2041.7</ele>
      </trkpt>
      <trkpt lat="28.21341" lon="-16.68082">
        <ele>2040.8</ele>
      </trkpt>
      <trkpt lat="28.21322" lon="-16.68093">
        <ele>2042.7</ele>
      </trkpt>
      <trkpt lat="28.21303" lon="-16.68099">
        <ele>2045.3</ele>
      </trkpt>
      <trkpt lat="28.21285" lon="-16.681">
        <ele>2047.8</ele>
      </trkpt>
      <trkpt lat="28.21262" lon="-16.68099">
        <ele>2051.0</ele>
      </trkpt>
      <trkpt lat="28.21223" lon="-16.68089">
        <ele>2049.5</ele>
      </trkpt>
      <trkpt lat="28.21145" lon="-16.68052">
        <ele>2059.7</ele>
      </trkpt>
      <trkpt lat="28.21132" lon="-16.68048">
        <ele>2061.8</ele>
      </trkpt>
      <trkpt lat="28.21119" lon="-16.68046">
        <ele>2062.9</ele>
      </trkpt>
      <trkpt lat="28.21062" lon="-16.68046">
        <ele>2062.1</ele>
      </trkpt>
      <trkpt lat="28.21045" lon="-16.68044">
        <ele>2062.7</ele>
      </trkpt>
      <trkpt lat="28.2096" lon="-16.68018">
        <ele>2073.0</ele>
      </trkpt>
      <trkpt lat="28.20949" lon="-16.68017">
        <ele>2072.8</ele>
      </trkpt>
      <trkpt lat="28.20939" lon="-16.68016">
        <ele>2072.6</ele>
      </trkpt>
      <trkpt lat="28.20897" lon="-16.680219">
        <ele>2066.3</ele>
      </trkpt>
      <trkpt lat="28.20882" lon="-16.6802">
        <ele>2066.1</ele>
      </trkpt>
      <trkpt lat="28.20869" lon="-16.68016">
        <ele>2067.0</ele>
      </trkpt>
      <trkpt lat="28.20858" lon="-16.6801">
        <ele>2069.1</ele>
      </trkpt>
      <trkpt lat="28.20817" lon="-16.67979">
        <ele>2081.5</ele>
      </trkpt>
      <trkpt lat="28.20807" lon="-16.67976">
        <ele>2082.9</ele>
      </trkpt>
      <trkpt lat="28.20798" lon="-16.67977">
        <ele>2082.6</ele>
      </trkpt>
      <trkpt lat="28.20789" lon="-16.67979">
        <ele>2081.9</ele>
      </trkpt>
      <trkpt lat="28.20743" lon="-16.68006">
        <ele>2075.3</ele>
      </trkpt>
      <trkpt lat="28.20697" lon="-16.68033">
        <ele>2083.1</ele>
      </trkpt>
      <trkpt lat="28.20686" lon="-16.68042">
        <ele>2084.4</ele>
      </trkpt>
      <trkpt lat="28.20678" lon="-16.680599">
        <ele>2081.7</ele>
      </trkpt>
      <trkpt lat="28.20668" lon="-16.681059">
        <ele>2073.2</ele>
      </trkpt>
      <trkpt lat="28.20661" lon="-16.68121">
        <ele>2070.9</ele>
      </trkpt>
      <trkpt lat="28.20653" lon="-16.68136">
        <ele>2068.8</ele>
      </trkpt>
      <trkpt lat="28.20647" lon="-16.681429">
        <ele>2068.5</ele>
      </trkpt>
      <trkpt lat="28.20641" lon="-16.68147">
        <ele>2068.8</ele>
      </trkpt>
      <trkpt lat="28.20633" lon="-16.68149">
        <ele>2069.9</ele>
      </trkpt>
      <trkpt lat="28.20627" lon="-16.68148">
        <ele>2071.1</ele>
      </trkpt>
      <trkpt lat="28.20622" lon="-16.681439">
        <ele>2072.3</ele>
      </trkpt>
      <trkpt lat="28.20618" lon="-16.68137">
        <ele>2073.5</ele>
      </trkpt>
      <trkpt lat="28.20616" lon="-16.68127">
        <ele>2074.5</ele>
      </trkpt>
      <trkpt lat="28.20616" lon="-16.68117">
        <ele>2075.3</ele>
      </trkpt>
      <trkpt lat="28.2062" lon="-16.68085">
        <ele>2077.7</ele>
      </trkpt>
      <trkpt lat="28.2062" lon="-16.680689">
        <ele>2081.7</ele>
      </trkpt>
      <trkpt lat="28.20609" lon="-16.67997">
        <ele>2099.8</ele>
      </trkpt>
      <trkpt lat="28.20602" lon="-16.67979">
        <ele>2105.0</ele>
      </trkpt>
      <trkpt lat="28.20592" lon="-16.67969">
        <ele>2107.3</ele>
      </trkpt>
      <trkpt lat="28.20566" lon="-16.679549">
        <ele>2109.6</ele>
      </trkpt>
      <trkpt lat="28.20494" lon="-16.679269">
        <ele>2117.4</ele>
      </trkpt>
      <trkpt lat="28.20479" lon="-16.679279">
        <ele>2117.9</ele>
      </trkpt>
      <trkpt lat="28.2045" lon="-16.67945">
        <ele>2111.8</ele>
      </trkpt>
      <trkpt lat="28.20434" lon="-16.6795">
        <ele>2110.6</ele>
      </trkpt>
      <trkpt lat="28.20404" lon="-16.6795">
        <ele>2109.4</ele>
      </trkpt>
      <trkpt lat="28.20393" lon="-16.67948">
        <ele>2108.0</ele>
      </trkpt>
      <trkpt lat="28.20377" lon="-16.67942">
        <ele>2106.9</ele>
      </trkpt>
      <trkpt lat="28.20371" lon="-16.67936">
        <ele>2107.6</ele>
      </trkpt>
      <trkpt lat="28.20365" lon="-16.67929">
        <ele>2108.3</ele>
      </trkpt>
      <trkpt lat="28.20361" lon="-16.6792">
        <ele>2110.0</ele>
      </trkpt>
      <trkpt lat="28.2036" lon="-16.679099">
        <ele>2110.6</ele>
      </trkpt>
      <trkpt lat="28.2036" lon="-16.67894">
        <ele>2110.4</ele>
      </trkpt>
      <trkpt lat="28.20365" lon="-16.67879">
        <ele>2112.2</ele>
      </trkpt>
      <trkpt lat="28.20375" lon="-16.67859">
        <ele>2116.7</ele>
      </trkpt>
      <trkpt lat="28.20396" lon="-16.678239">
        <ele>2126.4</ele>
      </trkpt>
      <trkpt lat="28.20427" lon="-16.677869">
        <ele>2133.2</ele>
      </trkpt>
      <trkpt lat="28.20441" lon="-16.67764">
        <ele>2136.4</ele>
      </trkpt>
      <trkpt lat="28.20455" lon="-16.677399">
        <ele>2140.6</ele>
      </trkpt>
      <trkpt lat="28.20483" lon="-16.67676">
        <ele>2141.5</ele>
      </trkpt>
      <trkpt lat="28.2049" lon="-16.67663">
        <ele>2141.9</ele>
      </trkpt>
      <trkpt lat="28.20504" lon="-16.67645">
        <ele>2145.3</ele>
      </trkpt>
      <trkpt lat="28.20544" lon="-16.67606">
        <ele>2154.8</ele>
      </trkpt>
      <trkpt lat="28.20583" lon="-16.67566">
        <ele>2160.8</ele>
      </trkpt>
      <trkpt lat="28.20597" lon="-16.67546">
        <ele>2162.9</ele>
      </trkpt>
      <trkpt lat="28.20602" lon="-16.675329">
        <ele>2162.7</ele>
      </trkpt>
      <trkpt lat="28.20608" lon="-16.67502">
        <ele>2160.1</ele>
      </trkpt>
      <trkpt lat="28.20607" lon="-16.67492">
        <ele>2160.4</ele>
      </trkpt>
      <trkpt lat="28.20602" lon="-16.6748">
        <ele>2160.4</ele>
      </trkpt>
      <trkpt lat="28.20588" lon="-16.6746">
        <ele>2159.4</ele>
      </trkpt>
      <trkpt lat="28.20559" lon="-16.67429">
        <ele>2160.3</ele>
      </trkpt>
      <trkpt lat="28.20547" lon="-16.674209">
        <ele>2160.7</ele>
      </trkpt>
      <trkpt lat="28.20486" lon="-16.67391">
        <ele>2164.0</ele>
      </trkpt>
      <trkpt lat="28.20426" lon="-16.6736">
        <ele>2169.6</ele>
      </trkpt>
      <trkpt lat="28.20418" lon="-16.67359">
        <ele>2169.6</ele>
      </trkpt>
      <trkpt lat="28.20407" lon="-16.6736">
        <ele>2169.2</ele>
      </trkpt>
      <trkpt lat="28.2037" lon="-16.67371">
        <ele>2166.7</ele>
      </trkpt>
      <trkpt lat="28.20358" lon="-16.67372">
        <ele>2166.5</ele>
      </trkpt>
      <trkpt lat="28.20347" lon="-16.67371">
        <ele>2166.7</ele>
      </trkpt>
      <trkpt lat="28.2034" lon="-16.67366">
        <ele>2167.7</ele>
      </trkpt>
      <trkpt lat="28.20334" lon="-16.6736">
        <ele>2168.9</ele>
      </trkpt>
      <trkpt lat="28.20314" lon="-16.67314">
        <ele>2177.3</ele>
      </trkpt>
      <trkpt lat="28.20306" lon="-16.67303">
        <ele>2179.5</ele>
      </trkpt>
      <trkpt lat="28.20296" lon="-16.67295">
        <ele>2180.4</ele>
      </trkpt>
      <trkpt lat="28.2025" lon="-16.67282">
        <ele>2177.6</ele>
      </trkpt>
      <trkpt lat="28.20236" lon="-16.67272">
        <ele>2176.2</ele>
      </trkpt>
      <trkpt lat="28.20229" lon="-16.6726">
        <ele>2176.9</ele>
      </trkpt>
      <trkpt lat="28.20225" lon="-16.67246">
        <ele>2178.4</ele>
      </trkpt>
      <trkpt lat="28.2022" lon="-16.67222">
        <ele>2179.8</ele>
      </trkpt>
      <trkpt lat="28.20218" lon="-16.67198">
        <ele>2182.2</ele>
      </trkpt>
      <trkpt lat="28.2022" lon="-16.67183">
        <ele>2184.8</ele>
      </trkpt>
      <trkpt lat="28.20231" lon="-16.67122">
        <ele>2193.4</ele>
      </trkpt>
      <trkpt lat="28.20243" lon="-16.67061">
        <ele>2200.7</ele>
      </trkpt>
      <trkpt lat="28.20244" lon="-16.67048">
        <ele>2202.2</ele>
      </trkpt>
      <trkpt lat="28.20242" lon="-16.67033">
        <ele>2203.5</ele>
      </trkpt>
      <trkpt lat="28.20238" lon="-16.67022">
        <ele>2204.5</ele>
      </trkpt>
      <trkpt lat="28.2023" lon="-16.67012">
        <ele>2205.5</ele>
      </trkpt>
      <trkpt lat="28.20221" lon="-16.67005">
        <ele>2206.5</ele>
      </trkpt>
      <trkpt lat="28.20214" lon="-16.67002">
        <ele>2207.0</ele>
      </trkpt>
      <trkpt lat="28.20206" lon="-16.67002">
        <ele>2207.1</ele>
      </trkpt>
      <trkpt lat="28.20191" lon="-16.67005">
        <ele>2206.4</ele>
      </trkpt>
      <trkpt lat="28.20176" lon="-16.67015">
        <ele>2203.3</ele>
      </trkpt>
      <trkpt lat="28.2012" lon="-16.67072">
        <ele>2199.2</ele>
      </trkpt>
      <trkpt lat="28.20065" lon="-16.671299">
        <ele>2195.6</ele>
      </trkpt>
      <trkpt lat="28.20009" lon="-16.671869">
        <ele>2197.6</ele>
      </trkpt>
      <trkpt lat="28.20002" lon="-16.671959">
        <ele>2198.2</ele>
      </trkpt>
      <trkpt lat="28.19994" lon="-16.67212">
        <ele>2196.8</ele>
      </trkpt>
      <trkpt lat="28.1999" lon="-16.672239">
        <ele>2195.1</ele>
      </trkpt>
      <trkpt lat="28.19985" lon="-16.67259">
        <ele>2187.9</ele>
      </trkpt>
      <trkpt lat="28.19981" lon="-16.67273">
        <ele>2185.4</ele>
      </trkpt>
      <trkpt lat="28.19974" lon="-16.67285">
        <ele>2184.5</ele>
      </trkpt>
      <trkpt lat="28.19944" lon="-16.67326">
        <ele>2185.1</ele>
      </trkpt>
      <trkpt lat="28.19925" lon="-16.6734">
        <ele>2189.5</ele>
      </trkpt>
      <trkpt lat="28.19915" lon="-16.67341">
        <ele>2192.5</ele>
      </trkpt>
      <trkpt lat="28.19894" lon="-16.67339">
        <ele>2193.0</ele>
      </trkpt>
      <trkpt lat="28.19844" lon="-16.673169">
        <ele>2197.1</ele>
      </trkpt>
      <trkpt lat="28.19794" lon="-16.67294">
        <ele>2196.3</ele>
      </trkpt>
      <trkpt lat="28.19783" lon="-16.67287">
        <ele>2195.6</ele>
      </trkpt>
      <trkpt lat="28.19773" lon="-16.67276">
        <ele>2195.2</ele>
      </trkpt>
      <trkpt lat="28.19767" lon="-16.67264">
        <ele>2195.3</ele>
      </trkpt>
      <trkpt lat="28.19761" lon="-16.67247">
        <ele>2195.6</ele>
      </trkpt>
      <trkpt lat="28.19748" lon="-16.6719">
        <ele>2198.1</ele>
      </trkpt>
      <trkpt lat="28.19734" lon="-16.67134">
        <ele>2201.6</ele>
      </trkpt>
      <trkpt lat="28.19728" lon="-16.67122">
        <ele>2202.5</ele>
      </trkpt>
      <trkpt lat="28.19722" lon="-16.67115">
        <ele>2202.7</ele>
      </trkpt>
      <trkpt lat="28.19708" lon="-16.67107">
        <ele>2202.1</ele>
      </trkpt>
      <trkpt lat="28.19692" lon="-16.67105">
        <ele>2200.1</ele>
      </trkpt>
      <trkpt lat="28.1961" lon="-16.671209">
        <ele>2189.5</ele>
      </trkpt>
      <trkpt lat="28.19596" lon="-16.67122">
        <ele>2189.1</ele>
      </trkpt>
      <trkpt lat="28.19585" lon="-16.671199">
        <ele>2189.3</ele>
      </trkpt>
      <trkpt lat="28.19576" lon="-16.67117">
        <ele>2188.7</ele>
      </trkpt>
      <trkpt lat="28.19565" lon="-16.67106">
        <ele>2188.5</ele>
      </trkpt>
      <trkpt lat="28.1956" lon="-16.67097">
        <ele>2188.6</ele>
      </trkpt>
      <trkpt lat="28.19556" lon="-16.670729">
        <ele>2188.7</ele>
      </trkpt>
      <trkpt lat="28.19553" lon="-16.66977">
        <ele>2183.4</ele>
      </trkpt>
      <trkpt lat="28.1955" lon="-16.66881">
        <ele>2173.9</ele>
      </trkpt>
      <trkpt lat="28.19556" lon="-16.66852">
        <ele>2171.8</ele>
      </trkpt>
      <trkpt lat="28.19593" lon="-16.66787">
        <ele>2169.2</ele>
      </trkpt>
      <trkpt lat="28.19629" lon="-16.66722">
        <ele>2170.8</ele>
      </trkpt>
      <trkpt lat="28.19638" lon="-16.666989">
        <ele>2170.7</ele>
      </trkpt>
      <trkpt lat="28.19641" lon="-16.66681">
        <ele>2168.9</ele>
      </trkpt>
      <trkpt lat="28.19639" lon="-16.66665">
        <ele>2166.5</ele>
      </trkpt>
      <trkpt lat="28.19639" lon="-16.66665">
        <ele>2166.5</ele>
      </trkpt>
      <trkpt lat="28.19628" lon="-16.666409">
        <ele>2170.0</ele>
      </trkpt>
      <trkpt lat="28.19618" lon="-16.66631">
        <ele>2170.4</ele>
      </trkpt>
      <trkpt lat="28.19606" lon="-16.666239">
        <ele>2169.6</ele>
      </trkpt>
      <trkpt lat="28.19595" lon="-16.6662">
        <ele>2168.3</ele>
      </trkpt>
      <trkpt lat="28.19583" lon="-16.66619">
        <ele>2166.0</ele>
      </trkpt>
      <trkpt lat="28.19557" lon="-16.666229">
        <ele>2162.7</ele>
      </trkpt>
      <trkpt lat="28.19498" lon="-16.66637">
        <ele>2151.9</ele>
      </trkpt>
      <trkpt lat="28.19439" lon="-16.666519">
        <ele>2147.2</ele>
      </trkpt>
      <trkpt lat="28.19356" lon="-16.66687">
        <ele>2138.0</ele>
      </trkpt>
      <trkpt lat="28.19283" lon="-16.66706">
        <ele>2130.2</ele>
      </trkpt>
      <trkpt lat="28.19234" lon="-16.66728">
        <ele>2122.4</ele>
      </trkpt>
      <trkpt lat="28.19186" lon="-16.66751">
        <ele>2116.4</ele>
      </trkpt>
      <trkpt lat="28.19165" lon="-16.667539">
        <ele>2115.6</ele>
      </trkpt>
      <trkpt lat="28.19157" lon="-16.66753">
        <ele>2115.2</ele>
      </trkpt>
      <trkpt lat="28.19148" lon="-16.66748">
        <ele>2115.6</ele>
      </trkpt>
      <trkpt lat="28.1914" lon="-16.6674">
        <ele>2115.3</ele>
      </trkpt>
      <trkpt lat="28.19135" lon="-16.66721">
        <ele>2115.8</ele>
      </trkpt>
      <trkpt lat="28.19135" lon="-16.66711">
        <ele>2116.3</ele>
      </trkpt>
      <trkpt lat="28.1915" lon="-16.666509">
        <ele>2120.7</ele>
      </trkpt>
      <trkpt lat="28.19166" lon="-16.66592">
        <ele>2120.4</ele>
      </trkpt>
      <trkpt lat="28.19165" lon="-16.66573">
        <ele>2119.3</ele>
      </trkpt>
      <trkpt lat="28.19154" lon="-16.66542">
        <ele>2116.6</ele>
      </trkpt>
      <trkpt lat="28.19116" lon="-16.66456">
        <ele>2109.2</ele>
      </trkpt>
      <trkpt lat="28.19112" lon="-16.664359">
        <ele>2107.9</ele>
      </trkpt>
      <trkpt lat="28.1911" lon="-16.66414">
        <ele>2106.8</ele>
      </trkpt>
      <trkpt lat="28.19117" lon="-16.663509">
        <ele>2105.8</ele>
      </trkpt>
      <trkpt lat="28.19116" lon="-16.66339">
        <ele>2105.3</ele>
      </trkpt>
      <trkpt lat="28.19112" lon="-16.663219">
        <ele>2104.3</ele>
      </trkpt>
      <trkpt lat="28.19093" lon="-16.66269">
        <ele>2099.1</ele>
      </trkpt>
      <trkpt lat="28.19082" lon="-16.66251">
        <ele>2095.9</ele>
      </trkpt>
      <trkpt lat="28.19072" lon="-16.6624">
        <ele>2095.4</ele>
      </trkpt>
      <trkpt lat="28.19054" lon="-16.66225">
        <ele>2094.4</ele>
      </trkpt>
      <trkpt lat="28.19014" lon="-16.66195">
        <ele>2092.4</ele>
      </trkpt>
      <trkpt lat="28.18974" lon="-16.66165">
        <ele>2090.4</ele>
      </trkpt>
      <trkpt lat="28.18961" lon="-16.661549">
        <ele>2089.7</ele>
      </trkpt>
      <trkpt lat="28.1895" lon="-16.66149">
        <ele>2088.8</ele>
      </trkpt>
      <trkpt lat="28.18938" lon="-16.66148">
        <ele>2087.3</ele>
      </trkpt>
      <trkpt lat="28.18927" lon="-16.6615">
        <ele>2085.5</ele>
      </trkpt>
      <trkpt lat="28.18852" lon="-16.66178">
        <ele>2075.7</ele>
      </trkpt>
      <trkpt lat="28.18838" lon="-16.66181">
        <ele>2074.2</ele>
      </trkpt>
      <trkpt lat="28.18827" lon="-16.6618">
        <ele>2072.1</ele>
      </trkpt>
      <trkpt lat="28.18819" lon="-16.66177">
        <ele>2070.0</ele>
      </trkpt>
      <trkpt lat="28.18807" lon="-16.66169">
        <ele>2066.7</ele>
      </trkpt>
      <trkpt lat="28.18769" lon="-16.661269">
        <ele>2058.9</ele>
      </trkpt>
      <trkpt lat="28.18762" lon="-16.66118">
        <ele>2057.8</ele>
      </trkpt>
      <trkpt lat="28.18758" lon="-16.661069">
        <ele>2057.7</ele>
      </trkpt>
      <trkpt lat="28.18756" lon="-16.66095">
        <ele>2058.4</ele>
      </trkpt>
      <trkpt lat="28.18757" lon="-16.66084">
        <ele>2059.9</ele>
      </trkpt>
      <trkpt lat="28.18761" lon="-16.66073">
        <ele>2059.2</ele>
      </trkpt>
      <trkpt lat="28.18793" lon="-16.66018">
        <ele>2060.2</ele>
      </trkpt>
      <trkpt lat="28.18826" lon="-16.65953">
        <ele>2055.0</ele>
      </trkpt>
      <trkpt lat="28.18853" lon="-16.65924">
        <ele>2054.0</ele>
      </trkpt>
      <trkpt lat="28.18866" lon="-16.65914">
        <ele>2055.2</ele>
      </trkpt>
      <trkpt lat="28.18905" lon="-16.65889">
        <ele>2060.2</ele>
      </trkpt>
      <trkpt lat="28.18912" lon="-16.658809">
        <ele>2059.9</ele>
      </trkpt>
      <trkpt lat="28.18916" lon="-16.65871">
        <ele>2058.2</ele>
      </trkpt>
      <trkpt lat="28.18917" lon="-16.65861">
        <ele>2055.7</ele>
      </trkpt>
      <trkpt lat="28.18916" lon="-16.65847">
        <ele>2051.6</ele>
      </trkpt>
      <trkpt lat="28.18908" lon="-16.65795">
        <ele>2042.7</ele>
      </trkpt>
      <trkpt lat="28.18899" lon="-16.65743">
        <ele>2036.7</ele>
      </trkpt>
      <trkpt lat="28.18893" lon="-16.65724">
        <ele>2036.6</ele>
      </trkpt>
      <trkpt lat="28.18887" lon="-16.657129">
        <ele>2036.3</ele>
      </trkpt>
      <trkpt lat="28.18879" lon="-16.657039">
        <ele>2035.9</ele>
      </trkpt>
      <trkpt lat="28.18866" lon="-16.65698">
        <ele>2034.7</ele>
      </trkpt>
      <trkpt lat="28.18855" lon="-16.656949">
        <ele>2033.7</ele>
      </trkpt>
      <trkpt lat="28.18786" lon="-16.65682">
        <ele>2028.3</ele>
      </trkpt>
      <trkpt lat="28.18717" lon="-16.65669">
        <ele>2024.2</ele>
      </trkpt>
      <trkpt lat="28.18705" lon="-16.65669">
        <ele>2023.1</ele>
      </trkpt>
      <trkpt lat="28.18693" lon="-16.65671">
        <ele>2021.4</ele>
      </trkpt>
      <trkpt lat="28.18648" lon="-16.65693">
        <ele>2014.5</ele>
      </trkpt>
      <trkpt lat="28.18603" lon="-16.65715">
        <ele>2009.9</ele>
      </trkpt>
      <trkpt lat="28.18531" lon="-16.65738">
        <ele>2003.3</ele>
      </trkpt>
      <trkpt lat="28.18459" lon="-16.657609">
        <ele>1998.4</ele>
      </trkpt>
      <trkpt lat="28.18446" lon="-16.65768">
        <ele>1996.8</ele>
      </trkpt>
      <trkpt lat="28.18397" lon="-16.65814">
        <ele>1986.8</ele>
      </trkpt>
      <trkpt lat="28.18354" lon="-16.65843">
        <ele>1983.2</ele>
      </trkpt>
      <trkpt lat="28.18312" lon="-16.658729">
        <ele>1977.1</ele>
      </trkpt>
      <trkpt lat="28.18279" lon="-16.65893">
        <ele>1973.8</ele>
      </trkpt>
      <trkpt lat="28.18241" lon="-16.65912">
        <ele>1970.6</ele>
      </trkpt>
      <trkpt lat="28.1823" lon="-16.65915">
        <ele>1968.8</ele>
      </trkpt>
      <trkpt lat="28.18203" lon="-16.65913">
        <ele>1967.2</ele>
      </trkpt>
      <trkpt lat="28.1813" lon="-16.659009">
        <ele>1962.9</ele>
      </trkpt>
      <trkpt lat="28.18058" lon="-16.65888">
        <ele>1957.1</ele>
      </trkpt>
      <trkpt lat="28.18033" lon="-16.6588">
        <ele>1955.8</ele>
      </trkpt>
      <trkpt lat="28.18022" lon="-16.658729">
        <ele>1955.7</ele>
      </trkpt>
      <trkpt lat="28.1801" lon="-16.6586">
        <ele>1956.3</ele>
      </trkpt>
      <trkpt lat="28.17974" lon="-16.65808">
        <ele>1955.2</ele>
      </trkpt>
      <trkpt lat="28.17938" lon="-16.65756">
        <ele>1950.2</ele>
      </trkpt>
      <trkpt lat="28.17928" lon="-16.65747">
        <ele>1948.7</ele>
      </trkpt>
      <trkpt lat="28.17919" lon="-16.657409">
        <ele>1947.9</ele>
      </trkpt>
      <trkpt lat="28.1791" lon="-16.65738">
        <ele>1946.9</ele>
      </trkpt>
      <trkpt lat="28.17896" lon="-16.65736">
        <ele>1944.9</ele>
      </trkpt>
      <trkpt lat="28.1786" lon="-16.65737">
        <ele>1938.5</ele>
      </trkpt>
      <trkpt lat="28.17848" lon="-16.65734">
        <ele>1936.9</ele>
      </trkpt>
      <trkpt lat="28.17838" lon="-16.65729">
        <ele>1935.9</ele>
      </trkpt>
      <trkpt lat="28.1783" lon="-16.65721">
        <ele>1935.3</ele>
      </trkpt>
      <trkpt lat="28.17823" lon="-16.657119">
        <ele>1934.7</ele>
      </trkpt>
      <trkpt lat="28.17794" lon="-16.6566">
        <ele>1932.2</ele>
      </trkpt>
      <trkpt lat="28.17765" lon="-16.656089">
        <ele>1928.3</ele>
      </trkpt>
      <trkpt lat="28.17754" lon="-16.65595">
        <ele>1926.8</ele>
      </trkpt>
      <trkpt lat="28.17697" lon="-16.655449">
        <ele>1914.7</ele>
      </trkpt>
      <trkpt lat="28.17691" lon="-16.65537">
        <ele>1913.5</ele>
      </trkpt>
      <trkpt lat="28.17687" lon="-16.65527">
        <ele>1912.8</ele>
      </trkpt>
      <trkpt lat="28.17687" lon="-16.65519">
        <ele>1913.1</ele>
      </trkpt>
      <trkpt lat="28.1769" lon="-16.65509">
        <ele>1914.1</ele>
      </trkpt>
      <trkpt lat="28.17699" lon="-16.654979">
        <ele>1916.1</ele>
      </trkpt>
      <trkpt lat="28.17732" lon="-16.65476">
        <ele>1919.9</ele>
      </trkpt>
      <trkpt lat="28.17744" lon="-16.65464">
        <ele>1920.6</ele>
      </trkpt>
      <trkpt lat="28.17751" lon="-16.65453">
        <ele>1920.3</ele>
      </trkpt>
      <trkpt lat="28.17753" lon="-16.654419">
        <ele>1918.9</ele>
      </trkpt>
      <trkpt lat="28.17753" lon="-16.65433">
        <ele>1917.3</ele>
      </trkpt>
      <trkpt lat="28.17746" lon="-16.65415">
        <ele>1913.3</ele>
      </trkpt>
      <trkpt lat="28.17695" lon="-16.65352">
        <ele>1905.5</ele>
      </trkpt>
      <trkpt lat="28.17668" lon="-16.65304">
        <ele>1900.8</ele>
      </trkpt>
      <trkpt lat="28.1764" lon="-16.65257">
        <ele>1897.7</ele>
      </trkpt>
      <trkpt lat="28.17609" lon="-16.652159">
        <ele>1892.1</ele>
      </trkpt>
      <trkpt lat="28.17579" lon="-16.65174">
        <ele>1887.8</ele>
      </trkpt>
      <trkpt lat="28.17572" lon="-16.65161">
        <ele>1886.6</ele>
      </trkpt>
      <trkpt lat="28.17568" lon="-16.651499">
        <ele>1885.1</ele>
      </trkpt>
      <trkpt lat="28.17561" lon="-16.651039">
        <ele>1880.2</ele>
      </trkpt>
      <trkpt lat="28.17556" lon="-16.65091">
        <ele>1878.4</ele>
      </trkpt>
      <trkpt lat="28.17549" lon="-16.65083">
        <ele>1876.5</ele>
      </trkpt>
      <trkpt lat="28.17542" lon="-16.65078">
        <ele>1873.8</ele>
      </trkpt>
      <trkpt lat="28.17536" lon="-16.650759">
        <ele>1872.1</ele>
      </trkpt>
      <trkpt lat="28.17526" lon="-16.65077">
        <ele>1870.8</ele>
      </trkpt>
      <trkpt lat="28.17518" lon="-16.65081">
        <ele>1871.0</ele>
      </trkpt>
      <trkpt lat="28.17509" lon="-16.65091">
        <ele>1871.0</ele>
      </trkpt>
      <trkpt lat="28.17503" lon="-16.651029">
        <ele>1870.9</ele>
      </trkpt>
      <trkpt lat="28.17486" lon="-16.65145">
        <ele>1871.1</ele>
      </trkpt>
      <trkpt lat="28.17483" lon="-16.651589">
        <ele>1871.6</ele>
      </trkpt>
      <trkpt lat="28.17482" lon="-16.65172">
        <ele>1871.5</ele>
      </trkpt>
      <trkpt lat="28.17489" lon="-16.652349">
        <ele>1867.4</ele>
      </trkpt>
      <trkpt lat="28.17487" lon="-16.65245">
        <ele>1866.2</ele>
      </trkpt>
      <trkpt lat="28.17483" lon="-16.652539">
        <ele>1864.6</ele>
      </trkpt>
      <trkpt lat="28.17476" lon="-16.6526">
        <ele>1862.5</ele>
      </trkpt>
      <trkpt lat="28.1747" lon="-16.652629">
        <ele>1861.1</ele>
      </trkpt>
      <trkpt lat="28.17463" lon="-16.652629">
        <ele>1859.9</ele>
      </trkpt>
      <trkpt lat="28.17456" lon="-16.65261">
        <ele>1859.0</ele>
      </trkpt>
      <trkpt lat="28.17448" lon="-16.65255">
        <ele>1858.5</ele>
      </trkpt>
      <trkpt lat="28.17441" lon="-16.65245">
        <ele>1858.5</ele>
      </trkpt>
      <trkpt lat="28.17419" lon="-16.65199">
        <ele>1858.7</ele>
      </trkpt>
      <trkpt lat="28.17397" lon="-16.65152">
        <ele>1856.5</ele>
      </trkpt>
      <trkpt lat="28.17394" lon="-16.651319">
        <ele>1854.8</ele>
      </trkpt>
      <trkpt lat="28.17395" lon="-16.651219">
        <ele>1854.3</ele>
      </trkpt>
      <trkpt lat="28.17399" lon="-16.65111">
        <ele>1854.2</ele>
      </trkpt>
      <trkpt lat="28.17423" lon="-16.650649">
        <ele>1850.9</ele>
      </trkpt>
      <trkpt lat="28.17433" lon="-16.650559">
        <ele>1849.6</ele>
      </trkpt>
      <trkpt lat="28.17444" lon="-16.65049">
        <ele>1848.9</ele>
      </trkpt>
      <trkpt lat="28.17503" lon="-16.65035">
        <ele>1851.1</ele>
      </trkpt>
      <trkpt lat="28.17561" lon="-16.65022">
        <ele>1859.8</ele>
      </trkpt>
      <trkpt lat="28.1758" lon="-16.65015">
        <ele>1862.3</ele>
      </trkpt>
      <trkpt lat="28.17591" lon="-16.650089">
        <ele>1863.2</ele>
      </trkpt>
      <trkpt lat="28.17598" lon="-16.65001">
        <ele>1862.6</ele>
      </trkpt>
      <trkpt lat="28.17603" lon="-16.64992">
        <ele>1864.0</ele>
      </trkpt>
      <trkpt lat="28.17605" lon="-16.64983">
        <ele>1865.2</ele>
      </trkpt>
      <trkpt lat="28.17604" lon="-16.64975">
        <ele>1865.5</ele>
      </trkpt>
      <trkpt lat="28.176" lon="-16.64966">
        <ele>1865.0</ele>
      </trkpt>
      <trkpt lat="28.17594" lon="-16.64956">
        <ele>1863.8</ele>
      </trkpt>
      <trkpt lat="28.17582" lon="-16.64946">
        <ele>1860.6</ele>
      </trkpt>
      <trkpt lat="28.17534" lon="-16.649149">
        <ele>1847.1</ele>
      </trkpt>
      <trkpt lat="28.17485" lon="-16.64884">
        <ele>1838.6</ele>
      </trkpt>
      <trkpt lat="28.17461" lon="-16.64863">
        <ele>1834.3</ele>
      </trkpt>
      <trkpt lat="28.17455" lon="-16.64854">
        <ele>1833.8</ele>
      </trkpt>
      <trkpt lat="28.17449" lon="-16.64842">
        <ele>1833.6</ele>
      </trkpt>
      <trkpt lat="28.17446" lon="-16.648309">
        <ele>1833.8</ele>
      </trkpt>
      <trkpt lat="28.17446" lon="-16.647649">
        <ele>1830.0</ele>
      </trkpt>
      <trkpt lat="28.17443" lon="-16.64743">
        <ele>1828.3</ele>
      </trkpt>
      <trkpt lat="28.1744" lon="-16.64731">
        <ele>1827.6</ele>
      </trkpt>
      <trkpt lat="28.17434" lon="-16.647189">
        <ele>1826.5</ele>
      </trkpt>
      <trkpt lat="28.17428" lon="-16.64711">
        <ele>1825.5</ele>
      </trkpt>
      <trkpt lat="28.17411" lon="-16.646989">
        <ele>1823.3</ele>
      </trkpt>
      <trkpt lat="28.17401" lon="-16.64695">
        <ele>1822.2</ele>
      </trkpt>
      <trkpt lat="28.17373" lon="-16.64689">
        <ele>1819.1</ele>
      </trkpt>
      <trkpt lat="28.17303" lon="-16.64678">
        <ele>1811.5</ele>
      </trkpt>
      <trkpt lat="28.17233" lon="-16.64668">
        <ele>1801.9</ele>
      </trkpt>
      <trkpt lat="28.1722" lon="-16.64664">
        <ele>1799.6</ele>
      </trkpt>
      <trkpt lat="28.1721" lon="-16.64659">
        <ele>1798.1</ele>
      </trkpt>
      <trkpt lat="28.17201" lon="-16.646519">
        <ele>1796.8</ele>
      </trkpt>
      <trkpt lat="28.17193" lon="-16.64642">
        <ele>1796.0</ele>
      </trkpt>
      <trkpt lat="28.17186" lon="-16.64628">
        <ele>1795.6</ele>
      </trkpt>
      <trkpt lat="28.17164" lon="-16.64566">
        <ele>1790.3</ele>
      </trkpt>
      <trkpt lat="28.17162" lon="-16.64545">
        <ele>1787.6</ele>
      </trkpt>
      <trkpt lat="28.17164" lon="-16.64525">
        <ele>1786.8</ele>
      </trkpt>
      <trkpt lat="28.1717" lon="-16.645019">
        <ele>1787.3</ele>
      </trkpt>
      <trkpt lat="28.17183" lon="-16.6448">
        <ele>1784.4</ele>
      </trkpt>
      <trkpt lat="28.17201" lon="-16.644639">
        <ele>1783.6</ele>
      </trkpt>
      <trkpt lat="28.17217" lon="-16.64453">
        <ele>1783.3</ele>
      </trkpt>
      <trkpt lat="28.17284" lon="-16.6442">
        <ele>1777.6</ele>
      </trkpt>
      <trkpt lat="28.17296" lon="-16.644179">
        <ele>1777.4</ele>
      </trkpt>
      <trkpt lat="28.17381" lon="-16.64415">
        <ele>1770.7</ele>
      </trkpt>
      <trkpt lat="28.17396" lon="-16.644169">
        <ele>1769.4</ele>
      </trkpt>
      <trkpt lat="28.17411" lon="-16.6442">
        <ele>1768.6</ele>
      </trkpt>
      <trkpt lat="28.17476" lon="-16.644459">
        <ele>1773.5</ele>
      </trkpt>
      <trkpt lat="28.1749" lon="-16.6445">
        <ele>1773.9</ele>
      </trkpt>
      <trkpt lat="28.17548" lon="-16.644549">
        <ele>1766.5</ele>
      </trkpt>
      <trkpt lat="28.17561" lon="-16.64457">
        <ele>1765.3</ele>
      </trkpt>
      <trkpt lat="28.17612" lon="-16.64476">
        <ele>1765.9</ele>
      </trkpt>
      <trkpt lat="28.17663" lon="-16.644939">
        <ele>1757.7</ele>
      </trkpt>
      <trkpt lat="28.17678" lon="-16.64498">
        <ele>1757.1</ele>
      </trkpt>
      <trkpt lat="28.17691" lon="-16.64499">
        <ele>1756.9</ele>
      </trkpt>
      <trkpt lat="28.17703" lon="-16.64497">
        <ele>1756.1</ele>
      </trkpt>
      <trkpt lat="28.17712" lon="-16.644919">
        <ele>1754.8</ele>
      </trkpt>
      <trkpt lat="28.17721" lon="-16.644829">
        <ele>1753.0</ele>
      </trkpt>
      <trkpt lat="28.17731" lon="-16.6447">
        <ele>1750.8</ele>
      </trkpt>
      <trkpt lat="28.17741" lon="-16.64448">
        <ele>1747.7</ele>
      </trkpt>
      <trkpt lat="28.17756" lon="-16.64407">
        <ele>1744.0</ele>
      </trkpt>
      <trkpt lat="28.17757" lon="-16.64395">
        <ele>1743.1</ele>
      </trkpt>
      <trkpt lat="28.17757" lon="-16.64385">
        <ele>1742.3</ele>
      </trkpt>
      <trkpt lat="28.1775" lon="-16.64365">
        <ele>1739.7</ele>
      </trkpt>
      <trkpt lat="28.17744" lon="-16.64357">
        <ele>1738.3</ele>
      </trkpt>
      <trkpt lat="28.17734" lon="-16.64348">
        <ele>1736.2</ele>
      </trkpt>
      <trkpt lat="28.17724" lon="-16.643439">
        <ele>1734.6</ele>
      </trkpt>
      <trkpt lat="28.17712" lon="-16.643419">
        <ele>1732.9</ele>
      </trkpt>
      <trkpt lat="28.17673" lon="-16.64346">
        <ele>1728.3</ele>
      </trkpt>
      <trkpt lat="28.17644" lon="-16.64346">
        <ele>1724.7</ele>
      </trkpt>
      <trkpt lat="28.17628" lon="-16.643419">
        <ele>1722.0</ele>
      </trkpt>
      <trkpt lat="28.1762" lon="-16.64336">
        <ele>1719.8</ele>
      </trkpt>
      <trkpt lat="28.17611" lon="-16.64327">
        <ele>1717.8</ele>
      </trkpt>
      <trkpt lat="28.17602" lon="-16.64311">
        <ele>1715.9</ele>
      </trkpt>
      <trkpt lat="28.17562" lon="-16.64232">
        <ele>1705.6</ele>
      </trkpt>
      <trkpt lat="28.17554" lon="-16.642109">
        <ele>1703.0</ele>
      </trkpt>
      <trkpt lat="28.17549" lon="-16.64187">
        <ele>1700.2</ele>
      </trkpt>
      <trkpt lat="28.1754" lon="-16.64094">
        <ele>1694.8</ele>
      </trkpt>
      <trkpt lat="28.17531" lon="-16.64001">
        <ele>1687.4</ele>
      </trkpt>
      <trkpt lat="28.17527" lon="-16.63965">
        <ele>1685.3</ele>
      </trkpt>
      <trkpt lat="28.17523" lon="-16.639489">
        <ele>1683.9</ele>
      </trkpt>
      <trkpt lat="28.17518" lon="-16.63934">
        <ele>1682.3</ele>
      </trkpt>
      <trkpt lat="28.17507" lon="-16.63914">
        <ele>1679.6</ele>
      </trkpt>
      <trkpt lat="28.17495" lon="-16.63897">
        <ele>1678.1</ele>
      </trkpt>
      <trkpt lat="28.17475" lon="-16.6388">
        <ele>1675.2</ele>
      </trkpt>
      <trkpt lat="28.17415" lon="-16.638359">
        <ele>1668.2</ele>
      </trkpt>
      <trkpt lat="28.17355" lon="-16.63791">
        <ele>1660.7</ele>
      </trkpt>
      <trkpt lat="28.17295" lon="-16.63747">
        <ele>1656.1</ele>
      </trkpt>
      <trkpt lat="28.17263" lon="-16.63729">
        <ele>1653.2</ele>
      </trkpt>
      <trkpt lat="28.17199" lon="-16.637">
        <ele>1647.8</ele>
      </trkpt>
      <trkpt lat="28.17134" lon="-16.63672">
        <ele>1642.5</ele>
      </trkpt>
      <trkpt lat="28.17069" lon="-16.63643">
        <ele>1641.7</ele>
      </trkpt>
      <trkpt lat="28.16989" lon="-16.63616">
        <ele>1632.5</ele>
      </trkpt>
      <trkpt lat="28.16909" lon="-16.63588">
        <ele>1623.6</ele>
      </trkpt>
      <trkpt lat="28.1684" lon="-16.635539">
        <ele>1617.8</ele>
      </trkpt>
      <trkpt lat="28.16772" lon="-16.6352">
        <ele>1615.1</ele>
      </trkpt>
      <trkpt lat="28.16753" lon="-16.63513">
        <ele>1613.1</ele>
      </trkpt>
      <trkpt lat="28.16705" lon="-16.63502">
        <ele>1606.3</ele>
      </trkpt>
      <trkpt lat="28.16644" lon="-16.63494">
        <ele>1595.4</ele>
      </trkpt>
      <trkpt lat="28.16616" lon="-16.63486">
        <ele>1592.4</ele>
      </trkpt>
      <trkpt lat="28.16598" lon="-16.63476">
        <ele>1592.2</ele>
      </trkpt>
      <trkpt lat="28.16559" lon="-16.63445">
        <ele>1591.9</ele>
      </trkpt>
      <trkpt lat="28.16552" lon="-16.6344">
        <ele>1591.0</ele>
      </trkpt>
      <trkpt lat="28.16542" lon="-16.63438">
        <ele>1588.1</ele>
      </trkpt>
      <trkpt lat="28.16533" lon="-16.63439">
        <ele>1584.7</ele>
      </trkpt>
      <trkpt lat="28.16526" lon="-16.63446">
        <ele>1580.4</ele>
      </trkpt>
      <trkpt lat="28.1652" lon="-16.63459">
        <ele>1575.2</ele>
      </trkpt>
      <trkpt lat="28.16521" lon="-16.63467">
        <ele>1573.5</ele>
      </trkpt>
      <trkpt lat="28.16525" lon="-16.63477">
        <ele>1572.2</ele>
      </trkpt>
      <trkpt lat="28.16533" lon="-16.63483">
        <ele>1572.9</ele>
      </trkpt>
      <trkpt lat="28.16578" lon="-16.634989">
        <ele>1580.0</ele>
      </trkpt>
      <trkpt lat="28.16634" lon="-16.63528">
        <ele>1578.4</ele>
      </trkpt>
      <trkpt lat="28.16689" lon="-16.63557">
        <ele>1577.6</ele>
      </trkpt>
      <trkpt lat="28.16744" lon="-16.63587">
        <ele>1578.1</ele>
      </trkpt>
      <trkpt lat="28.16791" lon="-16.63615">
        <ele>1579.4</ele>
      </trkpt>
      <trkpt lat="28.16804" lon="-16.63627">
        <ele>1578.0</ele>
      </trkpt>
      <trkpt lat="28.16809" lon="-16.63634">
        <ele>1576.6</ele>
      </trkpt>
      <trkpt lat="28.16811" lon="-16.63646">
        <ele>1572.5</ele>
      </trkpt>
      <trkpt lat="28.16808" lon="-16.636569">
        <ele>1567.6</ele>
      </trkpt>
      <trkpt lat="28.16795" lon="-16.63671">
        <ele>1559.6</ele>
      </trkpt>
      <trkpt lat="28.16787" lon="-16.63675">
        <ele>1556.7</ele>
      </trkpt>
      <trkpt lat="28.16779" lon="-16.636759">
        <ele>1554.7</ele>
      </trkpt>
      <trkpt lat="28.16769" lon="-16.63674">
        <ele>1552.9</ele>
      </trkpt>
      <trkpt lat="28.1672" lon="-16.63645">
        <ele>1550.8</ele>
      </trkpt>
      <trkpt lat="28.16672" lon="-16.63616">
        <ele>1549.6</ele>
      </trkpt>
      <trkpt lat="28.16596" lon="-16.63588">
        <ele>1542.9</ele>
      </trkpt>
      <trkpt lat="28.1652" lon="-16.63561">
        <ele>1537.1</ele>
      </trkpt>
      <trkpt lat="28.16443" lon="-16.63534">
        <ele>1526.1</ele>
      </trkpt>
      <trkpt lat="28.16432" lon="-16.63528">
        <ele>1524.7</ele>
      </trkpt>
      <trkpt lat="28.16414" lon="-16.63515">
        <ele>1523.0</ele>
      </trkpt>
      <trkpt lat="28.16385" lon="-16.63486">
        <ele>1516.7</ele>
      </trkpt>
      <trkpt lat="28.16379" lon="-16.63482">
        <ele>1514.1</ele>
      </trkpt>
      <trkpt lat="28.16372" lon="-16.634799">
        <ele>1511.1</ele>
      </trkpt>
      <trkpt lat="28.16362" lon="-16.63483">
        <ele>1506.8</ele>
      </trkpt>
      <trkpt lat="28.16356" lon="-16.634889">
        <ele>1504.5</ele>
      </trkpt>
      <trkpt lat="28.16351" lon="-16.63496">
        <ele>1502.8</ele>
      </trkpt>
      <trkpt lat="28.1635" lon="-16.63504">
        <ele>1501.5</ele>
      </trkpt>
      <trkpt lat="28.16351" lon="-16.63512">
        <ele>1499.8</ele>
      </trkpt>
      <trkpt lat="28.16354" lon="-16.63519">
        <ele>1499.0</ele>
      </trkpt>
      <trkpt lat="28.16361" lon="-16.635259">
        <ele>1499.7</ele>
      </trkpt>
      <trkpt lat="28.16423" lon="-16.63567">
        <ele>1508.2</ele>
      </trkpt>
      <trkpt lat="28.16485" lon="-16.63608">
        <ele>1508.2</ele>
      </trkpt>
      <trkpt lat="28.16532" lon="-16.63652">
        <ele>1501.7</ele>
      </trkpt>
      <trkpt lat="28.1658" lon="-16.636949">
        <ele>1501.9</ele>
      </trkpt>
      <trkpt lat="28.16628" lon="-16.63739">
        <ele>1505.4</ele>
      </trkpt>
      <trkpt lat="28.16635" lon="-16.63753">
        <ele>1505.6</ele>
      </trkpt>
      <trkpt lat="28.16637" lon="-16.63764">
        <ele>1508.0</ele>
      </trkpt>
      <trkpt lat="28.16636" lon="-16.63773">
        <ele>1509.4</ele>
      </trkpt>
      <trkpt lat="28.16631" lon="-16.63781">
        <ele>1509.7</ele>
      </trkpt>
      <trkpt lat="28.16625" lon="-16.63787">
        <ele>1509.6</ele>
      </trkpt>
      <trkpt lat="28.16609" lon="-16.637899">
        <ele>1506.9</ele>
      </trkpt>
      <trkpt lat="28.16595" lon="-16.637899">
        <ele>1504.0</ele>
      </trkpt>
      <trkpt lat="28.16558" lon="-16.63781">
        <ele>1495.5</ele>
      </trkpt>
      <trkpt lat="28.16541" lon="-16.637789">
        <ele>1492.3</ele>
      </trkpt>
      <trkpt lat="28.16513" lon="-16.63778">
        <ele>1487.7</ele>
      </trkpt>
      <trkpt lat="28.16476" lon="-16.63781">
        <ele>1482.0</ele>
      </trkpt>
      <trkpt lat="28.16456" lon="-16.63791">
        <ele>1480.0</ele>
      </trkpt>
      <trkpt lat="28.16443" lon="-16.63802">
        <ele>1479.0</ele>
      </trkpt>
      <trkpt lat="28.16411" lon="-16.63839">
        <ele>1476.2</ele>
      </trkpt>
      <trkpt lat="28.16378" lon="-16.63875">
        <ele>1472.8</ele>
      </trkpt>
      <trkpt lat="28.1635" lon="-16.639019">
        <ele>1471.3</ele>
      </trkpt>
      <trkpt lat="28.16339" lon="-16.63908">
        <ele>1470.5</ele>
      </trkpt>
      <trkpt lat="28.16325" lon="-16.639119">
        <ele>1469.9</ele>
      </trkpt>
      <trkpt lat="28.16314" lon="-16.6389">
        <ele>1466.1</ele>
      </trkpt>
      <trkpt lat="28.1626" lon="-16.63858">
        <ele>1457.8</ele>
      </trkpt>
      <trkpt lat="28.1626" lon="-16.63862">
        <ele>1458.5</ele>
      </trkpt>
      <trkpt lat="28.16253" lon="-16.63867">
        <ele>1458.8</ele>
      </trkpt>
      <trkpt lat="28.16246" lon="-16.638819">
        <ele>1460.8</ele>
      </trkpt>
      <trkpt lat="28.16232" lon="-16.63886">
        <ele>1460.1</ele>
      </trkpt>
      <trkpt lat="28.1618" lon="-16.63891">
        <ele>1456.0</ele>
      </trkpt>
      <trkpt lat="28.16153" lon="-16.638919">
        <ele>1451.7</ele>
      </trkpt>
      <trkpt lat="28.16105" lon="-16.63886">
        <ele>1439.9</ele>
      </trkpt>
      <trkpt lat="28.16091" lon="-16.63888">
        <ele>1437.0</ele>
      </trkpt>
      <trkpt lat="28.16077" lon="-16.638929">
        <ele>1436.5</ele>
      </trkpt>
      <trkpt lat="28.16071" lon="-16.6389">
        <ele>1436.8</ele>
      </trkpt>
      <trkpt lat="28.16061" lon="-16.63876">
        <ele>1435.6</ele>
      </trkpt>
      <trkpt lat="28.16058" lon="-16.6387">
        <ele>1434.8</ele>
      </trkpt>
      <trkpt lat="28.16051" lon="-16.63872">
        <ele>1435.6</ele>
      </trkpt>
      <trkpt lat="28.16045" lon="-16.6387">
        <ele>1435.5</ele>
      </trkpt>
      <trkpt lat="28.16026" lon="-16.63861">
        <ele>1434.2</ele>
      </trkpt>
      <trkpt lat="28.16011" lon="-16.63859">
        <ele>1434.1</ele>
      </trkpt>
      <trkpt lat="28.15957" lon="-16.638259">
        <ele>1428.7</ele>
      </trkpt>
      <trkpt lat="28.1592" lon="-16.63816">
        <ele>1428.9</ele>
      </trkpt>
      <trkpt lat="28.15875" lon="-16.638089">
        <ele>1425.4</ele>
      </trkpt>
      <trkpt lat="28.15829" lon="-16.63802">
        <ele>1420.7</ele>
      </trkpt>
      <trkpt lat="28.15818" lon="-16.63804">
        <ele>1419.9</ele>
      </trkpt>
      <trkpt lat="28.15791" lon="-16.638179">
        <ele>1420.3</ele>
      </trkpt>
      <trkpt lat="28.1578" lon="-16.63821">
        <ele>1419.5</ele>
      </trkpt>
      <trkpt lat="28.1577" lon="-16.63822">
        <ele>1418.3</ele>
      </trkpt>
      <trkpt lat="28.1576" lon="-16.6382">
        <ele>1416.4</ele>
      </trkpt>
      <trkpt lat="28.15744" lon="-16.63812">
        <ele>1412.5</ele>
      </trkpt>
      <trkpt lat="28.15728" lon="-16.63811">
        <ele>1410.6</ele>
      </trkpt>
      <trkpt lat="28.15715" lon="-16.63815">
        <ele>1410.1</ele>
      </trkpt>
      <trkpt lat="28.15662" lon="-16.63842">
        <ele>1409.0</ele>
      </trkpt>
      <trkpt lat="28.15642" lon="-16.63853">
        <ele>1408.7</ele>
      </trkpt>
      <trkpt lat="28.15642" lon="-16.6383">
        <ele>1404.8</ele>
      </trkpt>
      <trkpt lat="28.15649" lon="-16.638089">
        <ele>1402.2</ele>
      </trkpt>
      <trkpt lat="28.15635" lon="-16.638089">
        <ele>1400.8</ele>
      </trkpt>
      <trkpt lat="28.1562" lon="-16.63802">
        <ele>1398.3</ele>
      </trkpt>
      <trkpt lat="28.15605" lon="-16.63785">
        <ele>1394.5</ele>
      </trkpt>
      <trkpt lat="28.15598" lon="-16.637709">
        <ele>1392.0</ele>
      </trkpt>
      <trkpt lat="28.15593" lon="-16.63755">
        <ele>1389.4</ele>
      </trkpt>
      <trkpt lat="28.15582" lon="-16.63756">
        <ele>1388.7</ele>
      </trkpt>
      <trkpt lat="28.15542" lon="-16.63774">
        <ele>1389.0</ele>
      </trkpt>
      <trkpt lat="28.15495" lon="-16.63804">
        <ele>1388.6</ele>
      </trkpt>
      <trkpt lat="28.15448" lon="-16.63835">
        <ele>1388.0</ele>
      </trkpt>
      <trkpt lat="28.15427" lon="-16.63847">
        <ele>1387.2</ele>
      </trkpt>
      <trkpt lat="28.15399" lon="-16.63853">
        <ele>1384.1</ele>
      </trkpt>
      <trkpt lat="28.15384" lon="-16.63863">
        <ele>1382.1</ele>
      </trkpt>
      <trkpt lat="28.15375" lon="-16.638639">
        <ele>1380.7</ele>
      </trkpt>
      <trkpt lat="28.15328" lon="-16.63907">
        <ele>1374.1</ele>
      </trkpt>
      <trkpt lat="28.15316" lon="-16.63841">
        <ele>1371.0</ele>
      </trkpt>
      <trkpt lat="28.15318" lon="-16.63825">
        <ele>1370.8</ele>
      </trkpt>
      <trkpt lat="28.15327" lon="-16.63804">
        <ele>1371.2</ele>
      </trkpt>
      <trkpt lat="28.15331" lon="-16.637889">
        <ele>1371.0</ele>
      </trkpt>
      <trkpt lat="28.15338" lon="-16.63787">
        <ele>1371.9</ele>
      </trkpt>
      <trkpt lat="28.1534" lon="-16.63782">
        <ele>1371.8</ele>
      </trkpt>
      <trkpt lat="28.15337" lon="-16.63769">
        <ele>1370.6</ele>
      </trkpt>
      <trkpt lat="28.15339" lon="-16.63763">
        <ele>1370.5</ele>
      </trkpt>
      <trkpt lat="28.15347" lon="-16.63764">
        <ele>1371.7</ele>
      </trkpt>
      <trkpt lat="28.15359" lon="-16.63775">
        <ele>1374.0</ele>
      </trkpt>
      <trkpt lat="28.15364" lon="-16.63787">
        <ele>1375.4</ele>
      </trkpt>
      <trkpt lat="28.15363" lon="-16.63804">
        <ele>1376.4</ele>
      </trkpt>
      <trkpt lat="28.15363" lon="-16.63804">
        <ele>1376.4</ele>
      </trkpt>
      <trkpt lat="28.15364" lon="-16.63787">
        <ele>1375.4</ele>
      </trkpt>
      <trkpt lat="28.15359" lon="-16.63775">
        <ele>1374.0</ele>
      </trkpt>
      <trkpt lat="28.15347" lon="-16.63764">
        <ele>1371.7</ele>
      </trkpt>
      <trkpt lat="28.15339" lon="-16.63763">
        <ele>1370.5</ele>
      </trkpt>
      <trkpt lat="28.15337" lon="-16.63769">
        <ele>1370.6</ele>
      </trkpt>
      <trkpt lat="28.1534" lon="-16.63782">
        <ele>1371.8</ele>
      </trkpt>
      <trkpt lat="28.15338" lon="-16.63787">
        <ele>1371.9</ele>
      </trkpt>
      <trkpt lat="28.15331" lon="-16.637889">
        <ele>1371.0</ele>
      </trkpt>
      <trkpt lat="28.15328" lon="-16.63777">
        <ele>1369.7</ele>
      </trkpt>
      <trkpt lat="28.15307" lon="-16.63747">
        <ele>1364.8</ele>
      </trkpt>
      <trkpt lat="28.15302" lon="-16.63738">
        <ele>1363.8</ele>
      </trkpt>
      <trkpt lat="28.15301" lon="-16.637329">
        <ele>1363.5</ele>
      </trkpt>
      <trkpt lat="28.153" lon="-16.637229">
        <ele>1363.2</ele>
      </trkpt>
      <trkpt lat="28.15302" lon="-16.63712">
        <ele>1363.1</ele>
      </trkpt>
      <trkpt lat="28.15306" lon="-16.63703">
        <ele>1363.4</ele>
      </trkpt>
      <trkpt lat="28.15316" lon="-16.6369">
        <ele>1364.2</ele>
      </trkpt>
      <trkpt lat="28.15317" lon="-16.63681">
        <ele>1364.0</ele>
      </trkpt>
      <trkpt lat="28.15307" lon="-16.63652">
        <ele>1361.7</ele>
      </trkpt>
      <trkpt lat="28.15307" lon="-16.63642">
        <ele>1361.2</ele>
      </trkpt>
      <trkpt lat="28.15311" lon="-16.63599">
        <ele>1359.6</ele>
      </trkpt>
      <trkpt lat="28.1531" lon="-16.63587">
        <ele>1358.8</ele>
      </trkpt>
      <trkpt lat="28.15302" lon="-16.63577">
        <ele>1357.5</ele>
      </trkpt>
      <trkpt lat="28.15241" lon="-16.6356">
        <ele>1349.1</ele>
      </trkpt>
      <trkpt lat="28.15211" lon="-16.63544">
        <ele>1344.4</ele>
      </trkpt>
      <trkpt lat="28.15198" lon="-16.635349">
        <ele>1342.3</ele>
      </trkpt>
      <trkpt lat="28.15163" lon="-16.63501">
        <ele>1336.3</ele>
      </trkpt>
      <trkpt lat="28.15153" lon="-16.63487">
        <ele>1333.8</ele>
      </trkpt>
      <trkpt lat="28.15148" lon="-16.63473">
        <ele>1332.2</ele>
      </trkpt>
      <trkpt lat="28.15148" lon="-16.63459">
        <ele>1331.5</ele>
      </trkpt>
      <trkpt lat="28.1515" lon="-16.63449">
        <ele>1331.2</ele>
      </trkpt>
      <trkpt lat="28.15155" lon="-16.6344">
        <ele>1331.3</ele>
      </trkpt>
      <trkpt lat="28.15161" lon="-16.63434">
        <ele>1331.6</ele>
      </trkpt>
      <trkpt lat="28.15169" lon="-16.63429">
        <ele>1332.2</ele>
      </trkpt>
      <trkpt lat="28.15214" lon="-16.63412">
        <ele>1336.1</ele>
      </trkpt>
      <trkpt lat="28.15259" lon="-16.633959">
        <ele>1339.2</ele>
      </trkpt>
      <trkpt lat="28.15265" lon="-16.63388">
        <ele>1338.7</ele>
      </trkpt>
      <trkpt lat="28.15266" lon="-16.633769">
        <ele>1337.3</ele>
      </trkpt>
      <trkpt lat="28.15264" lon="-16.63371">
        <ele>1336.3</ele>
      </trkpt>
      <trkpt lat="28.15257" lon="-16.63363">
        <ele>1334.6</ele>
      </trkpt>
      <trkpt lat="28.15227" lon="-16.633579">
        <ele>1330.7</ele>
      </trkpt>
      <trkpt lat="28.15204" lon="-16.633489">
        <ele>1327.0</ele>
      </trkpt>
      <trkpt lat="28.15196" lon="-16.63341">
        <ele>1325.1</ele>
      </trkpt>
      <trkpt lat="28.15177" lon="-16.63313">
        <ele>1323.6</ele>
      </trkpt>
      <trkpt lat="28.15171" lon="-16.63307">
        <ele>1323.3</ele>
      </trkpt>
      <trkpt lat="28.1514" lon="-16.632919">
        <ele>1322.5</ele>
      </trkpt>
      <trkpt lat="28.15124" lon="-16.63289">
        <ele>1322.0</ele>
      </trkpt>
      <trkpt lat="28.15056" lon="-16.63304">
        <ele>1315.9</ele>
      </trkpt>
      <trkpt lat="28.14996" lon="-16.63303">
        <ele>1311.6</ele>
      </trkpt>
      <trkpt lat="28.14981" lon="-16.633009">
        <ele>1310.2</ele>
      </trkpt>
      <trkpt lat="28.1497" lon="-16.63303">
        <ele>1308.8</ele>
      </trkpt>
      <trkpt lat="28.14951" lon="-16.633099">
        <ele>1306.1</ele>
      </trkpt>
      <trkpt lat="28.14936" lon="-16.633109">
        <ele>1304.5</ele>
      </trkpt>
      <trkpt lat="28.14923" lon="-16.63304">
        <ele>1303.8</ele>
      </trkpt>
      <trkpt lat="28.14916" lon="-16.63298">
        <ele>1303.5</ele>
      </trkpt>
      <trkpt lat="28.14912" lon="-16.6329">
        <ele>1303.6</ele>
      </trkpt>
      <trkpt lat="28.14909" lon="-16.6328">
        <ele>1303.9</ele>
      </trkpt>
      <trkpt lat="28.14903" lon="-16.63204">
        <ele>1304.5</ele>
      </trkpt>
      <trkpt lat="28.14901" lon="-16.63186">
        <ele>1304.1</ele>
      </trkpt>
      <trkpt lat="28.14898" lon="-16.63166">
        <ele>1303.6</ele>
      </trkpt>
      <trkpt lat="28.14886" lon="-16.63127">
        <ele>1301.4</ele>
      </trkpt>
      <trkpt lat="28.1487" lon="-16.6309">
        <ele>1298.9</ele>
      </trkpt>
      <trkpt lat="28.14851" lon="-16.630569">
        <ele>1296.5</ele>
      </trkpt>
      <trkpt lat="28.14837" lon="-16.63037">
        <ele>1294.7</ele>
      </trkpt>
      <trkpt lat="28.14803" lon="-16.62999">
        <ele>1290.4</ele>
      </trkpt>
      <trkpt lat="28.14796" lon="-16.62984">
        <ele>1289.5</ele>
      </trkpt>
      <trkpt lat="28.1479" lon="-16.62957">
        <ele>1288.3</ele>
      </trkpt>
      <trkpt lat="28.1479" lon="-16.62941">
        <ele>1287.9</ele>
      </trkpt>
      <trkpt lat="28.14798" lon="-16.629069">
        <ele>1287.7</ele>
      </trkpt>
      <trkpt lat="28.14799" lon="-16.62886">
        <ele>1286.6</ele>
      </trkpt>
      <trkpt lat="28.14789" lon="-16.628219">
        <ele>1281.9</ele>
      </trkpt>
      <trkpt lat="28.1479" lon="-16.62816">
        <ele>1281.2</ele>
      </trkpt>
      <trkpt lat="28.14793" lon="-16.62807">
        <ele>1280.1</ele>
      </trkpt>
      <trkpt lat="28.14801" lon="-16.628">
        <ele>1279.3</ele>
      </trkpt>
      <trkpt lat="28.14806" lon="-16.62799">
        <ele>1279.3</ele>
      </trkpt>
      <trkpt lat="28.14817" lon="-16.62801">
        <ele>1279.9</ele>
      </trkpt>
      <trkpt lat="28.14888" lon="-16.62836">
        <ele>1285.9</ele>
      </trkpt>
      <trkpt lat="28.14901" lon="-16.62835">
        <ele>1286.0</ele>
      </trkpt>
      <trkpt lat="28.14907" lon="-16.628309">
        <ele>1285.8</ele>
      </trkpt>
      <trkpt lat="28.14913" lon="-16.62818">
        <ele>1285.3</ele>
      </trkpt>
      <trkpt lat="28.14912" lon="-16.62806">
        <ele>1284.8</ele>
      </trkpt>
      <trkpt lat="28.14909" lon="-16.628">
        <ele>1284.4</ele>
      </trkpt>
      <trkpt lat="28.14897" lon="-16.627849">
        <ele>1282.8</ele>
      </trkpt>
      <trkpt lat="28.14893" lon="-16.627749">
        <ele>1281.8</ele>
      </trkpt>
      <trkpt lat="28.14893" lon="-16.627579">
        <ele>1280.7</ele>
      </trkpt>
      <trkpt lat="28.14896" lon="-16.62751">
        <ele>1280.6</ele>
      </trkpt>
      <trkpt lat="28.14909" lon="-16.62736">
        <ele>1281.1</ele>
      </trkpt>
      <trkpt lat="28.1493" lon="-16.627189">
        <ele>1282.9</ele>
      </trkpt>
      <trkpt lat="28.14934" lon="-16.62714">
        <ele>1283.1</ele>
      </trkpt>
      <trkpt lat="28.14937" lon="-16.62708">
        <ele>1283.0</ele>
      </trkpt>
      <trkpt lat="28.14939" lon="-16.62698">
        <ele>1282.4</ele>
      </trkpt>
      <trkpt lat="28.14937" lon="-16.62689">
        <ele>1281.3</ele>
      </trkpt>
      <trkpt lat="28.14932" lon="-16.6268">
        <ele>1279.8</ele>
      </trkpt>
      <trkpt lat="28.14914" lon="-16.62658">
        <ele>1278.2</ele>
      </trkpt>
      <trkpt lat="28.14903" lon="-16.626529">
        <ele>1277.7</ele>
      </trkpt>
      <trkpt lat="28.1488" lon="-16.62657">
        <ele>1274.5</ele>
      </trkpt>
      <trkpt lat="28.14863" lon="-16.62655">
        <ele>1272.8</ele>
      </trkpt>
      <trkpt lat="28.1483" lon="-16.62642">
        <ele>1270.4</ele>
      </trkpt>
      <trkpt lat="28.14787" lon="-16.626069">
        <ele>1268.6</ele>
      </trkpt>
      <trkpt lat="28.14771" lon="-16.625979">
        <ele>1267.6</ele>
      </trkpt>
      <trkpt lat="28.14722" lon="-16.62592">
        <ele>1263.1</ele>
      </trkpt>
      <trkpt lat="28.14692" lon="-16.62577">
        <ele>1262.4</ele>
      </trkpt>
      <trkpt lat="28.14679" lon="-16.62572">
        <ele>1261.9</ele>
      </trkpt>
      <trkpt lat="28.14594" lon="-16.62562">
        <ele>1255.8</ele>
      </trkpt>
      <trkpt lat="28.14578" lon="-16.62562">
        <ele>1254.2</ele>
      </trkpt>
      <trkpt lat="28.14537" lon="-16.62567">
        <ele>1249.2</ele>
      </trkpt>
      <trkpt lat="28.14526" lon="-16.62563">
        <ele>1248.4</ele>
      </trkpt>
      <trkpt lat="28.14518" lon="-16.62552">
        <ele>1248.1</ele>
      </trkpt>
      <trkpt lat="28.14517" lon="-16.62544">
        <ele>1248.4</ele>
      </trkpt>
      <trkpt lat="28.1452" lon="-16.625219">
        <ele>1250.2</ele>
      </trkpt>
      <trkpt lat="28.14526" lon="-16.6251">
        <ele>1252.2</ele>
      </trkpt>
      <trkpt lat="28.14533" lon="-16.62505">
        <ele>1254.1</ele>
      </trkpt>
      <trkpt lat="28.14565" lon="-16.62491">
        <ele>1262.5</ele>
      </trkpt>
      <trkpt lat="28.14567" lon="-16.624839">
        <ele>1263.4</ele>
      </trkpt>
      <trkpt lat="28.14567" lon="-16.62478">
        <ele>1263.8</ele>
      </trkpt>
      <trkpt lat="28.14565" lon="-16.62472">
        <ele>1263.8</ele>
      </trkpt>
      <trkpt lat="28.14561" lon="-16.62469">
        <ele>1263.2</ele>
      </trkpt>
      <trkpt lat="28.14555" lon="-16.624659">
        <ele>1262.1</ele>
      </trkpt>
      <trkpt lat="28.14498" lon="-16.624649">
        <ele>1250.4</ele>
      </trkpt>
      <trkpt lat="28.14486" lon="-16.62462">
        <ele>1248.1</ele>
      </trkpt>
      <trkpt lat="28.14476" lon="-16.62452">
        <ele>1246.9</ele>
      </trkpt>
      <trkpt lat="28.14449" lon="-16.62389">
        <ele>1244.9</ele>
      </trkpt>
      <trkpt lat="28.14439" lon="-16.62379">
        <ele>1243.1</ele>
      </trkpt>
      <trkpt lat="28.14402" lon="-16.623539">
        <ele>1236.7</ele>
      </trkpt>
      <trkpt lat="28.14393" lon="-16.623439">
        <ele>1235.7</ele>
      </trkpt>
      <trkpt lat="28.14392" lon="-16.62332">
        <ele>1236.2</ele>
      </trkpt>
      <trkpt lat="28.144" lon="-16.62293">
        <ele>1234.8</ele>
      </trkpt>
      <trkpt lat="28.14408" lon="-16.6228">
        <ele>1235.4</ele>
      </trkpt>
      <trkpt lat="28.14427" lon="-16.622689">
        <ele>1238.5</ele>
      </trkpt>
      <trkpt lat="28.1443" lon="-16.62264">
        <ele>1238.8</ele>
      </trkpt>
      <trkpt lat="28.14433" lon="-16.62258">
        <ele>1238.9</ele>
      </trkpt>
      <trkpt lat="28.14431" lon="-16.62247">
        <ele>1238.4</ele>
      </trkpt>
      <trkpt lat="28.14429" lon="-16.62242">
        <ele>1238.7</ele>
      </trkpt>
      <trkpt lat="28.14425" lon="-16.622399">
        <ele>1238.2</ele>
      </trkpt>
      <trkpt lat="28.14402" lon="-16.62238">
        <ele>1233.6</ele>
      </trkpt>
      <trkpt lat="28.14397" lon="-16.62237">
        <ele>1232.7</ele>
      </trkpt>
      <trkpt lat="28.14392" lon="-16.62233">
        <ele>1232.2</ele>
      </trkpt>
      <trkpt lat="28.14384" lon="-16.62226">
        <ele>1231.3</ele>
      </trkpt>
      <trkpt lat="28.14379" lon="-16.62214">
        <ele>1231.7</ele>
      </trkpt>
      <trkpt lat="28.14376" lon="-16.62162">
        <ele>1237.9</ele>
      </trkpt>
      <trkpt lat="28.1437" lon="-16.62155">
        <ele>1238.1</ele>
      </trkpt>
      <trkpt lat="28.14361" lon="-16.62153">
        <ele>1236.4</ele>
      </trkpt>
      <trkpt lat="28.14334" lon="-16.62153">
        <ele>1229.9</ele>
      </trkpt>
      <trkpt lat="28.14325" lon="-16.62151">
        <ele>1228.2</ele>
      </trkpt>
      <trkpt lat="28.14303" lon="-16.62143">
        <ele>1224.5</ele>
      </trkpt>
      <trkpt lat="28.14292" lon="-16.62136">
        <ele>1223.3</ele>
      </trkpt>
      <trkpt lat="28.14273" lon="-16.62116">
        <ele>1223.0</ele>
      </trkpt>
      <trkpt lat="28.14246" lon="-16.62106">
        <ele>1217.6</ele>
      </trkpt>
      <trkpt lat="28.14235" lon="-16.62097">
        <ele>1216.2</ele>
      </trkpt>
      <trkpt lat="28.14228" lon="-16.62079">
        <ele>1217.4</ele>
      </trkpt>
      <trkpt lat="28.14228" lon="-16.620629">
        <ele>1219.3</ele>
      </trkpt>
      <trkpt lat="28.14226" lon="-16.620529">
        <ele>1219.8</ele>
      </trkpt>
      <trkpt lat="28.14216" lon="-16.620439">
        <ele>1217.5</ele>
      </trkpt>
      <trkpt lat="28.14205" lon="-16.6204">
        <ele>1214.3</ele>
      </trkpt>
      <trkpt lat="28.14201" lon="-16.62037">
        <ele>1213.4</ele>
      </trkpt>
      <trkpt lat="28.14195" lon="-16.62028">
        <ele>1212.4</ele>
      </trkpt>
      <trkpt lat="28.14194" lon="-16.62021">
        <ele>1212.8</ele>
      </trkpt>
      <trkpt lat="28.14197" lon="-16.62001">
        <ele>1216.1</ele>
      </trkpt>
      <trkpt lat="28.14195" lon="-16.619879">
        <ele>1218.0</ele>
      </trkpt>
      <trkpt lat="28.14191" lon="-16.61982">
        <ele>1217.9</ele>
      </trkpt>
      <trkpt lat="28.14134" lon="-16.61939">
        <ele>1207.8</ele>
      </trkpt>
      <trkpt lat="28.14078" lon="-16.61897">
        <ele>1195.0</ele>
      </trkpt>
      <trkpt lat="28.14074" lon="-16.61891">
        <ele>1194.3</ele>
      </trkpt>
      <trkpt lat="28.14072" lon="-16.6188">
        <ele>1194.5</ele>
      </trkpt>
      <trkpt lat="28.14078" lon="-16.61868">
        <ele>1197.0</ele>
      </trkpt>
      <trkpt lat="28.1409" lon="-16.61859">
        <ele>1201.6</ele>
      </trkpt>
      <trkpt lat="28.14096" lon="-16.61851">
        <ele>1204.3</ele>
      </trkpt>
      <trkpt lat="28.14099" lon="-16.61842">
        <ele>1206.2</ele>
      </trkpt>
      <trkpt lat="28.14101" lon="-16.61833">
        <ele>1207.6</ele>
      </trkpt>
      <trkpt lat="28.141" lon="-16.61825">
        <ele>1206.9</ele>
      </trkpt>
      <trkpt lat="28.14095" lon="-16.61812">
        <ele>1204.4</ele>
      </trkpt>
      <trkpt lat="28.14091" lon="-16.618089">
        <ele>1202.6</ele>
      </trkpt>
      <trkpt lat="28.14087" lon="-16.61808">
        <ele>1201.0</ele>
      </trkpt>
      <trkpt lat="28.14082" lon="-16.618099">
        <ele>1199.2</ele>
      </trkpt>
      <trkpt lat="28.14078" lon="-16.61812">
        <ele>1198.1</ele>
      </trkpt>
      <trkpt lat="28.14075" lon="-16.61816">
        <ele>1197.4</ele>
      </trkpt>
      <trkpt lat="28.14076" lon="-16.618279">
        <ele>1198.5</ele>
      </trkpt>
      <trkpt lat="28.1408" lon="-16.61836">
        <ele>1199.8</ele>
      </trkpt>
      <trkpt lat="28.14079" lon="-16.61848">
        <ele>1198.7</ele>
      </trkpt>
      <trkpt lat="28.1407" lon="-16.618559">
        <ele>1195.5</ele>
      </trkpt>
      <trkpt lat="28.14043" lon="-16.618649">
        <ele>1187.2</ele>
      </trkpt>
      <trkpt lat="28.14036" lon="-16.618749">
        <ele>1184.7</ele>
      </trkpt>
      <trkpt lat="28.14034" lon="-16.61888">
        <ele>1183.4</ele>
      </trkpt>
      <trkpt lat="28.14036" lon="-16.618939">
        <ele>1183.7</ele>
      </trkpt>
      <trkpt lat="28.14039" lon="-16.61899">
        <ele>1184.2</ele>
      </trkpt>
      <trkpt lat="28.14074" lon="-16.61928">
        <ele>1190.7</ele>
      </trkpt>
      <trkpt lat="28.14118" lon="-16.61972">
        <ele>1196.5</ele>
      </trkpt>
      <trkpt lat="28.14127" lon="-16.61984">
        <ele>1197.1</ele>
      </trkpt>
      <trkpt lat="28.14129" lon="-16.6199">
        <ele>1196.6</ele>
      </trkpt>
      <trkpt lat="28.14128" lon="-16.61998">
        <ele>1194.8</ele>
      </trkpt>
      <trkpt lat="28.14126" lon="-16.62004">
        <ele>1193.5</ele>
      </trkpt>
      <trkpt lat="28.14122" lon="-16.62008">
        <ele>1192.0</ele>
      </trkpt>
      <trkpt lat="28.14116" lon="-16.62012">
        <ele>1189.9</ele>
      </trkpt>
      <trkpt lat="28.14072" lon="-16.620259">
        <ele>1177.3</ele>
      </trkpt>
      <trkpt lat="28.14063" lon="-16.62031">
        <ele>1175.2</ele>
      </trkpt>
      <trkpt lat="28.14051" lon="-16.62041">
        <ele>1172.4</ele>
      </trkpt>
      <trkpt lat="28.14046" lon="-16.62047">
        <ele>1171.2</ele>
      </trkpt>
      <trkpt lat="28.14043" lon="-16.62059">
        <ele>1170.3</ele>
      </trkpt>
      <trkpt lat="28.14044" lon="-16.62067">
        <ele>1170.3</ele>
      </trkpt>
      <trkpt lat="28.1405" lon="-16.62078">
        <ele>1171.2</ele>
      </trkpt>
      <trkpt lat="28.14055" lon="-16.620809">
        <ele>1172.0</ele>
      </trkpt>
      <trkpt lat="28.14077" lon="-16.62086">
        <ele>1175.5</ele>
      </trkpt>
      <trkpt lat="28.14088" lon="-16.62094">
        <ele>1176.6</ele>
      </trkpt>
      <trkpt lat="28.14092" lon="-16.62102">
        <ele>1176.4</ele>
      </trkpt>
      <trkpt lat="28.14097" lon="-16.62123">
        <ele>1174.6</ele>
      </trkpt>
      <trkpt lat="28.14102" lon="-16.621289">
        <ele>1174.9</ele>
      </trkpt>
      <trkpt lat="28.1412" lon="-16.62135">
        <ele>1178.4</ele>
      </trkpt>
      <trkpt lat="28.14127" lon="-16.62141">
        <ele>1179.2</ele>
      </trkpt>
      <trkpt lat="28.14133" lon="-16.62151">
        <ele>1179.2</ele>
      </trkpt>
      <trkpt lat="28.14134" lon="-16.62159">
        <ele>1178.3</ele>
      </trkpt>
      <trkpt lat="28.14134" lon="-16.62168">
        <ele>1177.1</ele>
      </trkpt>
      <trkpt lat="28.1413" lon="-16.62177">
        <ele>1175.8</ele>
      </trkpt>
      <trkpt lat="28.14112" lon="-16.62205">
        <ele>1170.5</ele>
      </trkpt>
      <trkpt lat="28.141" lon="-16.62219">
        <ele>1167.1</ele>
      </trkpt>
      <trkpt lat="28.14088" lon="-16.62225">
        <ele>1164.0</ele>
      </trkpt>
      <trkpt lat="28.14081" lon="-16.62226">
        <ele>1162.6</ele>
      </trkpt>
      <trkpt lat="28.14071" lon="-16.62224">
        <ele>1161.5</ele>
      </trkpt>
      <trkpt lat="28.14067" lon="-16.622219">
        <ele>1161.0</ele>
      </trkpt>
      <trkpt lat="28.14062" lon="-16.622129">
        <ele>1160.7</ele>
      </trkpt>
      <trkpt lat="28.14062" lon="-16.62207">
        <ele>1160.8</ele>
      </trkpt>
      <trkpt lat="28.14064" lon="-16.622029">
        <ele>1161.2</ele>
      </trkpt>
      <trkpt lat="28.14071" lon="-16.621949">
        <ele>1162.4</ele>
      </trkpt>
      <trkpt lat="28.14086" lon="-16.6219">
        <ele>1164.8</ele>
      </trkpt>
      <trkpt lat="28.14094" lon="-16.62187">
        <ele>1166.8</ele>
      </trkpt>
      <trkpt lat="28.14097" lon="-16.62183">
        <ele>1167.7</ele>
      </trkpt>
      <trkpt lat="28.14101" lon="-16.621749">
        <ele>1168.9</ele>
      </trkpt>
      <trkpt lat="28.14102" lon="-16.62169">
        <ele>1169.4</ele>
      </trkpt>
      <trkpt lat="28.14102" lon="-16.62164">
        <ele>1169.9</ele>
      </trkpt>
      <trkpt lat="28.14097" lon="-16.621559">
        <ele>1169.8</ele>
      </trkpt>
      <trkpt lat="28.14074" lon="-16.62149">
        <ele>1166.1</ele>
      </trkpt>
      <trkpt lat="28.14053" lon="-16.62134">
        <ele>1164.9</ele>
      </trkpt>
      <trkpt lat="28.14044" lon="-16.62132">
        <ele>1163.7</ele>
      </trkpt>
      <trkpt lat="28.1401" lon="-16.62136">
        <ele>1157.9</ele>
      </trkpt>
      <trkpt lat="28.13994" lon="-16.62133">
        <ele>1155.3</ele>
      </trkpt>
      <trkpt lat="28.13986" lon="-16.621289">
        <ele>1153.9</ele>
      </trkpt>
      <trkpt lat="28.13929" lon="-16.62095">
        <ele>1145.2</ele>
      </trkpt>
      <trkpt lat="28.13924" lon="-16.62089">
        <ele>1144.9</ele>
      </trkpt>
      <trkpt lat="28.13922" lon="-16.620819">
        <ele>1145.1</ele>
      </trkpt>
      <trkpt lat="28.13923" lon="-16.62074">
        <ele>1145.0</ele>
      </trkpt>
      <trkpt lat="28.13935" lon="-16.620439">
        <ele>1146.5</ele>
      </trkpt>
      <trkpt lat="28.13937" lon="-16.62036">
        <ele>1146.7</ele>
      </trkpt>
      <trkpt lat="28.13934" lon="-16.62014">
        <ele>1145.1</ele>
      </trkpt>
      <trkpt lat="28.13946" lon="-16.619869">
        <ele>1149.4</ele>
      </trkpt>
      <trkpt lat="28.13948" lon="-16.6198">
        <ele>1150.8</ele>
      </trkpt>
      <trkpt lat="28.13946" lon="-16.61973">
        <ele>1151.1</ele>
      </trkpt>
      <trkpt lat="28.13943" lon="-16.61967">
        <ele>1151.0</ele>
      </trkpt>
      <trkpt lat="28.13938" lon="-16.61963">
        <ele>1150.2</ele>
      </trkpt>
      <trkpt lat="28.13886" lon="-16.619409">
        <ele>1138.8</ele>
      </trkpt>
      <trkpt lat="28.13874" lon="-16.61934">
        <ele>1136.4</ele>
      </trkpt>
      <trkpt lat="28.1385" lon="-16.61917">
        <ele>1131.6</ele>
      </trkpt>
      <trkpt lat="28.1383" lon="-16.61898">
        <ele>1127.9</ele>
      </trkpt>
      <trkpt lat="28.13791" lon="-16.618469">
        <ele>1123.6</ele>
      </trkpt>
      <trkpt lat="28.13786" lon="-16.6183">
        <ele>1124.1</ele>
      </trkpt>
      <trkpt lat="28.13783" lon="-16.61764">
        <ele>1121.0</ele>
      </trkpt>
      <trkpt lat="28.1378" lon="-16.61738">
        <ele>1119.0</ele>
      </trkpt>
      <trkpt lat="28.13776" lon="-16.61729">
        <ele>1117.4</ele>
      </trkpt>
      <trkpt lat="28.13773" lon="-16.61726">
        <ele>1116.5</ele>
      </trkpt>
      <trkpt lat="28.1376" lon="-16.6172">
        <ele>1113.2</ele>
      </trkpt>
      <trkpt lat="28.13746" lon="-16.61721">
        <ele>1110.6</ele>
      </trkpt>
      <trkpt lat="28.13739" lon="-16.617249">
        <ele>1110.2</ele>
      </trkpt>
      <trkpt lat="28.13728" lon="-16.61737">
        <ele>1110.4</ele>
      </trkpt>
      <trkpt lat="28.13722" lon="-16.6175">
        <ele>1111.3</ele>
      </trkpt>
      <trkpt lat="28.13722" lon="-16.6177">
        <ele>1111.1</ele>
      </trkpt>
      <trkpt lat="28.13727" lon="-16.61831">
        <ele>1111.6</ele>
      </trkpt>
      <trkpt lat="28.1374" lon="-16.618659">
        <ele>1109.1</ele>
      </trkpt>
      <trkpt lat="28.13741" lon="-16.618739">
        <ele>1108.1</ele>
      </trkpt>
      <trkpt lat="28.13739" lon="-16.61882">
        <ele>1106.5</ele>
      </trkpt>
      <trkpt lat="28.13736" lon="-16.61891">
        <ele>1104.7</ele>
      </trkpt>
      <trkpt lat="28.13724" lon="-16.61899">
        <ele>1101.5</ele>
      </trkpt>
      <trkpt lat="28.13712" lon="-16.61901">
        <ele>1099.3</ele>
      </trkpt>
      <trkpt lat="28.13699" lon="-16.618939">
        <ele>1098.1</ele>
      </trkpt>
      <trkpt lat="28.13695" lon="-16.61886">
        <ele>1098.5</ele>
      </trkpt>
      <trkpt lat="28.13683" lon="-16.61841">
        <ele>1102.2</ele>
      </trkpt>
      <trkpt lat="28.13679" lon="-16.61833">
        <ele>1102.4</ele>
      </trkpt>
      <trkpt lat="28.13672" lon="-16.618269">
        <ele>1101.3</ele>
      </trkpt>
      <trkpt lat="28.13666" lon="-16.61826">
        <ele>1100.2</ele>
      </trkpt>
      <trkpt lat="28.13654" lon="-16.618289">
        <ele>1097.4</ele>
      </trkpt>
      <trkpt lat="28.13639" lon="-16.618289">
        <ele>1094.0</ele>
      </trkpt>
      <trkpt lat="28.13596" lon="-16.61797">
        <ele>1087.9</ele>
      </trkpt>
      <trkpt lat="28.13588" lon="-16.61789">
        <ele>1087.2</ele>
      </trkpt>
      <trkpt lat="28.13579" lon="-16.61773">
        <ele>1087.1</ele>
      </trkpt>
      <trkpt lat="28.13564" lon="-16.617249">
        <ele>1085.3</ele>
      </trkpt>
      <trkpt lat="28.13549" lon="-16.61676">
        <ele>1081.5</ele>
      </trkpt>
      <trkpt lat="28.1355" lon="-16.61635">
        <ele>1077.0</ele>
      </trkpt>
      <trkpt lat="28.13551" lon="-16.61625">
        <ele>1075.7</ele>
      </trkpt>
      <trkpt lat="28.13557" lon="-16.61615">
        <ele>1075.2</ele>
      </trkpt>
      <trkpt lat="28.13591" lon="-16.615829">
        <ele>1073.9</ele>
      </trkpt>
      <trkpt lat="28.13597" lon="-16.61579">
        <ele>1072.9</ele>
      </trkpt>
      <trkpt lat="28.1361" lon="-16.615739">
        <ele>1071.6</ele>
      </trkpt>
      <trkpt lat="28.13626" lon="-16.61573">
        <ele>1071.3</ele>
      </trkpt>
      <trkpt lat="28.13634" lon="-16.61577">
        <ele>1072.4</ele>
      </trkpt>
      <trkpt lat="28.13651" lon="-16.615929">
        <ele>1076.1</ele>
      </trkpt>
      <trkpt lat="28.13659" lon="-16.61596">
        <ele>1076.8</ele>
      </trkpt>
      <trkpt lat="28.13666" lon="-16.61597">
        <ele>1077.1</ele>
      </trkpt>
      <trkpt lat="28.13679" lon="-16.61595">
        <ele>1078.7</ele>
      </trkpt>
      <trkpt lat="28.13723" lon="-16.6157">
        <ele>1079.5</ele>
      </trkpt>
      <trkpt lat="28.13734" lon="-16.61559">
        <ele>1077.8</ele>
      </trkpt>
      <trkpt lat="28.13739" lon="-16.6155">
        <ele>1075.7</ele>
      </trkpt>
      <trkpt lat="28.13761" lon="-16.61502">
        <ele>1066.1</ele>
      </trkpt>
      <trkpt lat="28.13762" lon="-16.61494">
        <ele>1065.6</ele>
      </trkpt>
      <trkpt lat="28.13761" lon="-16.61488">
        <ele>1064.8</ele>
      </trkpt>
      <trkpt lat="28.13758" lon="-16.614809">
        <ele>1063.2</ele>
      </trkpt>
      <trkpt lat="28.1375" lon="-16.61475">
        <ele>1059.5</ele>
      </trkpt>
      <trkpt lat="28.13744" lon="-16.61474">
        <ele>1058.8</ele>
      </trkpt>
      <trkpt lat="28.13733" lon="-16.61477">
        <ele>1057.8</ele>
      </trkpt>
      <trkpt lat="28.13729" lon="-16.61482">
        <ele>1057.7</ele>
      </trkpt>
      <trkpt lat="28.13726" lon="-16.614889">
        <ele>1057.9</ele>
      </trkpt>
      <trkpt lat="28.1372" lon="-16.61515">
        <ele>1062.6</ele>
      </trkpt>
      <trkpt lat="28.13717" lon="-16.61521">
        <ele>1064.0</ele>
      </trkpt>
      <trkpt lat="28.13708" lon="-16.615279">
        <ele>1065.0</ele>
      </trkpt>
      <trkpt lat="28.13698" lon="-16.615279">
        <ele>1063.8</ele>
      </trkpt>
      <trkpt lat="28.13692" lon="-16.61525">
        <ele>1062.3</ele>
      </trkpt>
      <trkpt lat="28.13686" lon="-16.61517">
        <ele>1059.4</ele>
      </trkpt>
      <trkpt lat="28.13675" lon="-16.61468">
        <ele>1050.5</ele>
      </trkpt>
      <trkpt lat="28.13671" lon="-16.614619">
        <ele>1049.4</ele>
      </trkpt>
      <trkpt lat="28.13661" lon="-16.614529">
        <ele>1047.7</ele>
      </trkpt>
      <trkpt lat="28.13646" lon="-16.6145">
        <ele>1046.6</ele>
      </trkpt>
      <trkpt lat="28.13637" lon="-16.614519">
        <ele>1046.4</ele>
      </trkpt>
      <trkpt lat="28.13577" lon="-16.61484">
        <ele>1049.2</ele>
      </trkpt>
      <trkpt lat="28.13564" lon="-16.61486">
        <ele>1049.4</ele>
      </trkpt>
      <trkpt lat="28.1355" lon="-16.614809">
        <ele>1048.4</ele>
      </trkpt>
      <trkpt lat="28.13543" lon="-16.61475">
        <ele>1047.3</ele>
      </trkpt>
      <trkpt lat="28.13482" lon="-16.6142">
        <ele>1036.9</ele>
      </trkpt>
      <trkpt lat="28.13472" lon="-16.61413">
        <ele>1035.4</ele>
      </trkpt>
      <trkpt lat="28.13458" lon="-16.614049">
        <ele>1033.5</ele>
      </trkpt>
      <trkpt lat="28.13408" lon="-16.613859">
        <ele>1027.4</ele>
      </trkpt>
      <trkpt lat="28.13401" lon="-16.613859">
        <ele>1026.3</ele>
      </trkpt>
      <trkpt lat="28.13394" lon="-16.61388">
        <ele>1025.5</ele>
      </trkpt>
      <trkpt lat="28.13379" lon="-16.61398">
        <ele>1024.5</ele>
      </trkpt>
      <trkpt lat="28.13367" lon="-16.61411">
        <ele>1024.3</ele>
      </trkpt>
      <trkpt lat="28.13363" lon="-16.61419">
        <ele>1024.5</ele>
      </trkpt>
      <trkpt lat="28.13345" lon="-16.61473">
        <ele>1025.3</ele>
      </trkpt>
      <trkpt lat="28.13327" lon="-16.615269">
        <ele>1025.5</ele>
      </trkpt>
      <trkpt lat="28.13323" lon="-16.61533">
        <ele>1025.2</ele>
      </trkpt>
      <trkpt lat="28.13318" lon="-16.615369">
        <ele>1024.6</ele>
      </trkpt>
      <trkpt lat="28.13305" lon="-16.61541">
        <ele>1022.7</ele>
      </trkpt>
      <trkpt lat="28.13244" lon="-16.6154">
        <ele>1012.2</ele>
      </trkpt>
      <trkpt lat="28.13237" lon="-16.61541">
        <ele>1011.0</ele>
      </trkpt>
      <trkpt lat="28.13225" lon="-16.61548">
        <ele>1009.5</ele>
      </trkpt>
      <trkpt lat="28.13199" lon="-16.61581">
        <ele>1007.2</ele>
      </trkpt>
      <trkpt lat="28.13191" lon="-16.61598">
        <ele>1004.8</ele>
      </trkpt>
      <trkpt lat="28.13185" lon="-16.616209">
        <ele>1002.1</ele>
      </trkpt>
      <trkpt lat="28.13181" lon="-16.61625">
        <ele>1000.8</ele>
      </trkpt>
      <trkpt lat="28.13176" lon="-16.61628">
        <ele>999.3</ele>
      </trkpt>
      <trkpt lat="28.1317" lon="-16.61629">
        <ele>997.6</ele>
      </trkpt>
      <trkpt lat="28.13161" lon="-16.61626">
        <ele>994.7</ele>
      </trkpt>
      <trkpt lat="28.13155" lon="-16.61615">
        <ele>993.3</ele>
      </trkpt>
      <trkpt lat="28.13153" lon="-16.61576">
        <ele>995.0</ele>
      </trkpt>
      <trkpt lat="28.13157" lon="-16.61564">
        <ele>996.0</ele>
      </trkpt>
      <trkpt lat="28.13173" lon="-16.61549">
        <ele>999.6</ele>
      </trkpt>
      <trkpt lat="28.13175" lon="-16.61543">
        <ele>999.6</ele>
      </trkpt>
      <trkpt lat="28.13177" lon="-16.61535">
        <ele>999.5</ele>
      </trkpt>
      <trkpt lat="28.13175" lon="-16.61502">
        <ele>997.3</ele>
      </trkpt>
      <trkpt lat="28.13176" lon="-16.614909">
        <ele>996.6</ele>
      </trkpt>
      <trkpt lat="28.13179" lon="-16.61485">
        <ele>996.5</ele>
      </trkpt>
      <trkpt lat="28.13199" lon="-16.61467">
        <ele>997.7</ele>
      </trkpt>
      <trkpt lat="28.13201" lon="-16.61458">
        <ele>997.2</ele>
      </trkpt>
      <trkpt lat="28.132" lon="-16.614529">
        <ele>996.6</ele>
      </trkpt>
      <trkpt lat="28.13197" lon="-16.61449">
        <ele>995.9</ele>
      </trkpt>
      <trkpt lat="28.1319" lon="-16.61446">
        <ele>994.6</ele>
      </trkpt>
      <trkpt lat="28.13166" lon="-16.6144">
        <ele>990.8</ele>
      </trkpt>
      <trkpt lat="28.13159" lon="-16.61436">
        <ele>988.8</ele>
      </trkpt>
      <trkpt lat="28.13155" lon="-16.6143">
        <ele>987.3</ele>
      </trkpt>
      <trkpt lat="28.13153" lon="-16.61421">
        <ele>986.1</ele>
      </trkpt>
      <trkpt lat="28.13151" lon="-16.614059">
        <ele>984.3</ele>
      </trkpt>
      <trkpt lat="28.13152" lon="-16.613869">
        <ele>982.9</ele>
      </trkpt>
      <trkpt lat="28.13156" lon="-16.61379">
        <ele>983.1</ele>
      </trkpt>
      <trkpt lat="28.13193" lon="-16.61342">
        <ele>986.2</ele>
      </trkpt>
      <trkpt lat="28.13198" lon="-16.61336">
        <ele>986.5</ele>
      </trkpt>
      <trkpt lat="28.13202" lon="-16.61324">
        <ele>985.8</ele>
      </trkpt>
      <trkpt lat="28.13201" lon="-16.613109">
        <ele>983.9</ele>
      </trkpt>
      <trkpt lat="28.13187" lon="-16.61272">
        <ele>976.5</ele>
      </trkpt>
      <trkpt lat="28.13186" lon="-16.61266">
        <ele>975.5</ele>
      </trkpt>
      <trkpt lat="28.13188" lon="-16.61258">
        <ele>974.9</ele>
      </trkpt>
      <trkpt lat="28.13206" lon="-16.61225">
        <ele>972.3</ele>
      </trkpt>
      <trkpt lat="28.13212" lon="-16.612169">
        <ele>971.8</ele>
      </trkpt>
      <trkpt lat="28.13224" lon="-16.612079">
        <ele>972.3</ele>
      </trkpt>
      <trkpt lat="28.1325" lon="-16.61201">
        <ele>975.6</ele>
      </trkpt>
      <trkpt lat="28.13256" lon="-16.61196">
        <ele>975.4</ele>
      </trkpt>
      <trkpt lat="28.13274" lon="-16.61176">
        <ele>974.3</ele>
      </trkpt>
      <trkpt lat="28.13277" lon="-16.61168">
        <ele>973.4</ele>
      </trkpt>
      <trkpt lat="28.13277" lon="-16.6116">
        <ele>971.9</ele>
      </trkpt>
      <trkpt lat="28.13273" lon="-16.6114">
        <ele>967.4</ele>
      </trkpt>
      <trkpt lat="28.13272" lon="-16.61132">
        <ele>965.8</ele>
      </trkpt>
      <trkpt lat="28.13277" lon="-16.611229">
        <ele>964.7</ele>
      </trkpt>
      <trkpt lat="28.13307" lon="-16.610949">
        <ele>962.6</ele>
      </trkpt>
      <trkpt lat="28.13316" lon="-16.61088">
        <ele>962.1</ele>
      </trkpt>
      <trkpt lat="28.13321" lon="-16.610869">
        <ele>962.5</ele>
      </trkpt>
      <trkpt lat="28.13328" lon="-16.61088">
        <ele>963.5</ele>
      </trkpt>
      <trkpt lat="28.13348" lon="-16.610969">
        <ele>969.4</ele>
      </trkpt>
      <trkpt lat="28.13355" lon="-16.61098">
        <ele>971.2</ele>
      </trkpt>
      <trkpt lat="28.13361" lon="-16.610949">
        <ele>972.0</ele>
      </trkpt>
      <trkpt lat="28.13364" lon="-16.61092">
        <ele>972.2</ele>
      </trkpt>
      <trkpt lat="28.13365" lon="-16.610869">
        <ele>971.6</ele>
      </trkpt>
      <trkpt lat="28.13363" lon="-16.61074">
        <ele>970.2</ele>
      </trkpt>
      <trkpt lat="28.13346" lon="-16.61033">
        <ele>963.2</ele>
      </trkpt>
      <trkpt lat="28.13339" lon="-16.61024">
        <ele>960.1</ele>
      </trkpt>
      <trkpt lat="28.13314" lon="-16.61007">
        <ele>952.8</ele>
      </trkpt>
      <trkpt lat="28.13311" lon="-16.610029">
        <ele>951.8</ele>
      </trkpt>
      <trkpt lat="28.13308" lon="-16.609929">
        <ele>950.6</ele>
      </trkpt>
      <trkpt lat="28.13311" lon="-16.60924">
        <ele>949.1</ele>
      </trkpt>
      <trkpt lat="28.13312" lon="-16.609179">
        <ele>949.3</ele>
      </trkpt>
      <trkpt lat="28.1332" lon="-16.60904">
        <ele>951.2</ele>
      </trkpt>
      <trkpt lat="28.13344" lon="-16.60875">
        <ele>958.1</ele>
      </trkpt>
      <trkpt lat="28.13347" lon="-16.60869">
        <ele>959.0</ele>
      </trkpt>
      <trkpt lat="28.13348" lon="-16.608609">
        <ele>958.8</ele>
      </trkpt>
      <trkpt lat="28.13351" lon="-16.60812">
        <ele>961.1</ele>
      </trkpt>
      <trkpt lat="28.1335" lon="-16.60794">
        <ele>963.2</ele>
      </trkpt>
      <trkpt lat="28.13349" lon="-16.6079">
        <ele>963.2</ele>
      </trkpt>
      <trkpt lat="28.13332" lon="-16.60773">
        <ele>957.7</ele>
      </trkpt>
      <trkpt lat="28.13324" lon="-16.6077">
        <ele>955.7</ele>
      </trkpt>
      <trkpt lat="28.13259" lon="-16.60773">
        <ele>934.9</ele>
      </trkpt>
      <trkpt lat="28.13247" lon="-16.6077">
        <ele>931.7</ele>
      </trkpt>
      <trkpt lat="28.13242" lon="-16.60765">
        <ele>931.1</ele>
      </trkpt>
      <trkpt lat="28.13234" lon="-16.60753">
        <ele>930.7</ele>
      </trkpt>
      <trkpt lat="28.1323" lon="-16.60728">
        <ele>932.2</ele>
      </trkpt>
      <trkpt lat="28.13227" lon="-16.607209">
        <ele>932.0</ele>
      </trkpt>
      <trkpt lat="28.13222" lon="-16.60715">
        <ele>931.1</ele>
      </trkpt>
      <trkpt lat="28.13193" lon="-16.60694">
        <ele>925.3</ele>
      </trkpt>
      <trkpt lat="28.1319" lon="-16.6069">
        <ele>925.1</ele>
      </trkpt>
      <trkpt lat="28.13187" lon="-16.606829">
        <ele>925.4</ele>
      </trkpt>
      <trkpt lat="28.13187" lon="-16.60677">
        <ele>926.4</ele>
      </trkpt>
      <trkpt lat="28.13199" lon="-16.60661">
        <ele>930.4</ele>
      </trkpt>
      <trkpt lat="28.132" lon="-16.60648">
        <ele>929.1</ele>
      </trkpt>
      <trkpt lat="28.13198" lon="-16.60643">
        <ele>927.9</ele>
      </trkpt>
      <trkpt lat="28.13183" lon="-16.606169">
        <ele>920.4</ele>
      </trkpt>
      <trkpt lat="28.13182" lon="-16.606089">
        <ele>919.1</ele>
      </trkpt>
      <trkpt lat="28.13188" lon="-16.60597">
        <ele>919.2</ele>
      </trkpt>
      <trkpt lat="28.13212" lon="-16.60566">
        <ele>920.0</ele>
      </trkpt>
      <trkpt lat="28.13226" lon="-16.60545">
        <ele>918.5</ele>
      </trkpt>
      <trkpt lat="28.13232" lon="-16.60539">
        <ele>918.6</ele>
      </trkpt>
      <trkpt lat="28.13239" lon="-16.60536">
        <ele>919.8</ele>
      </trkpt>
      <trkpt lat="28.13271" lon="-16.605319">
        <ele>929.2</ele>
      </trkpt>
      <trkpt lat="28.13293" lon="-16.60538">
        <ele>937.9</ele>
      </trkpt>
      <trkpt lat="28.133" lon="-16.60537">
        <ele>940.1</ele>
      </trkpt>
      <trkpt lat="28.13305" lon="-16.605329">
        <ele>941.3</ele>
      </trkpt>
      <trkpt lat="28.1331" lon="-16.605239">
        <ele>942.1</ele>
      </trkpt>
      <trkpt lat="28.13312" lon="-16.60519">
        <ele>942.4</ele>
      </trkpt>
      <trkpt lat="28.13311" lon="-16.6051">
        <ele>941.1</ele>
      </trkpt>
      <trkpt lat="28.13293" lon="-16.604869">
        <ele>935.3</ele>
      </trkpt>
      <trkpt lat="28.13281" lon="-16.60474">
        <ele>933.1</ele>
      </trkpt>
      <trkpt lat="28.13249" lon="-16.60453">
        <ele>923.9</ele>
      </trkpt>
      <trkpt lat="28.13236" lon="-16.60442">
        <ele>921.3</ele>
      </trkpt>
      <trkpt lat="28.13193" lon="-16.603909">
        <ele>911.0</ele>
      </trkpt>
      <trkpt lat="28.13173" lon="-16.60358">
        <ele>906.0</ele>
      </trkpt>
      <trkpt lat="28.1317" lon="-16.60343">
        <ele>906.5</ele>
      </trkpt>
      <trkpt lat="28.13169" lon="-16.60331">
        <ele>906.9</ele>
      </trkpt>
      <trkpt lat="28.13171" lon="-16.6029">
        <ele>902.3</ele>
      </trkpt>
      <trkpt lat="28.13174" lon="-16.60281">
        <ele>902.4</ele>
      </trkpt>
      <trkpt lat="28.13184" lon="-16.60254">
        <ele>902.7</ele>
      </trkpt>
      <trkpt lat="28.13193" lon="-16.602329">
        <ele>901.9</ele>
      </trkpt>
      <trkpt lat="28.13203" lon="-16.60218">
        <ele>901.8</ele>
      </trkpt>
      <trkpt lat="28.13224" lon="-16.60193">
        <ele>901.0</ele>
      </trkpt>
      <trkpt lat="28.13236" lon="-16.60182">
        <ele>900.5</ele>
      </trkpt>
      <trkpt lat="28.13278" lon="-16.60155">
        <ele>900.2</ele>
      </trkpt>
      <trkpt lat="28.13288" lon="-16.60152">
        <ele>901.3</ele>
      </trkpt>
      <trkpt lat="28.13311" lon="-16.6015">
        <ele>904.6</ele>
      </trkpt>
      <trkpt lat="28.13323" lon="-16.60145">
        <ele>905.7</ele>
      </trkpt>
      <trkpt lat="28.13328" lon="-16.6014">
        <ele>905.6</ele>
      </trkpt>
      <trkpt lat="28.1333" lon="-16.601299">
        <ele>904.3</ele>
      </trkpt>
      <trkpt lat="28.13322" lon="-16.6006">
        <ele>895.8</ele>
      </trkpt>
      <trkpt lat="28.13315" lon="-16.60043">
        <ele>895.5</ele>
      </trkpt>
      <trkpt lat="28.1328" lon="-16.60022">
        <ele>892.6</ele>
      </trkpt>
      <trkpt lat="28.13272" lon="-16.60021">
        <ele>891.9</ele>
      </trkpt>
      <trkpt lat="28.1326" lon="-16.60024">
        <ele>890.2</ele>
      </trkpt>
      <trkpt lat="28.132" lon="-16.60081">
        <ele>878.6</ele>
      </trkpt>
      <trkpt lat="28.13188" lon="-16.60086">
        <ele>877.8</ele>
      </trkpt>
      <trkpt lat="28.13175" lon="-16.60087">
        <ele>876.9</ele>
      </trkpt>
      <trkpt lat="28.13123" lon="-16.60079">
        <ele>871.4</ele>
      </trkpt>
      <trkpt lat="28.13072" lon="-16.600719">
        <ele>865.0</ele>
      </trkpt>
      <trkpt lat="28.13067" lon="-16.60068">
        <ele>864.2</ele>
      </trkpt>
      <trkpt lat="28.13062" lon="-16.60057">
        <ele>863.4</ele>
      </trkpt>
      <trkpt lat="28.13062" lon="-16.60048">
        <ele>863.5</ele>
      </trkpt>
      <trkpt lat="28.13063" lon="-16.6004">
        <ele>863.7</ele>
      </trkpt>
      <trkpt lat="28.13075" lon="-16.60018">
        <ele>865.7</ele>
      </trkpt>
      <trkpt lat="28.13076" lon="-16.60011">
        <ele>865.9</ele>
      </trkpt>
      <trkpt lat="28.13076" lon="-16.60002">
        <ele>865.9</ele>
      </trkpt>
      <trkpt lat="28.13073" lon="-16.59992">
        <ele>865.6</ele>
      </trkpt>
      <trkpt lat="28.1305" lon="-16.59929">
        <ele>862.0</ele>
      </trkpt>
      <trkpt lat="28.13026" lon="-16.598659">
        <ele>859.5</ele>
      </trkpt>
      <trkpt lat="28.13003" lon="-16.59803">
        <ele>858.7</ele>
      </trkpt>
      <trkpt lat="28.12999" lon="-16.59798">
        <ele>858.4</ele>
      </trkpt>
      <trkpt lat="28.12986" lon="-16.597919">
        <ele>856.4</ele>
      </trkpt>
      <trkpt lat="28.12937" lon="-16.59774">
        <ele>847.8</ele>
      </trkpt>
      <trkpt lat="28.12927" lon="-16.59762">
        <ele>846.0</ele>
      </trkpt>
      <trkpt lat="28.12919" lon="-16.597449">
        <ele>844.9</ele>
      </trkpt>
      <trkpt lat="28.12911" lon="-16.597059">
        <ele>846.7</ele>
      </trkpt>
      <trkpt lat="28.12913" lon="-16.59693">
        <ele>848.2</ele>
      </trkpt>
      <trkpt lat="28.12918" lon="-16.59683">
        <ele>849.8</ele>
      </trkpt>
      <trkpt lat="28.1292" lon="-16.59675">
        <ele>850.8</ele>
      </trkpt>
      <trkpt lat="28.1292" lon="-16.59667">
        <ele>851.4</ele>
      </trkpt>
      <trkpt lat="28.12918" lon="-16.59663">
        <ele>851.6</ele>
      </trkpt>
      <trkpt lat="28.12913" lon="-16.59658">
        <ele>851.3</ele>
      </trkpt>
      <trkpt lat="28.12905" lon="-16.59656">
        <ele>850.2</ele>
      </trkpt>
      <trkpt lat="28.12866" lon="-16.596689">
        <ele>842.3</ele>
      </trkpt>
      <trkpt lat="28.1285" lon="-16.596689">
        <ele>839.6</ele>
      </trkpt>
      <trkpt lat="28.1284" lon="-16.59667">
        <ele>838.1</ele>
      </trkpt>
      <trkpt lat="28.12831" lon="-16.596599">
        <ele>837.3</ele>
      </trkpt>
      <trkpt lat="28.12817" lon="-16.59639">
        <ele>837.0</ele>
      </trkpt>
      <trkpt lat="28.12806" lon="-16.59618">
        <ele>837.1</ele>
      </trkpt>
      <trkpt lat="28.12801" lon="-16.59592">
        <ele>838.9</ele>
      </trkpt>
      <trkpt lat="28.12804" lon="-16.59565">
        <ele>841.3</ele>
      </trkpt>
      <trkpt lat="28.12802" lon="-16.59558">
        <ele>841.3</ele>
      </trkpt>
      <trkpt lat="28.12798" lon="-16.59552">
        <ele>841.0</ele>
      </trkpt>
      <trkpt lat="28.12788" lon="-16.59549">
        <ele>839.7</ele>
      </trkpt>
      <trkpt lat="28.12779" lon="-16.595469">
        <ele>838.6</ele>
      </trkpt>
      <trkpt lat="28.12718" lon="-16.59543">
        <ele>829.5</ele>
      </trkpt>
      <trkpt lat="28.12713" lon="-16.59542">
        <ele>828.8</ele>
      </trkpt>
      <trkpt lat="28.12706" lon="-16.59534">
        <ele>828.2</ele>
      </trkpt>
      <trkpt lat="28.12701" lon="-16.59525">
        <ele>828.1</ele>
      </trkpt>
      <trkpt lat="28.12697" lon="-16.595099">
        <ele>828.4</ele>
      </trkpt>
      <trkpt lat="28.127" lon="-16.59499">
        <ele>829.9</ele>
      </trkpt>
      <trkpt lat="28.12712" lon="-16.59474">
        <ele>833.3</ele>
      </trkpt>
      <trkpt lat="28.12713" lon="-16.59467">
        <ele>833.7</ele>
      </trkpt>
      <trkpt lat="28.12711" lon="-16.5946">
        <ele>833.6</ele>
      </trkpt>
      <trkpt lat="28.12707" lon="-16.59456">
        <ele>833.1</ele>
      </trkpt>
      <trkpt lat="28.12701" lon="-16.594539">
        <ele>832.2</ele>
      </trkpt>
      <trkpt lat="28.12664" lon="-16.59458">
        <ele>825.4</ele>
      </trkpt>
      <trkpt lat="28.12658" lon="-16.59456">
        <ele>824.2</ele>
      </trkpt>
      <trkpt lat="28.12653" lon="-16.59451">
        <ele>823.4</ele>
      </trkpt>
      <trkpt lat="28.12649" lon="-16.59436">
        <ele>823.6</ele>
      </trkpt>
      <trkpt lat="28.12651" lon="-16.594059">
        <ele>825.5</ele>
      </trkpt>
      <trkpt lat="28.1265" lon="-16.593979">
        <ele>825.4</ele>
      </trkpt>
      <trkpt lat="28.12647" lon="-16.59391">
        <ele>824.8</ele>
      </trkpt>
      <trkpt lat="28.12596" lon="-16.593499">
        <ele>815.6</ele>
      </trkpt>
      <trkpt lat="28.12585" lon="-16.593399">
        <ele>814.0</ele>
      </trkpt>
      <trkpt lat="28.1254" lon="-16.59279">
        <ele>806.9</ele>
      </trkpt>
      <trkpt lat="28.12535" lon="-16.59269">
        <ele>806.4</ele>
      </trkpt>
      <trkpt lat="28.12529" lon="-16.59233">
        <ele>806.4</ele>
      </trkpt>
      <trkpt lat="28.12526" lon="-16.592199">
        <ele>806.4</ele>
      </trkpt>
      <trkpt lat="28.1252" lon="-16.591919">
        <ele>806.4</ele>
      </trkpt>
      <trkpt lat="28.12517" lon="-16.59188">
        <ele>806.1</ele>
      </trkpt>
      <trkpt lat="28.12509" lon="-16.591819">
        <ele>805.0</ele>
      </trkpt>
      <trkpt lat="28.12471" lon="-16.591729">
        <ele>796.6</ele>
      </trkpt>
      <trkpt lat="28.12465" lon="-16.59167">
        <ele>795.2</ele>
      </trkpt>
      <trkpt lat="28.12462" lon="-16.59159">
        <ele>794.2</ele>
      </trkpt>
      <trkpt lat="28.12463" lon="-16.59146">
        <ele>794.1</ele>
      </trkpt>
      <trkpt lat="28.12473" lon="-16.5911">
        <ele>795.1</ele>
      </trkpt>
      <trkpt lat="28.12477" lon="-16.59103">
        <ele>795.7</ele>
      </trkpt>
      <trkpt lat="28.12483" lon="-16.590959">
        <ele>796.5</ele>
      </trkpt>
      <trkpt lat="28.12485" lon="-16.590879">
        <ele>796.5</ele>
      </trkpt>
      <trkpt lat="28.12486" lon="-16.5908">
        <ele>796.7</ele>
      </trkpt>
      <trkpt lat="28.12479" lon="-16.59061">
        <ele>796.8</ele>
      </trkpt>
      <trkpt lat="28.12432" lon="-16.59005">
        <ele>792.4</ele>
      </trkpt>
      <trkpt lat="28.12428" lon="-16.58997">
        <ele>792.6</ele>
      </trkpt>
      <trkpt lat="28.12408" lon="-16.5893">
        <ele>800.4</ele>
      </trkpt>
      <trkpt lat="28.12402" lon="-16.58922">
        <ele>801.4</ele>
      </trkpt>
      <trkpt lat="28.12384" lon="-16.58925">
        <ele>799.8</ele>
      </trkpt>
      <trkpt lat="28.12369" lon="-16.58939">
        <ele>795.9</ele>
      </trkpt>
      <trkpt lat="28.12361" lon="-16.58943">
        <ele>794.3</ele>
      </trkpt>
      <trkpt lat="28.12286" lon="-16.58968">
        <ele>786.7</ele>
      </trkpt>
      <trkpt lat="28.12233" lon="-16.5898">
        <ele>781.1</ele>
      </trkpt>
      <trkpt lat="28.12212" lon="-16.58982">
        <ele>778.1</ele>
      </trkpt>
      <trkpt lat="28.12172" lon="-16.58978">
        <ele>775.5</ele>
      </trkpt>
      <trkpt lat="28.12155" lon="-16.58973">
        <ele>775.3</ele>
      </trkpt>
      <trkpt lat="28.12115" lon="-16.5896">
        <ele>773.5</ele>
      </trkpt>
      <trkpt lat="28.12058" lon="-16.58933">
        <ele>771.9</ele>
      </trkpt>
      <trkpt lat="28.12046" lon="-16.589289">
        <ele>771.4</ele>
      </trkpt>
      <trkpt lat="28.11958" lon="-16.58932">
        <ele>761.5</ele>
      </trkpt>
      <trkpt lat="28.11885" lon="-16.58936">
        <ele>754.8</ele>
      </trkpt>
      <trkpt lat="28.11851" lon="-16.58936">
        <ele>752.3</ele>
      </trkpt>
      <trkpt lat="28.1184" lon="-16.58934">
        <ele>751.8</ele>
      </trkpt>
      <trkpt lat="28.118" lon="-16.58904">
        <ele>747.7</ele>
      </trkpt>
      <trkpt lat="28.11786" lon="-16.588899">
        <ele>745.7</ele>
      </trkpt>
      <trkpt lat="28.11779" lon="-16.58879">
        <ele>745.0</ele>
      </trkpt>
      <trkpt lat="28.11766" lon="-16.58846">
        <ele>744.4</ele>
      </trkpt>
      <trkpt lat="28.11753" lon="-16.58785">
        <ele>742.3</ele>
      </trkpt>
      <trkpt lat="28.11752" lon="-16.58765">
        <ele>742.3</ele>
      </trkpt>
      <trkpt lat="28.11753" lon="-16.58689">
        <ele>739.0</ele>
      </trkpt>
      <trkpt lat="28.11754" lon="-16.58613">
        <ele>732.2</ele>
      </trkpt>
      <trkpt lat="28.11759" lon="-16.58584">
        <ele>730.2</ele>
      </trkpt>
      <trkpt lat="28.11783" lon="-16.58511">
        <ele>726.7</ele>
      </trkpt>
      <trkpt lat="28.11808" lon="-16.58438">
        <ele>720.9</ele>
      </trkpt>
      <trkpt lat="28.11832" lon="-16.583649">
        <ele>717.1</ele>
      </trkpt>
      <trkpt lat="28.11841" lon="-16.58326">
        <ele>715.4</ele>
      </trkpt>
      <trkpt lat="28.11839" lon="-16.582989">
        <ele>713.9</ele>
      </trkpt>
      <trkpt lat="28.11836" lon="-16.582889">
        <ele>713.1</ele>
      </trkpt>
      <trkpt lat="28.11829" lon="-16.58279">
        <ele>711.9</ele>
      </trkpt>
      <trkpt lat="28.11816" lon="-16.582709">
        <ele>710.3</ele>
      </trkpt>
      <trkpt lat="28.11749" lon="-16.58245">
        <ele>703.8</ele>
      </trkpt>
      <trkpt lat="28.11734" lon="-16.58237">
        <ele>701.4</ele>
      </trkpt>
      <trkpt lat="28.11706" lon="-16.58213">
        <ele>696.9</ele>
      </trkpt>
      <trkpt lat="28.11687" lon="-16.581859">
        <ele>694.0</ele>
      </trkpt>
      <trkpt lat="28.11681" lon="-16.58172">
        <ele>693.1</ele>
      </trkpt>
      <trkpt lat="28.1168" lon="-16.58162">
        <ele>692.4</ele>
      </trkpt>
      <trkpt lat="28.11685" lon="-16.58153">
        <ele>692.2</ele>
      </trkpt>
      <trkpt lat="28.11721" lon="-16.581199">
        <ele>694.5</ele>
      </trkpt>
      <trkpt lat="28.11725" lon="-16.58114">
        <ele>694.6</ele>
      </trkpt>
      <trkpt lat="28.11725" lon="-16.58107">
        <ele>694.0</ele>
      </trkpt>
      <trkpt lat="28.11722" lon="-16.58101">
        <ele>692.9</ele>
      </trkpt>
      <trkpt lat="28.11716" lon="-16.58095">
        <ele>691.4</ele>
      </trkpt>
      <trkpt lat="28.11688" lon="-16.580829">
        <ele>685.5</ele>
      </trkpt>
      <trkpt lat="28.11655" lon="-16.58057">
        <ele>678.2</ele>
      </trkpt>
      <trkpt lat="28.11645" lon="-16.5805">
        <ele>676.5</ele>
      </trkpt>
      <trkpt lat="28.11635" lon="-16.58035">
        <ele>674.3</ele>
      </trkpt>
      <trkpt lat="28.11638" lon="-16.58023">
        <ele>673.7</ele>
      </trkpt>
      <trkpt lat="28.11647" lon="-16.58015">
        <ele>673.8</ele>
      </trkpt>
      <trkpt lat="28.11692" lon="-16.579989">
        <ele>675.0</ele>
      </trkpt>
      <trkpt lat="28.11737" lon="-16.57983">
        <ele>674.6</ele>
      </trkpt>
      <trkpt lat="28.11782" lon="-16.579229">
        <ele>668.3</ele>
      </trkpt>
      <trkpt lat="28.11811" lon="-16.57898">
        <ele>666.5</ele>
      </trkpt>
      <trkpt lat="28.11824" lon="-16.578859">
        <ele>665.8</ele>
      </trkpt>
      <trkpt lat="28.11866" lon="-16.57863">
        <ele>663.0</ele>
      </trkpt>
      <trkpt lat="28.11907" lon="-16.578399">
        <ele>658.5</ele>
      </trkpt>
      <trkpt lat="28.11918" lon="-16.57829">
        <ele>656.7</ele>
      </trkpt>
      <trkpt lat="28.11928" lon="-16.57813">
        <ele>655.8</ele>
      </trkpt>
      <trkpt lat="28.11934" lon="-16.578009">
        <ele>655.1</ele>
      </trkpt>
      <trkpt lat="28.11937" lon="-16.577829">
        <ele>653.7</ele>
      </trkpt>
      <trkpt lat="28.11934" lon="-16.57778">
        <ele>653.2</ele>
      </trkpt>
      <trkpt lat="28.1193" lon="-16.57776">
        <ele>652.8</ele>
      </trkpt>
      <trkpt lat="28.11919" lon="-16.57778">
        <ele>652.5</ele>
      </trkpt>
      <trkpt lat="28.11836" lon="-16.57813">
        <ele>655.8</ele>
      </trkpt>
      <trkpt lat="28.11752" lon="-16.578489">
        <ele>653.0</ele>
      </trkpt>
      <trkpt lat="28.11668" lon="-16.57884">
        <ele>649.7</ele>
      </trkpt>
      <trkpt lat="28.1166" lon="-16.5789">
        <ele>650.0</ele>
      </trkpt>
      <trkpt lat="28.11635" lon="-16.5792">
        <ele>653.2</ele>
      </trkpt>
      <trkpt lat="28.11621" lon="-16.579329">
        <ele>654.4</ele>
      </trkpt>
      <trkpt lat="28.11571" lon="-16.579519">
        <ele>652.2</ele>
      </trkpt>
      <trkpt lat="28.11499" lon="-16.57986">
        <ele>645.4</ele>
      </trkpt>
      <trkpt lat="28.11488" lon="-16.579999">
        <ele>645.7</ele>
      </trkpt>
      <trkpt lat="28.11482" lon="-16.58012">
        <ele>644.6</ele>
      </trkpt>
      <trkpt lat="28.1148" lon="-16.58025">
        <ele>644.7</ele>
      </trkpt>
      <trkpt lat="28.1148" lon="-16.58034">
        <ele>645.1</ele>
      </trkpt>
      <trkpt lat="28.11486" lon="-16.580449">
        <ele>647.1</ele>
      </trkpt>
      <trkpt lat="28.11493" lon="-16.58054">
        <ele>649.2</ele>
      </trkpt>
      <trkpt lat="28.1151" lon="-16.58066">
        <ele>653.7</ele>
      </trkpt>
      <trkpt lat="28.11515" lon="-16.58071">
        <ele>655.0</ele>
      </trkpt>
      <trkpt lat="28.11517" lon="-16.58078">
        <ele>655.7</ele>
      </trkpt>
      <trkpt lat="28.11517" lon="-16.58087">
        <ele>656.4</ele>
      </trkpt>
      <trkpt lat="28.11514" lon="-16.58095">
        <ele>657.0</ele>
      </trkpt>
      <trkpt lat="28.11514" lon="-16.58095">
        <ele>657.0</ele>
      </trkpt>
      <trkpt lat="28.11513" lon="-16.58097">
        <ele>657.1</ele>
      </trkpt>
      <trkpt lat="28.11505" lon="-16.58104">
        <ele>656.5</ele>
      </trkpt>
      <trkpt lat="28.11469" lon="-16.58115">
        <ele>649.8</ele>
      </trkpt>
      <trkpt lat="28.1146" lon="-16.581209">
        <ele>648.6</ele>
      </trkpt>
      <trkpt lat="28.11453" lon="-16.58129">
        <ele>648.0</ele>
      </trkpt>
      <trkpt lat="28.11424" lon="-16.58181">
        <ele>646.6</ele>
      </trkpt>
      <trkpt lat="28.1142" lon="-16.58194">
        <ele>646.1</ele>
      </trkpt>
      <trkpt lat="28.11406" lon="-16.582809">
        <ele>649.5</ele>
      </trkpt>
      <trkpt lat="28.11401" lon="-16.58297">
        <ele>650.3</ele>
      </trkpt>
      <trkpt lat="28.11395" lon="-16.58305">
        <ele>650.1</ele>
      </trkpt>
      <trkpt lat="28.11388" lon="-16.5831">
        <ele>649.4</ele>
      </trkpt>
      <trkpt lat="28.11358" lon="-16.58322">
        <ele>645.3</ele>
      </trkpt>
      <trkpt lat="28.11352" lon="-16.58326">
        <ele>644.6</ele>
      </trkpt>
      <trkpt lat="28.11346" lon="-16.58334">
        <ele>644.3</ele>
      </trkpt>
      <trkpt lat="28.11331" lon="-16.58381">
        <ele>644.0</ele>
      </trkpt>
      <trkpt lat="28.11326" lon="-16.58396">
        <ele>644.1</ele>
      </trkpt>
      <trkpt lat="28.11318" lon="-16.58436">
        <ele>644.3</ele>
      </trkpt>
      <trkpt lat="28.11296" lon="-16.58503">
        <ele>643.5</ele>
      </trkpt>
      <trkpt lat="28.11274" lon="-16.585709">
        <ele>643.1</ele>
      </trkpt>
      <trkpt lat="28.11253" lon="-16.586379">
        <ele>642.4</ele>
      </trkpt>
      <trkpt lat="28.11236" lon="-16.58677">
        <ele>641.4</ele>
      </trkpt>
      <trkpt lat="28.11214" lon="-16.58744">
        <ele>640.1</ele>
      </trkpt>
      <trkpt lat="28.11211" lon="-16.58757">
        <ele>640.1</ele>
      </trkpt>
      <trkpt lat="28.1121" lon="-16.5877">
        <ele>640.5</ele>
      </trkpt>
      <trkpt lat="28.11212" lon="-16.58785">
        <ele>641.3</ele>
      </trkpt>
      <trkpt lat="28.11229" lon="-16.58851">
        <ele>646.2</ele>
      </trkpt>
      <trkpt lat="28.11231" lon="-16.58864">
        <ele>646.7</ele>
      </trkpt>
      <trkpt lat="28.1123" lon="-16.58874">
        <ele>646.8</ele>
      </trkpt>
      <trkpt lat="28.11225" lon="-16.58883">
        <ele>646.4</ele>
      </trkpt>
      <trkpt lat="28.11189" lon="-16.58922">
        <ele>643.4</ele>
      </trkpt>
      <trkpt lat="28.11184" lon="-16.58931">
        <ele>642.7</ele>
      </trkpt>
      <trkpt lat="28.11182" lon="-16.5894">
        <ele>642.4</ele>
      </trkpt>
      <trkpt lat="28.11181" lon="-16.58949">
        <ele>642.2</ele>
      </trkpt>
      <trkpt lat="28.11185" lon="-16.59002">
        <ele>642.2</ele>
      </trkpt>
      <trkpt lat="28.11189" lon="-16.59055">
        <ele>640.4</ele>
      </trkpt>
      <trkpt lat="28.11189" lon="-16.59071">
        <ele>640.1</ele>
      </trkpt>
      <trkpt lat="28.11187" lon="-16.59083">
        <ele>639.9</ele>
      </trkpt>
      <trkpt lat="28.11178" lon="-16.59114">
        <ele>639.5</ele>
      </trkpt>
      <trkpt lat="28.11152" lon="-16.592089">
        <ele>638.1</ele>
      </trkpt>
      <trkpt lat="28.1115" lon="-16.59224">
        <ele>637.9</ele>
      </trkpt>
      <trkpt lat="28.11151" lon="-16.59244">
        <ele>638.1</ele>
      </trkpt>
      <trkpt lat="28.1116" lon="-16.59306">
        <ele>639.3</ele>
      </trkpt>
      <trkpt lat="28.1116" lon="-16.59321">
        <ele>639.3</ele>
      </trkpt>
      <trkpt lat="28.11154" lon="-16.59349">
        <ele>638.8</ele>
      </trkpt>
      <trkpt lat="28.11142" lon="-16.59392">
        <ele>637.4</ele>
      </trkpt>
      <trkpt lat="28.11136" lon="-16.59412">
        <ele>636.7</ele>
      </trkpt>
      <trkpt lat="28.11129" lon="-16.59427">
        <ele>636.4</ele>
      </trkpt>
      <trkpt lat="28.11078" lon="-16.59503">
        <ele>639.0</ele>
      </trkpt>
      <trkpt lat="28.11057" lon="-16.59534">
        <ele>640.1</ele>
      </trkpt>
      <trkpt lat="28.11007" lon="-16.59608">
        <ele>642.7</ele>
      </trkpt>
      <trkpt lat="28.10957" lon="-16.59682">
        <ele>647.4</ele>
      </trkpt>
      <trkpt lat="28.10954" lon="-16.59692">
        <ele>646.4</ele>
      </trkpt>
      <trkpt lat="28.10954" lon="-16.59703">
        <ele>645.6</ele>
      </trkpt>
      <trkpt lat="28.10958" lon="-16.59774">
        <ele>640.8</ele>
      </trkpt>
      <trkpt lat="28.10962" lon="-16.59844">
        <ele>636.1</ele>
      </trkpt>
      <trkpt lat="28.1096" lon="-16.59855">
        <ele>635.6</ele>
      </trkpt>
      <trkpt lat="28.10957" lon="-16.59862">
        <ele>634.9</ele>
      </trkpt>
      <trkpt lat="28.10952" lon="-16.59869">
        <ele>633.9</ele>
      </trkpt>
      <trkpt lat="28.10904" lon="-16.599039">
        <ele>625.9</ele>
      </trkpt>
      <trkpt lat="28.10892" lon="-16.59921">
        <ele>623.7</ele>
      </trkpt>
      <trkpt lat="28.10881" lon="-16.59944">
        <ele>619.8</ele>
      </trkpt>
      <trkpt lat="28.1088" lon="-16.599519">
        <ele>618.9</ele>
      </trkpt>
      <trkpt lat="28.1088" lon="-16.599609">
        <ele>618.0</ele>
      </trkpt>
      <trkpt lat="28.10888" lon="-16.59975">
        <ele>617.9</ele>
      </trkpt>
      <trkpt lat="28.10911" lon="-16.600069">
        <ele>618.4</ele>
      </trkpt>
      <trkpt lat="28.10918" lon="-16.60012">
        <ele>618.9</ele>
      </trkpt>
      <trkpt lat="28.10933" lon="-16.600159">
        <ele>620.2</ele>
      </trkpt>
      <trkpt lat="28.10968" lon="-16.60015">
        <ele>624.4</ele>
      </trkpt>
      <trkpt lat="28.10976" lon="-16.600159">
        <ele>625.3</ele>
      </trkpt>
      <trkpt lat="28.10983" lon="-16.60019">
        <ele>626.1</ele>
      </trkpt>
      <trkpt lat="28.10988" lon="-16.600249">
        <ele>626.7</ele>
      </trkpt>
      <trkpt lat="28.10992" lon="-16.60033">
        <ele>627.2</ele>
      </trkpt>
      <trkpt lat="28.10994" lon="-16.60042">
        <ele>627.6</ele>
      </trkpt>
      <trkpt lat="28.10993" lon="-16.6005">
        <ele>627.4</ele>
      </trkpt>
      <trkpt lat="28.1099" lon="-16.60058">
        <ele>626.9</ele>
      </trkpt>
      <trkpt lat="28.10983" lon="-16.60065">
        <ele>625.6</ele>
      </trkpt>
      <trkpt lat="28.10963" lon="-16.60078">
        <ele>621.2</ele>
      </trkpt>
      <trkpt lat="28.10955" lon="-16.60085">
        <ele>619.3</ele>
      </trkpt>
      <trkpt lat="28.1095" lon="-16.60093">
        <ele>618.4</ele>
      </trkpt>
      <trkpt lat="28.1095" lon="-16.601009">
        <ele>618.5</ele>
      </trkpt>
      <trkpt lat="28.10952" lon="-16.601109">
        <ele>619.1</ele>
      </trkpt>
      <trkpt lat="28.10957" lon="-16.60118">
        <ele>620.2</ele>
      </trkpt>
      <trkpt lat="28.10982" lon="-16.601379">
        <ele>624.7</ele>
      </trkpt>
      <trkpt lat="28.10987" lon="-16.60146">
        <ele>625.4</ele>
      </trkpt>
      <trkpt lat="28.1099" lon="-16.60153">
        <ele>625.8</ele>
      </trkpt>
      <trkpt lat="28.1099" lon="-16.60161">
        <ele>625.6</ele>
      </trkpt>
      <trkpt lat="28.10988" lon="-16.60171">
        <ele>626.5</ele>
      </trkpt>
      <trkpt lat="28.10982" lon="-16.60178">
        <ele>627.5</ele>
      </trkpt>
      <trkpt lat="28.10926" lon="-16.602049">
        <ele>626.1</ele>
      </trkpt>
      <trkpt lat="28.10871" lon="-16.602319">
        <ele>622.1</ele>
      </trkpt>
      <trkpt lat="28.10862" lon="-16.60239">
        <ele>621.8</ele>
      </trkpt>
      <trkpt lat="28.10856" lon="-16.60247">
        <ele>622.2</ele>
      </trkpt>
      <trkpt lat="28.10834" lon="-16.60297">
        <ele>623.8</ele>
      </trkpt>
      <trkpt lat="28.10813" lon="-16.60347">
        <ele>624.3</ele>
      </trkpt>
      <trkpt lat="28.1081" lon="-16.6036">
        <ele>624.4</ele>
      </trkpt>
      <trkpt lat="28.10809" lon="-16.60372">
        <ele>624.8</ele>
      </trkpt>
      <trkpt lat="28.10812" lon="-16.60434">
        <ele>628.6</ele>
      </trkpt>
      <trkpt lat="28.10814" lon="-16.60497">
        <ele>631.8</ele>
      </trkpt>
      <trkpt lat="28.10812" lon="-16.60511">
        <ele>631.9</ele>
      </trkpt>
      <trkpt lat="28.10791" lon="-16.60582">
        <ele>627.2</ele>
      </trkpt>
      <trkpt lat="28.1079" lon="-16.60594">
        <ele>627.1</ele>
      </trkpt>
      <trkpt lat="28.10791" lon="-16.60603">
        <ele>627.7</ele>
      </trkpt>
      <trkpt lat="28.10795" lon="-16.60613">
        <ele>629.3</ele>
      </trkpt>
      <trkpt lat="28.10802" lon="-16.60624">
        <ele>631.6</ele>
      </trkpt>
      <trkpt lat="28.10853" lon="-16.60681">
        <ele>647.5</ele>
      </trkpt>
      <trkpt lat="28.10856" lon="-16.60688">
        <ele>647.5</ele>
      </trkpt>
      <trkpt lat="28.10856" lon="-16.60695">
        <ele>647.6</ele>
      </trkpt>
      <trkpt lat="28.10854" lon="-16.60704">
        <ele>647.6</ele>
      </trkpt>
      <trkpt lat="28.10828" lon="-16.6075">
        <ele>648.1</ele>
      </trkpt>
      <trkpt lat="28.10822" lon="-16.60756">
        <ele>648.1</ele>
      </trkpt>
      <trkpt lat="28.10817" lon="-16.607589">
        <ele>648.2</ele>
      </trkpt>
      <trkpt lat="28.10811" lon="-16.607589">
        <ele>648.3</ele>
      </trkpt>
      <trkpt lat="28.10748" lon="-16.60746">
        <ele>644.3</ele>
      </trkpt>
      <trkpt lat="28.10738" lon="-16.60746">
        <ele>641.9</ele>
      </trkpt>
      <trkpt lat="28.10728" lon="-16.607489">
        <ele>640.2</ele>
      </trkpt>
      <trkpt lat="28.10718" lon="-16.60755">
        <ele>638.6</ele>
      </trkpt>
      <trkpt lat="28.10707" lon="-16.60765">
        <ele>637.0</ele>
      </trkpt>
      <trkpt lat="28.10702" lon="-16.60773">
        <ele>636.6</ele>
      </trkpt>
      <trkpt lat="28.10699" lon="-16.60782">
        <ele>636.9</ele>
      </trkpt>
      <trkpt lat="28.10699" lon="-16.60793">
        <ele>638.2</ele>
      </trkpt>
      <trkpt lat="28.10702" lon="-16.60803">
        <ele>640.2</ele>
      </trkpt>
      <trkpt lat="28.10729" lon="-16.608609">
        <ele>654.0</ele>
      </trkpt>
      <trkpt lat="28.10732" lon="-16.60872">
        <ele>655.9</ele>
      </trkpt>
      <trkpt lat="28.10733" lon="-16.60882">
        <ele>657.1</ele>
      </trkpt>
      <trkpt lat="28.1073" lon="-16.60893">
        <ele>657.5</ele>
      </trkpt>
      <trkpt lat="28.10723" lon="-16.60901">
        <ele>656.8</ele>
      </trkpt>
      <trkpt lat="28.10714" lon="-16.609079">
        <ele>655.7</ele>
      </trkpt>
      <trkpt lat="28.10665" lon="-16.60922">
        <ele>647.8</ele>
      </trkpt>
      <trkpt lat="28.10616" lon="-16.609369">
        <ele>644.1</ele>
      </trkpt>
      <trkpt lat="28.10604" lon="-16.60944">
        <ele>643.3</ele>
      </trkpt>
      <trkpt lat="28.10599" lon="-16.60951">
        <ele>643.3</ele>
      </trkpt>
      <trkpt lat="28.10597" lon="-16.6096">
        <ele>643.9</ele>
      </trkpt>
      <trkpt lat="28.10597" lon="-16.6099">
        <ele>646.9</ele>
      </trkpt>
      <trkpt lat="28.10594" lon="-16.60999">
        <ele>647.2</ele>
      </trkpt>
      <trkpt lat="28.10573" lon="-16.610199">
        <ele>648.6</ele>
      </trkpt>
      <trkpt lat="28.10564" lon="-16.61029">
        <ele>650.0</ele>
      </trkpt>
      <trkpt lat="28.10556" lon="-16.61032">
        <ele>650.3</ele>
      </trkpt>
      <trkpt lat="28.10486" lon="-16.61054">
        <ele>649.5</ele>
      </trkpt>
      <trkpt lat="28.10417" lon="-16.61075">
        <ele>643.7</ele>
      </trkpt>
      <trkpt lat="28.10405" lon="-16.6108">
        <ele>642.6</ele>
      </trkpt>
      <trkpt lat="28.10396" lon="-16.610869">
        <ele>642.1</ele>
      </trkpt>
      <trkpt lat="28.10386" lon="-16.611">
        <ele>641.8</ele>
      </trkpt>
      <trkpt lat="28.10339" lon="-16.611799">
        <ele>638.5</ele>
      </trkpt>
      <trkpt lat="28.10292" lon="-16.61259">
        <ele>635.6</ele>
      </trkpt>
      <trkpt lat="28.10244" lon="-16.613389">
        <ele>631.2</ele>
      </trkpt>
      <trkpt lat="28.10197" lon="-16.61419">
        <ele>635.2</ele>
      </trkpt>
      <trkpt lat="28.1015" lon="-16.614989">
        <ele>633.0</ele>
      </trkpt>
      <trkpt lat="28.10141" lon="-16.615089">
        <ele>632.5</ele>
      </trkpt>
      <trkpt lat="28.10085" lon="-16.61553">
        <ele>629.6</ele>
      </trkpt>
      <trkpt lat="28.10085" lon="-16.61553">
        <ele>629.6</ele>
      </trkpt>
      <trkpt lat="28.10079" lon="-16.61557">
        <ele>629.5</ele>
      </trkpt>
      <trkpt lat="28.10063" lon="-16.6156">
        <ele>628.6</ele>
      </trkpt>
      <trkpt lat="28.10054" lon="-16.61558">
        <ele>627.8</ele>
      </trkpt>
      <trkpt lat="28.10002" lon="-16.615359">
        <ele>621.5</ele>
      </trkpt>
      <trkpt lat="28.09996" lon="-16.615369">
        <ele>621.2</ele>
      </trkpt>
      <trkpt lat="28.09988" lon="-16.61542">
        <ele>621.2</ele>
      </trkpt>
      <trkpt lat="28.0998" lon="-16.61551">
        <ele>621.6</ele>
      </trkpt>
      <trkpt lat="28.09972" lon="-16.61569">
        <ele>622.8</ele>
      </trkpt>
      <trkpt lat="28.09956" lon="-16.61657">
        <ele>620.9</ele>
      </trkpt>
      <trkpt lat="28.09956" lon="-16.61657">
        <ele>620.9</ele>
      </trkpt>
      <trkpt lat="28.09941" lon="-16.61728">
        <ele>618.8</ele>
      </trkpt>
      <trkpt lat="28.09926" lon="-16.617989">
        <ele>617.6</ele>
      </trkpt>
      <trkpt lat="28.09922" lon="-16.618089">
        <ele>617.3</ele>
      </trkpt>
      <trkpt lat="28.09884" lon="-16.61869">
        <ele>613.1</ele>
      </trkpt>
      <trkpt lat="28.09847" lon="-16.61929">
        <ele>610.7</ele>
      </trkpt>
      <trkpt lat="28.0981" lon="-16.6199">
        <ele>606.4</ele>
      </trkpt>
      <trkpt lat="28.09796" lon="-16.62019">
        <ele>605.7</ele>
      </trkpt>
      <trkpt lat="28.0977" lon="-16.62088">
        <ele>605.3</ele>
      </trkpt>
      <trkpt lat="28.0976" lon="-16.62104">
        <ele>606.5</ele>
      </trkpt>
      <trkpt lat="28.09694" lon="-16.62159">
        <ele>603.2</ele>
      </trkpt>
      <trkpt lat="28.09688" lon="-16.62168">
        <ele>602.8</ele>
      </trkpt>
      <trkpt lat="28.09685" lon="-16.62178">
        <ele>602.0</ele>
      </trkpt>
      <trkpt lat="28.09684" lon="-16.62188">
        <ele>601.5</ele>
      </trkpt>
      <trkpt lat="28.09685" lon="-16.621949">
        <ele>601.5</ele>
      </trkpt>
      <trkpt lat="28.09689" lon="-16.62205">
        <ele>601.9</ele>
      </trkpt>
      <trkpt lat="28.09695" lon="-16.622129">
        <ele>602.6</ele>
      </trkpt>
      <trkpt lat="28.09754" lon="-16.622699">
        <ele>609.3</ele>
      </trkpt>
      <trkpt lat="28.09761" lon="-16.62283">
        <ele>609.5</ele>
      </trkpt>
      <trkpt lat="28.09764" lon="-16.623">
        <ele>609.0</ele>
      </trkpt>
      <trkpt lat="28.09767" lon="-16.62366">
        <ele>606.0</ele>
      </trkpt>
      <trkpt lat="28.0977" lon="-16.62432">
        <ele>607.1</ele>
      </trkpt>
      <trkpt lat="28.09771" lon="-16.62464">
        <ele>607.7</ele>
      </trkpt>
      <trkpt lat="28.0977" lon="-16.6248">
        <ele>608.0</ele>
      </trkpt>
      <trkpt lat="28.09768" lon="-16.62489">
        <ele>608.2</ele>
      </trkpt>
      <trkpt lat="28.09762" lon="-16.62498">
        <ele>608.4</ele>
      </trkpt>
      <trkpt lat="28.09752" lon="-16.62508">
        <ele>609.1</ele>
      </trkpt>
      <trkpt lat="28.09683" lon="-16.62549">
        <ele>608.3</ele>
      </trkpt>
      <trkpt lat="28.09613" lon="-16.6259">
        <ele>603.9</ele>
      </trkpt>
      <trkpt lat="28.09602" lon="-16.62599">
        <ele>603.5</ele>
      </trkpt>
      <trkpt lat="28.09595" lon="-16.62608">
        <ele>603.5</ele>
      </trkpt>
      <trkpt lat="28.09588" lon="-16.62623">
        <ele>603.9</ele>
      </trkpt>
      <trkpt lat="28.09563" lon="-16.62697">
        <ele>604.5</ele>
      </trkpt>
      <trkpt lat="28.09538" lon="-16.62771">
        <ele>604.3</ele>
      </trkpt>
      <trkpt lat="28.09529" lon="-16.627849">
        <ele>604.5</ele>
      </trkpt>
      <trkpt lat="28.09484" lon="-16.628319">
        <ele>603.2</ele>
      </trkpt>
      <trkpt lat="28.0944" lon="-16.628789">
        <ele>600.1</ele>
      </trkpt>
      <trkpt lat="28.09422" lon="-16.62892">
        <ele>599.0</ele>
      </trkpt>
      <trkpt lat="28.09415" lon="-16.62895">
        <ele>598.5</ele>
      </trkpt>
      <trkpt lat="28.09405" lon="-16.62895">
        <ele>597.7</ele>
      </trkpt>
      <trkpt lat="28.0938" lon="-16.628879">
        <ele>594.8</ele>
      </trkpt>
      <trkpt lat="28.09369" lon="-16.62887">
        <ele>593.8</ele>
      </trkpt>
      <trkpt lat="28.0936" lon="-16.628889">
        <ele>593.3</ele>
      </trkpt>
      <trkpt lat="28.09353" lon="-16.62893">
        <ele>593.1</ele>
      </trkpt>
      <trkpt lat="28.09346" lon="-16.628979">
        <ele>593.0</ele>
      </trkpt>
      <trkpt lat="28.09328" lon="-16.62922">
        <ele>592.4</ele>
      </trkpt>
      <trkpt lat="28.09322" lon="-16.62933">
        <ele>590.4</ele>
      </trkpt>
      <trkpt lat="28.09319" lon="-16.629439">
        <ele>589.1</ele>
      </trkpt>
      <trkpt lat="28.0932" lon="-16.629529">
        <ele>588.8</ele>
      </trkpt>
      <trkpt lat="28.09322" lon="-16.629629">
        <ele>588.5</ele>
      </trkpt>
      <trkpt lat="28.09329" lon="-16.629719">
        <ele>589.2</ele>
      </trkpt>
      <trkpt lat="28.09382" lon="-16.630199">
        <ele>595.4</ele>
      </trkpt>
      <trkpt lat="28.09407" lon="-16.63044">
        <ele>597.6</ele>
      </trkpt>
      <trkpt lat="28.09413" lon="-16.63054">
        <ele>597.7</ele>
      </trkpt>
      <trkpt lat="28.09416" lon="-16.63063">
        <ele>597.4</ele>
      </trkpt>
      <trkpt lat="28.09417" lon="-16.630749">
        <ele>596.6</ele>
      </trkpt>
      <trkpt lat="28.09415" lon="-16.63092">
        <ele>596.0</ele>
      </trkpt>
      <trkpt lat="28.09397" lon="-16.631509">
        <ele>599.3</ele>
      </trkpt>
      <trkpt lat="28.09385" lon="-16.63187">
        <ele>601.3</ele>
      </trkpt>
      <trkpt lat="28.09375" lon="-16.632">
        <ele>602.2</ele>
      </trkpt>
      <trkpt lat="28.09368" lon="-16.63205">
        <ele>602.8</ele>
      </trkpt>
      <trkpt lat="28.09304" lon="-16.63233">
        <ele>605.8</ele>
      </trkpt>
      <trkpt lat="28.09239" lon="-16.63262">
        <ele>601.7</ele>
      </trkpt>
      <trkpt lat="28.09174" lon="-16.6329">
        <ele>597.6</ele>
      </trkpt>
      <trkpt lat="28.0911" lon="-16.633189">
        <ele>593.8</ele>
      </trkpt>
      <trkpt lat="28.09103" lon="-16.63323">
        <ele>593.6</ele>
      </trkpt>
      <trkpt lat="28.09094" lon="-16.63333">
        <ele>593.6</ele>
      </trkpt>
      <trkpt lat="28.09087" lon="-16.63353">
        <ele>595.3</ele>
      </trkpt>
      <trkpt lat="28.09065" lon="-16.6345">
        <ele>598.5</ele>
      </trkpt>
      <trkpt lat="28.09042" lon="-16.63547">
        <ele>595.9</ele>
      </trkpt>
      <trkpt lat="28.09019" lon="-16.63644">
        <ele>594.1</ele>
      </trkpt>
      <trkpt lat="28.08996" lon="-16.637419">
        <ele>592.2</ele>
      </trkpt>
      <trkpt lat="28.08995" lon="-16.63754">
        <ele>592.2</ele>
      </trkpt>
      <trkpt lat="28.08995" lon="-16.63763">
        <ele>592.2</ele>
      </trkpt>
      <trkpt lat="28.08997" lon="-16.63772">
        <ele>592.6</ele>
      </trkpt>
      <trkpt lat="28.09028" lon="-16.638559">
        <ele>593.8</ele>
      </trkpt>
      <trkpt lat="28.09059" lon="-16.639399">
        <ele>593.5</ele>
      </trkpt>
      <trkpt lat="28.09062" lon="-16.639579">
        <ele>593.2</ele>
      </trkpt>
      <trkpt lat="28.0906" lon="-16.639679">
        <ele>593.1</ele>
      </trkpt>
      <trkpt lat="28.0905" lon="-16.63989">
        <ele>592.8</ele>
      </trkpt>
      <trkpt lat="28.09042" lon="-16.64">
        <ele>592.6</ele>
      </trkpt>
      <trkpt lat="28.09034" lon="-16.640039">
        <ele>592.5</ele>
      </trkpt>
      <trkpt lat="28.08977" lon="-16.64028">
        <ele>598.7</ele>
      </trkpt>
      <trkpt lat="28.08921" lon="-16.640519">
        <ele>602.9</ele>
      </trkpt>
      <trkpt lat="28.08909" lon="-16.64055">
        <ele>604.6</ele>
      </trkpt>
      <trkpt lat="28.08899" lon="-16.64056">
        <ele>606.0</ele>
      </trkpt>
      <trkpt lat="28.08891" lon="-16.640519">
        <ele>604.4</ele>
      </trkpt>
      <trkpt lat="28.08881" lon="-16.64041">
        <ele>599.1</ele>
      </trkpt>
      <trkpt lat="28.08856" lon="-16.64001">
        <ele>579.4</ele>
      </trkpt>
      <trkpt lat="28.08848" lon="-16.63994">
        <ele>577.8</ele>
      </trkpt>
      <trkpt lat="28.08825" lon="-16.63979">
        <ele>573.4</ele>
      </trkpt>
      <trkpt lat="28.08818" lon="-16.63979">
        <ele>572.5</ele>
      </trkpt>
      <trkpt lat="28.08809" lon="-16.6398">
        <ele>571.7</ele>
      </trkpt>
      <trkpt lat="28.08796" lon="-16.639859">
        <ele>572.0</ele>
      </trkpt>
      <trkpt lat="28.08757" lon="-16.64013">
        <ele>577.9</ele>
      </trkpt>
      <trkpt lat="28.08717" lon="-16.64039">
        <ele>578.6</ele>
      </trkpt>
      <trkpt lat="28.08661" lon="-16.64077">
        <ele>576.1</ele>
      </trkpt>
      <trkpt lat="28.08605" lon="-16.64115">
        <ele>577.2</ele>
      </trkpt>
      <trkpt lat="28.0859" lon="-16.64123">
        <ele>576.8</ele>
      </trkpt>
      <trkpt lat="28.08539" lon="-16.641449">
        <ele>572.6</ele>
      </trkpt>
      <trkpt lat="28.08488" lon="-16.64167">
        <ele>569.0</ele>
      </trkpt>
      <trkpt lat="28.08472" lon="-16.64171">
        <ele>567.4</ele>
      </trkpt>
      <trkpt lat="28.08462" lon="-16.64172">
        <ele>566.5</ele>
      </trkpt>
      <trkpt lat="28.08449" lon="-16.64171">
        <ele>565.5</ele>
      </trkpt>
      <trkpt lat="28.08399" lon="-16.64154">
        <ele>558.3</ele>
      </trkpt>
      <trkpt lat="28.08349" lon="-16.641369">
        <ele>555.8</ele>
      </trkpt>
      <trkpt lat="28.08339" lon="-16.64131">
        <ele>555.9</ele>
      </trkpt>
      <trkpt lat="28.08283" lon="-16.64073">
        <ele>556.5</ele>
      </trkpt>
      <trkpt lat="28.08226" lon="-16.64016">
        <ele>557.7</ele>
      </trkpt>
      <trkpt lat="28.0817" lon="-16.639579">
        <ele>557.1</ele>
      </trkpt>
      <trkpt lat="28.08161" lon="-16.63952">
        <ele>555.7</ele>
      </trkpt>
      <trkpt lat="28.08151" lon="-16.639489">
        <ele>554.3</ele>
      </trkpt>
      <trkpt lat="28.08141" lon="-16.6395">
        <ele>554.4</ele>
      </trkpt>
      <trkpt lat="28.08087" lon="-16.6396">
        <ele>557.3</ele>
      </trkpt>
      <trkpt lat="28.08034" lon="-16.6397">
        <ele>554.8</ele>
      </trkpt>
      <trkpt lat="28.08019" lon="-16.6397">
        <ele>552.6</ele>
      </trkpt>
      <trkpt lat="28.07972" lon="-16.63965">
        <ele>547.1</ele>
      </trkpt>
      <trkpt lat="28.07952" lon="-16.639669">
        <ele>546.9</ele>
      </trkpt>
      <trkpt lat="28.07945" lon="-16.63971">
        <ele>547.5</ele>
      </trkpt>
      <trkpt lat="28.07939" lon="-16.639759">
        <ele>548.2</ele>
      </trkpt>
      <trkpt lat="28.07931" lon="-16.639869">
        <ele>549.6</ele>
      </trkpt>
      <trkpt lat="28.07926" lon="-16.64002">
        <ele>550.5</ele>
      </trkpt>
      <trkpt lat="28.07927" lon="-16.64012">
        <ele>547.2</ele>
      </trkpt>
      <trkpt lat="28.07932" lon="-16.64027">
        <ele>542.8</ele>
      </trkpt>
      <trkpt lat="28.07938" lon="-16.64036">
        <ele>541.0</ele>
      </trkpt>
      <trkpt lat="28.08" lon="-16.64093">
        <ele>539.3</ele>
      </trkpt>
      <trkpt lat="28.08062" lon="-16.6415">
        <ele>528.5</ele>
      </trkpt>
      <trkpt lat="28.0808" lon="-16.64161">
        <ele>527.9</ele>
      </trkpt>
      <trkpt lat="28.08097" lon="-16.64163">
        <ele>526.7</ele>
      </trkpt>
      <trkpt lat="28.0815" lon="-16.6415">
        <ele>529.8</ele>
      </trkpt>
      <trkpt lat="28.08173" lon="-16.64149">
        <ele>530.0</ele>
      </trkpt>
      <trkpt lat="28.08224" lon="-16.641649">
        <ele>530.0</ele>
      </trkpt>
      <trkpt lat="28.08251" lon="-16.641829">
        <ele>526.5</ele>
      </trkpt>
      <trkpt lat="28.08309" lon="-16.642489">
        <ele>519.9</ele>
      </trkpt>
      <trkpt lat="28.08317" lon="-16.64263">
        <ele>519.4</ele>
      </trkpt>
      <trkpt lat="28.08322" lon="-16.64276">
        <ele>518.0</ele>
      </trkpt>
      <trkpt lat="28.0833" lon="-16.643149">
        <ele>510.7</ele>
      </trkpt>
      <trkpt lat="28.08334" lon="-16.643249">
        <ele>509.4</ele>
      </trkpt>
      <trkpt lat="28.08341" lon="-16.64335">
        <ele>507.1</ele>
      </trkpt>
      <trkpt lat="28.08349" lon="-16.64341">
        <ele>505.3</ele>
      </trkpt>
      <trkpt lat="28.0836" lon="-16.64346">
        <ele>504.0</ele>
      </trkpt>
      <trkpt lat="28.08376" lon="-16.64349">
        <ele>503.6</ele>
      </trkpt>
      <trkpt lat="28.08425" lon="-16.643529">
        <ele>504.6</ele>
      </trkpt>
      <trkpt lat="28.08462" lon="-16.64354">
        <ele>507.1</ele>
      </trkpt>
      <trkpt lat="28.0848" lon="-16.64357">
        <ele>507.3</ele>
      </trkpt>
      <trkpt lat="28.08492" lon="-16.64364">
        <ele>505.3</ele>
      </trkpt>
      <trkpt lat="28.085" lon="-16.643719">
        <ele>502.8</ele>
      </trkpt>
      <trkpt lat="28.0851" lon="-16.64387">
        <ele>501.3</ele>
      </trkpt>
      <trkpt lat="28.08536" lon="-16.64432">
        <ele>499.4</ele>
      </trkpt>
      <trkpt lat="28.08541" lon="-16.64452">
        <ele>497.4</ele>
      </trkpt>
      <trkpt lat="28.08546" lon="-16.64545">
        <ele>474.8</ele>
      </trkpt>
      <trkpt lat="28.08548" lon="-16.645589">
        <ele>471.2</ele>
      </trkpt>
      <trkpt lat="28.08552" lon="-16.64572">
        <ele>468.3</ele>
      </trkpt>
      <trkpt lat="28.08558" lon="-16.64581">
        <ele>467.2</ele>
      </trkpt>
      <trkpt lat="28.08565" lon="-16.645869">
        <ele>467.0</ele>
      </trkpt>
      <trkpt lat="28.08574" lon="-16.6459">
        <ele>468.4</ele>
      </trkpt>
      <trkpt lat="28.08585" lon="-16.6459">
        <ele>471.1</ele>
      </trkpt>
      <trkpt lat="28.08632" lon="-16.64581">
        <ele>476.8</ele>
      </trkpt>
      <trkpt lat="28.08647" lon="-16.64582">
        <ele>476.9</ele>
      </trkpt>
      <trkpt lat="28.0866" lon="-16.64585">
        <ele>476.1</ele>
      </trkpt>
      <trkpt lat="28.08674" lon="-16.64592">
        <ele>475.0</ele>
      </trkpt>
      <trkpt lat="28.08717" lon="-16.64622">
        <ele>471.3</ele>
      </trkpt>
      <trkpt lat="28.08717" lon="-16.64622">
        <ele>471.3</ele>
      </trkpt>
      <trkpt lat="28.08747" lon="-16.646429">
        <ele>469.4</ele>
      </trkpt>
      <trkpt lat="28.08758" lon="-16.64656">
        <ele>468.1</ele>
      </trkpt>
      <trkpt lat="28.0877" lon="-16.64674">
        <ele>467.0</ele>
      </trkpt>
      <trkpt lat="28.08805" lon="-16.647369">
        <ele>463.8</ele>
      </trkpt>
      <trkpt lat="28.08818" lon="-16.64759">
        <ele>462.3</ele>
      </trkpt>
      <trkpt lat="28.08863" lon="-16.648209">
        <ele>456.4</ele>
      </trkpt>
      <trkpt lat="28.08909" lon="-16.64883">
        <ele>446.8</ele>
      </trkpt>
      <trkpt lat="28.08954" lon="-16.649439">
        <ele>437.8</ele>
      </trkpt>
      <trkpt lat="28.08969" lon="-16.64961">
        <ele>436.6</ele>
      </trkpt>
      <trkpt lat="28.08986" lon="-16.6497">
        <ele>436.9</ele>
      </trkpt>
      <trkpt lat="28.09001" lon="-16.64974">
        <ele>437.7</ele>
      </trkpt>
      <trkpt lat="28.09014" lon="-16.64974">
        <ele>436.8</ele>
      </trkpt>
      <trkpt lat="28.09094" lon="-16.649709">
        <ele>432.0</ele>
      </trkpt>
      <trkpt lat="28.09173" lon="-16.64968">
        <ele>426.3</ele>
      </trkpt>
      <trkpt lat="28.09187" lon="-16.649719">
        <ele>425.2</ele>
      </trkpt>
      <trkpt lat="28.09199" lon="-16.649799">
        <ele>423.8</ele>
      </trkpt>
      <trkpt lat="28.09205" lon="-16.64987">
        <ele>422.9</ele>
      </trkpt>
      <trkpt lat="28.09211" lon="-16.64998">
        <ele>421.7</ele>
      </trkpt>
      <trkpt lat="28.09215" lon="-16.65017">
        <ele>421.7</ele>
      </trkpt>
      <trkpt lat="28.09219" lon="-16.65044">
        <ele>422.3</ele>
      </trkpt>
      <trkpt lat="28.09219" lon="-16.65061">
        <ele>422.7</ele>
      </trkpt>
      <trkpt lat="28.09216" lon="-16.650749">
        <ele>422.8</ele>
      </trkpt>
      <trkpt lat="28.09179" lon="-16.65153">
        <ele>421.5</ele>
      </trkpt>
      <trkpt lat="28.09141" lon="-16.65231">
        <ele>419.9</ele>
      </trkpt>
      <trkpt lat="28.09136" lon="-16.65246">
        <ele>419.7</ele>
      </trkpt>
      <trkpt lat="28.09133" lon="-16.65261">
        <ele>419.2</ele>
      </trkpt>
      <trkpt lat="28.09126" lon="-16.653289">
        <ele>416.7</ele>
      </trkpt>
      <trkpt lat="28.09126" lon="-16.653289">
        <ele>416.7</ele>
      </trkpt>
      <trkpt lat="28.09118" lon="-16.65406">
        <ele>414.3</ele>
      </trkpt>
      <trkpt lat="28.09111" lon="-16.65483">
        <ele>412.1</ele>
      </trkpt>
      <trkpt lat="28.09103" lon="-16.65559">
        <ele>410.9</ele>
      </trkpt>
      <trkpt lat="28.09096" lon="-16.65636">
        <ele>410.2</ele>
      </trkpt>
      <trkpt lat="28.09061" lon="-16.656369">
        <ele>407.6</ele>
      </trkpt>
      <trkpt lat="28.09079" lon="-16.65696">
        <ele>407.7</ele>
      </trkpt>
      <trkpt lat="28.09097" lon="-16.65755">
        <ele>406.1</ele>
      </trkpt>
      <trkpt lat="28.09105" lon="-16.657689">
        <ele>405.3</ele>
      </trkpt>
      <trkpt lat="28.09128" lon="-16.657969">
        <ele>403.7</ele>
      </trkpt>
      <trkpt lat="28.0913" lon="-16.6581">
        <ele>403.2</ele>
      </trkpt>
      <trkpt lat="28.09119" lon="-16.65822">
        <ele>402.5</ele>
      </trkpt>
      <trkpt lat="28.09116" lon="-16.65833">
        <ele>402.0</ele>
      </trkpt>
      <trkpt lat="28.09118" lon="-16.658539">
        <ele>401.2</ele>
      </trkpt>
      <trkpt lat="28.09121" lon="-16.658629">
        <ele>401.4</ele>
      </trkpt>
      <trkpt lat="28.09137" lon="-16.65879">
        <ele>402.6</ele>
      </trkpt>
      <trkpt lat="28.09085" lon="-16.65946">
        <ele>400.5</ele>
      </trkpt>
      <trkpt lat="28.09115" lon="-16.6598">
        <ele>404.0</ele>
      </trkpt>
      <trkpt lat="28.09087" lon="-16.66015">
        <ele>403.6</ele>
      </trkpt>
      <trkpt lat="28.09087" lon="-16.66021">
        <ele>403.7</ele>
      </trkpt>
      <trkpt lat="28.09128" lon="-16.66091">
        <ele>408.0</ele>
      </trkpt>
      <trkpt lat="28.0909" lon="-16.661259">
        <ele>407.9</ele>
      </trkpt>
      <trkpt lat="28.09031" lon="-16.661539">
        <ele>406.2</ele>
      </trkpt>
      <trkpt lat="28.08973" lon="-16.661819">
        <ele>404.9</ele>
      </trkpt>
      <trkpt lat="28.08961" lon="-16.661919">
        <ele>404.7</ele>
      </trkpt>
      <trkpt lat="28.08925" lon="-16.662379">
        <ele>402.9</ele>
      </trkpt>
      <trkpt lat="28.08879" lon="-16.66279">
        <ele>398.5</ele>
      </trkpt>
      <trkpt lat="28.08869" lon="-16.66288">
        <ele>397.9</ele>
      </trkpt>
      <trkpt lat="28.08855" lon="-16.66307">
        <ele>397.4</ele>
      </trkpt>
      <trkpt lat="28.08842" lon="-16.66317">
        <ele>396.7</ele>
      </trkpt>
      <trkpt lat="28.08831" lon="-16.66319">
        <ele>395.9</ele>
      </trkpt>
      <trkpt lat="28.08816" lon="-16.66325">
        <ele>395.5</ele>
      </trkpt>
      <trkpt lat="28.08736" lon="-16.66334">
        <ele>391.7</ele>
      </trkpt>
      <trkpt lat="28.0873" lon="-16.66338">
        <ele>391.3</ele>
      </trkpt>
      <trkpt lat="28.08737" lon="-16.66364">
        <ele>393.2</ele>
      </trkpt>
      <trkpt lat="28.08736" lon="-16.66368">
        <ele>393.3</ele>
      </trkpt>
      <trkpt lat="28.0872" lon="-16.66376">
        <ele>392.2</ele>
      </trkpt>
      <trkpt lat="28.08712" lon="-16.66383">
        <ele>391.7</ele>
      </trkpt>
      <trkpt lat="28.0871" lon="-16.66391">
        <ele>391.9</ele>
      </trkpt>
      <trkpt lat="28.08703" lon="-16.663969">
        <ele>391.5</ele>
      </trkpt>
      <trkpt lat="28.08698" lon="-16.663979">
        <ele>391.1</ele>
      </trkpt>
      <trkpt lat="28.08685" lon="-16.66411">
        <ele>390.5</ele>
      </trkpt>
      <trkpt lat="28.08672" lon="-16.66432">
        <ele>389.9</ele>
      </trkpt>
      <trkpt lat="28.08664" lon="-16.66461">
        <ele>389.6</ele>
      </trkpt>
      <trkpt lat="28.08642" lon="-16.66555">
        <ele>388.2</ele>
      </trkpt>
      <trkpt lat="28.08621" lon="-16.66649">
        <ele>388.2</ele>
      </trkpt>
      <trkpt lat="28.08599" lon="-16.66743">
        <ele>386.6</ele>
      </trkpt>
      <trkpt lat="28.08577" lon="-16.66837">
        <ele>384.1</ele>
      </trkpt>
      <trkpt lat="28.08555" lon="-16.669319">
        <ele>381.7</ele>
      </trkpt>
      <trkpt lat="28.08549" lon="-16.6695">
        <ele>381.2</ele>
      </trkpt>
      <trkpt lat="28.08511" lon="-16.67024">
        <ele>377.6</ele>
      </trkpt>
      <trkpt lat="28.08473" lon="-16.67097">
        <ele>374.0</ele>
      </trkpt>
      <trkpt lat="28.08436" lon="-16.6717">
        <ele>372.6</ele>
      </trkpt>
      <trkpt lat="28.08398" lon="-16.67244">
        <ele>370.8</ele>
      </trkpt>
      <trkpt lat="28.08393" lon="-16.67256">
        <ele>370.1</ele>
      </trkpt>
      <trkpt lat="28.08387" lon="-16.672799">
        <ele>369.5</ele>
      </trkpt>
      <trkpt lat="28.08376" lon="-16.673559">
        <ele>369.1</ele>
      </trkpt>
      <trkpt lat="28.08364" lon="-16.67433">
        <ele>366.9</ele>
      </trkpt>
      <trkpt lat="28.08362" lon="-16.67492">
        <ele>367.0</ele>
      </trkpt>
      <trkpt lat="28.0836" lon="-16.67551">
        <ele>367.9</ele>
      </trkpt>
      <trkpt lat="28.0836" lon="-16.67602">
        <ele>370.7</ele>
      </trkpt>
      <trkpt lat="28.08358" lon="-16.67613">
        <ele>370.8</ele>
      </trkpt>
      <trkpt lat="28.08353" lon="-16.67622">
        <ele>369.3</ele>
      </trkpt>
      <trkpt lat="28.0834" lon="-16.67633">
        <ele>364.8</ele>
      </trkpt>
      <trkpt lat="28.0833" lon="-16.676369">
        <ele>361.8</ele>
      </trkpt>
      <trkpt lat="28.08289" lon="-16.67642">
        <ele>355.0</ele>
      </trkpt>
      <trkpt lat="28.08274" lon="-16.6765">
        <ele>353.7</ele>
      </trkpt>
      <trkpt lat="28.08262" lon="-16.676649">
        <ele>354.6</ele>
      </trkpt>
      <trkpt lat="28.08239" lon="-16.67724">
        <ele>352.5</ele>
      </trkpt>
      <trkpt lat="28.08215" lon="-16.67782">
        <ele>356.9</ele>
      </trkpt>
      <trkpt lat="28.08206" lon="-16.67794">
        <ele>358.5</ele>
      </trkpt>
      <trkpt lat="28.0818" lon="-16.6781">
        <ele>359.5</ele>
      </trkpt>
      <trkpt lat="28.08154" lon="-16.67821">
        <ele>359.8</ele>
      </trkpt>
      <trkpt lat="28.0813" lon="-16.67826">
        <ele>359.1</ele>
      </trkpt>
      <trkpt lat="28.08072" lon="-16.67821">
        <ele>351.9</ele>
      </trkpt>
      <trkpt lat="28.08058" lon="-16.67822">
        <ele>349.6</ele>
      </trkpt>
      <trkpt lat="28.08041" lon="-16.67829">
        <ele>348.0</ele>
      </trkpt>
      <trkpt lat="28.08026" lon="-16.678439">
        <ele>348.4</ele>
      </trkpt>
      <trkpt lat="28.07982" lon="-16.67906">
        <ele>353.2</ele>
      </trkpt>
      <trkpt lat="28.07938" lon="-16.67968">
        <ele>349.9</ele>
      </trkpt>
      <trkpt lat="28.07941" lon="-16.679739">
        <ele>351.3</ele>
      </trkpt>
      <trkpt lat="28.0794" lon="-16.67981">
        <ele>352.1</ele>
      </trkpt>
      <trkpt lat="28.07935" lon="-16.67987">
        <ele>352.2</ele>
      </trkpt>
      <trkpt lat="28.07935" lon="-16.679929">
        <ele>353.1</ele>
      </trkpt>
      <trkpt lat="28.07905" lon="-16.680409">
        <ele>351.9</ele>
      </trkpt>
      <trkpt lat="28.07885" lon="-16.680599">
        <ele>350.6</ele>
      </trkpt>
      <trkpt lat="28.07879" lon="-16.68057">
        <ele>349.9</ele>
      </trkpt>
      <trkpt lat="28.07837" lon="-16.68118">
        <ele>347.3</ele>
      </trkpt>
      <trkpt lat="28.07835" lon="-16.681239">
        <ele>347.1</ele>
      </trkpt>
      <trkpt lat="28.07836" lon="-16.6813">
        <ele>347.2</ele>
      </trkpt>
      <trkpt lat="28.07832" lon="-16.6814">
        <ele>346.9</ele>
      </trkpt>
      <trkpt lat="28.07831" lon="-16.68167">
        <ele>346.8</ele>
      </trkpt>
      <trkpt lat="28.07838" lon="-16.681909">
        <ele>346.4</ele>
      </trkpt>
      <trkpt lat="28.07857" lon="-16.682179">
        <ele>346.2</ele>
      </trkpt>
      <trkpt lat="28.07849" lon="-16.68223">
        <ele>345.6</ele>
      </trkpt>
      <trkpt lat="28.07863" lon="-16.68248">
        <ele>344.8</ele>
      </trkpt>
      <trkpt lat="28.07867" lon="-16.682459">
        <ele>345.0</ele>
      </trkpt>
      <trkpt lat="28.07875" lon="-16.682469">
        <ele>345.2</ele>
      </trkpt>
      <trkpt lat="28.0788" lon="-16.68251">
        <ele>345.1</ele>
      </trkpt>
      <trkpt lat="28.07882" lon="-16.68261">
        <ele>344.4</ele>
      </trkpt>
      <trkpt lat="28.07887" lon="-16.682839">
        <ele>343.0</ele>
      </trkpt>
      <trkpt lat="28.07898" lon="-16.68314">
        <ele>341.4</ele>
      </trkpt>
      <trkpt lat="28.07903" lon="-16.68347">
        <ele>339.4</ele>
      </trkpt>
      <trkpt lat="28.07902" lon="-16.68371">
        <ele>337.5</ele>
      </trkpt>
      <trkpt lat="28.07899" lon="-16.68383">
        <ele>336.3</ele>
      </trkpt>
      <trkpt lat="28.07891" lon="-16.68391">
        <ele>334.4</ele>
      </trkpt>
      <trkpt lat="28.07881" lon="-16.684159">
        <ele>330.2</ele>
      </trkpt>
      <trkpt lat="28.07856" lon="-16.68456">
        <ele>326.9</ele>
      </trkpt>
      <trkpt lat="28.07804" lon="-16.68523">
        <ele>320.7</ele>
      </trkpt>
      <trkpt lat="28.07752" lon="-16.6859">
        <ele>314.9</ele>
      </trkpt>
      <trkpt lat="28.077" lon="-16.68657">
        <ele>313.3</ele>
      </trkpt>
      <trkpt lat="28.07648" lon="-16.68724">
        <ele>305.6</ele>
      </trkpt>
      <trkpt lat="28.07596" lon="-16.687919">
        <ele>300.5</ele>
      </trkpt>
      <trkpt lat="28.07569" lon="-16.68817">
        <ele>298.9</ele>
      </trkpt>
      <trkpt lat="28.07554" lon="-16.68827">
        <ele>297.7</ele>
      </trkpt>
      <trkpt lat="28.07476" lon="-16.68863">
        <ele>289.7</ele>
      </trkpt>
      <trkpt lat="28.07455" lon="-16.688749">
        <ele>287.3</ele>
      </trkpt>
      <trkpt lat="28.07426" lon="-16.68902">
        <ele>284.0</ele>
      </trkpt>
      <trkpt lat="28.07418" lon="-16.689129">
        <ele>283.1</ele>
      </trkpt>
      <trkpt lat="28.07406" lon="-16.68935">
        <ele>280.5</ele>
      </trkpt>
      <trkpt lat="28.07402" lon="-16.68949">
        <ele>279.2</ele>
      </trkpt>
      <trkpt lat="28.07394" lon="-16.69012">
        <ele>275.1</ele>
      </trkpt>
      <trkpt lat="28.07387" lon="-16.69074">
        <ele>273.0</ele>
      </trkpt>
      <trkpt lat="28.07382" lon="-16.69096">
        <ele>272.4</ele>
      </trkpt>
      <trkpt lat="28.07378" lon="-16.691099">
        <ele>272.1</ele>
      </trkpt>
      <trkpt lat="28.0737" lon="-16.69125">
        <ele>271.5</ele>
      </trkpt>
      <trkpt lat="28.07365" lon="-16.69132">
        <ele>271.0</ele>
      </trkpt>
      <trkpt lat="28.07343" lon="-16.69152">
        <ele>268.9</ele>
      </trkpt>
      <trkpt lat="28.07303" lon="-16.691759">
        <ele>265.3</ele>
      </trkpt>
      <trkpt lat="28.07262" lon="-16.69201">
        <ele>263.0</ele>
      </trkpt>
      <trkpt lat="28.07234" lon="-16.692229">
        <ele>260.5</ele>
      </trkpt>
      <trkpt lat="28.07216" lon="-16.69244">
        <ele>258.2</ele>
      </trkpt>
      <trkpt lat="28.07202" lon="-16.692689">
        <ele>254.9</ele>
      </trkpt>
      <trkpt lat="28.07195" lon="-16.69286">
        <ele>252.7</ele>
      </trkpt>
      <trkpt lat="28.0719" lon="-16.69315">
        <ele>250.4</ele>
      </trkpt>
      <trkpt lat="28.07189" lon="-16.69331">
        <ele>249.5</ele>
      </trkpt>
      <trkpt lat="28.07191" lon="-16.69356">
        <ele>249.4</ele>
      </trkpt>
      <trkpt lat="28.07202" lon="-16.69423">
        <ele>249.0</ele>
      </trkpt>
      <trkpt lat="28.07223" lon="-16.69509">
        <ele>241.7</ele>
      </trkpt>
      <trkpt lat="28.07235" lon="-16.69576">
        <ele>235.8</ele>
      </trkpt>
      <trkpt lat="28.07238" lon="-16.69606">
        <ele>235.6</ele>
      </trkpt>
      <trkpt lat="28.07237" lon="-16.696349">
        <ele>235.6</ele>
      </trkpt>
      <trkpt lat="28.07234" lon="-16.69653">
        <ele>235.2</ele>
      </trkpt>
      <trkpt lat="28.07227" lon="-16.69677">
        <ele>234.5</ele>
      </trkpt>
      <trkpt lat="28.07217" lon="-16.69696">
        <ele>233.4</ele>
      </trkpt>
      <trkpt lat="28.07182" lon="-16.697579">
        <ele>228.5</ele>
      </trkpt>
      <trkpt lat="28.07146" lon="-16.69819">
        <ele>221.5</ele>
      </trkpt>
      <trkpt lat="28.07111" lon="-16.69881">
        <ele>216.7</ele>
      </trkpt>
      <trkpt lat="28.07078" lon="-16.6994">
        <ele>212.4</ele>
      </trkpt>
      <trkpt lat="28.07047" lon="-16.700119">
        <ele>204.5</ele>
      </trkpt>
      <trkpt lat="28.0704" lon="-16.70034">
        <ele>203.4</ele>
      </trkpt>
      <trkpt lat="28.07031" lon="-16.70078">
        <ele>201.2</ele>
      </trkpt>
      <trkpt lat="28.07027" lon="-16.701">
        <ele>199.9</ele>
      </trkpt>
      <trkpt lat="28.07024" lon="-16.701329">
        <ele>198.2</ele>
      </trkpt>
      <trkpt lat="28.07026" lon="-16.701989">
        <ele>195.2</ele>
      </trkpt>
      <trkpt lat="28.07029" lon="-16.70231">
        <ele>193.7</ele>
      </trkpt>
      <trkpt lat="28.07046" lon="-16.70323">
        <ele>186.0</ele>
      </trkpt>
      <trkpt lat="28.07064" lon="-16.704139">
        <ele>180.5</ele>
      </trkpt>
      <trkpt lat="28.07074" lon="-16.704609">
        <ele>177.8</ele>
      </trkpt>
      <trkpt lat="28.07077" lon="-16.70494">
        <ele>176.6</ele>
      </trkpt>
      <trkpt lat="28.07077" lon="-16.70542">
        <ele>174.0</ele>
      </trkpt>
      <trkpt lat="28.07069" lon="-16.70587">
        <ele>172.1</ele>
      </trkpt>
      <trkpt lat="28.07062" lon="-16.70615">
        <ele>170.8</ele>
      </trkpt>
      <trkpt lat="28.0703" lon="-16.70709">
        <ele>164.7</ele>
      </trkpt>
      <trkpt lat="28.07024" lon="-16.70732">
        <ele>162.4</ele>
      </trkpt>
      <trkpt lat="28.0702" lon="-16.70756">
        <ele>160.2</ele>
      </trkpt>
      <trkpt lat="28.07016" lon="-16.707989">
        <ele>158.0</ele>
      </trkpt>
      <trkpt lat="28.07015" lon="-16.70877">
        <ele>153.4</ele>
      </trkpt>
      <trkpt lat="28.07015" lon="-16.70954">
        <ele>148.9</ele>
      </trkpt>
      <trkpt lat="28.07014" lon="-16.71032">
        <ele>144.2</ele>
      </trkpt>
      <trkpt lat="28.07011" lon="-16.7107">
        <ele>142.0</ele>
      </trkpt>
      <trkpt lat="28.07003" lon="-16.711089">
        <ele>139.0</ele>
      </trkpt>
      <trkpt lat="28.06994" lon="-16.71136">
        <ele>136.4</ele>
      </trkpt>
      <trkpt lat="28.06983" lon="-16.71161">
        <ele>133.8</ele>
      </trkpt>
      <trkpt lat="28.0697" lon="-16.711839">
        <ele>131.1</ele>
      </trkpt>
      <trkpt lat="28.06953" lon="-16.7121">
        <ele>128.2</ele>
      </trkpt>
      <trkpt lat="28.06935" lon="-16.712309">
        <ele>126.3</ele>
      </trkpt>
      <trkpt lat="28.06916" lon="-16.712489">
        <ele>125.1</ele>
      </trkpt>
      <trkpt lat="28.06898" lon="-16.71263">
        <ele>123.1</ele>
      </trkpt>
      <trkpt lat="28.06879" lon="-16.71276">
        <ele>121.5</ele>
      </trkpt>
      <trkpt lat="28.06861" lon="-16.71286">
        <ele>120.6</ele>
      </trkpt>
      <trkpt lat="28.06822" lon="-16.713">
        <ele>118.5</ele>
      </trkpt>
      <trkpt lat="28.068" lon="-16.71305">
        <ele>116.2</ele>
      </trkpt>
      <trkpt lat="28.06777" lon="-16.71308">
        <ele>113.8</ele>
      </trkpt>
      <trkpt lat="28.06752" lon="-16.71308">
        <ele>111.3</ele>
      </trkpt>
      <trkpt lat="28.06727" lon="-16.713059">
        <ele>109.6</ele>
      </trkpt>
      <trkpt lat="28.06685" lon="-16.71295">
        <ele>107.2</ele>
      </trkpt>
      <trkpt lat="28.06661" lon="-16.71285">
        <ele>105.9</ele>
      </trkpt>
      <trkpt lat="28.06604" lon="-16.71251">
        <ele>102.9</ele>
      </trkpt>
      <trkpt lat="28.06573" lon="-16.71224">
        <ele>101.0</ele>
      </trkpt>
      <trkpt lat="28.0657" lon="-16.71219">
        <ele>100.8</ele>
      </trkpt>
      <trkpt lat="28.06556" lon="-16.712029">
        <ele>99.8</ele>
      </trkpt>
      <trkpt lat="28.06505" lon="-16.711269">
        <ele>96.3</ele>
      </trkpt>
      <trkpt lat="28.06485" lon="-16.71106">
        <ele>94.6</ele>
      </trkpt>
      <trkpt lat="28.06461" lon="-16.710909">
        <ele>92.5</ele>
      </trkpt>
      <trkpt lat="28.06452" lon="-16.71088">
        <ele>91.6</ele>
      </trkpt>
      <trkpt lat="28.06426" lon="-16.71085">
        <ele>88.9</ele>
      </trkpt>
      <trkpt lat="28.06398" lon="-16.71087">
        <ele>85.2</ele>
      </trkpt>
      <trkpt lat="28.0639" lon="-16.710909">
        <ele>83.9</ele>
      </trkpt>
      <trkpt lat="28.06377" lon="-16.71104">
        <ele>81.4</ele>
      </trkpt>
      <trkpt lat="28.06372" lon="-16.71114">
        <ele>80.3</ele>
      </trkpt>
      <trkpt lat="28.06365" lon="-16.71126">
        <ele>78.7</ele>
      </trkpt>
      <trkpt lat="28.06359" lon="-16.711279">
        <ele>77.7</ele>
      </trkpt>
      <trkpt lat="28.06287" lon="-16.71121">
        <ele>71.0</ele>
      </trkpt>
      <trkpt lat="28.06279" lon="-16.71116">
        <ele>70.9</ele>
      </trkpt>
      <trkpt lat="28.06267" lon="-16.71111">
        <ele>70.7</ele>
      </trkpt>
      <trkpt lat="28.0626" lon="-16.711099">
        <ele>70.4</ele>
      </trkpt>
      <trkpt lat="28.06245" lon="-16.71111">
        <ele>69.2</ele>
      </trkpt>
      <trkpt lat="28.06209" lon="-16.711179">
        <ele>65.3</ele>
      </trkpt>
      <trkpt lat="28.06194" lon="-16.71122">
        <ele>63.6</ele>
      </trkpt>
      <trkpt lat="28.06111" lon="-16.7113">
        <ele>57.2</ele>
      </trkpt>
      <trkpt lat="28.06089" lon="-16.711279">
        <ele>56.1</ele>
      </trkpt>
      <trkpt lat="28.06041" lon="-16.711179">
        <ele>52.0</ele>
      </trkpt>
      <trkpt lat="28.05993" lon="-16.711079">
        <ele>47.7</ele>
      </trkpt>
      <trkpt lat="28.05966" lon="-16.71106">
        <ele>46.0</ele>
      </trkpt>
      <trkpt lat="28.05943" lon="-16.71107">
        <ele>44.4</ele>
      </trkpt>
      <trkpt lat="28.05912" lon="-16.71113">
        <ele>42.0</ele>
      </trkpt>
      <trkpt lat="28.05844" lon="-16.71132">
        <ele>37.4</ele>
      </trkpt>
      <trkpt lat="28.05777" lon="-16.71151">
        <ele>34.5</ele>
      </trkpt>
      <trkpt lat="28.05709" lon="-16.7117">
        <ele>32.4</ele>
      </trkpt>
      <trkpt lat="28.05687" lon="-16.71173">
        <ele>32.0</ele>
      </trkpt>
      <trkpt lat="28.05645" lon="-16.711839">
        <ele>30.6</ele>
      </trkpt>
      <trkpt lat="28.0563" lon="-16.71186">
        <ele>30.0</ele>
      </trkpt>
      <trkpt lat="28.05596" lon="-16.71197">
        <ele>28.4</ele>
      </trkpt>
      <trkpt lat="28.05591" lon="-16.712019">
        <ele>28.0</ele>
      </trkpt>
      <trkpt lat="28.05586" lon="-16.71209">
        <ele>27.6</ele>
      </trkpt>
      <trkpt lat="28.05581" lon="-16.712219">
        <ele>27.0</ele>
      </trkpt>
      <trkpt lat="28.05573" lon="-16.712309">
        <ele>26.6</ele>
      </trkpt>
      <trkpt lat="28.05558" lon="-16.71236">
        <ele>26.3</ele>
      </trkpt>
      <trkpt lat="28.05552" lon="-16.71236">
        <ele>26.2</ele>
      </trkpt>
      <trkpt lat="28.0554" lon="-16.712319">
        <ele>26.2</ele>
      </trkpt>
      <trkpt lat="28.0553" lon="-16.71219">
        <ele>26.7</ele>
      </trkpt>
      <trkpt lat="28.05526" lon="-16.71211">
        <ele>27.0</ele>
      </trkpt>
      <trkpt lat="28.05525" lon="-16.712">
        <ele>27.5</ele>
      </trkpt>
      <trkpt lat="28.05527" lon="-16.71191">
        <ele>27.9</ele>
      </trkpt>
      <trkpt lat="28.05533" lon="-16.71179">
        <ele>28.5</ele>
      </trkpt>
      <trkpt lat="28.05542" lon="-16.71171">
        <ele>28.8</ele>
      </trkpt>
      <trkpt lat="28.05551" lon="-16.71167">
        <ele>29.0</ele>
      </trkpt>
      <trkpt lat="28.05563" lon="-16.71168">
        <ele>28.9</ele>
      </trkpt>
      <trkpt lat="28.05572" lon="-16.71172">
        <ele>28.8</ele>
      </trkpt>
      <trkpt lat="28.0558" lon="-16.71179">
        <ele>28.6</ele>
      </trkpt>
      <trkpt lat="28.05587" lon="-16.71183">
        <ele>28.5</ele>
      </trkpt>
      <trkpt lat="28.05595" lon="-16.71183">
        <ele>28.8</ele>
      </trkpt>
      <trkpt lat="28.05672" lon="-16.71161">
        <ele>32.5</ele>
      </trkpt>
      <trkpt lat="28.05682" lon="-16.71153">
        <ele>33.2</ele>
      </trkpt>
      <trkpt lat="28.05703" lon="-16.71145">
        <ele>34.0</ele>
      </trkpt>
      <trkpt lat="28.0576" lon="-16.711279">
        <ele>36.0</ele>
      </trkpt>
      <trkpt lat="28.0576" lon="-16.711279">
        <ele>36.0</ele>
      </trkpt>
      <trkpt lat="28.05789" lon="-16.7112">
        <ele>37.1</ele>
      </trkpt>
      <trkpt lat="28.05852" lon="-16.71102">
        <ele>40.2</ele>
      </trkpt>
      <trkpt lat="28.05915" lon="-16.71084">
        <ele>43.9</ele>
      </trkpt>
      <trkpt lat="28.05934" lon="-16.710799">
        <ele>45.4</ele>
      </trkpt>
      <trkpt lat="28.05973" lon="-16.71078">
        <ele>48.3</ele>
      </trkpt>
      <trkpt lat="28.05993" lon="-16.710799">
        <ele>49.7</ele>
      </trkpt>
      <trkpt lat="28.06052" lon="-16.71092">
        <ele>55.5</ele>
      </trkpt>
      <trkpt lat="28.06088" lon="-16.710999">
        <ele>58.7</ele>
      </trkpt>
      <trkpt lat="28.06106" lon="-16.71102">
        <ele>59.6</ele>
      </trkpt>
      <trkpt lat="28.06159" lon="-16.710989">
        <ele>63.0</ele>
      </trkpt>
      <trkpt lat="28.06212" lon="-16.71096">
        <ele>68.0</ele>
      </trkpt>
      <trkpt lat="28.06224" lon="-16.71095">
        <ele>69.2</ele>
      </trkpt>
      <trkpt lat="28.06234" lon="-16.71097">
        <ele>69.9</ele>
      </trkpt>
      <trkpt lat="28.0624" lon="-16.710989">
        <ele>70.2</ele>
      </trkpt>
      <trkpt lat="28.06266" lon="-16.71096">
        <ele>72.2</ele>
      </trkpt>
      <trkpt lat="28.06288" lon="-16.71084">
        <ele>74.3</ele>
      </trkpt>
      <trkpt lat="28.06342" lon="-16.71087">
        <ele>77.1</ele>
      </trkpt>
      <trkpt lat="28.06362" lon="-16.710909">
        <ele>79.8</ele>
      </trkpt>
      <trkpt lat="28.06366" lon="-16.71094">
        <ele>80.2</ele>
      </trkpt>
      <trkpt lat="28.06371" lon="-16.71101">
        <ele>80.7</ele>
      </trkpt>
      <trkpt lat="28.06372" lon="-16.71114">
        <ele>80.3</ele>
      </trkpt>
      <trkpt lat="28.06365" lon="-16.71126">
        <ele>78.7</ele>
      </trkpt>
      <trkpt lat="28.06359" lon="-16.711279">
        <ele>77.7</ele>
      </trkpt>
      <trkpt lat="28.06287" lon="-16.71121">
        <ele>71.0</ele>
      </trkpt>
      <trkpt lat="28.06279" lon="-16.71116">
        <ele>70.9</ele>
      </trkpt>
      <trkpt lat="28.06267" lon="-16.71111">
        <ele>70.7</ele>
      </trkpt>
      <trkpt lat="28.0626" lon="-16.711099">
        <ele>70.4</ele>
      </trkpt>
      <trkpt lat="28.06245" lon="-16.71111">
        <ele>69.2</ele>
      </trkpt>
      <trkpt lat="28.06209" lon="-16.711179">
        <ele>65.3</ele>
      </trkpt>
      <trkpt lat="28.06194" lon="-16.71122">
        <ele>63.6</ele>
      </trkpt>
      <trkpt lat="28.06111" lon="-16.7113">
        <ele>57.2</ele>
      </trkpt>
      <trkpt lat="28.06089" lon="-16.711279">
        <ele>56.1</ele>
      </trkpt>
      <trkpt lat="28.06041" lon="-16.711179">
        <ele>52.0</ele>
      </trkpt>
      <trkpt lat="28.05993" lon="-16.711079">
        <ele>47.7</ele>
      </trkpt>
      <trkpt lat="28.05966" lon="-16.71106">
        <ele>46.0</ele>
      </trkpt>
      <trkpt lat="28.05943" lon="-16.71107">
        <ele>44.4</ele>
      </trkpt>
      <trkpt lat="28.05912" lon="-16.71113">
        <ele>42.0</ele>
      </trkpt>
      <trkpt lat="28.05844" lon="-16.71132">
        <ele>37.4</ele>
      </trkpt>
      <trkpt lat="28.05777" lon="-16.71151">
        <ele>34.5</ele>
      </trkpt>
      <trkpt lat="28.05709" lon="-16.7117">
        <ele>32.4</ele>
      </trkpt>
      <trkpt lat="28.05687" lon="-16.71173">
        <ele>32.0</ele>
      </trkpt>
      <trkpt lat="28.05645" lon="-16.711839">
        <ele>30.6</ele>
      </trkpt>
      <trkpt lat="28.0563" lon="-16.71186">
        <ele>30.0</ele>
      </trkpt>
      <trkpt lat="28.05596" lon="-16.71197">
        <ele>28.4</ele>
      </trkpt>
      <trkpt lat="28.05591" lon="-16.712019">
        <ele>28.0</ele>
      </trkpt>
      <trkpt lat="28.05586" lon="-16.71209">
        <ele>27.6</ele>
      </trkpt>
      <trkpt lat="28.05581" lon="-16.712219">
        <ele>27.0</ele>
      </trkpt>
      <trkpt lat="28.05573" lon="-16.712309">
        <ele>26.6</ele>
      </trkpt>
      <trkpt lat="28.05558" lon="-16.71236">
        <ele>26.3</ele>
      </trkpt>
      <trkpt lat="28.05552" lon="-16.71236">
        <ele>26.2</ele>
      </trkpt>
      <trkpt lat="28.0554" lon="-16.712319">
        <ele>26.2</ele>
      </trkpt>
      <trkpt lat="28.05536" lon="-16.71228">
        <ele>26.4</ele>
      </trkpt>
      <trkpt lat="28.05523" lon="-16.71226">
        <ele>26.3</ele>
      </trkpt>
      <trkpt lat="28.05463" lon="-16.71244">
        <ele>25.8</ele>
      </trkpt>
      <trkpt lat="28.05404" lon="-16.71261">
        <ele>25.3</ele>
      </trkpt>
      <trkpt lat="28.05345" lon="-16.712779">
        <ele>22.8</ele>
      </trkpt>
      <trkpt lat="28.05358" lon="-16.71337">
        <ele>23.4</ele>
      </trkpt>
      <trkpt lat="28.05371" lon="-16.71396">
        <ele>20.8</ele>
      </trkpt>
      <trkpt lat="28.05374" lon="-16.71408">
        <ele>20.4</ele>
      </trkpt>
      <trkpt lat="28.05372" lon="-16.71415">
        <ele>19.9</ele>
      </trkpt>
      <trkpt lat="28.05366" lon="-16.714189">
        <ele>19.6</ele>
      </trkpt>
      <trkpt lat="28.05352" lon="-16.71436">
        <ele>18.8</ele>
      </trkpt>
      <trkpt lat="28.0535" lon="-16.71442">
        <ele>18.7</ele>
      </trkpt>
      <trkpt lat="28.05344" lon="-16.71453">
        <ele>18.5</ele>
      </trkpt>
      <trkpt lat="28.0534" lon="-16.7146">
        <ele>18.3</ele>
      </trkpt>
      <trkpt lat="28.05319" lon="-16.71495">
        <ele>17.7</ele>
      </trkpt>
      <trkpt lat="28.05287" lon="-16.71555">
        <ele>19.0</ele>
      </trkpt>
      <trkpt lat="28.05254" lon="-16.71614">
        <ele>17.8</ele>
      </trkpt>
      <trkpt lat="28.05222" lon="-16.71674">
        <ele>15.6</ele>
      </trkpt>
      <trkpt lat="28.05222" lon="-16.71683">
        <ele>15.9</ele>
      </trkpt>
      <trkpt lat="28.05226" lon="-16.71689">
        <ele>16.5</ele>
      </trkpt>
      <trkpt lat="28.05281" lon="-16.717279">
        <ele>23.7</ele>
      </trkpt>
      <trkpt lat="28.05336" lon="-16.717659">
        <ele>33.8</ele>
      </trkpt>
      <trkpt lat="28.05338" lon="-16.71769">
        <ele>34.6</ele>
      </trkpt>
      <trkpt lat="28.05337" lon="-16.717749">
        <ele>35.4</ele>
      </trkpt>
      <trkpt lat="28.05332" lon="-16.71781">
        <ele>35.7</ele>
      </trkpt>
      <trkpt lat="28.05327" lon="-16.71783">
        <ele>35.3</ele>
      </trkpt>
      <trkpt lat="28.05291" lon="-16.7178">
        <ele>29.9</ele>
      </trkpt>
      <trkpt lat="28.05282" lon="-16.717839">
        <ele>29.3</ele>
      </trkpt>
      <trkpt lat="28.05274" lon="-16.717939">
        <ele>29.7</ele>
      </trkpt>
      <trkpt lat="28.05272" lon="-16.71817">
        <ele>32.8</ele>
      </trkpt>
      <trkpt lat="28.05252" lon="-16.71855">
        <ele>34.7</ele>
      </trkpt>
    </trkseg>
  </trk>
</gpx>
