<?xml version="1.0" encoding="UTF-8"?>
<gpx xmlns:gpxdata="http://www.cluetrust.com/XML/GPXDATA/1/0" xmlns:xsi="http://www.w3.org/2001/XMLSchema-instance" xmlns="http://www.topografix.com/GPX/1/1" version="1.1" creator="http://ridewithgps.com/" xsi:schemaLocation="http://www.topografix.com/GPX/1/1 http://www.topografix.com/GPX/1/1/gpx.xsd http://www.cluetrust.com/XML/GPXDATA/1/0 http://www.cluetrust.com/Schemas/gpxdata10.xsd">
  <metadata>
    <name>Teleferico El Teide out and back 100km / 2700m climbing</name>
    <link href="https://ridewithgps.com/routes/47502491">
      <text>Teleferico El Teide out and back 100km / 2700m climbing</text>
    </link>
    <time>2024-07-10T06:20:06Z</time>
  </metadata>
  <trk>
    <name>Teleferico El Teide out and back 100km / 2700m climbing</name>
    <trkseg>
      <trkpt lat="28.05595" lon="-16.707799">
        <ele>49.7</ele>
      </trkpt>
      <trkpt lat="28.05591" lon="-16.707809">
        <ele>49.6</ele>
      </trkpt>
      <trkpt lat="28.055878" lon="-16.707823">
        <ele>49.5</ele>
      </trkpt>
      <trkpt lat="28.05574" lon="-16.70788">
        <ele>48.8</ele>
      </trkpt>
      <trkpt lat="28.0557" lon="-16.707889">
        <ele>48.6</ele>
      </trkpt>
      <trkpt lat="28.05488" lon="-16.7082">
        <ele>44.0</ele>
      </trkpt>
      <trkpt lat="28.05485" lon="-16.70824">
        <ele>43.9</ele>
      </trkpt>
      <trkpt lat="28.05477" lon="-16.708279">
        <ele>43.5</ele>
      </trkpt>
      <trkpt lat="28.05477" lon="-16.708279">
        <ele>43.5</ele>
      </trkpt>
      <trkpt lat="28.05477" lon="-16.70829">
        <ele>43.5</ele>
      </trkpt>
      <trkpt lat="28.05477" lon="-16.7083">
        <ele>43.6</ele>
      </trkpt>
      <trkpt lat="28.05477" lon="-16.70831">
        <ele>43.6</ele>
      </trkpt>
      <trkpt lat="28.05477" lon="-16.70832">
        <ele>43.6</ele>
      </trkpt>
      <trkpt lat="28.05476" lon="-16.70832">
        <ele>43.5</ele>
      </trkpt>
      <trkpt lat="28.05476" lon="-16.70833">
        <ele>43.6</ele>
      </trkpt>
      <trkpt lat="28.05476" lon="-16.70834">
        <ele>43.5</ele>
      </trkpt>
      <trkpt lat="28.05475" lon="-16.70834">
        <ele>43.4</ele>
      </trkpt>
      <trkpt lat="28.05475" lon="-16.70835">
        <ele>43.4</ele>
      </trkpt>
      <trkpt lat="28.05486" lon="-16.70878">
        <ele>39.9</ele>
      </trkpt>
      <trkpt lat="28.0549" lon="-16.708939">
        <ele>38.4</ele>
      </trkpt>
      <trkpt lat="28.05495" lon="-16.709129">
        <ele>36.4</ele>
      </trkpt>
      <trkpt lat="28.05496" lon="-16.70916">
        <ele>36.1</ele>
      </trkpt>
      <trkpt lat="28.05498" lon="-16.70926">
        <ele>35.6</ele>
      </trkpt>
      <trkpt lat="28.05501" lon="-16.70937">
        <ele>35.1</ele>
      </trkpt>
      <trkpt lat="28.05504" lon="-16.709489">
        <ele>34.6</ele>
      </trkpt>
      <trkpt lat="28.05506" lon="-16.70957">
        <ele>34.4</ele>
      </trkpt>
      <trkpt lat="28.05519" lon="-16.71007">
        <ele>33.1</ele>
      </trkpt>
      <trkpt lat="28.05521" lon="-16.710159">
        <ele>33.2</ele>
      </trkpt>
      <trkpt lat="28.05524" lon="-16.71027">
        <ele>33.3</ele>
      </trkpt>
      <trkpt lat="28.05526" lon="-16.710349">
        <ele>33.3</ele>
      </trkpt>
      <trkpt lat="28.05531" lon="-16.71055">
        <ele>33.4</ele>
      </trkpt>
      <trkpt lat="28.05546" lon="-16.71113">
        <ele>32.0</ele>
      </trkpt>
      <trkpt lat="28.05554" lon="-16.71144">
        <ele>30.3</ele>
      </trkpt>
      <trkpt lat="28.05559" lon="-16.71164">
        <ele>29.2</ele>
      </trkpt>
      <trkpt lat="28.05559" lon="-16.71164">
        <ele>29.2</ele>
      </trkpt>
      <trkpt lat="28.0556" lon="-16.71164">
        <ele>29.2</ele>
      </trkpt>
      <trkpt lat="28.05564" lon="-16.711649">
        <ele>29.1</ele>
      </trkpt>
      <trkpt lat="28.05568" lon="-16.71167">
        <ele>29.0</ele>
      </trkpt>
      <trkpt lat="28.05572" lon="-16.71169">
        <ele>28.9</ele>
      </trkpt>
      <trkpt lat="28.05576" lon="-16.71172">
        <ele>28.8</ele>
      </trkpt>
      <trkpt lat="28.05579" lon="-16.711749">
        <ele>28.7</ele>
      </trkpt>
      <trkpt lat="28.05582" lon="-16.71179">
        <ele>28.6</ele>
      </trkpt>
      <trkpt lat="28.05584" lon="-16.71182">
        <ele>28.5</ele>
      </trkpt>
      <trkpt lat="28.056" lon="-16.71182">
        <ele>29.0</ele>
      </trkpt>
      <trkpt lat="28.05619" lon="-16.71177">
        <ele>29.9</ele>
      </trkpt>
      <trkpt lat="28.05626" lon="-16.711749">
        <ele>30.2</ele>
      </trkpt>
      <trkpt lat="28.05649" lon="-16.71168">
        <ele>31.3</ele>
      </trkpt>
      <trkpt lat="28.05681" lon="-16.711569">
        <ele>32.9</ele>
      </trkpt>
      <trkpt lat="28.05708" lon="-16.7115">
        <ele>33.7</ele>
      </trkpt>
      <trkpt lat="28.05716" lon="-16.71148">
        <ele>33.9</ele>
      </trkpt>
      <trkpt lat="28.05721" lon="-16.711469">
        <ele>34.1</ele>
      </trkpt>
      <trkpt lat="28.05726" lon="-16.711459">
        <ele>34.2</ele>
      </trkpt>
      <trkpt lat="28.05734" lon="-16.71143">
        <ele>34.5</ele>
      </trkpt>
      <trkpt lat="28.05743" lon="-16.71141">
        <ele>34.8</ele>
      </trkpt>
      <trkpt lat="28.05799" lon="-16.71125">
        <ele>36.9</ele>
      </trkpt>
      <trkpt lat="28.05803" lon="-16.71124">
        <ele>37.0</ele>
      </trkpt>
      <trkpt lat="28.05843" lon="-16.71113">
        <ele>38.9</ele>
      </trkpt>
      <trkpt lat="28.05856" lon="-16.711089">
        <ele>39.8</ele>
      </trkpt>
      <trkpt lat="28.05866" lon="-16.71107">
        <ele>40.4</ele>
      </trkpt>
      <trkpt lat="28.05891" lon="-16.71101">
        <ele>41.9</ele>
      </trkpt>
      <trkpt lat="28.05908" lon="-16.71097">
        <ele>42.8</ele>
      </trkpt>
      <trkpt lat="28.05926" lon="-16.71092">
        <ele>44.1</ele>
      </trkpt>
      <trkpt lat="28.05943" lon="-16.71089">
        <ele>45.5</ele>
      </trkpt>
      <trkpt lat="28.05965" lon="-16.71087">
        <ele>47.2</ele>
      </trkpt>
      <trkpt lat="28.05985" lon="-16.71088">
        <ele>48.6</ele>
      </trkpt>
      <trkpt lat="28.06008" lon="-16.710909">
        <ele>50.4</ele>
      </trkpt>
      <trkpt lat="28.06015" lon="-16.71092">
        <ele>51.1</ele>
      </trkpt>
      <trkpt lat="28.0607" lon="-16.71104">
        <ele>56.5</ele>
      </trkpt>
      <trkpt lat="28.06078" lon="-16.71105">
        <ele>57.3</ele>
      </trkpt>
      <trkpt lat="28.06094" lon="-16.71107">
        <ele>58.4</ele>
      </trkpt>
      <trkpt lat="28.06133" lon="-16.711079">
        <ele>60.6</ele>
      </trkpt>
      <trkpt lat="28.06157" lon="-16.71106">
        <ele>62.2</ele>
      </trkpt>
      <trkpt lat="28.06176" lon="-16.71105">
        <ele>63.8</ele>
      </trkpt>
      <trkpt lat="28.06223" lon="-16.71101">
        <ele>68.4</ele>
      </trkpt>
      <trkpt lat="28.06236" lon="-16.710999">
        <ele>69.7</ele>
      </trkpt>
      <trkpt lat="28.062458" lon="-16.710991">
        <ele>70.7</ele>
      </trkpt>
      <trkpt lat="28.06249" lon="-16.710989">
        <ele>71.0</ele>
      </trkpt>
      <trkpt lat="28.06258" lon="-16.71097">
        <ele>71.7</ele>
      </trkpt>
      <trkpt lat="28.06265" lon="-16.71096">
        <ele>72.2</ele>
      </trkpt>
      <trkpt lat="28.06271" lon="-16.71094">
        <ele>72.7</ele>
      </trkpt>
      <trkpt lat="28.06276" lon="-16.71092">
        <ele>73.1</ele>
      </trkpt>
      <trkpt lat="28.06276" lon="-16.71092">
        <ele>73.1</ele>
      </trkpt>
      <trkpt lat="28.06277" lon="-16.710909">
        <ele>73.2</ele>
      </trkpt>
      <trkpt lat="28.06278" lon="-16.710899">
        <ele>73.4</ele>
      </trkpt>
      <trkpt lat="28.06278" lon="-16.71089">
        <ele>73.5</ele>
      </trkpt>
      <trkpt lat="28.06279" lon="-16.71088">
        <ele>73.6</ele>
      </trkpt>
      <trkpt lat="28.06282" lon="-16.71087">
        <ele>73.8</ele>
      </trkpt>
      <trkpt lat="28.06285" lon="-16.71085">
        <ele>74.1</ele>
      </trkpt>
      <trkpt lat="28.06286" lon="-16.71085">
        <ele>74.1</ele>
      </trkpt>
      <trkpt lat="28.0629" lon="-16.71084">
        <ele>74.4</ele>
      </trkpt>
      <trkpt lat="28.06295" lon="-16.71084">
        <ele>74.6</ele>
      </trkpt>
      <trkpt lat="28.06311" lon="-16.71085">
        <ele>75.1</ele>
      </trkpt>
      <trkpt lat="28.06314" lon="-16.71085">
        <ele>75.2</ele>
      </trkpt>
      <trkpt lat="28.06339" lon="-16.71088">
        <ele>76.6</ele>
      </trkpt>
      <trkpt lat="28.0635" lon="-16.71088">
        <ele>78.2</ele>
      </trkpt>
      <trkpt lat="28.06354" lon="-16.71085">
        <ele>78.9</ele>
      </trkpt>
      <trkpt lat="28.06357" lon="-16.71084">
        <ele>79.4</ele>
      </trkpt>
      <trkpt lat="28.0636" lon="-16.71083">
        <ele>79.9</ele>
      </trkpt>
      <trkpt lat="28.06363" lon="-16.710819">
        <ele>80.4</ele>
      </trkpt>
      <trkpt lat="28.06374" lon="-16.710799">
        <ele>82.2</ele>
      </trkpt>
      <trkpt lat="28.06394" lon="-16.71076">
        <ele>85.5</ele>
      </trkpt>
      <trkpt lat="28.06395" lon="-16.71076">
        <ele>85.6</ele>
      </trkpt>
      <trkpt lat="28.06399" lon="-16.71076">
        <ele>86.2</ele>
      </trkpt>
      <trkpt lat="28.06402" lon="-16.71075">
        <ele>86.7</ele>
      </trkpt>
      <trkpt lat="28.0641" lon="-16.71074">
        <ele>87.9</ele>
      </trkpt>
      <trkpt lat="28.06413" lon="-16.71074">
        <ele>88.2</ele>
      </trkpt>
      <trkpt lat="28.06421" lon="-16.71073">
        <ele>89.0</ele>
      </trkpt>
      <trkpt lat="28.0643" lon="-16.71073">
        <ele>89.9</ele>
      </trkpt>
      <trkpt lat="28.06437" lon="-16.71074">
        <ele>90.6</ele>
      </trkpt>
      <trkpt lat="28.06444" lon="-16.71075">
        <ele>91.3</ele>
      </trkpt>
      <trkpt lat="28.0645" lon="-16.71076">
        <ele>91.9</ele>
      </trkpt>
      <trkpt lat="28.06453" lon="-16.71077">
        <ele>92.2</ele>
      </trkpt>
      <trkpt lat="28.06464" lon="-16.710809">
        <ele>93.4</ele>
      </trkpt>
      <trkpt lat="28.06465" lon="-16.710819">
        <ele>93.4</ele>
      </trkpt>
      <trkpt lat="28.0647" lon="-16.71084">
        <ele>93.7</ele>
      </trkpt>
      <trkpt lat="28.06481" lon="-16.710909">
        <ele>94.7</ele>
      </trkpt>
      <trkpt lat="28.06481" lon="-16.710909">
        <ele>94.7</ele>
      </trkpt>
      <trkpt lat="28.0649" lon="-16.71095">
        <ele>95.5</ele>
      </trkpt>
      <trkpt lat="28.06494" lon="-16.71098">
        <ele>95.8</ele>
      </trkpt>
      <trkpt lat="28.06496" lon="-16.710999">
        <ele>96.0</ele>
      </trkpt>
      <trkpt lat="28.065" lon="-16.71103">
        <ele>96.3</ele>
      </trkpt>
      <trkpt lat="28.06504" lon="-16.711079">
        <ele>96.8</ele>
      </trkpt>
      <trkpt lat="28.06506" lon="-16.71111">
        <ele>97.1</ele>
      </trkpt>
      <trkpt lat="28.06508" lon="-16.71113">
        <ele>97.4</ele>
      </trkpt>
      <trkpt lat="28.06517" lon="-16.711269">
        <ele>98.3</ele>
      </trkpt>
      <trkpt lat="28.06529" lon="-16.71145">
        <ele>99.2</ele>
      </trkpt>
      <trkpt lat="28.06533" lon="-16.71152">
        <ele>99.3</ele>
      </trkpt>
      <trkpt lat="28.06541" lon="-16.71164">
        <ele>99.6</ele>
      </trkpt>
      <trkpt lat="28.06549" lon="-16.71177">
        <ele>100.0</ele>
      </trkpt>
      <trkpt lat="28.06558" lon="-16.71191">
        <ele>100.6</ele>
      </trkpt>
      <trkpt lat="28.06564" lon="-16.712">
        <ele>100.9</ele>
      </trkpt>
      <trkpt lat="28.06565" lon="-16.712019">
        <ele>101.0</ele>
      </trkpt>
      <trkpt lat="28.06568" lon="-16.71206">
        <ele>101.2</ele>
      </trkpt>
      <trkpt lat="28.065667" lon="-16.712064">
        <ele>101.0</ele>
      </trkpt>
      <trkpt lat="28.06567" lon="-16.71207">
        <ele>101.0</ele>
      </trkpt>
      <trkpt lat="28.065864" lon="-16.712261">
        <ele>102.5</ele>
      </trkpt>
      <trkpt lat="28.06623" lon="-16.71262">
        <ele>94.0</ele>
      </trkpt>
      <trkpt lat="28.06638" lon="-16.71272">
        <ele>94.0</ele>
      </trkpt>
      <trkpt lat="28.06661" lon="-16.71286">
        <ele>94.0</ele>
      </trkpt>
      <trkpt lat="28.06682" lon="-16.71294">
        <ele>94.0</ele>
      </trkpt>
      <trkpt lat="28.06703" lon="-16.71301">
        <ele>94.0</ele>
      </trkpt>
      <trkpt lat="28.06726" lon="-16.713069">
        <ele>94.0</ele>
      </trkpt>
      <trkpt lat="28.06751" lon="-16.71309">
        <ele>94.0</ele>
      </trkpt>
      <trkpt lat="28.068" lon="-16.713069">
        <ele>94.0</ele>
      </trkpt>
      <trkpt lat="28.06822" lon="-16.71301">
        <ele>94.0</ele>
      </trkpt>
      <trkpt lat="28.06861" lon="-16.712869">
        <ele>94.0</ele>
      </trkpt>
      <trkpt lat="28.06898" lon="-16.71264">
        <ele>94.0</ele>
      </trkpt>
      <trkpt lat="28.06934" lon="-16.71233">
        <ele>148.0</ele>
      </trkpt>
      <trkpt lat="28.06952" lon="-16.712119">
        <ele>148.0</ele>
      </trkpt>
      <trkpt lat="28.0697" lon="-16.71186">
        <ele>148.0</ele>
      </trkpt>
      <trkpt lat="28.06982" lon="-16.71162">
        <ele>148.0</ele>
      </trkpt>
      <trkpt lat="28.06993" lon="-16.711379">
        <ele>148.0</ele>
      </trkpt>
      <trkpt lat="28.07002" lon="-16.711099">
        <ele>148.0</ele>
      </trkpt>
      <trkpt lat="28.0701" lon="-16.710709">
        <ele>148.0</ele>
      </trkpt>
      <trkpt lat="28.07014" lon="-16.710339">
        <ele>148.0</ele>
      </trkpt>
      <trkpt lat="28.070147" lon="-16.70956">
        <ele>148.0</ele>
      </trkpt>
      <trkpt lat="28.070153" lon="-16.70878">
        <ele>148.0</ele>
      </trkpt>
      <trkpt lat="28.07016" lon="-16.707999">
        <ele>148.0</ele>
      </trkpt>
      <trkpt lat="28.07019" lon="-16.70757">
        <ele>148.0</ele>
      </trkpt>
      <trkpt lat="28.0703" lon="-16.7071">
        <ele>179.0</ele>
      </trkpt>
      <trkpt lat="28.070495" lon="-16.706489">
        <ele>179.0</ele>
      </trkpt>
      <trkpt lat="28.07069" lon="-16.70588">
        <ele>179.0</ele>
      </trkpt>
      <trkpt lat="28.07076" lon="-16.70542">
        <ele>179.0</ele>
      </trkpt>
      <trkpt lat="28.07077" lon="-16.70495">
        <ele>179.0</ele>
      </trkpt>
      <trkpt lat="28.07073" lon="-16.704619">
        <ele>188.0</ele>
      </trkpt>
      <trkpt lat="28.07058" lon="-16.703852">
        <ele>188.0</ele>
      </trkpt>
      <trkpt lat="28.07043" lon="-16.703087">
        <ele>186.0</ele>
      </trkpt>
      <trkpt lat="28.07028" lon="-16.70232">
        <ele>191.0</ele>
      </trkpt>
      <trkpt lat="28.07024" lon="-16.70185">
        <ele>191.0</ele>
      </trkpt>
      <trkpt lat="28.07024" lon="-16.70144">
        <ele>191.0</ele>
      </trkpt>
      <trkpt lat="28.0703" lon="-16.70082">
        <ele>198.0</ele>
      </trkpt>
      <trkpt lat="28.070387" lon="-16.700415">
        <ele>203.0</ele>
      </trkpt>
      <trkpt lat="28.07042" lon="-16.70026">
        <ele>198.0</ele>
      </trkpt>
      <trkpt lat="28.07052" lon="-16.69999">
        <ele>200.6</ele>
      </trkpt>
      <trkpt lat="28.07077" lon="-16.69941">
        <ele>206.3</ele>
      </trkpt>
      <trkpt lat="28.071237" lon="-16.698597">
        <ele>215.0</ele>
      </trkpt>
      <trkpt lat="28.071703" lon="-16.697783">
        <ele>215.0</ele>
      </trkpt>
      <trkpt lat="28.07217" lon="-16.69697">
        <ele>224.0</ele>
      </trkpt>
      <trkpt lat="28.07227" lon="-16.69677">
        <ele>224.0</ele>
      </trkpt>
      <trkpt lat="28.07236" lon="-16.69648">
        <ele>224.0</ele>
      </trkpt>
      <trkpt lat="28.07239" lon="-16.69602">
        <ele>224.0</ele>
      </trkpt>
      <trkpt lat="28.07223" lon="-16.69509">
        <ele>245.0</ele>
      </trkpt>
      <trkpt lat="28.07202" lon="-16.69423">
        <ele>245.0</ele>
      </trkpt>
      <trkpt lat="28.07191" lon="-16.69357">
        <ele>245.0</ele>
      </trkpt>
      <trkpt lat="28.07189" lon="-16.69318">
        <ele>245.0</ele>
      </trkpt>
      <trkpt lat="28.07194" lon="-16.69287">
        <ele>245.0</ele>
      </trkpt>
      <trkpt lat="28.07201" lon="-16.692699">
        <ele>245.0</ele>
      </trkpt>
      <trkpt lat="28.07216" lon="-16.69245">
        <ele>245.0</ele>
      </trkpt>
      <trkpt lat="28.07234" lon="-16.69225">
        <ele>268.0</ele>
      </trkpt>
      <trkpt lat="28.07261" lon="-16.692029">
        <ele>268.0</ele>
      </trkpt>
      <trkpt lat="28.07302" lon="-16.691775">
        <ele>268.0</ele>
      </trkpt>
      <trkpt lat="28.07343" lon="-16.69152">
        <ele>268.0</ele>
      </trkpt>
      <trkpt lat="28.07364" lon="-16.69133">
        <ele>268.0</ele>
      </trkpt>
      <trkpt lat="28.07373" lon="-16.69121">
        <ele>268.0</ele>
      </trkpt>
      <trkpt lat="28.07386" lon="-16.69075">
        <ele>268.0</ele>
      </trkpt>
      <trkpt lat="28.073935" lon="-16.69013">
        <ele>268.0</ele>
      </trkpt>
      <trkpt lat="28.07401" lon="-16.689509">
        <ele>283.0</ele>
      </trkpt>
      <trkpt lat="28.0741" lon="-16.68926">
        <ele>283.0</ele>
      </trkpt>
      <trkpt lat="28.07426" lon="-16.689029">
        <ele>283.0</ele>
      </trkpt>
      <trkpt lat="28.07438" lon="-16.68889">
        <ele>283.0</ele>
      </trkpt>
      <trkpt lat="28.07454" lon="-16.688759">
        <ele>283.0</ele>
      </trkpt>
      <trkpt lat="28.07459" lon="-16.688669">
        <ele>283.0</ele>
      </trkpt>
      <trkpt lat="28.07519" lon="-16.68834">
        <ele>291.9</ele>
      </trkpt>
      <trkpt lat="28.07536" lon="-16.68821">
        <ele>291.9</ele>
      </trkpt>
      <trkpt lat="28.07566" lon="-16.68804">
        <ele>291.9</ele>
      </trkpt>
      <trkpt lat="28.07609" lon="-16.68759">
        <ele>301.0</ele>
      </trkpt>
      <trkpt lat="28.07625" lon="-16.68747">
        <ele>301.0</ele>
      </trkpt>
      <trkpt lat="28.07633" lon="-16.68737">
        <ele>298.0</ele>
      </trkpt>
      <trkpt lat="28.07649" lon="-16.68723">
        <ele>298.0</ele>
      </trkpt>
      <trkpt lat="28.077" lon="-16.68657">
        <ele>302.5</ele>
      </trkpt>
      <trkpt lat="28.077" lon="-16.68658">
        <ele>302.4</ele>
      </trkpt>
      <trkpt lat="28.07752" lon="-16.68591">
        <ele>302.4</ele>
      </trkpt>
      <trkpt lat="28.07804" lon="-16.68524">
        <ele>321.0</ele>
      </trkpt>
      <trkpt lat="28.07856" lon="-16.68457">
        <ele>321.0</ele>
      </trkpt>
      <trkpt lat="28.07872" lon="-16.684339">
        <ele>321.0</ele>
      </trkpt>
      <trkpt lat="28.07887" lon="-16.68402">
        <ele>321.0</ele>
      </trkpt>
      <trkpt lat="28.07892" lon="-16.68386">
        <ele>321.0</ele>
      </trkpt>
      <trkpt lat="28.07896" lon="-16.68362">
        <ele>321.0</ele>
      </trkpt>
      <trkpt lat="28.07894" lon="-16.68334">
        <ele>321.0</ele>
      </trkpt>
      <trkpt lat="28.07891" lon="-16.68317">
        <ele>337.0</ele>
      </trkpt>
      <trkpt lat="28.07885" lon="-16.68297">
        <ele>337.0</ele>
      </trkpt>
      <trkpt lat="28.078776" lon="-16.682801">
        <ele>342.9</ele>
      </trkpt>
      <trkpt lat="28.07874" lon="-16.68272">
        <ele>337.0</ele>
      </trkpt>
      <trkpt lat="28.07868" lon="-16.68272">
        <ele>337.0</ele>
      </trkpt>
      <trkpt lat="28.07862" lon="-16.6827">
        <ele>337.0</ele>
      </trkpt>
      <trkpt lat="28.07859" lon="-16.68263">
        <ele>337.0</ele>
      </trkpt>
      <trkpt lat="28.07859" lon="-16.68255">
        <ele>337.0</ele>
      </trkpt>
      <trkpt lat="28.07863" lon="-16.68249">
        <ele>344.0</ele>
      </trkpt>
      <trkpt lat="28.07866" lon="-16.68248">
        <ele>344.0</ele>
      </trkpt>
      <trkpt lat="28.07875" lon="-16.68248">
        <ele>337.0</ele>
      </trkpt>
      <trkpt lat="28.07879" lon="-16.68252">
        <ele>337.0</ele>
      </trkpt>
      <trkpt lat="28.079" lon="-16.682369">
        <ele>344.0</ele>
      </trkpt>
      <trkpt lat="28.07924" lon="-16.68224">
        <ele>346.0</ele>
      </trkpt>
      <trkpt lat="28.0794" lon="-16.68222">
        <ele>346.0</ele>
      </trkpt>
      <trkpt lat="28.07957" lon="-16.68223">
        <ele>346.0</ele>
      </trkpt>
      <trkpt lat="28.07969" lon="-16.682269">
        <ele>346.0</ele>
      </trkpt>
      <trkpt lat="28.07992" lon="-16.682379">
        <ele>346.0</ele>
      </trkpt>
      <trkpt lat="28.08004" lon="-16.68253">
        <ele>346.0</ele>
      </trkpt>
      <trkpt lat="28.08039" lon="-16.683219">
        <ele>357.0</ele>
      </trkpt>
      <trkpt lat="28.0805" lon="-16.68337">
        <ele>357.0</ele>
      </trkpt>
      <trkpt lat="28.0806" lon="-16.68346">
        <ele>357.0</ele>
      </trkpt>
      <trkpt lat="28.08074" lon="-16.68355">
        <ele>357.0</ele>
      </trkpt>
      <trkpt lat="28.08085" lon="-16.68358">
        <ele>357.0</ele>
      </trkpt>
      <trkpt lat="28.08092" lon="-16.68362">
        <ele>357.0</ele>
      </trkpt>
      <trkpt lat="28.08131" lon="-16.68366">
        <ele>357.0</ele>
      </trkpt>
      <trkpt lat="28.08192" lon="-16.68372">
        <ele>357.0</ele>
      </trkpt>
      <trkpt lat="28.08216" lon="-16.68377">
        <ele>357.0</ele>
      </trkpt>
      <trkpt lat="28.08232" lon="-16.68382">
        <ele>391.0</ele>
      </trkpt>
      <trkpt lat="28.08243" lon="-16.6839">
        <ele>391.0</ele>
      </trkpt>
      <trkpt lat="28.08255" lon="-16.68405">
        <ele>391.0</ele>
      </trkpt>
      <trkpt lat="28.08263" lon="-16.68418">
        <ele>391.0</ele>
      </trkpt>
      <trkpt lat="28.08267" lon="-16.68432">
        <ele>391.0</ele>
      </trkpt>
      <trkpt lat="28.08268" lon="-16.684529">
        <ele>391.0</ele>
      </trkpt>
      <trkpt lat="28.08266" lon="-16.68475">
        <ele>391.0</ele>
      </trkpt>
      <trkpt lat="28.0825" lon="-16.68551">
        <ele>391.0</ele>
      </trkpt>
      <trkpt lat="28.08247" lon="-16.68579">
        <ele>391.0</ele>
      </trkpt>
      <trkpt lat="28.08249" lon="-16.686309">
        <ele>394.0</ele>
      </trkpt>
      <trkpt lat="28.08252" lon="-16.68649">
        <ele>394.0</ele>
      </trkpt>
      <trkpt lat="28.08259" lon="-16.68672">
        <ele>394.0</ele>
      </trkpt>
      <trkpt lat="28.0828" lon="-16.68718">
        <ele>394.0</ele>
      </trkpt>
      <trkpt lat="28.08291" lon="-16.687349">
        <ele>394.0</ele>
      </trkpt>
      <trkpt lat="28.08325" lon="-16.687695">
        <ele>394.0</ele>
      </trkpt>
      <trkpt lat="28.08359" lon="-16.68804">
        <ele>394.0</ele>
      </trkpt>
      <trkpt lat="28.08371" lon="-16.68826">
        <ele>410.0</ele>
      </trkpt>
      <trkpt lat="28.08388" lon="-16.688749">
        <ele>410.0</ele>
      </trkpt>
      <trkpt lat="28.08405" lon="-16.68924">
        <ele>410.0</ele>
      </trkpt>
      <trkpt lat="28.08419" lon="-16.68956">
        <ele>410.0</ele>
      </trkpt>
      <trkpt lat="28.08459" lon="-16.690185">
        <ele>410.0</ele>
      </trkpt>
      <trkpt lat="28.08499" lon="-16.690809">
        <ele>410.0</ele>
      </trkpt>
      <trkpt lat="28.0851" lon="-16.69095">
        <ele>410.0</ele>
      </trkpt>
      <trkpt lat="28.08518" lon="-16.69102">
        <ele>410.0</ele>
      </trkpt>
      <trkpt lat="28.08527" lon="-16.69104">
        <ele>410.0</ele>
      </trkpt>
      <trkpt lat="28.0854" lon="-16.69104">
        <ele>410.0</ele>
      </trkpt>
      <trkpt lat="28.0856" lon="-16.69098">
        <ele>425.9</ele>
      </trkpt>
      <trkpt lat="28.08581" lon="-16.69088">
        <ele>425.9</ele>
      </trkpt>
      <trkpt lat="28.08618" lon="-16.69058">
        <ele>425.9</ele>
      </trkpt>
      <trkpt lat="28.08616" lon="-16.6906">
        <ele>425.5</ele>
      </trkpt>
      <trkpt lat="28.08651" lon="-16.69032">
        <ele>425.5</ele>
      </trkpt>
      <trkpt lat="28.08676" lon="-16.69019">
        <ele>425.5</ele>
      </trkpt>
      <trkpt lat="28.08698" lon="-16.690159">
        <ele>425.5</ele>
      </trkpt>
      <trkpt lat="28.08711" lon="-16.690169">
        <ele>425.5</ele>
      </trkpt>
      <trkpt lat="28.08726" lon="-16.69021">
        <ele>425.5</ele>
      </trkpt>
      <trkpt lat="28.0875" lon="-16.69037">
        <ele>454.0</ele>
      </trkpt>
      <trkpt lat="28.0877" lon="-16.690639">
        <ele>454.0</ele>
      </trkpt>
      <trkpt lat="28.087885" lon="-16.691109">
        <ele>454.0</ele>
      </trkpt>
      <trkpt lat="28.08807" lon="-16.691579">
        <ele>454.0</ele>
      </trkpt>
      <trkpt lat="28.0882" lon="-16.691759">
        <ele>449.0</ele>
      </trkpt>
      <trkpt lat="28.08834" lon="-16.69188">
        <ele>449.0</ele>
      </trkpt>
      <trkpt lat="28.0885" lon="-16.69191">
        <ele>449.0</ele>
      </trkpt>
      <trkpt lat="28.08863" lon="-16.69188">
        <ele>449.0</ele>
      </trkpt>
      <trkpt lat="28.08877" lon="-16.69179">
        <ele>449.0</ele>
      </trkpt>
      <trkpt lat="28.08891" lon="-16.69163">
        <ele>449.0</ele>
      </trkpt>
      <trkpt lat="28.08899" lon="-16.69149">
        <ele>449.0</ele>
      </trkpt>
      <trkpt lat="28.08906" lon="-16.691289">
        <ele>449.0</ele>
      </trkpt>
      <trkpt lat="28.08908" lon="-16.69113">
        <ele>449.0</ele>
      </trkpt>
      <trkpt lat="28.08906" lon="-16.69094">
        <ele>449.0</ele>
      </trkpt>
      <trkpt lat="28.089" lon="-16.6907">
        <ele>449.0</ele>
      </trkpt>
      <trkpt lat="28.08875" lon="-16.690059">
        <ele>472.0</ele>
      </trkpt>
      <trkpt lat="28.08848" lon="-16.689419">
        <ele>472.0</ele>
      </trkpt>
      <trkpt lat="28.08838" lon="-16.689029">
        <ele>472.0</ele>
      </trkpt>
      <trkpt lat="28.08839" lon="-16.688859">
        <ele>472.0</ele>
      </trkpt>
      <trkpt lat="28.08843" lon="-16.688669">
        <ele>472.0</ele>
      </trkpt>
      <trkpt lat="28.08851" lon="-16.688479">
        <ele>477.0</ele>
      </trkpt>
      <trkpt lat="28.08859" lon="-16.68835">
        <ele>477.0</ele>
      </trkpt>
      <trkpt lat="28.0887" lon="-16.6883">
        <ele>477.0</ele>
      </trkpt>
      <trkpt lat="28.08879" lon="-16.688279">
        <ele>477.0</ele>
      </trkpt>
      <trkpt lat="28.08897" lon="-16.68834">
        <ele>477.0</ele>
      </trkpt>
      <trkpt lat="28.08911" lon="-16.68851">
        <ele>477.0</ele>
      </trkpt>
      <trkpt lat="28.08931" lon="-16.68896">
        <ele>477.0</ele>
      </trkpt>
      <trkpt lat="28.08939" lon="-16.68908">
        <ele>477.0</ele>
      </trkpt>
      <trkpt lat="28.08948" lon="-16.68918">
        <ele>477.0</ele>
      </trkpt>
      <trkpt lat="28.08963" lon="-16.68929">
        <ele>477.0</ele>
      </trkpt>
      <trkpt lat="28.08986" lon="-16.6894">
        <ele>477.0</ele>
      </trkpt>
      <trkpt lat="28.09007" lon="-16.68946">
        <ele>477.0</ele>
      </trkpt>
      <trkpt lat="28.09044" lon="-16.689509">
        <ele>513.0</ele>
      </trkpt>
      <trkpt lat="28.09072" lon="-16.68955">
        <ele>513.0</ele>
      </trkpt>
      <trkpt lat="28.09102" lon="-16.68966">
        <ele>513.0</ele>
      </trkpt>
      <trkpt lat="28.09147" lon="-16.689889">
        <ele>513.0</ele>
      </trkpt>
      <trkpt lat="28.09165" lon="-16.68992">
        <ele>513.0</ele>
      </trkpt>
      <trkpt lat="28.09182" lon="-16.68992">
        <ele>513.0</ele>
      </trkpt>
      <trkpt lat="28.09193" lon="-16.689889">
        <ele>513.0</ele>
      </trkpt>
      <trkpt lat="28.09203" lon="-16.68984">
        <ele>513.0</ele>
      </trkpt>
      <trkpt lat="28.09212" lon="-16.68976">
        <ele>513.0</ele>
      </trkpt>
      <trkpt lat="28.09221" lon="-16.68963">
        <ele>513.0</ele>
      </trkpt>
      <trkpt lat="28.09226" lon="-16.68948">
        <ele>513.0</ele>
      </trkpt>
      <trkpt lat="28.09228" lon="-16.6893">
        <ele>513.0</ele>
      </trkpt>
      <trkpt lat="28.09218" lon="-16.68879">
        <ele>513.0</ele>
      </trkpt>
      <trkpt lat="28.09218" lon="-16.68832">
        <ele>531.0</ele>
      </trkpt>
      <trkpt lat="28.09223" lon="-16.68802">
        <ele>531.0</ele>
      </trkpt>
      <trkpt lat="28.0925" lon="-16.68756">
        <ele>531.0</ele>
      </trkpt>
      <trkpt lat="28.09271" lon="-16.68728">
        <ele>541.0</ele>
      </trkpt>
      <trkpt lat="28.0929" lon="-16.68701">
        <ele>541.0</ele>
      </trkpt>
      <trkpt lat="28.09299" lon="-16.68682">
        <ele>544.0</ele>
      </trkpt>
      <trkpt lat="28.09308" lon="-16.68662">
        <ele>544.0</ele>
      </trkpt>
      <trkpt lat="28.09317" lon="-16.68624">
        <ele>544.0</ele>
      </trkpt>
      <trkpt lat="28.0933" lon="-16.68582">
        <ele>544.0</ele>
      </trkpt>
      <trkpt lat="28.09343" lon="-16.68559">
        <ele>544.0</ele>
      </trkpt>
      <trkpt lat="28.09381" lon="-16.68524">
        <ele>552.0</ele>
      </trkpt>
      <trkpt lat="28.09408" lon="-16.68511">
        <ele>552.0</ele>
      </trkpt>
      <trkpt lat="28.094515" lon="-16.684935">
        <ele>552.0</ele>
      </trkpt>
      <trkpt lat="28.09495" lon="-16.68476">
        <ele>571.0</ele>
      </trkpt>
      <trkpt lat="28.0951" lon="-16.68467">
        <ele>571.0</ele>
      </trkpt>
      <trkpt lat="28.0952" lon="-16.68457">
        <ele>571.0</ele>
      </trkpt>
      <trkpt lat="28.0953" lon="-16.6844">
        <ele>571.0</ele>
      </trkpt>
      <trkpt lat="28.09544" lon="-16.68389">
        <ele>568.0</ele>
      </trkpt>
      <trkpt lat="28.09558" lon="-16.683589">
        <ele>568.0</ele>
      </trkpt>
      <trkpt lat="28.0957" lon="-16.68343">
        <ele>568.0</ele>
      </trkpt>
      <trkpt lat="28.09622" lon="-16.68298">
        <ele>583.9</ele>
      </trkpt>
      <trkpt lat="28.09664" lon="-16.68268">
        <ele>583.9</ele>
      </trkpt>
      <trkpt lat="28.09706" lon="-16.68244">
        <ele>583.9</ele>
      </trkpt>
      <trkpt lat="28.09731" lon="-16.68223">
        <ele>611.0</ele>
      </trkpt>
      <trkpt lat="28.09742" lon="-16.68212">
        <ele>611.0</ele>
      </trkpt>
      <trkpt lat="28.097582" lon="-16.681857">
        <ele>605.3</ele>
      </trkpt>
      <trkpt lat="28.097668" lon="-16.681719">
        <ele>605.5</ele>
      </trkpt>
      <trkpt lat="28.09768" lon="-16.6817">
        <ele>611.0</ele>
      </trkpt>
      <trkpt lat="28.09792" lon="-16.681819">
        <ele>611.0</ele>
      </trkpt>
      <trkpt lat="28.098365" lon="-16.681944">
        <ele>616.0</ele>
      </trkpt>
      <trkpt lat="28.09881" lon="-16.68207">
        <ele>616.0</ele>
      </trkpt>
      <trkpt lat="28.09917" lon="-16.682189">
        <ele>616.0</ele>
      </trkpt>
      <trkpt lat="28.09957" lon="-16.682369">
        <ele>621.0</ele>
      </trkpt>
      <trkpt lat="28.10022" lon="-16.68271">
        <ele>624.0</ele>
      </trkpt>
      <trkpt lat="28.10041" lon="-16.68277">
        <ele>624.0</ele>
      </trkpt>
      <trkpt lat="28.10063" lon="-16.68272">
        <ele>640.0</ele>
      </trkpt>
      <trkpt lat="28.10072" lon="-16.68269">
        <ele>640.0</ele>
      </trkpt>
      <trkpt lat="28.10082" lon="-16.6826">
        <ele>640.0</ele>
      </trkpt>
      <trkpt lat="28.10097" lon="-16.68243">
        <ele>640.0</ele>
      </trkpt>
      <trkpt lat="28.10101" lon="-16.68236">
        <ele>640.0</ele>
      </trkpt>
      <trkpt lat="28.10106" lon="-16.68221">
        <ele>640.0</ele>
      </trkpt>
      <trkpt lat="28.10112" lon="-16.68158">
        <ele>640.0</ele>
      </trkpt>
      <trkpt lat="28.10114" lon="-16.6815">
        <ele>638.0</ele>
      </trkpt>
      <trkpt lat="28.10118" lon="-16.681439">
        <ele>638.0</ele>
      </trkpt>
      <trkpt lat="28.10125" lon="-16.68138">
        <ele>638.0</ele>
      </trkpt>
      <trkpt lat="28.1014" lon="-16.681349">
        <ele>638.0</ele>
      </trkpt>
      <trkpt lat="28.10153" lon="-16.68139">
        <ele>638.0</ele>
      </trkpt>
      <trkpt lat="28.10159" lon="-16.68145">
        <ele>638.0</ele>
      </trkpt>
      <trkpt lat="28.1019" lon="-16.681909">
        <ele>638.0</ele>
      </trkpt>
      <trkpt lat="28.10205" lon="-16.682099">
        <ele>638.0</ele>
      </trkpt>
      <trkpt lat="28.102385" lon="-16.682485">
        <ele>658.0</ele>
      </trkpt>
      <trkpt lat="28.10272" lon="-16.68287">
        <ele>658.0</ele>
      </trkpt>
      <trkpt lat="28.103115" lon="-16.683295">
        <ele>658.0</ele>
      </trkpt>
      <trkpt lat="28.10351" lon="-16.68372">
        <ele>673.2</ele>
      </trkpt>
      <trkpt lat="28.10365" lon="-16.683879">
        <ele>673.2</ele>
      </trkpt>
      <trkpt lat="28.10386" lon="-16.68408">
        <ele>668.0</ele>
      </trkpt>
      <trkpt lat="28.10408" lon="-16.684249">
        <ele>668.0</ele>
      </trkpt>
      <trkpt lat="28.10452" lon="-16.6844">
        <ele>668.0</ele>
      </trkpt>
      <trkpt lat="28.10496" lon="-16.68455">
        <ele>685.0</ele>
      </trkpt>
      <trkpt lat="28.10508" lon="-16.684539">
        <ele>685.0</ele>
      </trkpt>
      <trkpt lat="28.10546" lon="-16.68447">
        <ele>685.0</ele>
      </trkpt>
      <trkpt lat="28.10567" lon="-16.68448">
        <ele>685.0</ele>
      </trkpt>
      <trkpt lat="28.10582" lon="-16.68456">
        <ele>685.0</ele>
      </trkpt>
      <trkpt lat="28.10623" lon="-16.68489">
        <ele>688.0</ele>
      </trkpt>
      <trkpt lat="28.106893" lon="-16.685403">
        <ele>688.0</ele>
      </trkpt>
      <trkpt lat="28.107557" lon="-16.685917">
        <ele>695.0</ele>
      </trkpt>
      <trkpt lat="28.10822" lon="-16.68643">
        <ele>695.0</ele>
      </trkpt>
      <trkpt lat="28.10829" lon="-16.68644">
        <ele>695.0</ele>
      </trkpt>
      <trkpt lat="28.10837" lon="-16.68644">
        <ele>695.0</ele>
      </trkpt>
      <trkpt lat="28.10851" lon="-16.68634">
        <ele>695.0</ele>
      </trkpt>
      <trkpt lat="28.10858" lon="-16.68619">
        <ele>695.0</ele>
      </trkpt>
      <trkpt lat="28.10859" lon="-16.686129">
        <ele>695.0</ele>
      </trkpt>
      <trkpt lat="28.10856" lon="-16.686">
        <ele>695.0</ele>
      </trkpt>
      <trkpt lat="28.10843" lon="-16.68571">
        <ele>695.0</ele>
      </trkpt>
      <trkpt lat="28.10835" lon="-16.68543">
        <ele>695.0</ele>
      </trkpt>
      <trkpt lat="28.10832" lon="-16.684999">
        <ele>720.0</ele>
      </trkpt>
      <trkpt lat="28.10835" lon="-16.684809">
        <ele>720.0</ele>
      </trkpt>
      <trkpt lat="28.1085" lon="-16.68466">
        <ele>720.0</ele>
      </trkpt>
      <trkpt lat="28.10856" lon="-16.684629">
        <ele>720.0</ele>
      </trkpt>
      <trkpt lat="28.10866" lon="-16.684619">
        <ele>720.0</ele>
      </trkpt>
      <trkpt lat="28.10875" lon="-16.68464">
        <ele>720.0</ele>
      </trkpt>
      <trkpt lat="28.10885" lon="-16.68469">
        <ele>720.0</ele>
      </trkpt>
      <trkpt lat="28.109385" lon="-16.68515">
        <ele>720.0</ele>
      </trkpt>
      <trkpt lat="28.10992" lon="-16.68561">
        <ele>720.0</ele>
      </trkpt>
      <trkpt lat="28.11001" lon="-16.685649">
        <ele>720.0</ele>
      </trkpt>
      <trkpt lat="28.11019" lon="-16.685669">
        <ele>720.0</ele>
      </trkpt>
      <trkpt lat="28.11028" lon="-16.68563">
        <ele>720.0</ele>
      </trkpt>
      <trkpt lat="28.11037" lon="-16.68558">
        <ele>720.0</ele>
      </trkpt>
      <trkpt lat="28.11048" lon="-16.68541">
        <ele>720.0</ele>
      </trkpt>
      <trkpt lat="28.11053" lon="-16.685189">
        <ele>748.0</ele>
      </trkpt>
      <trkpt lat="28.11059" lon="-16.68507">
        <ele>748.0</ele>
      </trkpt>
      <trkpt lat="28.11065" lon="-16.68499">
        <ele>748.0</ele>
      </trkpt>
      <trkpt lat="28.11096" lon="-16.68466">
        <ele>748.0</ele>
      </trkpt>
      <trkpt lat="28.11104" lon="-16.684539">
        <ele>748.0</ele>
      </trkpt>
      <trkpt lat="28.11123" lon="-16.683969">
        <ele>748.0</ele>
      </trkpt>
      <trkpt lat="28.11129" lon="-16.683879">
        <ele>748.0</ele>
      </trkpt>
      <trkpt lat="28.11137" lon="-16.68381">
        <ele>748.0</ele>
      </trkpt>
      <trkpt lat="28.11146" lon="-16.683779">
        <ele>748.0</ele>
      </trkpt>
      <trkpt lat="28.11155" lon="-16.683789">
        <ele>748.0</ele>
      </trkpt>
      <trkpt lat="28.11169" lon="-16.683869">
        <ele>748.0</ele>
      </trkpt>
      <trkpt lat="28.11174" lon="-16.683959">
        <ele>748.0</ele>
      </trkpt>
      <trkpt lat="28.11176" lon="-16.684059">
        <ele>748.0</ele>
      </trkpt>
      <trkpt lat="28.11178" lon="-16.684899">
        <ele>748.0</ele>
      </trkpt>
      <trkpt lat="28.1118" lon="-16.68499">
        <ele>748.0</ele>
      </trkpt>
      <trkpt lat="28.11188" lon="-16.68513">
        <ele>748.0</ele>
      </trkpt>
      <trkpt lat="28.11201" lon="-16.68523">
        <ele>748.0</ele>
      </trkpt>
      <trkpt lat="28.1122" lon="-16.68525">
        <ele>748.0</ele>
      </trkpt>
      <trkpt lat="28.1123" lon="-16.68522">
        <ele>748.0</ele>
      </trkpt>
      <trkpt lat="28.11238" lon="-16.68515">
        <ele>748.0</ele>
      </trkpt>
      <trkpt lat="28.11243" lon="-16.685099">
        <ele>748.0</ele>
      </trkpt>
      <trkpt lat="28.1125" lon="-16.68495">
        <ele>748.0</ele>
      </trkpt>
      <trkpt lat="28.112577" lon="-16.68409">
        <ele>748.0</ele>
      </trkpt>
      <trkpt lat="28.112653" lon="-16.683229">
        <ele>748.0</ele>
      </trkpt>
      <trkpt lat="28.11273" lon="-16.682369">
        <ele>748.0</ele>
      </trkpt>
      <trkpt lat="28.11275" lon="-16.682269">
        <ele>748.0</ele>
      </trkpt>
      <trkpt lat="28.1128" lon="-16.682179">
        <ele>748.0</ele>
      </trkpt>
      <trkpt lat="28.11286" lon="-16.68212">
        <ele>748.0</ele>
      </trkpt>
      <trkpt lat="28.11296" lon="-16.68205">
        <ele>748.0</ele>
      </trkpt>
      <trkpt lat="28.11314" lon="-16.68203">
        <ele>821.0</ele>
      </trkpt>
      <trkpt lat="28.11322" lon="-16.68206">
        <ele>821.0</ele>
      </trkpt>
      <trkpt lat="28.1133" lon="-16.68213">
        <ele>821.0</ele>
      </trkpt>
      <trkpt lat="28.11336" lon="-16.68221">
        <ele>821.0</ele>
      </trkpt>
      <trkpt lat="28.1134" lon="-16.6823">
        <ele>821.0</ele>
      </trkpt>
      <trkpt lat="28.1135" lon="-16.682839">
        <ele>821.0</ele>
      </trkpt>
      <trkpt lat="28.11354" lon="-16.68291">
        <ele>821.0</ele>
      </trkpt>
      <trkpt lat="28.11365" lon="-16.683029">
        <ele>821.0</ele>
      </trkpt>
      <trkpt lat="28.11372" lon="-16.68305">
        <ele>821.0</ele>
      </trkpt>
      <trkpt lat="28.11384" lon="-16.68305">
        <ele>821.0</ele>
      </trkpt>
      <trkpt lat="28.11393" lon="-16.683">
        <ele>821.0</ele>
      </trkpt>
      <trkpt lat="28.11401" lon="-16.682939">
        <ele>821.0</ele>
      </trkpt>
      <trkpt lat="28.11425" lon="-16.682265">
        <ele>821.0</ele>
      </trkpt>
      <trkpt lat="28.11449" lon="-16.68159">
        <ele>821.0</ele>
      </trkpt>
      <trkpt lat="28.11452" lon="-16.681439">
        <ele>821.0</ele>
      </trkpt>
      <trkpt lat="28.11454" lon="-16.681159">
        <ele>821.0</ele>
      </trkpt>
      <trkpt lat="28.11453" lon="-16.68103">
        <ele>821.0</ele>
      </trkpt>
      <trkpt lat="28.11449" lon="-16.680879">
        <ele>821.0</ele>
      </trkpt>
      <trkpt lat="28.11424" lon="-16.680215">
        <ele>821.0</ele>
      </trkpt>
      <trkpt lat="28.11399" lon="-16.679549">
        <ele>821.0</ele>
      </trkpt>
      <trkpt lat="28.11396" lon="-16.6794">
        <ele>821.0</ele>
      </trkpt>
      <trkpt lat="28.11392" lon="-16.678735">
        <ele>821.0</ele>
      </trkpt>
      <trkpt lat="28.11388" lon="-16.67807">
        <ele>825.4</ele>
      </trkpt>
      <trkpt lat="28.1139" lon="-16.67799">
        <ele>825.4</ele>
      </trkpt>
      <trkpt lat="28.11392" lon="-16.67792">
        <ele>825.4</ele>
      </trkpt>
      <trkpt lat="28.11398" lon="-16.67789">
        <ele>825.4</ele>
      </trkpt>
      <trkpt lat="28.11404" lon="-16.677879">
        <ele>825.4</ele>
      </trkpt>
      <trkpt lat="28.11414" lon="-16.67791">
        <ele>825.4</ele>
      </trkpt>
      <trkpt lat="28.11419" lon="-16.677969">
        <ele>825.4</ele>
      </trkpt>
      <trkpt lat="28.11453" lon="-16.67864">
        <ele>825.4</ele>
      </trkpt>
      <trkpt lat="28.11462" lon="-16.67877">
        <ele>825.4</ele>
      </trkpt>
      <trkpt lat="28.11481" lon="-16.67894">
        <ele>825.4</ele>
      </trkpt>
      <trkpt lat="28.11555" lon="-16.67939">
        <ele>825.4</ele>
      </trkpt>
      <trkpt lat="28.11563" lon="-16.67941">
        <ele>825.4</ele>
      </trkpt>
      <trkpt lat="28.11575" lon="-16.67936">
        <ele>825.4</ele>
      </trkpt>
      <trkpt lat="28.1158" lon="-16.6793">
        <ele>825.4</ele>
      </trkpt>
      <trkpt lat="28.11581" lon="-16.67922">
        <ele>825.4</ele>
      </trkpt>
      <trkpt lat="28.11579" lon="-16.67914">
        <ele>825.4</ele>
      </trkpt>
      <trkpt lat="28.11576" lon="-16.679079">
        <ele>825.4</ele>
      </trkpt>
      <trkpt lat="28.11523" lon="-16.678629">
        <ele>825.4</ele>
      </trkpt>
      <trkpt lat="28.11513" lon="-16.67848">
        <ele>825.4</ele>
      </trkpt>
      <trkpt lat="28.11498" lon="-16.67807">
        <ele>825.4</ele>
      </trkpt>
      <trkpt lat="28.11498" lon="-16.677879">
        <ele>825.4</ele>
      </trkpt>
      <trkpt lat="28.115" lon="-16.67781">
        <ele>825.4</ele>
      </trkpt>
      <trkpt lat="28.1151" lon="-16.67774">
        <ele>825.4</ele>
      </trkpt>
      <trkpt lat="28.11517" lon="-16.677769">
        <ele>825.4</ele>
      </trkpt>
      <trkpt lat="28.11521" lon="-16.67781">
        <ele>825.4</ele>
      </trkpt>
      <trkpt lat="28.11534" lon="-16.67812">
        <ele>825.4</ele>
      </trkpt>
      <trkpt lat="28.11548" lon="-16.67838">
        <ele>825.4</ele>
      </trkpt>
      <trkpt lat="28.1156" lon="-16.678529">
        <ele>825.4</ele>
      </trkpt>
      <trkpt lat="28.11566" lon="-16.67856">
        <ele>825.4</ele>
      </trkpt>
      <trkpt lat="28.11617" lon="-16.67879">
        <ele>825.4</ele>
      </trkpt>
      <trkpt lat="28.11668" lon="-16.67902">
        <ele>825.4</ele>
      </trkpt>
      <trkpt lat="28.11676" lon="-16.67903">
        <ele>825.4</ele>
      </trkpt>
      <trkpt lat="28.11685" lon="-16.67901">
        <ele>825.4</ele>
      </trkpt>
      <trkpt lat="28.11688" lon="-16.67895">
        <ele>825.4</ele>
      </trkpt>
      <trkpt lat="28.11689" lon="-16.67889">
        <ele>825.4</ele>
      </trkpt>
      <trkpt lat="28.11687" lon="-16.67882">
        <ele>825.4</ele>
      </trkpt>
      <trkpt lat="28.11682" lon="-16.67875">
        <ele>825.4</ele>
      </trkpt>
      <trkpt lat="28.11629" lon="-16.67854">
        <ele>825.4</ele>
      </trkpt>
      <trkpt lat="28.1162" lon="-16.67846">
        <ele>825.4</ele>
      </trkpt>
      <trkpt lat="28.11614" lon="-16.67837">
        <ele>825.4</ele>
      </trkpt>
      <trkpt lat="28.11594" lon="-16.677689">
        <ele>825.4</ele>
      </trkpt>
      <trkpt lat="28.11594" lon="-16.67755">
        <ele>825.4</ele>
      </trkpt>
      <trkpt lat="28.11597" lon="-16.677499">
        <ele>825.4</ele>
      </trkpt>
      <trkpt lat="28.11607" lon="-16.67744">
        <ele>825.4</ele>
      </trkpt>
      <trkpt lat="28.11613" lon="-16.67744">
        <ele>825.4</ele>
      </trkpt>
      <trkpt lat="28.11619" lon="-16.67748">
        <ele>825.4</ele>
      </trkpt>
      <trkpt lat="28.11623" lon="-16.67752">
        <ele>825.4</ele>
      </trkpt>
      <trkpt lat="28.11645" lon="-16.678">
        <ele>825.4</ele>
      </trkpt>
      <trkpt lat="28.11658" lon="-16.67811">
        <ele>825.4</ele>
      </trkpt>
      <trkpt lat="28.11667" lon="-16.678159">
        <ele>825.4</ele>
      </trkpt>
      <trkpt lat="28.11752" lon="-16.67818">
        <ele>978.0</ele>
      </trkpt>
      <trkpt lat="28.11758" lon="-16.67818">
        <ele>978.0</ele>
      </trkpt>
      <trkpt lat="28.11763" lon="-16.678149">
        <ele>978.0</ele>
      </trkpt>
      <trkpt lat="28.11766" lon="-16.67808">
        <ele>978.0</ele>
      </trkpt>
      <trkpt lat="28.11767" lon="-16.67799">
        <ele>978.0</ele>
      </trkpt>
      <trkpt lat="28.11766" lon="-16.6779">
        <ele>978.0</ele>
      </trkpt>
      <trkpt lat="28.1176" lon="-16.67783">
        <ele>978.0</ele>
      </trkpt>
      <trkpt lat="28.11755" lon="-16.67781">
        <ele>978.0</ele>
      </trkpt>
      <trkpt lat="28.11725" lon="-16.67774">
        <ele>978.0</ele>
      </trkpt>
      <trkpt lat="28.11718" lon="-16.67771">
        <ele>978.0</ele>
      </trkpt>
      <trkpt lat="28.11713" lon="-16.67762">
        <ele>978.0</ele>
      </trkpt>
      <trkpt lat="28.11707" lon="-16.677489">
        <ele>978.0</ele>
      </trkpt>
      <trkpt lat="28.11689" lon="-16.676739">
        <ele>978.0</ele>
      </trkpt>
      <trkpt lat="28.1169" lon="-16.6766">
        <ele>978.0</ele>
      </trkpt>
      <trkpt lat="28.11694" lon="-16.676549">
        <ele>978.0</ele>
      </trkpt>
      <trkpt lat="28.11699" lon="-16.67651">
        <ele>978.0</ele>
      </trkpt>
      <trkpt lat="28.11705" lon="-16.6765">
        <ele>978.0</ele>
      </trkpt>
      <trkpt lat="28.11712" lon="-16.67652">
        <ele>978.0</ele>
      </trkpt>
      <trkpt lat="28.11718" lon="-16.67657">
        <ele>978.0</ele>
      </trkpt>
      <trkpt lat="28.11723" lon="-16.67662">
        <ele>978.0</ele>
      </trkpt>
      <trkpt lat="28.11736" lon="-16.676939">
        <ele>978.0</ele>
      </trkpt>
      <trkpt lat="28.11756" lon="-16.67716">
        <ele>978.0</ele>
      </trkpt>
      <trkpt lat="28.11765" lon="-16.677219">
        <ele>978.0</ele>
      </trkpt>
      <trkpt lat="28.11774" lon="-16.67724">
        <ele>978.0</ele>
      </trkpt>
      <trkpt lat="28.11793" lon="-16.6772">
        <ele>978.0</ele>
      </trkpt>
      <trkpt lat="28.11805" lon="-16.67705">
        <ele>978.0</ele>
      </trkpt>
      <trkpt lat="28.11832" lon="-16.6761">
        <ele>978.0</ele>
      </trkpt>
      <trkpt lat="28.11835" lon="-16.67586">
        <ele>978.0</ele>
      </trkpt>
      <trkpt lat="28.11833" lon="-16.67573">
        <ele>978.0</ele>
      </trkpt>
      <trkpt lat="28.11829" lon="-16.67563">
        <ele>978.0</ele>
      </trkpt>
      <trkpt lat="28.1182" lon="-16.675519">
        <ele>978.0</ele>
      </trkpt>
      <trkpt lat="28.11813" lon="-16.67546">
        <ele>978.0</ele>
      </trkpt>
      <trkpt lat="28.11803" lon="-16.6754">
        <ele>978.0</ele>
      </trkpt>
      <trkpt lat="28.11793" lon="-16.67538">
        <ele>978.0</ele>
      </trkpt>
      <trkpt lat="28.11777" lon="-16.675419">
        <ele>978.0</ele>
      </trkpt>
      <trkpt lat="28.117225" lon="-16.67559">
        <ele>978.0</ele>
      </trkpt>
      <trkpt lat="28.11668" lon="-16.67576">
        <ele>978.0</ele>
      </trkpt>
      <trkpt lat="28.11651" lon="-16.67576">
        <ele>978.0</ele>
      </trkpt>
      <trkpt lat="28.11644" lon="-16.675719">
        <ele>978.0</ele>
      </trkpt>
      <trkpt lat="28.11638" lon="-16.67565">
        <ele>978.0</ele>
      </trkpt>
      <trkpt lat="28.11634" lon="-16.67555">
        <ele>978.0</ele>
      </trkpt>
      <trkpt lat="28.11636" lon="-16.67536">
        <ele>978.0</ele>
      </trkpt>
      <trkpt lat="28.11653" lon="-16.6749">
        <ele>978.0</ele>
      </trkpt>
      <trkpt lat="28.1166" lon="-16.674769">
        <ele>978.0</ele>
      </trkpt>
      <trkpt lat="28.11667" lon="-16.674669">
        <ele>978.0</ele>
      </trkpt>
      <trkpt lat="28.11699" lon="-16.67434">
        <ele>978.0</ele>
      </trkpt>
      <trkpt lat="28.11708" lon="-16.67418">
        <ele>978.0</ele>
      </trkpt>
      <trkpt lat="28.11711" lon="-16.67409">
        <ele>978.0</ele>
      </trkpt>
      <trkpt lat="28.11709" lon="-16.67396">
        <ele>978.0</ele>
      </trkpt>
      <trkpt lat="28.11704" lon="-16.67386">
        <ele>978.0</ele>
      </trkpt>
      <trkpt lat="28.11685" lon="-16.673639">
        <ele>978.0</ele>
      </trkpt>
      <trkpt lat="28.11679" lon="-16.67354">
        <ele>978.0</ele>
      </trkpt>
      <trkpt lat="28.11674" lon="-16.6734">
        <ele>978.0</ele>
      </trkpt>
      <trkpt lat="28.11675" lon="-16.6733">
        <ele>978.0</ele>
      </trkpt>
      <trkpt lat="28.11678" lon="-16.67322">
        <ele>978.0</ele>
      </trkpt>
      <trkpt lat="28.11688" lon="-16.67312">
        <ele>978.0</ele>
      </trkpt>
      <trkpt lat="28.11697" lon="-16.67307">
        <ele>978.0</ele>
      </trkpt>
      <trkpt lat="28.11748" lon="-16.672899">
        <ele>978.0</ele>
      </trkpt>
      <trkpt lat="28.11799" lon="-16.67273">
        <ele>988.1</ele>
      </trkpt>
      <trkpt lat="28.11822" lon="-16.672709">
        <ele>988.1</ele>
      </trkpt>
      <trkpt lat="28.11882" lon="-16.67284">
        <ele>988.1</ele>
      </trkpt>
      <trkpt lat="28.11879" lon="-16.67283">
        <ele>987.9</ele>
      </trkpt>
      <trkpt lat="28.11909" lon="-16.672899">
        <ele>987.9</ele>
      </trkpt>
      <trkpt lat="28.11923" lon="-16.67291">
        <ele>987.9</ele>
      </trkpt>
      <trkpt lat="28.11935" lon="-16.67287">
        <ele>993.0</ele>
      </trkpt>
      <trkpt lat="28.11946" lon="-16.67283">
        <ele>993.0</ele>
      </trkpt>
      <trkpt lat="28.11956" lon="-16.67274">
        <ele>993.0</ele>
      </trkpt>
      <trkpt lat="28.11963" lon="-16.67264">
        <ele>993.0</ele>
      </trkpt>
      <trkpt lat="28.11968" lon="-16.67245">
        <ele>993.0</ele>
      </trkpt>
      <trkpt lat="28.11971" lon="-16.672249">
        <ele>993.0</ele>
      </trkpt>
      <trkpt lat="28.11967" lon="-16.67179">
        <ele>993.0</ele>
      </trkpt>
      <trkpt lat="28.119517" lon="-16.671116">
        <ele>998.0</ele>
      </trkpt>
      <trkpt lat="28.119363" lon="-16.670442">
        <ele>1011.0</ele>
      </trkpt>
      <trkpt lat="28.11921" lon="-16.66977">
        <ele>1011.0</ele>
      </trkpt>
      <trkpt lat="28.11909" lon="-16.66944">
        <ele>1011.0</ele>
      </trkpt>
      <trkpt lat="28.119" lon="-16.66927">
        <ele>1011.0</ele>
      </trkpt>
      <trkpt lat="28.118725" lon="-16.66884">
        <ele>1007.0</ele>
      </trkpt>
      <trkpt lat="28.11845" lon="-16.66841">
        <ele>1007.0</ele>
      </trkpt>
      <trkpt lat="28.11843" lon="-16.66835">
        <ele>1007.0</ele>
      </trkpt>
      <trkpt lat="28.11841" lon="-16.66799">
        <ele>1007.0</ele>
      </trkpt>
      <trkpt lat="28.118455" lon="-16.66702">
        <ele>1020.0</ele>
      </trkpt>
      <trkpt lat="28.1185" lon="-16.666049">
        <ele>1024.3</ele>
      </trkpt>
      <trkpt lat="28.1185" lon="-16.66607">
        <ele>1024.2</ele>
      </trkpt>
      <trkpt lat="28.11854" lon="-16.66553">
        <ele>1026.9</ele>
      </trkpt>
      <trkpt lat="28.11859" lon="-16.66541">
        <ele>1026.9</ele>
      </trkpt>
      <trkpt lat="28.11863" lon="-16.66536">
        <ele>1026.9</ele>
      </trkpt>
      <trkpt lat="28.11876" lon="-16.66527">
        <ele>1026.9</ele>
      </trkpt>
      <trkpt lat="28.11886" lon="-16.66527">
        <ele>1026.9</ele>
      </trkpt>
      <trkpt lat="28.11901" lon="-16.66531">
        <ele>1026.9</ele>
      </trkpt>
      <trkpt lat="28.11957" lon="-16.665659">
        <ele>1026.9</ele>
      </trkpt>
      <trkpt lat="28.12013" lon="-16.66601">
        <ele>1049.0</ele>
      </trkpt>
      <trkpt lat="28.120775" lon="-16.666445">
        <ele>1049.0</ele>
      </trkpt>
      <trkpt lat="28.12142" lon="-16.666879">
        <ele>1046.0</ele>
      </trkpt>
      <trkpt lat="28.12152" lon="-16.66691">
        <ele>1046.0</ele>
      </trkpt>
      <trkpt lat="28.12159" lon="-16.66692">
        <ele>1046.0</ele>
      </trkpt>
      <trkpt lat="28.122135" lon="-16.666609">
        <ele>1046.0</ele>
      </trkpt>
      <trkpt lat="28.12268" lon="-16.6663">
        <ele>1062.6</ele>
      </trkpt>
      <trkpt lat="28.12281" lon="-16.66628">
        <ele>1062.6</ele>
      </trkpt>
      <trkpt lat="28.123" lon="-16.6663">
        <ele>1062.6</ele>
      </trkpt>
      <trkpt lat="28.12301" lon="-16.6663">
        <ele>1062.6</ele>
      </trkpt>
      <trkpt lat="28.12317" lon="-16.66636">
        <ele>1062.6</ele>
      </trkpt>
      <trkpt lat="28.12327" lon="-16.66644">
        <ele>1068.0</ele>
      </trkpt>
      <trkpt lat="28.12339" lon="-16.66657">
        <ele>1068.0</ele>
      </trkpt>
      <trkpt lat="28.12381" lon="-16.66706">
        <ele>1068.0</ele>
      </trkpt>
      <trkpt lat="28.12423" lon="-16.667549">
        <ele>1068.0</ele>
      </trkpt>
      <trkpt lat="28.12465" lon="-16.66804">
        <ele>1073.0</ele>
      </trkpt>
      <trkpt lat="28.1252" lon="-16.66883">
        <ele>1073.0</ele>
      </trkpt>
      <trkpt lat="28.1253" lon="-16.66888">
        <ele>1073.0</ele>
      </trkpt>
      <trkpt lat="28.12541" lon="-16.668869">
        <ele>1073.0</ele>
      </trkpt>
      <trkpt lat="28.12551" lon="-16.66881">
        <ele>1073.0</ele>
      </trkpt>
      <trkpt lat="28.12555" lon="-16.66874">
        <ele>1073.0</ele>
      </trkpt>
      <trkpt lat="28.12557" lon="-16.66866">
        <ele>1073.0</ele>
      </trkpt>
      <trkpt lat="28.12555" lon="-16.668569">
        <ele>1073.0</ele>
      </trkpt>
      <trkpt lat="28.12551" lon="-16.668479">
        <ele>1073.0</ele>
      </trkpt>
      <trkpt lat="28.12518" lon="-16.66817">
        <ele>1073.0</ele>
      </trkpt>
      <trkpt lat="28.1251" lon="-16.66805">
        <ele>1073.0</ele>
      </trkpt>
      <trkpt lat="28.12506" lon="-16.66791">
        <ele>1089.5</ele>
      </trkpt>
      <trkpt lat="28.12505" lon="-16.66776">
        <ele>1089.5</ele>
      </trkpt>
      <trkpt lat="28.12508" lon="-16.66758">
        <ele>1089.5</ele>
      </trkpt>
      <trkpt lat="28.12513" lon="-16.66747">
        <ele>1089.5</ele>
      </trkpt>
      <trkpt lat="28.12547" lon="-16.66683">
        <ele>1089.5</ele>
      </trkpt>
      <trkpt lat="28.1255" lon="-16.666709">
        <ele>1089.5</ele>
      </trkpt>
      <trkpt lat="28.1255" lon="-16.66668">
        <ele>1089.7</ele>
      </trkpt>
      <trkpt lat="28.12553" lon="-16.66656">
        <ele>1089.7</ele>
      </trkpt>
      <trkpt lat="28.12552" lon="-16.66639">
        <ele>1089.7</ele>
      </trkpt>
      <trkpt lat="28.12542" lon="-16.6658">
        <ele>1095.0</ele>
      </trkpt>
      <trkpt lat="28.12533" lon="-16.66541">
        <ele>1095.0</ele>
      </trkpt>
      <trkpt lat="28.12526" lon="-16.66527">
        <ele>1095.0</ele>
      </trkpt>
      <trkpt lat="28.12517" lon="-16.66514">
        <ele>1095.0</ele>
      </trkpt>
      <trkpt lat="28.12471" lon="-16.66457">
        <ele>1093.0</ele>
      </trkpt>
      <trkpt lat="28.12465" lon="-16.66441">
        <ele>1093.0</ele>
      </trkpt>
      <trkpt lat="28.12462" lon="-16.66428">
        <ele>1093.0</ele>
      </trkpt>
      <trkpt lat="28.12463" lon="-16.66395">
        <ele>1093.0</ele>
      </trkpt>
      <trkpt lat="28.124815" lon="-16.66299">
        <ele>1093.0</ele>
      </trkpt>
      <trkpt lat="28.125" lon="-16.66203">
        <ele>1093.0</ele>
      </trkpt>
      <trkpt lat="28.12507" lon="-16.66175">
        <ele>1093.0</ele>
      </trkpt>
      <trkpt lat="28.12539" lon="-16.660844">
        <ele>1165.9</ele>
      </trkpt>
      <trkpt lat="28.12571" lon="-16.659939">
        <ele>1165.9</ele>
      </trkpt>
      <trkpt lat="28.12571" lon="-16.65982">
        <ele>1165.9</ele>
      </trkpt>
      <trkpt lat="28.12568" lon="-16.65973">
        <ele>1165.9</ele>
      </trkpt>
      <trkpt lat="28.12563" lon="-16.65968">
        <ele>1165.9</ele>
      </trkpt>
      <trkpt lat="28.12556" lon="-16.65962">
        <ele>1165.9</ele>
      </trkpt>
      <trkpt lat="28.12528" lon="-16.65952">
        <ele>1165.9</ele>
      </trkpt>
      <trkpt lat="28.12512" lon="-16.65932">
        <ele>1165.9</ele>
      </trkpt>
      <trkpt lat="28.12509" lon="-16.65914">
        <ele>1165.9</ele>
      </trkpt>
      <trkpt lat="28.12502" lon="-16.65831">
        <ele>1165.9</ele>
      </trkpt>
      <trkpt lat="28.12503" lon="-16.658169">
        <ele>1165.9</ele>
      </trkpt>
      <trkpt lat="28.12508" lon="-16.65801">
        <ele>1165.9</ele>
      </trkpt>
      <trkpt lat="28.12514" lon="-16.6579">
        <ele>1165.9</ele>
      </trkpt>
      <trkpt lat="28.12523" lon="-16.65782">
        <ele>1165.9</ele>
      </trkpt>
      <trkpt lat="28.12534" lon="-16.65773">
        <ele>1165.9</ele>
      </trkpt>
      <trkpt lat="28.12591" lon="-16.65747">
        <ele>1171.3</ele>
      </trkpt>
      <trkpt lat="28.12587" lon="-16.65748">
        <ele>1171.1</ele>
      </trkpt>
      <trkpt lat="28.12662" lon="-16.657127">
        <ele>1171.1</ele>
      </trkpt>
      <trkpt lat="28.12737" lon="-16.656773">
        <ele>1189.0</ele>
      </trkpt>
      <trkpt lat="28.12812" lon="-16.65642">
        <ele>1189.0</ele>
      </trkpt>
      <trkpt lat="28.12835" lon="-16.656289">
        <ele>1189.0</ele>
      </trkpt>
      <trkpt lat="28.12845" lon="-16.65617">
        <ele>1189.0</ele>
      </trkpt>
      <trkpt lat="28.12854" lon="-16.65603">
        <ele>1189.0</ele>
      </trkpt>
      <trkpt lat="28.128795" lon="-16.655494">
        <ele>1189.0</ele>
      </trkpt>
      <trkpt lat="28.12905" lon="-16.65496">
        <ele>1189.0</ele>
      </trkpt>
      <trkpt lat="28.12929" lon="-16.65456">
        <ele>1196.0</ele>
      </trkpt>
      <trkpt lat="28.12965" lon="-16.65414">
        <ele>1196.0</ele>
      </trkpt>
      <trkpt lat="28.12993" lon="-16.65386">
        <ele>1196.0</ele>
      </trkpt>
      <trkpt lat="28.13039" lon="-16.6535">
        <ele>1196.0</ele>
      </trkpt>
      <trkpt lat="28.13096" lon="-16.653088">
        <ele>1196.0</ele>
      </trkpt>
      <trkpt lat="28.13153" lon="-16.652674">
        <ele>1196.0</ele>
      </trkpt>
      <trkpt lat="28.1321" lon="-16.652263">
        <ele>1220.0</ele>
      </trkpt>
      <trkpt lat="28.13267" lon="-16.65185">
        <ele>1220.0</ele>
      </trkpt>
      <trkpt lat="28.13289" lon="-16.65172">
        <ele>1220.0</ele>
      </trkpt>
      <trkpt lat="28.133515" lon="-16.65139">
        <ele>1220.0</ele>
      </trkpt>
      <trkpt lat="28.13414" lon="-16.65106">
        <ele>1220.0</ele>
      </trkpt>
      <trkpt lat="28.13452" lon="-16.65099">
        <ele>1220.0</ele>
      </trkpt>
      <trkpt lat="28.13478" lon="-16.651019">
        <ele>1220.0</ele>
      </trkpt>
      <trkpt lat="28.13547" lon="-16.65114">
        <ele>1225.0</ele>
      </trkpt>
      <trkpt lat="28.13589" lon="-16.65125">
        <ele>1225.0</ele>
      </trkpt>
      <trkpt lat="28.13623" lon="-16.651409">
        <ele>1225.0</ele>
      </trkpt>
      <trkpt lat="28.136815" lon="-16.651755">
        <ele>1233.0</ele>
      </trkpt>
      <trkpt lat="28.1374" lon="-16.6521">
        <ele>1233.0</ele>
      </trkpt>
      <trkpt lat="28.138047" lon="-16.65249">
        <ele>1233.0</ele>
      </trkpt>
      <trkpt lat="28.138693" lon="-16.65288">
        <ele>1244.0</ele>
      </trkpt>
      <trkpt lat="28.13934" lon="-16.65327">
        <ele>1244.0</ele>
      </trkpt>
      <trkpt lat="28.13952" lon="-16.65335">
        <ele>1244.0</ele>
      </trkpt>
      <trkpt lat="28.13984" lon="-16.653459">
        <ele>1244.0</ele>
      </trkpt>
      <trkpt lat="28.140457" lon="-16.65353">
        <ele>1244.0</ele>
      </trkpt>
      <trkpt lat="28.141073" lon="-16.6536">
        <ele>1259.0</ele>
      </trkpt>
      <trkpt lat="28.14169" lon="-16.65367">
        <ele>1259.0</ele>
      </trkpt>
      <trkpt lat="28.14201" lon="-16.6537">
        <ele>1259.0</ele>
      </trkpt>
      <trkpt lat="28.14218" lon="-16.65369">
        <ele>1259.0</ele>
      </trkpt>
      <trkpt lat="28.1423" lon="-16.65363">
        <ele>1259.0</ele>
      </trkpt>
      <trkpt lat="28.1424" lon="-16.653569">
        <ele>1257.0</ele>
      </trkpt>
      <trkpt lat="28.14249" lon="-16.653469">
        <ele>1257.0</ele>
      </trkpt>
      <trkpt lat="28.14257" lon="-16.65334">
        <ele>1257.0</ele>
      </trkpt>
      <trkpt lat="28.14276" lon="-16.65293">
        <ele>1257.0</ele>
      </trkpt>
      <trkpt lat="28.14296" lon="-16.65248">
        <ele>1257.0</ele>
      </trkpt>
      <trkpt lat="28.14304" lon="-16.652249">
        <ele>1257.0</ele>
      </trkpt>
      <trkpt lat="28.14307" lon="-16.65185">
        <ele>1257.0</ele>
      </trkpt>
      <trkpt lat="28.14302" lon="-16.651589">
        <ele>1276.0</ele>
      </trkpt>
      <trkpt lat="28.142765" lon="-16.650759">
        <ele>1276.0</ele>
      </trkpt>
      <trkpt lat="28.14251" lon="-16.64993">
        <ele>1276.0</ele>
      </trkpt>
      <trkpt lat="28.14242" lon="-16.64956">
        <ele>1276.0</ele>
      </trkpt>
      <trkpt lat="28.14232" lon="-16.64901">
        <ele>1276.0</ele>
      </trkpt>
      <trkpt lat="28.14221" lon="-16.64811">
        <ele>1299.0</ele>
      </trkpt>
      <trkpt lat="28.14207" lon="-16.6472">
        <ele>1299.0</ele>
      </trkpt>
      <trkpt lat="28.14206" lon="-16.646909">
        <ele>1299.0</ele>
      </trkpt>
      <trkpt lat="28.14208" lon="-16.64668">
        <ele>1299.0</ele>
      </trkpt>
      <trkpt lat="28.14212" lon="-16.6465">
        <ele>1299.0</ele>
      </trkpt>
      <trkpt lat="28.14226" lon="-16.64613">
        <ele>1299.0</ele>
      </trkpt>
      <trkpt lat="28.14235" lon="-16.645969">
        <ele>1299.0</ele>
      </trkpt>
      <trkpt lat="28.14257" lon="-16.6457">
        <ele>1299.0</ele>
      </trkpt>
      <trkpt lat="28.14279" lon="-16.64551">
        <ele>1307.0</ele>
      </trkpt>
      <trkpt lat="28.14319" lon="-16.64524">
        <ele>1307.0</ele>
      </trkpt>
      <trkpt lat="28.14346" lon="-16.645119">
        <ele>1307.0</ele>
      </trkpt>
      <trkpt lat="28.14425" lon="-16.64481">
        <ele>1307.0</ele>
      </trkpt>
      <trkpt lat="28.14504" lon="-16.6445">
        <ele>1329.0</ele>
      </trkpt>
      <trkpt lat="28.14548" lon="-16.6443">
        <ele>1329.0</ele>
      </trkpt>
      <trkpt lat="28.146147" lon="-16.643937">
        <ele>1329.0</ele>
      </trkpt>
      <trkpt lat="28.146813" lon="-16.643573">
        <ele>1329.0</ele>
      </trkpt>
      <trkpt lat="28.14748" lon="-16.64321">
        <ele>1351.0</ele>
      </trkpt>
      <trkpt lat="28.148" lon="-16.64289">
        <ele>1351.0</ele>
      </trkpt>
      <trkpt lat="28.14793" lon="-16.64294">
        <ele>1350.1</ele>
      </trkpt>
      <trkpt lat="28.14837" lon="-16.642589">
        <ele>1356.0</ele>
      </trkpt>
      <trkpt lat="28.148845" lon="-16.642175">
        <ele>1356.0</ele>
      </trkpt>
      <trkpt lat="28.14932" lon="-16.64176">
        <ele>1356.0</ele>
      </trkpt>
      <trkpt lat="28.14966" lon="-16.64149">
        <ele>1365.0</ele>
      </trkpt>
      <trkpt lat="28.14986" lon="-16.641369">
        <ele>1365.0</ele>
      </trkpt>
      <trkpt lat="28.15007" lon="-16.641279">
        <ele>1365.0</ele>
      </trkpt>
      <trkpt lat="28.150555" lon="-16.641105">
        <ele>1365.0</ele>
      </trkpt>
      <trkpt lat="28.15104" lon="-16.64093">
        <ele>1365.0</ele>
      </trkpt>
      <trkpt lat="28.15131" lon="-16.640809">
        <ele>1360.0</ele>
      </trkpt>
      <trkpt lat="28.15152" lon="-16.640709">
        <ele>1365.0</ele>
      </trkpt>
      <trkpt lat="28.15169" lon="-16.64058">
        <ele>1365.0</ele>
      </trkpt>
      <trkpt lat="28.15208" lon="-16.640229">
        <ele>1365.0</ele>
      </trkpt>
      <trkpt lat="28.1523" lon="-16.64007">
        <ele>1365.0</ele>
      </trkpt>
      <trkpt lat="28.1524" lon="-16.640039">
        <ele>1367.0</ele>
      </trkpt>
      <trkpt lat="28.15297" lon="-16.639949">
        <ele>1367.0</ele>
      </trkpt>
      <trkpt lat="28.153077" lon="-16.639955">
        <ele>1373.8</ele>
      </trkpt>
      <trkpt lat="28.15314" lon="-16.639959">
        <ele>1367.0</ele>
      </trkpt>
      <trkpt lat="28.15322" lon="-16.6401">
        <ele>1367.0</ele>
      </trkpt>
      <trkpt lat="28.15328" lon="-16.640149">
        <ele>1383.0</ele>
      </trkpt>
      <trkpt lat="28.15336" lon="-16.64017">
        <ele>1383.0</ele>
      </trkpt>
      <trkpt lat="28.15342" lon="-16.64016">
        <ele>1383.0</ele>
      </trkpt>
      <trkpt lat="28.153516" lon="-16.640138">
        <ele>1380.0</ele>
      </trkpt>
      <trkpt lat="28.15355" lon="-16.64013">
        <ele>1383.0</ele>
      </trkpt>
      <trkpt lat="28.15365" lon="-16.64002">
        <ele>1383.0</ele>
      </trkpt>
      <trkpt lat="28.153945" lon="-16.63963">
        <ele>1383.0</ele>
      </trkpt>
      <trkpt lat="28.15424" lon="-16.63924">
        <ele>1383.0</ele>
      </trkpt>
      <trkpt lat="28.15438" lon="-16.639109">
        <ele>1383.0</ele>
      </trkpt>
      <trkpt lat="28.15458" lon="-16.63899">
        <ele>1383.0</ele>
      </trkpt>
      <trkpt lat="28.15501" lon="-16.638815">
        <ele>1412.0</ele>
      </trkpt>
      <trkpt lat="28.15544" lon="-16.638639">
        <ele>1412.0</ele>
      </trkpt>
      <trkpt lat="28.15557" lon="-16.63861">
        <ele>1412.0</ele>
      </trkpt>
      <trkpt lat="28.15613" lon="-16.63859">
        <ele>1412.0</ele>
      </trkpt>
      <trkpt lat="28.15634" lon="-16.63857">
        <ele>1412.0</ele>
      </trkpt>
      <trkpt lat="28.15678" lon="-16.638345">
        <ele>1408.0</ele>
      </trkpt>
      <trkpt lat="28.15722" lon="-16.63812">
        <ele>1408.0</ele>
      </trkpt>
      <trkpt lat="28.15736" lon="-16.63811">
        <ele>1408.0</ele>
      </trkpt>
      <trkpt lat="28.15759" lon="-16.63821">
        <ele>1408.0</ele>
      </trkpt>
      <trkpt lat="28.15769" lon="-16.63822">
        <ele>1408.0</ele>
      </trkpt>
      <trkpt lat="28.1578" lon="-16.63822">
        <ele>1408.0</ele>
      </trkpt>
      <trkpt lat="28.1579" lon="-16.6382">
        <ele>1408.0</ele>
      </trkpt>
      <trkpt lat="28.15818" lon="-16.63805">
        <ele>1408.0</ele>
      </trkpt>
      <trkpt lat="28.15837" lon="-16.63803">
        <ele>1408.0</ele>
      </trkpt>
      <trkpt lat="28.15924" lon="-16.63819">
        <ele>1453.0</ele>
      </trkpt>
      <trkpt lat="28.15957" lon="-16.638269">
        <ele>1453.0</ele>
      </trkpt>
      <trkpt lat="28.16001" lon="-16.63853">
        <ele>1453.0</ele>
      </trkpt>
      <trkpt lat="28.16011" lon="-16.63859">
        <ele>1453.0</ele>
      </trkpt>
      <trkpt lat="28.16025" lon="-16.63876">
        <ele>1453.0</ele>
      </trkpt>
      <trkpt lat="28.16033" lon="-16.63888">
        <ele>1453.0</ele>
      </trkpt>
      <trkpt lat="28.16038" lon="-16.63905">
        <ele>1453.0</ele>
      </trkpt>
      <trkpt lat="28.1604" lon="-16.63922">
        <ele>1453.0</ele>
      </trkpt>
      <trkpt lat="28.16042" lon="-16.64007">
        <ele>1475.0</ele>
      </trkpt>
      <trkpt lat="28.16044" lon="-16.64021">
        <ele>1475.0</ele>
      </trkpt>
      <trkpt lat="28.16049" lon="-16.6403">
        <ele>1475.0</ele>
      </trkpt>
      <trkpt lat="28.16055" lon="-16.64036">
        <ele>1475.0</ele>
      </trkpt>
      <trkpt lat="28.16061" lon="-16.64038">
        <ele>1475.0</ele>
      </trkpt>
      <trkpt lat="28.16077" lon="-16.6404">
        <ele>1475.0</ele>
      </trkpt>
      <trkpt lat="28.16091" lon="-16.6403">
        <ele>1475.0</ele>
      </trkpt>
      <trkpt lat="28.16095" lon="-16.640239">
        <ele>1475.0</ele>
      </trkpt>
      <trkpt lat="28.161" lon="-16.63974">
        <ele>1475.0</ele>
      </trkpt>
      <trkpt lat="28.16104" lon="-16.6396">
        <ele>1475.0</ele>
      </trkpt>
      <trkpt lat="28.1611" lon="-16.639479">
        <ele>1475.0</ele>
      </trkpt>
      <trkpt lat="28.16116" lon="-16.63941">
        <ele>1475.0</ele>
      </trkpt>
      <trkpt lat="28.16131" lon="-16.639289">
        <ele>1467.0</ele>
      </trkpt>
      <trkpt lat="28.16144" lon="-16.63924">
        <ele>1467.0</ele>
      </trkpt>
      <trkpt lat="28.16159" lon="-16.639209">
        <ele>1467.0</ele>
      </trkpt>
      <trkpt lat="28.1621" lon="-16.63915">
        <ele>1467.0</ele>
      </trkpt>
      <trkpt lat="28.16261" lon="-16.63909">
        <ele>1467.0</ele>
      </trkpt>
      <trkpt lat="28.16315" lon="-16.63913">
        <ele>1467.0</ele>
      </trkpt>
      <trkpt lat="28.16324" lon="-16.639119">
        <ele>1467.0</ele>
      </trkpt>
      <trkpt lat="28.16339" lon="-16.63908">
        <ele>1467.0</ele>
      </trkpt>
      <trkpt lat="28.16349" lon="-16.63903">
        <ele>1467.0</ele>
      </trkpt>
      <trkpt lat="28.16378" lon="-16.63877">
        <ele>1471.0</ele>
      </trkpt>
      <trkpt lat="28.164105" lon="-16.638395">
        <ele>1471.0</ele>
      </trkpt>
      <trkpt lat="28.16443" lon="-16.63802">
        <ele>1471.0</ele>
      </trkpt>
      <trkpt lat="28.16455" lon="-16.63792">
        <ele>1471.0</ele>
      </trkpt>
      <trkpt lat="28.16475" lon="-16.63782">
        <ele>1471.0</ele>
      </trkpt>
      <trkpt lat="28.1654" lon="-16.637799">
        <ele>1471.0</ele>
      </trkpt>
      <trkpt lat="28.16595" lon="-16.63791">
        <ele>1480.0</ele>
      </trkpt>
      <trkpt lat="28.16617" lon="-16.63791">
        <ele>1480.0</ele>
      </trkpt>
      <trkpt lat="28.16624" lon="-16.63788">
        <ele>1480.0</ele>
      </trkpt>
      <trkpt lat="28.1663" lon="-16.63783">
        <ele>1480.0</ele>
      </trkpt>
      <trkpt lat="28.16635" lon="-16.63774">
        <ele>1480.0</ele>
      </trkpt>
      <trkpt lat="28.16637" lon="-16.63765">
        <ele>1480.0</ele>
      </trkpt>
      <trkpt lat="28.16634" lon="-16.63755">
        <ele>1480.0</ele>
      </trkpt>
      <trkpt lat="28.16627" lon="-16.63741">
        <ele>1480.0</ele>
      </trkpt>
      <trkpt lat="28.16571" lon="-16.636869">
        <ele>1480.0</ele>
      </trkpt>
      <trkpt lat="28.165275" lon="-16.636475">
        <ele>1488.0</ele>
      </trkpt>
      <trkpt lat="28.16484" lon="-16.63608">
        <ele>1467.0</ele>
      </trkpt>
      <trkpt lat="28.164225" lon="-16.635675">
        <ele>1467.0</ele>
      </trkpt>
      <trkpt lat="28.16361" lon="-16.635269">
        <ele>1496.0</ele>
      </trkpt>
      <trkpt lat="28.16354" lon="-16.6352">
        <ele>1496.0</ele>
      </trkpt>
      <trkpt lat="28.16349" lon="-16.63505">
        <ele>1496.0</ele>
      </trkpt>
      <trkpt lat="28.16351" lon="-16.63497">
        <ele>1496.0</ele>
      </trkpt>
      <trkpt lat="28.16355" lon="-16.634899">
        <ele>1496.0</ele>
      </trkpt>
      <trkpt lat="28.16367" lon="-16.63482">
        <ele>1496.0</ele>
      </trkpt>
      <trkpt lat="28.16375" lon="-16.63482">
        <ele>1496.0</ele>
      </trkpt>
      <trkpt lat="28.16385" lon="-16.634879">
        <ele>1496.0</ele>
      </trkpt>
      <trkpt lat="28.16413" lon="-16.635169">
        <ele>1496.0</ele>
      </trkpt>
      <trkpt lat="28.16431" lon="-16.6353">
        <ele>1496.0</ele>
      </trkpt>
      <trkpt lat="28.16443" lon="-16.635359">
        <ele>1496.0</ele>
      </trkpt>
      <trkpt lat="28.16519" lon="-16.635627">
        <ele>1496.0</ele>
      </trkpt>
      <trkpt lat="28.16595" lon="-16.635893">
        <ele>1550.0</ele>
      </trkpt>
      <trkpt lat="28.16671" lon="-16.63616">
        <ele>1550.0</ele>
      </trkpt>
      <trkpt lat="28.1672" lon="-16.63645">
        <ele>1550.0</ele>
      </trkpt>
      <trkpt lat="28.16769" lon="-16.63674">
        <ele>1550.0</ele>
      </trkpt>
      <trkpt lat="28.16779" lon="-16.636769">
        <ele>1550.0</ele>
      </trkpt>
      <trkpt lat="28.16787" lon="-16.636769">
        <ele>1550.0</ele>
      </trkpt>
      <trkpt lat="28.16795" lon="-16.63672">
        <ele>1550.0</ele>
      </trkpt>
      <trkpt lat="28.16807" lon="-16.636579">
        <ele>1550.0</ele>
      </trkpt>
      <trkpt lat="28.1681" lon="-16.636479">
        <ele>1550.0</ele>
      </trkpt>
      <trkpt lat="28.16808" lon="-16.63635">
        <ele>1550.0</ele>
      </trkpt>
      <trkpt lat="28.16803" lon="-16.63627">
        <ele>1550.0</ele>
      </trkpt>
      <trkpt lat="28.16791" lon="-16.63615">
        <ele>1550.0</ele>
      </trkpt>
      <trkpt lat="28.1672" lon="-16.635767">
        <ele>1550.0</ele>
      </trkpt>
      <trkpt lat="28.16649" lon="-16.635383">
        <ele>1560.0</ele>
      </trkpt>
      <trkpt lat="28.16578" lon="-16.635">
        <ele>1560.0</ele>
      </trkpt>
      <trkpt lat="28.16533" lon="-16.63483">
        <ele>1560.0</ele>
      </trkpt>
      <trkpt lat="28.16524" lon="-16.63477">
        <ele>1560.0</ele>
      </trkpt>
      <trkpt lat="28.16521" lon="-16.63469">
        <ele>1560.0</ele>
      </trkpt>
      <trkpt lat="28.1652" lon="-16.634599">
        <ele>1560.0</ele>
      </trkpt>
      <trkpt lat="28.16526" lon="-16.63444">
        <ele>1560.0</ele>
      </trkpt>
      <trkpt lat="28.16533" lon="-16.634409">
        <ele>1560.0</ele>
      </trkpt>
      <trkpt lat="28.16542" lon="-16.63438">
        <ele>1560.0</ele>
      </trkpt>
      <trkpt lat="28.16551" lon="-16.634419">
        <ele>1560.0</ele>
      </trkpt>
      <trkpt lat="28.16559" lon="-16.63445">
        <ele>1560.0</ele>
      </trkpt>
      <trkpt lat="28.16598" lon="-16.63477">
        <ele>1560.0</ele>
      </trkpt>
      <trkpt lat="28.16615" lon="-16.634879">
        <ele>1560.0</ele>
      </trkpt>
      <trkpt lat="28.16644" lon="-16.63495">
        <ele>1560.0</ele>
      </trkpt>
      <trkpt lat="28.16704" lon="-16.63503">
        <ele>1560.0</ele>
      </trkpt>
      <trkpt lat="28.16752" lon="-16.63513">
        <ele>1602.6</ele>
      </trkpt>
      <trkpt lat="28.168335" lon="-16.63552">
        <ele>1602.6</ele>
      </trkpt>
      <trkpt lat="28.16915" lon="-16.63591">
        <ele>1602.6</ele>
      </trkpt>
      <trkpt lat="28.16916" lon="-16.63591">
        <ele>1602.6</ele>
      </trkpt>
      <trkpt lat="28.169925" lon="-16.636175">
        <ele>1602.6</ele>
      </trkpt>
      <trkpt lat="28.17069" lon="-16.63644">
        <ele>1602.6</ele>
      </trkpt>
      <trkpt lat="28.171337" lon="-16.636727">
        <ele>1602.6</ele>
      </trkpt>
      <trkpt lat="28.171983" lon="-16.637013">
        <ele>1602.6</ele>
      </trkpt>
      <trkpt lat="28.17263" lon="-16.6373">
        <ele>1602.6</ele>
      </trkpt>
      <trkpt lat="28.17295" lon="-16.63748">
        <ele>1602.6</ele>
      </trkpt>
      <trkpt lat="28.173547" lon="-16.63792">
        <ele>1685.0</ele>
      </trkpt>
      <trkpt lat="28.174143" lon="-16.638359">
        <ele>1685.0</ele>
      </trkpt>
      <trkpt lat="28.17474" lon="-16.6388">
        <ele>1685.0</ele>
      </trkpt>
      <trkpt lat="28.17494" lon="-16.63897">
        <ele>1685.0</ele>
      </trkpt>
      <trkpt lat="28.17507" lon="-16.63914">
        <ele>1685.0</ele>
      </trkpt>
      <trkpt lat="28.17523" lon="-16.6395">
        <ele>1685.0</ele>
      </trkpt>
      <trkpt lat="28.17531" lon="-16.64001">
        <ele>1685.0</ele>
      </trkpt>
      <trkpt lat="28.17538" lon="-16.640825">
        <ele>1685.0</ele>
      </trkpt>
      <trkpt lat="28.17545" lon="-16.641639">
        <ele>1685.0</ele>
      </trkpt>
      <trkpt lat="28.17548" lon="-16.64187">
        <ele>1685.0</ele>
      </trkpt>
      <trkpt lat="28.17554" lon="-16.642119">
        <ele>1685.0</ele>
      </trkpt>
      <trkpt lat="28.17562" lon="-16.64233">
        <ele>1685.0</ele>
      </trkpt>
      <trkpt lat="28.175865" lon="-16.6428">
        <ele>1736.0</ele>
      </trkpt>
      <trkpt lat="28.17611" lon="-16.64327">
        <ele>1736.0</ele>
      </trkpt>
      <trkpt lat="28.17619" lon="-16.64337">
        <ele>1736.0</ele>
      </trkpt>
      <trkpt lat="28.17628" lon="-16.643429">
        <ele>1736.0</ele>
      </trkpt>
      <trkpt lat="28.17643" lon="-16.64347">
        <ele>1736.0</ele>
      </trkpt>
      <trkpt lat="28.17656" lon="-16.64348">
        <ele>1736.0</ele>
      </trkpt>
      <trkpt lat="28.176731" lon="-16.643464">
        <ele>1728.4</ele>
      </trkpt>
      <trkpt lat="28.17711" lon="-16.643429">
        <ele>1744.5</ele>
      </trkpt>
      <trkpt lat="28.17724" lon="-16.64346">
        <ele>1744.5</ele>
      </trkpt>
      <trkpt lat="28.17733" lon="-16.64349">
        <ele>1744.5</ele>
      </trkpt>
      <trkpt lat="28.17744" lon="-16.6436">
        <ele>1744.5</ele>
      </trkpt>
      <trkpt lat="28.17748" lon="-16.64365">
        <ele>1745.1</ele>
      </trkpt>
      <trkpt lat="28.17756" lon="-16.64385">
        <ele>1745.1</ele>
      </trkpt>
      <trkpt lat="28.17755" lon="-16.644079">
        <ele>1745.1</ele>
      </trkpt>
      <trkpt lat="28.17741" lon="-16.64449">
        <ele>1758.0</ele>
      </trkpt>
      <trkpt lat="28.1773" lon="-16.6447">
        <ele>1758.0</ele>
      </trkpt>
      <trkpt lat="28.17721" lon="-16.644839">
        <ele>1758.0</ele>
      </trkpt>
      <trkpt lat="28.17712" lon="-16.644929">
        <ele>1758.0</ele>
      </trkpt>
      <trkpt lat="28.177077" lon="-16.644946">
        <ele>1755.5</ele>
      </trkpt>
      <trkpt lat="28.17702" lon="-16.64497">
        <ele>1758.0</ele>
      </trkpt>
      <trkpt lat="28.1769" lon="-16.64501">
        <ele>1758.0</ele>
      </trkpt>
      <trkpt lat="28.17678" lon="-16.64499">
        <ele>1758.0</ele>
      </trkpt>
      <trkpt lat="28.17663" lon="-16.64496">
        <ele>1758.0</ele>
      </trkpt>
      <trkpt lat="28.176115" lon="-16.644775">
        <ele>1758.0</ele>
      </trkpt>
      <trkpt lat="28.1756" lon="-16.64459">
        <ele>1758.0</ele>
      </trkpt>
      <trkpt lat="28.17548" lon="-16.644559">
        <ele>1758.0</ele>
      </trkpt>
      <trkpt lat="28.17489" lon="-16.64451">
        <ele>1758.0</ele>
      </trkpt>
      <trkpt lat="28.1741" lon="-16.64421">
        <ele>1758.0</ele>
      </trkpt>
      <trkpt lat="28.17396" lon="-16.644179">
        <ele>1758.0</ele>
      </trkpt>
      <trkpt lat="28.1738" lon="-16.644169">
        <ele>1758.0</ele>
      </trkpt>
      <trkpt lat="28.17296" lon="-16.644189">
        <ele>1758.0</ele>
      </trkpt>
      <trkpt lat="28.17283" lon="-16.64421">
        <ele>1758.0</ele>
      </trkpt>
      <trkpt lat="28.17216" lon="-16.644549">
        <ele>1803.0</ele>
      </trkpt>
      <trkpt lat="28.172" lon="-16.644649">
        <ele>1803.0</ele>
      </trkpt>
      <trkpt lat="28.17182" lon="-16.64481">
        <ele>1803.0</ele>
      </trkpt>
      <trkpt lat="28.171777" lon="-16.644891">
        <ele>1785.9</ele>
      </trkpt>
      <trkpt lat="28.1717" lon="-16.64504">
        <ele>1803.0</ele>
      </trkpt>
      <trkpt lat="28.17166" lon="-16.64516">
        <ele>1803.0</ele>
      </trkpt>
      <trkpt lat="28.17162" lon="-16.64545">
        <ele>1803.0</ele>
      </trkpt>
      <trkpt lat="28.17164" lon="-16.64567">
        <ele>1803.0</ele>
      </trkpt>
      <trkpt lat="28.17186" lon="-16.64628">
        <ele>1803.0</ele>
      </trkpt>
      <trkpt lat="28.17192" lon="-16.646429">
        <ele>1803.0</ele>
      </trkpt>
      <trkpt lat="28.1721" lon="-16.646609">
        <ele>1803.0</ele>
      </trkpt>
      <trkpt lat="28.17219" lon="-16.64665">
        <ele>1803.0</ele>
      </trkpt>
      <trkpt lat="28.17232" lon="-16.64668">
        <ele>1803.0</ele>
      </trkpt>
      <trkpt lat="28.173025" lon="-16.64679">
        <ele>1803.0</ele>
      </trkpt>
      <trkpt lat="28.17373" lon="-16.646899">
        <ele>1803.0</ele>
      </trkpt>
      <trkpt lat="28.17401" lon="-16.64695">
        <ele>1803.0</ele>
      </trkpt>
      <trkpt lat="28.1741" lon="-16.646999">
        <ele>1803.0</ele>
      </trkpt>
      <trkpt lat="28.17428" lon="-16.64712">
        <ele>1803.0</ele>
      </trkpt>
      <trkpt lat="28.17439" lon="-16.64731">
        <ele>1803.0</ele>
      </trkpt>
      <trkpt lat="28.17442" lon="-16.64745">
        <ele>1803.0</ele>
      </trkpt>
      <trkpt lat="28.17445" lon="-16.64767">
        <ele>1803.0</ele>
      </trkpt>
      <trkpt lat="28.17446" lon="-16.64833">
        <ele>1803.0</ele>
      </trkpt>
      <trkpt lat="28.17448" lon="-16.64844">
        <ele>1803.0</ele>
      </trkpt>
      <trkpt lat="28.17454" lon="-16.64855">
        <ele>1803.0</ele>
      </trkpt>
      <trkpt lat="28.17469" lon="-16.64872">
        <ele>1803.0</ele>
      </trkpt>
      <trkpt lat="28.17485" lon="-16.64886">
        <ele>1803.0</ele>
      </trkpt>
      <trkpt lat="28.175335" lon="-16.649165">
        <ele>1803.0</ele>
      </trkpt>
      <trkpt lat="28.17582" lon="-16.64947">
        <ele>1846.0</ele>
      </trkpt>
      <trkpt lat="28.176" lon="-16.64966">
        <ele>1846.0</ele>
      </trkpt>
      <trkpt lat="28.17604" lon="-16.64984">
        <ele>1846.0</ele>
      </trkpt>
      <trkpt lat="28.17602" lon="-16.64994">
        <ele>1846.0</ele>
      </trkpt>
      <trkpt lat="28.17598" lon="-16.65003">
        <ele>1846.0</ele>
      </trkpt>
      <trkpt lat="28.1759" lon="-16.650099">
        <ele>1846.0</ele>
      </trkpt>
      <trkpt lat="28.17579" lon="-16.65015">
        <ele>1846.0</ele>
      </trkpt>
      <trkpt lat="28.1756" lon="-16.65022">
        <ele>1846.0</ele>
      </trkpt>
      <trkpt lat="28.17502" lon="-16.65036">
        <ele>1846.0</ele>
      </trkpt>
      <trkpt lat="28.17444" lon="-16.6505">
        <ele>1846.0</ele>
      </trkpt>
      <trkpt lat="28.17432" lon="-16.650569">
        <ele>1846.0</ele>
      </trkpt>
      <trkpt lat="28.17423" lon="-16.65067">
        <ele>1846.0</ele>
      </trkpt>
      <trkpt lat="28.17398" lon="-16.651129">
        <ele>1846.0</ele>
      </trkpt>
      <trkpt lat="28.17393" lon="-16.65134">
        <ele>1846.0</ele>
      </trkpt>
      <trkpt lat="28.17394" lon="-16.65143">
        <ele>1846.0</ele>
      </trkpt>
      <trkpt lat="28.174" lon="-16.65163">
        <ele>1846.0</ele>
      </trkpt>
      <trkpt lat="28.1744" lon="-16.65247">
        <ele>1846.0</ele>
      </trkpt>
      <trkpt lat="28.17448" lon="-16.65256">
        <ele>1846.0</ele>
      </trkpt>
      <trkpt lat="28.17456" lon="-16.652619">
        <ele>1846.0</ele>
      </trkpt>
      <trkpt lat="28.17462" lon="-16.65264">
        <ele>1846.0</ele>
      </trkpt>
      <trkpt lat="28.17469" lon="-16.65264">
        <ele>1846.0</ele>
      </trkpt>
      <trkpt lat="28.17476" lon="-16.6526">
        <ele>1846.0</ele>
      </trkpt>
      <trkpt lat="28.17482" lon="-16.65255">
        <ele>1846.0</ele>
      </trkpt>
      <trkpt lat="28.17488" lon="-16.65237">
        <ele>1846.0</ele>
      </trkpt>
      <trkpt lat="28.17488" lon="-16.652249">
        <ele>1846.0</ele>
      </trkpt>
      <trkpt lat="28.17482" lon="-16.65172">
        <ele>1846.0</ele>
      </trkpt>
      <trkpt lat="28.17482" lon="-16.651599">
        <ele>1846.0</ele>
      </trkpt>
      <trkpt lat="28.17502" lon="-16.651039">
        <ele>1876.0</ele>
      </trkpt>
      <trkpt lat="28.17509" lon="-16.65091">
        <ele>1876.0</ele>
      </trkpt>
      <trkpt lat="28.17518" lon="-16.65081">
        <ele>1876.0</ele>
      </trkpt>
      <trkpt lat="28.17525" lon="-16.65078">
        <ele>1876.0</ele>
      </trkpt>
      <trkpt lat="28.17535" lon="-16.65078">
        <ele>1876.0</ele>
      </trkpt>
      <trkpt lat="28.17542" lon="-16.65079">
        <ele>1876.0</ele>
      </trkpt>
      <trkpt lat="28.17549" lon="-16.650849">
        <ele>1876.0</ele>
      </trkpt>
      <trkpt lat="28.17555" lon="-16.650929">
        <ele>1876.0</ele>
      </trkpt>
      <trkpt lat="28.1756" lon="-16.65106">
        <ele>1876.0</ele>
      </trkpt>
      <trkpt lat="28.17571" lon="-16.65163">
        <ele>1876.0</ele>
      </trkpt>
      <trkpt lat="28.17578" lon="-16.65175">
        <ele>1876.0</ele>
      </trkpt>
      <trkpt lat="28.176085" lon="-16.652165">
        <ele>1876.0</ele>
      </trkpt>
      <trkpt lat="28.17639" lon="-16.65258">
        <ele>1876.0</ele>
      </trkpt>
      <trkpt lat="28.17679" lon="-16.653279">
        <ele>1876.0</ele>
      </trkpt>
      <trkpt lat="28.17695" lon="-16.65352">
        <ele>1876.0</ele>
      </trkpt>
      <trkpt lat="28.17746" lon="-16.65416">
        <ele>1876.0</ele>
      </trkpt>
      <trkpt lat="28.17752" lon="-16.65435">
        <ele>1876.0</ele>
      </trkpt>
      <trkpt lat="28.17753" lon="-16.65444">
        <ele>1876.0</ele>
      </trkpt>
      <trkpt lat="28.1775" lon="-16.65454">
        <ele>1876.0</ele>
      </trkpt>
      <trkpt lat="28.17744" lon="-16.65465">
        <ele>1876.0</ele>
      </trkpt>
      <trkpt lat="28.17731" lon="-16.654779">
        <ele>1876.0</ele>
      </trkpt>
      <trkpt lat="28.17698" lon="-16.655">
        <ele>1924.8</ele>
      </trkpt>
      <trkpt lat="28.1769" lon="-16.6551">
        <ele>1924.8</ele>
      </trkpt>
      <trkpt lat="28.17687" lon="-16.65519">
        <ele>1924.8</ele>
      </trkpt>
      <trkpt lat="28.17687" lon="-16.65528">
        <ele>1924.8</ele>
      </trkpt>
      <trkpt lat="28.17691" lon="-16.65538">
        <ele>1924.8</ele>
      </trkpt>
      <trkpt lat="28.17697" lon="-16.65547">
        <ele>1924.8</ele>
      </trkpt>
      <trkpt lat="28.17753" lon="-16.65596">
        <ele>1924.8</ele>
      </trkpt>
      <trkpt lat="28.17764" lon="-16.65611">
        <ele>1924.8</ele>
      </trkpt>
      <trkpt lat="28.17793" lon="-16.65662">
        <ele>1924.8</ele>
      </trkpt>
      <trkpt lat="28.17822" lon="-16.657129">
        <ele>1924.8</ele>
      </trkpt>
      <trkpt lat="28.17829" lon="-16.657229">
        <ele>1924.9</ele>
      </trkpt>
      <trkpt lat="28.17838" lon="-16.657309">
        <ele>1924.9</ele>
      </trkpt>
      <trkpt lat="28.17847" lon="-16.65735">
        <ele>1924.9</ele>
      </trkpt>
      <trkpt lat="28.17859" lon="-16.65737">
        <ele>1924.9</ele>
      </trkpt>
      <trkpt lat="28.17909" lon="-16.65738">
        <ele>1924.9</ele>
      </trkpt>
      <trkpt lat="28.17919" lon="-16.657419">
        <ele>1924.9</ele>
      </trkpt>
      <trkpt lat="28.17927" lon="-16.65747">
        <ele>1924.9</ele>
      </trkpt>
      <trkpt lat="28.17937" lon="-16.65757">
        <ele>1924.9</ele>
      </trkpt>
      <trkpt lat="28.17973" lon="-16.658085">
        <ele>1924.9</ele>
      </trkpt>
      <trkpt lat="28.18009" lon="-16.6586">
        <ele>1924.9</ele>
      </trkpt>
      <trkpt lat="28.18022" lon="-16.65875">
        <ele>1924.9</ele>
      </trkpt>
      <trkpt lat="28.18032" lon="-16.658809">
        <ele>1924.9</ele>
      </trkpt>
      <trkpt lat="28.18058" lon="-16.6589">
        <ele>1924.9</ele>
      </trkpt>
      <trkpt lat="28.1813" lon="-16.65902">
        <ele>1924.9</ele>
      </trkpt>
      <trkpt lat="28.18202" lon="-16.65914">
        <ele>2000.0</ele>
      </trkpt>
      <trkpt lat="28.1823" lon="-16.65916">
        <ele>2000.0</ele>
      </trkpt>
      <trkpt lat="28.18241" lon="-16.65913">
        <ele>2000.0</ele>
      </trkpt>
      <trkpt lat="28.18311" lon="-16.65874">
        <ele>2000.0</ele>
      </trkpt>
      <trkpt lat="28.183535" lon="-16.658445">
        <ele>2000.0</ele>
      </trkpt>
      <trkpt lat="28.18396" lon="-16.65815">
        <ele>2000.0</ele>
      </trkpt>
      <trkpt lat="28.18446" lon="-16.657699">
        <ele>2000.0</ele>
      </trkpt>
      <trkpt lat="28.18459" lon="-16.65762">
        <ele>2000.0</ele>
      </trkpt>
      <trkpt lat="28.185305" lon="-16.65739">
        <ele>2000.0</ele>
      </trkpt>
      <trkpt lat="28.18602" lon="-16.65716">
        <ele>2000.0</ele>
      </trkpt>
      <trkpt lat="28.18647" lon="-16.656939">
        <ele>2000.0</ele>
      </trkpt>
      <trkpt lat="28.18692" lon="-16.65672">
        <ele>2019.0</ele>
      </trkpt>
      <trkpt lat="28.18704" lon="-16.65669">
        <ele>2019.0</ele>
      </trkpt>
      <trkpt lat="28.18716" lon="-16.6567">
        <ele>2019.0</ele>
      </trkpt>
      <trkpt lat="28.187905" lon="-16.656839">
        <ele>2019.0</ele>
      </trkpt>
      <trkpt lat="28.18865" lon="-16.65698">
        <ele>2019.0</ele>
      </trkpt>
      <trkpt lat="28.18878" lon="-16.657039">
        <ele>2019.0</ele>
      </trkpt>
      <trkpt lat="28.18893" lon="-16.65725">
        <ele>2019.0</ele>
      </trkpt>
      <trkpt lat="28.18898" lon="-16.65744">
        <ele>2019.0</ele>
      </trkpt>
      <trkpt lat="28.18907" lon="-16.65796">
        <ele>2019.0</ele>
      </trkpt>
      <trkpt lat="28.18916" lon="-16.65848">
        <ele>2019.0</ele>
      </trkpt>
      <trkpt lat="28.18916" lon="-16.658729">
        <ele>2019.0</ele>
      </trkpt>
      <trkpt lat="28.18912" lon="-16.658829">
        <ele>2019.0</ele>
      </trkpt>
      <trkpt lat="28.18904" lon="-16.6589">
        <ele>2019.0</ele>
      </trkpt>
      <trkpt lat="28.18866" lon="-16.65914">
        <ele>2019.0</ele>
      </trkpt>
      <trkpt lat="28.18852" lon="-16.65925">
        <ele>2019.0</ele>
      </trkpt>
      <trkpt lat="28.18825" lon="-16.65953">
        <ele>2019.0</ele>
      </trkpt>
      <trkpt lat="28.18793" lon="-16.66018">
        <ele>2019.0</ele>
      </trkpt>
      <trkpt lat="28.18761" lon="-16.66074">
        <ele>2084.0</ele>
      </trkpt>
      <trkpt lat="28.18757" lon="-16.66085">
        <ele>2084.0</ele>
      </trkpt>
      <trkpt lat="28.18757" lon="-16.661079">
        <ele>2084.0</ele>
      </trkpt>
      <trkpt lat="28.18768" lon="-16.66129">
        <ele>2084.0</ele>
      </trkpt>
      <trkpt lat="28.18807" lon="-16.66169">
        <ele>2084.0</ele>
      </trkpt>
      <trkpt lat="28.18818" lon="-16.66177">
        <ele>2084.0</ele>
      </trkpt>
      <trkpt lat="28.18826" lon="-16.66181">
        <ele>2084.0</ele>
      </trkpt>
      <trkpt lat="28.18838" lon="-16.661819">
        <ele>2084.0</ele>
      </trkpt>
      <trkpt lat="28.18851" lon="-16.66178">
        <ele>2084.0</ele>
      </trkpt>
      <trkpt lat="28.18926" lon="-16.66151">
        <ele>2084.0</ele>
      </trkpt>
      <trkpt lat="28.18937" lon="-16.66149">
        <ele>2084.0</ele>
      </trkpt>
      <trkpt lat="28.18949" lon="-16.6615">
        <ele>2084.0</ele>
      </trkpt>
      <trkpt lat="28.18974" lon="-16.66166">
        <ele>2084.0</ele>
      </trkpt>
      <trkpt lat="28.190135" lon="-16.661954">
        <ele>2084.0</ele>
      </trkpt>
      <trkpt lat="28.19053" lon="-16.66225">
        <ele>2084.0</ele>
      </trkpt>
      <trkpt lat="28.19072" lon="-16.66242">
        <ele>2084.0</ele>
      </trkpt>
      <trkpt lat="28.19082" lon="-16.66252">
        <ele>2084.0</ele>
      </trkpt>
      <trkpt lat="28.19092" lon="-16.6627">
        <ele>2084.0</ele>
      </trkpt>
      <trkpt lat="28.19111" lon="-16.663239">
        <ele>2084.0</ele>
      </trkpt>
      <trkpt lat="28.19115" lon="-16.66339">
        <ele>2084.0</ele>
      </trkpt>
      <trkpt lat="28.19116" lon="-16.66353">
        <ele>2084.0</ele>
      </trkpt>
      <trkpt lat="28.1911" lon="-16.664159">
        <ele>2105.0</ele>
      </trkpt>
      <trkpt lat="28.19111" lon="-16.66437">
        <ele>2105.0</ele>
      </trkpt>
      <trkpt lat="28.19116" lon="-16.66458">
        <ele>2105.0</ele>
      </trkpt>
      <trkpt lat="28.19137" lon="-16.665064">
        <ele>2105.0</ele>
      </trkpt>
      <trkpt lat="28.19158" lon="-16.66555">
        <ele>2105.0</ele>
      </trkpt>
      <trkpt lat="28.19164" lon="-16.66575">
        <ele>2105.0</ele>
      </trkpt>
      <trkpt lat="28.19165" lon="-16.66592">
        <ele>2105.0</ele>
      </trkpt>
      <trkpt lat="28.1915" lon="-16.666515">
        <ele>2105.0</ele>
      </trkpt>
      <trkpt lat="28.19135" lon="-16.66711">
        <ele>2105.0</ele>
      </trkpt>
      <trkpt lat="28.19135" lon="-16.66721">
        <ele>2105.0</ele>
      </trkpt>
      <trkpt lat="28.1914" lon="-16.66741">
        <ele>2105.0</ele>
      </trkpt>
      <trkpt lat="28.19148" lon="-16.66749">
        <ele>2105.0</ele>
      </trkpt>
      <trkpt lat="28.19164" lon="-16.66756">
        <ele>2105.0</ele>
      </trkpt>
      <trkpt lat="28.19185" lon="-16.66751">
        <ele>2105.0</ele>
      </trkpt>
      <trkpt lat="28.192335" lon="-16.667295">
        <ele>2105.0</ele>
      </trkpt>
      <trkpt lat="28.19282" lon="-16.667079">
        <ele>2105.0</ele>
      </trkpt>
      <trkpt lat="28.19356" lon="-16.666889">
        <ele>2105.0</ele>
      </trkpt>
      <trkpt lat="28.19439" lon="-16.66654">
        <ele>2105.0</ele>
      </trkpt>
      <trkpt lat="28.19498" lon="-16.66639">
        <ele>2177.0</ele>
      </trkpt>
      <trkpt lat="28.19557" lon="-16.666239">
        <ele>2177.0</ele>
      </trkpt>
      <trkpt lat="28.19583" lon="-16.6662">
        <ele>2177.0</ele>
      </trkpt>
      <trkpt lat="28.19594" lon="-16.66622">
        <ele>2177.0</ele>
      </trkpt>
      <trkpt lat="28.19606" lon="-16.66626">
        <ele>2177.0</ele>
      </trkpt>
      <trkpt lat="28.19617" lon="-16.666319">
        <ele>2177.0</ele>
      </trkpt>
      <trkpt lat="28.19627" lon="-16.666419">
        <ele>2177.0</ele>
      </trkpt>
      <trkpt lat="28.19639" lon="-16.66669">
        <ele>2177.0</ele>
      </trkpt>
      <trkpt lat="28.1964" lon="-16.66682">
        <ele>2177.0</ele>
      </trkpt>
      <trkpt lat="28.19637" lon="-16.667">
        <ele>2177.0</ele>
      </trkpt>
      <trkpt lat="28.19629" lon="-16.66722">
        <ele>2177.0</ele>
      </trkpt>
      <trkpt lat="28.195925" lon="-16.66787">
        <ele>2177.0</ele>
      </trkpt>
      <trkpt lat="28.19556" lon="-16.66852">
        <ele>2177.0</ele>
      </trkpt>
      <trkpt lat="28.19549" lon="-16.66881">
        <ele>2177.0</ele>
      </trkpt>
      <trkpt lat="28.19552" lon="-16.66977">
        <ele>2177.0</ele>
      </trkpt>
      <trkpt lat="28.19555" lon="-16.670729">
        <ele>2177.0</ele>
      </trkpt>
      <trkpt lat="28.19559" lon="-16.67098">
        <ele>2177.0</ele>
      </trkpt>
      <trkpt lat="28.19564" lon="-16.67107">
        <ele>2177.0</ele>
      </trkpt>
      <trkpt lat="28.19576" lon="-16.67117">
        <ele>2177.0</ele>
      </trkpt>
      <trkpt lat="28.19585" lon="-16.67122">
        <ele>2177.0</ele>
      </trkpt>
      <trkpt lat="28.19595" lon="-16.67123">
        <ele>2177.0</ele>
      </trkpt>
      <trkpt lat="28.19609" lon="-16.67122">
        <ele>2177.0</ele>
      </trkpt>
      <trkpt lat="28.19692" lon="-16.67106">
        <ele>2177.0</ele>
      </trkpt>
      <trkpt lat="28.19708" lon="-16.67107">
        <ele>2177.0</ele>
      </trkpt>
      <trkpt lat="28.19721" lon="-16.67115">
        <ele>2177.0</ele>
      </trkpt>
      <trkpt lat="28.19728" lon="-16.67124">
        <ele>2188.0</ele>
      </trkpt>
      <trkpt lat="28.19734" lon="-16.67134">
        <ele>2188.0</ele>
      </trkpt>
      <trkpt lat="28.197475" lon="-16.671904">
        <ele>2188.0</ele>
      </trkpt>
      <trkpt lat="28.19761" lon="-16.67247">
        <ele>2188.0</ele>
      </trkpt>
      <trkpt lat="28.19766" lon="-16.67265">
        <ele>2188.0</ele>
      </trkpt>
      <trkpt lat="28.19772" lon="-16.67276">
        <ele>2188.0</ele>
      </trkpt>
      <trkpt lat="28.19782" lon="-16.67287">
        <ele>2188.0</ele>
      </trkpt>
      <trkpt lat="28.19793" lon="-16.67295">
        <ele>2188.0</ele>
      </trkpt>
      <trkpt lat="28.198435" lon="-16.673175">
        <ele>2188.0</ele>
      </trkpt>
      <trkpt lat="28.19894" lon="-16.6734">
        <ele>2188.0</ele>
      </trkpt>
      <trkpt lat="28.19915" lon="-16.67342">
        <ele>2188.0</ele>
      </trkpt>
      <trkpt lat="28.19924" lon="-16.67341">
        <ele>2188.0</ele>
      </trkpt>
      <trkpt lat="28.19944" lon="-16.673269">
        <ele>2188.0</ele>
      </trkpt>
      <trkpt lat="28.19973" lon="-16.67286">
        <ele>2188.0</ele>
      </trkpt>
      <trkpt lat="28.1998" lon="-16.67274">
        <ele>2188.0</ele>
      </trkpt>
      <trkpt lat="28.19984" lon="-16.672609">
        <ele>2188.0</ele>
      </trkpt>
      <trkpt lat="28.19993" lon="-16.67212">
        <ele>2188.0</ele>
      </trkpt>
      <trkpt lat="28.20002" lon="-16.67197">
        <ele>2188.0</ele>
      </trkpt>
      <trkpt lat="28.200597" lon="-16.671367">
        <ele>2188.0</ele>
      </trkpt>
      <trkpt lat="28.201173" lon="-16.670763">
        <ele>2188.0</ele>
      </trkpt>
      <trkpt lat="28.20175" lon="-16.67016">
        <ele>2188.0</ele>
      </trkpt>
      <trkpt lat="28.20191" lon="-16.67005">
        <ele>2188.0</ele>
      </trkpt>
      <trkpt lat="28.20213" lon="-16.67002">
        <ele>2188.0</ele>
      </trkpt>
      <trkpt lat="28.20229" lon="-16.67012">
        <ele>2188.0</ele>
      </trkpt>
      <trkpt lat="28.20238" lon="-16.67023">
        <ele>2188.0</ele>
      </trkpt>
      <trkpt lat="28.20242" lon="-16.67033">
        <ele>2188.0</ele>
      </trkpt>
      <trkpt lat="28.20243" lon="-16.67063">
        <ele>2188.0</ele>
      </trkpt>
      <trkpt lat="28.20231" lon="-16.67124">
        <ele>2153.0</ele>
      </trkpt>
      <trkpt lat="28.20219" lon="-16.67185">
        <ele>2153.0</ele>
      </trkpt>
      <trkpt lat="28.20218" lon="-16.67199">
        <ele>2153.0</ele>
      </trkpt>
      <trkpt lat="28.20219" lon="-16.672229">
        <ele>2153.0</ele>
      </trkpt>
      <trkpt lat="28.20224" lon="-16.67247">
        <ele>2153.0</ele>
      </trkpt>
      <trkpt lat="28.20228" lon="-16.672619">
        <ele>2153.0</ele>
      </trkpt>
      <trkpt lat="28.20235" lon="-16.67274">
        <ele>2153.0</ele>
      </trkpt>
      <trkpt lat="28.20249" lon="-16.67283">
        <ele>2153.0</ele>
      </trkpt>
      <trkpt lat="28.20296" lon="-16.67295">
        <ele>2153.0</ele>
      </trkpt>
      <trkpt lat="28.20305" lon="-16.67303">
        <ele>2153.0</ele>
      </trkpt>
      <trkpt lat="28.20314" lon="-16.67314">
        <ele>2153.0</ele>
      </trkpt>
      <trkpt lat="28.20333" lon="-16.6736">
        <ele>2153.0</ele>
      </trkpt>
      <trkpt lat="28.20339" lon="-16.67368">
        <ele>2153.0</ele>
      </trkpt>
      <trkpt lat="28.20346" lon="-16.67371">
        <ele>2153.0</ele>
      </trkpt>
      <trkpt lat="28.20358" lon="-16.673739">
        <ele>2153.0</ele>
      </trkpt>
      <trkpt lat="28.20417" lon="-16.67359">
        <ele>2153.0</ele>
      </trkpt>
      <trkpt lat="28.20426" lon="-16.67361">
        <ele>2153.0</ele>
      </trkpt>
      <trkpt lat="28.20486" lon="-16.673915">
        <ele>2153.0</ele>
      </trkpt>
      <trkpt lat="28.20546" lon="-16.674219">
        <ele>2153.0</ele>
      </trkpt>
      <trkpt lat="28.20558" lon="-16.674309">
        <ele>2153.0</ele>
      </trkpt>
      <trkpt lat="28.20588" lon="-16.67461">
        <ele>2153.0</ele>
      </trkpt>
      <trkpt lat="28.20602" lon="-16.67481">
        <ele>2153.0</ele>
      </trkpt>
      <trkpt lat="28.20608" lon="-16.67504">
        <ele>2153.0</ele>
      </trkpt>
      <trkpt lat="28.20601" lon="-16.67535">
        <ele>2153.0</ele>
      </trkpt>
      <trkpt lat="28.20596" lon="-16.67547">
        <ele>2153.0</ele>
      </trkpt>
      <trkpt lat="28.20583" lon="-16.67567">
        <ele>2153.0</ele>
      </trkpt>
      <trkpt lat="28.20543" lon="-16.676065">
        <ele>2153.0</ele>
      </trkpt>
      <trkpt lat="28.20503" lon="-16.676459">
        <ele>2153.0</ele>
      </trkpt>
      <trkpt lat="28.20483" lon="-16.67677">
        <ele>2153.0</ele>
      </trkpt>
      <trkpt lat="28.20454" lon="-16.677409">
        <ele>2107.3</ele>
      </trkpt>
      <trkpt lat="28.20441" lon="-16.67765">
        <ele>2107.3</ele>
      </trkpt>
      <trkpt lat="28.20426" lon="-16.67789">
        <ele>2107.3</ele>
      </trkpt>
      <trkpt lat="28.20396" lon="-16.678249">
        <ele>2107.3</ele>
      </trkpt>
      <trkpt lat="28.20374" lon="-16.67859">
        <ele>2107.3</ele>
      </trkpt>
      <trkpt lat="28.20364" lon="-16.678809">
        <ele>2107.3</ele>
      </trkpt>
      <trkpt lat="28.20359" lon="-16.67895">
        <ele>2107.3</ele>
      </trkpt>
      <trkpt lat="28.2036" lon="-16.67921">
        <ele>2107.3</ele>
      </trkpt>
      <trkpt lat="28.20364" lon="-16.67931">
        <ele>2107.3</ele>
      </trkpt>
      <trkpt lat="28.2037" lon="-16.679379">
        <ele>2107.3</ele>
      </trkpt>
      <trkpt lat="28.20377" lon="-16.67942">
        <ele>2107.3</ele>
      </trkpt>
      <trkpt lat="28.20393" lon="-16.67949">
        <ele>2107.3</ele>
      </trkpt>
      <trkpt lat="28.20403" lon="-16.6795">
        <ele>2107.3</ele>
      </trkpt>
      <trkpt lat="28.20419" lon="-16.67951">
        <ele>2107.3</ele>
      </trkpt>
      <trkpt lat="28.20434" lon="-16.67951">
        <ele>2107.3</ele>
      </trkpt>
      <trkpt lat="28.20449" lon="-16.679459">
        <ele>2107.3</ele>
      </trkpt>
      <trkpt lat="28.20478" lon="-16.67929">
        <ele>2107.3</ele>
      </trkpt>
      <trkpt lat="28.20493" lon="-16.679279">
        <ele>2107.3</ele>
      </trkpt>
      <trkpt lat="28.20566" lon="-16.679559">
        <ele>2107.3</ele>
      </trkpt>
      <trkpt lat="28.20592" lon="-16.67969">
        <ele>2079.0</ele>
      </trkpt>
      <trkpt lat="28.20601" lon="-16.67979">
        <ele>2079.0</ele>
      </trkpt>
      <trkpt lat="28.20609" lon="-16.67997">
        <ele>2079.0</ele>
      </trkpt>
      <trkpt lat="28.2062" lon="-16.68071">
        <ele>2079.0</ele>
      </trkpt>
      <trkpt lat="28.2062" lon="-16.68086">
        <ele>2079.0</ele>
      </trkpt>
      <trkpt lat="28.20615" lon="-16.68118">
        <ele>2079.0</ele>
      </trkpt>
      <trkpt lat="28.20618" lon="-16.68137">
        <ele>2079.0</ele>
      </trkpt>
      <trkpt lat="28.20621" lon="-16.68145">
        <ele>2079.0</ele>
      </trkpt>
      <trkpt lat="28.20627" lon="-16.68148">
        <ele>2079.0</ele>
      </trkpt>
      <trkpt lat="28.20632" lon="-16.68149">
        <ele>2079.0</ele>
      </trkpt>
      <trkpt lat="28.2064" lon="-16.68148">
        <ele>2079.0</ele>
      </trkpt>
      <trkpt lat="28.20646" lon="-16.68145">
        <ele>2079.0</ele>
      </trkpt>
      <trkpt lat="28.20653" lon="-16.68137">
        <ele>2079.0</ele>
      </trkpt>
      <trkpt lat="28.20661" lon="-16.68122">
        <ele>2079.0</ele>
      </trkpt>
      <trkpt lat="28.20667" lon="-16.681069">
        <ele>2079.0</ele>
      </trkpt>
      <trkpt lat="28.20678" lon="-16.68061">
        <ele>2079.0</ele>
      </trkpt>
      <trkpt lat="28.20685" lon="-16.68043">
        <ele>2079.0</ele>
      </trkpt>
      <trkpt lat="28.20696" lon="-16.68034">
        <ele>2079.0</ele>
      </trkpt>
      <trkpt lat="28.20742" lon="-16.680064">
        <ele>2079.0</ele>
      </trkpt>
      <trkpt lat="28.20788" lon="-16.67979">
        <ele>2079.0</ele>
      </trkpt>
      <trkpt lat="28.20797" lon="-16.67978">
        <ele>2079.0</ele>
      </trkpt>
      <trkpt lat="28.20807" lon="-16.67978">
        <ele>2079.0</ele>
      </trkpt>
      <trkpt lat="28.20816" lon="-16.6798">
        <ele>2079.0</ele>
      </trkpt>
      <trkpt lat="28.20858" lon="-16.680119">
        <ele>2079.0</ele>
      </trkpt>
      <trkpt lat="28.20868" lon="-16.68016">
        <ele>2079.0</ele>
      </trkpt>
      <trkpt lat="28.20881" lon="-16.680209">
        <ele>2079.0</ele>
      </trkpt>
      <trkpt lat="28.20896" lon="-16.68023">
        <ele>2079.0</ele>
      </trkpt>
      <trkpt lat="28.20938" lon="-16.68017">
        <ele>2051.0</ele>
      </trkpt>
      <trkpt lat="28.20949" lon="-16.68017">
        <ele>2051.0</ele>
      </trkpt>
      <trkpt lat="28.2096" lon="-16.68019">
        <ele>2051.0</ele>
      </trkpt>
      <trkpt lat="28.21045" lon="-16.68044">
        <ele>2051.0</ele>
      </trkpt>
      <trkpt lat="28.21061" lon="-16.68047">
        <ele>2051.0</ele>
      </trkpt>
      <trkpt lat="28.21118" lon="-16.68047">
        <ele>2051.0</ele>
      </trkpt>
      <trkpt lat="28.21131" lon="-16.680499">
        <ele>2051.0</ele>
      </trkpt>
      <trkpt lat="28.21144" lon="-16.68053">
        <ele>2051.0</ele>
      </trkpt>
      <trkpt lat="28.21223" lon="-16.6809">
        <ele>2051.0</ele>
      </trkpt>
      <trkpt lat="28.21243" lon="-16.680969">
        <ele>2051.0</ele>
      </trkpt>
      <trkpt lat="28.21284" lon="-16.68101">
        <ele>2051.0</ele>
      </trkpt>
      <trkpt lat="28.21302" lon="-16.681">
        <ele>2051.0</ele>
      </trkpt>
      <trkpt lat="28.21321" lon="-16.68094">
        <ele>2051.0</ele>
      </trkpt>
      <trkpt lat="28.21341" lon="-16.68083">
        <ele>2051.0</ele>
      </trkpt>
      <trkpt lat="28.21361" lon="-16.68065">
        <ele>2051.0</ele>
      </trkpt>
      <trkpt lat="28.21372" lon="-16.68052">
        <ele>2051.0</ele>
      </trkpt>
      <trkpt lat="28.21383" lon="-16.680319">
        <ele>2057.0</ele>
      </trkpt>
      <trkpt lat="28.21392" lon="-16.68008">
        <ele>2057.0</ele>
      </trkpt>
      <trkpt lat="28.214" lon="-16.67972">
        <ele>2057.0</ele>
      </trkpt>
      <trkpt lat="28.21405" lon="-16.679189">
        <ele>2057.0</ele>
      </trkpt>
      <trkpt lat="28.21409" lon="-16.678655">
        <ele>2069.0</ele>
      </trkpt>
      <trkpt lat="28.21413" lon="-16.67812">
        <ele>2069.0</ele>
      </trkpt>
      <trkpt lat="28.21422" lon="-16.677254">
        <ele>2035.0</ele>
      </trkpt>
      <trkpt lat="28.214225" lon="-16.677209">
        <ele>2035.9</ele>
      </trkpt>
      <trkpt lat="28.21431" lon="-16.67639">
        <ele>2035.0</ele>
      </trkpt>
      <trkpt lat="28.214415" lon="-16.67549">
        <ele>2035.0</ele>
      </trkpt>
      <trkpt lat="28.21452" lon="-16.674589">
        <ele>2035.0</ele>
      </trkpt>
      <trkpt lat="28.214625" lon="-16.67369">
        <ele>2035.0</ele>
      </trkpt>
      <trkpt lat="28.21473" lon="-16.67279">
        <ele>2035.0</ele>
      </trkpt>
      <trkpt lat="28.21487" lon="-16.67229">
        <ele>2035.0</ele>
      </trkpt>
      <trkpt lat="28.21504" lon="-16.671949">
        <ele>2035.0</ele>
      </trkpt>
      <trkpt lat="28.21536" lon="-16.6715">
        <ele>2035.0</ele>
      </trkpt>
      <trkpt lat="28.21568" lon="-16.67105">
        <ele>2035.0</ele>
      </trkpt>
      <trkpt lat="28.21586" lon="-16.670729">
        <ele>2035.0</ele>
      </trkpt>
      <trkpt lat="28.21595" lon="-16.670449">
        <ele>2035.0</ele>
      </trkpt>
      <trkpt lat="28.216" lon="-16.67014">
        <ele>2035.0</ele>
      </trkpt>
      <trkpt lat="28.216" lon="-16.669899">
        <ele>2035.0</ele>
      </trkpt>
      <trkpt lat="28.21595" lon="-16.66964">
        <ele>2035.0</ele>
      </trkpt>
      <trkpt lat="28.21586" lon="-16.66935">
        <ele>2035.0</ele>
      </trkpt>
      <trkpt lat="28.215527" lon="-16.668403">
        <ele>2035.0</ele>
      </trkpt>
      <trkpt lat="28.215193" lon="-16.667459">
        <ele>2035.0</ele>
      </trkpt>
      <trkpt lat="28.21486" lon="-16.666512">
        <ele>2035.0</ele>
      </trkpt>
      <trkpt lat="28.214527" lon="-16.665568">
        <ele>2040.0</ele>
      </trkpt>
      <trkpt lat="28.214193" lon="-16.664622">
        <ele>2040.0</ele>
      </trkpt>
      <trkpt lat="28.21386" lon="-16.663677">
        <ele>2040.0</ele>
      </trkpt>
      <trkpt lat="28.213527" lon="-16.662731">
        <ele>2040.0</ele>
      </trkpt>
      <trkpt lat="28.213193" lon="-16.661786">
        <ele>2040.0</ele>
      </trkpt>
      <trkpt lat="28.21286" lon="-16.66084">
        <ele>2040.0</ele>
      </trkpt>
      <trkpt lat="28.21279" lon="-16.660699">
        <ele>2040.0</ele>
      </trkpt>
      <trkpt lat="28.21234" lon="-16.659894">
        <ele>2040.0</ele>
      </trkpt>
      <trkpt lat="28.21189" lon="-16.659089">
        <ele>2040.0</ele>
      </trkpt>
      <trkpt lat="28.21144" lon="-16.658285">
        <ele>2040.0</ele>
      </trkpt>
      <trkpt lat="28.21099" lon="-16.65748">
        <ele>2040.0</ele>
      </trkpt>
      <trkpt lat="28.21079" lon="-16.65698">
        <ele>2040.0</ele>
      </trkpt>
      <trkpt lat="28.21075" lon="-16.65679">
        <ele>2040.0</ele>
      </trkpt>
      <trkpt lat="28.21073" lon="-16.65653">
        <ele>2040.0</ele>
      </trkpt>
      <trkpt lat="28.21075" lon="-16.65627">
        <ele>2040.0</ele>
      </trkpt>
      <trkpt lat="28.210865" lon="-16.65529">
        <ele>2040.0</ele>
      </trkpt>
      <trkpt lat="28.21098" lon="-16.654309">
        <ele>2040.0</ele>
      </trkpt>
      <trkpt lat="28.21099" lon="-16.654039">
        <ele>2040.0</ele>
      </trkpt>
      <trkpt lat="28.210898" lon="-16.653065">
        <ele>2040.0</ele>
      </trkpt>
      <trkpt lat="28.210806" lon="-16.652093">
        <ele>2040.0</ele>
      </trkpt>
      <trkpt lat="28.210715" lon="-16.651119">
        <ele>2040.0</ele>
      </trkpt>
      <trkpt lat="28.210623" lon="-16.650144">
        <ele>2011.0</ele>
      </trkpt>
      <trkpt lat="28.210531" lon="-16.649172">
        <ele>2011.0</ele>
      </trkpt>
      <trkpt lat="28.210439" lon="-16.648198">
        <ele>2011.0</ele>
      </trkpt>
      <trkpt lat="28.210347" lon="-16.647224">
        <ele>2011.0</ele>
      </trkpt>
      <trkpt lat="28.210256" lon="-16.646251">
        <ele>2011.0</ele>
      </trkpt>
      <trkpt lat="28.210164" lon="-16.645277">
        <ele>2011.0</ele>
      </trkpt>
      <trkpt lat="28.210072" lon="-16.644304">
        <ele>2011.0</ele>
      </trkpt>
      <trkpt lat="28.20998" lon="-16.643329">
        <ele>2011.0</ele>
      </trkpt>
      <trkpt lat="28.20997" lon="-16.6429">
        <ele>2011.0</ele>
      </trkpt>
      <trkpt lat="28.21004" lon="-16.642219">
        <ele>2011.0</ele>
      </trkpt>
      <trkpt lat="28.210198" lon="-16.64124">
        <ele>2011.0</ele>
      </trkpt>
      <trkpt lat="28.210356" lon="-16.64026">
        <ele>2011.0</ele>
      </trkpt>
      <trkpt lat="28.210513" lon="-16.63928">
        <ele>2011.0</ele>
      </trkpt>
      <trkpt lat="28.210671" lon="-16.6383">
        <ele>2011.0</ele>
      </trkpt>
      <trkpt lat="28.210829" lon="-16.637319">
        <ele>2011.0</ele>
      </trkpt>
      <trkpt lat="28.210987" lon="-16.63634">
        <ele>2011.0</ele>
      </trkpt>
      <trkpt lat="28.211144" lon="-16.635359">
        <ele>2061.9</ele>
      </trkpt>
      <trkpt lat="28.211302" lon="-16.63438">
        <ele>2061.9</ele>
      </trkpt>
      <trkpt lat="28.21146" lon="-16.6334">
        <ele>2061.9</ele>
      </trkpt>
      <trkpt lat="28.21154" lon="-16.63296">
        <ele>2061.9</ele>
      </trkpt>
      <trkpt lat="28.2116" lon="-16.632729">
        <ele>2061.9</ele>
      </trkpt>
      <trkpt lat="28.21176" lon="-16.63239">
        <ele>2061.9</ele>
      </trkpt>
      <trkpt lat="28.21209" lon="-16.63185">
        <ele>2061.9</ele>
      </trkpt>
      <trkpt lat="28.21215" lon="-16.631699">
        <ele>2061.9</ele>
      </trkpt>
      <trkpt lat="28.21217" lon="-16.63136">
        <ele>2061.9</ele>
      </trkpt>
      <trkpt lat="28.21212" lon="-16.630785">
        <ele>2061.9</ele>
      </trkpt>
      <trkpt lat="28.21207" lon="-16.63021">
        <ele>2061.9</ele>
      </trkpt>
      <trkpt lat="28.21207" lon="-16.62996">
        <ele>2061.9</ele>
      </trkpt>
      <trkpt lat="28.21215" lon="-16.62965">
        <ele>2061.9</ele>
      </trkpt>
      <trkpt lat="28.21226" lon="-16.629449">
        <ele>2061.9</ele>
      </trkpt>
      <trkpt lat="28.212575" lon="-16.62901">
        <ele>2061.9</ele>
      </trkpt>
      <trkpt lat="28.21289" lon="-16.62857">
        <ele>2061.9</ele>
      </trkpt>
      <trkpt lat="28.21304" lon="-16.628419">
        <ele>2061.9</ele>
      </trkpt>
      <trkpt lat="28.21326" lon="-16.62824">
        <ele>2061.9</ele>
      </trkpt>
      <trkpt lat="28.213958" lon="-16.627808">
        <ele>2061.9</ele>
      </trkpt>
      <trkpt lat="28.214656" lon="-16.627376">
        <ele>2061.9</ele>
      </trkpt>
      <trkpt lat="28.215354" lon="-16.626944">
        <ele>2061.9</ele>
      </trkpt>
      <trkpt lat="28.216052" lon="-16.626512">
        <ele>2061.9</ele>
      </trkpt>
      <trkpt lat="28.21675" lon="-16.62608">
        <ele>2061.9</ele>
      </trkpt>
      <trkpt lat="28.21689" lon="-16.62601">
        <ele>2061.9</ele>
      </trkpt>
      <trkpt lat="28.21702" lon="-16.62601">
        <ele>2061.9</ele>
      </trkpt>
      <trkpt lat="28.21714" lon="-16.62603">
        <ele>2061.9</ele>
      </trkpt>
      <trkpt lat="28.21723" lon="-16.62609">
        <ele>2112.0</ele>
      </trkpt>
      <trkpt lat="28.21741" lon="-16.62627">
        <ele>2112.0</ele>
      </trkpt>
      <trkpt lat="28.2175" lon="-16.62643">
        <ele>2112.0</ele>
      </trkpt>
      <trkpt lat="28.21766" lon="-16.62693">
        <ele>2112.0</ele>
      </trkpt>
      <trkpt lat="28.21779" lon="-16.62723">
        <ele>2112.0</ele>
      </trkpt>
      <trkpt lat="28.21789" lon="-16.6274">
        <ele>2112.0</ele>
      </trkpt>
      <trkpt lat="28.21801" lon="-16.62753">
        <ele>2112.0</ele>
      </trkpt>
      <trkpt lat="28.21814" lon="-16.62763">
        <ele>2112.0</ele>
      </trkpt>
      <trkpt lat="28.21835" lon="-16.62773">
        <ele>2112.0</ele>
      </trkpt>
      <trkpt lat="28.21889" lon="-16.627849">
        <ele>2112.0</ele>
      </trkpt>
      <trkpt lat="28.219698" lon="-16.627987">
        <ele>2112.0</ele>
      </trkpt>
      <trkpt lat="28.220507" lon="-16.628122">
        <ele>2112.0</ele>
      </trkpt>
      <trkpt lat="28.221315" lon="-16.62826">
        <ele>2112.0</ele>
      </trkpt>
      <trkpt lat="28.222123" lon="-16.628397">
        <ele>2133.0</ele>
      </trkpt>
      <trkpt lat="28.222932" lon="-16.628533">
        <ele>2133.0</ele>
      </trkpt>
      <trkpt lat="28.22374" lon="-16.62867">
        <ele>2135.0</ele>
      </trkpt>
      <trkpt lat="28.22431" lon="-16.62874">
        <ele>2135.0</ele>
      </trkpt>
      <trkpt lat="28.22518" lon="-16.628817">
        <ele>2144.0</ele>
      </trkpt>
      <trkpt lat="28.22605" lon="-16.628893">
        <ele>2144.0</ele>
      </trkpt>
      <trkpt lat="28.22692" lon="-16.628969">
        <ele>2144.0</ele>
      </trkpt>
      <trkpt lat="28.22779" lon="-16.629047">
        <ele>2144.0</ele>
      </trkpt>
      <trkpt lat="28.22866" lon="-16.629124">
        <ele>2144.0</ele>
      </trkpt>
      <trkpt lat="28.22953" lon="-16.6292">
        <ele>2144.0</ele>
      </trkpt>
      <trkpt lat="28.2304" lon="-16.629278">
        <ele>2144.0</ele>
      </trkpt>
      <trkpt lat="28.23127" lon="-16.629354">
        <ele>2144.0</ele>
      </trkpt>
      <trkpt lat="28.23214" lon="-16.629431">
        <ele>2144.0</ele>
      </trkpt>
      <trkpt lat="28.23301" lon="-16.629508">
        <ele>2144.0</ele>
      </trkpt>
      <trkpt lat="28.23388" lon="-16.629584">
        <ele>2144.0</ele>
      </trkpt>
      <trkpt lat="28.23475" lon="-16.629662">
        <ele>2144.0</ele>
      </trkpt>
      <trkpt lat="28.23562" lon="-16.629739">
        <ele>2144.0</ele>
      </trkpt>
      <trkpt lat="28.23649" lon="-16.629815">
        <ele>2144.0</ele>
      </trkpt>
      <trkpt lat="28.23736" lon="-16.629892">
        <ele>2144.0</ele>
      </trkpt>
      <trkpt lat="28.23823" lon="-16.629969">
        <ele>2144.0</ele>
      </trkpt>
      <trkpt lat="28.2391" lon="-16.630046">
        <ele>2144.0</ele>
      </trkpt>
      <trkpt lat="28.23997" lon="-16.630123">
        <ele>2144.0</ele>
      </trkpt>
      <trkpt lat="28.24084" lon="-16.630199">
        <ele>2301.0</ele>
      </trkpt>
      <trkpt lat="28.24171" lon="-16.630275">
        <ele>2301.0</ele>
      </trkpt>
      <trkpt lat="28.24258" lon="-16.630353">
        <ele>2301.0</ele>
      </trkpt>
      <trkpt lat="28.24345" lon="-16.63043">
        <ele>2301.0</ele>
      </trkpt>
      <trkpt lat="28.24375" lon="-16.63044">
        <ele>2301.0</ele>
      </trkpt>
      <trkpt lat="28.24393" lon="-16.63042">
        <ele>2301.0</ele>
      </trkpt>
      <trkpt lat="28.24409" lon="-16.63036">
        <ele>2301.0</ele>
      </trkpt>
      <trkpt lat="28.24426" lon="-16.630279">
        <ele>2301.0</ele>
      </trkpt>
      <trkpt lat="28.24449" lon="-16.63013">
        <ele>2301.0</ele>
      </trkpt>
      <trkpt lat="28.245098" lon="-16.629618">
        <ele>2301.0</ele>
      </trkpt>
      <trkpt lat="28.245705" lon="-16.629105">
        <ele>2301.0</ele>
      </trkpt>
      <trkpt lat="28.246313" lon="-16.628592">
        <ele>2301.0</ele>
      </trkpt>
      <trkpt lat="28.24692" lon="-16.62808">
        <ele>2301.0</ele>
      </trkpt>
      <trkpt lat="28.24713" lon="-16.627949">
        <ele>2301.0</ele>
      </trkpt>
      <trkpt lat="28.24742" lon="-16.62781">
        <ele>2301.0</ele>
      </trkpt>
      <trkpt lat="28.24769" lon="-16.627759">
        <ele>2301.0</ele>
      </trkpt>
      <trkpt lat="28.248513" lon="-16.62762">
        <ele>2301.0</ele>
      </trkpt>
      <trkpt lat="28.249337" lon="-16.627479">
        <ele>2301.0</ele>
      </trkpt>
      <trkpt lat="28.25016" lon="-16.62734">
        <ele>2301.0</ele>
      </trkpt>
      <trkpt lat="28.25044" lon="-16.627279">
        <ele>2301.0</ele>
      </trkpt>
      <trkpt lat="28.25083" lon="-16.62704">
        <ele>2301.0</ele>
      </trkpt>
      <trkpt lat="28.251498" lon="-16.626584">
        <ele>2301.0</ele>
      </trkpt>
      <trkpt lat="28.252165" lon="-16.62613">
        <ele>2301.0</ele>
      </trkpt>
      <trkpt lat="28.252833" lon="-16.625675">
        <ele>2301.0</ele>
      </trkpt>
      <trkpt lat="28.2535" lon="-16.625219">
        <ele>2301.0</ele>
      </trkpt>
      <trkpt lat="28.25365" lon="-16.625039">
        <ele>2301.0</ele>
      </trkpt>
      <trkpt lat="28.25371" lon="-16.6249">
        <ele>2301.0</ele>
      </trkpt>
      <trkpt lat="28.253983" lon="-16.624057">
        <ele>2301.0</ele>
      </trkpt>
      <trkpt lat="28.254257" lon="-16.623213">
        <ele>2300.0</ele>
      </trkpt>
      <trkpt lat="28.25453" lon="-16.62237">
        <ele>2300.0</ele>
      </trkpt>
      <trkpt lat="28.25456" lon="-16.62228">
        <ele>2304.9</ele>
      </trkpt>
      <trkpt lat="28.25456" lon="-16.62228">
        <ele>2300.0</ele>
      </trkpt>
      <trkpt lat="28.254277" lon="-16.623152">
        <ele>2300.0</ele>
      </trkpt>
      <trkpt lat="28.253993" lon="-16.624027">
        <ele>2301.0</ele>
      </trkpt>
      <trkpt lat="28.25371" lon="-16.6249">
        <ele>2301.0</ele>
      </trkpt>
      <trkpt lat="28.25365" lon="-16.625039">
        <ele>2301.0</ele>
      </trkpt>
      <trkpt lat="28.2535" lon="-16.625219">
        <ele>2301.0</ele>
      </trkpt>
      <trkpt lat="28.252833" lon="-16.625675">
        <ele>2301.0</ele>
      </trkpt>
      <trkpt lat="28.252165" lon="-16.62613">
        <ele>2301.0</ele>
      </trkpt>
      <trkpt lat="28.251498" lon="-16.626584">
        <ele>2301.0</ele>
      </trkpt>
      <trkpt lat="28.25083" lon="-16.62704">
        <ele>2301.0</ele>
      </trkpt>
      <trkpt lat="28.25044" lon="-16.627279">
        <ele>2301.0</ele>
      </trkpt>
      <trkpt lat="28.25016" lon="-16.62734">
        <ele>2301.0</ele>
      </trkpt>
      <trkpt lat="28.249337" lon="-16.627479">
        <ele>2301.0</ele>
      </trkpt>
      <trkpt lat="28.248513" lon="-16.62762">
        <ele>2301.0</ele>
      </trkpt>
      <trkpt lat="28.24769" lon="-16.627759">
        <ele>2301.0</ele>
      </trkpt>
      <trkpt lat="28.24742" lon="-16.62781">
        <ele>2301.0</ele>
      </trkpt>
      <trkpt lat="28.24713" lon="-16.627949">
        <ele>2301.0</ele>
      </trkpt>
      <trkpt lat="28.24692" lon="-16.62808">
        <ele>2301.0</ele>
      </trkpt>
      <trkpt lat="28.246313" lon="-16.628592">
        <ele>2301.0</ele>
      </trkpt>
      <trkpt lat="28.245705" lon="-16.629105">
        <ele>2301.0</ele>
      </trkpt>
      <trkpt lat="28.245098" lon="-16.629618">
        <ele>2301.0</ele>
      </trkpt>
      <trkpt lat="28.24449" lon="-16.63013">
        <ele>2301.0</ele>
      </trkpt>
      <trkpt lat="28.24426" lon="-16.630279">
        <ele>2301.0</ele>
      </trkpt>
      <trkpt lat="28.24409" lon="-16.63036">
        <ele>2301.0</ele>
      </trkpt>
      <trkpt lat="28.24393" lon="-16.63042">
        <ele>2301.0</ele>
      </trkpt>
      <trkpt lat="28.24375" lon="-16.63044">
        <ele>2301.0</ele>
      </trkpt>
      <trkpt lat="28.24345" lon="-16.63043">
        <ele>2301.0</ele>
      </trkpt>
      <trkpt lat="28.24258" lon="-16.630353">
        <ele>2301.0</ele>
      </trkpt>
      <trkpt lat="28.24171" lon="-16.630275">
        <ele>2301.0</ele>
      </trkpt>
      <trkpt lat="28.24084" lon="-16.630199">
        <ele>2301.0</ele>
      </trkpt>
      <trkpt lat="28.23997" lon="-16.630123">
        <ele>2144.0</ele>
      </trkpt>
      <trkpt lat="28.2391" lon="-16.630046">
        <ele>2144.0</ele>
      </trkpt>
      <trkpt lat="28.23823" lon="-16.629969">
        <ele>2144.0</ele>
      </trkpt>
      <trkpt lat="28.23736" lon="-16.629892">
        <ele>2144.0</ele>
      </trkpt>
      <trkpt lat="28.23649" lon="-16.629815">
        <ele>2144.0</ele>
      </trkpt>
      <trkpt lat="28.23562" lon="-16.629739">
        <ele>2144.0</ele>
      </trkpt>
      <trkpt lat="28.23475" lon="-16.629662">
        <ele>2144.0</ele>
      </trkpt>
      <trkpt lat="28.23388" lon="-16.629584">
        <ele>2144.0</ele>
      </trkpt>
      <trkpt lat="28.23301" lon="-16.629508">
        <ele>2144.0</ele>
      </trkpt>
      <trkpt lat="28.23214" lon="-16.629431">
        <ele>2144.0</ele>
      </trkpt>
      <trkpt lat="28.23127" lon="-16.629354">
        <ele>2144.0</ele>
      </trkpt>
      <trkpt lat="28.2304" lon="-16.629278">
        <ele>2144.0</ele>
      </trkpt>
      <trkpt lat="28.22953" lon="-16.6292">
        <ele>2144.0</ele>
      </trkpt>
      <trkpt lat="28.22866" lon="-16.629124">
        <ele>2144.0</ele>
      </trkpt>
      <trkpt lat="28.22779" lon="-16.629047">
        <ele>2144.0</ele>
      </trkpt>
      <trkpt lat="28.22692" lon="-16.628969">
        <ele>2144.0</ele>
      </trkpt>
      <trkpt lat="28.22605" lon="-16.628893">
        <ele>2144.0</ele>
      </trkpt>
      <trkpt lat="28.22518" lon="-16.628817">
        <ele>2135.0</ele>
      </trkpt>
      <trkpt lat="28.22431" lon="-16.62874">
        <ele>2135.0</ele>
      </trkpt>
      <trkpt lat="28.22374" lon="-16.62867">
        <ele>2135.0</ele>
      </trkpt>
      <trkpt lat="28.222932" lon="-16.628533">
        <ele>2133.0</ele>
      </trkpt>
      <trkpt lat="28.222123" lon="-16.628397">
        <ele>2133.0</ele>
      </trkpt>
      <trkpt lat="28.221315" lon="-16.62826">
        <ele>2112.0</ele>
      </trkpt>
      <trkpt lat="28.220507" lon="-16.628122">
        <ele>2112.0</ele>
      </trkpt>
      <trkpt lat="28.219698" lon="-16.627987">
        <ele>2112.0</ele>
      </trkpt>
      <trkpt lat="28.21889" lon="-16.627849">
        <ele>2112.0</ele>
      </trkpt>
      <trkpt lat="28.21835" lon="-16.62773">
        <ele>2112.0</ele>
      </trkpt>
      <trkpt lat="28.21814" lon="-16.62763">
        <ele>2112.0</ele>
      </trkpt>
      <trkpt lat="28.21801" lon="-16.62753">
        <ele>2112.0</ele>
      </trkpt>
      <trkpt lat="28.21789" lon="-16.6274">
        <ele>2112.0</ele>
      </trkpt>
      <trkpt lat="28.21779" lon="-16.62723">
        <ele>2112.0</ele>
      </trkpt>
      <trkpt lat="28.21766" lon="-16.62693">
        <ele>2112.0</ele>
      </trkpt>
      <trkpt lat="28.2175" lon="-16.62643">
        <ele>2112.0</ele>
      </trkpt>
      <trkpt lat="28.21741" lon="-16.62627">
        <ele>2112.0</ele>
      </trkpt>
      <trkpt lat="28.21723" lon="-16.62609">
        <ele>2061.9</ele>
      </trkpt>
      <trkpt lat="28.21714" lon="-16.62603">
        <ele>2061.9</ele>
      </trkpt>
      <trkpt lat="28.21702" lon="-16.62601">
        <ele>2061.9</ele>
      </trkpt>
      <trkpt lat="28.21689" lon="-16.62601">
        <ele>2061.9</ele>
      </trkpt>
      <trkpt lat="28.21675" lon="-16.62608">
        <ele>2061.9</ele>
      </trkpt>
      <trkpt lat="28.216082" lon="-16.62649">
        <ele>2061.9</ele>
      </trkpt>
      <trkpt lat="28.215414" lon="-16.6269">
        <ele>2061.9</ele>
      </trkpt>
      <trkpt lat="28.214746" lon="-16.62731">
        <ele>2061.9</ele>
      </trkpt>
      <trkpt lat="28.214078" lon="-16.62772">
        <ele>2061.9</ele>
      </trkpt>
      <trkpt lat="28.21341" lon="-16.628129">
        <ele>2061.9</ele>
      </trkpt>
      <trkpt lat="28.21326" lon="-16.62824">
        <ele>2061.9</ele>
      </trkpt>
      <trkpt lat="28.21304" lon="-16.628419">
        <ele>2061.9</ele>
      </trkpt>
      <trkpt lat="28.21289" lon="-16.62857">
        <ele>2061.9</ele>
      </trkpt>
      <trkpt lat="28.212575" lon="-16.62901">
        <ele>2061.9</ele>
      </trkpt>
      <trkpt lat="28.21226" lon="-16.629449">
        <ele>2061.9</ele>
      </trkpt>
      <trkpt lat="28.21215" lon="-16.62965">
        <ele>2061.9</ele>
      </trkpt>
      <trkpt lat="28.2121" lon="-16.62981">
        <ele>2061.9</ele>
      </trkpt>
      <trkpt lat="28.21207" lon="-16.62996">
        <ele>2061.9</ele>
      </trkpt>
      <trkpt lat="28.21207" lon="-16.63021">
        <ele>2061.9</ele>
      </trkpt>
      <trkpt lat="28.21212" lon="-16.630785">
        <ele>2061.9</ele>
      </trkpt>
      <trkpt lat="28.21217" lon="-16.63136">
        <ele>2061.9</ele>
      </trkpt>
      <trkpt lat="28.21215" lon="-16.631699">
        <ele>2061.9</ele>
      </trkpt>
      <trkpt lat="28.21209" lon="-16.63185">
        <ele>2061.9</ele>
      </trkpt>
      <trkpt lat="28.21176" lon="-16.63239">
        <ele>2061.9</ele>
      </trkpt>
      <trkpt lat="28.2116" lon="-16.632729">
        <ele>2061.9</ele>
      </trkpt>
      <trkpt lat="28.21154" lon="-16.63296">
        <ele>2061.9</ele>
      </trkpt>
      <trkpt lat="28.21146" lon="-16.6334">
        <ele>2061.9</ele>
      </trkpt>
      <trkpt lat="28.211302" lon="-16.63438">
        <ele>2061.9</ele>
      </trkpt>
      <trkpt lat="28.211144" lon="-16.635359">
        <ele>2061.9</ele>
      </trkpt>
      <trkpt lat="28.210987" lon="-16.63634">
        <ele>2011.0</ele>
      </trkpt>
      <trkpt lat="28.210829" lon="-16.637319">
        <ele>2011.0</ele>
      </trkpt>
      <trkpt lat="28.210671" lon="-16.6383">
        <ele>2011.0</ele>
      </trkpt>
      <trkpt lat="28.210513" lon="-16.63928">
        <ele>2011.0</ele>
      </trkpt>
      <trkpt lat="28.210356" lon="-16.64026">
        <ele>2011.0</ele>
      </trkpt>
      <trkpt lat="28.210198" lon="-16.64124">
        <ele>2011.0</ele>
      </trkpt>
      <trkpt lat="28.21004" lon="-16.642219">
        <ele>2011.0</ele>
      </trkpt>
      <trkpt lat="28.20999" lon="-16.64262">
        <ele>2011.0</ele>
      </trkpt>
      <trkpt lat="28.20997" lon="-16.6429">
        <ele>2011.0</ele>
      </trkpt>
      <trkpt lat="28.20998" lon="-16.643329">
        <ele>2011.0</ele>
      </trkpt>
      <trkpt lat="28.210072" lon="-16.644304">
        <ele>2011.0</ele>
      </trkpt>
      <trkpt lat="28.210164" lon="-16.645277">
        <ele>2011.0</ele>
      </trkpt>
      <trkpt lat="28.210256" lon="-16.646251">
        <ele>2011.0</ele>
      </trkpt>
      <trkpt lat="28.210347" lon="-16.647224">
        <ele>2011.0</ele>
      </trkpt>
      <trkpt lat="28.210439" lon="-16.648198">
        <ele>2011.0</ele>
      </trkpt>
      <trkpt lat="28.210531" lon="-16.649172">
        <ele>2011.0</ele>
      </trkpt>
      <trkpt lat="28.210623" lon="-16.650144">
        <ele>2011.0</ele>
      </trkpt>
      <trkpt lat="28.210715" lon="-16.651119">
        <ele>2040.0</ele>
      </trkpt>
      <trkpt lat="28.210806" lon="-16.652093">
        <ele>2040.0</ele>
      </trkpt>
      <trkpt lat="28.210898" lon="-16.653065">
        <ele>2040.0</ele>
      </trkpt>
      <trkpt lat="28.21099" lon="-16.654039">
        <ele>2040.0</ele>
      </trkpt>
      <trkpt lat="28.21098" lon="-16.654309">
        <ele>2040.0</ele>
      </trkpt>
      <trkpt lat="28.210897" lon="-16.65505">
        <ele>2040.0</ele>
      </trkpt>
      <trkpt lat="28.210813" lon="-16.65579">
        <ele>2040.0</ele>
      </trkpt>
      <trkpt lat="28.21073" lon="-16.65653">
        <ele>2040.0</ele>
      </trkpt>
      <trkpt lat="28.21075" lon="-16.65679">
        <ele>2040.0</ele>
      </trkpt>
      <trkpt lat="28.21079" lon="-16.65698">
        <ele>2040.0</ele>
      </trkpt>
      <trkpt lat="28.21099" lon="-16.65748">
        <ele>2040.0</ele>
      </trkpt>
      <trkpt lat="28.21144" lon="-16.658285">
        <ele>2040.0</ele>
      </trkpt>
      <trkpt lat="28.21189" lon="-16.659089">
        <ele>2040.0</ele>
      </trkpt>
      <trkpt lat="28.21234" lon="-16.659894">
        <ele>2040.0</ele>
      </trkpt>
      <trkpt lat="28.21279" lon="-16.660699">
        <ele>2040.0</ele>
      </trkpt>
      <trkpt lat="28.21286" lon="-16.66084">
        <ele>2040.0</ele>
      </trkpt>
      <trkpt lat="28.213193" lon="-16.661786">
        <ele>2040.0</ele>
      </trkpt>
      <trkpt lat="28.213527" lon="-16.662731">
        <ele>2040.0</ele>
      </trkpt>
      <trkpt lat="28.21386" lon="-16.663677">
        <ele>2040.0</ele>
      </trkpt>
      <trkpt lat="28.214193" lon="-16.664622">
        <ele>2040.0</ele>
      </trkpt>
      <trkpt lat="28.214527" lon="-16.665568">
        <ele>2040.0</ele>
      </trkpt>
      <trkpt lat="28.21486" lon="-16.666512">
        <ele>2035.0</ele>
      </trkpt>
      <trkpt lat="28.215193" lon="-16.667459">
        <ele>2035.0</ele>
      </trkpt>
      <trkpt lat="28.215527" lon="-16.668403">
        <ele>2035.0</ele>
      </trkpt>
      <trkpt lat="28.21586" lon="-16.66935">
        <ele>2035.0</ele>
      </trkpt>
      <trkpt lat="28.21595" lon="-16.66964">
        <ele>2035.0</ele>
      </trkpt>
      <trkpt lat="28.216" lon="-16.669899">
        <ele>2035.0</ele>
      </trkpt>
      <trkpt lat="28.216" lon="-16.67014">
        <ele>2035.0</ele>
      </trkpt>
      <trkpt lat="28.21595" lon="-16.670449">
        <ele>2035.0</ele>
      </trkpt>
      <trkpt lat="28.21586" lon="-16.670729">
        <ele>2035.0</ele>
      </trkpt>
      <trkpt lat="28.21568" lon="-16.67105">
        <ele>2035.0</ele>
      </trkpt>
      <trkpt lat="28.21536" lon="-16.6715">
        <ele>2035.0</ele>
      </trkpt>
      <trkpt lat="28.21504" lon="-16.671949">
        <ele>2035.0</ele>
      </trkpt>
      <trkpt lat="28.21487" lon="-16.67229">
        <ele>2035.0</ele>
      </trkpt>
      <trkpt lat="28.21473" lon="-16.67279">
        <ele>2035.0</ele>
      </trkpt>
      <trkpt lat="28.214625" lon="-16.67369">
        <ele>2035.0</ele>
      </trkpt>
      <trkpt lat="28.21452" lon="-16.674589">
        <ele>2035.0</ele>
      </trkpt>
      <trkpt lat="28.214415" lon="-16.67549">
        <ele>2035.0</ele>
      </trkpt>
      <trkpt lat="28.21431" lon="-16.67639">
        <ele>2035.0</ele>
      </trkpt>
      <trkpt lat="28.21422" lon="-16.677254">
        <ele>2035.0</ele>
      </trkpt>
      <trkpt lat="28.214219" lon="-16.677266">
        <ele>2036.1</ele>
      </trkpt>
      <trkpt lat="28.21413" lon="-16.67812">
        <ele>2069.0</ele>
      </trkpt>
      <trkpt lat="28.21409" lon="-16.678655">
        <ele>2069.0</ele>
      </trkpt>
      <trkpt lat="28.21405" lon="-16.679189">
        <ele>2057.0</ele>
      </trkpt>
      <trkpt lat="28.214" lon="-16.67972">
        <ele>2057.0</ele>
      </trkpt>
      <trkpt lat="28.21392" lon="-16.68008">
        <ele>2057.0</ele>
      </trkpt>
      <trkpt lat="28.21383" lon="-16.680319">
        <ele>2051.0</ele>
      </trkpt>
      <trkpt lat="28.21372" lon="-16.68052">
        <ele>2051.0</ele>
      </trkpt>
      <trkpt lat="28.21361" lon="-16.68065">
        <ele>2051.0</ele>
      </trkpt>
      <trkpt lat="28.21341" lon="-16.68083">
        <ele>2051.0</ele>
      </trkpt>
      <trkpt lat="28.21321" lon="-16.68094">
        <ele>2051.0</ele>
      </trkpt>
      <trkpt lat="28.21302" lon="-16.681">
        <ele>2051.0</ele>
      </trkpt>
      <trkpt lat="28.21284" lon="-16.68101">
        <ele>2051.0</ele>
      </trkpt>
      <trkpt lat="28.21243" lon="-16.680969">
        <ele>2051.0</ele>
      </trkpt>
      <trkpt lat="28.21223" lon="-16.6809">
        <ele>2051.0</ele>
      </trkpt>
      <trkpt lat="28.21144" lon="-16.68053">
        <ele>2051.0</ele>
      </trkpt>
      <trkpt lat="28.21131" lon="-16.680499">
        <ele>2051.0</ele>
      </trkpt>
      <trkpt lat="28.21118" lon="-16.68047">
        <ele>2062.5</ele>
      </trkpt>
      <trkpt lat="28.21061" lon="-16.68047">
        <ele>2062.5</ele>
      </trkpt>
      <trkpt lat="28.21045" lon="-16.68044">
        <ele>2062.5</ele>
      </trkpt>
      <trkpt lat="28.20969" lon="-16.680219">
        <ele>2062.5</ele>
      </trkpt>
      <trkpt lat="28.20949" lon="-16.68017">
        <ele>2062.6</ele>
      </trkpt>
      <trkpt lat="28.20938" lon="-16.68017">
        <ele>2062.6</ele>
      </trkpt>
      <trkpt lat="28.20896" lon="-16.68023">
        <ele>2062.6</ele>
      </trkpt>
      <trkpt lat="28.20881" lon="-16.680209">
        <ele>2062.6</ele>
      </trkpt>
      <trkpt lat="28.20868" lon="-16.68016">
        <ele>2062.6</ele>
      </trkpt>
      <trkpt lat="28.20858" lon="-16.680119">
        <ele>2062.6</ele>
      </trkpt>
      <trkpt lat="28.20816" lon="-16.6798">
        <ele>2062.6</ele>
      </trkpt>
      <trkpt lat="28.20807" lon="-16.67978">
        <ele>2062.6</ele>
      </trkpt>
      <trkpt lat="28.20797" lon="-16.67978">
        <ele>2062.6</ele>
      </trkpt>
      <trkpt lat="28.20788" lon="-16.67979">
        <ele>2062.6</ele>
      </trkpt>
      <trkpt lat="28.20742" lon="-16.680064">
        <ele>2079.0</ele>
      </trkpt>
      <trkpt lat="28.20696" lon="-16.68034">
        <ele>2079.0</ele>
      </trkpt>
      <trkpt lat="28.20685" lon="-16.68043">
        <ele>2079.0</ele>
      </trkpt>
      <trkpt lat="28.20678" lon="-16.68061">
        <ele>2079.0</ele>
      </trkpt>
      <trkpt lat="28.20667" lon="-16.681069">
        <ele>2079.0</ele>
      </trkpt>
      <trkpt lat="28.20661" lon="-16.68122">
        <ele>2079.0</ele>
      </trkpt>
      <trkpt lat="28.20653" lon="-16.68137">
        <ele>2079.0</ele>
      </trkpt>
      <trkpt lat="28.20646" lon="-16.68145">
        <ele>2079.0</ele>
      </trkpt>
      <trkpt lat="28.2064" lon="-16.68148">
        <ele>2079.0</ele>
      </trkpt>
      <trkpt lat="28.20632" lon="-16.68149">
        <ele>2079.0</ele>
      </trkpt>
      <trkpt lat="28.20627" lon="-16.68148">
        <ele>2079.0</ele>
      </trkpt>
      <trkpt lat="28.20621" lon="-16.68145">
        <ele>2079.0</ele>
      </trkpt>
      <trkpt lat="28.20618" lon="-16.68137">
        <ele>2079.0</ele>
      </trkpt>
      <trkpt lat="28.20615" lon="-16.68118">
        <ele>2079.0</ele>
      </trkpt>
      <trkpt lat="28.2062" lon="-16.68086">
        <ele>2079.0</ele>
      </trkpt>
      <trkpt lat="28.2062" lon="-16.68071">
        <ele>2079.0</ele>
      </trkpt>
      <trkpt lat="28.20609" lon="-16.67997">
        <ele>2079.0</ele>
      </trkpt>
      <trkpt lat="28.20601" lon="-16.67979">
        <ele>2079.0</ele>
      </trkpt>
      <trkpt lat="28.20592" lon="-16.67969">
        <ele>2079.0</ele>
      </trkpt>
      <trkpt lat="28.20566" lon="-16.679559">
        <ele>2079.0</ele>
      </trkpt>
      <trkpt lat="28.20493" lon="-16.679279">
        <ele>2079.0</ele>
      </trkpt>
      <trkpt lat="28.20478" lon="-16.67929">
        <ele>2079.0</ele>
      </trkpt>
      <trkpt lat="28.20449" lon="-16.679459">
        <ele>2079.0</ele>
      </trkpt>
      <trkpt lat="28.20434" lon="-16.67951">
        <ele>2079.0</ele>
      </trkpt>
      <trkpt lat="28.20403" lon="-16.6795">
        <ele>2079.0</ele>
      </trkpt>
      <trkpt lat="28.20393" lon="-16.67949">
        <ele>2079.0</ele>
      </trkpt>
      <trkpt lat="28.20377" lon="-16.67942">
        <ele>2079.0</ele>
      </trkpt>
      <trkpt lat="28.2037" lon="-16.679379">
        <ele>2079.0</ele>
      </trkpt>
      <trkpt lat="28.20364" lon="-16.67931">
        <ele>2079.0</ele>
      </trkpt>
      <trkpt lat="28.2036" lon="-16.67921">
        <ele>2079.0</ele>
      </trkpt>
      <trkpt lat="28.20359" lon="-16.67895">
        <ele>2079.0</ele>
      </trkpt>
      <trkpt lat="28.20364" lon="-16.678809">
        <ele>2079.0</ele>
      </trkpt>
      <trkpt lat="28.20374" lon="-16.67859">
        <ele>2153.0</ele>
      </trkpt>
      <trkpt lat="28.20396" lon="-16.678249">
        <ele>2153.0</ele>
      </trkpt>
      <trkpt lat="28.20426" lon="-16.67789">
        <ele>2153.0</ele>
      </trkpt>
      <trkpt lat="28.20441" lon="-16.67765">
        <ele>2153.0</ele>
      </trkpt>
      <trkpt lat="28.20454" lon="-16.677409">
        <ele>2153.0</ele>
      </trkpt>
      <trkpt lat="28.20483" lon="-16.67677">
        <ele>2153.0</ele>
      </trkpt>
      <trkpt lat="28.20503" lon="-16.676459">
        <ele>2153.0</ele>
      </trkpt>
      <trkpt lat="28.20543" lon="-16.676065">
        <ele>2153.0</ele>
      </trkpt>
      <trkpt lat="28.20583" lon="-16.67567">
        <ele>2153.0</ele>
      </trkpt>
      <trkpt lat="28.20596" lon="-16.67547">
        <ele>2153.0</ele>
      </trkpt>
      <trkpt lat="28.20601" lon="-16.67535">
        <ele>2153.0</ele>
      </trkpt>
      <trkpt lat="28.20608" lon="-16.67504">
        <ele>2153.0</ele>
      </trkpt>
      <trkpt lat="28.20602" lon="-16.67481">
        <ele>2153.0</ele>
      </trkpt>
      <trkpt lat="28.20588" lon="-16.67461">
        <ele>2153.0</ele>
      </trkpt>
      <trkpt lat="28.20558" lon="-16.674309">
        <ele>2153.0</ele>
      </trkpt>
      <trkpt lat="28.20546" lon="-16.674219">
        <ele>2153.0</ele>
      </trkpt>
      <trkpt lat="28.20486" lon="-16.673915">
        <ele>2153.0</ele>
      </trkpt>
      <trkpt lat="28.20426" lon="-16.67361">
        <ele>2153.0</ele>
      </trkpt>
      <trkpt lat="28.20417" lon="-16.67359">
        <ele>2153.0</ele>
      </trkpt>
      <trkpt lat="28.20358" lon="-16.673739">
        <ele>2153.0</ele>
      </trkpt>
      <trkpt lat="28.20346" lon="-16.67371">
        <ele>2153.0</ele>
      </trkpt>
      <trkpt lat="28.20339" lon="-16.67368">
        <ele>2153.0</ele>
      </trkpt>
      <trkpt lat="28.20333" lon="-16.6736">
        <ele>2153.0</ele>
      </trkpt>
      <trkpt lat="28.20314" lon="-16.67314">
        <ele>2153.0</ele>
      </trkpt>
      <trkpt lat="28.20305" lon="-16.67303">
        <ele>2153.0</ele>
      </trkpt>
      <trkpt lat="28.20296" lon="-16.67295">
        <ele>2153.0</ele>
      </trkpt>
      <trkpt lat="28.20249" lon="-16.67283">
        <ele>2153.0</ele>
      </trkpt>
      <trkpt lat="28.20235" lon="-16.67274">
        <ele>2153.0</ele>
      </trkpt>
      <trkpt lat="28.20228" lon="-16.672619">
        <ele>2153.0</ele>
      </trkpt>
      <trkpt lat="28.20224" lon="-16.67247">
        <ele>2153.0</ele>
      </trkpt>
      <trkpt lat="28.20219" lon="-16.672229">
        <ele>2153.0</ele>
      </trkpt>
      <trkpt lat="28.20218" lon="-16.67199">
        <ele>2153.0</ele>
      </trkpt>
      <trkpt lat="28.20219" lon="-16.67185">
        <ele>2153.0</ele>
      </trkpt>
      <trkpt lat="28.20231" lon="-16.67124">
        <ele>2153.0</ele>
      </trkpt>
      <trkpt lat="28.20243" lon="-16.67063">
        <ele>2188.0</ele>
      </trkpt>
      <trkpt lat="28.20243" lon="-16.67049">
        <ele>2188.0</ele>
      </trkpt>
      <trkpt lat="28.20242" lon="-16.67033">
        <ele>2188.0</ele>
      </trkpt>
      <trkpt lat="28.20238" lon="-16.67023">
        <ele>2188.0</ele>
      </trkpt>
      <trkpt lat="28.20229" lon="-16.67012">
        <ele>2188.0</ele>
      </trkpt>
      <trkpt lat="28.20221" lon="-16.670069">
        <ele>2188.0</ele>
      </trkpt>
      <trkpt lat="28.20213" lon="-16.67002">
        <ele>2188.0</ele>
      </trkpt>
      <trkpt lat="28.20206" lon="-16.67002">
        <ele>2188.0</ele>
      </trkpt>
      <trkpt lat="28.20191" lon="-16.67005">
        <ele>2188.0</ele>
      </trkpt>
      <trkpt lat="28.20175" lon="-16.67016">
        <ele>2188.0</ele>
      </trkpt>
      <trkpt lat="28.201173" lon="-16.670763">
        <ele>2188.0</ele>
      </trkpt>
      <trkpt lat="28.200597" lon="-16.671367">
        <ele>2188.0</ele>
      </trkpt>
      <trkpt lat="28.20002" lon="-16.67197">
        <ele>2188.0</ele>
      </trkpt>
      <trkpt lat="28.19993" lon="-16.67212">
        <ele>2188.0</ele>
      </trkpt>
      <trkpt lat="28.19984" lon="-16.672609">
        <ele>2188.0</ele>
      </trkpt>
      <trkpt lat="28.1998" lon="-16.67274">
        <ele>2188.0</ele>
      </trkpt>
      <trkpt lat="28.19973" lon="-16.67286">
        <ele>2188.0</ele>
      </trkpt>
      <trkpt lat="28.19944" lon="-16.673269">
        <ele>2188.0</ele>
      </trkpt>
      <trkpt lat="28.19924" lon="-16.67341">
        <ele>2188.0</ele>
      </trkpt>
      <trkpt lat="28.19915" lon="-16.67342">
        <ele>2188.0</ele>
      </trkpt>
      <trkpt lat="28.19894" lon="-16.6734">
        <ele>2188.0</ele>
      </trkpt>
      <trkpt lat="28.198435" lon="-16.673175">
        <ele>2188.0</ele>
      </trkpt>
      <trkpt lat="28.19793" lon="-16.67295">
        <ele>2188.0</ele>
      </trkpt>
      <trkpt lat="28.19782" lon="-16.67287">
        <ele>2188.0</ele>
      </trkpt>
      <trkpt lat="28.19772" lon="-16.67276">
        <ele>2188.0</ele>
      </trkpt>
      <trkpt lat="28.19766" lon="-16.67265">
        <ele>2188.0</ele>
      </trkpt>
      <trkpt lat="28.19761" lon="-16.67247">
        <ele>2188.0</ele>
      </trkpt>
      <trkpt lat="28.197475" lon="-16.671904">
        <ele>2188.0</ele>
      </trkpt>
      <trkpt lat="28.19734" lon="-16.67134">
        <ele>2188.0</ele>
      </trkpt>
      <trkpt lat="28.19728" lon="-16.67124">
        <ele>2177.0</ele>
      </trkpt>
      <trkpt lat="28.19721" lon="-16.67115">
        <ele>2177.0</ele>
      </trkpt>
      <trkpt lat="28.19708" lon="-16.67107">
        <ele>2177.0</ele>
      </trkpt>
      <trkpt lat="28.19692" lon="-16.67106">
        <ele>2177.0</ele>
      </trkpt>
      <trkpt lat="28.19609" lon="-16.67122">
        <ele>2177.0</ele>
      </trkpt>
      <trkpt lat="28.19585" lon="-16.67122">
        <ele>2177.0</ele>
      </trkpt>
      <trkpt lat="28.19576" lon="-16.67117">
        <ele>2177.0</ele>
      </trkpt>
      <trkpt lat="28.19564" lon="-16.67107">
        <ele>2177.0</ele>
      </trkpt>
      <trkpt lat="28.19559" lon="-16.67098">
        <ele>2177.0</ele>
      </trkpt>
      <trkpt lat="28.19555" lon="-16.670729">
        <ele>2177.0</ele>
      </trkpt>
      <trkpt lat="28.19552" lon="-16.66977">
        <ele>2177.0</ele>
      </trkpt>
      <trkpt lat="28.19549" lon="-16.66881">
        <ele>2177.0</ele>
      </trkpt>
      <trkpt lat="28.19556" lon="-16.66852">
        <ele>2177.0</ele>
      </trkpt>
      <trkpt lat="28.195925" lon="-16.66787">
        <ele>2177.0</ele>
      </trkpt>
      <trkpt lat="28.19629" lon="-16.66722">
        <ele>2177.0</ele>
      </trkpt>
      <trkpt lat="28.19637" lon="-16.667">
        <ele>2177.0</ele>
      </trkpt>
      <trkpt lat="28.1964" lon="-16.66682">
        <ele>2177.0</ele>
      </trkpt>
      <trkpt lat="28.19639" lon="-16.66669">
        <ele>2177.0</ele>
      </trkpt>
      <trkpt lat="28.19627" lon="-16.666419">
        <ele>2177.0</ele>
      </trkpt>
      <trkpt lat="28.19617" lon="-16.666319">
        <ele>2177.0</ele>
      </trkpt>
      <trkpt lat="28.19606" lon="-16.66626">
        <ele>2177.0</ele>
      </trkpt>
      <trkpt lat="28.19594" lon="-16.66622">
        <ele>2177.0</ele>
      </trkpt>
      <trkpt lat="28.19583" lon="-16.6662">
        <ele>2177.0</ele>
      </trkpt>
      <trkpt lat="28.19557" lon="-16.666239">
        <ele>2177.0</ele>
      </trkpt>
      <trkpt lat="28.19498" lon="-16.66639">
        <ele>2105.0</ele>
      </trkpt>
      <trkpt lat="28.19439" lon="-16.66654">
        <ele>2105.0</ele>
      </trkpt>
      <trkpt lat="28.19356" lon="-16.666889">
        <ele>2105.0</ele>
      </trkpt>
      <trkpt lat="28.19282" lon="-16.667079">
        <ele>2105.0</ele>
      </trkpt>
      <trkpt lat="28.192335" lon="-16.667295">
        <ele>2105.0</ele>
      </trkpt>
      <trkpt lat="28.19185" lon="-16.66751">
        <ele>2105.0</ele>
      </trkpt>
      <trkpt lat="28.19164" lon="-16.66756">
        <ele>2105.0</ele>
      </trkpt>
      <trkpt lat="28.19148" lon="-16.66749">
        <ele>2105.0</ele>
      </trkpt>
      <trkpt lat="28.1914" lon="-16.66741">
        <ele>2105.0</ele>
      </trkpt>
      <trkpt lat="28.19135" lon="-16.66721">
        <ele>2105.0</ele>
      </trkpt>
      <trkpt lat="28.19135" lon="-16.66711">
        <ele>2105.0</ele>
      </trkpt>
      <trkpt lat="28.1915" lon="-16.666515">
        <ele>2105.0</ele>
      </trkpt>
      <trkpt lat="28.19165" lon="-16.66592">
        <ele>2105.0</ele>
      </trkpt>
      <trkpt lat="28.19164" lon="-16.66575">
        <ele>2105.0</ele>
      </trkpt>
      <trkpt lat="28.19158" lon="-16.66555">
        <ele>2105.0</ele>
      </trkpt>
      <trkpt lat="28.19137" lon="-16.665064">
        <ele>2105.0</ele>
      </trkpt>
      <trkpt lat="28.19116" lon="-16.66458">
        <ele>2105.0</ele>
      </trkpt>
      <trkpt lat="28.19111" lon="-16.66437">
        <ele>2105.0</ele>
      </trkpt>
      <trkpt lat="28.1911" lon="-16.664159">
        <ele>2105.0</ele>
      </trkpt>
      <trkpt lat="28.19116" lon="-16.66353">
        <ele>2084.0</ele>
      </trkpt>
      <trkpt lat="28.19115" lon="-16.66339">
        <ele>2084.0</ele>
      </trkpt>
      <trkpt lat="28.19111" lon="-16.663239">
        <ele>2084.0</ele>
      </trkpt>
      <trkpt lat="28.19092" lon="-16.6627">
        <ele>2084.0</ele>
      </trkpt>
      <trkpt lat="28.19082" lon="-16.66252">
        <ele>2084.0</ele>
      </trkpt>
      <trkpt lat="28.19072" lon="-16.66242">
        <ele>2084.0</ele>
      </trkpt>
      <trkpt lat="28.19053" lon="-16.66225">
        <ele>2084.0</ele>
      </trkpt>
      <trkpt lat="28.190135" lon="-16.661954">
        <ele>2084.0</ele>
      </trkpt>
      <trkpt lat="28.18974" lon="-16.66166">
        <ele>2084.0</ele>
      </trkpt>
      <trkpt lat="28.18949" lon="-16.6615">
        <ele>2084.0</ele>
      </trkpt>
      <trkpt lat="28.18937" lon="-16.66149">
        <ele>2084.0</ele>
      </trkpt>
      <trkpt lat="28.18926" lon="-16.66151">
        <ele>2084.0</ele>
      </trkpt>
      <trkpt lat="28.18851" lon="-16.66178">
        <ele>2084.0</ele>
      </trkpt>
      <trkpt lat="28.18838" lon="-16.661819">
        <ele>2084.0</ele>
      </trkpt>
      <trkpt lat="28.18826" lon="-16.66181">
        <ele>2084.0</ele>
      </trkpt>
      <trkpt lat="28.18818" lon="-16.66177">
        <ele>2084.0</ele>
      </trkpt>
      <trkpt lat="28.18807" lon="-16.66169">
        <ele>2084.0</ele>
      </trkpt>
      <trkpt lat="28.18768" lon="-16.66129">
        <ele>2084.0</ele>
      </trkpt>
      <trkpt lat="28.18757" lon="-16.661079">
        <ele>2084.0</ele>
      </trkpt>
      <trkpt lat="28.18757" lon="-16.66085">
        <ele>2084.0</ele>
      </trkpt>
      <trkpt lat="28.18761" lon="-16.66074">
        <ele>2084.0</ele>
      </trkpt>
      <trkpt lat="28.18793" lon="-16.66018">
        <ele>2019.0</ele>
      </trkpt>
      <trkpt lat="28.18825" lon="-16.65953">
        <ele>2019.0</ele>
      </trkpt>
      <trkpt lat="28.18852" lon="-16.65925">
        <ele>2019.0</ele>
      </trkpt>
      <trkpt lat="28.18866" lon="-16.65914">
        <ele>2019.0</ele>
      </trkpt>
      <trkpt lat="28.18904" lon="-16.6589">
        <ele>2019.0</ele>
      </trkpt>
      <trkpt lat="28.18912" lon="-16.658829">
        <ele>2019.0</ele>
      </trkpt>
      <trkpt lat="28.18916" lon="-16.658729">
        <ele>2019.0</ele>
      </trkpt>
      <trkpt lat="28.18916" lon="-16.65848">
        <ele>2019.0</ele>
      </trkpt>
      <trkpt lat="28.18907" lon="-16.65796">
        <ele>2019.0</ele>
      </trkpt>
      <trkpt lat="28.18898" lon="-16.65744">
        <ele>2019.0</ele>
      </trkpt>
      <trkpt lat="28.18893" lon="-16.65725">
        <ele>2019.0</ele>
      </trkpt>
      <trkpt lat="28.18878" lon="-16.657039">
        <ele>2019.0</ele>
      </trkpt>
      <trkpt lat="28.18865" lon="-16.65698">
        <ele>2019.0</ele>
      </trkpt>
      <trkpt lat="28.187905" lon="-16.656839">
        <ele>2019.0</ele>
      </trkpt>
      <trkpt lat="28.18716" lon="-16.6567">
        <ele>2019.0</ele>
      </trkpt>
      <trkpt lat="28.18704" lon="-16.65669">
        <ele>2019.0</ele>
      </trkpt>
      <trkpt lat="28.18692" lon="-16.65672">
        <ele>2000.0</ele>
      </trkpt>
      <trkpt lat="28.18647" lon="-16.656939">
        <ele>2000.0</ele>
      </trkpt>
      <trkpt lat="28.18602" lon="-16.65716">
        <ele>2000.0</ele>
      </trkpt>
      <trkpt lat="28.185305" lon="-16.65739">
        <ele>2000.0</ele>
      </trkpt>
      <trkpt lat="28.18459" lon="-16.65762">
        <ele>2000.0</ele>
      </trkpt>
      <trkpt lat="28.18446" lon="-16.657699">
        <ele>2000.0</ele>
      </trkpt>
      <trkpt lat="28.18396" lon="-16.65815">
        <ele>2000.0</ele>
      </trkpt>
      <trkpt lat="28.183535" lon="-16.658445">
        <ele>2000.0</ele>
      </trkpt>
      <trkpt lat="28.18311" lon="-16.65874">
        <ele>1960.2</ele>
      </trkpt>
      <trkpt lat="28.18241" lon="-16.65913">
        <ele>1960.2</ele>
      </trkpt>
      <trkpt lat="28.1823" lon="-16.65916">
        <ele>1960.2</ele>
      </trkpt>
      <trkpt lat="28.1822" lon="-16.65916">
        <ele>1960.2</ele>
      </trkpt>
      <trkpt lat="28.18133" lon="-16.65903">
        <ele>1960.2</ele>
      </trkpt>
      <trkpt lat="28.18058" lon="-16.6589">
        <ele>1960.1</ele>
      </trkpt>
      <trkpt lat="28.18032" lon="-16.658809">
        <ele>1960.1</ele>
      </trkpt>
      <trkpt lat="28.18022" lon="-16.65875">
        <ele>1960.1</ele>
      </trkpt>
      <trkpt lat="28.18009" lon="-16.6586">
        <ele>1960.1</ele>
      </trkpt>
      <trkpt lat="28.17973" lon="-16.658085">
        <ele>1960.1</ele>
      </trkpt>
      <trkpt lat="28.17937" lon="-16.65757">
        <ele>1960.1</ele>
      </trkpt>
      <trkpt lat="28.17927" lon="-16.65747">
        <ele>1960.1</ele>
      </trkpt>
      <trkpt lat="28.17919" lon="-16.657419">
        <ele>1960.1</ele>
      </trkpt>
      <trkpt lat="28.17909" lon="-16.65738">
        <ele>1960.1</ele>
      </trkpt>
      <trkpt lat="28.17859" lon="-16.65737">
        <ele>1960.1</ele>
      </trkpt>
      <trkpt lat="28.17847" lon="-16.65735">
        <ele>1960.1</ele>
      </trkpt>
      <trkpt lat="28.17838" lon="-16.657309">
        <ele>1960.1</ele>
      </trkpt>
      <trkpt lat="28.17829" lon="-16.657229">
        <ele>1960.1</ele>
      </trkpt>
      <trkpt lat="28.17822" lon="-16.657129">
        <ele>1960.1</ele>
      </trkpt>
      <trkpt lat="28.17793" lon="-16.65662">
        <ele>1960.1</ele>
      </trkpt>
      <trkpt lat="28.17764" lon="-16.65611">
        <ele>1876.0</ele>
      </trkpt>
      <trkpt lat="28.17753" lon="-16.65596">
        <ele>1876.0</ele>
      </trkpt>
      <trkpt lat="28.17697" lon="-16.65547">
        <ele>1876.0</ele>
      </trkpt>
      <trkpt lat="28.17691" lon="-16.65538">
        <ele>1876.0</ele>
      </trkpt>
      <trkpt lat="28.17687" lon="-16.65528">
        <ele>1876.0</ele>
      </trkpt>
      <trkpt lat="28.17687" lon="-16.65519">
        <ele>1876.0</ele>
      </trkpt>
      <trkpt lat="28.1769" lon="-16.6551">
        <ele>1876.0</ele>
      </trkpt>
      <trkpt lat="28.17698" lon="-16.655">
        <ele>1876.0</ele>
      </trkpt>
      <trkpt lat="28.17731" lon="-16.654779">
        <ele>1876.0</ele>
      </trkpt>
      <trkpt lat="28.17744" lon="-16.65465">
        <ele>1876.0</ele>
      </trkpt>
      <trkpt lat="28.1775" lon="-16.65454">
        <ele>1876.0</ele>
      </trkpt>
      <trkpt lat="28.17753" lon="-16.65444">
        <ele>1876.0</ele>
      </trkpt>
      <trkpt lat="28.17752" lon="-16.65435">
        <ele>1876.0</ele>
      </trkpt>
      <trkpt lat="28.17746" lon="-16.65416">
        <ele>1876.0</ele>
      </trkpt>
      <trkpt lat="28.17695" lon="-16.65352">
        <ele>1876.0</ele>
      </trkpt>
      <trkpt lat="28.17679" lon="-16.653279">
        <ele>1876.0</ele>
      </trkpt>
      <trkpt lat="28.17639" lon="-16.65258">
        <ele>1876.0</ele>
      </trkpt>
      <trkpt lat="28.176085" lon="-16.652165">
        <ele>1876.0</ele>
      </trkpt>
      <trkpt lat="28.17578" lon="-16.65175">
        <ele>1876.0</ele>
      </trkpt>
      <trkpt lat="28.17571" lon="-16.65163">
        <ele>1876.0</ele>
      </trkpt>
      <trkpt lat="28.1756" lon="-16.65106">
        <ele>1876.0</ele>
      </trkpt>
      <trkpt lat="28.17555" lon="-16.650929">
        <ele>1876.0</ele>
      </trkpt>
      <trkpt lat="28.17549" lon="-16.650849">
        <ele>1876.0</ele>
      </trkpt>
      <trkpt lat="28.17542" lon="-16.65079">
        <ele>1876.0</ele>
      </trkpt>
      <trkpt lat="28.17535" lon="-16.65078">
        <ele>1876.0</ele>
      </trkpt>
      <trkpt lat="28.17525" lon="-16.65078">
        <ele>1876.0</ele>
      </trkpt>
      <trkpt lat="28.17518" lon="-16.65081">
        <ele>1876.0</ele>
      </trkpt>
      <trkpt lat="28.17509" lon="-16.65091">
        <ele>1876.0</ele>
      </trkpt>
      <trkpt lat="28.17502" lon="-16.651039">
        <ele>1876.0</ele>
      </trkpt>
      <trkpt lat="28.17486" lon="-16.65145">
        <ele>1846.0</ele>
      </trkpt>
      <trkpt lat="28.17482" lon="-16.651599">
        <ele>1846.0</ele>
      </trkpt>
      <trkpt lat="28.17482" lon="-16.65172">
        <ele>1846.0</ele>
      </trkpt>
      <trkpt lat="28.17488" lon="-16.652249">
        <ele>1846.0</ele>
      </trkpt>
      <trkpt lat="28.17488" lon="-16.65237">
        <ele>1846.0</ele>
      </trkpt>
      <trkpt lat="28.17482" lon="-16.65255">
        <ele>1846.0</ele>
      </trkpt>
      <trkpt lat="28.17476" lon="-16.6526">
        <ele>1846.0</ele>
      </trkpt>
      <trkpt lat="28.17469" lon="-16.65264">
        <ele>1846.0</ele>
      </trkpt>
      <trkpt lat="28.17462" lon="-16.65264">
        <ele>1846.0</ele>
      </trkpt>
      <trkpt lat="28.17456" lon="-16.652619">
        <ele>1846.0</ele>
      </trkpt>
      <trkpt lat="28.17448" lon="-16.65256">
        <ele>1846.0</ele>
      </trkpt>
      <trkpt lat="28.1744" lon="-16.65247">
        <ele>1846.0</ele>
      </trkpt>
      <trkpt lat="28.174" lon="-16.65163">
        <ele>1846.0</ele>
      </trkpt>
      <trkpt lat="28.17394" lon="-16.65143">
        <ele>1846.0</ele>
      </trkpt>
      <trkpt lat="28.17393" lon="-16.65134">
        <ele>1846.0</ele>
      </trkpt>
      <trkpt lat="28.17398" lon="-16.651129">
        <ele>1846.0</ele>
      </trkpt>
      <trkpt lat="28.17423" lon="-16.65067">
        <ele>1846.0</ele>
      </trkpt>
      <trkpt lat="28.17432" lon="-16.650569">
        <ele>1846.0</ele>
      </trkpt>
      <trkpt lat="28.17444" lon="-16.6505">
        <ele>1846.0</ele>
      </trkpt>
      <trkpt lat="28.17502" lon="-16.65036">
        <ele>1846.0</ele>
      </trkpt>
      <trkpt lat="28.1756" lon="-16.65022">
        <ele>1846.0</ele>
      </trkpt>
      <trkpt lat="28.17579" lon="-16.65015">
        <ele>1846.0</ele>
      </trkpt>
      <trkpt lat="28.1759" lon="-16.650099">
        <ele>1846.0</ele>
      </trkpt>
      <trkpt lat="28.17598" lon="-16.65003">
        <ele>1846.0</ele>
      </trkpt>
      <trkpt lat="28.17602" lon="-16.64994">
        <ele>1846.0</ele>
      </trkpt>
      <trkpt lat="28.17604" lon="-16.64984">
        <ele>1846.0</ele>
      </trkpt>
      <trkpt lat="28.176" lon="-16.64966">
        <ele>1846.0</ele>
      </trkpt>
      <trkpt lat="28.17582" lon="-16.64947">
        <ele>1846.0</ele>
      </trkpt>
      <trkpt lat="28.175335" lon="-16.649165">
        <ele>1803.0</ele>
      </trkpt>
      <trkpt lat="28.17485" lon="-16.64886">
        <ele>1803.0</ele>
      </trkpt>
      <trkpt lat="28.17469" lon="-16.64872">
        <ele>1803.0</ele>
      </trkpt>
      <trkpt lat="28.17454" lon="-16.64855">
        <ele>1803.0</ele>
      </trkpt>
      <trkpt lat="28.17448" lon="-16.64844">
        <ele>1803.0</ele>
      </trkpt>
      <trkpt lat="28.17446" lon="-16.64833">
        <ele>1803.0</ele>
      </trkpt>
      <trkpt lat="28.17445" lon="-16.64767">
        <ele>1803.0</ele>
      </trkpt>
      <trkpt lat="28.17442" lon="-16.64745">
        <ele>1803.0</ele>
      </trkpt>
      <trkpt lat="28.17439" lon="-16.64731">
        <ele>1803.0</ele>
      </trkpt>
      <trkpt lat="28.17428" lon="-16.64712">
        <ele>1803.0</ele>
      </trkpt>
      <trkpt lat="28.1741" lon="-16.646999">
        <ele>1803.0</ele>
      </trkpt>
      <trkpt lat="28.17401" lon="-16.64695">
        <ele>1803.0</ele>
      </trkpt>
      <trkpt lat="28.17373" lon="-16.646899">
        <ele>1803.0</ele>
      </trkpt>
      <trkpt lat="28.17296" lon="-16.646775">
        <ele>1803.0</ele>
      </trkpt>
      <trkpt lat="28.17219" lon="-16.64665">
        <ele>1803.0</ele>
      </trkpt>
      <trkpt lat="28.1721" lon="-16.646609">
        <ele>1803.0</ele>
      </trkpt>
      <trkpt lat="28.17192" lon="-16.646429">
        <ele>1803.0</ele>
      </trkpt>
      <trkpt lat="28.17164" lon="-16.64567">
        <ele>1803.0</ele>
      </trkpt>
      <trkpt lat="28.17162" lon="-16.64545">
        <ele>1803.0</ele>
      </trkpt>
      <trkpt lat="28.17166" lon="-16.64516">
        <ele>1803.0</ele>
      </trkpt>
      <trkpt lat="28.1717" lon="-16.64504">
        <ele>1803.0</ele>
      </trkpt>
      <trkpt lat="28.17182" lon="-16.64481">
        <ele>1803.0</ele>
      </trkpt>
      <trkpt lat="28.172" lon="-16.644649">
        <ele>1803.0</ele>
      </trkpt>
      <trkpt lat="28.17216" lon="-16.644549">
        <ele>1803.0</ele>
      </trkpt>
      <trkpt lat="28.17283" lon="-16.64421">
        <ele>1758.0</ele>
      </trkpt>
      <trkpt lat="28.17296" lon="-16.644189">
        <ele>1758.0</ele>
      </trkpt>
      <trkpt lat="28.1738" lon="-16.644169">
        <ele>1758.0</ele>
      </trkpt>
      <trkpt lat="28.17396" lon="-16.644179">
        <ele>1758.0</ele>
      </trkpt>
      <trkpt lat="28.1741" lon="-16.64421">
        <ele>1758.0</ele>
      </trkpt>
      <trkpt lat="28.17489" lon="-16.64451">
        <ele>1758.0</ele>
      </trkpt>
      <trkpt lat="28.17548" lon="-16.644559">
        <ele>1758.0</ele>
      </trkpt>
      <trkpt lat="28.1756" lon="-16.64459">
        <ele>1758.0</ele>
      </trkpt>
      <trkpt lat="28.176115" lon="-16.644775">
        <ele>1758.0</ele>
      </trkpt>
      <trkpt lat="28.17663" lon="-16.64496">
        <ele>1758.0</ele>
      </trkpt>
      <trkpt lat="28.17678" lon="-16.64499">
        <ele>1758.0</ele>
      </trkpt>
      <trkpt lat="28.1769" lon="-16.64501">
        <ele>1758.0</ele>
      </trkpt>
      <trkpt lat="28.17702" lon="-16.64497">
        <ele>1758.0</ele>
      </trkpt>
      <trkpt lat="28.17712" lon="-16.644929">
        <ele>1758.0</ele>
      </trkpt>
      <trkpt lat="28.17721" lon="-16.644839">
        <ele>1758.0</ele>
      </trkpt>
      <trkpt lat="28.177202" lon="-16.644811">
        <ele>1752.7</ele>
      </trkpt>
      <trkpt lat="28.17721" lon="-16.64482">
        <ele>1752.8</ele>
      </trkpt>
      <trkpt lat="28.17722" lon="-16.64482">
        <ele>1752.8</ele>
      </trkpt>
      <trkpt lat="28.17725" lon="-16.64478">
        <ele>1752.1</ele>
      </trkpt>
      <trkpt lat="28.1773" lon="-16.64471">
        <ele>1751.0</ele>
      </trkpt>
      <trkpt lat="28.17733" lon="-16.644659">
        <ele>1750.2</ele>
      </trkpt>
      <trkpt lat="28.17733" lon="-16.644649">
        <ele>1750.0</ele>
      </trkpt>
      <trkpt lat="28.1774" lon="-16.64452">
        <ele>1748.3</ele>
      </trkpt>
      <trkpt lat="28.17741" lon="-16.64448">
        <ele>1747.7</ele>
      </trkpt>
      <trkpt lat="28.17748" lon="-16.64429">
        <ele>1745.5</ele>
      </trkpt>
      <trkpt lat="28.17754" lon="-16.6441">
        <ele>1744.0</ele>
      </trkpt>
      <trkpt lat="28.17757" lon="-16.64401">
        <ele>1743.6</ele>
      </trkpt>
      <trkpt lat="28.17757" lon="-16.64392">
        <ele>1742.9</ele>
      </trkpt>
      <trkpt lat="28.17757" lon="-16.643899">
        <ele>1742.7</ele>
      </trkpt>
      <trkpt lat="28.17757" lon="-16.64387">
        <ele>1742.4</ele>
      </trkpt>
      <trkpt lat="28.17755" lon="-16.643809">
        <ele>1741.7</ele>
      </trkpt>
      <trkpt lat="28.17753" lon="-16.64374">
        <ele>1740.8</ele>
      </trkpt>
      <trkpt lat="28.17751" lon="-16.64369">
        <ele>1740.1</ele>
      </trkpt>
      <trkpt lat="28.17749" lon="-16.64364">
        <ele>1739.5</ele>
      </trkpt>
      <trkpt lat="28.17746" lon="-16.6436">
        <ele>1738.8</ele>
      </trkpt>
      <trkpt lat="28.17743" lon="-16.64356">
        <ele>1738.0</ele>
      </trkpt>
      <trkpt lat="28.17738" lon="-16.64351">
        <ele>1737.0</ele>
      </trkpt>
      <trkpt lat="28.1773" lon="-16.64347">
        <ele>1735.6</ele>
      </trkpt>
      <trkpt lat="28.17722" lon="-16.643439">
        <ele>1734.3</ele>
      </trkpt>
      <trkpt lat="28.17715" lon="-16.643419">
        <ele>1733.2</ele>
      </trkpt>
      <trkpt lat="28.1771" lon="-16.643419">
        <ele>1732.6</ele>
      </trkpt>
      <trkpt lat="28.17707" lon="-16.643419">
        <ele>1732.2</ele>
      </trkpt>
      <trkpt lat="28.17705" lon="-16.643419">
        <ele>1732.0</ele>
      </trkpt>
      <trkpt lat="28.17689" lon="-16.643439">
        <ele>1730.1</ele>
      </trkpt>
      <trkpt lat="28.17685" lon="-16.643439">
        <ele>1729.6</ele>
      </trkpt>
      <trkpt lat="28.17665" lon="-16.64347">
        <ele>1727.4</ele>
      </trkpt>
      <trkpt lat="28.17658" lon="-16.64347">
        <ele>1726.6</ele>
      </trkpt>
      <trkpt lat="28.17654" lon="-16.64347">
        <ele>1726.1</ele>
      </trkpt>
      <trkpt lat="28.17651" lon="-16.64347">
        <ele>1725.7</ele>
      </trkpt>
      <trkpt lat="28.17645" lon="-16.64346">
        <ele>1724.8</ele>
      </trkpt>
      <trkpt lat="28.17639" lon="-16.64345">
        <ele>1723.9</ele>
      </trkpt>
      <trkpt lat="28.17636" lon="-16.643439">
        <ele>1723.4</ele>
      </trkpt>
      <trkpt lat="28.17632" lon="-16.643429">
        <ele>1722.7</ele>
      </trkpt>
      <trkpt lat="28.17626" lon="-16.6434">
        <ele>1721.4</ele>
      </trkpt>
      <trkpt lat="28.17622" lon="-16.64337">
        <ele>1720.3</ele>
      </trkpt>
      <trkpt lat="28.17617" lon="-16.643329">
        <ele>1718.8</ele>
      </trkpt>
      <trkpt lat="28.17612" lon="-16.64327">
        <ele>1718.0</ele>
      </trkpt>
      <trkpt lat="28.17608" lon="-16.6432">
        <ele>1717.2</ele>
      </trkpt>
      <trkpt lat="28.17607" lon="-16.64318">
        <ele>1717.0</ele>
      </trkpt>
      <trkpt lat="28.17599" lon="-16.64303">
        <ele>1715.1</ele>
      </trkpt>
      <trkpt lat="28.1759" lon="-16.64285">
        <ele>1712.5</ele>
      </trkpt>
      <trkpt lat="28.17581" lon="-16.642669">
        <ele>1709.8</ele>
      </trkpt>
      <trkpt lat="28.17578" lon="-16.64263">
        <ele>1709.3</ele>
      </trkpt>
      <trkpt lat="28.17572" lon="-16.642499">
        <ele>1707.6</ele>
      </trkpt>
      <trkpt lat="28.17569" lon="-16.64245">
        <ele>1707.1</ele>
      </trkpt>
      <trkpt lat="28.17564" lon="-16.64235">
        <ele>1706.1</ele>
      </trkpt>
      <trkpt lat="28.17563" lon="-16.64232">
        <ele>1705.8</ele>
      </trkpt>
      <trkpt lat="28.17561" lon="-16.64228">
        <ele>1705.3</ele>
      </trkpt>
      <trkpt lat="28.17559" lon="-16.64224">
        <ele>1704.7</ele>
      </trkpt>
      <trkpt lat="28.17557" lon="-16.64218">
        <ele>1704.0</ele>
      </trkpt>
      <trkpt lat="28.17555" lon="-16.64214">
        <ele>1703.4</ele>
      </trkpt>
      <trkpt lat="28.17555" lon="-16.64213">
        <ele>1703.3</ele>
      </trkpt>
      <trkpt lat="28.17553" lon="-16.64208">
        <ele>1702.6</ele>
      </trkpt>
      <trkpt lat="28.17553" lon="-16.64205">
        <ele>1702.4</ele>
      </trkpt>
      <trkpt lat="28.17552" lon="-16.642019">
        <ele>1702.0</ele>
      </trkpt>
      <trkpt lat="28.1755" lon="-16.64195">
        <ele>1701.0</ele>
      </trkpt>
      <trkpt lat="28.1755" lon="-16.64194">
        <ele>1701.0</ele>
      </trkpt>
      <trkpt lat="28.17549" lon="-16.64187">
        <ele>1700.2</ele>
      </trkpt>
      <trkpt lat="28.17547" lon="-16.64179">
        <ele>1699.1</ele>
      </trkpt>
      <trkpt lat="28.17547" lon="-16.641739">
        <ele>1698.7</ele>
      </trkpt>
      <trkpt lat="28.17545" lon="-16.64161">
        <ele>1697.4</ele>
      </trkpt>
      <trkpt lat="28.17544" lon="-16.641459">
        <ele>1696.8</ele>
      </trkpt>
      <trkpt lat="28.17543" lon="-16.64133">
        <ele>1696.3</ele>
      </trkpt>
      <trkpt lat="28.17542" lon="-16.641269">
        <ele>1695.9</ele>
      </trkpt>
      <trkpt lat="28.17541" lon="-16.64113">
        <ele>1695.4</ele>
      </trkpt>
      <trkpt lat="28.1754" lon="-16.64104">
        <ele>1695.0</ele>
      </trkpt>
      <trkpt lat="28.17539" lon="-16.64093">
        <ele>1694.5</ele>
      </trkpt>
      <trkpt lat="28.17538" lon="-16.64083">
        <ele>1694.1</ele>
      </trkpt>
      <trkpt lat="28.17537" lon="-16.64072">
        <ele>1693.2</ele>
      </trkpt>
      <trkpt lat="28.17536" lon="-16.640619">
        <ele>1692.3</ele>
      </trkpt>
      <trkpt lat="28.17535" lon="-16.640519">
        <ele>1691.4</ele>
      </trkpt>
      <trkpt lat="28.17534" lon="-16.6404">
        <ele>1690.4</ele>
      </trkpt>
      <trkpt lat="28.17534" lon="-16.64032">
        <ele>1689.9</ele>
      </trkpt>
      <trkpt lat="28.17532" lon="-16.64011">
        <ele>1688.2</ele>
      </trkpt>
      <trkpt lat="28.17532" lon="-16.640059">
        <ele>1687.9</ele>
      </trkpt>
      <trkpt lat="28.1753" lon="-16.63991">
        <ele>1686.8</ele>
      </trkpt>
      <trkpt lat="28.17529" lon="-16.639859">
        <ele>1686.4</ele>
      </trkpt>
      <trkpt lat="28.17529" lon="-16.63983">
        <ele>1686.3</ele>
      </trkpt>
      <trkpt lat="28.17528" lon="-16.63971">
        <ele>1685.7</ele>
      </trkpt>
      <trkpt lat="28.17528" lon="-16.6397">
        <ele>1685.6</ele>
      </trkpt>
      <trkpt lat="28.17526" lon="-16.63963">
        <ele>1685.0</ele>
      </trkpt>
      <trkpt lat="28.17525" lon="-16.63957">
        <ele>1684.6</ele>
      </trkpt>
      <trkpt lat="28.17524" lon="-16.63951">
        <ele>1684.1</ele>
      </trkpt>
      <trkpt lat="28.17523" lon="-16.639479">
        <ele>1683.8</ele>
      </trkpt>
      <trkpt lat="28.1752" lon="-16.639389">
        <ele>1682.9</ele>
      </trkpt>
      <trkpt lat="28.17517" lon="-16.63932">
        <ele>1682.0</ele>
      </trkpt>
      <trkpt lat="28.17514" lon="-16.63927">
        <ele>1681.2</ele>
      </trkpt>
      <trkpt lat="28.17508" lon="-16.63915">
        <ele>1679.7</ele>
      </trkpt>
      <trkpt lat="28.17505" lon="-16.639109">
        <ele>1679.4</ele>
      </trkpt>
      <trkpt lat="28.17502" lon="-16.63906">
        <ele>1679.1</ele>
      </trkpt>
      <trkpt lat="28.17499" lon="-16.639019">
        <ele>1678.7</ele>
      </trkpt>
      <trkpt lat="28.17496" lon="-16.63898">
        <ele>1678.3</ele>
      </trkpt>
      <trkpt lat="28.1749" lon="-16.638929">
        <ele>1677.3</ele>
      </trkpt>
      <trkpt lat="28.17482" lon="-16.63886">
        <ele>1676.1</ele>
      </trkpt>
      <trkpt lat="28.17481" lon="-16.63886">
        <ele>1675.9</ele>
      </trkpt>
      <trkpt lat="28.17467" lon="-16.63875">
        <ele>1674.0</ele>
      </trkpt>
      <trkpt lat="28.17467" lon="-16.638739">
        <ele>1674.1</ele>
      </trkpt>
      <trkpt lat="28.17422" lon="-16.63841">
        <ele>1669.0</ele>
      </trkpt>
      <trkpt lat="28.17419" lon="-16.63839">
        <ele>1668.7</ele>
      </trkpt>
      <trkpt lat="28.17407" lon="-16.6383">
        <ele>1666.9</ele>
      </trkpt>
      <trkpt lat="28.17392" lon="-16.63819">
        <ele>1664.6</ele>
      </trkpt>
      <trkpt lat="28.17347" lon="-16.63785">
        <ele>1660.1</ele>
      </trkpt>
      <trkpt lat="28.17332" lon="-16.63774">
        <ele>1659.2</ele>
      </trkpt>
      <trkpt lat="28.17317" lon="-16.63763">
        <ele>1657.9</ele>
      </trkpt>
      <trkpt lat="28.17313" lon="-16.637599">
        <ele>1657.6</ele>
      </trkpt>
      <trkpt lat="28.17311" lon="-16.63759">
        <ele>1657.3</ele>
      </trkpt>
      <trkpt lat="28.17302" lon="-16.637519">
        <ele>1656.7</ele>
      </trkpt>
      <trkpt lat="28.17292" lon="-16.63746">
        <ele>1655.6</ele>
      </trkpt>
      <trkpt lat="28.1727" lon="-16.637329">
        <ele>1653.7</ele>
      </trkpt>
      <trkpt lat="28.1726" lon="-16.63728">
        <ele>1652.7</ele>
      </trkpt>
      <trkpt lat="28.17253" lon="-16.63725">
        <ele>1651.9</ele>
      </trkpt>
      <trkpt lat="28.1724" lon="-16.63718">
        <ele>1651.2</ele>
      </trkpt>
      <trkpt lat="28.17237" lon="-16.63717">
        <ele>1650.9</ele>
      </trkpt>
      <trkpt lat="28.17233" lon="-16.637149">
        <ele>1650.7</ele>
      </trkpt>
      <trkpt lat="28.1722" lon="-16.6371">
        <ele>1649.4</ele>
      </trkpt>
      <trkpt lat="28.17203" lon="-16.63703">
        <ele>1647.8</ele>
      </trkpt>
      <trkpt lat="28.17186" lon="-16.636949">
        <ele>1646.3</ele>
      </trkpt>
      <trkpt lat="28.1717" lon="-16.63688">
        <ele>1644.6</ele>
      </trkpt>
      <trkpt lat="28.17153" lon="-16.6368">
        <ele>1643.5</ele>
      </trkpt>
      <trkpt lat="28.17149" lon="-16.63679">
        <ele>1643.1</ele>
      </trkpt>
      <trkpt lat="28.17136" lon="-16.63673">
        <ele>1642.5</ele>
      </trkpt>
      <trkpt lat="28.17103" lon="-16.636579">
        <ele>1642.4</ele>
      </trkpt>
      <trkpt lat="28.17086" lon="-16.63651">
        <ele>1642.6</ele>
      </trkpt>
      <trkpt lat="28.17082" lon="-16.636489">
        <ele>1642.7</ele>
      </trkpt>
      <trkpt lat="28.17081" lon="-16.636479">
        <ele>1642.8</ele>
      </trkpt>
      <trkpt lat="28.17069" lon="-16.63644">
        <ele>1641.3</ele>
      </trkpt>
      <trkpt lat="28.17065" lon="-16.63642">
        <ele>1641.1</ele>
      </trkpt>
      <trkpt lat="28.17052" lon="-16.636379">
        <ele>1639.3</ele>
      </trkpt>
      <trkpt lat="28.17044" lon="-16.63635">
        <ele>1638.5</ele>
      </trkpt>
      <trkpt lat="28.16983" lon="-16.63613">
        <ele>1632.2</ele>
      </trkpt>
      <trkpt lat="28.16966" lon="-16.63607">
        <ele>1630.4</ele>
      </trkpt>
      <trkpt lat="28.16949" lon="-16.636009">
        <ele>1628.6</ele>
      </trkpt>
      <trkpt lat="28.16946" lon="-16.636009">
        <ele>1627.8</ele>
      </trkpt>
      <trkpt lat="28.16935" lon="-16.63597">
        <ele>1626.8</ele>
      </trkpt>
      <trkpt lat="28.16918" lon="-16.63591">
        <ele>1625.0</ele>
      </trkpt>
      <trkpt lat="28.16914" lon="-16.63589">
        <ele>1624.7</ele>
      </trkpt>
      <trkpt lat="28.16912" lon="-16.63589">
        <ele>1624.1</ele>
      </trkpt>
      <trkpt lat="28.16905" lon="-16.63586">
        <ele>1623.2</ele>
      </trkpt>
      <trkpt lat="28.16898" lon="-16.635819">
        <ele>1622.8</ele>
      </trkpt>
      <trkpt lat="28.16881" lon="-16.635739">
        <ele>1621.2</ele>
      </trkpt>
      <trkpt lat="28.16865" lon="-16.63566">
        <ele>1619.9</ele>
      </trkpt>
      <trkpt lat="28.1686" lon="-16.635639">
        <ele>1619.3</ele>
      </trkpt>
      <trkpt lat="28.16848" lon="-16.63558">
        <ele>1618.4</ele>
      </trkpt>
      <trkpt lat="28.16844" lon="-16.63556">
        <ele>1618.1</ele>
      </trkpt>
      <trkpt lat="28.16832" lon="-16.6355">
        <ele>1617.3</ele>
      </trkpt>
      <trkpt lat="28.16782" lon="-16.63525">
        <ele>1615.5</ele>
      </trkpt>
      <trkpt lat="28.16779" lon="-16.63524">
        <ele>1615.2</ele>
      </trkpt>
      <trkpt lat="28.16766" lon="-16.635169">
        <ele>1614.8</ele>
      </trkpt>
      <trkpt lat="28.16765" lon="-16.635169">
        <ele>1614.5</ele>
      </trkpt>
      <trkpt lat="28.16755" lon="-16.63514">
        <ele>1613.2</ele>
      </trkpt>
      <trkpt lat="28.16748" lon="-16.63511">
        <ele>1612.6</ele>
      </trkpt>
      <trkpt lat="28.16746" lon="-16.63511">
        <ele>1612.2</ele>
      </trkpt>
      <trkpt lat="28.16738" lon="-16.63509">
        <ele>1611.1</ele>
      </trkpt>
      <trkpt lat="28.16731" lon="-16.635069">
        <ele>1610.3</ele>
      </trkpt>
      <trkpt lat="28.16728" lon="-16.63506">
        <ele>1610.0</ele>
      </trkpt>
      <trkpt lat="28.1672" lon="-16.63504">
        <ele>1609.0</ele>
      </trkpt>
      <trkpt lat="28.16713" lon="-16.63503">
        <ele>1607.8</ele>
      </trkpt>
      <trkpt lat="28.16712" lon="-16.63503">
        <ele>1607.5</ele>
      </trkpt>
      <trkpt lat="28.16704" lon="-16.63502">
        <ele>1606.1</ele>
      </trkpt>
      <trkpt lat="28.16695" lon="-16.63501">
        <ele>1604.4</ele>
      </trkpt>
      <trkpt lat="28.16687" lon="-16.635">
        <ele>1602.9</ele>
      </trkpt>
      <trkpt lat="28.16677" lon="-16.634979">
        <ele>1601.1</ele>
      </trkpt>
      <trkpt lat="28.16673" lon="-16.634979">
        <ele>1600.2</ele>
      </trkpt>
      <trkpt lat="28.1666" lon="-16.63496">
        <ele>1598.0</ele>
      </trkpt>
      <trkpt lat="28.16657" lon="-16.63496">
        <ele>1597.3</ele>
      </trkpt>
      <trkpt lat="28.16648" lon="-16.63495">
        <ele>1595.8</ele>
      </trkpt>
      <trkpt lat="28.16642" lon="-16.63494">
        <ele>1595.0</ele>
      </trkpt>
      <trkpt lat="28.16633" lon="-16.63492">
        <ele>1593.8</ele>
      </trkpt>
      <trkpt lat="28.16625" lon="-16.634889">
        <ele>1593.2</ele>
      </trkpt>
      <trkpt lat="28.16617" lon="-16.63487">
        <ele>1592.3</ele>
      </trkpt>
      <trkpt lat="28.16607" lon="-16.63482">
        <ele>1592.0</ele>
      </trkpt>
      <trkpt lat="28.16606" lon="-16.63481">
        <ele>1592.1</ele>
      </trkpt>
      <trkpt lat="28.16599" lon="-16.63477">
        <ele>1592.1</ele>
      </trkpt>
      <trkpt lat="28.16593" lon="-16.63473">
        <ele>1592.3</ele>
      </trkpt>
      <trkpt lat="28.16592" lon="-16.634709">
        <ele>1592.8</ele>
      </trkpt>
      <trkpt lat="28.16584" lon="-16.63465">
        <ele>1593.3</ele>
      </trkpt>
      <trkpt lat="28.16573" lon="-16.63456">
        <ele>1593.0</ele>
      </trkpt>
      <trkpt lat="28.16563" lon="-16.63448">
        <ele>1592.3</ele>
      </trkpt>
      <trkpt lat="28.1656" lon="-16.63445">
        <ele>1592.2</ele>
      </trkpt>
      <trkpt lat="28.16559" lon="-16.63445">
        <ele>1591.9</ele>
      </trkpt>
      <trkpt lat="28.16555" lon="-16.634419">
        <ele>1591.4</ele>
      </trkpt>
      <trkpt lat="28.16549" lon="-16.63439">
        <ele>1590.3</ele>
      </trkpt>
      <trkpt lat="28.16545" lon="-16.63438">
        <ele>1589.2</ele>
      </trkpt>
      <trkpt lat="28.16542" lon="-16.63438">
        <ele>1588.1</ele>
      </trkpt>
      <trkpt lat="28.16539" lon="-16.63438">
        <ele>1587.1</ele>
      </trkpt>
      <trkpt lat="28.16535" lon="-16.63439">
        <ele>1585.4</ele>
      </trkpt>
      <trkpt lat="28.16532" lon="-16.6344">
        <ele>1584.1</ele>
      </trkpt>
      <trkpt lat="28.16529" lon="-16.634419">
        <ele>1582.5</ele>
      </trkpt>
      <trkpt lat="28.16525" lon="-16.63445">
        <ele>1580.4</ele>
      </trkpt>
      <trkpt lat="28.16523" lon="-16.63448">
        <ele>1578.9</ele>
      </trkpt>
      <trkpt lat="28.16521" lon="-16.634519">
        <ele>1577.3</ele>
      </trkpt>
      <trkpt lat="28.1652" lon="-16.63457">
        <ele>1575.7</ele>
      </trkpt>
      <trkpt lat="28.1652" lon="-16.63462">
        <ele>1574.5</ele>
      </trkpt>
      <trkpt lat="28.16521" lon="-16.63464">
        <ele>1574.3</ele>
      </trkpt>
      <trkpt lat="28.16521" lon="-16.63466">
        <ele>1573.8</ele>
      </trkpt>
      <trkpt lat="28.16522" lon="-16.634709">
        <ele>1572.8</ele>
      </trkpt>
      <trkpt lat="28.16525" lon="-16.63475">
        <ele>1572.7</ele>
      </trkpt>
      <trkpt lat="28.16525" lon="-16.63476">
        <ele>1572.4</ele>
      </trkpt>
      <trkpt lat="28.16529" lon="-16.634799">
        <ele>1572.6</ele>
      </trkpt>
      <trkpt lat="28.1653" lon="-16.634799">
        <ele>1572.8</ele>
      </trkpt>
      <trkpt lat="28.16536" lon="-16.63483">
        <ele>1573.7</ele>
      </trkpt>
      <trkpt lat="28.16542" lon="-16.63486">
        <ele>1574.5</ele>
      </trkpt>
      <trkpt lat="28.16547" lon="-16.634879">
        <ele>1575.3</ele>
      </trkpt>
      <trkpt lat="28.1655" lon="-16.634889">
        <ele>1575.9</ele>
      </trkpt>
      <trkpt lat="28.16557" lon="-16.63492">
        <ele>1576.8</ele>
      </trkpt>
      <trkpt lat="28.16563" lon="-16.63494">
        <ele>1577.8</ele>
      </trkpt>
      <trkpt lat="28.16569" lon="-16.63496">
        <ele>1578.7</ele>
      </trkpt>
      <trkpt lat="28.1658" lon="-16.63501">
        <ele>1579.7</ele>
      </trkpt>
      <trkpt lat="28.16581" lon="-16.63501">
        <ele>1580.0</ele>
      </trkpt>
      <trkpt lat="28.16597" lon="-16.63509">
        <ele>1579.6</ele>
      </trkpt>
      <trkpt lat="28.16614" lon="-16.635179">
        <ele>1578.9</ele>
      </trkpt>
      <trkpt lat="28.16622" lon="-16.63522">
        <ele>1578.7</ele>
      </trkpt>
      <trkpt lat="28.1663" lon="-16.635259">
        <ele>1578.5</ele>
      </trkpt>
      <trkpt lat="28.16646" lon="-16.635349">
        <ele>1577.7</ele>
      </trkpt>
      <trkpt lat="28.16658" lon="-16.63542">
        <ele>1577.0</ele>
      </trkpt>
      <trkpt lat="28.16679" lon="-16.63553">
        <ele>1576.9</ele>
      </trkpt>
      <trkpt lat="28.16695" lon="-16.63561">
        <ele>1577.2</ele>
      </trkpt>
      <trkpt lat="28.16711" lon="-16.6357">
        <ele>1577.2</ele>
      </trkpt>
      <trkpt lat="28.16728" lon="-16.63579">
        <ele>1577.4</ele>
      </trkpt>
      <trkpt lat="28.16738" lon="-16.63584">
        <ele>1577.7</ele>
      </trkpt>
      <trkpt lat="28.16744" lon="-16.63588">
        <ele>1577.8</ele>
      </trkpt>
      <trkpt lat="28.1676" lon="-16.63597">
        <ele>1578.4</ele>
      </trkpt>
      <trkpt lat="28.16768" lon="-16.636019">
        <ele>1578.6</ele>
      </trkpt>
      <trkpt lat="28.16791" lon="-16.63617">
        <ele>1578.6</ele>
      </trkpt>
      <trkpt lat="28.16793" lon="-16.63618">
        <ele>1578.7</ele>
      </trkpt>
      <trkpt lat="28.168" lon="-16.63623">
        <ele>1578.6</ele>
      </trkpt>
      <trkpt lat="28.16801" lon="-16.63623">
        <ele>1578.8</ele>
      </trkpt>
      <trkpt lat="28.16804" lon="-16.63628">
        <ele>1577.7</ele>
      </trkpt>
      <trkpt lat="28.16805" lon="-16.636289">
        <ele>1577.5</ele>
      </trkpt>
      <trkpt lat="28.16807" lon="-16.63632">
        <ele>1576.9</ele>
      </trkpt>
      <trkpt lat="28.16809" lon="-16.63637">
        <ele>1575.5</ele>
      </trkpt>
      <trkpt lat="28.1681" lon="-16.63644">
        <ele>1573.0</ele>
      </trkpt>
      <trkpt lat="28.1681" lon="-16.636479">
        <ele>1571.5</ele>
      </trkpt>
      <trkpt lat="28.1681" lon="-16.636489">
        <ele>1571.1</ele>
      </trkpt>
      <trkpt lat="28.16808" lon="-16.63656">
        <ele>1568.0</ele>
      </trkpt>
      <trkpt lat="28.16804" lon="-16.63663">
        <ele>1564.4</ele>
      </trkpt>
      <trkpt lat="28.16799" lon="-16.6367">
        <ele>1560.9</ele>
      </trkpt>
      <trkpt lat="28.16791" lon="-16.63674">
        <ele>1557.9</ele>
      </trkpt>
      <trkpt lat="28.16786" lon="-16.636759">
        <ele>1556.3</ele>
      </trkpt>
      <trkpt lat="28.16781" lon="-16.636769">
        <ele>1554.9</ele>
      </trkpt>
      <trkpt lat="28.16774" lon="-16.636759">
        <ele>1553.5</ele>
      </trkpt>
      <trkpt lat="28.16769" lon="-16.63674">
        <ele>1552.9</ele>
      </trkpt>
      <trkpt lat="28.16768" lon="-16.63674">
        <ele>1552.6</ele>
      </trkpt>
      <trkpt lat="28.16759" lon="-16.63669">
        <ele>1551.7</ele>
      </trkpt>
      <trkpt lat="28.16753" lon="-16.63665">
        <ele>1551.3</ele>
      </trkpt>
      <trkpt lat="28.16737" lon="-16.63655">
        <ele>1551.2</ele>
      </trkpt>
      <trkpt lat="28.16721" lon="-16.63646">
        <ele>1550.6</ele>
      </trkpt>
      <trkpt lat="28.16687" lon="-16.63625">
        <ele>1550.0</ele>
      </trkpt>
      <trkpt lat="28.16673" lon="-16.63618">
        <ele>1549.1</ele>
      </trkpt>
      <trkpt lat="28.16671" lon="-16.63617">
        <ele>1549.0</ele>
      </trkpt>
      <trkpt lat="28.16663" lon="-16.63613">
        <ele>1548.5</ele>
      </trkpt>
      <trkpt lat="28.1666" lon="-16.636119">
        <ele>1548.1</ele>
      </trkpt>
      <trkpt lat="28.16656" lon="-16.636109">
        <ele>1547.6</ele>
      </trkpt>
      <trkpt lat="28.16636" lon="-16.63603">
        <ele>1546.0</ele>
      </trkpt>
      <trkpt lat="28.16622" lon="-16.63598">
        <ele>1544.7</ele>
      </trkpt>
      <trkpt lat="28.16588" lon="-16.63586">
        <ele>1541.9</ele>
      </trkpt>
      <trkpt lat="28.16519" lon="-16.63562">
        <ele>1536.4</ele>
      </trkpt>
      <trkpt lat="28.16502" lon="-16.63556">
        <ele>1535.0</ele>
      </trkpt>
      <trkpt lat="28.16491" lon="-16.63552">
        <ele>1533.6</ele>
      </trkpt>
      <trkpt lat="28.16484" lon="-16.6355">
        <ele>1532.4</ele>
      </trkpt>
      <trkpt lat="28.16467" lon="-16.63544">
        <ele>1529.8</ele>
      </trkpt>
      <trkpt lat="28.16448" lon="-16.63537">
        <ele>1526.6</ele>
      </trkpt>
      <trkpt lat="28.16438" lon="-16.63532">
        <ele>1525.2</ele>
      </trkpt>
      <trkpt lat="28.16433" lon="-16.6353">
        <ele>1524.3</ele>
      </trkpt>
      <trkpt lat="28.16431" lon="-16.63529">
        <ele>1524.0</ele>
      </trkpt>
      <trkpt lat="28.16424" lon="-16.63524">
        <ele>1523.4</ele>
      </trkpt>
      <trkpt lat="28.16418" lon="-16.6352">
        <ele>1522.7</ele>
      </trkpt>
      <trkpt lat="28.16418" lon="-16.63519">
        <ele>1523.1</ele>
      </trkpt>
      <trkpt lat="28.16404" lon="-16.63506">
        <ele>1522.1</ele>
      </trkpt>
      <trkpt lat="28.16391" lon="-16.63493">
        <ele>1519.0</ele>
      </trkpt>
      <trkpt lat="28.16389" lon="-16.63491">
        <ele>1518.3</ele>
      </trkpt>
      <trkpt lat="28.16385" lon="-16.63487">
        <ele>1516.7</ele>
      </trkpt>
      <trkpt lat="28.1638" lon="-16.63484">
        <ele>1514.6</ele>
      </trkpt>
      <trkpt lat="28.16376" lon="-16.63482">
        <ele>1512.8</ele>
      </trkpt>
      <trkpt lat="28.16371" lon="-16.63482">
        <ele>1510.7</ele>
      </trkpt>
      <trkpt lat="28.16367" lon="-16.63482">
        <ele>1508.9</ele>
      </trkpt>
      <trkpt lat="28.16362" lon="-16.63484">
        <ele>1506.8</ele>
      </trkpt>
      <trkpt lat="28.16359" lon="-16.63487">
        <ele>1505.6</ele>
      </trkpt>
      <trkpt lat="28.16357" lon="-16.634889">
        <ele>1504.9</ele>
      </trkpt>
      <trkpt lat="28.16354" lon="-16.63492">
        <ele>1503.8</ele>
      </trkpt>
      <trkpt lat="28.16352" lon="-16.63496">
        <ele>1503.2</ele>
      </trkpt>
      <trkpt lat="28.16352" lon="-16.634979">
        <ele>1503.3</ele>
      </trkpt>
      <trkpt lat="28.1635" lon="-16.63504">
        <ele>1501.5</ele>
      </trkpt>
      <trkpt lat="28.1635" lon="-16.635079">
        <ele>1500.5</ele>
      </trkpt>
      <trkpt lat="28.16351" lon="-16.63513">
        <ele>1499.5</ele>
      </trkpt>
      <trkpt lat="28.16353" lon="-16.635179">
        <ele>1498.9</ele>
      </trkpt>
      <trkpt lat="28.16357" lon="-16.63522">
        <ele>1499.3</ele>
      </trkpt>
      <trkpt lat="28.16357" lon="-16.63523">
        <ele>1499.0</ele>
      </trkpt>
      <trkpt lat="28.16365" lon="-16.63528">
        <ele>1500.6</ele>
      </trkpt>
      <trkpt lat="28.16372" lon="-16.63533">
        <ele>1501.7</ele>
      </trkpt>
      <trkpt lat="28.16381" lon="-16.63539">
        <ele>1503.2</ele>
      </trkpt>
      <trkpt lat="28.16387" lon="-16.63543">
        <ele>1504.1</ele>
      </trkpt>
      <trkpt lat="28.16402" lon="-16.63553">
        <ele>1506.2</ele>
      </trkpt>
      <trkpt lat="28.16403" lon="-16.63553">
        <ele>1506.5</ele>
      </trkpt>
      <trkpt lat="28.16419" lon="-16.635629">
        <ele>1508.5</ele>
      </trkpt>
      <trkpt lat="28.16434" lon="-16.635729">
        <ele>1509.1</ele>
      </trkpt>
      <trkpt lat="28.1645" lon="-16.635829">
        <ele>1509.5</ele>
      </trkpt>
      <trkpt lat="28.16456" lon="-16.63587">
        <ele>1509.4</ele>
      </trkpt>
      <trkpt lat="28.16466" lon="-16.635929">
        <ele>1509.5</ele>
      </trkpt>
      <trkpt lat="28.16478" lon="-16.636009">
        <ele>1509.3</ele>
      </trkpt>
      <trkpt lat="28.16489" lon="-16.636099">
        <ele>1508.4</ele>
      </trkpt>
      <trkpt lat="28.16495" lon="-16.63616">
        <ele>1507.4</ele>
      </trkpt>
      <trkpt lat="28.16504" lon="-16.63624">
        <ele>1506.4</ele>
      </trkpt>
      <trkpt lat="28.16506" lon="-16.63626">
        <ele>1506.0</ele>
      </trkpt>
      <trkpt lat="28.16509" lon="-16.636289">
        <ele>1505.5</ele>
      </trkpt>
      <trkpt lat="28.16523" lon="-16.63642">
        <ele>1503.6</ele>
      </trkpt>
      <trkpt lat="28.16551" lon="-16.636679">
        <ele>1500.0</ele>
      </trkpt>
      <trkpt lat="28.16565" lon="-16.63681">
        <ele>1501.2</ele>
      </trkpt>
      <trkpt lat="28.16579" lon="-16.63694">
        <ele>1501.9</ele>
      </trkpt>
      <trkpt lat="28.16587" lon="-16.63702">
        <ele>1502.2</ele>
      </trkpt>
      <trkpt lat="28.16593" lon="-16.63707">
        <ele>1502.8</ele>
      </trkpt>
      <trkpt lat="28.16607" lon="-16.6372">
        <ele>1503.8</ele>
      </trkpt>
      <trkpt lat="28.1662" lon="-16.637329">
        <ele>1504.6</ele>
      </trkpt>
      <trkpt lat="28.16623" lon="-16.63735">
        <ele>1505.0</ele>
      </trkpt>
      <trkpt lat="28.16628" lon="-16.63741">
        <ele>1505.0</ele>
      </trkpt>
      <trkpt lat="28.16629" lon="-16.637429">
        <ele>1504.9</ele>
      </trkpt>
      <trkpt lat="28.16632" lon="-16.63748">
        <ele>1504.7</ele>
      </trkpt>
      <trkpt lat="28.16633" lon="-16.63748">
        <ele>1504.9</ele>
      </trkpt>
      <trkpt lat="28.16635" lon="-16.63757">
        <ele>1506.3</ele>
      </trkpt>
      <trkpt lat="28.16636" lon="-16.63763">
        <ele>1507.6</ele>
      </trkpt>
      <trkpt lat="28.16636" lon="-16.637699">
        <ele>1508.9</ele>
      </trkpt>
      <trkpt lat="28.16634" lon="-16.63776">
        <ele>1509.5</ele>
      </trkpt>
      <trkpt lat="28.16631" lon="-16.63781">
        <ele>1509.7</ele>
      </trkpt>
      <trkpt lat="28.16628" lon="-16.63785">
        <ele>1509.9</ele>
      </trkpt>
      <trkpt lat="28.16623" lon="-16.63788">
        <ele>1509.4</ele>
      </trkpt>
      <trkpt lat="28.16618" lon="-16.637889">
        <ele>1508.5</ele>
      </trkpt>
      <trkpt lat="28.16614" lon="-16.637899">
        <ele>1507.9</ele>
      </trkpt>
      <trkpt lat="28.16611" lon="-16.637899">
        <ele>1507.3</ele>
      </trkpt>
      <trkpt lat="28.16603" lon="-16.637899">
        <ele>1505.6</ele>
      </trkpt>
      <trkpt lat="28.16593" lon="-16.637889">
        <ele>1503.4</ele>
      </trkpt>
      <trkpt lat="28.16591" lon="-16.637889">
        <ele>1502.9</ele>
      </trkpt>
      <trkpt lat="28.16582" lon="-16.63787">
        <ele>1500.7</ele>
      </trkpt>
      <trkpt lat="28.16575" lon="-16.63785">
        <ele>1499.1</ele>
      </trkpt>
      <trkpt lat="28.16566" lon="-16.63783">
        <ele>1497.2</ele>
      </trkpt>
      <trkpt lat="28.16557" lon="-16.63781">
        <ele>1495.3</ele>
      </trkpt>
      <trkpt lat="28.16549" lon="-16.637799">
        <ele>1493.8</ele>
      </trkpt>
      <trkpt lat="28.1654" lon="-16.637789">
        <ele>1492.2</ele>
      </trkpt>
      <trkpt lat="28.16535" lon="-16.637789">
        <ele>1491.4</ele>
      </trkpt>
      <trkpt lat="28.16522" lon="-16.637789">
        <ele>1489.4</ele>
      </trkpt>
      <trkpt lat="28.16521" lon="-16.637789">
        <ele>1489.2</ele>
      </trkpt>
      <trkpt lat="28.16504" lon="-16.637789">
        <ele>1486.5</ele>
      </trkpt>
      <trkpt lat="28.16486" lon="-16.637789">
        <ele>1483.4</ele>
      </trkpt>
      <trkpt lat="28.16485" lon="-16.637799">
        <ele>1483.4</ele>
      </trkpt>
      <trkpt lat="28.16479" lon="-16.637799">
        <ele>1482.4</ele>
      </trkpt>
      <trkpt lat="28.16473" lon="-16.63782">
        <ele>1481.6</ele>
      </trkpt>
      <trkpt lat="28.16467" lon="-16.63784">
        <ele>1480.9</ele>
      </trkpt>
      <trkpt lat="28.16461" lon="-16.63788">
        <ele>1480.4</ele>
      </trkpt>
      <trkpt lat="28.16449" lon="-16.63797">
        <ele>1479.5</ele>
      </trkpt>
      <trkpt lat="28.16448" lon="-16.63797">
        <ele>1479.3</ele>
      </trkpt>
      <trkpt lat="28.16427" lon="-16.63819">
        <ele>1477.8</ele>
      </trkpt>
      <trkpt lat="28.16422" lon="-16.63824">
        <ele>1477.2</ele>
      </trkpt>
      <trkpt lat="28.16413" lon="-16.63835">
        <ele>1476.3</ele>
      </trkpt>
      <trkpt lat="28.16409" lon="-16.63839">
        <ele>1475.7</ele>
      </trkpt>
      <trkpt lat="28.164" lon="-16.63849">
        <ele>1474.6</ele>
      </trkpt>
      <trkpt lat="28.16397" lon="-16.63853">
        <ele>1474.3</ele>
      </trkpt>
      <trkpt lat="28.16384" lon="-16.63868">
        <ele>1473.2</ele>
      </trkpt>
      <trkpt lat="28.1638" lon="-16.638729">
        <ele>1472.9</ele>
      </trkpt>
      <trkpt lat="28.16371" lon="-16.638819">
        <ele>1472.3</ele>
      </trkpt>
      <trkpt lat="28.1637" lon="-16.638839">
        <ele>1472.3</ele>
      </trkpt>
      <trkpt lat="28.16361" lon="-16.638919">
        <ele>1471.8</ele>
      </trkpt>
      <trkpt lat="28.16359" lon="-16.63894">
        <ele>1471.7</ele>
      </trkpt>
      <trkpt lat="28.16357" lon="-16.63895">
        <ele>1471.5</ele>
      </trkpt>
      <trkpt lat="28.16349" lon="-16.639019">
        <ele>1471.2</ele>
      </trkpt>
      <trkpt lat="28.16342" lon="-16.63906">
        <ele>1470.7</ele>
      </trkpt>
      <trkpt lat="28.16335" lon="-16.63909">
        <ele>1470.1</ele>
      </trkpt>
      <trkpt lat="28.16329" lon="-16.6391">
        <ele>1469.8</ele>
      </trkpt>
      <trkpt lat="28.16322" lon="-16.639109">
        <ele>1469.6</ele>
      </trkpt>
      <trkpt lat="28.16314" lon="-16.639109">
        <ele>1469.2</ele>
      </trkpt>
      <trkpt lat="28.16313" lon="-16.639109">
        <ele>1469.2</ele>
      </trkpt>
      <trkpt lat="28.16295" lon="-16.63909">
        <ele>1468.0</ele>
      </trkpt>
      <trkpt lat="28.16292" lon="-16.63909">
        <ele>1467.8</ele>
      </trkpt>
      <trkpt lat="28.16284" lon="-16.63908">
        <ele>1467.3</ele>
      </trkpt>
      <trkpt lat="28.16275" lon="-16.63908">
        <ele>1466.8</ele>
      </trkpt>
      <trkpt lat="28.16261" lon="-16.63908">
        <ele>1466.1</ele>
      </trkpt>
      <trkpt lat="28.16243" lon="-16.63909">
        <ele>1465.0</ele>
      </trkpt>
      <trkpt lat="28.16159" lon="-16.63919">
        <ele>1457.7</ele>
      </trkpt>
      <trkpt lat="28.16143" lon="-16.63923">
        <ele>1454.7</ele>
      </trkpt>
      <trkpt lat="28.16139" lon="-16.63924">
        <ele>1453.9</ele>
      </trkpt>
      <trkpt lat="28.16132" lon="-16.63927">
        <ele>1452.7</ele>
      </trkpt>
      <trkpt lat="28.16125" lon="-16.639309">
        <ele>1451.8</ele>
      </trkpt>
      <trkpt lat="28.1612" lon="-16.63935">
        <ele>1451.3</ele>
      </trkpt>
      <trkpt lat="28.16116" lon="-16.639389">
        <ele>1451.0</ele>
      </trkpt>
      <trkpt lat="28.16113" lon="-16.63943">
        <ele>1450.9</ele>
      </trkpt>
      <trkpt lat="28.16109" lon="-16.6395">
        <ele>1451.1</ele>
      </trkpt>
      <trkpt lat="28.16106" lon="-16.63955">
        <ele>1451.2</ele>
      </trkpt>
      <trkpt lat="28.16104" lon="-16.63962">
        <ele>1451.9</ele>
      </trkpt>
      <trkpt lat="28.16102" lon="-16.63969">
        <ele>1452.6</ele>
      </trkpt>
      <trkpt lat="28.161" lon="-16.639759">
        <ele>1453.2</ele>
      </trkpt>
      <trkpt lat="28.16099" lon="-16.63985">
        <ele>1454.5</ele>
      </trkpt>
      <trkpt lat="28.16098" lon="-16.64003">
        <ele>1457.2</ele>
      </trkpt>
      <trkpt lat="28.16097" lon="-16.64012">
        <ele>1458.2</ele>
      </trkpt>
      <trkpt lat="28.16096" lon="-16.64018">
        <ele>1458.6</ele>
      </trkpt>
      <trkpt lat="28.16094" lon="-16.640239">
        <ele>1458.7</ele>
      </trkpt>
      <trkpt lat="28.1609" lon="-16.64029">
        <ele>1457.8</ele>
      </trkpt>
      <trkpt lat="28.16087" lon="-16.640329">
        <ele>1457.2</ele>
      </trkpt>
      <trkpt lat="28.16083" lon="-16.64036">
        <ele>1456.2</ele>
      </trkpt>
      <trkpt lat="28.16079" lon="-16.64038">
        <ele>1457.1</ele>
      </trkpt>
      <trkpt lat="28.16072" lon="-16.64039">
        <ele>1458.2</ele>
      </trkpt>
      <trkpt lat="28.16068" lon="-16.64039">
        <ele>1458.7</ele>
      </trkpt>
      <trkpt lat="28.16063" lon="-16.64038">
        <ele>1459.3</ele>
      </trkpt>
      <trkpt lat="28.16059" lon="-16.64036">
        <ele>1459.5</ele>
      </trkpt>
      <trkpt lat="28.16055" lon="-16.640329">
        <ele>1459.6</ele>
      </trkpt>
      <trkpt lat="28.16052" lon="-16.64031">
        <ele>1459.7</ele>
      </trkpt>
      <trkpt lat="28.16051" lon="-16.64031">
        <ele>1459.9</ele>
      </trkpt>
      <trkpt lat="28.16049" lon="-16.64028">
        <ele>1459.7</ele>
      </trkpt>
      <trkpt lat="28.16047" lon="-16.64025">
        <ele>1459.5</ele>
      </trkpt>
      <trkpt lat="28.16046" lon="-16.64022">
        <ele>1459.2</ele>
      </trkpt>
      <trkpt lat="28.16044" lon="-16.64017">
        <ele>1458.7</ele>
      </trkpt>
      <trkpt lat="28.16044" lon="-16.64013">
        <ele>1458.1</ele>
      </trkpt>
      <trkpt lat="28.16043" lon="-16.63989">
        <ele>1454.9</ele>
      </trkpt>
      <trkpt lat="28.16042" lon="-16.63973">
        <ele>1452.9</ele>
      </trkpt>
      <trkpt lat="28.16041" lon="-16.63962">
        <ele>1451.6</ele>
      </trkpt>
      <trkpt lat="28.16041" lon="-16.63935">
        <ele>1448.0</ele>
      </trkpt>
      <trkpt lat="28.1604" lon="-16.639199">
        <ele>1446.2</ele>
      </trkpt>
      <trkpt lat="28.16038" lon="-16.63907">
        <ele>1444.0</ele>
      </trkpt>
      <trkpt lat="28.16036" lon="-16.63899">
        <ele>1442.5</ele>
      </trkpt>
      <trkpt lat="28.16034" lon="-16.638929">
        <ele>1441.4</ele>
      </trkpt>
      <trkpt lat="28.16033" lon="-16.6389">
        <ele>1440.8</ele>
      </trkpt>
      <trkpt lat="28.16033" lon="-16.63888">
        <ele>1440.4</ele>
      </trkpt>
      <trkpt lat="28.16029" lon="-16.6388">
        <ele>1438.8</ele>
      </trkpt>
      <trkpt lat="28.16021" lon="-16.63869">
        <ele>1436.5</ele>
      </trkpt>
      <trkpt lat="28.16017" lon="-16.638639">
        <ele>1435.3</ele>
      </trkpt>
      <trkpt lat="28.16007" lon="-16.63857">
        <ele>1433.5</ele>
      </trkpt>
      <trkpt lat="28.15975" lon="-16.63838">
        <ele>1429.7</ele>
      </trkpt>
      <trkpt lat="28.15962" lon="-16.63829">
        <ele>1428.7</ele>
      </trkpt>
      <trkpt lat="28.15955" lon="-16.638259">
        <ele>1428.8</ele>
      </trkpt>
      <trkpt lat="28.15949" lon="-16.63823">
        <ele>1428.8</ele>
      </trkpt>
      <trkpt lat="28.15943" lon="-16.63822">
        <ele>1429.0</ele>
      </trkpt>
      <trkpt lat="28.15935" lon="-16.6382">
        <ele>1429.1</ele>
      </trkpt>
      <trkpt lat="28.15925" lon="-16.638179">
        <ele>1429.1</ele>
      </trkpt>
      <trkpt lat="28.15921" lon="-16.638169">
        <ele>1429.1</ele>
      </trkpt>
      <trkpt lat="28.15907" lon="-16.63814">
        <ele>1428.2</ele>
      </trkpt>
      <trkpt lat="28.15902" lon="-16.63814">
        <ele>1428.0</ele>
      </trkpt>
      <trkpt lat="28.15896" lon="-16.63813">
        <ele>1427.4</ele>
      </trkpt>
      <trkpt lat="28.15872" lon="-16.638079">
        <ele>1425.0</ele>
      </trkpt>
      <trkpt lat="28.15854" lon="-16.63805">
        <ele>1423.2</ele>
      </trkpt>
      <trkpt lat="28.15851" lon="-16.63805">
        <ele>1423.1</ele>
      </trkpt>
      <trkpt lat="28.15845" lon="-16.63804">
        <ele>1422.5</ele>
      </trkpt>
      <trkpt lat="28.15843" lon="-16.63803">
        <ele>1422.1</ele>
      </trkpt>
      <trkpt lat="28.15838" lon="-16.63802">
        <ele>1421.5</ele>
      </trkpt>
      <trkpt lat="28.15833" lon="-16.63802">
        <ele>1421.2</ele>
      </trkpt>
      <trkpt lat="28.1583" lon="-16.63802">
        <ele>1420.8</ele>
      </trkpt>
      <trkpt lat="28.15827" lon="-16.63803">
        <ele>1420.7</ele>
      </trkpt>
      <trkpt lat="28.15823" lon="-16.63803">
        <ele>1420.2</ele>
      </trkpt>
      <trkpt lat="28.1582" lon="-16.63804">
        <ele>1420.2</ele>
      </trkpt>
      <trkpt lat="28.15817" lon="-16.63806">
        <ele>1420.4</ele>
      </trkpt>
      <trkpt lat="28.158" lon="-16.63814">
        <ele>1420.4</ele>
      </trkpt>
      <trkpt lat="28.15796" lon="-16.63816">
        <ele>1420.4</ele>
      </trkpt>
      <trkpt lat="28.15792" lon="-16.638179">
        <ele>1420.4</ele>
      </trkpt>
      <trkpt lat="28.1579" lon="-16.63819">
        <ele>1420.4</ele>
      </trkpt>
      <trkpt lat="28.15785" lon="-16.6382">
        <ele>1419.9</ele>
      </trkpt>
      <trkpt lat="28.15783" lon="-16.63821">
        <ele>1419.9</ele>
      </trkpt>
      <trkpt lat="28.15778" lon="-16.63822">
        <ele>1419.5</ele>
      </trkpt>
      <trkpt lat="28.15773" lon="-16.63822">
        <ele>1418.7</ele>
      </trkpt>
      <trkpt lat="28.15768" lon="-16.63821">
        <ele>1417.8</ele>
      </trkpt>
      <trkpt lat="28.15767" lon="-16.63821">
        <ele>1417.6</ele>
      </trkpt>
      <trkpt lat="28.15765" lon="-16.6382">
        <ele>1417.1</ele>
      </trkpt>
      <trkpt lat="28.15761" lon="-16.63819">
        <ele>1416.3</ele>
      </trkpt>
      <trkpt lat="28.15757" lon="-16.638169">
        <ele>1415.3</ele>
      </trkpt>
      <trkpt lat="28.15751" lon="-16.63815">
        <ele>1414.0</ele>
      </trkpt>
      <trkpt lat="28.1575" lon="-16.63814">
        <ele>1413.6</ele>
      </trkpt>
      <trkpt lat="28.15748" lon="-16.63814">
        <ele>1413.4</ele>
      </trkpt>
      <trkpt lat="28.15744" lon="-16.63812">
        <ele>1412.5</ele>
      </trkpt>
      <trkpt lat="28.1574" lon="-16.63811">
        <ele>1411.9</ele>
      </trkpt>
      <trkpt lat="28.15735" lon="-16.63811">
        <ele>1411.3</ele>
      </trkpt>
      <trkpt lat="28.15733" lon="-16.63811">
        <ele>1411.1</ele>
      </trkpt>
      <trkpt lat="28.1573" lon="-16.63811">
        <ele>1410.8</ele>
      </trkpt>
      <trkpt lat="28.15717" lon="-16.63813">
        <ele>1409.9</ele>
      </trkpt>
      <trkpt lat="28.15711" lon="-16.63816">
        <ele>1409.9</ele>
      </trkpt>
      <trkpt lat="28.15706" lon="-16.638179">
        <ele>1409.7</ele>
      </trkpt>
      <trkpt lat="28.15651" lon="-16.63847">
        <ele>1408.7</ele>
      </trkpt>
      <trkpt lat="28.15642" lon="-16.63852">
        <ele>1408.6</ele>
      </trkpt>
      <trkpt lat="28.15631" lon="-16.638549">
        <ele>1407.8</ele>
      </trkpt>
      <trkpt lat="28.15625" lon="-16.638559">
        <ele>1407.3</ele>
      </trkpt>
      <trkpt lat="28.15619" lon="-16.63857">
        <ele>1406.8</ele>
      </trkpt>
      <trkpt lat="28.15558" lon="-16.6386">
        <ele>1400.2</ele>
      </trkpt>
      <trkpt lat="28.1555" lon="-16.63861">
        <ele>1399.5</ele>
      </trkpt>
      <trkpt lat="28.15541" lon="-16.638639">
        <ele>1398.8</ele>
      </trkpt>
      <trkpt lat="28.15505" lon="-16.63878">
        <ele>1395.9</ele>
      </trkpt>
      <trkpt lat="28.15488" lon="-16.63885">
        <ele>1394.8</ele>
      </trkpt>
      <trkpt lat="28.15468" lon="-16.63894">
        <ele>1393.5</ele>
      </trkpt>
      <trkpt lat="28.15456" lon="-16.63899">
        <ele>1392.6</ele>
      </trkpt>
      <trkpt lat="28.15446" lon="-16.63904">
        <ele>1391.8</ele>
      </trkpt>
      <trkpt lat="28.15442" lon="-16.63908">
        <ele>1391.6</ele>
      </trkpt>
      <trkpt lat="28.15434" lon="-16.63915">
        <ele>1391.0</ele>
      </trkpt>
      <trkpt lat="28.15428" lon="-16.639209">
        <ele>1390.3</ele>
      </trkpt>
      <trkpt lat="28.15414" lon="-16.639389">
        <ele>1388.1</ele>
      </trkpt>
      <trkpt lat="28.15407" lon="-16.639489">
        <ele>1386.8</ele>
      </trkpt>
      <trkpt lat="28.15392" lon="-16.639669">
        <ele>1384.4</ele>
      </trkpt>
      <trkpt lat="28.15385" lon="-16.639779">
        <ele>1383.3</ele>
      </trkpt>
      <trkpt lat="28.15368" lon="-16.63998">
        <ele>1381.2</ele>
      </trkpt>
      <trkpt lat="28.15359" lon="-16.64008">
        <ele>1380.5</ele>
      </trkpt>
      <trkpt lat="28.15354" lon="-16.64011">
        <ele>1380.1</ele>
      </trkpt>
      <trkpt lat="28.153506" lon="-16.640124">
        <ele>1379.8</ele>
      </trkpt>
      <trkpt lat="28.15347" lon="-16.640139">
        <ele>1379.5</ele>
      </trkpt>
      <trkpt lat="28.15341" lon="-16.640149">
        <ele>1378.9</ele>
      </trkpt>
      <trkpt lat="28.15334" lon="-16.640139">
        <ele>1378.1</ele>
      </trkpt>
      <trkpt lat="28.15329" lon="-16.64013">
        <ele>1377.4</ele>
      </trkpt>
      <trkpt lat="28.15325" lon="-16.64011">
        <ele>1376.8</ele>
      </trkpt>
      <trkpt lat="28.1532" lon="-16.640059">
        <ele>1375.9</ele>
      </trkpt>
      <trkpt lat="28.15315" lon="-16.63999">
        <ele>1374.8</ele>
      </trkpt>
      <trkpt lat="28.15312" lon="-16.63994">
        <ele>1374.3</ele>
      </trkpt>
      <trkpt lat="28.15312" lon="-16.63994">
        <ele>1374.3</ele>
      </trkpt>
      <trkpt lat="28.15309" lon="-16.63994">
        <ele>1373.9</ele>
      </trkpt>
      <trkpt lat="28.15303" lon="-16.639949">
        <ele>1373.2</ele>
      </trkpt>
      <trkpt lat="28.15279" lon="-16.63997">
        <ele>1370.4</ele>
      </trkpt>
      <trkpt lat="28.15276" lon="-16.63998">
        <ele>1370.0</ele>
      </trkpt>
      <trkpt lat="28.15274" lon="-16.63998">
        <ele>1369.8</ele>
      </trkpt>
      <trkpt lat="28.15243" lon="-16.64002">
        <ele>1366.5</ele>
      </trkpt>
      <trkpt lat="28.152425" lon="-16.640021">
        <ele>1366.4</ele>
      </trkpt>
      <trkpt lat="28.15236" lon="-16.640039">
        <ele>1365.9</ele>
      </trkpt>
      <trkpt lat="28.15231" lon="-16.640059">
        <ele>1365.6</ele>
      </trkpt>
      <trkpt lat="28.15221" lon="-16.64012">
        <ele>1365.1</ele>
      </trkpt>
      <trkpt lat="28.15211" lon="-16.6402">
        <ele>1364.7</ele>
      </trkpt>
      <trkpt lat="28.15209" lon="-16.64022">
        <ele>1364.7</ele>
      </trkpt>
      <trkpt lat="28.15197" lon="-16.640329">
        <ele>1364.3</ele>
      </trkpt>
      <trkpt lat="28.15184" lon="-16.64046">
        <ele>1364.0</ele>
      </trkpt>
      <trkpt lat="28.15181" lon="-16.64048">
        <ele>1363.8</ele>
      </trkpt>
      <trkpt lat="28.15174" lon="-16.64055">
        <ele>1363.5</ele>
      </trkpt>
      <trkpt lat="28.15169" lon="-16.64058">
        <ele>1363.2</ele>
      </trkpt>
      <trkpt lat="28.15167" lon="-16.6406">
        <ele>1363.1</ele>
      </trkpt>
      <trkpt lat="28.15151" lon="-16.640699">
        <ele>1362.8</ele>
      </trkpt>
      <trkpt lat="28.15142" lon="-16.64075">
        <ele>1362.7</ele>
      </trkpt>
      <trkpt lat="28.15135" lon="-16.64078">
        <ele>1362.6</ele>
      </trkpt>
      <trkpt lat="28.15126" lon="-16.64082">
        <ele>1362.4</ele>
      </trkpt>
      <trkpt lat="28.15079" lon="-16.640989">
        <ele>1361.7</ele>
      </trkpt>
      <trkpt lat="28.15071" lon="-16.64102">
        <ele>1361.3</ele>
      </trkpt>
      <trkpt lat="28.15067" lon="-16.64104">
        <ele>1361.3</ele>
      </trkpt>
      <trkpt lat="28.1505" lon="-16.6411">
        <ele>1360.6</ele>
      </trkpt>
      <trkpt lat="28.15033" lon="-16.64116">
        <ele>1360.0</ele>
      </trkpt>
      <trkpt lat="28.15029" lon="-16.641169">
        <ele>1359.8</ele>
      </trkpt>
      <trkpt lat="28.15016" lon="-16.64122">
        <ele>1359.4</ele>
      </trkpt>
      <trkpt lat="28.15012" lon="-16.64124">
        <ele>1359.4</ele>
      </trkpt>
      <trkpt lat="28.15006" lon="-16.641259">
        <ele>1359.2</ele>
      </trkpt>
      <trkpt lat="28.14999" lon="-16.6413">
        <ele>1359.1</ele>
      </trkpt>
      <trkpt lat="28.14991" lon="-16.64133">
        <ele>1358.4</ele>
      </trkpt>
      <trkpt lat="28.14982" lon="-16.64138">
        <ele>1357.9</ele>
      </trkpt>
      <trkpt lat="28.14972" lon="-16.64144">
        <ele>1357.5</ele>
      </trkpt>
      <trkpt lat="28.14967" lon="-16.64147">
        <ele>1357.3</ele>
      </trkpt>
      <trkpt lat="28.14956" lon="-16.641559">
        <ele>1357.3</ele>
      </trkpt>
      <trkpt lat="28.14938" lon="-16.64172">
        <ele>1357.3</ele>
      </trkpt>
      <trkpt lat="28.1491" lon="-16.64196">
        <ele>1355.7</ele>
      </trkpt>
      <trkpt lat="28.14909" lon="-16.64196">
        <ele>1355.6</ele>
      </trkpt>
      <trkpt lat="28.14895" lon="-16.64209">
        <ele>1354.9</ele>
      </trkpt>
      <trkpt lat="28.14871" lon="-16.642299">
        <ele>1353.0</ele>
      </trkpt>
      <trkpt lat="28.14842" lon="-16.64255">
        <ele>1349.8</ele>
      </trkpt>
      <trkpt lat="28.14838" lon="-16.642589">
        <ele>1349.6</ele>
      </trkpt>
      <trkpt lat="28.14831" lon="-16.64264">
        <ele>1349.0</ele>
      </trkpt>
      <trkpt lat="28.14798" lon="-16.64291">
        <ele>1346.2</ele>
      </trkpt>
      <trkpt lat="28.14772" lon="-16.64309">
        <ele>1343.6</ele>
      </trkpt>
      <trkpt lat="28.14705" lon="-16.643429">
        <ele>1337.6</ele>
      </trkpt>
      <trkpt lat="28.14658" lon="-16.64369">
        <ele>1333.8</ele>
      </trkpt>
      <trkpt lat="28.14644" lon="-16.64377">
        <ele>1332.7</ele>
      </trkpt>
      <trkpt lat="28.14613" lon="-16.64393">
        <ele>1330.2</ele>
      </trkpt>
      <trkpt lat="28.14578" lon="-16.64411">
        <ele>1327.8</ele>
      </trkpt>
      <trkpt lat="28.14578" lon="-16.64412">
        <ele>1327.9</ele>
      </trkpt>
      <trkpt lat="28.14532" lon="-16.64435">
        <ele>1324.6</ele>
      </trkpt>
      <trkpt lat="28.14496" lon="-16.64452">
        <ele>1321.8</ele>
      </trkpt>
      <trkpt lat="28.1448" lon="-16.64459">
        <ele>1320.2</ele>
      </trkpt>
      <trkpt lat="28.14445" lon="-16.64472">
        <ele>1316.4</ele>
      </trkpt>
      <trkpt lat="28.14434" lon="-16.64477">
        <ele>1315.3</ele>
      </trkpt>
      <trkpt lat="28.14401" lon="-16.64489">
        <ele>1313.0</ele>
      </trkpt>
      <trkpt lat="28.14386" lon="-16.64496">
        <ele>1312.7</ele>
      </trkpt>
      <trkpt lat="28.14368" lon="-16.645019">
        <ele>1312.2</ele>
      </trkpt>
      <trkpt lat="28.14365" lon="-16.645029">
        <ele>1312.1</ele>
      </trkpt>
      <trkpt lat="28.14336" lon="-16.64515">
        <ele>1310.7</ele>
      </trkpt>
      <trkpt lat="28.14327" lon="-16.6452">
        <ele>1310.2</ele>
      </trkpt>
      <trkpt lat="28.14326" lon="-16.6452">
        <ele>1310.1</ele>
      </trkpt>
      <trkpt lat="28.14309" lon="-16.64529">
        <ele>1309.1</ele>
      </trkpt>
      <trkpt lat="28.14297" lon="-16.64537">
        <ele>1308.5</ele>
      </trkpt>
      <trkpt lat="28.14277" lon="-16.64551">
        <ele>1307.5</ele>
      </trkpt>
      <trkpt lat="28.14266" lon="-16.64561">
        <ele>1307.1</ele>
      </trkpt>
      <trkpt lat="28.14258" lon="-16.645689">
        <ele>1306.9</ele>
      </trkpt>
      <trkpt lat="28.14241" lon="-16.645879">
        <ele>1306.0</ele>
      </trkpt>
      <trkpt lat="28.1423" lon="-16.646059">
        <ele>1304.4</ele>
      </trkpt>
      <trkpt lat="28.14227" lon="-16.6461">
        <ele>1304.1</ele>
      </trkpt>
      <trkpt lat="28.1422" lon="-16.64626">
        <ele>1303.0</ele>
      </trkpt>
      <trkpt lat="28.14212" lon="-16.64649">
        <ele>1301.7</ele>
      </trkpt>
      <trkpt lat="28.14209" lon="-16.646629">
        <ele>1301.1</ele>
      </trkpt>
      <trkpt lat="28.14206" lon="-16.64684">
        <ele>1299.3</ele>
      </trkpt>
      <trkpt lat="28.14208" lon="-16.647089">
        <ele>1297.2</ele>
      </trkpt>
      <trkpt lat="28.1421" lon="-16.6473">
        <ele>1295.5</ele>
      </trkpt>
      <trkpt lat="28.14213" lon="-16.6475">
        <ele>1294.0</ele>
      </trkpt>
      <trkpt lat="28.14214" lon="-16.64764">
        <ele>1293.4</ele>
      </trkpt>
      <trkpt lat="28.14223" lon="-16.648219">
        <ele>1291.7</ele>
      </trkpt>
      <trkpt lat="28.14224" lon="-16.64833">
        <ele>1291.3</ele>
      </trkpt>
      <trkpt lat="28.14231" lon="-16.64883">
        <ele>1289.1</ele>
      </trkpt>
      <trkpt lat="28.14238" lon="-16.64928">
        <ele>1286.9</ele>
      </trkpt>
      <trkpt lat="28.14242" lon="-16.64948">
        <ele>1286.0</ele>
      </trkpt>
      <trkpt lat="28.14246" lon="-16.64966">
        <ele>1285.1</ele>
      </trkpt>
      <trkpt lat="28.14247" lon="-16.64968">
        <ele>1285.0</ele>
      </trkpt>
      <trkpt lat="28.14252" lon="-16.64987">
        <ele>1284.1</ele>
      </trkpt>
      <trkpt lat="28.14255" lon="-16.64998">
        <ele>1283.6</ele>
      </trkpt>
      <trkpt lat="28.14257" lon="-16.65007">
        <ele>1283.0</ele>
      </trkpt>
      <trkpt lat="28.14263" lon="-16.65026">
        <ele>1281.7</ele>
      </trkpt>
      <trkpt lat="28.14267" lon="-16.650369">
        <ele>1281.0</ele>
      </trkpt>
      <trkpt lat="28.14269" lon="-16.65045">
        <ele>1280.3</ele>
      </trkpt>
      <trkpt lat="28.14275" lon="-16.65064">
        <ele>1278.8</ele>
      </trkpt>
      <trkpt lat="28.14278" lon="-16.65078">
        <ele>1277.5</ele>
      </trkpt>
      <trkpt lat="28.14297" lon="-16.65136">
        <ele>1273.2</ele>
      </trkpt>
      <trkpt lat="28.14305" lon="-16.65164">
        <ele>1270.9</ele>
      </trkpt>
      <trkpt lat="28.14306" lon="-16.65175">
        <ele>1270.1</ele>
      </trkpt>
      <trkpt lat="28.14307" lon="-16.65181">
        <ele>1269.7</ele>
      </trkpt>
      <trkpt lat="28.14307" lon="-16.65184">
        <ele>1269.5</ele>
      </trkpt>
      <trkpt lat="28.14307" lon="-16.65192">
        <ele>1269.0</ele>
      </trkpt>
      <trkpt lat="28.14307" lon="-16.651979">
        <ele>1268.6</ele>
      </trkpt>
      <trkpt lat="28.14306" lon="-16.65212">
        <ele>1267.6</ele>
      </trkpt>
      <trkpt lat="28.14301" lon="-16.652339">
        <ele>1265.8</ele>
      </trkpt>
      <trkpt lat="28.14277" lon="-16.65292">
        <ele>1260.8</ele>
      </trkpt>
      <trkpt lat="28.14275" lon="-16.65296">
        <ele>1260.4</ele>
      </trkpt>
      <trkpt lat="28.14263" lon="-16.65323">
        <ele>1258.3</ele>
      </trkpt>
      <trkpt lat="28.14262" lon="-16.65325">
        <ele>1258.1</ele>
      </trkpt>
      <trkpt lat="28.14257" lon="-16.65333">
        <ele>1257.4</ele>
      </trkpt>
      <trkpt lat="28.14253" lon="-16.65341">
        <ele>1257.6</ele>
      </trkpt>
      <trkpt lat="28.14252" lon="-16.65342">
        <ele>1257.6</ele>
      </trkpt>
      <trkpt lat="28.1425" lon="-16.65344">
        <ele>1257.6</ele>
      </trkpt>
      <trkpt lat="28.14243" lon="-16.65352">
        <ele>1257.8</ele>
      </trkpt>
      <trkpt lat="28.14239" lon="-16.653559">
        <ele>1257.9</ele>
      </trkpt>
      <trkpt lat="28.14237" lon="-16.653569">
        <ele>1257.8</ele>
      </trkpt>
      <trkpt lat="28.14223" lon="-16.653649">
        <ele>1257.7</ele>
      </trkpt>
      <trkpt lat="28.14216" lon="-16.65368">
        <ele>1257.6</ele>
      </trkpt>
      <trkpt lat="28.14206" lon="-16.6537">
        <ele>1257.3</ele>
      </trkpt>
      <trkpt lat="28.14194" lon="-16.6537">
        <ele>1256.8</ele>
      </trkpt>
      <trkpt lat="28.1417" lon="-16.65367">
        <ele>1255.6</ele>
      </trkpt>
      <trkpt lat="28.14158" lon="-16.653649">
        <ele>1254.9</ele>
      </trkpt>
      <trkpt lat="28.14134" lon="-16.65362">
        <ele>1253.6</ele>
      </trkpt>
      <trkpt lat="28.14104" lon="-16.65359">
        <ele>1252.1</ele>
      </trkpt>
      <trkpt lat="28.14086" lon="-16.653569">
        <ele>1251.3</ele>
      </trkpt>
      <trkpt lat="28.14079" lon="-16.653559">
        <ele>1250.9</ele>
      </trkpt>
      <trkpt lat="28.14068" lon="-16.65355">
        <ele>1250.4</ele>
      </trkpt>
      <trkpt lat="28.14038" lon="-16.65351">
        <ele>1249.1</ele>
      </trkpt>
      <trkpt lat="28.14006" lon="-16.653469">
        <ele>1247.7</ele>
      </trkpt>
      <trkpt lat="28.13998" lon="-16.653459">
        <ele>1247.3</ele>
      </trkpt>
      <trkpt lat="28.13985" lon="-16.65344">
        <ele>1246.5</ele>
      </trkpt>
      <trkpt lat="28.13979" lon="-16.65343">
        <ele>1246.1</ele>
      </trkpt>
      <trkpt lat="28.13961" lon="-16.653379">
        <ele>1244.8</ele>
      </trkpt>
      <trkpt lat="28.1394" lon="-16.653279">
        <ele>1243.5</ele>
      </trkpt>
      <trkpt lat="28.13914" lon="-16.65314">
        <ele>1242.3</ele>
      </trkpt>
      <trkpt lat="28.13906" lon="-16.65308">
        <ele>1242.1</ele>
      </trkpt>
      <trkpt lat="28.13892" lon="-16.65299">
        <ele>1241.8</ele>
      </trkpt>
      <trkpt lat="28.13876" lon="-16.65289">
        <ele>1241.4</ele>
      </trkpt>
      <trkpt lat="28.1386" lon="-16.6528">
        <ele>1241.0</ele>
      </trkpt>
      <trkpt lat="28.13833" lon="-16.65264">
        <ele>1240.5</ele>
      </trkpt>
      <trkpt lat="28.13748" lon="-16.65214">
        <ele>1238.7</ele>
      </trkpt>
      <trkpt lat="28.13658" lon="-16.651599">
        <ele>1229.6</ele>
      </trkpt>
      <trkpt lat="28.1361" lon="-16.65133">
        <ele>1227.3</ele>
      </trkpt>
      <trkpt lat="28.13604" lon="-16.6513">
        <ele>1227.0</ele>
      </trkpt>
      <trkpt lat="28.13594" lon="-16.65126">
        <ele>1226.4</ele>
      </trkpt>
      <trkpt lat="28.13582" lon="-16.651209">
        <ele>1225.8</ele>
      </trkpt>
      <trkpt lat="28.13544" lon="-16.651119">
        <ele>1223.7</ele>
      </trkpt>
      <trkpt lat="28.13541" lon="-16.65111">
        <ele>1223.5</ele>
      </trkpt>
      <trkpt lat="28.13517" lon="-16.65107">
        <ele>1222.2</ele>
      </trkpt>
      <trkpt lat="28.13502" lon="-16.651039">
        <ele>1221.3</ele>
      </trkpt>
      <trkpt lat="28.13499" lon="-16.651039">
        <ele>1221.2</ele>
      </trkpt>
      <trkpt lat="28.13485" lon="-16.65101">
        <ele>1221.0</ele>
      </trkpt>
      <trkpt lat="28.13481" lon="-16.65101">
        <ele>1221.0</ele>
      </trkpt>
      <trkpt lat="28.13474" lon="-16.651">
        <ele>1220.9</ele>
      </trkpt>
      <trkpt lat="28.13463" lon="-16.65099">
        <ele>1220.9</ele>
      </trkpt>
      <trkpt lat="28.13461" lon="-16.65099">
        <ele>1220.9</ele>
      </trkpt>
      <trkpt lat="28.13445" lon="-16.65099">
        <ele>1220.9</ele>
      </trkpt>
      <trkpt lat="28.13433" lon="-16.651019">
        <ele>1220.8</ele>
      </trkpt>
      <trkpt lat="28.1343" lon="-16.651019">
        <ele>1220.8</ele>
      </trkpt>
      <trkpt lat="28.13415" lon="-16.65107">
        <ele>1220.7</ele>
      </trkpt>
      <trkpt lat="28.13405" lon="-16.6511">
        <ele>1220.3</ele>
      </trkpt>
      <trkpt lat="28.13376" lon="-16.65124">
        <ele>1219.3</ele>
      </trkpt>
      <trkpt lat="28.13349" lon="-16.65139">
        <ele>1218.7</ele>
      </trkpt>
      <trkpt lat="28.13333" lon="-16.65147">
        <ele>1218.5</ele>
      </trkpt>
      <trkpt lat="28.13326" lon="-16.651509">
        <ele>1218.5</ele>
      </trkpt>
      <trkpt lat="28.13316" lon="-16.65156">
        <ele>1218.4</ele>
      </trkpt>
      <trkpt lat="28.13294" lon="-16.651679">
        <ele>1218.5</ele>
      </trkpt>
      <trkpt lat="28.13284" lon="-16.65174">
        <ele>1218.3</ele>
      </trkpt>
      <trkpt lat="28.13268" lon="-16.65184">
        <ele>1217.9</ele>
      </trkpt>
      <trkpt lat="28.13253" lon="-16.65194">
        <ele>1217.4</ele>
      </trkpt>
      <trkpt lat="28.13252" lon="-16.65194">
        <ele>1217.4</ele>
      </trkpt>
      <trkpt lat="28.13233" lon="-16.65208">
        <ele>1216.1</ele>
      </trkpt>
      <trkpt lat="28.13228" lon="-16.65212">
        <ele>1215.8</ele>
      </trkpt>
      <trkpt lat="28.13222" lon="-16.652159">
        <ele>1215.4</ele>
      </trkpt>
      <trkpt lat="28.13207" lon="-16.65227">
        <ele>1214.6</ele>
      </trkpt>
      <trkpt lat="28.13157" lon="-16.65264">
        <ele>1212.5</ele>
      </trkpt>
      <trkpt lat="28.13116" lon="-16.65294">
        <ele>1210.2</ele>
      </trkpt>
      <trkpt lat="28.13087" lon="-16.65315">
        <ele>1208.8</ele>
      </trkpt>
      <trkpt lat="28.1305" lon="-16.65342">
        <ele>1207.5</ele>
      </trkpt>
      <trkpt lat="28.13029" lon="-16.653569">
        <ele>1206.4</ele>
      </trkpt>
      <trkpt lat="28.13025" lon="-16.6536">
        <ele>1206.2</ele>
      </trkpt>
      <trkpt lat="28.13009" lon="-16.65373">
        <ele>1205.3</ele>
      </trkpt>
      <trkpt lat="28.12996" lon="-16.65383">
        <ele>1204.7</ele>
      </trkpt>
      <trkpt lat="28.12986" lon="-16.65391">
        <ele>1204.1</ele>
      </trkpt>
      <trkpt lat="28.12952" lon="-16.65425">
        <ele>1202.3</ele>
      </trkpt>
      <trkpt lat="28.12932" lon="-16.65454">
        <ele>1199.8</ele>
      </trkpt>
      <trkpt lat="28.12902" lon="-16.65502">
        <ele>1195.6</ele>
      </trkpt>
      <trkpt lat="28.12901" lon="-16.65503">
        <ele>1195.5</ele>
      </trkpt>
      <trkpt lat="28.12867" lon="-16.65577">
        <ele>1190.9</ele>
      </trkpt>
      <trkpt lat="28.12856" lon="-16.65599">
        <ele>1190.1</ele>
      </trkpt>
      <trkpt lat="28.12851" lon="-16.656089">
        <ele>1189.9</ele>
      </trkpt>
      <trkpt lat="28.12848" lon="-16.65614">
        <ele>1189.8</ele>
      </trkpt>
      <trkpt lat="28.12844" lon="-16.656189">
        <ele>1189.6</ele>
      </trkpt>
      <trkpt lat="28.12839" lon="-16.65624">
        <ele>1189.3</ele>
      </trkpt>
      <trkpt lat="28.12831" lon="-16.65631">
        <ele>1188.9</ele>
      </trkpt>
      <trkpt lat="28.12828" lon="-16.65633">
        <ele>1188.7</ele>
      </trkpt>
      <trkpt lat="28.12813" lon="-16.65642">
        <ele>1188.0</ele>
      </trkpt>
      <trkpt lat="28.12812" lon="-16.65643">
        <ele>1187.9</ele>
      </trkpt>
      <trkpt lat="28.12795" lon="-16.6565">
        <ele>1187.1</ele>
      </trkpt>
      <trkpt lat="28.12778" lon="-16.65658">
        <ele>1186.3</ele>
      </trkpt>
      <trkpt lat="28.12762" lon="-16.656659">
        <ele>1185.6</ele>
      </trkpt>
      <trkpt lat="28.12745" lon="-16.65674">
        <ele>1184.6</ele>
      </trkpt>
      <trkpt lat="28.12728" lon="-16.65682">
        <ele>1183.7</ele>
      </trkpt>
      <trkpt lat="28.12712" lon="-16.6569">
        <ele>1182.8</ele>
      </trkpt>
      <trkpt lat="28.12704" lon="-16.65693">
        <ele>1182.4</ele>
      </trkpt>
      <trkpt lat="28.12695" lon="-16.65697">
        <ele>1181.8</ele>
      </trkpt>
      <trkpt lat="28.12662" lon="-16.657119">
        <ele>1179.5</ele>
      </trkpt>
      <trkpt lat="28.12645" lon="-16.6572">
        <ele>1178.2</ele>
      </trkpt>
      <trkpt lat="28.12635" lon="-16.65724">
        <ele>1177.5</ele>
      </trkpt>
      <trkpt lat="28.12628" lon="-16.65727">
        <ele>1177.1</ele>
      </trkpt>
      <trkpt lat="28.12595" lon="-16.65743">
        <ele>1175.4</ele>
      </trkpt>
      <trkpt lat="28.12578" lon="-16.657509">
        <ele>1174.4</ele>
      </trkpt>
      <trkpt lat="28.12562" lon="-16.65758">
        <ele>1172.6</ele>
      </trkpt>
      <trkpt lat="28.12552" lon="-16.65763">
        <ele>1171.5</ele>
      </trkpt>
      <trkpt lat="28.12546" lon="-16.65766">
        <ele>1170.9</ele>
      </trkpt>
      <trkpt lat="28.12536" lon="-16.65772">
        <ele>1169.8</ele>
      </trkpt>
      <trkpt lat="28.12531" lon="-16.65776">
        <ele>1169.2</ele>
      </trkpt>
      <trkpt lat="28.12525" lon="-16.6578">
        <ele>1168.6</ele>
      </trkpt>
      <trkpt lat="28.12516" lon="-16.657889">
        <ele>1167.6</ele>
      </trkpt>
      <trkpt lat="28.12507" lon="-16.65802">
        <ele>1166.7</ele>
      </trkpt>
      <trkpt lat="28.12505" lon="-16.65809">
        <ele>1166.5</ele>
      </trkpt>
      <trkpt lat="28.12504" lon="-16.65813">
        <ele>1166.4</ele>
      </trkpt>
      <trkpt lat="28.12503" lon="-16.65823">
        <ele>1166.3</ele>
      </trkpt>
      <trkpt lat="28.12503" lon="-16.65828">
        <ele>1166.3</ele>
      </trkpt>
      <trkpt lat="28.12503" lon="-16.65842">
        <ele>1165.1</ele>
      </trkpt>
      <trkpt lat="28.12505" lon="-16.658629">
        <ele>1162.3</ele>
      </trkpt>
      <trkpt lat="28.12507" lon="-16.658809">
        <ele>1159.9</ele>
      </trkpt>
      <trkpt lat="28.12509" lon="-16.65905">
        <ele>1156.7</ele>
      </trkpt>
      <trkpt lat="28.12509" lon="-16.659089">
        <ele>1156.2</ele>
      </trkpt>
      <trkpt lat="28.12512" lon="-16.65922">
        <ele>1154.6</ele>
      </trkpt>
      <trkpt lat="28.12515" lon="-16.65933">
        <ele>1153.2</ele>
      </trkpt>
      <trkpt lat="28.12519" lon="-16.6594">
        <ele>1152.6</ele>
      </trkpt>
      <trkpt lat="28.12522" lon="-16.65945">
        <ele>1152.2</ele>
      </trkpt>
      <trkpt lat="28.12526" lon="-16.659479">
        <ele>1152.3</ele>
      </trkpt>
      <trkpt lat="28.12528" lon="-16.6595">
        <ele>1152.3</ele>
      </trkpt>
      <trkpt lat="28.12538" lon="-16.65955">
        <ele>1153.0</ele>
      </trkpt>
      <trkpt lat="28.12551" lon="-16.65959">
        <ele>1154.3</ele>
      </trkpt>
      <trkpt lat="28.12559" lon="-16.65963">
        <ele>1154.9</ele>
      </trkpt>
      <trkpt lat="28.12563" lon="-16.65965">
        <ele>1155.2</ele>
      </trkpt>
      <trkpt lat="28.12567" lon="-16.65968">
        <ele>1155.4</ele>
      </trkpt>
      <trkpt lat="28.12569" lon="-16.65971">
        <ele>1155.3</ele>
      </trkpt>
      <trkpt lat="28.12572" lon="-16.65977">
        <ele>1155.0</ele>
      </trkpt>
      <trkpt lat="28.12573" lon="-16.65983">
        <ele>1154.4</ele>
      </trkpt>
      <trkpt lat="28.12573" lon="-16.65988">
        <ele>1153.8</ele>
      </trkpt>
      <trkpt lat="28.12572" lon="-16.65996">
        <ele>1152.6</ele>
      </trkpt>
      <trkpt lat="28.12572" lon="-16.65997">
        <ele>1152.5</ele>
      </trkpt>
      <trkpt lat="28.12568" lon="-16.6601">
        <ele>1150.7</ele>
      </trkpt>
      <trkpt lat="28.12561" lon="-16.66027">
        <ele>1148.1</ele>
      </trkpt>
      <trkpt lat="28.1255" lon="-16.66057">
        <ele>1143.8</ele>
      </trkpt>
      <trkpt lat="28.12532" lon="-16.661069">
        <ele>1137.2</ele>
      </trkpt>
      <trkpt lat="28.12512" lon="-16.66158">
        <ele>1131.5</ele>
      </trkpt>
      <trkpt lat="28.12505" lon="-16.66185">
        <ele>1128.6</ele>
      </trkpt>
      <trkpt lat="28.12501" lon="-16.661999">
        <ele>1126.8</ele>
      </trkpt>
      <trkpt lat="28.12493" lon="-16.66244">
        <ele>1122.1</ele>
      </trkpt>
      <trkpt lat="28.12483" lon="-16.66289">
        <ele>1117.4</ele>
      </trkpt>
      <trkpt lat="28.12477" lon="-16.663239">
        <ele>1114.1</ele>
      </trkpt>
      <trkpt lat="28.12475" lon="-16.66334">
        <ele>1113.2</ele>
      </trkpt>
      <trkpt lat="28.12467" lon="-16.663789">
        <ele>1109.1</ele>
      </trkpt>
      <trkpt lat="28.12463" lon="-16.66403">
        <ele>1107.1</ele>
      </trkpt>
      <trkpt lat="28.12463" lon="-16.66413">
        <ele>1106.5</ele>
      </trkpt>
      <trkpt lat="28.12462" lon="-16.66419">
        <ele>1106.0</ele>
      </trkpt>
      <trkpt lat="28.12463" lon="-16.6643">
        <ele>1105.2</ele>
      </trkpt>
      <trkpt lat="28.12464" lon="-16.66433">
        <ele>1105.1</ele>
      </trkpt>
      <trkpt lat="28.12466" lon="-16.66441">
        <ele>1104.7</ele>
      </trkpt>
      <trkpt lat="28.1247" lon="-16.66452">
        <ele>1104.4</ele>
      </trkpt>
      <trkpt lat="28.12474" lon="-16.66461">
        <ele>1104.2</ele>
      </trkpt>
      <trkpt lat="28.12481" lon="-16.66468">
        <ele>1104.6</ele>
      </trkpt>
      <trkpt lat="28.12489" lon="-16.66479">
        <ele>1104.7</ele>
      </trkpt>
      <trkpt lat="28.12492" lon="-16.664819">
        <ele>1104.8</ele>
      </trkpt>
      <trkpt lat="28.12497" lon="-16.66488">
        <ele>1104.9</ele>
      </trkpt>
      <trkpt lat="28.12505" lon="-16.66496">
        <ele>1105.1</ele>
      </trkpt>
      <trkpt lat="28.12505" lon="-16.66497">
        <ele>1105.0</ele>
      </trkpt>
      <trkpt lat="28.12513" lon="-16.66507">
        <ele>1104.9</ele>
      </trkpt>
      <trkpt lat="28.12523" lon="-16.665189">
        <ele>1104.9</ele>
      </trkpt>
      <trkpt lat="28.12527" lon="-16.66527">
        <ele>1104.4</ele>
      </trkpt>
      <trkpt lat="28.1253" lon="-16.66531">
        <ele>1104.3</ele>
      </trkpt>
      <trkpt lat="28.12536" lon="-16.66547">
        <ele>1103.2</ele>
      </trkpt>
      <trkpt lat="28.1254" lon="-16.66563">
        <ele>1101.8</ele>
      </trkpt>
      <trkpt lat="28.12543" lon="-16.665859">
        <ele>1099.4</ele>
      </trkpt>
      <trkpt lat="28.12548" lon="-16.666129">
        <ele>1097.7</ele>
      </trkpt>
      <trkpt lat="28.12552" lon="-16.66638">
        <ele>1096.2</ele>
      </trkpt>
      <trkpt lat="28.12553" lon="-16.66656">
        <ele>1094.9</ele>
      </trkpt>
      <trkpt lat="28.12553" lon="-16.66664">
        <ele>1094.2</ele>
      </trkpt>
      <trkpt lat="28.12552" lon="-16.66667">
        <ele>1093.9</ele>
      </trkpt>
      <trkpt lat="28.1255" lon="-16.66676">
        <ele>1093.5</ele>
      </trkpt>
      <trkpt lat="28.12544" lon="-16.66693">
        <ele>1092.4</ele>
      </trkpt>
      <trkpt lat="28.12534" lon="-16.66712">
        <ele>1090.5</ele>
      </trkpt>
      <trkpt lat="28.12526" lon="-16.667259">
        <ele>1089.0</ele>
      </trkpt>
      <trkpt lat="28.12518" lon="-16.66739">
        <ele>1087.3</ele>
      </trkpt>
      <trkpt lat="28.12516" lon="-16.66743">
        <ele>1086.9</ele>
      </trkpt>
      <trkpt lat="28.12509" lon="-16.66759">
        <ele>1085.2</ele>
      </trkpt>
      <trkpt lat="28.12507" lon="-16.66766">
        <ele>1084.6</ele>
      </trkpt>
      <trkpt lat="28.12506" lon="-16.66775">
        <ele>1084.0</ele>
      </trkpt>
      <trkpt lat="28.12506" lon="-16.667819">
        <ele>1083.8</ele>
      </trkpt>
      <trkpt lat="28.12506" lon="-16.66788">
        <ele>1083.5</ele>
      </trkpt>
      <trkpt lat="28.12509" lon="-16.668">
        <ele>1083.5</ele>
      </trkpt>
      <trkpt lat="28.12513" lon="-16.66809">
        <ele>1083.7</ele>
      </trkpt>
      <trkpt lat="28.12518" lon="-16.66818">
        <ele>1084.0</ele>
      </trkpt>
      <trkpt lat="28.12524" lon="-16.66825">
        <ele>1084.6</ele>
      </trkpt>
      <trkpt lat="28.12533" lon="-16.66831">
        <ele>1085.5</ele>
      </trkpt>
      <trkpt lat="28.12536" lon="-16.66834">
        <ele>1085.7</ele>
      </trkpt>
      <trkpt lat="28.12547" lon="-16.66843">
        <ele>1086.1</ele>
      </trkpt>
      <trkpt lat="28.12548" lon="-16.66843">
        <ele>1086.3</ele>
      </trkpt>
      <trkpt lat="28.12551" lon="-16.66847">
        <ele>1086.2</ele>
      </trkpt>
      <trkpt lat="28.12554" lon="-16.66853">
        <ele>1085.9</ele>
      </trkpt>
      <trkpt lat="28.12557" lon="-16.668589">
        <ele>1085.6</ele>
      </trkpt>
      <trkpt lat="28.12557" lon="-16.6686">
        <ele>1085.5</ele>
      </trkpt>
      <trkpt lat="28.12557" lon="-16.66862">
        <ele>1085.3</ele>
      </trkpt>
      <trkpt lat="28.12557" lon="-16.668679">
        <ele>1084.6</ele>
      </trkpt>
      <trkpt lat="28.12555" lon="-16.66874">
        <ele>1083.7</ele>
      </trkpt>
      <trkpt lat="28.12555" lon="-16.66875">
        <ele>1083.6</ele>
      </trkpt>
      <trkpt lat="28.12552" lon="-16.66879">
        <ele>1082.8</ele>
      </trkpt>
      <trkpt lat="28.1255" lon="-16.66881">
        <ele>1082.3</ele>
      </trkpt>
      <trkpt lat="28.12547" lon="-16.66884">
        <ele>1081.7</ele>
      </trkpt>
      <trkpt lat="28.12544" lon="-16.668849">
        <ele>1081.2</ele>
      </trkpt>
      <trkpt lat="28.12541" lon="-16.668859">
        <ele>1080.7</ele>
      </trkpt>
      <trkpt lat="28.12538" lon="-16.668869">
        <ele>1080.3</ele>
      </trkpt>
      <trkpt lat="28.12536" lon="-16.668869">
        <ele>1080.0</ele>
      </trkpt>
      <trkpt lat="28.12531" lon="-16.668869">
        <ele>1079.5</ele>
      </trkpt>
      <trkpt lat="28.12527" lon="-16.668849">
        <ele>1079.2</ele>
      </trkpt>
      <trkpt lat="28.12519" lon="-16.6688">
        <ele>1078.8</ele>
      </trkpt>
      <trkpt lat="28.12506" lon="-16.6686">
        <ele>1079.2</ele>
      </trkpt>
      <trkpt lat="28.12489" lon="-16.66836">
        <ele>1078.9</ele>
      </trkpt>
      <trkpt lat="28.12474" lon="-16.66815">
        <ele>1077.4</ele>
      </trkpt>
      <trkpt lat="28.12456" lon="-16.66791">
        <ele>1075.7</ele>
      </trkpt>
      <trkpt lat="28.12456" lon="-16.6679">
        <ele>1075.7</ele>
      </trkpt>
      <trkpt lat="28.12444" lon="-16.66776">
        <ele>1074.6</ele>
      </trkpt>
      <trkpt lat="28.12444" lon="-16.66775">
        <ele>1074.6</ele>
      </trkpt>
      <trkpt lat="28.12343" lon="-16.66659">
        <ele>1069.8</ele>
      </trkpt>
      <trkpt lat="28.12343" lon="-16.66658">
        <ele>1069.9</ele>
      </trkpt>
      <trkpt lat="28.1233" lon="-16.66645">
        <ele>1069.6</ele>
      </trkpt>
      <trkpt lat="28.12329" lon="-16.66644">
        <ele>1069.6</ele>
      </trkpt>
      <trkpt lat="28.12318" lon="-16.66634">
        <ele>1069.0</ele>
      </trkpt>
      <trkpt lat="28.12308" lon="-16.6663">
        <ele>1068.0</ele>
      </trkpt>
      <trkpt lat="28.12299" lon="-16.66627">
        <ele>1067.1</ele>
      </trkpt>
      <trkpt lat="28.12292" lon="-16.66626">
        <ele>1066.2</ele>
      </trkpt>
      <trkpt lat="28.12287" lon="-16.66626">
        <ele>1065.5</ele>
      </trkpt>
      <trkpt lat="28.1228" lon="-16.66626">
        <ele>1064.5</ele>
      </trkpt>
      <trkpt lat="28.12274" lon="-16.66627">
        <ele>1063.6</ele>
      </trkpt>
      <trkpt lat="28.1227" lon="-16.66629">
        <ele>1062.8</ele>
      </trkpt>
      <trkpt lat="28.12245" lon="-16.666419">
        <ele>1058.5</ele>
      </trkpt>
      <trkpt lat="28.12171" lon="-16.66685">
        <ele>1053.1</ele>
      </trkpt>
      <trkpt lat="28.12167" lon="-16.66686">
        <ele>1052.9</ele>
      </trkpt>
      <trkpt lat="28.12164" lon="-16.666879">
        <ele>1052.6</ele>
      </trkpt>
      <trkpt lat="28.12161" lon="-16.666889">
        <ele>1052.3</ele>
      </trkpt>
      <trkpt lat="28.12155" lon="-16.666899">
        <ele>1051.9</ele>
      </trkpt>
      <trkpt lat="28.12154" lon="-16.666889">
        <ele>1051.9</ele>
      </trkpt>
      <trkpt lat="28.1215" lon="-16.666889">
        <ele>1051.7</ele>
      </trkpt>
      <trkpt lat="28.12145" lon="-16.66687">
        <ele>1051.6</ele>
      </trkpt>
      <trkpt lat="28.12131" lon="-16.666789">
        <ele>1051.5</ele>
      </trkpt>
      <trkpt lat="28.12106" lon="-16.66662">
        <ele>1050.9</ele>
      </trkpt>
      <trkpt lat="28.12097" lon="-16.66654">
        <ele>1050.6</ele>
      </trkpt>
      <trkpt lat="28.12089" lon="-16.66648">
        <ele>1050.3</ele>
      </trkpt>
      <trkpt lat="28.12071" lon="-16.66636">
        <ele>1049.5</ele>
      </trkpt>
      <trkpt lat="28.12063" lon="-16.66631">
        <ele>1049.1</ele>
      </trkpt>
      <trkpt lat="28.12059" lon="-16.66628">
        <ele>1049.0</ele>
      </trkpt>
      <trkpt lat="28.12044" lon="-16.66619">
        <ele>1048.2</ele>
      </trkpt>
      <trkpt lat="28.12029" lon="-16.66609">
        <ele>1047.4</ele>
      </trkpt>
      <trkpt lat="28.12" lon="-16.66591">
        <ele>1045.7</ele>
      </trkpt>
      <trkpt lat="28.11983" lon="-16.6658">
        <ele>1044.2</ele>
      </trkpt>
      <trkpt lat="28.11967" lon="-16.6657">
        <ele>1042.9</ele>
      </trkpt>
      <trkpt lat="28.11966" lon="-16.6657">
        <ele>1042.8</ele>
      </trkpt>
      <trkpt lat="28.11956" lon="-16.66563">
        <ele>1042.0</ele>
      </trkpt>
      <trkpt lat="28.11937" lon="-16.66552">
        <ele>1040.7</ele>
      </trkpt>
      <trkpt lat="28.11922" lon="-16.66542">
        <ele>1039.9</ele>
      </trkpt>
      <trkpt lat="28.11918" lon="-16.665389">
        <ele>1039.8</ele>
      </trkpt>
      <trkpt lat="28.11916" lon="-16.665379">
        <ele>1039.7</ele>
      </trkpt>
      <trkpt lat="28.11907" lon="-16.66533">
        <ele>1039.1</ele>
      </trkpt>
      <trkpt lat="28.11903" lon="-16.66532">
        <ele>1038.8</ele>
      </trkpt>
      <trkpt lat="28.11901" lon="-16.665299">
        <ele>1038.8</ele>
      </trkpt>
      <trkpt lat="28.119" lon="-16.665299">
        <ele>1038.7</ele>
      </trkpt>
      <trkpt lat="28.11898" lon="-16.665289">
        <ele>1038.6</ele>
      </trkpt>
      <trkpt lat="28.11896" lon="-16.66528">
        <ele>1038.5</ele>
      </trkpt>
      <trkpt lat="28.11892" lon="-16.66527">
        <ele>1038.2</ele>
      </trkpt>
      <trkpt lat="28.11887" lon="-16.66526">
        <ele>1037.9</ele>
      </trkpt>
      <trkpt lat="28.11884" lon="-16.66526">
        <ele>1037.6</ele>
      </trkpt>
      <trkpt lat="28.11883" lon="-16.66526">
        <ele>1037.5</ele>
      </trkpt>
      <trkpt lat="28.11877" lon="-16.66527">
        <ele>1036.9</ele>
      </trkpt>
      <trkpt lat="28.11876" lon="-16.66527">
        <ele>1036.8</ele>
      </trkpt>
      <trkpt lat="28.11872" lon="-16.665289">
        <ele>1036.3</ele>
      </trkpt>
      <trkpt lat="28.11868" lon="-16.66532">
        <ele>1035.7</ele>
      </trkpt>
      <trkpt lat="28.11864" lon="-16.66536">
        <ele>1035.0</ele>
      </trkpt>
      <trkpt lat="28.11863" lon="-16.66537">
        <ele>1034.8</ele>
      </trkpt>
      <trkpt lat="28.11861" lon="-16.6654">
        <ele>1034.3</ele>
      </trkpt>
      <trkpt lat="28.11858" lon="-16.66546">
        <ele>1033.5</ele>
      </trkpt>
      <trkpt lat="28.11856" lon="-16.66551">
        <ele>1032.8</ele>
      </trkpt>
      <trkpt lat="28.11856" lon="-16.66556">
        <ele>1032.3</ele>
      </trkpt>
      <trkpt lat="28.11851" lon="-16.66637">
        <ele>1024.9</ele>
      </trkpt>
      <trkpt lat="28.11849" lon="-16.66666">
        <ele>1022.3</ele>
      </trkpt>
      <trkpt lat="28.11847" lon="-16.66702">
        <ele>1021.7</ele>
      </trkpt>
      <trkpt lat="28.11843" lon="-16.66779">
        <ele>1019.1</ele>
      </trkpt>
      <trkpt lat="28.11843" lon="-16.66781">
        <ele>1019.0</ele>
      </trkpt>
      <trkpt lat="28.11843" lon="-16.668">
        <ele>1017.9</ele>
      </trkpt>
      <trkpt lat="28.11842" lon="-16.66816">
        <ele>1016.8</ele>
      </trkpt>
      <trkpt lat="28.11843" lon="-16.668199">
        <ele>1016.6</ele>
      </trkpt>
      <trkpt lat="28.11843" lon="-16.66828">
        <ele>1016.1</ele>
      </trkpt>
      <trkpt lat="28.11844" lon="-16.66835">
        <ele>1015.7</ele>
      </trkpt>
      <trkpt lat="28.11846" lon="-16.668399">
        <ele>1015.4</ele>
      </trkpt>
      <trkpt lat="28.11846" lon="-16.66841">
        <ele>1015.3</ele>
      </trkpt>
      <trkpt lat="28.11848" lon="-16.66845">
        <ele>1015.1</ele>
      </trkpt>
      <trkpt lat="28.11849" lon="-16.66847">
        <ele>1015.0</ele>
      </trkpt>
      <trkpt lat="28.11852" lon="-16.66852">
        <ele>1014.8</ele>
      </trkpt>
      <trkpt lat="28.11853" lon="-16.66854">
        <ele>1014.7</ele>
      </trkpt>
      <trkpt lat="28.11856" lon="-16.668579">
        <ele>1014.6</ele>
      </trkpt>
      <trkpt lat="28.11858" lon="-16.66862">
        <ele>1014.4</ele>
      </trkpt>
      <trkpt lat="28.1186" lon="-16.66864">
        <ele>1014.4</ele>
      </trkpt>
      <trkpt lat="28.11869" lon="-16.66878">
        <ele>1013.9</ele>
      </trkpt>
      <trkpt lat="28.11906" lon="-16.669339">
        <ele>1013.0</ele>
      </trkpt>
      <trkpt lat="28.11914" lon="-16.669519">
        <ele>1013.0</ele>
      </trkpt>
      <trkpt lat="28.1192" lon="-16.66975">
        <ele>1012.5</ele>
      </trkpt>
      <trkpt lat="28.11921" lon="-16.66977">
        <ele>1012.4</ele>
      </trkpt>
      <trkpt lat="28.11921" lon="-16.66978">
        <ele>1012.4</ele>
      </trkpt>
      <trkpt lat="28.11935" lon="-16.670369">
        <ele>1009.9</ele>
      </trkpt>
      <trkpt lat="28.11941" lon="-16.67061">
        <ele>1009.1</ele>
      </trkpt>
      <trkpt lat="28.11956" lon="-16.67123">
        <ele>1006.2</ele>
      </trkpt>
      <trkpt lat="28.11959" lon="-16.67137">
        <ele>1005.1</ele>
      </trkpt>
      <trkpt lat="28.1196" lon="-16.67141">
        <ele>1004.8</ele>
      </trkpt>
      <trkpt lat="28.11967" lon="-16.67175">
        <ele>1001.7</ele>
      </trkpt>
      <trkpt lat="28.11968" lon="-16.67179">
        <ele>1001.3</ele>
      </trkpt>
      <trkpt lat="28.1197" lon="-16.67192">
        <ele>999.7</ele>
      </trkpt>
      <trkpt lat="28.11972" lon="-16.67212">
        <ele>997.0</ele>
      </trkpt>
      <trkpt lat="28.11971" lon="-16.67231">
        <ele>994.3</ele>
      </trkpt>
      <trkpt lat="28.1197" lon="-16.672429">
        <ele>992.7</ele>
      </trkpt>
      <trkpt lat="28.1197" lon="-16.67247">
        <ele>992.1</ele>
      </trkpt>
      <trkpt lat="28.11968" lon="-16.67255">
        <ele>991.3</ele>
      </trkpt>
      <trkpt lat="28.11964" lon="-16.67264">
        <ele>990.6</ele>
      </trkpt>
      <trkpt lat="28.11962" lon="-16.67267">
        <ele>990.4</ele>
      </trkpt>
      <trkpt lat="28.1196" lon="-16.672699">
        <ele>990.3</ele>
      </trkpt>
      <trkpt lat="28.11951" lon="-16.67278">
        <ele>990.0</ele>
      </trkpt>
      <trkpt lat="28.11945" lon="-16.67283">
        <ele>989.9</ele>
      </trkpt>
      <trkpt lat="28.11938" lon="-16.67286">
        <ele>990.1</ele>
      </trkpt>
      <trkpt lat="28.1193" lon="-16.67287">
        <ele>990.5</ele>
      </trkpt>
      <trkpt lat="28.11919" lon="-16.672899">
        <ele>990.9</ele>
      </trkpt>
      <trkpt lat="28.11915" lon="-16.672889">
        <ele>991.1</ele>
      </trkpt>
      <trkpt lat="28.11908" lon="-16.672889">
        <ele>990.8</ele>
      </trkpt>
      <trkpt lat="28.11898" lon="-16.67287">
        <ele>990.4</ele>
      </trkpt>
      <trkpt lat="28.11882" lon="-16.67284">
        <ele>989.8</ele>
      </trkpt>
      <trkpt lat="28.1187" lon="-16.672809">
        <ele>989.3</ele>
      </trkpt>
      <trkpt lat="28.11852" lon="-16.67277">
        <ele>988.6</ele>
      </trkpt>
      <trkpt lat="28.11836" lon="-16.67273">
        <ele>987.9</ele>
      </trkpt>
      <trkpt lat="28.11827" lon="-16.672709">
        <ele>987.4</ele>
      </trkpt>
      <trkpt lat="28.11826" lon="-16.672699">
        <ele>987.4</ele>
      </trkpt>
      <trkpt lat="28.1182" lon="-16.67269">
        <ele>987.1</ele>
      </trkpt>
      <trkpt lat="28.11811" lon="-16.672699">
        <ele>986.6</ele>
      </trkpt>
      <trkpt lat="28.11809" lon="-16.672699">
        <ele>986.5</ele>
      </trkpt>
      <trkpt lat="28.11804" lon="-16.672709">
        <ele>986.3</ele>
      </trkpt>
      <trkpt lat="28.11793" lon="-16.67274">
        <ele>985.8</ele>
      </trkpt>
      <trkpt lat="28.11776" lon="-16.67279">
        <ele>985.2</ele>
      </trkpt>
      <trkpt lat="28.11757" lon="-16.67285">
        <ele>984.8</ele>
      </trkpt>
      <trkpt lat="28.11748" lon="-16.67287">
        <ele>984.5</ele>
      </trkpt>
      <trkpt lat="28.11739" lon="-16.67291">
        <ele>983.8</ele>
      </trkpt>
      <trkpt lat="28.11716" lon="-16.672989">
        <ele>982.0</ele>
      </trkpt>
      <trkpt lat="28.11706" lon="-16.67302">
        <ele>981.1</ele>
      </trkpt>
      <trkpt lat="28.11705" lon="-16.67303">
        <ele>981.0</ele>
      </trkpt>
      <trkpt lat="28.11692" lon="-16.673089">
        <ele>979.9</ele>
      </trkpt>
      <trkpt lat="28.11689" lon="-16.67311">
        <ele>979.7</ele>
      </trkpt>
      <trkpt lat="28.11683" lon="-16.67315">
        <ele>979.2</ele>
      </trkpt>
      <trkpt lat="28.1168" lon="-16.67319">
        <ele>979.0</ele>
      </trkpt>
      <trkpt lat="28.11677" lon="-16.67323">
        <ele>978.8</ele>
      </trkpt>
      <trkpt lat="28.11677" lon="-16.67325">
        <ele>978.9</ele>
      </trkpt>
      <trkpt lat="28.11675" lon="-16.67329">
        <ele>978.8</ele>
      </trkpt>
      <trkpt lat="28.11675" lon="-16.67333">
        <ele>979.0</ele>
      </trkpt>
      <trkpt lat="28.11675" lon="-16.67335">
        <ele>978.8</ele>
      </trkpt>
      <trkpt lat="28.11675" lon="-16.67338">
        <ele>978.5</ele>
      </trkpt>
      <trkpt lat="28.11675" lon="-16.6734">
        <ele>978.2</ele>
      </trkpt>
      <trkpt lat="28.11676" lon="-16.67343">
        <ele>978.0</ele>
      </trkpt>
      <trkpt lat="28.11676" lon="-16.673449">
        <ele>977.8</ele>
      </trkpt>
      <trkpt lat="28.11677" lon="-16.67348">
        <ele>977.5</ele>
      </trkpt>
      <trkpt lat="28.1168" lon="-16.67353">
        <ele>977.3</ele>
      </trkpt>
      <trkpt lat="28.11685" lon="-16.67361">
        <ele>977.0</ele>
      </trkpt>
      <trkpt lat="28.11693" lon="-16.67371">
        <ele>976.9</ele>
      </trkpt>
      <trkpt lat="28.11701" lon="-16.6738">
        <ele>977.0</ele>
      </trkpt>
      <trkpt lat="28.11706" lon="-16.67387">
        <ele>976.9</ele>
      </trkpt>
      <trkpt lat="28.11708" lon="-16.67391">
        <ele>976.7</ele>
      </trkpt>
      <trkpt lat="28.1171" lon="-16.67395">
        <ele>976.6</ele>
      </trkpt>
      <trkpt lat="28.1171" lon="-16.67398">
        <ele>976.3</ele>
      </trkpt>
      <trkpt lat="28.11711" lon="-16.67401">
        <ele>976.1</ele>
      </trkpt>
      <trkpt lat="28.11711" lon="-16.674029">
        <ele>975.9</ele>
      </trkpt>
      <trkpt lat="28.11711" lon="-16.67405">
        <ele>975.6</ele>
      </trkpt>
      <trkpt lat="28.11711" lon="-16.67409">
        <ele>975.2</ele>
      </trkpt>
      <trkpt lat="28.1171" lon="-16.674119">
        <ele>974.7</ele>
      </trkpt>
      <trkpt lat="28.1171" lon="-16.67413">
        <ele>974.6</ele>
      </trkpt>
      <trkpt lat="28.11709" lon="-16.67415">
        <ele>974.3</ele>
      </trkpt>
      <trkpt lat="28.11707" lon="-16.674209">
        <ele>973.4</ele>
      </trkpt>
      <trkpt lat="28.11702" lon="-16.67427">
        <ele>972.2</ele>
      </trkpt>
      <trkpt lat="28.11697" lon="-16.67434">
        <ele>971.0</ele>
      </trkpt>
      <trkpt lat="28.11684" lon="-16.67447">
        <ele>968.8</ele>
      </trkpt>
      <trkpt lat="28.11675" lon="-16.67457">
        <ele>967.6</ele>
      </trkpt>
      <trkpt lat="28.11663" lon="-16.6747">
        <ele>965.6</ele>
      </trkpt>
      <trkpt lat="28.11662" lon="-16.67473">
        <ele>965.2</ele>
      </trkpt>
      <trkpt lat="28.11656" lon="-16.67484">
        <ele>963.1</ele>
      </trkpt>
      <trkpt lat="28.1165" lon="-16.67498">
        <ele>960.7</ele>
      </trkpt>
      <trkpt lat="28.11645" lon="-16.6751">
        <ele>957.3</ele>
      </trkpt>
      <trkpt lat="28.11638" lon="-16.67529">
        <ele>952.2</ele>
      </trkpt>
      <trkpt lat="28.11635" lon="-16.675419">
        <ele>949.5</ele>
      </trkpt>
      <trkpt lat="28.11635" lon="-16.67548">
        <ele>948.6</ele>
      </trkpt>
      <trkpt lat="28.11635" lon="-16.6755">
        <ele>948.3</ele>
      </trkpt>
      <trkpt lat="28.11635" lon="-16.675529">
        <ele>947.8</ele>
      </trkpt>
      <trkpt lat="28.11636" lon="-16.67558">
        <ele>947.3</ele>
      </trkpt>
      <trkpt lat="28.11637" lon="-16.6756">
        <ele>947.2</ele>
      </trkpt>
      <trkpt lat="28.11641" lon="-16.67566">
        <ele>947.2</ele>
      </trkpt>
      <trkpt lat="28.11644" lon="-16.67569">
        <ele>947.3</ele>
      </trkpt>
      <trkpt lat="28.11648" lon="-16.67573">
        <ele>947.4</ele>
      </trkpt>
      <trkpt lat="28.11651" lon="-16.67574">
        <ele>947.8</ele>
      </trkpt>
      <trkpt lat="28.11653" lon="-16.67575">
        <ele>948.0</ele>
      </trkpt>
      <trkpt lat="28.11657" lon="-16.67575">
        <ele>948.8</ele>
      </trkpt>
      <trkpt lat="28.11661" lon="-16.67576">
        <ele>949.4</ele>
      </trkpt>
      <trkpt lat="28.1167" lon="-16.67574">
        <ele>950.9</ele>
      </trkpt>
      <trkpt lat="28.11685" lon="-16.67569">
        <ele>951.7</ele>
      </trkpt>
      <trkpt lat="28.11707" lon="-16.67563">
        <ele>952.7</ele>
      </trkpt>
      <trkpt lat="28.11726" lon="-16.67556">
        <ele>953.9</ele>
      </trkpt>
      <trkpt lat="28.11761" lon="-16.67545">
        <ele>954.8</ele>
      </trkpt>
      <trkpt lat="28.11766" lon="-16.675429">
        <ele>954.6</ele>
      </trkpt>
      <trkpt lat="28.11778" lon="-16.6754">
        <ele>953.9</ele>
      </trkpt>
      <trkpt lat="28.11787" lon="-16.67538">
        <ele>953.3</ele>
      </trkpt>
      <trkpt lat="28.11796" lon="-16.67538">
        <ele>952.3</ele>
      </trkpt>
      <trkpt lat="28.11797" lon="-16.67538">
        <ele>952.2</ele>
      </trkpt>
      <trkpt lat="28.11805" lon="-16.67539">
        <ele>951.2</ele>
      </trkpt>
      <trkpt lat="28.11811" lon="-16.675419">
        <ele>950.2</ele>
      </trkpt>
      <trkpt lat="28.11813" lon="-16.675429">
        <ele>949.9</ele>
      </trkpt>
      <trkpt lat="28.11818" lon="-16.67546">
        <ele>949.1</ele>
      </trkpt>
      <trkpt lat="28.11821" lon="-16.6755">
        <ele>948.5</ele>
      </trkpt>
      <trkpt lat="28.11824" lon="-16.67554">
        <ele>947.9</ele>
      </trkpt>
      <trkpt lat="28.11831" lon="-16.67564">
        <ele>946.5</ele>
      </trkpt>
      <trkpt lat="28.11832" lon="-16.67568">
        <ele>946.2</ele>
      </trkpt>
      <trkpt lat="28.11834" lon="-16.67573">
        <ele>945.8</ele>
      </trkpt>
      <trkpt lat="28.11835" lon="-16.675799">
        <ele>945.2</ele>
      </trkpt>
      <trkpt lat="28.11835" lon="-16.67585">
        <ele>944.8</ele>
      </trkpt>
      <trkpt lat="28.11834" lon="-16.67595">
        <ele>943.6</ele>
      </trkpt>
      <trkpt lat="28.11834" lon="-16.67596">
        <ele>943.5</ele>
      </trkpt>
      <trkpt lat="28.11833" lon="-16.67605">
        <ele>942.4</ele>
      </trkpt>
      <trkpt lat="28.11826" lon="-16.67632">
        <ele>939.4</ele>
      </trkpt>
      <trkpt lat="28.11812" lon="-16.6768">
        <ele>933.1</ele>
      </trkpt>
      <trkpt lat="28.1181" lon="-16.6769">
        <ele>931.4</ele>
      </trkpt>
      <trkpt lat="28.11808" lon="-16.67695">
        <ele>930.6</ele>
      </trkpt>
      <trkpt lat="28.11805" lon="-16.677029">
        <ele>929.3</ele>
      </trkpt>
      <trkpt lat="28.11804" lon="-16.67705">
        <ele>929.0</ele>
      </trkpt>
      <trkpt lat="28.118" lon="-16.677109">
        <ele>928.1</ele>
      </trkpt>
      <trkpt lat="28.11798" lon="-16.67714">
        <ele>927.7</ele>
      </trkpt>
      <trkpt lat="28.11795" lon="-16.67716">
        <ele>927.5</ele>
      </trkpt>
      <trkpt lat="28.1179" lon="-16.67719">
        <ele>927.3</ele>
      </trkpt>
      <trkpt lat="28.11784" lon="-16.677209">
        <ele>927.3</ele>
      </trkpt>
      <trkpt lat="28.1178" lon="-16.677209">
        <ele>927.5</ele>
      </trkpt>
      <trkpt lat="28.11775" lon="-16.677209">
        <ele>927.8</ele>
      </trkpt>
      <trkpt lat="28.11773" lon="-16.677209">
        <ele>927.9</ele>
      </trkpt>
      <trkpt lat="28.1177" lon="-16.677209">
        <ele>928.1</ele>
      </trkpt>
      <trkpt lat="28.11765" lon="-16.67719">
        <ele>928.7</ele>
      </trkpt>
      <trkpt lat="28.11761" lon="-16.67717">
        <ele>929.2</ele>
      </trkpt>
      <trkpt lat="28.11758" lon="-16.67715">
        <ele>929.6</ele>
      </trkpt>
      <trkpt lat="28.11747" lon="-16.67705">
        <ele>931.1</ele>
      </trkpt>
      <trkpt lat="28.11743" lon="-16.677">
        <ele>931.2</ele>
      </trkpt>
      <trkpt lat="28.1174" lon="-16.67696">
        <ele>931.4</ele>
      </trkpt>
      <trkpt lat="28.11735" lon="-16.67688">
        <ele>931.9</ele>
      </trkpt>
      <trkpt lat="28.11732" lon="-16.67681">
        <ele>932.5</ele>
      </trkpt>
      <trkpt lat="28.11731" lon="-16.6768">
        <ele>932.5</ele>
      </trkpt>
      <trkpt lat="28.11726" lon="-16.67668">
        <ele>933.6</ele>
      </trkpt>
      <trkpt lat="28.11725" lon="-16.676659">
        <ele>933.8</ele>
      </trkpt>
      <trkpt lat="28.11722" lon="-16.6766">
        <ele>934.5</ele>
      </trkpt>
      <trkpt lat="28.11718" lon="-16.676549">
        <ele>935.0</ele>
      </trkpt>
      <trkpt lat="28.11715" lon="-16.67652">
        <ele>935.2</ele>
      </trkpt>
      <trkpt lat="28.11711" lon="-16.6765">
        <ele>935.2</ele>
      </trkpt>
      <trkpt lat="28.1171" lon="-16.6765">
        <ele>935.1</ele>
      </trkpt>
      <trkpt lat="28.11706" lon="-16.67649">
        <ele>934.9</ele>
      </trkpt>
      <trkpt lat="28.11701" lon="-16.67649">
        <ele>934.4</ele>
      </trkpt>
      <trkpt lat="28.11698" lon="-16.67651">
        <ele>933.6</ele>
      </trkpt>
      <trkpt lat="28.11695" lon="-16.67653">
        <ele>932.8</ele>
      </trkpt>
      <trkpt lat="28.11693" lon="-16.676549">
        <ele>932.2</ele>
      </trkpt>
      <trkpt lat="28.1169" lon="-16.67659">
        <ele>930.9</ele>
      </trkpt>
      <trkpt lat="28.1169" lon="-16.6766">
        <ele>930.7</ele>
      </trkpt>
      <trkpt lat="28.1169" lon="-16.67662">
        <ele>930.2</ele>
      </trkpt>
      <trkpt lat="28.11689" lon="-16.676649">
        <ele>929.3</ele>
      </trkpt>
      <trkpt lat="28.1169" lon="-16.67669">
        <ele>928.7</ele>
      </trkpt>
      <trkpt lat="28.1169" lon="-16.6767">
        <ele>928.6</ele>
      </trkpt>
      <trkpt lat="28.11691" lon="-16.676739">
        <ele>928.1</ele>
      </trkpt>
      <trkpt lat="28.11691" lon="-16.67678">
        <ele>927.5</ele>
      </trkpt>
      <trkpt lat="28.11695" lon="-16.676929">
        <ele>925.7</ele>
      </trkpt>
      <trkpt lat="28.11696" lon="-16.67695">
        <ele>925.6</ele>
      </trkpt>
      <trkpt lat="28.11696" lon="-16.67696">
        <ele>925.4</ele>
      </trkpt>
      <trkpt lat="28.11701" lon="-16.67719">
        <ele>922.6</ele>
      </trkpt>
      <trkpt lat="28.11705" lon="-16.67736">
        <ele>920.6</ele>
      </trkpt>
      <trkpt lat="28.11708" lon="-16.67746">
        <ele>919.6</ele>
      </trkpt>
      <trkpt lat="28.1171" lon="-16.67753">
        <ele>918.6</ele>
      </trkpt>
      <trkpt lat="28.11714" lon="-16.67761">
        <ele>917.5</ele>
      </trkpt>
      <trkpt lat="28.11717" lon="-16.67766">
        <ele>916.9</ele>
      </trkpt>
      <trkpt lat="28.11719" lon="-16.677679">
        <ele>916.7</ele>
      </trkpt>
      <trkpt lat="28.1172" lon="-16.677689">
        <ele>916.6</ele>
      </trkpt>
      <trkpt lat="28.1172" lon="-16.6777">
        <ele>916.4</ele>
      </trkpt>
      <trkpt lat="28.11722" lon="-16.67771">
        <ele>916.4</ele>
      </trkpt>
      <trkpt lat="28.11724" lon="-16.67772">
        <ele>916.5</ele>
      </trkpt>
      <trkpt lat="28.11731" lon="-16.67774">
        <ele>916.9</ele>
      </trkpt>
      <trkpt lat="28.11737" lon="-16.67775">
        <ele>917.4</ele>
      </trkpt>
      <trkpt lat="28.11738" lon="-16.67776">
        <ele>917.3</ele>
      </trkpt>
      <trkpt lat="28.11744" lon="-16.677769">
        <ele>917.8</ele>
      </trkpt>
      <trkpt lat="28.11753" lon="-16.677779">
        <ele>918.2</ele>
      </trkpt>
      <trkpt lat="28.11754" lon="-16.67779">
        <ele>918.0</ele>
      </trkpt>
      <trkpt lat="28.11755" lon="-16.67779">
        <ele>918.0</ele>
      </trkpt>
      <trkpt lat="28.11756" lon="-16.67779">
        <ele>918.0</ele>
      </trkpt>
      <trkpt lat="28.11757" lon="-16.6778">
        <ele>917.7</ele>
      </trkpt>
      <trkpt lat="28.1176" lon="-16.67782">
        <ele>917.2</ele>
      </trkpt>
      <trkpt lat="28.11762" lon="-16.67784">
        <ele>916.8</ele>
      </trkpt>
      <trkpt lat="28.11765" lon="-16.677869">
        <ele>916.2</ele>
      </trkpt>
      <trkpt lat="28.11766" lon="-16.67789">
        <ele>915.7</ele>
      </trkpt>
      <trkpt lat="28.11767" lon="-16.67791">
        <ele>915.3</ele>
      </trkpt>
      <trkpt lat="28.11767" lon="-16.67795">
        <ele>914.5</ele>
      </trkpt>
      <trkpt lat="28.11767" lon="-16.678">
        <ele>913.5</ele>
      </trkpt>
      <trkpt lat="28.11767" lon="-16.678049">
        <ele>912.5</ele>
      </trkpt>
      <trkpt lat="28.11765" lon="-16.67808">
        <ele>911.8</ele>
      </trkpt>
      <trkpt lat="28.11764" lon="-16.67811">
        <ele>911.1</ele>
      </trkpt>
      <trkpt lat="28.11762" lon="-16.67813">
        <ele>910.5</ele>
      </trkpt>
      <trkpt lat="28.1176" lon="-16.67814">
        <ele>910.2</ele>
      </trkpt>
      <trkpt lat="28.11757" lon="-16.678159">
        <ele>909.6</ele>
      </trkpt>
      <trkpt lat="28.11755" lon="-16.67817">
        <ele>909.2</ele>
      </trkpt>
      <trkpt lat="28.11753" lon="-16.67817">
        <ele>909.1</ele>
      </trkpt>
      <trkpt lat="28.11747" lon="-16.678159">
        <ele>908.9</ele>
      </trkpt>
      <trkpt lat="28.11744" lon="-16.678159">
        <ele>908.6</ele>
      </trkpt>
      <trkpt lat="28.11733" lon="-16.678149">
        <ele>907.9</ele>
      </trkpt>
      <trkpt lat="28.11706" lon="-16.67814">
        <ele>905.7</ele>
      </trkpt>
      <trkpt lat="28.11683" lon="-16.678149">
        <ele>903.5</ele>
      </trkpt>
      <trkpt lat="28.11674" lon="-16.67814">
        <ele>902.9</ele>
      </trkpt>
      <trkpt lat="28.11667" lon="-16.67813">
        <ele>902.4</ele>
      </trkpt>
      <trkpt lat="28.1166" lon="-16.6781">
        <ele>901.5</ele>
      </trkpt>
      <trkpt lat="28.11656" lon="-16.67808">
        <ele>901.0</ele>
      </trkpt>
      <trkpt lat="28.11652" lon="-16.678049">
        <ele>900.7</ele>
      </trkpt>
      <trkpt lat="28.11649" lon="-16.67802">
        <ele>900.5</ele>
      </trkpt>
      <trkpt lat="28.11646" lon="-16.67798">
        <ele>900.5</ele>
      </trkpt>
      <trkpt lat="28.11639" lon="-16.67785">
        <ele>901.1</ele>
      </trkpt>
      <trkpt lat="28.11636" lon="-16.677779">
        <ele>901.6</ele>
      </trkpt>
      <trkpt lat="28.11629" lon="-16.6776">
        <ele>902.8</ele>
      </trkpt>
      <trkpt lat="28.11628" lon="-16.677589">
        <ele>902.8</ele>
      </trkpt>
      <trkpt lat="28.11627" lon="-16.67757">
        <ele>902.9</ele>
      </trkpt>
      <trkpt lat="28.11624" lon="-16.67751">
        <ele>903.1</ele>
      </trkpt>
      <trkpt lat="28.11621" lon="-16.67747">
        <ele>903.3</ele>
      </trkpt>
      <trkpt lat="28.1162" lon="-16.67745">
        <ele>903.5</ele>
      </trkpt>
      <trkpt lat="28.11618" lon="-16.67745">
        <ele>903.0</ele>
      </trkpt>
      <trkpt lat="28.11614" lon="-16.67743">
        <ele>902.6</ele>
      </trkpt>
      <trkpt lat="28.11611" lon="-16.67743">
        <ele>902.0</ele>
      </trkpt>
      <trkpt lat="28.11608" lon="-16.67743">
        <ele>901.3</ele>
      </trkpt>
      <trkpt lat="28.11606" lon="-16.67743">
        <ele>900.9</ele>
      </trkpt>
      <trkpt lat="28.11602" lon="-16.67745">
        <ele>899.5</ele>
      </trkpt>
      <trkpt lat="28.116" lon="-16.67746">
        <ele>898.8</ele>
      </trkpt>
      <trkpt lat="28.11599" lon="-16.67747">
        <ele>898.3</ele>
      </trkpt>
      <trkpt lat="28.11598" lon="-16.67748">
        <ele>897.9</ele>
      </trkpt>
      <trkpt lat="28.11597" lon="-16.677499">
        <ele>897.1</ele>
      </trkpt>
      <trkpt lat="28.11596" lon="-16.67752">
        <ele>896.6</ele>
      </trkpt>
      <trkpt lat="28.11595" lon="-16.67755">
        <ele>895.9</ele>
      </trkpt>
      <trkpt lat="28.11595" lon="-16.677589">
        <ele>895.3</ele>
      </trkpt>
      <trkpt lat="28.11595" lon="-16.67762">
        <ele>894.9</ele>
      </trkpt>
      <trkpt lat="28.11595" lon="-16.67766">
        <ele>894.3</ele>
      </trkpt>
      <trkpt lat="28.11599" lon="-16.67783">
        <ele>892.7</ele>
      </trkpt>
      <trkpt lat="28.11606" lon="-16.67807">
        <ele>890.6</ele>
      </trkpt>
      <trkpt lat="28.11609" lon="-16.67818">
        <ele>889.6</ele>
      </trkpt>
      <trkpt lat="28.11612" lon="-16.67827">
        <ele>888.8</ele>
      </trkpt>
      <trkpt lat="28.11614" lon="-16.67832">
        <ele>888.5</ele>
      </trkpt>
      <trkpt lat="28.11617" lon="-16.67838">
        <ele>887.4</ele>
      </trkpt>
      <trkpt lat="28.11621" lon="-16.678429">
        <ele>886.5</ele>
      </trkpt>
      <trkpt lat="28.11626" lon="-16.67848">
        <ele>885.9</ele>
      </trkpt>
      <trkpt lat="28.1163" lon="-16.678519">
        <ele>885.3</ele>
      </trkpt>
      <trkpt lat="28.11632" lon="-16.678529">
        <ele>885.3</ele>
      </trkpt>
      <trkpt lat="28.11641" lon="-16.67857">
        <ele>885.7</ele>
      </trkpt>
      <trkpt lat="28.11649" lon="-16.6786">
        <ele>886.1</ele>
      </trkpt>
      <trkpt lat="28.11658" lon="-16.67864">
        <ele>886.4</ele>
      </trkpt>
      <trkpt lat="28.11666" lon="-16.67867">
        <ele>886.8</ele>
      </trkpt>
      <trkpt lat="28.11674" lon="-16.6787">
        <ele>886.8</ele>
      </trkpt>
      <trkpt lat="28.11682" lon="-16.67874">
        <ele>886.5</ele>
      </trkpt>
      <trkpt lat="28.11683" lon="-16.67875">
        <ele>886.3</ele>
      </trkpt>
      <trkpt lat="28.11684" lon="-16.67875">
        <ele>886.4</ele>
      </trkpt>
      <trkpt lat="28.11685" lon="-16.67877">
        <ele>885.9</ele>
      </trkpt>
      <trkpt lat="28.11687" lon="-16.678799">
        <ele>885.2</ele>
      </trkpt>
      <trkpt lat="28.11688" lon="-16.67883">
        <ele>884.3</ele>
      </trkpt>
      <trkpt lat="28.11688" lon="-16.67885">
        <ele>883.7</ele>
      </trkpt>
      <trkpt lat="28.11689" lon="-16.67889">
        <ele>882.5</ele>
      </trkpt>
      <trkpt lat="28.11689" lon="-16.67892">
        <ele>881.6</ele>
      </trkpt>
      <trkpt lat="28.11688" lon="-16.67894">
        <ele>880.8</ele>
      </trkpt>
      <trkpt lat="28.11687" lon="-16.67896">
        <ele>879.9</ele>
      </trkpt>
      <trkpt lat="28.11687" lon="-16.67897">
        <ele>879.6</ele>
      </trkpt>
      <trkpt lat="28.11685" lon="-16.678989">
        <ele>878.6</ele>
      </trkpt>
      <trkpt lat="28.11682" lon="-16.67901">
        <ele>877.4</ele>
      </trkpt>
      <trkpt lat="28.11679" lon="-16.67901">
        <ele>876.9</ele>
      </trkpt>
      <trkpt lat="28.11676" lon="-16.67901">
        <ele>876.3</ele>
      </trkpt>
      <trkpt lat="28.11673" lon="-16.67901">
        <ele>875.8</ele>
      </trkpt>
      <trkpt lat="28.1167" lon="-16.678999">
        <ele>875.6</ele>
      </trkpt>
      <trkpt lat="28.11666" lon="-16.67898">
        <ele>875.6</ele>
      </trkpt>
      <trkpt lat="28.11648" lon="-16.678909">
        <ele>875.2</ele>
      </trkpt>
      <trkpt lat="28.11646" lon="-16.678899">
        <ele>875.2</ele>
      </trkpt>
      <trkpt lat="28.11631" lon="-16.67884">
        <ele>874.8</ele>
      </trkpt>
      <trkpt lat="28.11629" lon="-16.67883">
        <ele>874.8</ele>
      </trkpt>
      <trkpt lat="28.11601" lon="-16.6787">
        <ele>874.1</ele>
      </trkpt>
      <trkpt lat="28.11578" lon="-16.6786">
        <ele>872.9</ele>
      </trkpt>
      <trkpt lat="28.11566" lon="-16.67855">
        <ele>871.7</ele>
      </trkpt>
      <trkpt lat="28.11564" lon="-16.67854">
        <ele>871.6</ele>
      </trkpt>
      <trkpt lat="28.11562" lon="-16.678519">
        <ele>871.7</ele>
      </trkpt>
      <trkpt lat="28.11558" lon="-16.6785">
        <ele>871.3</ele>
      </trkpt>
      <trkpt lat="28.11555" lon="-16.67846">
        <ele>871.6</ele>
      </trkpt>
      <trkpt lat="28.11552" lon="-16.678429">
        <ele>871.7</ele>
      </trkpt>
      <trkpt lat="28.11551" lon="-16.6784">
        <ele>872.2</ele>
      </trkpt>
      <trkpt lat="28.11546" lon="-16.67832">
        <ele>872.8</ele>
      </trkpt>
      <trkpt lat="28.11541" lon="-16.67823">
        <ele>872.5</ele>
      </trkpt>
      <trkpt lat="28.11536" lon="-16.67813">
        <ele>872.3</ele>
      </trkpt>
      <trkpt lat="28.11533" lon="-16.67807">
        <ele>872.2</ele>
      </trkpt>
      <trkpt lat="28.11532" lon="-16.678059">
        <ele>872.0</ele>
      </trkpt>
      <trkpt lat="28.11531" lon="-16.67803">
        <ele>872.0</ele>
      </trkpt>
      <trkpt lat="28.1153" lon="-16.67801">
        <ele>872.0</ele>
      </trkpt>
      <trkpt lat="28.11526" lon="-16.67789">
        <ele>872.1</ele>
      </trkpt>
      <trkpt lat="28.11524" lon="-16.67784">
        <ele>872.0</ele>
      </trkpt>
      <trkpt lat="28.11523" lon="-16.67781">
        <ele>872.1</ele>
      </trkpt>
      <trkpt lat="28.11521" lon="-16.677779">
        <ele>871.8</ele>
      </trkpt>
      <trkpt lat="28.11519" lon="-16.67776">
        <ele>871.4</ele>
      </trkpt>
      <trkpt lat="28.11516" lon="-16.67774">
        <ele>870.7</ele>
      </trkpt>
      <trkpt lat="28.11514" lon="-16.67774">
        <ele>870.1</ele>
      </trkpt>
      <trkpt lat="28.11512" lon="-16.67773">
        <ele>869.6</ele>
      </trkpt>
      <trkpt lat="28.11509" lon="-16.67773">
        <ele>868.7</ele>
      </trkpt>
      <trkpt lat="28.11507" lon="-16.67774">
        <ele>868.1</ele>
      </trkpt>
      <trkpt lat="28.11506" lon="-16.67775">
        <ele>867.7</ele>
      </trkpt>
      <trkpt lat="28.11504" lon="-16.67775">
        <ele>867.1</ele>
      </trkpt>
      <trkpt lat="28.11503" lon="-16.67776">
        <ele>866.7</ele>
      </trkpt>
      <trkpt lat="28.11502" lon="-16.677779">
        <ele>866.2</ele>
      </trkpt>
      <trkpt lat="28.115" lon="-16.6778">
        <ele>865.5</ele>
      </trkpt>
      <trkpt lat="28.11499" lon="-16.67782">
        <ele>865.1</ele>
      </trkpt>
      <trkpt lat="28.11498" lon="-16.67785">
        <ele>864.6</ele>
      </trkpt>
      <trkpt lat="28.11498" lon="-16.677859">
        <ele>864.5</ele>
      </trkpt>
      <trkpt lat="28.11498" lon="-16.67789">
        <ele>864.2</ele>
      </trkpt>
      <trkpt lat="28.11498" lon="-16.67792">
        <ele>864.0</ele>
      </trkpt>
      <trkpt lat="28.11498" lon="-16.677959">
        <ele>863.7</ele>
      </trkpt>
      <trkpt lat="28.11498" lon="-16.67799">
        <ele>863.4</ele>
      </trkpt>
      <trkpt lat="28.11499" lon="-16.67803">
        <ele>863.3</ele>
      </trkpt>
      <trkpt lat="28.11499" lon="-16.67804">
        <ele>863.2</ele>
      </trkpt>
      <trkpt lat="28.115" lon="-16.67808">
        <ele>863.1</ele>
      </trkpt>
      <trkpt lat="28.11502" lon="-16.678149">
        <ele>863.1</ele>
      </trkpt>
      <trkpt lat="28.11511" lon="-16.67841">
        <ele>862.4</ele>
      </trkpt>
      <trkpt lat="28.11514" lon="-16.67847">
        <ele>861.9</ele>
      </trkpt>
      <trkpt lat="28.11515" lon="-16.6785">
        <ele>861.6</ele>
      </trkpt>
      <trkpt lat="28.11517" lon="-16.678519">
        <ele>861.7</ele>
      </trkpt>
      <trkpt lat="28.1152" lon="-16.67857">
        <ele>861.3</ele>
      </trkpt>
      <trkpt lat="28.11527" lon="-16.67864">
        <ele>861.3</ele>
      </trkpt>
      <trkpt lat="28.11548" lon="-16.67882">
        <ele>861.2</ele>
      </trkpt>
      <trkpt lat="28.11552" lon="-16.67885">
        <ele>861.2</ele>
      </trkpt>
      <trkpt lat="28.11564" lon="-16.67895">
        <ele>860.5</ele>
      </trkpt>
      <trkpt lat="28.11566" lon="-16.67897">
        <ele>860.3</ele>
      </trkpt>
      <trkpt lat="28.11575" lon="-16.67904">
        <ele>859.6</ele>
      </trkpt>
      <trkpt lat="28.11577" lon="-16.67907">
        <ele>859.0</ele>
      </trkpt>
      <trkpt lat="28.11579" lon="-16.67911">
        <ele>858.1</ele>
      </trkpt>
      <trkpt lat="28.1158" lon="-16.67914">
        <ele>857.4</ele>
      </trkpt>
      <trkpt lat="28.11581" lon="-16.67916">
        <ele>856.9</ele>
      </trkpt>
      <trkpt lat="28.11581" lon="-16.679179">
        <ele>856.5</ele>
      </trkpt>
      <trkpt lat="28.11581" lon="-16.6792">
        <ele>856.2</ele>
      </trkpt>
      <trkpt lat="28.11581" lon="-16.67922">
        <ele>855.9</ele>
      </trkpt>
      <trkpt lat="28.11581" lon="-16.67924">
        <ele>855.6</ele>
      </trkpt>
      <trkpt lat="28.1158" lon="-16.67926">
        <ele>855.1</ele>
      </trkpt>
      <trkpt lat="28.11578" lon="-16.6793">
        <ele>854.2</ele>
      </trkpt>
      <trkpt lat="28.11577" lon="-16.67933">
        <ele>853.6</ele>
      </trkpt>
      <trkpt lat="28.11574" lon="-16.67935">
        <ele>852.9</ele>
      </trkpt>
      <trkpt lat="28.11572" lon="-16.679369">
        <ele>852.3</ele>
      </trkpt>
      <trkpt lat="28.11569" lon="-16.679379">
        <ele>851.7</ele>
      </trkpt>
      <trkpt lat="28.11566" lon="-16.67939">
        <ele>851.2</ele>
      </trkpt>
      <trkpt lat="28.11563" lon="-16.67939">
        <ele>850.8</ele>
      </trkpt>
      <trkpt lat="28.1156" lon="-16.67939">
        <ele>850.3</ele>
      </trkpt>
      <trkpt lat="28.11558" lon="-16.679379">
        <ele>850.2</ele>
      </trkpt>
      <trkpt lat="28.11554" lon="-16.67936">
        <ele>850.1</ele>
      </trkpt>
      <trkpt lat="28.11547" lon="-16.67932">
        <ele>849.9</ele>
      </trkpt>
      <trkpt lat="28.11523" lon="-16.67917">
        <ele>849.7</ele>
      </trkpt>
      <trkpt lat="28.11498" lon="-16.67902">
        <ele>849.1</ele>
      </trkpt>
      <trkpt lat="28.11485" lon="-16.67894">
        <ele>848.3</ele>
      </trkpt>
      <trkpt lat="28.11475" lon="-16.67888">
        <ele>847.4</ele>
      </trkpt>
      <trkpt lat="28.11469" lon="-16.67882">
        <ele>847.1</ele>
      </trkpt>
      <trkpt lat="28.11465" lon="-16.67878">
        <ele>846.9</ele>
      </trkpt>
      <trkpt lat="28.11463" lon="-16.67876">
        <ele>846.8</ele>
      </trkpt>
      <trkpt lat="28.1146" lon="-16.678719">
        <ele>846.7</ele>
      </trkpt>
      <trkpt lat="28.11456" lon="-16.67865">
        <ele>846.7</ele>
      </trkpt>
      <trkpt lat="28.11454" lon="-16.678619">
        <ele>846.7</ele>
      </trkpt>
      <trkpt lat="28.11445" lon="-16.67845">
        <ele>846.6</ele>
      </trkpt>
      <trkpt lat="28.11443" lon="-16.67841">
        <ele>846.5</ele>
      </trkpt>
      <trkpt lat="28.11421" lon="-16.677969">
        <ele>845.1</ele>
      </trkpt>
      <trkpt lat="28.11418" lon="-16.67793">
        <ele>844.7</ele>
      </trkpt>
      <trkpt lat="28.11416" lon="-16.6779">
        <ele>844.5</ele>
      </trkpt>
      <trkpt lat="28.11414" lon="-16.67789">
        <ele>844.2</ele>
      </trkpt>
      <trkpt lat="28.11411" lon="-16.677869">
        <ele>843.8</ele>
      </trkpt>
      <trkpt lat="28.11407" lon="-16.677859">
        <ele>843.1</ele>
      </trkpt>
      <trkpt lat="28.11405" lon="-16.677859">
        <ele>842.7</ele>
      </trkpt>
      <trkpt lat="28.11401" lon="-16.677859">
        <ele>842.0</ele>
      </trkpt>
      <trkpt lat="28.11398" lon="-16.677869">
        <ele>841.3</ele>
      </trkpt>
      <trkpt lat="28.11394" lon="-16.67789">
        <ele>840.4</ele>
      </trkpt>
      <trkpt lat="28.11393" lon="-16.67791">
        <ele>840.0</ele>
      </trkpt>
      <trkpt lat="28.11391" lon="-16.67794">
        <ele>839.4</ele>
      </trkpt>
      <trkpt lat="28.1139" lon="-16.677969">
        <ele>838.9</ele>
      </trkpt>
      <trkpt lat="28.11389" lon="-16.678">
        <ele>838.5</ele>
      </trkpt>
      <trkpt lat="28.11389" lon="-16.67801">
        <ele>838.4</ele>
      </trkpt>
      <trkpt lat="28.11389" lon="-16.67804">
        <ele>838.2</ele>
      </trkpt>
      <trkpt lat="28.11389" lon="-16.67807">
        <ele>837.9</ele>
      </trkpt>
      <trkpt lat="28.11389" lon="-16.678159">
        <ele>837.1</ele>
      </trkpt>
      <trkpt lat="28.11392" lon="-16.678609">
        <ele>834.5</ele>
      </trkpt>
      <trkpt lat="28.11396" lon="-16.67923">
        <ele>830.6</ele>
      </trkpt>
      <trkpt lat="28.11397" lon="-16.67935">
        <ele>829.0</ele>
      </trkpt>
      <trkpt lat="28.11398" lon="-16.67944">
        <ele>827.9</ele>
      </trkpt>
      <trkpt lat="28.114" lon="-16.67951">
        <ele>827.2</ele>
      </trkpt>
      <trkpt lat="28.11402" lon="-16.67959">
        <ele>826.3</ele>
      </trkpt>
      <trkpt lat="28.11409" lon="-16.67977">
        <ele>824.6</ele>
      </trkpt>
      <trkpt lat="28.11422" lon="-16.6801">
        <ele>820.7</ele>
      </trkpt>
      <trkpt lat="28.11431" lon="-16.68035">
        <ele>817.8</ele>
      </trkpt>
      <trkpt lat="28.11438" lon="-16.68052">
        <ele>816.4</ele>
      </trkpt>
      <trkpt lat="28.11445" lon="-16.68071">
        <ele>815.1</ele>
      </trkpt>
      <trkpt lat="28.11447" lon="-16.680769">
        <ele>814.7</ele>
      </trkpt>
      <trkpt lat="28.1145" lon="-16.680879">
        <ele>814.7</ele>
      </trkpt>
      <trkpt lat="28.11453" lon="-16.680969">
        <ele>815.6</ele>
      </trkpt>
      <trkpt lat="28.11454" lon="-16.681059">
        <ele>816.0</ele>
      </trkpt>
      <trkpt lat="28.11454" lon="-16.68121">
        <ele>816.3</ele>
      </trkpt>
      <trkpt lat="28.11454" lon="-16.68133">
        <ele>816.5</ele>
      </trkpt>
      <trkpt lat="28.11453" lon="-16.68141">
        <ele>816.5</ele>
      </trkpt>
      <trkpt lat="28.11451" lon="-16.68149">
        <ele>816.2</ele>
      </trkpt>
      <trkpt lat="28.11451" lon="-16.68151">
        <ele>816.3</ele>
      </trkpt>
      <trkpt lat="28.11447" lon="-16.68165">
        <ele>815.8</ele>
      </trkpt>
      <trkpt lat="28.11445" lon="-16.6817">
        <ele>815.5</ele>
      </trkpt>
      <trkpt lat="28.11442" lon="-16.68178">
        <ele>815.1</ele>
      </trkpt>
      <trkpt lat="28.11438" lon="-16.68189">
        <ele>814.6</ele>
      </trkpt>
      <trkpt lat="28.11434" lon="-16.681999">
        <ele>814.1</ele>
      </trkpt>
      <trkpt lat="28.11432" lon="-16.68208">
        <ele>813.9</ele>
      </trkpt>
      <trkpt lat="28.11417" lon="-16.68251">
        <ele>812.0</ele>
      </trkpt>
      <trkpt lat="28.11412" lon="-16.682649">
        <ele>810.4</ele>
      </trkpt>
      <trkpt lat="28.11409" lon="-16.68272">
        <ele>809.5</ele>
      </trkpt>
      <trkpt lat="28.11405" lon="-16.68283">
        <ele>808.2</ele>
      </trkpt>
      <trkpt lat="28.11403" lon="-16.68287">
        <ele>807.7</ele>
      </trkpt>
      <trkpt lat="28.11401" lon="-16.68291">
        <ele>807.1</ele>
      </trkpt>
      <trkpt lat="28.11399" lon="-16.682939">
        <ele>806.6</ele>
      </trkpt>
      <trkpt lat="28.11396" lon="-16.68297">
        <ele>805.9</ele>
      </trkpt>
      <trkpt lat="28.11392" lon="-16.683">
        <ele>805.0</ele>
      </trkpt>
      <trkpt lat="28.11387" lon="-16.68302">
        <ele>804.0</ele>
      </trkpt>
      <trkpt lat="28.11382" lon="-16.683029">
        <ele>803.1</ele>
      </trkpt>
      <trkpt lat="28.11379" lon="-16.683039">
        <ele>802.5</ele>
      </trkpt>
      <trkpt lat="28.11376" lon="-16.683039">
        <ele>801.9</ele>
      </trkpt>
      <trkpt lat="28.11372" lon="-16.683029">
        <ele>801.2</ele>
      </trkpt>
      <trkpt lat="28.11367" lon="-16.68301">
        <ele>800.4</ele>
      </trkpt>
      <trkpt lat="28.11363" lon="-16.68299">
        <ele>799.7</ele>
      </trkpt>
      <trkpt lat="28.1136" lon="-16.68296">
        <ele>799.3</ele>
      </trkpt>
      <trkpt lat="28.11357" lon="-16.682929">
        <ele>798.9</ele>
      </trkpt>
      <trkpt lat="28.11355" lon="-16.6829">
        <ele>798.6</ele>
      </trkpt>
      <trkpt lat="28.11352" lon="-16.68286">
        <ele>798.2</ele>
      </trkpt>
      <trkpt lat="28.11351" lon="-16.68282">
        <ele>798.2</ele>
      </trkpt>
      <trkpt lat="28.1135" lon="-16.68279">
        <ele>798.1</ele>
      </trkpt>
      <trkpt lat="28.1135" lon="-16.68278">
        <ele>798.1</ele>
      </trkpt>
      <trkpt lat="28.11348" lon="-16.68268">
        <ele>798.1</ele>
      </trkpt>
      <trkpt lat="28.11343" lon="-16.682369">
        <ele>797.4</ele>
      </trkpt>
      <trkpt lat="28.11342" lon="-16.68233">
        <ele>797.1</ele>
      </trkpt>
      <trkpt lat="28.11341" lon="-16.682289">
        <ele>796.7</ele>
      </trkpt>
      <trkpt lat="28.1134" lon="-16.68226">
        <ele>796.4</ele>
      </trkpt>
      <trkpt lat="28.11338" lon="-16.68222">
        <ele>795.9</ele>
      </trkpt>
      <trkpt lat="28.11337" lon="-16.6822">
        <ele>795.6</ele>
      </trkpt>
      <trkpt lat="28.11337" lon="-16.682189">
        <ele>795.6</ele>
      </trkpt>
      <trkpt lat="28.11334" lon="-16.68216">
        <ele>794.9</ele>
      </trkpt>
      <trkpt lat="28.1133" lon="-16.682099">
        <ele>794.0</ele>
      </trkpt>
      <trkpt lat="28.11324" lon="-16.68206">
        <ele>792.9</ele>
      </trkpt>
      <trkpt lat="28.11319" lon="-16.68204">
        <ele>792.1</ele>
      </trkpt>
      <trkpt lat="28.11315" lon="-16.68202">
        <ele>791.4</ele>
      </trkpt>
      <trkpt lat="28.11309" lon="-16.68202">
        <ele>790.4</ele>
      </trkpt>
      <trkpt lat="28.11306" lon="-16.68202">
        <ele>790.0</ele>
      </trkpt>
      <trkpt lat="28.11303" lon="-16.68202">
        <ele>789.5</ele>
      </trkpt>
      <trkpt lat="28.11299" lon="-16.68203">
        <ele>788.9</ele>
      </trkpt>
      <trkpt lat="28.11291" lon="-16.68207">
        <ele>787.6</ele>
      </trkpt>
      <trkpt lat="28.1129" lon="-16.68207">
        <ele>787.5</ele>
      </trkpt>
      <trkpt lat="28.11288" lon="-16.682089">
        <ele>787.2</ele>
      </trkpt>
      <trkpt lat="28.11284" lon="-16.68212">
        <ele>786.5</ele>
      </trkpt>
      <trkpt lat="28.11281" lon="-16.68215">
        <ele>786.0</ele>
      </trkpt>
      <trkpt lat="28.11278" lon="-16.682189">
        <ele>785.5</ele>
      </trkpt>
      <trkpt lat="28.11276" lon="-16.68222">
        <ele>785.1</ele>
      </trkpt>
      <trkpt lat="28.11275" lon="-16.682269">
        <ele>784.9</ele>
      </trkpt>
      <trkpt lat="28.11274" lon="-16.68232">
        <ele>784.7</ele>
      </trkpt>
      <trkpt lat="28.11273" lon="-16.682379">
        <ele>784.5</ele>
      </trkpt>
      <trkpt lat="28.11272" lon="-16.682469">
        <ele>784.3</ele>
      </trkpt>
      <trkpt lat="28.11271" lon="-16.68261">
        <ele>783.7</ele>
      </trkpt>
      <trkpt lat="28.11271" lon="-16.68262">
        <ele>783.7</ele>
      </trkpt>
      <trkpt lat="28.11269" lon="-16.68281">
        <ele>782.8</ele>
      </trkpt>
      <trkpt lat="28.11267" lon="-16.68305">
        <ele>781.8</ele>
      </trkpt>
      <trkpt lat="28.11265" lon="-16.68336">
        <ele>780.6</ele>
      </trkpt>
      <trkpt lat="28.11264" lon="-16.68342">
        <ele>780.2</ele>
      </trkpt>
      <trkpt lat="28.11263" lon="-16.68363">
        <ele>779.3</ele>
      </trkpt>
      <trkpt lat="28.11262" lon="-16.683679">
        <ele>779.0</ele>
      </trkpt>
      <trkpt lat="28.11259" lon="-16.68403">
        <ele>777.2</ele>
      </trkpt>
      <trkpt lat="28.11259" lon="-16.6841">
        <ele>777.0</ele>
      </trkpt>
      <trkpt lat="28.11257" lon="-16.684349">
        <ele>774.7</ele>
      </trkpt>
      <trkpt lat="28.11255" lon="-16.68459">
        <ele>772.2</ele>
      </trkpt>
      <trkpt lat="28.11254" lon="-16.68474">
        <ele>770.7</ele>
      </trkpt>
      <trkpt lat="28.11253" lon="-16.68486">
        <ele>769.5</ele>
      </trkpt>
      <trkpt lat="28.11251" lon="-16.68493">
        <ele>768.7</ele>
      </trkpt>
      <trkpt lat="28.11247" lon="-16.68502">
        <ele>767.6</ele>
      </trkpt>
      <trkpt lat="28.11243" lon="-16.68508">
        <ele>767.0</ele>
      </trkpt>
      <trkpt lat="28.1124" lon="-16.68512">
        <ele>766.5</ele>
      </trkpt>
      <trkpt lat="28.11237" lon="-16.68514">
        <ele>766.1</ele>
      </trkpt>
      <trkpt lat="28.11233" lon="-16.685179">
        <ele>765.4</ele>
      </trkpt>
      <trkpt lat="28.11228" lon="-16.68521">
        <ele>764.7</ele>
      </trkpt>
      <trkpt lat="28.11224" lon="-16.68522">
        <ele>764.1</ele>
      </trkpt>
      <trkpt lat="28.11221" lon="-16.68523">
        <ele>763.6</ele>
      </trkpt>
      <trkpt lat="28.11218" lon="-16.68523">
        <ele>763.3</ele>
      </trkpt>
      <trkpt lat="28.11214" lon="-16.68524">
        <ele>762.7</ele>
      </trkpt>
      <trkpt lat="28.11211" lon="-16.68523">
        <ele>762.3</ele>
      </trkpt>
      <trkpt lat="28.11206" lon="-16.68523">
        <ele>761.7</ele>
      </trkpt>
      <trkpt lat="28.112" lon="-16.68521">
        <ele>761.0</ele>
      </trkpt>
      <trkpt lat="28.11199" lon="-16.685199">
        <ele>761.0</ele>
      </trkpt>
      <trkpt lat="28.11195" lon="-16.685179">
        <ele>760.6</ele>
      </trkpt>
      <trkpt lat="28.1119" lon="-16.68514">
        <ele>760.3</ele>
      </trkpt>
      <trkpt lat="28.11186" lon="-16.685089">
        <ele>760.3</ele>
      </trkpt>
      <trkpt lat="28.11185" lon="-16.68508">
        <ele>760.3</ele>
      </trkpt>
      <trkpt lat="28.11184" lon="-16.68505">
        <ele>760.4</ele>
      </trkpt>
      <trkpt lat="28.11181" lon="-16.684999">
        <ele>760.5</ele>
      </trkpt>
      <trkpt lat="28.1118" lon="-16.68494">
        <ele>760.6</ele>
      </trkpt>
      <trkpt lat="28.11178" lon="-16.684819">
        <ele>760.6</ele>
      </trkpt>
      <trkpt lat="28.11178" lon="-16.684619">
        <ele>761.1</ele>
      </trkpt>
      <trkpt lat="28.11178" lon="-16.684429">
        <ele>761.5</ele>
      </trkpt>
      <trkpt lat="28.11177" lon="-16.684149">
        <ele>761.9</ele>
      </trkpt>
      <trkpt lat="28.11177" lon="-16.684059">
        <ele>762.4</ele>
      </trkpt>
      <trkpt lat="28.11176" lon="-16.68401">
        <ele>762.4</ele>
      </trkpt>
      <trkpt lat="28.11176" lon="-16.683969">
        <ele>762.6</ele>
      </trkpt>
      <trkpt lat="28.11174" lon="-16.68394">
        <ele>762.4</ele>
      </trkpt>
      <trkpt lat="28.11172" lon="-16.68389">
        <ele>762.3</ele>
      </trkpt>
      <trkpt lat="28.1117" lon="-16.68385">
        <ele>762.1</ele>
      </trkpt>
      <trkpt lat="28.11166" lon="-16.68382">
        <ele>761.6</ele>
      </trkpt>
      <trkpt lat="28.11162" lon="-16.683789">
        <ele>761.1</ele>
      </trkpt>
      <trkpt lat="28.11157" lon="-16.68377">
        <ele>760.3</ele>
      </trkpt>
      <trkpt lat="28.11152" lon="-16.68376">
        <ele>759.6</ele>
      </trkpt>
      <trkpt lat="28.11147" lon="-16.68376">
        <ele>758.8</ele>
      </trkpt>
      <trkpt lat="28.11143" lon="-16.68377">
        <ele>758.1</ele>
      </trkpt>
      <trkpt lat="28.1114" lon="-16.683779">
        <ele>757.5</ele>
      </trkpt>
      <trkpt lat="28.11136" lon="-16.6838">
        <ele>756.8</ele>
      </trkpt>
      <trkpt lat="28.11134" lon="-16.68382">
        <ele>756.3</ele>
      </trkpt>
      <trkpt lat="28.11132" lon="-16.68382">
        <ele>756.0</ele>
      </trkpt>
      <trkpt lat="28.1113" lon="-16.68385">
        <ele>755.5</ele>
      </trkpt>
      <trkpt lat="28.11128" lon="-16.683869">
        <ele>755.1</ele>
      </trkpt>
      <trkpt lat="28.11126" lon="-16.6839">
        <ele>754.6</ele>
      </trkpt>
      <trkpt lat="28.11124" lon="-16.68393">
        <ele>754.1</ele>
      </trkpt>
      <trkpt lat="28.11122" lon="-16.683979">
        <ele>753.5</ele>
      </trkpt>
      <trkpt lat="28.11121" lon="-16.68401">
        <ele>753.2</ele>
      </trkpt>
      <trkpt lat="28.11115" lon="-16.68419">
        <ele>751.3</ele>
      </trkpt>
      <trkpt lat="28.11111" lon="-16.68431">
        <ele>750.8</ele>
      </trkpt>
      <trkpt lat="28.11108" lon="-16.68441">
        <ele>750.5</ele>
      </trkpt>
      <trkpt lat="28.11105" lon="-16.68448">
        <ele>750.1</ele>
      </trkpt>
      <trkpt lat="28.111" lon="-16.68458">
        <ele>749.5</ele>
      </trkpt>
      <trkpt lat="28.11096" lon="-16.68465">
        <ele>749.0</ele>
      </trkpt>
      <trkpt lat="28.11093" lon="-16.68469">
        <ele>748.7</ele>
      </trkpt>
      <trkpt lat="28.11089" lon="-16.68474">
        <ele>748.2</ele>
      </trkpt>
      <trkpt lat="28.11082" lon="-16.684819">
        <ele>747.3</ele>
      </trkpt>
      <trkpt lat="28.11073" lon="-16.68489">
        <ele>746.1</ele>
      </trkpt>
      <trkpt lat="28.11069" lon="-16.68493">
        <ele>745.5</ele>
      </trkpt>
      <trkpt lat="28.11065" lon="-16.68497">
        <ele>745.0</ele>
      </trkpt>
      <trkpt lat="28.11061" lon="-16.68502">
        <ele>744.3</ele>
      </trkpt>
      <trkpt lat="28.11059" lon="-16.68506">
        <ele>743.6</ele>
      </trkpt>
      <trkpt lat="28.11057" lon="-16.685099">
        <ele>742.9</ele>
      </trkpt>
      <trkpt lat="28.11056" lon="-16.68513">
        <ele>742.5</ele>
      </trkpt>
      <trkpt lat="28.11054" lon="-16.685179">
        <ele>741.7</ele>
      </trkpt>
      <trkpt lat="28.11054" lon="-16.685189">
        <ele>741.6</ele>
      </trkpt>
      <trkpt lat="28.11052" lon="-16.68524">
        <ele>740.8</ele>
      </trkpt>
      <trkpt lat="28.1105" lon="-16.68532">
        <ele>739.8</ele>
      </trkpt>
      <trkpt lat="28.11048" lon="-16.68539">
        <ele>738.9</ele>
      </trkpt>
      <trkpt lat="28.11045" lon="-16.68544">
        <ele>738.0</ele>
      </trkpt>
      <trkpt lat="28.11042" lon="-16.68549">
        <ele>737.1</ele>
      </trkpt>
      <trkpt lat="28.1104" lon="-16.68552">
        <ele>736.6</ele>
      </trkpt>
      <trkpt lat="28.11037" lon="-16.68555">
        <ele>735.9</ele>
      </trkpt>
      <trkpt lat="28.11034" lon="-16.68558">
        <ele>735.3</ele>
      </trkpt>
      <trkpt lat="28.11029" lon="-16.68561">
        <ele>734.4</ele>
      </trkpt>
      <trkpt lat="28.11023" lon="-16.68563">
        <ele>733.4</ele>
      </trkpt>
      <trkpt lat="28.11022" lon="-16.68563">
        <ele>733.3</ele>
      </trkpt>
      <trkpt lat="28.11019" lon="-16.68564">
        <ele>732.8</ele>
      </trkpt>
      <trkpt lat="28.11013" lon="-16.685649">
        <ele>732.0</ele>
      </trkpt>
      <trkpt lat="28.11005" lon="-16.68564">
        <ele>731.0</ele>
      </trkpt>
      <trkpt lat="28.10997" lon="-16.68561">
        <ele>730.3</ele>
      </trkpt>
      <trkpt lat="28.10992" lon="-16.68558">
        <ele>730.0</ele>
      </trkpt>
      <trkpt lat="28.10987" lon="-16.68555">
        <ele>729.7</ele>
      </trkpt>
      <trkpt lat="28.10974" lon="-16.68543">
        <ele>729.2</ele>
      </trkpt>
      <trkpt lat="28.10914" lon="-16.684909">
        <ele>726.0</ele>
      </trkpt>
      <trkpt lat="28.10907" lon="-16.68485">
        <ele>725.0</ele>
      </trkpt>
      <trkpt lat="28.10893" lon="-16.684729">
        <ele>723.0</ele>
      </trkpt>
      <trkpt lat="28.10892" lon="-16.684719">
        <ele>722.8</ele>
      </trkpt>
      <trkpt lat="28.10885" lon="-16.68466">
        <ele>721.8</ele>
      </trkpt>
      <trkpt lat="28.10881" lon="-16.68464">
        <ele>721.4</ele>
      </trkpt>
      <trkpt lat="28.10878" lon="-16.684619">
        <ele>721.0</ele>
      </trkpt>
      <trkpt lat="28.10877" lon="-16.684619">
        <ele>721.0</ele>
      </trkpt>
      <trkpt lat="28.10872" lon="-16.6846">
        <ele>720.5</ele>
      </trkpt>
      <trkpt lat="28.10868" lon="-16.6846">
        <ele>720.2</ele>
      </trkpt>
      <trkpt lat="28.10863" lon="-16.6846">
        <ele>719.9</ele>
      </trkpt>
      <trkpt lat="28.10858" lon="-16.6846">
        <ele>719.6</ele>
      </trkpt>
      <trkpt lat="28.10855" lon="-16.68461">
        <ele>719.6</ele>
      </trkpt>
      <trkpt lat="28.10851" lon="-16.684629">
        <ele>719.5</ele>
      </trkpt>
      <trkpt lat="28.10847" lon="-16.68466">
        <ele>719.6</ele>
      </trkpt>
      <trkpt lat="28.10844" lon="-16.68468">
        <ele>719.6</ele>
      </trkpt>
      <trkpt lat="28.10844" lon="-16.68469">
        <ele>719.7</ele>
      </trkpt>
      <trkpt lat="28.10842" lon="-16.684709">
        <ele>719.7</ele>
      </trkpt>
      <trkpt lat="28.10839" lon="-16.68475">
        <ele>719.9</ele>
      </trkpt>
      <trkpt lat="28.10837" lon="-16.68479">
        <ele>720.2</ele>
      </trkpt>
      <trkpt lat="28.10836" lon="-16.684819">
        <ele>720.4</ele>
      </trkpt>
      <trkpt lat="28.10835" lon="-16.68485">
        <ele>720.7</ele>
      </trkpt>
      <trkpt lat="28.10834" lon="-16.684909">
        <ele>721.2</ele>
      </trkpt>
      <trkpt lat="28.10833" lon="-16.68495">
        <ele>721.5</ele>
      </trkpt>
      <trkpt lat="28.10834" lon="-16.68512">
        <ele>721.2</ele>
      </trkpt>
      <trkpt lat="28.10835" lon="-16.68535">
        <ele>719.6</ele>
      </trkpt>
      <trkpt lat="28.10836" lon="-16.68541">
        <ele>719.2</ele>
      </trkpt>
      <trkpt lat="28.10837" lon="-16.68546">
        <ele>718.9</ele>
      </trkpt>
      <trkpt lat="28.10838" lon="-16.68554">
        <ele>718.4</ele>
      </trkpt>
      <trkpt lat="28.1084" lon="-16.6856">
        <ele>718.0</ele>
      </trkpt>
      <trkpt lat="28.10843" lon="-16.68569">
        <ele>717.5</ele>
      </trkpt>
      <trkpt lat="28.10849" lon="-16.68582">
        <ele>716.9</ele>
      </trkpt>
      <trkpt lat="28.10854" lon="-16.685939">
        <ele>715.6</ele>
      </trkpt>
      <trkpt lat="28.10857" lon="-16.68602">
        <ele>714.7</ele>
      </trkpt>
      <trkpt lat="28.10858" lon="-16.68606">
        <ele>714.3</ele>
      </trkpt>
      <trkpt lat="28.10859" lon="-16.68611">
        <ele>713.7</ele>
      </trkpt>
      <trkpt lat="28.10859" lon="-16.686129">
        <ele>713.5</ele>
      </trkpt>
      <trkpt lat="28.10858" lon="-16.68617">
        <ele>712.9</ele>
      </trkpt>
      <trkpt lat="28.10857" lon="-16.68621">
        <ele>712.3</ele>
      </trkpt>
      <trkpt lat="28.10855" lon="-16.68626">
        <ele>711.5</ele>
      </trkpt>
      <trkpt lat="28.10852" lon="-16.686309">
        <ele>710.5</ele>
      </trkpt>
      <trkpt lat="28.10848" lon="-16.68636">
        <ele>709.4</ele>
      </trkpt>
      <trkpt lat="28.10844" lon="-16.68638">
        <ele>708.7</ele>
      </trkpt>
      <trkpt lat="28.10839" lon="-16.686399">
        <ele>707.8</ele>
      </trkpt>
      <trkpt lat="28.10835" lon="-16.686419">
        <ele>707.0</ele>
      </trkpt>
      <trkpt lat="28.1083" lon="-16.686419">
        <ele>706.6</ele>
      </trkpt>
      <trkpt lat="28.10828" lon="-16.686419">
        <ele>706.4</ele>
      </trkpt>
      <trkpt lat="28.10826" lon="-16.686409">
        <ele>706.4</ele>
      </trkpt>
      <trkpt lat="28.10821" lon="-16.68639">
        <ele>706.2</ele>
      </trkpt>
      <trkpt lat="28.10817" lon="-16.68637">
        <ele>706.2</ele>
      </trkpt>
      <trkpt lat="28.10812" lon="-16.68633">
        <ele>706.4</ele>
      </trkpt>
      <trkpt lat="28.10767" lon="-16.68598">
        <ele>708.7</ele>
      </trkpt>
      <trkpt lat="28.107" lon="-16.68546">
        <ele>703.9</ele>
      </trkpt>
      <trkpt lat="28.10664" lon="-16.68517">
        <ele>700.2</ele>
      </trkpt>
      <trkpt lat="28.10653" lon="-16.685089">
        <ele>698.5</ele>
      </trkpt>
      <trkpt lat="28.10638" lon="-16.68497">
        <ele>696.5</ele>
      </trkpt>
      <trkpt lat="28.10608" lon="-16.68474">
        <ele>696.3</ele>
      </trkpt>
      <trkpt lat="28.10593" lon="-16.684629">
        <ele>696.2</ele>
      </trkpt>
      <trkpt lat="28.1058" lon="-16.684529">
        <ele>696.1</ele>
      </trkpt>
      <trkpt lat="28.10575" lon="-16.6845">
        <ele>696.1</ele>
      </trkpt>
      <trkpt lat="28.1057" lon="-16.68448">
        <ele>696.1</ele>
      </trkpt>
      <trkpt lat="28.10569" lon="-16.68448">
        <ele>696.1</ele>
      </trkpt>
      <trkpt lat="28.10566" lon="-16.68447">
        <ele>696.1</ele>
      </trkpt>
      <trkpt lat="28.10563" lon="-16.68446">
        <ele>696.1</ele>
      </trkpt>
      <trkpt lat="28.10557" lon="-16.684449">
        <ele>695.9</ele>
      </trkpt>
      <trkpt lat="28.10554" lon="-16.684449">
        <ele>695.7</ele>
      </trkpt>
      <trkpt lat="28.10552" lon="-16.684449">
        <ele>695.6</ele>
      </trkpt>
      <trkpt lat="28.10547" lon="-16.684449">
        <ele>695.3</ele>
      </trkpt>
      <trkpt lat="28.10545" lon="-16.684449">
        <ele>695.1</ele>
      </trkpt>
      <trkpt lat="28.10537" lon="-16.68446">
        <ele>694.5</ele>
      </trkpt>
      <trkpt lat="28.10527" lon="-16.68448">
        <ele>693.5</ele>
      </trkpt>
      <trkpt lat="28.10519" lon="-16.6845">
        <ele>692.7</ele>
      </trkpt>
      <trkpt lat="28.10509" lon="-16.68451">
        <ele>692.0</ele>
      </trkpt>
      <trkpt lat="28.10506" lon="-16.68451">
        <ele>691.8</ele>
      </trkpt>
      <trkpt lat="28.10503" lon="-16.68451">
        <ele>691.6</ele>
      </trkpt>
      <trkpt lat="28.105" lon="-16.68451">
        <ele>691.5</ele>
      </trkpt>
      <trkpt lat="28.10492" lon="-16.68449">
        <ele>691.2</ele>
      </trkpt>
      <trkpt lat="28.10483" lon="-16.68447">
        <ele>690.9</ele>
      </trkpt>
      <trkpt lat="28.1048" lon="-16.68446">
        <ele>690.8</ele>
      </trkpt>
      <trkpt lat="28.10463" lon="-16.68441">
        <ele>690.2</ele>
      </trkpt>
      <trkpt lat="28.1046" lon="-16.6844">
        <ele>690.1</ele>
      </trkpt>
      <trkpt lat="28.10429" lon="-16.6843">
        <ele>688.8</ele>
      </trkpt>
      <trkpt lat="28.10425" lon="-16.68428">
        <ele>688.7</ele>
      </trkpt>
      <trkpt lat="28.10412" lon="-16.68423">
        <ele>687.6</ele>
      </trkpt>
      <trkpt lat="28.10408" lon="-16.68421">
        <ele>687.1</ele>
      </trkpt>
      <trkpt lat="28.10404" lon="-16.68419">
        <ele>686.5</ele>
      </trkpt>
      <trkpt lat="28.10399" lon="-16.684159">
        <ele>685.8</ele>
      </trkpt>
      <trkpt lat="28.10395" lon="-16.68413">
        <ele>685.2</ele>
      </trkpt>
      <trkpt lat="28.1039" lon="-16.68408">
        <ele>684.5</ele>
      </trkpt>
      <trkpt lat="28.10384" lon="-16.68403">
        <ele>683.6</ele>
      </trkpt>
      <trkpt lat="28.10376" lon="-16.683959">
        <ele>682.3</ele>
      </trkpt>
      <trkpt lat="28.10369" lon="-16.683879">
        <ele>681.3</ele>
      </trkpt>
      <trkpt lat="28.10368" lon="-16.683869">
        <ele>681.1</ele>
      </trkpt>
      <trkpt lat="28.10363" lon="-16.68381">
        <ele>680.4</ele>
      </trkpt>
      <trkpt lat="28.10347" lon="-16.68364">
        <ele>677.8</ele>
      </trkpt>
      <trkpt lat="28.10341" lon="-16.68358">
        <ele>676.9</ele>
      </trkpt>
      <trkpt lat="28.10339" lon="-16.68357">
        <ele>676.5</ele>
      </trkpt>
      <trkpt lat="28.10319" lon="-16.68335">
        <ele>672.9</ele>
      </trkpt>
      <trkpt lat="28.10314" lon="-16.68329">
        <ele>672.2</ele>
      </trkpt>
      <trkpt lat="28.103" lon="-16.68315">
        <ele>670.2</ele>
      </trkpt>
      <trkpt lat="28.10294" lon="-16.68308">
        <ele>669.3</ele>
      </trkpt>
      <trkpt lat="28.10267" lon="-16.68279">
        <ele>665.2</ele>
      </trkpt>
      <trkpt lat="28.10255" lon="-16.682649">
        <ele>663.3</ele>
      </trkpt>
      <trkpt lat="28.10235" lon="-16.68242">
        <ele>660.6</ele>
      </trkpt>
      <trkpt lat="28.10222" lon="-16.682279">
        <ele>658.8</ele>
      </trkpt>
      <trkpt lat="28.10222" lon="-16.682269">
        <ele>658.8</ele>
      </trkpt>
      <trkpt lat="28.10205" lon="-16.68207">
        <ele>656.1</ele>
      </trkpt>
      <trkpt lat="28.10198" lon="-16.68198">
        <ele>655.0</ele>
      </trkpt>
      <trkpt lat="28.10189" lon="-16.68186">
        <ele>653.4</ele>
      </trkpt>
      <trkpt lat="28.10176" lon="-16.68167">
        <ele>651.0</ele>
      </trkpt>
      <trkpt lat="28.10175" lon="-16.68166">
        <ele>650.8</ele>
      </trkpt>
      <trkpt lat="28.10165" lon="-16.6815">
        <ele>649.2</ele>
      </trkpt>
      <trkpt lat="28.10163" lon="-16.68147">
        <ele>649.0</ele>
      </trkpt>
      <trkpt lat="28.10159" lon="-16.68141">
        <ele>648.5</ele>
      </trkpt>
      <trkpt lat="28.10156" lon="-16.68139">
        <ele>648.2</ele>
      </trkpt>
      <trkpt lat="28.10153" lon="-16.68137">
        <ele>647.8</ele>
      </trkpt>
      <trkpt lat="28.10149" lon="-16.681349">
        <ele>647.3</ele>
      </trkpt>
      <trkpt lat="28.10146" lon="-16.681339">
        <ele>646.9</ele>
      </trkpt>
      <trkpt lat="28.10141" lon="-16.68133">
        <ele>646.2</ele>
      </trkpt>
      <trkpt lat="28.10138" lon="-16.68133">
        <ele>645.7</ele>
      </trkpt>
      <trkpt lat="28.10136" lon="-16.68133">
        <ele>645.5</ele>
      </trkpt>
      <trkpt lat="28.10133" lon="-16.681339">
        <ele>645.0</ele>
      </trkpt>
      <trkpt lat="28.10131" lon="-16.681349">
        <ele>644.7</ele>
      </trkpt>
      <trkpt lat="28.10129" lon="-16.68136">
        <ele>644.4</ele>
      </trkpt>
      <trkpt lat="28.10126" lon="-16.68137">
        <ele>644.0</ele>
      </trkpt>
      <trkpt lat="28.10123" lon="-16.68138">
        <ele>643.6</ele>
      </trkpt>
      <trkpt lat="28.10122" lon="-16.6814">
        <ele>643.4</ele>
      </trkpt>
      <trkpt lat="28.1012" lon="-16.68141">
        <ele>643.1</ele>
      </trkpt>
      <trkpt lat="28.10118" lon="-16.681439">
        <ele>642.8</ele>
      </trkpt>
      <trkpt lat="28.10115" lon="-16.68149">
        <ele>642.3</ele>
      </trkpt>
      <trkpt lat="28.10114" lon="-16.681529">
        <ele>642.2</ele>
      </trkpt>
      <trkpt lat="28.10112" lon="-16.68158">
        <ele>641.9</ele>
      </trkpt>
      <trkpt lat="28.10112" lon="-16.681619">
        <ele>641.8</ele>
      </trkpt>
      <trkpt lat="28.10111" lon="-16.68166">
        <ele>641.7</ele>
      </trkpt>
      <trkpt lat="28.10109" lon="-16.68198">
        <ele>641.8</ele>
      </trkpt>
      <trkpt lat="28.10107" lon="-16.68217">
        <ele>641.8</ele>
      </trkpt>
      <trkpt lat="28.10105" lon="-16.68223">
        <ele>641.7</ele>
      </trkpt>
      <trkpt lat="28.10104" lon="-16.682279">
        <ele>641.7</ele>
      </trkpt>
      <trkpt lat="28.10102" lon="-16.68234">
        <ele>641.5</ele>
      </trkpt>
      <trkpt lat="28.101" lon="-16.682369">
        <ele>641.4</ele>
      </trkpt>
      <trkpt lat="28.10095" lon="-16.68245">
        <ele>641.0</ele>
      </trkpt>
      <trkpt lat="28.10088" lon="-16.68254">
        <ele>640.6</ele>
      </trkpt>
      <trkpt lat="28.10081" lon="-16.68261">
        <ele>640.2</ele>
      </trkpt>
      <trkpt lat="28.10076" lon="-16.682649">
        <ele>639.8</ele>
      </trkpt>
      <trkpt lat="28.10073" lon="-16.68267">
        <ele>639.5</ele>
      </trkpt>
      <trkpt lat="28.10065" lon="-16.68271">
        <ele>638.9</ele>
      </trkpt>
      <trkpt lat="28.10055" lon="-16.682739">
        <ele>638.0</ele>
      </trkpt>
      <trkpt lat="28.10046" lon="-16.682759">
        <ele>637.2</ele>
      </trkpt>
      <trkpt lat="28.10044" lon="-16.682759">
        <ele>637.0</ele>
      </trkpt>
      <trkpt lat="28.10038" lon="-16.682749">
        <ele>636.3</ele>
      </trkpt>
      <trkpt lat="28.1003" lon="-16.682739">
        <ele>635.5</ele>
      </trkpt>
      <trkpt lat="28.10021" lon="-16.68271">
        <ele>634.4</ele>
      </trkpt>
      <trkpt lat="28.10013" lon="-16.68267">
        <ele>633.4</ele>
      </trkpt>
      <trkpt lat="28.09997" lon="-16.68258">
        <ele>631.1</ele>
      </trkpt>
      <trkpt lat="28.0998" lon="-16.68249">
        <ele>628.6</ele>
      </trkpt>
      <trkpt lat="28.09964" lon="-16.6824">
        <ele>626.7</ele>
      </trkpt>
      <trkpt lat="28.09956" lon="-16.68236">
        <ele>625.8</ele>
      </trkpt>
      <trkpt lat="28.09939" lon="-16.682279">
        <ele>623.9</ele>
      </trkpt>
      <trkpt lat="28.09938" lon="-16.682269">
        <ele>623.8</ele>
      </trkpt>
      <trkpt lat="28.09933" lon="-16.68224">
        <ele>623.2</ele>
      </trkpt>
      <trkpt lat="28.09925" lon="-16.68221">
        <ele>622.3</ele>
      </trkpt>
      <trkpt lat="28.09912" lon="-16.68216">
        <ele>621.1</ele>
      </trkpt>
      <trkpt lat="28.09904" lon="-16.68213">
        <ele>620.7</ele>
      </trkpt>
      <trkpt lat="28.09887" lon="-16.68207">
        <ele>619.7</ele>
      </trkpt>
      <trkpt lat="28.09884" lon="-16.68206">
        <ele>619.6</ele>
      </trkpt>
      <trkpt lat="28.09866" lon="-16.682009">
        <ele>618.5</ele>
      </trkpt>
      <trkpt lat="28.09831" lon="-16.681909">
        <ele>616.4</ele>
      </trkpt>
      <trkpt lat="28.098214" lon="-16.681883">
        <ele>615.0</ele>
      </trkpt>
      <trkpt lat="28.09813" lon="-16.68186">
        <ele>613.7</ele>
      </trkpt>
      <trkpt lat="28.09811" lon="-16.68186">
        <ele>613.4</ele>
      </trkpt>
      <trkpt lat="28.09797" lon="-16.681809">
        <ele>611.0</ele>
      </trkpt>
      <trkpt lat="28.09783" lon="-16.68176">
        <ele>608.5</ele>
      </trkpt>
      <trkpt lat="28.09768" lon="-16.681709">
        <ele>605.6</ele>
      </trkpt>
      <trkpt lat="28.09768" lon="-16.681709">
        <ele>605.6</ele>
      </trkpt>
      <trkpt lat="28.09748" lon="-16.68202">
        <ele>605.4</ele>
      </trkpt>
      <trkpt lat="28.09747" lon="-16.68204">
        <ele>605.4</ele>
      </trkpt>
      <trkpt lat="28.09736" lon="-16.682189">
        <ele>604.8</ele>
      </trkpt>
      <trkpt lat="28.09727" lon="-16.682269">
        <ele>603.7</ele>
      </trkpt>
      <trkpt lat="28.09718" lon="-16.68234">
        <ele>602.5</ele>
      </trkpt>
      <trkpt lat="28.09709" lon="-16.68241">
        <ele>601.3</ele>
      </trkpt>
      <trkpt lat="28.09701" lon="-16.682459">
        <ele>600.0</ele>
      </trkpt>
      <trkpt lat="28.09673" lon="-16.68262">
        <ele>595.0</ele>
      </trkpt>
      <trkpt lat="28.0967" lon="-16.68264">
        <ele>594.5</ele>
      </trkpt>
      <trkpt lat="28.09646" lon="-16.6828">
        <ele>591.3</ele>
      </trkpt>
      <trkpt lat="28.09612" lon="-16.68306">
        <ele>587.2</ele>
      </trkpt>
      <trkpt lat="28.09592" lon="-16.683209">
        <ele>584.7</ele>
      </trkpt>
      <trkpt lat="28.09583" lon="-16.68329">
        <ele>583.7</ele>
      </trkpt>
      <trkpt lat="28.09573" lon="-16.68338">
        <ele>581.6</ele>
      </trkpt>
      <trkpt lat="28.09573" lon="-16.68339">
        <ele>581.6</ele>
      </trkpt>
      <trkpt lat="28.09569" lon="-16.68343">
        <ele>580.7</ele>
      </trkpt>
      <trkpt lat="28.09562" lon="-16.683509">
        <ele>579.3</ele>
      </trkpt>
      <trkpt lat="28.09559" lon="-16.68356">
        <ele>578.7</ele>
      </trkpt>
      <trkpt lat="28.09557" lon="-16.683599">
        <ele>578.3</ele>
      </trkpt>
      <trkpt lat="28.09551" lon="-16.68371">
        <ele>577.2</ele>
      </trkpt>
      <trkpt lat="28.09547" lon="-16.68382">
        <ele>576.6</ele>
      </trkpt>
      <trkpt lat="28.09544" lon="-16.68393">
        <ele>576.3</ele>
      </trkpt>
      <trkpt lat="28.09537" lon="-16.6842">
        <ele>575.6</ele>
      </trkpt>
      <trkpt lat="28.09537" lon="-16.68423">
        <ele>575.6</ele>
      </trkpt>
      <trkpt lat="28.09534" lon="-16.68432">
        <ele>575.2</ele>
      </trkpt>
      <trkpt lat="28.09532" lon="-16.68436">
        <ele>574.9</ele>
      </trkpt>
      <trkpt lat="28.09531" lon="-16.6844">
        <ele>574.7</ele>
      </trkpt>
      <trkpt lat="28.09528" lon="-16.684439">
        <ele>574.3</ele>
      </trkpt>
      <trkpt lat="28.09527" lon="-16.68447">
        <ele>574.1</ele>
      </trkpt>
      <trkpt lat="28.09525" lon="-16.6845">
        <ele>573.8</ele>
      </trkpt>
      <trkpt lat="28.09516" lon="-16.684629">
        <ele>572.5</ele>
      </trkpt>
      <trkpt lat="28.09506" lon="-16.68469">
        <ele>570.9</ele>
      </trkpt>
      <trkpt lat="28.09489" lon="-16.68477">
        <ele>568.8</ele>
      </trkpt>
      <trkpt lat="28.09481" lon="-16.6848">
        <ele>567.9</ele>
      </trkpt>
      <trkpt lat="28.09472" lon="-16.68484">
        <ele>567.0</ele>
      </trkpt>
      <trkpt lat="28.09409" lon="-16.685099">
        <ele>560.7</ele>
      </trkpt>
      <trkpt lat="28.09405" lon="-16.68512">
        <ele>559.9</ele>
      </trkpt>
      <trkpt lat="28.09389" lon="-16.685189">
        <ele>556.9</ele>
      </trkpt>
      <trkpt lat="28.09379" lon="-16.68525">
        <ele>555.3</ele>
      </trkpt>
      <trkpt lat="28.09372" lon="-16.6853">
        <ele>554.2</ele>
      </trkpt>
      <trkpt lat="28.09368" lon="-16.68533">
        <ele>553.7</ele>
      </trkpt>
      <trkpt lat="28.09358" lon="-16.68541">
        <ele>552.4</ele>
      </trkpt>
      <trkpt lat="28.0935" lon="-16.68549">
        <ele>551.6</ele>
      </trkpt>
      <trkpt lat="28.09343" lon="-16.68558">
        <ele>551.2</ele>
      </trkpt>
      <trkpt lat="28.09339" lon="-16.68563">
        <ele>551.0</ele>
      </trkpt>
      <trkpt lat="28.09334" lon="-16.68572">
        <ele>551.0</ele>
      </trkpt>
      <trkpt lat="28.09325" lon="-16.685949">
        <ele>550.4</ele>
      </trkpt>
      <trkpt lat="28.09319" lon="-16.686129">
        <ele>548.7</ele>
      </trkpt>
      <trkpt lat="28.09317" lon="-16.686219">
        <ele>548.1</ele>
      </trkpt>
      <trkpt lat="28.09315" lon="-16.68629">
        <ele>547.6</ele>
      </trkpt>
      <trkpt lat="28.09313" lon="-16.68639">
        <ele>546.9</ele>
      </trkpt>
      <trkpt lat="28.09309" lon="-16.68656">
        <ele>545.9</ele>
      </trkpt>
      <trkpt lat="28.09304" lon="-16.686689">
        <ele>545.2</ele>
      </trkpt>
      <trkpt lat="28.09297" lon="-16.68685">
        <ele>544.7</ele>
      </trkpt>
      <trkpt lat="28.09292" lon="-16.68694">
        <ele>544.4</ele>
      </trkpt>
      <trkpt lat="28.09288" lon="-16.68702">
        <ele>544.0</ele>
      </trkpt>
      <trkpt lat="28.09286" lon="-16.68705">
        <ele>543.9</ele>
      </trkpt>
      <trkpt lat="28.09278" lon="-16.687169">
        <ele>543.3</ele>
      </trkpt>
      <trkpt lat="28.09271" lon="-16.68727">
        <ele>542.7</ele>
      </trkpt>
      <trkpt lat="28.09255" lon="-16.68748">
        <ele>541.3</ele>
      </trkpt>
      <trkpt lat="28.09251" lon="-16.687539">
        <ele>540.9</ele>
      </trkpt>
      <trkpt lat="28.09242" lon="-16.68766">
        <ele>539.8</ele>
      </trkpt>
      <trkpt lat="28.09241" lon="-16.68768">
        <ele>539.7</ele>
      </trkpt>
      <trkpt lat="28.09234" lon="-16.6878">
        <ele>538.7</ele>
      </trkpt>
      <trkpt lat="28.09234" lon="-16.687809">
        <ele>538.6</ele>
      </trkpt>
      <trkpt lat="28.09229" lon="-16.687899">
        <ele>537.8</ele>
      </trkpt>
      <trkpt lat="28.09222" lon="-16.68807">
        <ele>536.5</ele>
      </trkpt>
      <trkpt lat="28.09221" lon="-16.68811">
        <ele>536.2</ele>
      </trkpt>
      <trkpt lat="28.0922" lon="-16.68817">
        <ele>535.8</ele>
      </trkpt>
      <trkpt lat="28.09219" lon="-16.68824">
        <ele>535.3</ele>
      </trkpt>
      <trkpt lat="28.09218" lon="-16.68845">
        <ele>533.5</ele>
      </trkpt>
      <trkpt lat="28.09218" lon="-16.68854">
        <ele>532.7</ele>
      </trkpt>
      <trkpt lat="28.09218" lon="-16.688569">
        <ele>532.4</ele>
      </trkpt>
      <trkpt lat="28.09218" lon="-16.68859">
        <ele>532.2</ele>
      </trkpt>
      <trkpt lat="28.09218" lon="-16.68868">
        <ele>531.3</ele>
      </trkpt>
      <trkpt lat="28.09219" lon="-16.68879">
        <ele>530.2</ele>
      </trkpt>
      <trkpt lat="28.0922" lon="-16.688849">
        <ele>529.7</ele>
      </trkpt>
      <trkpt lat="28.09223" lon="-16.68898">
        <ele>528.6</ele>
      </trkpt>
      <trkpt lat="28.09225" lon="-16.68905">
        <ele>528.0</ele>
      </trkpt>
      <trkpt lat="28.09227" lon="-16.689139">
        <ele>527.2</ele>
      </trkpt>
      <trkpt lat="28.09227" lon="-16.68915">
        <ele>527.1</ele>
      </trkpt>
      <trkpt lat="28.09228" lon="-16.68919">
        <ele>526.5</ele>
      </trkpt>
      <trkpt lat="28.09228" lon="-16.68921">
        <ele>526.1</ele>
      </trkpt>
      <trkpt lat="28.09229" lon="-16.68929">
        <ele>524.5</ele>
      </trkpt>
      <trkpt lat="28.09229" lon="-16.68936">
        <ele>523.1</ele>
      </trkpt>
      <trkpt lat="28.09228" lon="-16.6894">
        <ele>522.2</ele>
      </trkpt>
      <trkpt lat="28.09227" lon="-16.68944">
        <ele>521.4</ele>
      </trkpt>
      <trkpt lat="28.09226" lon="-16.68949">
        <ele>520.4</ele>
      </trkpt>
      <trkpt lat="28.09225" lon="-16.68954">
        <ele>519.4</ele>
      </trkpt>
      <trkpt lat="28.09222" lon="-16.689609">
        <ele>518.0</ele>
      </trkpt>
      <trkpt lat="28.0922" lon="-16.68965">
        <ele>517.2</ele>
      </trkpt>
      <trkpt lat="28.09219" lon="-16.68968">
        <ele>516.6</ele>
      </trkpt>
      <trkpt lat="28.09217" lon="-16.68971">
        <ele>516.1</ele>
      </trkpt>
      <trkpt lat="28.09215" lon="-16.68974">
        <ele>515.6</ele>
      </trkpt>
      <trkpt lat="28.09213" lon="-16.68975">
        <ele>515.4</ele>
      </trkpt>
      <trkpt lat="28.09211" lon="-16.68977">
        <ele>515.1</ele>
      </trkpt>
      <trkpt lat="28.09206" lon="-16.68981">
        <ele>514.5</ele>
      </trkpt>
      <trkpt lat="28.09203" lon="-16.68984">
        <ele>514.0</ele>
      </trkpt>
      <trkpt lat="28.092" lon="-16.68985">
        <ele>514.0</ele>
      </trkpt>
      <trkpt lat="28.09198" lon="-16.68986">
        <ele>513.9</ele>
      </trkpt>
      <trkpt lat="28.09196" lon="-16.68987">
        <ele>513.7</ele>
      </trkpt>
      <trkpt lat="28.09193" lon="-16.689889">
        <ele>513.5</ele>
      </trkpt>
      <trkpt lat="28.09188" lon="-16.68991">
        <ele>513.4</ele>
      </trkpt>
      <trkpt lat="28.09182" lon="-16.68992">
        <ele>513.5</ele>
      </trkpt>
      <trkpt lat="28.09178" lon="-16.68992">
        <ele>513.6</ele>
      </trkpt>
      <trkpt lat="28.09172" lon="-16.68992">
        <ele>513.9</ele>
      </trkpt>
      <trkpt lat="28.09165" lon="-16.68992">
        <ele>513.9</ele>
      </trkpt>
      <trkpt lat="28.0916" lon="-16.68991">
        <ele>513.6</ele>
      </trkpt>
      <trkpt lat="28.09151" lon="-16.689889">
        <ele>513.1</ele>
      </trkpt>
      <trkpt lat="28.09145" lon="-16.68987">
        <ele>512.8</ele>
      </trkpt>
      <trkpt lat="28.09132" lon="-16.68981">
        <ele>512.4</ele>
      </trkpt>
      <trkpt lat="28.0912" lon="-16.68974">
        <ele>512.2</ele>
      </trkpt>
      <trkpt lat="28.09102" lon="-16.68964">
        <ele>511.7</ele>
      </trkpt>
      <trkpt lat="28.09093" lon="-16.689609">
        <ele>511.1</ele>
      </trkpt>
      <trkpt lat="28.09089" lon="-16.689599">
        <ele>510.9</ele>
      </trkpt>
      <trkpt lat="28.0908" lon="-16.68957">
        <ele>510.2</ele>
      </trkpt>
      <trkpt lat="28.09076" lon="-16.68956">
        <ele>509.7</ele>
      </trkpt>
      <trkpt lat="28.09068" lon="-16.68954">
        <ele>508.7</ele>
      </trkpt>
      <trkpt lat="28.09056" lon="-16.689509">
        <ele>507.3</ele>
      </trkpt>
      <trkpt lat="28.09041" lon="-16.68949">
        <ele>505.4</ele>
      </trkpt>
      <trkpt lat="28.09035" lon="-16.68949">
        <ele>504.6</ele>
      </trkpt>
      <trkpt lat="28.09031" lon="-16.68949">
        <ele>504.0</ele>
      </trkpt>
      <trkpt lat="28.09015" lon="-16.68946">
        <ele>502.2</ele>
      </trkpt>
      <trkpt lat="28.09001" lon="-16.68944">
        <ele>500.6</ele>
      </trkpt>
      <trkpt lat="28.08988" lon="-16.6894">
        <ele>499.6</ele>
      </trkpt>
      <trkpt lat="28.08978" lon="-16.68935">
        <ele>499.2</ele>
      </trkpt>
      <trkpt lat="28.08967" lon="-16.6893">
        <ele>498.6</ele>
      </trkpt>
      <trkpt lat="28.08957" lon="-16.68924">
        <ele>498.2</ele>
      </trkpt>
      <trkpt lat="28.0895" lon="-16.68918">
        <ele>498.2</ele>
      </trkpt>
      <trkpt lat="28.08943" lon="-16.689119">
        <ele>497.6</ele>
      </trkpt>
      <trkpt lat="28.0894" lon="-16.68907">
        <ele>497.3</ele>
      </trkpt>
      <trkpt lat="28.08934" lon="-16.68899">
        <ele>496.7</ele>
      </trkpt>
      <trkpt lat="28.0893" lon="-16.6889">
        <ele>496.3</ele>
      </trkpt>
      <trkpt lat="28.08927" lon="-16.68882">
        <ele>496.0</ele>
      </trkpt>
      <trkpt lat="28.08926" lon="-16.6888">
        <ele>495.9</ele>
      </trkpt>
      <trkpt lat="28.08917" lon="-16.68859">
        <ele>494.7</ele>
      </trkpt>
      <trkpt lat="28.0891" lon="-16.688469">
        <ele>493.4</ele>
      </trkpt>
      <trkpt lat="28.08906" lon="-16.68841">
        <ele>492.6</ele>
      </trkpt>
      <trkpt lat="28.08898" lon="-16.68832">
        <ele>491.0</ele>
      </trkpt>
      <trkpt lat="28.08891" lon="-16.688289">
        <ele>489.5</ele>
      </trkpt>
      <trkpt lat="28.08888" lon="-16.688279">
        <ele>488.8</ele>
      </trkpt>
      <trkpt lat="28.08883" lon="-16.68827">
        <ele>487.7</ele>
      </trkpt>
      <trkpt lat="28.08877" lon="-16.68826">
        <ele>486.4</ele>
      </trkpt>
      <trkpt lat="28.08873" lon="-16.68827">
        <ele>485.6</ele>
      </trkpt>
      <trkpt lat="28.08871" lon="-16.688279">
        <ele>485.1</ele>
      </trkpt>
      <trkpt lat="28.08868" lon="-16.688289">
        <ele>484.5</ele>
      </trkpt>
      <trkpt lat="28.08865" lon="-16.68831">
        <ele>483.8</ele>
      </trkpt>
      <trkpt lat="28.08861" lon="-16.68833">
        <ele>483.0</ele>
      </trkpt>
      <trkpt lat="28.08859" lon="-16.68835">
        <ele>482.5</ele>
      </trkpt>
      <trkpt lat="28.08855" lon="-16.688389">
        <ele>481.7</ele>
      </trkpt>
      <trkpt lat="28.08851" lon="-16.688469">
        <ele>480.8</ele>
      </trkpt>
      <trkpt lat="28.08851" lon="-16.688479">
        <ele>480.8</ele>
      </trkpt>
      <trkpt lat="28.08849" lon="-16.68853">
        <ele>480.3</ele>
      </trkpt>
      <trkpt lat="28.08845" lon="-16.68862">
        <ele>479.5</ele>
      </trkpt>
      <trkpt lat="28.08844" lon="-16.68865">
        <ele>479.3</ele>
      </trkpt>
      <trkpt lat="28.08842" lon="-16.68872">
        <ele>478.8</ele>
      </trkpt>
      <trkpt lat="28.0884" lon="-16.68883">
        <ele>478.4</ele>
      </trkpt>
      <trkpt lat="28.08839" lon="-16.68891">
        <ele>478.2</ele>
      </trkpt>
      <trkpt lat="28.0884" lon="-16.68898">
        <ele>478.4</ele>
      </trkpt>
      <trkpt lat="28.08841" lon="-16.68908">
        <ele>478.6</ele>
      </trkpt>
      <trkpt lat="28.08844" lon="-16.68921">
        <ele>478.9</ele>
      </trkpt>
      <trkpt lat="28.08844" lon="-16.689229">
        <ele>478.7</ele>
      </trkpt>
      <trkpt lat="28.08851" lon="-16.68945">
        <ele>478.5</ele>
      </trkpt>
      <trkpt lat="28.08865" lon="-16.689779">
        <ele>478.1</ele>
      </trkpt>
      <trkpt lat="28.08867" lon="-16.68982">
        <ele>478.1</ele>
      </trkpt>
      <trkpt lat="28.08872" lon="-16.68993">
        <ele>477.8</ele>
      </trkpt>
      <trkpt lat="28.08882" lon="-16.69019">
        <ele>476.2</ele>
      </trkpt>
      <trkpt lat="28.08889" lon="-16.69037">
        <ele>474.9</ele>
      </trkpt>
      <trkpt lat="28.0889" lon="-16.69041">
        <ele>474.5</ele>
      </trkpt>
      <trkpt lat="28.08897" lon="-16.69061">
        <ele>472.9</ele>
      </trkpt>
      <trkpt lat="28.08901" lon="-16.69071">
        <ele>472.0</ele>
      </trkpt>
      <trkpt lat="28.08906" lon="-16.69087">
        <ele>470.7</ele>
      </trkpt>
      <trkpt lat="28.08907" lon="-16.69095">
        <ele>470.1</ele>
      </trkpt>
      <trkpt lat="28.08908" lon="-16.69096">
        <ele>470.1</ele>
      </trkpt>
      <trkpt lat="28.08909" lon="-16.69103">
        <ele>469.5</ele>
      </trkpt>
      <trkpt lat="28.08909" lon="-16.691109">
        <ele>468.8</ele>
      </trkpt>
      <trkpt lat="28.08909" lon="-16.69118">
        <ele>468.2</ele>
      </trkpt>
      <trkpt lat="28.08908" lon="-16.69123">
        <ele>467.7</ele>
      </trkpt>
      <trkpt lat="28.08908" lon="-16.69126">
        <ele>467.4</ele>
      </trkpt>
      <trkpt lat="28.08907" lon="-16.691289">
        <ele>467.1</ele>
      </trkpt>
      <trkpt lat="28.08906" lon="-16.69132">
        <ele>466.8</ele>
      </trkpt>
      <trkpt lat="28.08905" lon="-16.69135">
        <ele>466.5</ele>
      </trkpt>
      <trkpt lat="28.08905" lon="-16.69136">
        <ele>466.4</ele>
      </trkpt>
      <trkpt lat="28.08903" lon="-16.6914">
        <ele>466.0</ele>
      </trkpt>
      <trkpt lat="28.089" lon="-16.691469">
        <ele>465.4</ele>
      </trkpt>
      <trkpt lat="28.08898" lon="-16.69151">
        <ele>465.0</ele>
      </trkpt>
      <trkpt lat="28.08894" lon="-16.69159">
        <ele>464.3</ele>
      </trkpt>
      <trkpt lat="28.08889" lon="-16.691659">
        <ele>463.7</ele>
      </trkpt>
      <trkpt lat="28.08886" lon="-16.6917">
        <ele>463.3</ele>
      </trkpt>
      <trkpt lat="28.08884" lon="-16.69172">
        <ele>463.0</ele>
      </trkpt>
      <trkpt lat="28.0888" lon="-16.691759">
        <ele>462.5</ele>
      </trkpt>
      <trkpt lat="28.08876" lon="-16.6918">
        <ele>461.9</ele>
      </trkpt>
      <trkpt lat="28.08873" lon="-16.69183">
        <ele>461.5</ele>
      </trkpt>
      <trkpt lat="28.0887" lon="-16.69184">
        <ele>461.3</ele>
      </trkpt>
      <trkpt lat="28.08866" lon="-16.691859">
        <ele>460.9</ele>
      </trkpt>
      <trkpt lat="28.08862" lon="-16.69188">
        <ele>460.5</ele>
      </trkpt>
      <trkpt lat="28.08857" lon="-16.69189">
        <ele>460.1</ele>
      </trkpt>
      <trkpt lat="28.08853" lon="-16.6919">
        <ele>459.8</ele>
      </trkpt>
      <trkpt lat="28.08847" lon="-16.6919">
        <ele>459.6</ele>
      </trkpt>
      <trkpt lat="28.08843" lon="-16.69189">
        <ele>459.6</ele>
      </trkpt>
      <trkpt lat="28.088409" lon="-16.691886">
        <ele>459.6</ele>
      </trkpt>
      <trkpt lat="28.08841" lon="-16.69188">
        <ele>459.7</ele>
      </trkpt>
      <trkpt lat="28.08838" lon="-16.69188">
        <ele>459.6</ele>
      </trkpt>
      <trkpt lat="28.08833" lon="-16.69184">
        <ele>460.1</ele>
      </trkpt>
      <trkpt lat="28.08829" lon="-16.69182">
        <ele>460.1</ele>
      </trkpt>
      <trkpt lat="28.08827" lon="-16.69179">
        <ele>460.4</ele>
      </trkpt>
      <trkpt lat="28.08822" lon="-16.691759">
        <ele>460.4</ele>
      </trkpt>
      <trkpt lat="28.0882" lon="-16.69173">
        <ele>460.6</ele>
      </trkpt>
      <trkpt lat="28.08818" lon="-16.69171">
        <ele>460.7</ele>
      </trkpt>
      <trkpt lat="28.08815" lon="-16.691669">
        <ele>461.0</ele>
      </trkpt>
      <trkpt lat="28.08814" lon="-16.69165">
        <ele>460.9</ele>
      </trkpt>
      <trkpt lat="28.08811" lon="-16.69162">
        <ele>460.5</ele>
      </trkpt>
      <trkpt lat="28.0881" lon="-16.69161">
        <ele>460.4</ele>
      </trkpt>
      <trkpt lat="28.08808" lon="-16.691559">
        <ele>460.1</ele>
      </trkpt>
      <trkpt lat="28.08805" lon="-16.69152">
        <ele>459.7</ele>
      </trkpt>
      <trkpt lat="28.08804" lon="-16.69149">
        <ele>459.5</ele>
      </trkpt>
      <trkpt lat="28.08802" lon="-16.69143">
        <ele>459.2</ele>
      </trkpt>
      <trkpt lat="28.08797" lon="-16.69131">
        <ele>458.2</ele>
      </trkpt>
      <trkpt lat="28.08796" lon="-16.691299">
        <ele>458.0</ele>
      </trkpt>
      <trkpt lat="28.08792" lon="-16.69118">
        <ele>457.1</ele>
      </trkpt>
      <trkpt lat="28.0879" lon="-16.69113">
        <ele>456.6</ele>
      </trkpt>
      <trkpt lat="28.08787" lon="-16.69106">
        <ele>455.9</ele>
      </trkpt>
      <trkpt lat="28.08784" lon="-16.69097">
        <ele>455.0</ele>
      </trkpt>
      <trkpt lat="28.08777" lon="-16.690809">
        <ele>453.4</ele>
      </trkpt>
      <trkpt lat="28.08775" lon="-16.69075">
        <ele>453.5</ele>
      </trkpt>
      <trkpt lat="28.08771" lon="-16.69067">
        <ele>453.5</ele>
      </trkpt>
      <trkpt lat="28.08768" lon="-16.69059">
        <ele>453.6</ele>
      </trkpt>
      <trkpt lat="28.08765" lon="-16.690539">
        <ele>453.4</ele>
      </trkpt>
      <trkpt lat="28.08762" lon="-16.6905">
        <ele>453.2</ele>
      </trkpt>
      <trkpt lat="28.08759" lon="-16.69046">
        <ele>452.9</ele>
      </trkpt>
      <trkpt lat="28.08753" lon="-16.69039">
        <ele>452.3</ele>
      </trkpt>
      <trkpt lat="28.08748" lon="-16.69033">
        <ele>452.0</ele>
      </trkpt>
      <trkpt lat="28.08742" lon="-16.69029">
        <ele>451.5</ele>
      </trkpt>
      <trkpt lat="28.0874" lon="-16.69027">
        <ele>451.4</ele>
      </trkpt>
      <trkpt lat="28.08736" lon="-16.690249">
        <ele>451.0</ele>
      </trkpt>
      <trkpt lat="28.08732" lon="-16.69022">
        <ele>450.7</ele>
      </trkpt>
      <trkpt lat="28.08727" lon="-16.6902">
        <ele>450.1</ele>
      </trkpt>
      <trkpt lat="28.08721" lon="-16.69018">
        <ele>449.5</ele>
      </trkpt>
      <trkpt lat="28.08715" lon="-16.690159">
        <ele>448.8</ele>
      </trkpt>
      <trkpt lat="28.0871" lon="-16.69015">
        <ele>448.2</ele>
      </trkpt>
      <trkpt lat="28.087" lon="-16.69014">
        <ele>446.8</ele>
      </trkpt>
      <trkpt lat="28.08688" lon="-16.690159">
        <ele>445.0</ele>
      </trkpt>
      <trkpt lat="28.08677" lon="-16.69018">
        <ele>443.4</ele>
      </trkpt>
      <trkpt lat="28.08671" lon="-16.69021">
        <ele>442.3</ele>
      </trkpt>
      <trkpt lat="28.08663" lon="-16.690249">
        <ele>441.2</ele>
      </trkpt>
      <trkpt lat="28.08655" lon="-16.6903">
        <ele>440.3</ele>
      </trkpt>
      <trkpt lat="28.08647" lon="-16.690359">
        <ele>439.3</ele>
      </trkpt>
      <trkpt lat="28.08641" lon="-16.6904">
        <ele>438.6</ele>
      </trkpt>
      <trkpt lat="28.08633" lon="-16.69046">
        <ele>437.6</ele>
      </trkpt>
      <trkpt lat="28.08616" lon="-16.6906">
        <ele>435.3</ele>
      </trkpt>
      <trkpt lat="28.08606" lon="-16.69069">
        <ele>433.9</ele>
      </trkpt>
      <trkpt lat="28.08596" lon="-16.69077">
        <ele>432.5</ele>
      </trkpt>
      <trkpt lat="28.08577" lon="-16.6909">
        <ele>430.3</ele>
      </trkpt>
      <trkpt lat="28.08568" lon="-16.69095">
        <ele>429.4</ele>
      </trkpt>
      <trkpt lat="28.08559" lon="-16.69098">
        <ele>428.6</ele>
      </trkpt>
      <trkpt lat="28.08547" lon="-16.69102">
        <ele>427.5</ele>
      </trkpt>
      <trkpt lat="28.08544" lon="-16.69103">
        <ele>427.2</ele>
      </trkpt>
      <trkpt lat="28.0854" lon="-16.69103">
        <ele>426.9</ele>
      </trkpt>
      <trkpt lat="28.08535" lon="-16.69104">
        <ele>426.5</ele>
      </trkpt>
      <trkpt lat="28.08529" lon="-16.69104">
        <ele>426.0</ele>
      </trkpt>
      <trkpt lat="28.08526" lon="-16.69103">
        <ele>425.8</ele>
      </trkpt>
      <trkpt lat="28.08523" lon="-16.69102">
        <ele>425.7</ele>
      </trkpt>
      <trkpt lat="28.08519" lon="-16.690999">
        <ele>425.5</ele>
      </trkpt>
      <trkpt lat="28.08516" lon="-16.69098">
        <ele>425.3</ele>
      </trkpt>
      <trkpt lat="28.08512" lon="-16.69095">
        <ele>425.2</ele>
      </trkpt>
      <trkpt lat="28.08508" lon="-16.690919">
        <ele>425.1</ele>
      </trkpt>
      <trkpt lat="28.08498" lon="-16.69078">
        <ele>424.7</ele>
      </trkpt>
      <trkpt lat="28.08494" lon="-16.69071">
        <ele>424.1</ele>
      </trkpt>
      <trkpt lat="28.08488" lon="-16.69061">
        <ele>423.1</ele>
      </trkpt>
      <trkpt lat="28.08478" lon="-16.69046">
        <ele>421.6</ele>
      </trkpt>
      <trkpt lat="28.08474" lon="-16.6904">
        <ele>421.0</ele>
      </trkpt>
      <trkpt lat="28.08468" lon="-16.6903">
        <ele>420.1</ele>
      </trkpt>
      <trkpt lat="28.08459" lon="-16.69015">
        <ele>418.8</ele>
      </trkpt>
      <trkpt lat="28.08446" lon="-16.68995">
        <ele>417.1</ele>
      </trkpt>
      <trkpt lat="28.08439" lon="-16.68984">
        <ele>416.5</ele>
      </trkpt>
      <trkpt lat="28.08433" lon="-16.68975">
        <ele>415.9</ele>
      </trkpt>
      <trkpt lat="28.08421" lon="-16.68956">
        <ele>414.8</ele>
      </trkpt>
      <trkpt lat="28.08413" lon="-16.689409">
        <ele>414.2</ele>
      </trkpt>
      <trkpt lat="28.08409" lon="-16.689319">
        <ele>413.8</ele>
      </trkpt>
      <trkpt lat="28.08406" lon="-16.68921">
        <ele>413.8</ele>
      </trkpt>
      <trkpt lat="28.08402" lon="-16.6891">
        <ele>413.1</ele>
      </trkpt>
      <trkpt lat="28.08396" lon="-16.68893">
        <ele>412.0</ele>
      </trkpt>
      <trkpt lat="28.08383" lon="-16.68853">
        <ele>409.7</ele>
      </trkpt>
      <trkpt lat="28.08377" lon="-16.68836">
        <ele>408.8</ele>
      </trkpt>
      <trkpt lat="28.0837" lon="-16.68818">
        <ele>407.9</ele>
      </trkpt>
      <trkpt lat="28.08362" lon="-16.68808">
        <ele>406.9</ele>
      </trkpt>
      <trkpt lat="28.08349" lon="-16.687909">
        <ele>405.3</ele>
      </trkpt>
      <trkpt lat="28.08337" lon="-16.68778">
        <ele>403.8</ele>
      </trkpt>
      <trkpt lat="28.08324" lon="-16.68766">
        <ele>402.5</ele>
      </trkpt>
      <trkpt lat="28.08319" lon="-16.6876">
        <ele>402.0</ele>
      </trkpt>
      <trkpt lat="28.08309" lon="-16.68751">
        <ele>401.1</ele>
      </trkpt>
      <trkpt lat="28.08301" lon="-16.68743">
        <ele>400.2</ele>
      </trkpt>
      <trkpt lat="28.08291" lon="-16.6873">
        <ele>399.0</ele>
      </trkpt>
      <trkpt lat="28.08285" lon="-16.68721">
        <ele>398.3</ele>
      </trkpt>
      <trkpt lat="28.08278" lon="-16.6871">
        <ele>397.5</ele>
      </trkpt>
      <trkpt lat="28.08266" lon="-16.6868">
        <ele>396.1</ele>
      </trkpt>
      <trkpt lat="28.0826" lon="-16.68666">
        <ele>395.3</ele>
      </trkpt>
      <trkpt lat="28.08253" lon="-16.686499">
        <ele>393.8</ele>
      </trkpt>
      <trkpt lat="28.08251" lon="-16.68637">
        <ele>393.1</ele>
      </trkpt>
      <trkpt lat="28.08251" lon="-16.68635">
        <ele>393.0</ele>
      </trkpt>
      <trkpt lat="28.08249" lon="-16.6862">
        <ele>392.2</ele>
      </trkpt>
      <trkpt lat="28.08249" lon="-16.6861">
        <ele>391.9</ele>
      </trkpt>
      <trkpt lat="28.08249" lon="-16.68607">
        <ele>391.7</ele>
      </trkpt>
      <trkpt lat="28.08249" lon="-16.68601">
        <ele>391.5</ele>
      </trkpt>
      <trkpt lat="28.08249" lon="-16.68589">
        <ele>391.1</ele>
      </trkpt>
      <trkpt lat="28.08249" lon="-16.68574">
        <ele>390.2</ele>
      </trkpt>
      <trkpt lat="28.08249" lon="-16.68561">
        <ele>389.3</ele>
      </trkpt>
      <trkpt lat="28.0825" lon="-16.68554">
        <ele>388.9</ele>
      </trkpt>
      <trkpt lat="28.08251" lon="-16.68545">
        <ele>388.4</ele>
      </trkpt>
      <trkpt lat="28.08252" lon="-16.6854">
        <ele>388.2</ele>
      </trkpt>
      <trkpt lat="28.08253" lon="-16.685369">
        <ele>388.1</ele>
      </trkpt>
      <trkpt lat="28.08254" lon="-16.6853">
        <ele>387.8</ele>
      </trkpt>
      <trkpt lat="28.08257" lon="-16.68522">
        <ele>387.6</ele>
      </trkpt>
      <trkpt lat="28.08259" lon="-16.68512">
        <ele>387.2</ele>
      </trkpt>
      <trkpt lat="28.08261" lon="-16.68504">
        <ele>386.9</ele>
      </trkpt>
      <trkpt lat="28.08262" lon="-16.685009">
        <ele>386.8</ele>
      </trkpt>
      <trkpt lat="28.08263" lon="-16.68494">
        <ele>386.1</ele>
      </trkpt>
      <trkpt lat="28.08265" lon="-16.68488">
        <ele>385.6</ele>
      </trkpt>
      <trkpt lat="28.08266" lon="-16.68483">
        <ele>385.1</ele>
      </trkpt>
      <trkpt lat="28.08266" lon="-16.68475">
        <ele>384.0</ele>
      </trkpt>
      <trkpt lat="28.08268" lon="-16.68466">
        <ele>383.1</ele>
      </trkpt>
      <trkpt lat="28.08268" lon="-16.68464">
        <ele>382.8</ele>
      </trkpt>
      <trkpt lat="28.08268" lon="-16.68458">
        <ele>382.0</ele>
      </trkpt>
      <trkpt lat="28.08268" lon="-16.68451">
        <ele>381.1</ele>
      </trkpt>
      <trkpt lat="28.08269" lon="-16.684439">
        <ele>380.3</ele>
      </trkpt>
      <trkpt lat="28.08268" lon="-16.68437">
        <ele>379.3</ele>
      </trkpt>
      <trkpt lat="28.08268" lon="-16.68432">
        <ele>378.6</ele>
      </trkpt>
      <trkpt lat="28.08266" lon="-16.684249">
        <ele>377.4</ele>
      </trkpt>
      <trkpt lat="28.08264" lon="-16.6842">
        <ele>376.5</ele>
      </trkpt>
      <trkpt lat="28.08262" lon="-16.68413">
        <ele>375.9</ele>
      </trkpt>
      <trkpt lat="28.08259" lon="-16.68409">
        <ele>375.7</ele>
      </trkpt>
      <trkpt lat="28.08257" lon="-16.684059">
        <ele>375.5</ele>
      </trkpt>
      <trkpt lat="28.08254" lon="-16.68401">
        <ele>375.3</ele>
      </trkpt>
      <trkpt lat="28.08251" lon="-16.683969">
        <ele>375.1</ele>
      </trkpt>
      <trkpt lat="28.08246" lon="-16.68391">
        <ele>374.8</ele>
      </trkpt>
      <trkpt lat="28.08241" lon="-16.683869">
        <ele>374.5</ele>
      </trkpt>
      <trkpt lat="28.08234" lon="-16.68383">
        <ele>373.9</ele>
      </trkpt>
      <trkpt lat="28.08229" lon="-16.6838">
        <ele>373.6</ele>
      </trkpt>
      <trkpt lat="28.08225" lon="-16.683779">
        <ele>373.3</ele>
      </trkpt>
      <trkpt lat="28.08224" lon="-16.683779">
        <ele>373.2</ele>
      </trkpt>
      <trkpt lat="28.0822" lon="-16.68377">
        <ele>372.8</ele>
      </trkpt>
      <trkpt lat="28.08212" lon="-16.68375">
        <ele>372.1</ele>
      </trkpt>
      <trkpt lat="28.08203" lon="-16.68373">
        <ele>371.3</ele>
      </trkpt>
      <trkpt lat="28.08198" lon="-16.68372">
        <ele>370.9</ele>
      </trkpt>
      <trkpt lat="28.08194" lon="-16.68371">
        <ele>370.6</ele>
      </trkpt>
      <trkpt lat="28.08187" lon="-16.68371">
        <ele>369.9</ele>
      </trkpt>
      <trkpt lat="28.08183" lon="-16.6837">
        <ele>369.6</ele>
      </trkpt>
      <trkpt lat="28.08152" lon="-16.683679">
        <ele>366.7</ele>
      </trkpt>
      <trkpt lat="28.08146" lon="-16.68367">
        <ele>366.1</ele>
      </trkpt>
      <trkpt lat="28.08134" lon="-16.68366">
        <ele>365.0</ele>
      </trkpt>
      <trkpt lat="28.08123" lon="-16.68365">
        <ele>364.0</ele>
      </trkpt>
      <trkpt lat="28.08116" lon="-16.68364">
        <ele>363.4</ele>
      </trkpt>
      <trkpt lat="28.08115" lon="-16.68364">
        <ele>363.3</ele>
      </trkpt>
      <trkpt lat="28.08109" lon="-16.68363">
        <ele>362.8</ele>
      </trkpt>
      <trkpt lat="28.08103" lon="-16.68362">
        <ele>362.2</ele>
      </trkpt>
      <trkpt lat="28.0809" lon="-16.683599">
        <ele>361.1</ele>
      </trkpt>
      <trkpt lat="28.08083" lon="-16.68358">
        <ele>360.5</ele>
      </trkpt>
      <trkpt lat="28.08076" lon="-16.68355">
        <ele>359.7</ele>
      </trkpt>
      <trkpt lat="28.08068" lon="-16.683509">
        <ele>358.8</ele>
      </trkpt>
      <trkpt lat="28.08065" lon="-16.683489">
        <ele>358.5</ele>
      </trkpt>
      <trkpt lat="28.0806" lon="-16.68345">
        <ele>357.9</ele>
      </trkpt>
      <trkpt lat="28.08053" lon="-16.683399">
        <ele>357.0</ele>
      </trkpt>
      <trkpt lat="28.0805" lon="-16.68337">
        <ele>356.7</ele>
      </trkpt>
      <trkpt lat="28.08049" lon="-16.68336">
        <ele>356.6</ele>
      </trkpt>
      <trkpt lat="28.08044" lon="-16.68328">
        <ele>356.1</ele>
      </trkpt>
      <trkpt lat="28.08036" lon="-16.68315">
        <ele>355.5</ele>
      </trkpt>
      <trkpt lat="28.08018" lon="-16.6828">
        <ele>354.4</ele>
      </trkpt>
      <trkpt lat="28.08006" lon="-16.68253">
        <ele>353.8</ele>
      </trkpt>
      <trkpt lat="28.08" lon="-16.68244">
        <ele>353.4</ele>
      </trkpt>
      <trkpt lat="28.07997" lon="-16.6824">
        <ele>353.5</ele>
      </trkpt>
      <trkpt lat="28.07994" lon="-16.68236">
        <ele>353.5</ele>
      </trkpt>
      <trkpt lat="28.07989" lon="-16.68232">
        <ele>353.4</ele>
      </trkpt>
      <trkpt lat="28.07983" lon="-16.682289">
        <ele>353.1</ele>
      </trkpt>
      <trkpt lat="28.07969" lon="-16.68223">
        <ele>352.5</ele>
      </trkpt>
      <trkpt lat="28.07957" lon="-16.68222">
        <ele>351.6</ele>
      </trkpt>
      <trkpt lat="28.07953" lon="-16.68222">
        <ele>351.3</ele>
      </trkpt>
      <trkpt lat="28.07947" lon="-16.68222">
        <ele>350.8</ele>
      </trkpt>
      <trkpt lat="28.07944" lon="-16.68221">
        <ele>350.6</ele>
      </trkpt>
      <trkpt lat="28.07935" lon="-16.68222">
        <ele>349.8</ele>
      </trkpt>
      <trkpt lat="28.07927" lon="-16.68223">
        <ele>349.1</ele>
      </trkpt>
      <trkpt lat="28.07922" lon="-16.68224">
        <ele>348.6</ele>
      </trkpt>
      <trkpt lat="28.07914" lon="-16.682279">
        <ele>347.8</ele>
      </trkpt>
      <trkpt lat="28.07913" lon="-16.682289">
        <ele>347.6</ele>
      </trkpt>
      <trkpt lat="28.07912" lon="-16.682289">
        <ele>347.6</ele>
      </trkpt>
      <trkpt lat="28.07906" lon="-16.68234">
        <ele>347.0</ele>
      </trkpt>
      <trkpt lat="28.07902" lon="-16.68241">
        <ele>346.3</ele>
      </trkpt>
      <trkpt lat="28.07898" lon="-16.68243">
        <ele>346.1</ele>
      </trkpt>
      <trkpt lat="28.07896" lon="-16.68245">
        <ele>345.9</ele>
      </trkpt>
      <trkpt lat="28.07882" lon="-16.682569">
        <ele>344.7</ele>
      </trkpt>
      <trkpt lat="28.07882" lon="-16.682569">
        <ele>344.7</ele>
      </trkpt>
      <trkpt lat="28.07882" lon="-16.68258">
        <ele>344.6</ele>
      </trkpt>
      <trkpt lat="28.07882" lon="-16.68259">
        <ele>344.5</ele>
      </trkpt>
      <trkpt lat="28.07881" lon="-16.6826">
        <ele>344.4</ele>
      </trkpt>
      <trkpt lat="28.07881" lon="-16.68261">
        <ele>344.4</ele>
      </trkpt>
      <trkpt lat="28.07881" lon="-16.68262">
        <ele>344.3</ele>
      </trkpt>
      <trkpt lat="28.07881" lon="-16.68263">
        <ele>344.2</ele>
      </trkpt>
      <trkpt lat="28.07881" lon="-16.68264">
        <ele>344.2</ele>
      </trkpt>
      <trkpt lat="28.0788" lon="-16.682649">
        <ele>344.1</ele>
      </trkpt>
      <trkpt lat="28.0788" lon="-16.682659">
        <ele>344.0</ele>
      </trkpt>
      <trkpt lat="28.07879" lon="-16.68267">
        <ele>343.9</ele>
      </trkpt>
      <trkpt lat="28.07878" lon="-16.68268">
        <ele>343.8</ele>
      </trkpt>
      <trkpt lat="28.07877" lon="-16.68269">
        <ele>343.7</ele>
      </trkpt>
      <trkpt lat="28.07876" lon="-16.6827">
        <ele>343.6</ele>
      </trkpt>
      <trkpt lat="28.07875" lon="-16.68271">
        <ele>343.5</ele>
      </trkpt>
      <trkpt lat="28.07874" lon="-16.68271">
        <ele>343.5</ele>
      </trkpt>
      <trkpt lat="28.07873" lon="-16.68272">
        <ele>343.4</ele>
      </trkpt>
      <trkpt lat="28.07872" lon="-16.68272">
        <ele>343.3</ele>
      </trkpt>
      <trkpt lat="28.07871" lon="-16.68272">
        <ele>343.3</ele>
      </trkpt>
      <trkpt lat="28.0787" lon="-16.68272">
        <ele>343.3</ele>
      </trkpt>
      <trkpt lat="28.0788" lon="-16.68292">
        <ele>342.2</ele>
      </trkpt>
      <trkpt lat="28.07887" lon="-16.68299">
        <ele>341.9</ele>
      </trkpt>
      <trkpt lat="28.07892" lon="-16.68314">
        <ele>341.1</ele>
      </trkpt>
      <trkpt lat="28.07895" lon="-16.68333">
        <ele>340.0</ele>
      </trkpt>
      <trkpt lat="28.07896" lon="-16.68334">
        <ele>340.0</ele>
      </trkpt>
      <trkpt lat="28.07896" lon="-16.68343">
        <ele>339.2</ele>
      </trkpt>
      <trkpt lat="28.07896" lon="-16.68345">
        <ele>339.0</ele>
      </trkpt>
      <trkpt lat="28.07897" lon="-16.68355">
        <ele>338.3</ele>
      </trkpt>
      <trkpt lat="28.07897" lon="-16.68356">
        <ele>338.2</ele>
      </trkpt>
      <trkpt lat="28.07896" lon="-16.68364">
        <ele>337.4</ele>
      </trkpt>
      <trkpt lat="28.07895" lon="-16.68375">
        <ele>336.4</ele>
      </trkpt>
      <trkpt lat="28.0789" lon="-16.68395">
        <ele>333.9</ele>
      </trkpt>
      <trkpt lat="28.07885" lon="-16.684069">
        <ele>331.9</ele>
      </trkpt>
      <trkpt lat="28.07883" lon="-16.68413">
        <ele>330.9</ele>
      </trkpt>
      <trkpt lat="28.0788" lon="-16.68419">
        <ele>330.0</ele>
      </trkpt>
      <trkpt lat="28.07872" lon="-16.68433">
        <ele>328.9</ele>
      </trkpt>
      <trkpt lat="28.07868" lon="-16.68439">
        <ele>328.4</ele>
      </trkpt>
      <trkpt lat="28.0785" lon="-16.684629">
        <ele>326.1</ele>
      </trkpt>
      <trkpt lat="28.0784" lon="-16.68477">
        <ele>325.0</ele>
      </trkpt>
      <trkpt lat="28.07833" lon="-16.68488">
        <ele>324.4</ele>
      </trkpt>
      <trkpt lat="28.07808" lon="-16.685199">
        <ele>321.3</ele>
      </trkpt>
      <trkpt lat="28.07789" lon="-16.68544">
        <ele>319.1</ele>
      </trkpt>
      <trkpt lat="28.07737" lon="-16.6861">
        <ele>314.4</ele>
      </trkpt>
      <trkpt lat="28.07708" lon="-16.68645">
        <ele>313.4</ele>
      </trkpt>
      <trkpt lat="28.07706" lon="-16.68647">
        <ele>313.3</ele>
      </trkpt>
      <trkpt lat="28.07692" lon="-16.68666">
        <ele>313.0</ele>
      </trkpt>
      <trkpt lat="28.07673" lon="-16.6869">
        <ele>309.9</ele>
      </trkpt>
      <trkpt lat="28.07655" lon="-16.68713">
        <ele>306.8</ele>
      </trkpt>
      <trkpt lat="28.0765" lon="-16.68721">
        <ele>306.0</ele>
      </trkpt>
      <trkpt lat="28.07646" lon="-16.687259">
        <ele>305.3</ele>
      </trkpt>
      <trkpt lat="28.0763" lon="-16.68749">
        <ele>303.1</ele>
      </trkpt>
      <trkpt lat="28.07623" lon="-16.68759">
        <ele>302.4</ele>
      </trkpt>
      <trkpt lat="28.0762" lon="-16.687619">
        <ele>302.1</ele>
      </trkpt>
      <trkpt lat="28.07606" lon="-16.687809">
        <ele>301.1</ele>
      </trkpt>
      <trkpt lat="28.07599" lon="-16.68788">
        <ele>300.6</ele>
      </trkpt>
      <trkpt lat="28.07598" lon="-16.687899">
        <ele>300.6</ele>
      </trkpt>
      <trkpt lat="28.07588" lon="-16.688009">
        <ele>300.2</ele>
      </trkpt>
      <trkpt lat="28.07585" lon="-16.68803">
        <ele>300.0</ele>
      </trkpt>
      <trkpt lat="28.07579" lon="-16.688089">
        <ele>299.7</ele>
      </trkpt>
      <trkpt lat="28.07572" lon="-16.68816">
        <ele>299.2</ele>
      </trkpt>
      <trkpt lat="28.07565" lon="-16.68821">
        <ele>298.6</ele>
      </trkpt>
      <trkpt lat="28.07556" lon="-16.68827">
        <ele>297.9</ele>
      </trkpt>
      <trkpt lat="28.07545" lon="-16.68833">
        <ele>296.9</ele>
      </trkpt>
      <trkpt lat="28.07528" lon="-16.68842">
        <ele>295.2</ele>
      </trkpt>
      <trkpt lat="28.07523" lon="-16.68844">
        <ele>294.7</ele>
      </trkpt>
      <trkpt lat="28.07479" lon="-16.68861">
        <ele>290.1</ele>
      </trkpt>
      <trkpt lat="28.07458" lon="-16.68873">
        <ele>287.7</ele>
      </trkpt>
      <trkpt lat="28.07443" lon="-16.688849">
        <ele>286.0</ele>
      </trkpt>
      <trkpt lat="28.07442" lon="-16.688859">
        <ele>285.9</ele>
      </trkpt>
      <trkpt lat="28.07433" lon="-16.688939">
        <ele>284.8</ele>
      </trkpt>
      <trkpt lat="28.07418" lon="-16.68911">
        <ele>283.1</ele>
      </trkpt>
      <trkpt lat="28.07416" lon="-16.689139">
        <ele>282.9</ele>
      </trkpt>
      <trkpt lat="28.07411" lon="-16.689229">
        <ele>281.9</ele>
      </trkpt>
      <trkpt lat="28.07406" lon="-16.68935">
        <ele>280.5</ele>
      </trkpt>
      <trkpt lat="28.07401" lon="-16.68953">
        <ele>278.8</ele>
      </trkpt>
      <trkpt lat="28.07399" lon="-16.68968">
        <ele>277.7</ele>
      </trkpt>
      <trkpt lat="28.07399" lon="-16.68971">
        <ele>277.5</ele>
      </trkpt>
      <trkpt lat="28.07392" lon="-16.69024">
        <ele>274.7</ele>
      </trkpt>
      <trkpt lat="28.07393" lon="-16.69028">
        <ele>274.7</ele>
      </trkpt>
      <trkpt lat="28.07393" lon="-16.69032">
        <ele>274.6</ele>
      </trkpt>
      <trkpt lat="28.07393" lon="-16.69041">
        <ele>274.4</ele>
      </trkpt>
      <trkpt lat="28.07394" lon="-16.69048">
        <ele>274.3</ele>
      </trkpt>
      <trkpt lat="28.07396" lon="-16.690539">
        <ele>274.4</ele>
      </trkpt>
      <trkpt lat="28.07397" lon="-16.69055">
        <ele>274.5</ele>
      </trkpt>
      <trkpt lat="28.07398" lon="-16.69056">
        <ele>274.5</ele>
      </trkpt>
      <trkpt lat="28.07399" lon="-16.69057">
        <ele>274.6</ele>
      </trkpt>
      <trkpt lat="28.074" lon="-16.69058">
        <ele>274.7</ele>
      </trkpt>
      <trkpt lat="28.074" lon="-16.69059">
        <ele>274.7</ele>
      </trkpt>
      <trkpt lat="28.07401" lon="-16.6906">
        <ele>274.7</ele>
      </trkpt>
      <trkpt lat="28.07401" lon="-16.69061">
        <ele>274.7</ele>
      </trkpt>
      <trkpt lat="28.07402" lon="-16.69062">
        <ele>274.8</ele>
      </trkpt>
      <trkpt lat="28.07402" lon="-16.690629">
        <ele>274.8</ele>
      </trkpt>
      <trkpt lat="28.07402" lon="-16.690639">
        <ele>274.8</ele>
      </trkpt>
      <trkpt lat="28.07403" lon="-16.69065">
        <ele>274.9</ele>
      </trkpt>
      <trkpt lat="28.07403" lon="-16.69067">
        <ele>274.8</ele>
      </trkpt>
      <trkpt lat="28.07403" lon="-16.69068">
        <ele>274.8</ele>
      </trkpt>
      <trkpt lat="28.07403" lon="-16.69069">
        <ele>274.8</ele>
      </trkpt>
      <trkpt lat="28.07403" lon="-16.6907">
        <ele>274.8</ele>
      </trkpt>
      <trkpt lat="28.07403" lon="-16.69071">
        <ele>274.7</ele>
      </trkpt>
      <trkpt lat="28.07402" lon="-16.690729">
        <ele>274.6</ele>
      </trkpt>
      <trkpt lat="28.07402" lon="-16.69074">
        <ele>274.6</ele>
      </trkpt>
      <trkpt lat="28.07402" lon="-16.69075">
        <ele>274.6</ele>
      </trkpt>
      <trkpt lat="28.07401" lon="-16.69076">
        <ele>274.4</ele>
      </trkpt>
      <trkpt lat="28.07401" lon="-16.69077">
        <ele>274.4</ele>
      </trkpt>
      <trkpt lat="28.074" lon="-16.69078">
        <ele>274.3</ele>
      </trkpt>
      <trkpt lat="28.074" lon="-16.69079">
        <ele>274.3</ele>
      </trkpt>
      <trkpt lat="28.07399" lon="-16.6908">
        <ele>274.2</ele>
      </trkpt>
      <trkpt lat="28.07398" lon="-16.690809">
        <ele>274.0</ele>
      </trkpt>
      <trkpt lat="28.07397" lon="-16.690809">
        <ele>273.9</ele>
      </trkpt>
      <trkpt lat="28.07396" lon="-16.690819">
        <ele>273.8</ele>
      </trkpt>
      <trkpt lat="28.07396" lon="-16.690829">
        <ele>273.8</ele>
      </trkpt>
      <trkpt lat="28.07395" lon="-16.690829">
        <ele>273.7</ele>
      </trkpt>
      <trkpt lat="28.07394" lon="-16.69084">
        <ele>273.6</ele>
      </trkpt>
      <trkpt lat="28.07393" lon="-16.69084">
        <ele>273.5</ele>
      </trkpt>
      <trkpt lat="28.07392" lon="-16.69085">
        <ele>273.4</ele>
      </trkpt>
      <trkpt lat="28.0739" lon="-16.69085">
        <ele>273.1</ele>
      </trkpt>
      <trkpt lat="28.07389" lon="-16.69085">
        <ele>273.0</ele>
      </trkpt>
      <trkpt lat="28.07388" lon="-16.69085">
        <ele>272.9</ele>
      </trkpt>
      <trkpt lat="28.07386" lon="-16.69089">
        <ele>272.8</ele>
      </trkpt>
      <trkpt lat="28.07384" lon="-16.69093">
        <ele>272.6</ele>
      </trkpt>
      <trkpt lat="28.07382" lon="-16.69099">
        <ele>272.4</ele>
      </trkpt>
      <trkpt lat="28.0738" lon="-16.69104">
        <ele>272.3</ele>
      </trkpt>
      <trkpt lat="28.07378" lon="-16.69108">
        <ele>272.1</ele>
      </trkpt>
      <trkpt lat="28.07377" lon="-16.69113">
        <ele>272.1</ele>
      </trkpt>
      <trkpt lat="28.07374" lon="-16.691189">
        <ele>271.8</ele>
      </trkpt>
      <trkpt lat="28.07369" lon="-16.69126">
        <ele>271.4</ele>
      </trkpt>
      <trkpt lat="28.07363" lon="-16.69133">
        <ele>270.8</ele>
      </trkpt>
      <trkpt lat="28.07355" lon="-16.69141">
        <ele>270.0</ele>
      </trkpt>
      <trkpt lat="28.07344" lon="-16.69151">
        <ele>269.0</ele>
      </trkpt>
      <trkpt lat="28.07327" lon="-16.69161">
        <ele>267.2</ele>
      </trkpt>
      <trkpt lat="28.07313" lon="-16.6917">
        <ele>266.0</ele>
      </trkpt>
      <trkpt lat="28.07293" lon="-16.69182">
        <ele>264.6</ele>
      </trkpt>
      <trkpt lat="28.07256" lon="-16.69206">
        <ele>262.9</ele>
      </trkpt>
      <trkpt lat="28.07256" lon="-16.69207">
        <ele>262.9</ele>
      </trkpt>
      <trkpt lat="28.07247" lon="-16.692139">
        <ele>262.4</ele>
      </trkpt>
      <trkpt lat="28.07242" lon="-16.69219">
        <ele>261.8</ele>
      </trkpt>
      <trkpt lat="28.07236" lon="-16.69224">
        <ele>261.0</ele>
      </trkpt>
      <trkpt lat="28.07235" lon="-16.69225">
        <ele>260.8</ele>
      </trkpt>
      <trkpt lat="28.07226" lon="-16.69237">
        <ele>259.9</ele>
      </trkpt>
      <trkpt lat="28.07216" lon="-16.69249">
        <ele>258.6</ele>
      </trkpt>
      <trkpt lat="28.0721" lon="-16.69259">
        <ele>257.0</ele>
      </trkpt>
      <trkpt lat="28.07205" lon="-16.692689">
        <ele>255.6</ele>
      </trkpt>
      <trkpt lat="28.07201" lon="-16.692799">
        <ele>254.3</ele>
      </trkpt>
      <trkpt lat="28.072" lon="-16.69285">
        <ele>253.9</ele>
      </trkpt>
      <trkpt lat="28.07196" lon="-16.69302">
        <ele>252.3</ele>
      </trkpt>
      <trkpt lat="28.07195" lon="-16.69305">
        <ele>251.9</ele>
      </trkpt>
      <trkpt lat="28.07193" lon="-16.693259">
        <ele>250.6</ele>
      </trkpt>
      <trkpt lat="28.07195" lon="-16.69352">
        <ele>250.3</ele>
      </trkpt>
      <trkpt lat="28.07202" lon="-16.69394">
        <ele>250.4</ele>
      </trkpt>
      <trkpt lat="28.07203" lon="-16.694019">
        <ele>250.3</ele>
      </trkpt>
      <trkpt lat="28.07227" lon="-16.695219">
        <ele>240.7</ele>
      </trkpt>
      <trkpt lat="28.07237" lon="-16.69582">
        <ele>235.4</ele>
      </trkpt>
      <trkpt lat="28.07239" lon="-16.69605">
        <ele>235.7</ele>
      </trkpt>
      <trkpt lat="28.07238" lon="-16.696269">
        <ele>235.7</ele>
      </trkpt>
      <trkpt lat="28.07235" lon="-16.69649">
        <ele>235.4</ele>
      </trkpt>
      <trkpt lat="28.07231" lon="-16.69668">
        <ele>234.9</ele>
      </trkpt>
      <trkpt lat="28.0722" lon="-16.69689">
        <ele>233.7</ele>
      </trkpt>
      <trkpt lat="28.07199" lon="-16.69726">
        <ele>231.1</ele>
      </trkpt>
      <trkpt lat="28.07161" lon="-16.697949">
        <ele>224.1</ele>
      </trkpt>
      <trkpt lat="28.07117" lon="-16.698709">
        <ele>217.3</ele>
      </trkpt>
      <trkpt lat="28.07099" lon="-16.69904">
        <ele>215.8</ele>
      </trkpt>
      <trkpt lat="28.07098" lon="-16.69905">
        <ele>215.7</ele>
      </trkpt>
      <trkpt lat="28.07092" lon="-16.69915">
        <ele>215.5</ele>
      </trkpt>
      <trkpt lat="28.07076" lon="-16.69949">
        <ele>211.4</ele>
      </trkpt>
      <trkpt lat="28.07069" lon="-16.69963">
        <ele>209.6</ele>
      </trkpt>
      <trkpt lat="28.07056" lon="-16.6999">
        <ele>206.3</ele>
      </trkpt>
      <trkpt lat="28.07052" lon="-16.700019">
        <ele>205.1</ele>
      </trkpt>
      <trkpt lat="28.07051" lon="-16.70006">
        <ele>204.9</ele>
      </trkpt>
      <trkpt lat="28.07049" lon="-16.70009">
        <ele>204.7</ele>
      </trkpt>
      <trkpt lat="28.07045" lon="-16.70019">
        <ele>204.2</ele>
      </trkpt>
      <trkpt lat="28.07041" lon="-16.70031">
        <ele>203.5</ele>
      </trkpt>
      <trkpt lat="28.0704" lon="-16.70037">
        <ele>203.3</ele>
      </trkpt>
      <trkpt lat="28.07039" lon="-16.70045">
        <ele>202.9</ele>
      </trkpt>
      <trkpt lat="28.07038" lon="-16.70046">
        <ele>202.8</ele>
      </trkpt>
      <trkpt lat="28.07035" lon="-16.70065">
        <ele>202.0</ele>
      </trkpt>
      <trkpt lat="28.07034" lon="-16.70069">
        <ele>201.7</ele>
      </trkpt>
      <trkpt lat="28.07031" lon="-16.70088">
        <ele>200.8</ele>
      </trkpt>
      <trkpt lat="28.07031" lon="-16.70092">
        <ele>200.6</ele>
      </trkpt>
      <trkpt lat="28.07028" lon="-16.701039">
        <ele>199.8</ele>
      </trkpt>
      <trkpt lat="28.07026" lon="-16.70125">
        <ele>198.7</ele>
      </trkpt>
      <trkpt lat="28.07026" lon="-16.70136">
        <ele>198.2</ele>
      </trkpt>
      <trkpt lat="28.07024" lon="-16.70155">
        <ele>197.2</ele>
      </trkpt>
      <trkpt lat="28.07025" lon="-16.70183">
        <ele>196.0</ele>
      </trkpt>
      <trkpt lat="28.07026" lon="-16.701889">
        <ele>195.7</ele>
      </trkpt>
      <trkpt lat="28.07027" lon="-16.70213">
        <ele>194.5</ele>
      </trkpt>
      <trkpt lat="28.07035" lon="-16.70267">
        <ele>191.5</ele>
      </trkpt>
      <trkpt lat="28.07049" lon="-16.70336">
        <ele>184.7</ele>
      </trkpt>
      <trkpt lat="28.07054" lon="-16.703589">
        <ele>183.7</ele>
      </trkpt>
      <trkpt lat="28.07061" lon="-16.70394">
        <ele>181.7</ele>
      </trkpt>
      <trkpt lat="28.07065" lon="-16.704149">
        <ele>180.3</ele>
      </trkpt>
      <trkpt lat="28.07068" lon="-16.70428">
        <ele>179.5</ele>
      </trkpt>
      <trkpt lat="28.07073" lon="-16.70458">
        <ele>178.0</ele>
      </trkpt>
      <trkpt lat="28.07077" lon="-16.70486">
        <ele>176.8</ele>
      </trkpt>
      <trkpt lat="28.07077" lon="-16.70497">
        <ele>176.5</ele>
      </trkpt>
      <trkpt lat="28.07078" lon="-16.705169">
        <ele>175.4</ele>
      </trkpt>
      <trkpt lat="28.07077" lon="-16.705369">
        <ele>174.3</ele>
      </trkpt>
      <trkpt lat="28.07076" lon="-16.705559">
        <ele>173.3</ele>
      </trkpt>
      <trkpt lat="28.07071" lon="-16.70582">
        <ele>172.3</ele>
      </trkpt>
      <trkpt lat="28.07064" lon="-16.70608">
        <ele>171.1</ele>
      </trkpt>
      <trkpt lat="28.07055" lon="-16.706389">
        <ele>169.7</ele>
      </trkpt>
      <trkpt lat="28.07037" lon="-16.70689">
        <ele>166.5</ele>
      </trkpt>
      <trkpt lat="28.07028" lon="-16.7072">
        <ele>163.5</ele>
      </trkpt>
      <trkpt lat="28.07023" lon="-16.7074">
        <ele>161.5</ele>
      </trkpt>
      <trkpt lat="28.0702" lon="-16.70757">
        <ele>160.2</ele>
      </trkpt>
      <trkpt lat="28.07018" lon="-16.70782">
        <ele>158.8</ele>
      </trkpt>
      <trkpt lat="28.07016" lon="-16.70817">
        <ele>156.9</ele>
      </trkpt>
      <trkpt lat="28.07016" lon="-16.70851">
        <ele>154.8</ele>
      </trkpt>
      <trkpt lat="28.07016" lon="-16.709129">
        <ele>151.1</ele>
      </trkpt>
      <trkpt lat="28.07016" lon="-16.70943">
        <ele>149.4</ele>
      </trkpt>
      <trkpt lat="28.07015" lon="-16.71008">
        <ele>145.7</ele>
      </trkpt>
      <trkpt lat="28.07015" lon="-16.71026">
        <ele>144.5</ele>
      </trkpt>
      <trkpt lat="28.07014" lon="-16.71037">
        <ele>143.9</ele>
      </trkpt>
      <trkpt lat="28.07014" lon="-16.71045">
        <ele>143.4</ele>
      </trkpt>
      <trkpt lat="28.07013" lon="-16.71054">
        <ele>142.9</ele>
      </trkpt>
      <trkpt lat="28.07012" lon="-16.71061">
        <ele>142.5</ele>
      </trkpt>
      <trkpt lat="28.0701" lon="-16.71075">
        <ele>141.7</ele>
      </trkpt>
      <trkpt lat="28.07007" lon="-16.71093">
        <ele>140.4</ele>
      </trkpt>
      <trkpt lat="28.07003" lon="-16.711089">
        <ele>139.0</ele>
      </trkpt>
      <trkpt lat="28.06993" lon="-16.711379">
        <ele>136.2</ele>
      </trkpt>
      <trkpt lat="28.06981" lon="-16.711659">
        <ele>133.3</ele>
      </trkpt>
      <trkpt lat="28.06967" lon="-16.71189">
        <ele>130.5</ele>
      </trkpt>
      <trkpt lat="28.06954" lon="-16.71209">
        <ele>128.3</ele>
      </trkpt>
      <trkpt lat="28.0694" lon="-16.71226">
        <ele>126.7</ele>
      </trkpt>
      <trkpt lat="28.06927" lon="-16.71239">
        <ele>125.7</ele>
      </trkpt>
      <trkpt lat="28.06917" lon="-16.712489">
        <ele>125.1</ele>
      </trkpt>
      <trkpt lat="28.06907" lon="-16.71257">
        <ele>123.9</ele>
      </trkpt>
      <trkpt lat="28.0689" lon="-16.712689">
        <ele>122.4</ele>
      </trkpt>
      <trkpt lat="28.06873" lon="-16.712789">
        <ele>121.2</ele>
      </trkpt>
      <trkpt lat="28.06849" lon="-16.71291">
        <ele>120.1</ele>
      </trkpt>
      <trkpt lat="28.06823" lon="-16.713">
        <ele>118.6</ele>
      </trkpt>
      <trkpt lat="28.06804" lon="-16.71304">
        <ele>116.6</ele>
      </trkpt>
      <trkpt lat="28.06782" lon="-16.713069">
        <ele>114.3</ele>
      </trkpt>
      <trkpt lat="28.06779" lon="-16.71308">
        <ele>113.9</ele>
      </trkpt>
      <trkpt lat="28.06769" lon="-16.71308">
        <ele>113.0</ele>
      </trkpt>
      <trkpt lat="28.06761" lon="-16.71308">
        <ele>112.2</ele>
      </trkpt>
      <trkpt lat="28.06749" lon="-16.71308">
        <ele>111.1</ele>
      </trkpt>
      <trkpt lat="28.0674" lon="-16.713069">
        <ele>110.5</ele>
      </trkpt>
      <trkpt lat="28.06724" lon="-16.71305">
        <ele>109.4</ele>
      </trkpt>
      <trkpt lat="28.06703" lon="-16.713">
        <ele>108.2</ele>
      </trkpt>
      <trkpt lat="28.06694" lon="-16.71298">
        <ele>107.7</ele>
      </trkpt>
      <trkpt lat="28.06679" lon="-16.71292">
        <ele>106.9</ele>
      </trkpt>
      <trkpt lat="28.06668" lon="-16.712879">
        <ele>106.4</ele>
      </trkpt>
      <trkpt lat="28.06651" lon="-16.712789">
        <ele>105.3</ele>
      </trkpt>
      <trkpt lat="28.06631" lon="-16.71267">
        <ele>104.3</ele>
      </trkpt>
      <trkpt lat="28.06619" lon="-16.71258">
        <ele>103.8</ele>
      </trkpt>
      <trkpt lat="28.06613" lon="-16.71253">
        <ele>103.6</ele>
      </trkpt>
      <trkpt lat="28.06606" lon="-16.71251">
        <ele>103.1</ele>
      </trkpt>
      <trkpt lat="28.06604" lon="-16.712499">
        <ele>103.0</ele>
      </trkpt>
      <trkpt lat="28.06589" lon="-16.71238">
        <ele>102.2</ele>
      </trkpt>
      <trkpt lat="28.065889" lon="-16.712378">
        <ele>102.1</ele>
      </trkpt>
      <trkpt lat="28.06589" lon="-16.71238">
        <ele>102.2</ele>
      </trkpt>
      <trkpt lat="28.06587" lon="-16.71236">
        <ele>102.0</ele>
      </trkpt>
      <trkpt lat="28.065813" lon="-16.712302">
        <ele>101.7</ele>
      </trkpt>
      <trkpt lat="28.06574" lon="-16.71223">
        <ele>101.1</ele>
      </trkpt>
      <trkpt lat="28.06573" lon="-16.712219">
        <ele>101.1</ele>
      </trkpt>
      <trkpt lat="28.0656" lon="-16.71207">
        <ele>100.1</ele>
      </trkpt>
      <trkpt lat="28.06557" lon="-16.712029">
        <ele>99.9</ele>
      </trkpt>
      <trkpt lat="28.06548" lon="-16.71191">
        <ele>99.3</ele>
      </trkpt>
      <trkpt lat="28.06539" lon="-16.71177">
        <ele>98.7</ele>
      </trkpt>
      <trkpt lat="28.06537" lon="-16.711749">
        <ele>98.5</ele>
      </trkpt>
      <trkpt lat="28.065281" lon="-16.711611">
        <ele>98.0</ele>
      </trkpt>
      <trkpt lat="28.06528" lon="-16.71161">
        <ele>98.0</ele>
      </trkpt>
      <trkpt lat="28.06523" lon="-16.71154">
        <ele>97.7</ele>
      </trkpt>
      <trkpt lat="28.06519" lon="-16.711469">
        <ele>97.5</ele>
      </trkpt>
      <trkpt lat="28.06515" lon="-16.7114">
        <ele>97.3</ele>
      </trkpt>
      <trkpt lat="28.06505" lon="-16.711279">
        <ele>96.2</ele>
      </trkpt>
      <trkpt lat="28.06499" lon="-16.711189">
        <ele>95.6</ele>
      </trkpt>
      <trkpt lat="28.06494" lon="-16.71114">
        <ele>95.2</ele>
      </trkpt>
      <trkpt lat="28.0649" lon="-16.711089">
        <ele>95.0</ele>
      </trkpt>
      <trkpt lat="28.06486" lon="-16.71106">
        <ele>94.7</ele>
      </trkpt>
      <trkpt lat="28.06483" lon="-16.71104">
        <ele>94.4</ele>
      </trkpt>
      <trkpt lat="28.06482" lon="-16.71103">
        <ele>94.3</ele>
      </trkpt>
      <trkpt lat="28.06479" lon="-16.71101">
        <ele>94.1</ele>
      </trkpt>
      <trkpt lat="28.06478" lon="-16.710999">
        <ele>94.0</ele>
      </trkpt>
      <trkpt lat="28.06473" lon="-16.71097">
        <ele>93.6</ele>
      </trkpt>
      <trkpt lat="28.06466" lon="-16.71093">
        <ele>93.0</ele>
      </trkpt>
      <trkpt lat="28.06462" lon="-16.710909">
        <ele>92.5</ele>
      </trkpt>
      <trkpt lat="28.06458" lon="-16.71089">
        <ele>92.1</ele>
      </trkpt>
      <trkpt lat="28.06455" lon="-16.71088">
        <ele>91.8</ele>
      </trkpt>
      <trkpt lat="28.06452" lon="-16.71087">
        <ele>91.5</ele>
      </trkpt>
      <trkpt lat="28.06449" lon="-16.71086">
        <ele>91.2</ele>
      </trkpt>
      <trkpt lat="28.06446" lon="-16.71086">
        <ele>90.9</ele>
      </trkpt>
      <trkpt lat="28.0644" lon="-16.71085">
        <ele>90.3</ele>
      </trkpt>
      <trkpt lat="28.06433" lon="-16.71084">
        <ele>89.6</ele>
      </trkpt>
      <trkpt lat="28.06431" lon="-16.71084">
        <ele>89.4</ele>
      </trkpt>
      <trkpt lat="28.06427" lon="-16.71083">
        <ele>89.0</ele>
      </trkpt>
      <trkpt lat="28.06421" lon="-16.71084">
        <ele>88.4</ele>
      </trkpt>
      <trkpt lat="28.06414" lon="-16.71084">
        <ele>87.6</ele>
      </trkpt>
      <trkpt lat="28.06413" lon="-16.71084">
        <ele>87.4</ele>
      </trkpt>
      <trkpt lat="28.06411" lon="-16.71084">
        <ele>87.2</ele>
      </trkpt>
      <trkpt lat="28.06409" lon="-16.71084">
        <ele>86.9</ele>
      </trkpt>
      <trkpt lat="28.06404" lon="-16.71085">
        <ele>86.1</ele>
      </trkpt>
      <trkpt lat="28.06401" lon="-16.71086">
        <ele>85.6</ele>
      </trkpt>
      <trkpt lat="28.06399" lon="-16.71086">
        <ele>85.4</ele>
      </trkpt>
      <trkpt lat="28.06395" lon="-16.71087">
        <ele>84.7</ele>
      </trkpt>
      <trkpt lat="28.06394" lon="-16.71088">
        <ele>84.6</ele>
      </trkpt>
      <trkpt lat="28.0639" lon="-16.710899">
        <ele>83.9</ele>
      </trkpt>
      <trkpt lat="28.06386" lon="-16.71093">
        <ele>83.2</ele>
      </trkpt>
      <trkpt lat="28.06385" lon="-16.71094">
        <ele>83.0</ele>
      </trkpt>
      <trkpt lat="28.06382" lon="-16.71097">
        <ele>82.5</ele>
      </trkpt>
      <trkpt lat="28.06378" lon="-16.71101">
        <ele>81.7</ele>
      </trkpt>
      <trkpt lat="28.06373" lon="-16.711099">
        <ele>80.6</ele>
      </trkpt>
      <trkpt lat="28.06373" lon="-16.711099">
        <ele>80.6</ele>
      </trkpt>
      <trkpt lat="28.06373" lon="-16.71112">
        <ele>80.5</ele>
      </trkpt>
      <trkpt lat="28.06372" lon="-16.71114">
        <ele>80.3</ele>
      </trkpt>
      <trkpt lat="28.06371" lon="-16.71117">
        <ele>80.0</ele>
      </trkpt>
      <trkpt lat="28.06369" lon="-16.7112">
        <ele>79.6</ele>
      </trkpt>
      <trkpt lat="28.06368" lon="-16.71122">
        <ele>79.3</ele>
      </trkpt>
      <trkpt lat="28.06366" lon="-16.71124">
        <ele>78.9</ele>
      </trkpt>
      <trkpt lat="28.06363" lon="-16.71126">
        <ele>78.4</ele>
      </trkpt>
      <trkpt lat="28.0636" lon="-16.711269">
        <ele>77.9</ele>
      </trkpt>
      <trkpt lat="28.06356" lon="-16.711279">
        <ele>77.3</ele>
      </trkpt>
      <trkpt lat="28.0635" lon="-16.711279">
        <ele>76.4</ele>
      </trkpt>
      <trkpt lat="28.0633" lon="-16.71126">
        <ele>73.7</ele>
      </trkpt>
      <trkpt lat="28.06321" lon="-16.71125">
        <ele>73.1</ele>
      </trkpt>
      <trkpt lat="28.06317" lon="-16.71125">
        <ele>72.8</ele>
      </trkpt>
      <trkpt lat="28.06299" lon="-16.71123">
        <ele>71.7</ele>
      </trkpt>
      <trkpt lat="28.06298" lon="-16.71123">
        <ele>71.6</ele>
      </trkpt>
      <trkpt lat="28.06294" lon="-16.71123">
        <ele>71.3</ele>
      </trkpt>
      <trkpt lat="28.0629" lon="-16.71123">
        <ele>71.1</ele>
      </trkpt>
      <trkpt lat="28.06287" lon="-16.71122">
        <ele>70.9</ele>
      </trkpt>
      <trkpt lat="28.06285" lon="-16.71121">
        <ele>70.9</ele>
      </trkpt>
      <trkpt lat="28.06284" lon="-16.7112">
        <ele>70.9</ele>
      </trkpt>
      <trkpt lat="28.06281" lon="-16.711189">
        <ele>70.8</ele>
      </trkpt>
      <trkpt lat="28.06279" lon="-16.71116">
        <ele>70.9</ele>
      </trkpt>
      <trkpt lat="28.06277" lon="-16.71114">
        <ele>71.0</ele>
      </trkpt>
      <trkpt lat="28.06277" lon="-16.71113">
        <ele>71.1</ele>
      </trkpt>
      <trkpt lat="28.06266" lon="-16.711099">
        <ele>70.7</ele>
      </trkpt>
      <trkpt lat="28.06261" lon="-16.711099">
        <ele>70.5</ele>
      </trkpt>
      <trkpt lat="28.06256" lon="-16.711099">
        <ele>70.2</ele>
      </trkpt>
      <trkpt lat="28.06244" lon="-16.71111">
        <ele>69.2</ele>
      </trkpt>
      <trkpt lat="28.06238" lon="-16.71112">
        <ele>68.5</ele>
      </trkpt>
      <trkpt lat="28.06222" lon="-16.71113">
        <ele>67.0</ele>
      </trkpt>
      <trkpt lat="28.06201" lon="-16.71116">
        <ele>64.8</ele>
      </trkpt>
      <trkpt lat="28.06176" lon="-16.711179">
        <ele>62.5</ele>
      </trkpt>
      <trkpt lat="28.06173" lon="-16.711179">
        <ele>62.2</ele>
      </trkpt>
      <trkpt lat="28.06155" lon="-16.711189">
        <ele>60.9</ele>
      </trkpt>
      <trkpt lat="28.06143" lon="-16.7112">
        <ele>60.1</ele>
      </trkpt>
      <trkpt lat="28.06118" lon="-16.71122">
        <ele>58.4</ele>
      </trkpt>
      <trkpt lat="28.06096" lon="-16.71121">
        <ele>57.1</ele>
      </trkpt>
      <trkpt lat="28.0607" lon="-16.71115">
        <ele>55.5</ele>
      </trkpt>
      <trkpt lat="28.0605" lon="-16.71112">
        <ele>53.5</ele>
      </trkpt>
      <trkpt lat="28.0603" lon="-16.71107">
        <ele>51.7</ele>
      </trkpt>
      <trkpt lat="28.06017" lon="-16.71104">
        <ele>50.5</ele>
      </trkpt>
      <trkpt lat="28.06013" lon="-16.71103">
        <ele>50.1</ele>
      </trkpt>
      <trkpt lat="28.05995" lon="-16.710999">
        <ele>48.5</ele>
      </trkpt>
      <trkpt lat="28.05989" lon="-16.710989">
        <ele>48.1</ele>
      </trkpt>
      <trkpt lat="28.05962" lon="-16.71098">
        <ele>46.3</ele>
      </trkpt>
      <trkpt lat="28.05949" lon="-16.710989">
        <ele>45.3</ele>
      </trkpt>
      <trkpt lat="28.05944" lon="-16.710989">
        <ele>45.0</ele>
      </trkpt>
      <trkpt lat="28.05928" lon="-16.71102">
        <ele>43.7</ele>
      </trkpt>
      <trkpt lat="28.0591" lon="-16.71107">
        <ele>42.3</ele>
      </trkpt>
      <trkpt lat="28.05888" lon="-16.71112">
        <ele>41.0</ele>
      </trkpt>
      <trkpt lat="28.05871" lon="-16.71116">
        <ele>40.0</ele>
      </trkpt>
      <trkpt lat="28.05845" lon="-16.71122">
        <ele>38.3</ele>
      </trkpt>
      <trkpt lat="28.05836" lon="-16.71125">
        <ele>37.6</ele>
      </trkpt>
      <trkpt lat="28.05801" lon="-16.71135">
        <ele>36.1</ele>
      </trkpt>
      <trkpt lat="28.05763" lon="-16.711459">
        <ele>34.7</ele>
      </trkpt>
      <trkpt lat="28.05736" lon="-16.711549">
        <ele>33.7</ele>
      </trkpt>
      <trkpt lat="28.05734" lon="-16.711559">
        <ele>33.6</ele>
      </trkpt>
      <trkpt lat="28.05718" lon="-16.71161">
        <ele>33.0</ele>
      </trkpt>
      <trkpt lat="28.05717" lon="-16.71161">
        <ele>33.0</ele>
      </trkpt>
      <trkpt lat="28.05702" lon="-16.711659">
        <ele>32.5</ele>
      </trkpt>
      <trkpt lat="28.05685" lon="-16.71171">
        <ele>32.1</ele>
      </trkpt>
      <trkpt lat="28.05676" lon="-16.711739">
        <ele>31.8</ele>
      </trkpt>
      <trkpt lat="28.05633" lon="-16.711849">
        <ele>30.1</ele>
      </trkpt>
      <trkpt lat="28.05633" lon="-16.711849">
        <ele>30.1</ele>
      </trkpt>
      <trkpt lat="28.05621" lon="-16.71188">
        <ele>29.6</ele>
      </trkpt>
      <trkpt lat="28.056" lon="-16.711939">
        <ele>28.6</ele>
      </trkpt>
      <trkpt lat="28.05588" lon="-16.71201">
        <ele>27.9</ele>
      </trkpt>
      <trkpt lat="28.05588" lon="-16.71201">
        <ele>27.9</ele>
      </trkpt>
      <trkpt lat="28.05588" lon="-16.712029">
        <ele>27.9</ele>
      </trkpt>
      <trkpt lat="28.05587" lon="-16.71208">
        <ele>27.6</ele>
      </trkpt>
      <trkpt lat="28.05586" lon="-16.712129">
        <ele>27.4</ele>
      </trkpt>
      <trkpt lat="28.05584" lon="-16.71218">
        <ele>27.2</ele>
      </trkpt>
      <trkpt lat="28.05581" lon="-16.712219">
        <ele>27.0</ele>
      </trkpt>
      <trkpt lat="28.05578" lon="-16.71226">
        <ele>26.8</ele>
      </trkpt>
      <trkpt lat="28.05575" lon="-16.71229">
        <ele>26.7</ele>
      </trkpt>
      <trkpt lat="28.0557" lon="-16.712319">
        <ele>26.5</ele>
      </trkpt>
      <trkpt lat="28.05565" lon="-16.71234">
        <ele>26.4</ele>
      </trkpt>
      <trkpt lat="28.05565" lon="-16.71235">
        <ele>26.4</ele>
      </trkpt>
      <trkpt lat="28.05561" lon="-16.71236">
        <ele>26.3</ele>
      </trkpt>
      <trkpt lat="28.05556" lon="-16.71236">
        <ele>26.2</ele>
      </trkpt>
      <trkpt lat="28.05552" lon="-16.71236">
        <ele>26.2</ele>
      </trkpt>
      <trkpt lat="28.05547" lon="-16.71235">
        <ele>26.2</ele>
      </trkpt>
      <trkpt lat="28.05543" lon="-16.71233">
        <ele>26.2</ele>
      </trkpt>
      <trkpt lat="28.05539" lon="-16.712309">
        <ele>26.3</ele>
      </trkpt>
      <trkpt lat="28.05535" lon="-16.71228">
        <ele>26.4</ele>
      </trkpt>
      <trkpt lat="28.05532" lon="-16.71224">
        <ele>26.5</ele>
      </trkpt>
      <trkpt lat="28.05531" lon="-16.71223">
        <ele>26.5</ele>
      </trkpt>
      <trkpt lat="28.05529" lon="-16.7122">
        <ele>26.7</ele>
      </trkpt>
      <trkpt lat="28.05527" lon="-16.71216">
        <ele>26.8</ele>
      </trkpt>
      <trkpt lat="28.05525" lon="-16.7121">
        <ele>27.1</ele>
      </trkpt>
      <trkpt lat="28.05524" lon="-16.71206">
        <ele>27.2</ele>
      </trkpt>
      <trkpt lat="28.05524" lon="-16.71201">
        <ele>27.5</ele>
      </trkpt>
      <trkpt lat="28.05524" lon="-16.71196">
        <ele>27.7</ele>
      </trkpt>
      <trkpt lat="28.05525" lon="-16.7119">
        <ele>28.0</ele>
      </trkpt>
      <trkpt lat="28.05526" lon="-16.71186">
        <ele>28.1</ele>
      </trkpt>
      <trkpt lat="28.05529" lon="-16.71181">
        <ele>28.4</ele>
      </trkpt>
      <trkpt lat="28.05531" lon="-16.71177">
        <ele>28.6</ele>
      </trkpt>
      <trkpt lat="28.05534" lon="-16.71173">
        <ele>28.7</ele>
      </trkpt>
      <trkpt lat="28.05538" lon="-16.7117">
        <ele>28.9</ele>
      </trkpt>
      <trkpt lat="28.05542" lon="-16.71167">
        <ele>29.0</ele>
      </trkpt>
      <trkpt lat="28.05546" lon="-16.711649">
        <ele>29.1</ele>
      </trkpt>
      <trkpt lat="28.05547" lon="-16.711649">
        <ele>29.1</ele>
      </trkpt>
      <trkpt lat="28.05546" lon="-16.71153">
        <ele>29.8</ele>
      </trkpt>
      <trkpt lat="28.05545" lon="-16.711469">
        <ele>30.1</ele>
      </trkpt>
      <trkpt lat="28.05544" lon="-16.71142">
        <ele>30.4</ele>
      </trkpt>
      <trkpt lat="28.05542" lon="-16.71134">
        <ele>30.8</ele>
      </trkpt>
      <trkpt lat="28.0554" lon="-16.71125">
        <ele>31.2</ele>
      </trkpt>
      <trkpt lat="28.05538" lon="-16.71116">
        <ele>31.7</ele>
      </trkpt>
      <trkpt lat="28.05519" lon="-16.71042">
        <ele>32.9</ele>
      </trkpt>
      <trkpt lat="28.05514" lon="-16.71022">
        <ele>32.8</ele>
      </trkpt>
      <trkpt lat="28.05499" lon="-16.70964">
        <ele>33.7</ele>
      </trkpt>
      <trkpt lat="28.0549" lon="-16.709299">
        <ele>35.5</ele>
      </trkpt>
      <trkpt lat="28.05487" lon="-16.70917">
        <ele>36.1</ele>
      </trkpt>
      <trkpt lat="28.05478" lon="-16.70878">
        <ele>39.7</ele>
      </trkpt>
      <trkpt lat="28.05467" lon="-16.708379">
        <ele>42.7</ele>
      </trkpt>
      <trkpt lat="28.05467" lon="-16.708379">
        <ele>42.7</ele>
      </trkpt>
      <trkpt lat="28.05466" lon="-16.708379">
        <ele>42.6</ele>
      </trkpt>
      <trkpt lat="28.05465" lon="-16.708379">
        <ele>42.5</ele>
      </trkpt>
      <trkpt lat="28.05464" lon="-16.708379">
        <ele>42.5</ele>
      </trkpt>
      <trkpt lat="28.05464" lon="-16.708369">
        <ele>42.6</ele>
      </trkpt>
      <trkpt lat="28.05463" lon="-16.708369">
        <ele>42.5</ele>
      </trkpt>
      <trkpt lat="28.05463" lon="-16.708359">
        <ele>42.6</ele>
      </trkpt>
      <trkpt lat="28.05462" lon="-16.708359">
        <ele>42.5</ele>
      </trkpt>
      <trkpt lat="28.05462" lon="-16.70835">
        <ele>42.6</ele>
      </trkpt>
      <trkpt lat="28.05461" lon="-16.70835">
        <ele>42.5</ele>
      </trkpt>
      <trkpt lat="28.05461" lon="-16.70834">
        <ele>42.6</ele>
      </trkpt>
      <trkpt lat="28.05461" lon="-16.70833">
        <ele>42.7</ele>
      </trkpt>
      <trkpt lat="28.0546" lon="-16.70833">
        <ele>42.6</ele>
      </trkpt>
      <trkpt lat="28.0546" lon="-16.70832">
        <ele>42.6</ele>
      </trkpt>
      <trkpt lat="28.0546" lon="-16.70831">
        <ele>42.6</ele>
      </trkpt>
      <trkpt lat="28.0546" lon="-16.7083">
        <ele>42.5</ele>
      </trkpt>
      <trkpt lat="28.0546" lon="-16.70829">
        <ele>42.5</ele>
      </trkpt>
      <trkpt lat="28.05459" lon="-16.70829">
        <ele>42.5</ele>
      </trkpt>
      <trkpt lat="28.05459" lon="-16.708279">
        <ele>42.4</ele>
      </trkpt>
      <trkpt lat="28.0546" lon="-16.708269">
        <ele>42.5</ele>
      </trkpt>
      <trkpt lat="28.0546" lon="-16.70826">
        <ele>42.5</ele>
      </trkpt>
      <trkpt lat="28.0546" lon="-16.70825">
        <ele>42.4</ele>
      </trkpt>
      <trkpt lat="28.0546" lon="-16.70824">
        <ele>42.4</ele>
      </trkpt>
      <trkpt lat="28.05461" lon="-16.70824">
        <ele>42.5</ele>
      </trkpt>
      <trkpt lat="28.05461" lon="-16.70823">
        <ele>42.5</ele>
      </trkpt>
      <trkpt lat="28.05461" lon="-16.70822">
        <ele>42.5</ele>
      </trkpt>
      <trkpt lat="28.05462" lon="-16.70822">
        <ele>42.5</ele>
      </trkpt>
      <trkpt lat="28.05462" lon="-16.70821">
        <ele>42.5</ele>
      </trkpt>
      <trkpt lat="28.05463" lon="-16.70821">
        <ele>42.6</ele>
      </trkpt>
      <trkpt lat="28.05463" lon="-16.7082">
        <ele>42.5</ele>
      </trkpt>
      <trkpt lat="28.05464" lon="-16.7082">
        <ele>42.6</ele>
      </trkpt>
      <trkpt lat="28.05464" lon="-16.708189">
        <ele>42.6</ele>
      </trkpt>
      <trkpt lat="28.05465" lon="-16.708189">
        <ele>42.6</ele>
      </trkpt>
      <trkpt lat="28.05466" lon="-16.708189">
        <ele>42.7</ele>
      </trkpt>
      <trkpt lat="28.05467" lon="-16.708189">
        <ele>42.7</ele>
      </trkpt>
      <trkpt lat="28.05468" lon="-16.708189">
        <ele>42.8</ele>
      </trkpt>
      <trkpt lat="28.05468" lon="-16.708179">
        <ele>42.8</ele>
      </trkpt>
      <trkpt lat="28.05469" lon="-16.708179">
        <ele>42.8</ele>
      </trkpt>
      <trkpt lat="28.05469" lon="-16.708189">
        <ele>42.9</ele>
      </trkpt>
      <trkpt lat="28.0547" lon="-16.708189">
        <ele>42.9</ele>
      </trkpt>
      <trkpt lat="28.05471" lon="-16.708189">
        <ele>43.0</ele>
      </trkpt>
      <trkpt lat="28.05472" lon="-16.708189">
        <ele>43.0</ele>
      </trkpt>
      <trkpt lat="28.05472" lon="-16.7082">
        <ele>43.1</ele>
      </trkpt>
      <trkpt lat="28.05473" lon="-16.7082">
        <ele>43.1</ele>
      </trkpt>
      <trkpt lat="28.05474" lon="-16.70821">
        <ele>43.2</ele>
      </trkpt>
      <trkpt lat="28.05484" lon="-16.708189">
        <ele>43.7</ele>
      </trkpt>
      <trkpt lat="28.05488" lon="-16.7082">
        <ele>44.0</ele>
      </trkpt>
      <trkpt lat="28.0557" lon="-16.707889">
        <ele>48.6</ele>
      </trkpt>
      <trkpt lat="28.05574" lon="-16.70788">
        <ele>48.8</ele>
      </trkpt>
      <trkpt lat="28.05585" lon="-16.70783">
        <ele>49.4</ele>
      </trkpt>
    </trkseg>
  </trk>
</gpx>
