<?xml version="1.0" encoding="UTF-8"?>
<gpx xmlns:gpxdata="http://www.cluetrust.com/XML/GPXDATA/1/0" xmlns:xsi="http://www.w3.org/2001/XMLSchema-instance" xmlns="http://www.topografix.com/GPX/1/1" version="1.1" creator="http://ridewithgps.com/" xsi:schemaLocation="http://www.topografix.com/GPX/1/1 http://www.topografix.com/GPX/1/1/gpx.xsd http://www.cluetrust.com/XML/GPXDATA/1/0 http://www.cluetrust.com/Schemas/gpxdata10.xsd">
  <metadata>
    <name>Vilaflor 60km loop with over 30km climbing</name>
    <link href="https://ridewithgps.com/routes/45584828">
      <text>Vilaflor 60km loop with over 30km climbing</text>
    </link>
    <time>2024-02-13T13:08:40Z</time>
  </metadata>
  <trk>
    <name>Vilaflor 60km loop with over 30km climbing</name>
    <trkseg>
      <trkpt lat="28.05596" lon="-16.70779">
        <ele>49.7</ele>
      </trkpt>
      <trkpt lat="28.056234" lon="-16.707701">
        <ele>50.6</ele>
      </trkpt>
      <trkpt lat="28.05642" lon="-16.70764">
        <ele>51.4</ele>
      </trkpt>
      <trkpt lat="28.05645" lon="-16.707619">
        <ele>51.6</ele>
      </trkpt>
      <trkpt lat="28.05649" lon="-16.70759">
        <ele>51.8</ele>
      </trkpt>
      <trkpt lat="28.05658" lon="-16.7075">
        <ele>52.6</ele>
      </trkpt>
      <trkpt lat="28.05664" lon="-16.70741">
        <ele>53.1</ele>
      </trkpt>
      <trkpt lat="28.05667" lon="-16.70735">
        <ele>53.4</ele>
      </trkpt>
      <trkpt lat="28.05669" lon="-16.70732">
        <ele>53.5</ele>
      </trkpt>
      <trkpt lat="28.05691" lon="-16.706869">
        <ele>55.7</ele>
      </trkpt>
      <trkpt lat="28.05695" lon="-16.70675">
        <ele>56.4</ele>
      </trkpt>
      <trkpt lat="28.05695" lon="-16.706689">
        <ele>56.6</ele>
      </trkpt>
      <trkpt lat="28.05695" lon="-16.706679">
        <ele>56.6</ele>
      </trkpt>
      <trkpt lat="28.05678" lon="-16.70604">
        <ele>62.4</ele>
      </trkpt>
      <trkpt lat="28.05675" lon="-16.705919">
        <ele>63.3</ele>
      </trkpt>
      <trkpt lat="28.05671" lon="-16.70573">
        <ele>65.3</ele>
      </trkpt>
      <trkpt lat="28.05667" lon="-16.70557">
        <ele>67.2</ele>
      </trkpt>
      <trkpt lat="28.05657" lon="-16.70515">
        <ele>71.6</ele>
      </trkpt>
      <trkpt lat="28.05655" lon="-16.70496">
        <ele>73.7</ele>
      </trkpt>
      <trkpt lat="28.05652" lon="-16.70473">
        <ele>75.2</ele>
      </trkpt>
      <trkpt lat="28.05644" lon="-16.703959">
        <ele>79.0</ele>
      </trkpt>
      <trkpt lat="28.05645" lon="-16.70389">
        <ele>79.2</ele>
      </trkpt>
      <trkpt lat="28.05646" lon="-16.70383">
        <ele>79.4</ele>
      </trkpt>
      <trkpt lat="28.05649" lon="-16.703769">
        <ele>79.9</ele>
      </trkpt>
      <trkpt lat="28.05652" lon="-16.70373">
        <ele>80.3</ele>
      </trkpt>
      <trkpt lat="28.05654" lon="-16.70371">
        <ele>80.6</ele>
      </trkpt>
      <trkpt lat="28.05656" lon="-16.7037">
        <ele>80.9</ele>
      </trkpt>
      <trkpt lat="28.05663" lon="-16.70366">
        <ele>81.9</ele>
      </trkpt>
      <trkpt lat="28.0568" lon="-16.703589">
        <ele>83.9</ele>
      </trkpt>
      <trkpt lat="28.05692" lon="-16.703579">
        <ele>85.2</ele>
      </trkpt>
      <trkpt lat="28.057" lon="-16.703589">
        <ele>86.2</ele>
      </trkpt>
      <trkpt lat="28.0571" lon="-16.70361">
        <ele>87.4</ele>
      </trkpt>
      <trkpt lat="28.05747" lon="-16.70374">
        <ele>91.7</ele>
      </trkpt>
      <trkpt lat="28.05759" lon="-16.703779">
        <ele>92.6</ele>
      </trkpt>
      <trkpt lat="28.05768" lon="-16.70381">
        <ele>93.3</ele>
      </trkpt>
      <trkpt lat="28.05773" lon="-16.70385">
        <ele>93.7</ele>
      </trkpt>
      <trkpt lat="28.05784" lon="-16.70389">
        <ele>94.4</ele>
      </trkpt>
      <trkpt lat="28.05791" lon="-16.70391">
        <ele>95.0</ele>
      </trkpt>
      <trkpt lat="28.05795" lon="-16.70392">
        <ele>95.2</ele>
      </trkpt>
      <trkpt lat="28.058" lon="-16.70392">
        <ele>95.6</ele>
      </trkpt>
      <trkpt lat="28.05804" lon="-16.70392">
        <ele>95.9</ele>
      </trkpt>
      <trkpt lat="28.05812" lon="-16.7039">
        <ele>96.5</ele>
      </trkpt>
      <trkpt lat="28.05824" lon="-16.70385">
        <ele>97.3</ele>
      </trkpt>
      <trkpt lat="28.05831" lon="-16.70379">
        <ele>97.8</ele>
      </trkpt>
      <trkpt lat="28.05837" lon="-16.70372">
        <ele>97.6</ele>
      </trkpt>
      <trkpt lat="28.0584" lon="-16.703679">
        <ele>97.3</ele>
      </trkpt>
      <trkpt lat="28.05842" lon="-16.70365">
        <ele>97.1</ele>
      </trkpt>
      <trkpt lat="28.05842" lon="-16.70364">
        <ele>97.1</ele>
      </trkpt>
      <trkpt lat="28.05845" lon="-16.703579">
        <ele>96.9</ele>
      </trkpt>
      <trkpt lat="28.05848" lon="-16.703489">
        <ele>96.7</ele>
      </trkpt>
      <trkpt lat="28.05862" lon="-16.70308">
        <ele>97.7</ele>
      </trkpt>
      <trkpt lat="28.05866" lon="-16.70296">
        <ele>98.3</ele>
      </trkpt>
      <trkpt lat="28.05872" lon="-16.70276">
        <ele>99.6</ele>
      </trkpt>
      <trkpt lat="28.0588" lon="-16.70247">
        <ele>101.5</ele>
      </trkpt>
      <trkpt lat="28.05884" lon="-16.702279">
        <ele>101.8</ele>
      </trkpt>
      <trkpt lat="28.05887" lon="-16.70205">
        <ele>102.1</ele>
      </trkpt>
      <trkpt lat="28.05888" lon="-16.701799">
        <ele>102.5</ele>
      </trkpt>
      <trkpt lat="28.05885" lon="-16.70116">
        <ele>106.1</ele>
      </trkpt>
      <trkpt lat="28.05883" lon="-16.70043">
        <ele>109.3</ele>
      </trkpt>
      <trkpt lat="28.05881" lon="-16.70013">
        <ele>110.1</ele>
      </trkpt>
      <trkpt lat="28.05881" lon="-16.70013">
        <ele>110.1</ele>
      </trkpt>
      <trkpt lat="28.05881" lon="-16.70008">
        <ele>110.2</ele>
      </trkpt>
      <trkpt lat="28.0588" lon="-16.69988">
        <ele>111.1</ele>
      </trkpt>
      <trkpt lat="28.0588" lon="-16.69978">
        <ele>111.6</ele>
      </trkpt>
      <trkpt lat="28.05879" lon="-16.699639">
        <ele>112.3</ele>
      </trkpt>
      <trkpt lat="28.05876" lon="-16.698789">
        <ele>118.3</ele>
      </trkpt>
      <trkpt lat="28.05875" lon="-16.69844">
        <ele>121.5</ele>
      </trkpt>
      <trkpt lat="28.05868" lon="-16.69666">
        <ele>131.7</ele>
      </trkpt>
      <trkpt lat="28.05867" lon="-16.69647">
        <ele>132.7</ele>
      </trkpt>
      <trkpt lat="28.05867" lon="-16.69637">
        <ele>133.1</ele>
      </trkpt>
      <trkpt lat="28.05867" lon="-16.69637">
        <ele>133.1</ele>
      </trkpt>
      <trkpt lat="28.05877" lon="-16.69628">
        <ele>132.4</ele>
      </trkpt>
      <trkpt lat="28.05882" lon="-16.696259">
        <ele>131.9</ele>
      </trkpt>
      <trkpt lat="28.05894" lon="-16.69625">
        <ele>130.6</ele>
      </trkpt>
      <trkpt lat="28.05894" lon="-16.69625">
        <ele>130.6</ele>
      </trkpt>
      <trkpt lat="28.05913" lon="-16.69594">
        <ele>129.2</ele>
      </trkpt>
      <trkpt lat="28.05925" lon="-16.69574">
        <ele>130.1</ele>
      </trkpt>
      <trkpt lat="28.05935" lon="-16.695599">
        <ele>131.6</ele>
      </trkpt>
      <trkpt lat="28.05936" lon="-16.69558">
        <ele>131.8</ele>
      </trkpt>
      <trkpt lat="28.05946" lon="-16.695409">
        <ele>133.3</ele>
      </trkpt>
      <trkpt lat="28.05955" lon="-16.69526">
        <ele>134.5</ele>
      </trkpt>
      <trkpt lat="28.05956" lon="-16.695239">
        <ele>134.6</ele>
      </trkpt>
      <trkpt lat="28.05961" lon="-16.69516">
        <ele>135.2</ele>
      </trkpt>
      <trkpt lat="28.05965" lon="-16.69506">
        <ele>135.9</ele>
      </trkpt>
      <trkpt lat="28.05973" lon="-16.69484">
        <ele>137.3</ele>
      </trkpt>
      <trkpt lat="28.05977" lon="-16.69474">
        <ele>138.0</ele>
      </trkpt>
      <trkpt lat="28.05979" lon="-16.69469">
        <ele>138.4</ele>
      </trkpt>
      <trkpt lat="28.0598" lon="-16.69469">
        <ele>138.4</ele>
      </trkpt>
      <trkpt lat="28.05988" lon="-16.69459">
        <ele>139.3</ele>
      </trkpt>
      <trkpt lat="28.05992" lon="-16.69455">
        <ele>139.7</ele>
      </trkpt>
      <trkpt lat="28.05997" lon="-16.6945">
        <ele>140.1</ele>
      </trkpt>
      <trkpt lat="28.06001" lon="-16.69446">
        <ele>140.5</ele>
      </trkpt>
      <trkpt lat="28.06004" lon="-16.69442">
        <ele>140.8</ele>
      </trkpt>
      <trkpt lat="28.06005" lon="-16.6944">
        <ele>141.0</ele>
      </trkpt>
      <trkpt lat="28.06007" lon="-16.69436">
        <ele>141.3</ele>
      </trkpt>
      <trkpt lat="28.06009" lon="-16.69432">
        <ele>141.5</ele>
      </trkpt>
      <trkpt lat="28.06011" lon="-16.69426">
        <ele>142.0</ele>
      </trkpt>
      <trkpt lat="28.06012" lon="-16.69422">
        <ele>142.3</ele>
      </trkpt>
      <trkpt lat="28.06012" lon="-16.69416">
        <ele>142.6</ele>
      </trkpt>
      <trkpt lat="28.06013" lon="-16.694019">
        <ele>142.8</ele>
      </trkpt>
      <trkpt lat="28.06013" lon="-16.69394">
        <ele>142.9</ele>
      </trkpt>
      <trkpt lat="28.06014" lon="-16.69371">
        <ele>143.3</ele>
      </trkpt>
      <trkpt lat="28.06014" lon="-16.69361">
        <ele>143.5</ele>
      </trkpt>
      <trkpt lat="28.06015" lon="-16.6935">
        <ele>143.7</ele>
      </trkpt>
      <trkpt lat="28.06017" lon="-16.69341">
        <ele>143.9</ele>
      </trkpt>
      <trkpt lat="28.06019" lon="-16.6933">
        <ele>144.3</ele>
      </trkpt>
      <trkpt lat="28.06022" lon="-16.6932">
        <ele>144.8</ele>
      </trkpt>
      <trkpt lat="28.06024" lon="-16.69312">
        <ele>145.2</ele>
      </trkpt>
      <trkpt lat="28.06024" lon="-16.69306">
        <ele>145.4</ele>
      </trkpt>
      <trkpt lat="28.06024" lon="-16.69301">
        <ele>145.6</ele>
      </trkpt>
      <trkpt lat="28.06023" lon="-16.693">
        <ele>145.6</ele>
      </trkpt>
      <trkpt lat="28.06022" lon="-16.69296">
        <ele>145.7</ele>
      </trkpt>
      <trkpt lat="28.0602" lon="-16.6929">
        <ele>145.9</ele>
      </trkpt>
      <trkpt lat="28.0602" lon="-16.692889">
        <ele>146.0</ele>
      </trkpt>
      <trkpt lat="28.06013" lon="-16.69276">
        <ele>146.5</ele>
      </trkpt>
      <trkpt lat="28.06011" lon="-16.69274">
        <ele>146.6</ele>
      </trkpt>
      <trkpt lat="28.06006" lon="-16.69263">
        <ele>147.2</ele>
      </trkpt>
      <trkpt lat="28.06003" lon="-16.69256">
        <ele>147.6</ele>
      </trkpt>
      <trkpt lat="28.05995" lon="-16.69238">
        <ele>148.5</ele>
      </trkpt>
      <trkpt lat="28.05995" lon="-16.69237">
        <ele>148.5</ele>
      </trkpt>
      <trkpt lat="28.0599" lon="-16.69219">
        <ele>149.2</ele>
      </trkpt>
      <trkpt lat="28.0599" lon="-16.69218">
        <ele>149.2</ele>
      </trkpt>
      <trkpt lat="28.05986" lon="-16.692029">
        <ele>149.8</ele>
      </trkpt>
      <trkpt lat="28.05983" lon="-16.6918">
        <ele>150.4</ele>
      </trkpt>
      <trkpt lat="28.05983" lon="-16.69178">
        <ele>150.4</ele>
      </trkpt>
      <trkpt lat="28.05982" lon="-16.691579">
        <ele>151.1</ele>
      </trkpt>
      <trkpt lat="28.05982" lon="-16.691559">
        <ele>151.2</ele>
      </trkpt>
      <trkpt lat="28.05981" lon="-16.691389">
        <ele>152.0</ele>
      </trkpt>
      <trkpt lat="28.05981" lon="-16.69137">
        <ele>152.0</ele>
      </trkpt>
      <trkpt lat="28.0598" lon="-16.69122">
        <ele>152.7</ele>
      </trkpt>
      <trkpt lat="28.05979" lon="-16.69117">
        <ele>152.9</ele>
      </trkpt>
      <trkpt lat="28.05978" lon="-16.691099">
        <ele>153.3</ele>
      </trkpt>
      <trkpt lat="28.05975" lon="-16.69099">
        <ele>153.8</ele>
      </trkpt>
      <trkpt lat="28.05974" lon="-16.69097">
        <ele>153.9</ele>
      </trkpt>
      <trkpt lat="28.05972" lon="-16.69089">
        <ele>154.2</ele>
      </trkpt>
      <trkpt lat="28.05971" lon="-16.690809">
        <ele>154.5</ele>
      </trkpt>
      <trkpt lat="28.0597" lon="-16.69078">
        <ele>154.7</ele>
      </trkpt>
      <trkpt lat="28.0597" lon="-16.690729">
        <ele>155.0</ele>
      </trkpt>
      <trkpt lat="28.0597" lon="-16.69066">
        <ele>155.4</ele>
      </trkpt>
      <trkpt lat="28.05971" lon="-16.69059">
        <ele>155.9</ele>
      </trkpt>
      <trkpt lat="28.05972" lon="-16.69058">
        <ele>156.0</ele>
      </trkpt>
      <trkpt lat="28.05972" lon="-16.69058">
        <ele>156.0</ele>
      </trkpt>
      <trkpt lat="28.05973" lon="-16.690539">
        <ele>156.2</ele>
      </trkpt>
      <trkpt lat="28.05977" lon="-16.69048">
        <ele>156.7</ele>
      </trkpt>
      <trkpt lat="28.0598" lon="-16.690449">
        <ele>157.0</ele>
      </trkpt>
      <trkpt lat="28.05985" lon="-16.6904">
        <ele>157.6</ele>
      </trkpt>
      <trkpt lat="28.05991" lon="-16.690339">
        <ele>158.3</ele>
      </trkpt>
      <trkpt lat="28.05998" lon="-16.690259">
        <ele>159.4</ele>
      </trkpt>
      <trkpt lat="28.06004" lon="-16.69021">
        <ele>160.1</ele>
      </trkpt>
      <trkpt lat="28.06025" lon="-16.69">
        <ele>162.6</ele>
      </trkpt>
      <trkpt lat="28.06038" lon="-16.68987">
        <ele>162.5</ele>
      </trkpt>
      <trkpt lat="28.06039" lon="-16.68987">
        <ele>162.5</ele>
      </trkpt>
      <trkpt lat="28.06047" lon="-16.68982">
        <ele>162.7</ele>
      </trkpt>
      <trkpt lat="28.06065" lon="-16.68972">
        <ele>163.6</ele>
      </trkpt>
      <trkpt lat="28.06072" lon="-16.689689">
        <ele>164.0</ele>
      </trkpt>
      <trkpt lat="28.06073" lon="-16.68968">
        <ele>164.1</ele>
      </trkpt>
      <trkpt lat="28.0608" lon="-16.68965">
        <ele>164.6</ele>
      </trkpt>
      <trkpt lat="28.06086" lon="-16.689609">
        <ele>164.9</ele>
      </trkpt>
      <trkpt lat="28.06087" lon="-16.689599">
        <ele>165.0</ele>
      </trkpt>
      <trkpt lat="28.06093" lon="-16.68954">
        <ele>165.1</ele>
      </trkpt>
      <trkpt lat="28.061" lon="-16.68948">
        <ele>165.3</ele>
      </trkpt>
      <trkpt lat="28.06101" lon="-16.68947">
        <ele>165.4</ele>
      </trkpt>
      <trkpt lat="28.06107" lon="-16.68939">
        <ele>165.7</ele>
      </trkpt>
      <trkpt lat="28.06118" lon="-16.68928">
        <ele>166.3</ele>
      </trkpt>
      <trkpt lat="28.06124" lon="-16.689219">
        <ele>166.7</ele>
      </trkpt>
      <trkpt lat="28.06128" lon="-16.68919">
        <ele>167.0</ele>
      </trkpt>
      <trkpt lat="28.06131" lon="-16.68916">
        <ele>167.1</ele>
      </trkpt>
      <trkpt lat="28.06136" lon="-16.68911">
        <ele>167.1</ele>
      </trkpt>
      <trkpt lat="28.06142" lon="-16.68907">
        <ele>167.2</ele>
      </trkpt>
      <trkpt lat="28.06144" lon="-16.68905">
        <ele>167.2</ele>
      </trkpt>
      <trkpt lat="28.0615" lon="-16.689">
        <ele>167.3</ele>
      </trkpt>
      <trkpt lat="28.06156" lon="-16.68899">
        <ele>167.5</ele>
      </trkpt>
      <trkpt lat="28.06158" lon="-16.68898">
        <ele>167.5</ele>
      </trkpt>
      <trkpt lat="28.06161" lon="-16.68898">
        <ele>167.6</ele>
      </trkpt>
      <trkpt lat="28.06166" lon="-16.68897">
        <ele>167.7</ele>
      </trkpt>
      <trkpt lat="28.0617" lon="-16.68897">
        <ele>167.9</ele>
      </trkpt>
      <trkpt lat="28.0618" lon="-16.68896">
        <ele>168.4</ele>
      </trkpt>
      <trkpt lat="28.06193" lon="-16.688949">
        <ele>169.1</ele>
      </trkpt>
      <trkpt lat="28.06194" lon="-16.688949">
        <ele>169.2</ele>
      </trkpt>
      <trkpt lat="28.06206" lon="-16.68893">
        <ele>169.8</ele>
      </trkpt>
      <trkpt lat="28.06212" lon="-16.68892">
        <ele>170.1</ele>
      </trkpt>
      <trkpt lat="28.06217" lon="-16.6889">
        <ele>170.5</ele>
      </trkpt>
      <trkpt lat="28.06229" lon="-16.688859">
        <ele>171.3</ele>
      </trkpt>
      <trkpt lat="28.06245" lon="-16.68878">
        <ele>172.5</ele>
      </trkpt>
      <trkpt lat="28.06257" lon="-16.68872">
        <ele>173.2</ele>
      </trkpt>
      <trkpt lat="28.06261" lon="-16.68869">
        <ele>173.4</ele>
      </trkpt>
      <trkpt lat="28.0627" lon="-16.68863">
        <ele>173.8</ele>
      </trkpt>
      <trkpt lat="28.06277" lon="-16.68859">
        <ele>174.1</ele>
      </trkpt>
      <trkpt lat="28.06278" lon="-16.68859">
        <ele>174.1</ele>
      </trkpt>
      <trkpt lat="28.06282" lon="-16.688559">
        <ele>174.4</ele>
      </trkpt>
      <trkpt lat="28.06288" lon="-16.68854">
        <ele>174.6</ele>
      </trkpt>
      <trkpt lat="28.06292" lon="-16.68852">
        <ele>174.8</ele>
      </trkpt>
      <trkpt lat="28.06298" lon="-16.68851">
        <ele>174.9</ele>
      </trkpt>
      <trkpt lat="28.06302" lon="-16.68851">
        <ele>175.0</ele>
      </trkpt>
      <trkpt lat="28.06307" lon="-16.68853">
        <ele>174.9</ele>
      </trkpt>
      <trkpt lat="28.06311" lon="-16.68854">
        <ele>174.9</ele>
      </trkpt>
      <trkpt lat="28.06313" lon="-16.68854">
        <ele>175.0</ele>
      </trkpt>
      <trkpt lat="28.06319" lon="-16.688559">
        <ele>174.9</ele>
      </trkpt>
      <trkpt lat="28.06325" lon="-16.688569">
        <ele>174.9</ele>
      </trkpt>
      <trkpt lat="28.06329" lon="-16.68858">
        <ele>174.9</ele>
      </trkpt>
      <trkpt lat="28.06333" lon="-16.68858">
        <ele>174.9</ele>
      </trkpt>
      <trkpt lat="28.06337" lon="-16.688569">
        <ele>175.2</ele>
      </trkpt>
      <trkpt lat="28.06342" lon="-16.68853">
        <ele>175.7</ele>
      </trkpt>
      <trkpt lat="28.06347" lon="-16.6885">
        <ele>176.2</ele>
      </trkpt>
      <trkpt lat="28.06379" lon="-16.68836">
        <ele>179.4</ele>
      </trkpt>
      <trkpt lat="28.06385" lon="-16.68833">
        <ele>180.1</ele>
      </trkpt>
      <trkpt lat="28.06399" lon="-16.68825">
        <ele>180.3</ele>
      </trkpt>
      <trkpt lat="28.06412" lon="-16.688199">
        <ele>180.8</ele>
      </trkpt>
      <trkpt lat="28.06414" lon="-16.688199">
        <ele>180.9</ele>
      </trkpt>
      <trkpt lat="28.06425" lon="-16.68817">
        <ele>181.3</ele>
      </trkpt>
      <trkpt lat="28.0643" lon="-16.68815">
        <ele>181.5</ele>
      </trkpt>
      <trkpt lat="28.06433" lon="-16.68814">
        <ele>181.6</ele>
      </trkpt>
      <trkpt lat="28.06445" lon="-16.68813">
        <ele>182.3</ele>
      </trkpt>
      <trkpt lat="28.0646" lon="-16.68812">
        <ele>183.2</ele>
      </trkpt>
      <trkpt lat="28.06483" lon="-16.68808">
        <ele>184.6</ele>
      </trkpt>
      <trkpt lat="28.06501" lon="-16.68805">
        <ele>185.7</ele>
      </trkpt>
      <trkpt lat="28.06503" lon="-16.68804">
        <ele>185.9</ele>
      </trkpt>
      <trkpt lat="28.06517" lon="-16.687999">
        <ele>187.2</ele>
      </trkpt>
      <trkpt lat="28.06517" lon="-16.687999">
        <ele>187.2</ele>
      </trkpt>
      <trkpt lat="28.06532" lon="-16.68794">
        <ele>188.6</ele>
      </trkpt>
      <trkpt lat="28.06535" lon="-16.68793">
        <ele>188.9</ele>
      </trkpt>
      <trkpt lat="28.06544" lon="-16.68789">
        <ele>189.8</ele>
      </trkpt>
      <trkpt lat="28.0656" lon="-16.68783">
        <ele>191.5</ele>
      </trkpt>
      <trkpt lat="28.06569" lon="-16.6878">
        <ele>192.4</ele>
      </trkpt>
      <trkpt lat="28.06571" lon="-16.68779">
        <ele>192.7</ele>
      </trkpt>
      <trkpt lat="28.06581" lon="-16.68777">
        <ele>193.8</ele>
      </trkpt>
      <trkpt lat="28.06587" lon="-16.68777">
        <ele>194.3</ele>
      </trkpt>
      <trkpt lat="28.06594" lon="-16.68777">
        <ele>194.9</ele>
      </trkpt>
      <trkpt lat="28.06599" lon="-16.68777">
        <ele>195.3</ele>
      </trkpt>
      <trkpt lat="28.06605" lon="-16.68778">
        <ele>195.8</ele>
      </trkpt>
      <trkpt lat="28.06609" lon="-16.68777">
        <ele>196.2</ele>
      </trkpt>
      <trkpt lat="28.06612" lon="-16.68776">
        <ele>196.5</ele>
      </trkpt>
      <trkpt lat="28.06616" lon="-16.68775">
        <ele>196.8</ele>
      </trkpt>
      <trkpt lat="28.06619" lon="-16.68774">
        <ele>197.1</ele>
      </trkpt>
      <trkpt lat="28.06629" lon="-16.68769">
        <ele>198.2</ele>
      </trkpt>
      <trkpt lat="28.06632" lon="-16.68768">
        <ele>198.4</ele>
      </trkpt>
      <trkpt lat="28.06641" lon="-16.687639">
        <ele>199.3</ele>
      </trkpt>
      <trkpt lat="28.06646" lon="-16.687619">
        <ele>199.8</ele>
      </trkpt>
      <trkpt lat="28.06648" lon="-16.6876">
        <ele>200.1</ele>
      </trkpt>
      <trkpt lat="28.06655" lon="-16.68758">
        <ele>200.7</ele>
      </trkpt>
      <trkpt lat="28.0666" lon="-16.68758">
        <ele>201.2</ele>
      </trkpt>
      <trkpt lat="28.06663" lon="-16.68757">
        <ele>201.4</ele>
      </trkpt>
      <trkpt lat="28.06664" lon="-16.68757">
        <ele>201.5</ele>
      </trkpt>
      <trkpt lat="28.06667" lon="-16.68757">
        <ele>201.8</ele>
      </trkpt>
      <trkpt lat="28.06669" lon="-16.68758">
        <ele>201.9</ele>
      </trkpt>
      <trkpt lat="28.06673" lon="-16.68759">
        <ele>202.1</ele>
      </trkpt>
      <trkpt lat="28.06677" lon="-16.6876">
        <ele>202.3</ele>
      </trkpt>
      <trkpt lat="28.0668" lon="-16.687619">
        <ele>202.4</ele>
      </trkpt>
      <trkpt lat="28.06684" lon="-16.68767">
        <ele>202.4</ele>
      </trkpt>
      <trkpt lat="28.06692" lon="-16.68778">
        <ele>202.5</ele>
      </trkpt>
      <trkpt lat="28.06695" lon="-16.687809">
        <ele>202.6</ele>
      </trkpt>
      <trkpt lat="28.06697" lon="-16.68783">
        <ele>202.6</ele>
      </trkpt>
      <trkpt lat="28.06698" lon="-16.68783">
        <ele>202.7</ele>
      </trkpt>
      <trkpt lat="28.06704" lon="-16.68786">
        <ele>202.9</ele>
      </trkpt>
      <trkpt lat="28.06712" lon="-16.687899">
        <ele>203.3</ele>
      </trkpt>
      <trkpt lat="28.06729" lon="-16.68797">
        <ele>204.0</ele>
      </trkpt>
      <trkpt lat="28.06743" lon="-16.68803">
        <ele>204.7</ele>
      </trkpt>
      <trkpt lat="28.06748" lon="-16.68805">
        <ele>204.9</ele>
      </trkpt>
      <trkpt lat="28.06751" lon="-16.68806">
        <ele>205.0</ele>
      </trkpt>
      <trkpt lat="28.06755" lon="-16.68807">
        <ele>205.0</ele>
      </trkpt>
      <trkpt lat="28.06758" lon="-16.68808">
        <ele>204.9</ele>
      </trkpt>
      <trkpt lat="28.06761" lon="-16.68807">
        <ele>205.0</ele>
      </trkpt>
      <trkpt lat="28.06763" lon="-16.68806">
        <ele>205.0</ele>
      </trkpt>
      <trkpt lat="28.06765" lon="-16.68804">
        <ele>205.1</ele>
      </trkpt>
      <trkpt lat="28.06765" lon="-16.68803">
        <ele>205.2</ele>
      </trkpt>
      <trkpt lat="28.06769" lon="-16.68796">
        <ele>205.5</ele>
      </trkpt>
      <trkpt lat="28.06771" lon="-16.687899">
        <ele>205.8</ele>
      </trkpt>
      <trkpt lat="28.06773" lon="-16.6878">
        <ele>206.4</ele>
      </trkpt>
      <trkpt lat="28.06775" lon="-16.68774">
        <ele>206.7</ele>
      </trkpt>
      <trkpt lat="28.06777" lon="-16.68766">
        <ele>207.1</ele>
      </trkpt>
      <trkpt lat="28.0678" lon="-16.68761">
        <ele>207.5</ele>
      </trkpt>
      <trkpt lat="28.06782" lon="-16.687539">
        <ele>207.9</ele>
      </trkpt>
      <trkpt lat="28.06786" lon="-16.68748">
        <ele>208.3</ele>
      </trkpt>
      <trkpt lat="28.06789" lon="-16.68743">
        <ele>208.4</ele>
      </trkpt>
      <trkpt lat="28.06797" lon="-16.68732">
        <ele>208.7</ele>
      </trkpt>
      <trkpt lat="28.06798" lon="-16.68731">
        <ele>208.8</ele>
      </trkpt>
      <trkpt lat="28.06808" lon="-16.68718">
        <ele>209.2</ele>
      </trkpt>
      <trkpt lat="28.06809" lon="-16.687169">
        <ele>209.3</ele>
      </trkpt>
      <trkpt lat="28.0682" lon="-16.68703">
        <ele>209.9</ele>
      </trkpt>
      <trkpt lat="28.06821" lon="-16.68702">
        <ele>210.0</ele>
      </trkpt>
      <trkpt lat="28.06831" lon="-16.686879">
        <ele>210.6</ele>
      </trkpt>
      <trkpt lat="28.06832" lon="-16.686869">
        <ele>210.7</ele>
      </trkpt>
      <trkpt lat="28.06839" lon="-16.68677">
        <ele>211.3</ele>
      </trkpt>
      <trkpt lat="28.06845" lon="-16.68672">
        <ele>211.8</ele>
      </trkpt>
      <trkpt lat="28.06847" lon="-16.686699">
        <ele>211.9</ele>
      </trkpt>
      <trkpt lat="28.06854" lon="-16.68663">
        <ele>212.5</ele>
      </trkpt>
      <trkpt lat="28.06859" lon="-16.686589">
        <ele>212.9</ele>
      </trkpt>
      <trkpt lat="28.06861" lon="-16.68658">
        <ele>213.0</ele>
      </trkpt>
      <trkpt lat="28.06869" lon="-16.68652">
        <ele>213.7</ele>
      </trkpt>
      <trkpt lat="28.06874" lon="-16.68648">
        <ele>214.1</ele>
      </trkpt>
      <trkpt lat="28.06876" lon="-16.68647">
        <ele>214.3</ele>
      </trkpt>
      <trkpt lat="28.06883" lon="-16.68643">
        <ele>215.0</ele>
      </trkpt>
      <trkpt lat="28.0689" lon="-16.68639">
        <ele>215.7</ele>
      </trkpt>
      <trkpt lat="28.06893" lon="-16.68638">
        <ele>215.9</ele>
      </trkpt>
      <trkpt lat="28.06899" lon="-16.68635">
        <ele>216.5</ele>
      </trkpt>
      <trkpt lat="28.06906" lon="-16.6863">
        <ele>217.3</ele>
      </trkpt>
      <trkpt lat="28.06909" lon="-16.68629">
        <ele>217.6</ele>
      </trkpt>
      <trkpt lat="28.06922" lon="-16.6862">
        <ele>219.1</ele>
      </trkpt>
      <trkpt lat="28.06937" lon="-16.68609">
        <ele>220.7</ele>
      </trkpt>
      <trkpt lat="28.06944" lon="-16.68605">
        <ele>221.4</ele>
      </trkpt>
      <trkpt lat="28.06953" lon="-16.68599">
        <ele>222.2</ele>
      </trkpt>
      <trkpt lat="28.06958" lon="-16.685949">
        <ele>222.7</ele>
      </trkpt>
      <trkpt lat="28.0697" lon="-16.68588">
        <ele>223.7</ele>
      </trkpt>
      <trkpt lat="28.06982" lon="-16.685759">
        <ele>224.6</ele>
      </trkpt>
      <trkpt lat="28.06987" lon="-16.6857">
        <ele>225.0</ele>
      </trkpt>
      <trkpt lat="28.06994" lon="-16.68563">
        <ele>225.5</ele>
      </trkpt>
      <trkpt lat="28.06995" lon="-16.68562">
        <ele>225.6</ele>
      </trkpt>
      <trkpt lat="28.06997" lon="-16.68559">
        <ele>225.8</ele>
      </trkpt>
      <trkpt lat="28.07001" lon="-16.685559">
        <ele>226.1</ele>
      </trkpt>
      <trkpt lat="28.07003" lon="-16.68554">
        <ele>226.4</ele>
      </trkpt>
      <trkpt lat="28.07006" lon="-16.68552">
        <ele>226.7</ele>
      </trkpt>
      <trkpt lat="28.0701" lon="-16.68551">
        <ele>227.2</ele>
      </trkpt>
      <trkpt lat="28.07014" lon="-16.68551">
        <ele>227.6</ele>
      </trkpt>
      <trkpt lat="28.0702" lon="-16.68552">
        <ele>228.3</ele>
      </trkpt>
      <trkpt lat="28.07023" lon="-16.68554">
        <ele>228.7</ele>
      </trkpt>
      <trkpt lat="28.07027" lon="-16.685569">
        <ele>229.1</ele>
      </trkpt>
      <trkpt lat="28.07028" lon="-16.68558">
        <ele>229.2</ele>
      </trkpt>
      <trkpt lat="28.07033" lon="-16.68562">
        <ele>229.8</ele>
      </trkpt>
      <trkpt lat="28.07042" lon="-16.68568">
        <ele>230.7</ele>
      </trkpt>
      <trkpt lat="28.07045" lon="-16.68571">
        <ele>231.0</ele>
      </trkpt>
      <trkpt lat="28.07055" lon="-16.685759">
        <ele>232.1</ele>
      </trkpt>
      <trkpt lat="28.07058" lon="-16.68578">
        <ele>232.4</ele>
      </trkpt>
      <trkpt lat="28.07072" lon="-16.685839">
        <ele>233.8</ele>
      </trkpt>
      <trkpt lat="28.07075" lon="-16.685839">
        <ele>234.1</ele>
      </trkpt>
      <trkpt lat="28.07079" lon="-16.68586">
        <ele>234.7</ele>
      </trkpt>
      <trkpt lat="28.07089" lon="-16.68589">
        <ele>236.2</ele>
      </trkpt>
      <trkpt lat="28.07092" lon="-16.6859">
        <ele>236.7</ele>
      </trkpt>
      <trkpt lat="28.07109" lon="-16.68596">
        <ele>239.7</ele>
      </trkpt>
      <trkpt lat="28.07117" lon="-16.68598">
        <ele>241.0</ele>
      </trkpt>
      <trkpt lat="28.07125" lon="-16.686">
        <ele>242.4</ele>
      </trkpt>
      <trkpt lat="28.07133" lon="-16.68601">
        <ele>243.7</ele>
      </trkpt>
      <trkpt lat="28.07138" lon="-16.68601">
        <ele>244.4</ele>
      </trkpt>
      <trkpt lat="28.07144" lon="-16.68601">
        <ele>245.3</ele>
      </trkpt>
      <trkpt lat="28.07145" lon="-16.68601">
        <ele>245.5</ele>
      </trkpt>
      <trkpt lat="28.07148" lon="-16.686">
        <ele>245.8</ele>
      </trkpt>
      <trkpt lat="28.07152" lon="-16.68599">
        <ele>246.3</ele>
      </trkpt>
      <trkpt lat="28.07156" lon="-16.68597">
        <ele>246.7</ele>
      </trkpt>
      <trkpt lat="28.07159" lon="-16.68596">
        <ele>247.1</ele>
      </trkpt>
      <trkpt lat="28.07161" lon="-16.685939">
        <ele>247.2</ele>
      </trkpt>
      <trkpt lat="28.07168" lon="-16.68586">
        <ele>247.4</ele>
      </trkpt>
      <trkpt lat="28.07173" lon="-16.68579">
        <ele>247.9</ele>
      </trkpt>
      <trkpt lat="28.07181" lon="-16.68569">
        <ele>249.3</ele>
      </trkpt>
      <trkpt lat="28.07185" lon="-16.68563">
        <ele>250.0</ele>
      </trkpt>
      <trkpt lat="28.07192" lon="-16.68554">
        <ele>251.3</ele>
      </trkpt>
      <trkpt lat="28.07198" lon="-16.68546">
        <ele>252.4</ele>
      </trkpt>
      <trkpt lat="28.072" lon="-16.6854">
        <ele>252.9</ele>
      </trkpt>
      <trkpt lat="28.07209" lon="-16.68527">
        <ele>254.6</ele>
      </trkpt>
      <trkpt lat="28.07212" lon="-16.68524">
        <ele>255.2</ele>
      </trkpt>
      <trkpt lat="28.07216" lon="-16.68522">
        <ele>255.9</ele>
      </trkpt>
      <trkpt lat="28.07221" lon="-16.685199">
        <ele>256.7</ele>
      </trkpt>
      <trkpt lat="28.07226" lon="-16.685189">
        <ele>257.5</ele>
      </trkpt>
      <trkpt lat="28.07232" lon="-16.685179">
        <ele>258.4</ele>
      </trkpt>
      <trkpt lat="28.07237" lon="-16.685179">
        <ele>259.2</ele>
      </trkpt>
      <trkpt lat="28.07239" lon="-16.685179">
        <ele>259.5</ele>
      </trkpt>
      <trkpt lat="28.07245" lon="-16.685189">
        <ele>260.3</ele>
      </trkpt>
      <trkpt lat="28.07257" lon="-16.685179">
        <ele>261.9</ele>
      </trkpt>
      <trkpt lat="28.07261" lon="-16.68517">
        <ele>262.3</ele>
      </trkpt>
      <trkpt lat="28.07273" lon="-16.68516">
        <ele>263.7</ele>
      </trkpt>
      <trkpt lat="28.07293" lon="-16.68513">
        <ele>265.9</ele>
      </trkpt>
      <trkpt lat="28.07296" lon="-16.68512">
        <ele>266.3</ele>
      </trkpt>
      <trkpt lat="28.07305" lon="-16.685099">
        <ele>267.4</ele>
      </trkpt>
      <trkpt lat="28.0731" lon="-16.685089">
        <ele>268.0</ele>
      </trkpt>
      <trkpt lat="28.07321" lon="-16.68506">
        <ele>269.3</ele>
      </trkpt>
      <trkpt lat="28.07328" lon="-16.68504">
        <ele>270.2</ele>
      </trkpt>
      <trkpt lat="28.07334" lon="-16.68503">
        <ele>270.9</ele>
      </trkpt>
      <trkpt lat="28.07349" lon="-16.684999">
        <ele>272.3</ele>
      </trkpt>
      <trkpt lat="28.07359" lon="-16.68498">
        <ele>273.1</ele>
      </trkpt>
      <trkpt lat="28.07363" lon="-16.68497">
        <ele>273.5</ele>
      </trkpt>
      <trkpt lat="28.07368" lon="-16.68497">
        <ele>273.9</ele>
      </trkpt>
      <trkpt lat="28.07381" lon="-16.68497">
        <ele>275.0</ele>
      </trkpt>
      <trkpt lat="28.07385" lon="-16.68497">
        <ele>275.3</ele>
      </trkpt>
      <trkpt lat="28.07397" lon="-16.68497">
        <ele>276.3</ele>
      </trkpt>
      <trkpt lat="28.07399" lon="-16.68497">
        <ele>276.5</ele>
      </trkpt>
      <trkpt lat="28.07401" lon="-16.68497">
        <ele>276.6</ele>
      </trkpt>
      <trkpt lat="28.07405" lon="-16.68497">
        <ele>277.0</ele>
      </trkpt>
      <trkpt lat="28.07409" lon="-16.68496">
        <ele>277.3</ele>
      </trkpt>
      <trkpt lat="28.07414" lon="-16.68493">
        <ele>277.7</ele>
      </trkpt>
      <trkpt lat="28.07417" lon="-16.68492">
        <ele>277.9</ele>
      </trkpt>
      <trkpt lat="28.07428" lon="-16.68487">
        <ele>279.0</ele>
      </trkpt>
      <trkpt lat="28.07433" lon="-16.68484">
        <ele>279.5</ele>
      </trkpt>
      <trkpt lat="28.07445" lon="-16.68479">
        <ele>280.7</ele>
      </trkpt>
      <trkpt lat="28.07449" lon="-16.68475">
        <ele>281.2</ele>
      </trkpt>
      <trkpt lat="28.07462" lon="-16.68466">
        <ele>282.6</ele>
      </trkpt>
      <trkpt lat="28.0748" lon="-16.684529">
        <ele>284.8</ele>
      </trkpt>
      <trkpt lat="28.07484" lon="-16.68451">
        <ele>285.3</ele>
      </trkpt>
      <trkpt lat="28.07493" lon="-16.684439">
        <ele>286.5</ele>
      </trkpt>
      <trkpt lat="28.07509" lon="-16.68431">
        <ele>288.8</ele>
      </trkpt>
      <trkpt lat="28.0751" lon="-16.68431">
        <ele>289.0</ele>
      </trkpt>
      <trkpt lat="28.07525" lon="-16.68421">
        <ele>291.4</ele>
      </trkpt>
      <trkpt lat="28.07541" lon="-16.6841">
        <ele>294.3</ele>
      </trkpt>
      <trkpt lat="28.07544" lon="-16.68408">
        <ele>294.9</ele>
      </trkpt>
      <trkpt lat="28.07556" lon="-16.68401">
        <ele>297.1</ele>
      </trkpt>
      <trkpt lat="28.0756" lon="-16.683979">
        <ele>297.8</ele>
      </trkpt>
      <trkpt lat="28.07572" lon="-16.68391">
        <ele>300.0</ele>
      </trkpt>
      <trkpt lat="28.07577" lon="-16.683879">
        <ele>300.8</ele>
      </trkpt>
      <trkpt lat="28.0758" lon="-16.68386">
        <ele>301.4</ele>
      </trkpt>
      <trkpt lat="28.07585" lon="-16.68381">
        <ele>302.3</ele>
      </trkpt>
      <trkpt lat="28.07587" lon="-16.6838">
        <ele>302.5</ele>
      </trkpt>
      <trkpt lat="28.07599" lon="-16.68371">
        <ele>304.0</ele>
      </trkpt>
      <trkpt lat="28.07602" lon="-16.683679">
        <ele>304.4</ele>
      </trkpt>
      <trkpt lat="28.07603" lon="-16.683679">
        <ele>304.5</ele>
      </trkpt>
      <trkpt lat="28.07607" lon="-16.68365">
        <ele>305.0</ele>
      </trkpt>
      <trkpt lat="28.0761" lon="-16.68364">
        <ele>305.3</ele>
      </trkpt>
      <trkpt lat="28.07613" lon="-16.68363">
        <ele>305.6</ele>
      </trkpt>
      <trkpt lat="28.07616" lon="-16.68363">
        <ele>305.8</ele>
      </trkpt>
      <trkpt lat="28.07619" lon="-16.68363">
        <ele>306.1</ele>
      </trkpt>
      <trkpt lat="28.07623" lon="-16.68363">
        <ele>306.4</ele>
      </trkpt>
      <trkpt lat="28.07628" lon="-16.68363">
        <ele>306.8</ele>
      </trkpt>
      <trkpt lat="28.0763" lon="-16.68363">
        <ele>306.9</ele>
      </trkpt>
      <trkpt lat="28.07633" lon="-16.68361">
        <ele>307.3</ele>
      </trkpt>
      <trkpt lat="28.07637" lon="-16.683599">
        <ele>307.7</ele>
      </trkpt>
      <trkpt lat="28.07638" lon="-16.683599">
        <ele>307.8</ele>
      </trkpt>
      <trkpt lat="28.07653" lon="-16.68352">
        <ele>309.5</ele>
      </trkpt>
      <trkpt lat="28.07657" lon="-16.683499">
        <ele>310.0</ele>
      </trkpt>
      <trkpt lat="28.0767" lon="-16.68344">
        <ele>311.8</ele>
      </trkpt>
      <trkpt lat="28.07679" lon="-16.683399">
        <ele>313.6</ele>
      </trkpt>
      <trkpt lat="28.07686" lon="-16.68335">
        <ele>315.3</ele>
      </trkpt>
      <trkpt lat="28.07694" lon="-16.683309">
        <ele>317.1</ele>
      </trkpt>
      <trkpt lat="28.07702" lon="-16.68326">
        <ele>318.9</ele>
      </trkpt>
      <trkpt lat="28.07712" lon="-16.6832">
        <ele>321.1</ele>
      </trkpt>
      <trkpt lat="28.07717" lon="-16.68319">
        <ele>322.0</ele>
      </trkpt>
      <trkpt lat="28.07719" lon="-16.68318">
        <ele>322.3</ele>
      </trkpt>
      <trkpt lat="28.07721" lon="-16.68318">
        <ele>322.7</ele>
      </trkpt>
      <trkpt lat="28.07725" lon="-16.68316">
        <ele>323.4</ele>
      </trkpt>
      <trkpt lat="28.07729" lon="-16.68314">
        <ele>324.2</ele>
      </trkpt>
      <trkpt lat="28.07735" lon="-16.6831">
        <ele>325.3</ele>
      </trkpt>
      <trkpt lat="28.07736" lon="-16.6831">
        <ele>325.4</ele>
      </trkpt>
      <trkpt lat="28.07745" lon="-16.68302">
        <ele>327.0</ele>
      </trkpt>
      <trkpt lat="28.0775" lon="-16.68299">
        <ele>327.8</ele>
      </trkpt>
      <trkpt lat="28.07757" lon="-16.682939">
        <ele>329.0</ele>
      </trkpt>
      <trkpt lat="28.07766" lon="-16.6829">
        <ele>330.5</ele>
      </trkpt>
      <trkpt lat="28.07768" lon="-16.68289">
        <ele>330.8</ele>
      </trkpt>
      <trkpt lat="28.07782" lon="-16.68281">
        <ele>333.3</ele>
      </trkpt>
      <trkpt lat="28.07798" lon="-16.68272">
        <ele>336.4</ele>
      </trkpt>
      <trkpt lat="28.07798" lon="-16.68272">
        <ele>336.4</ele>
      </trkpt>
      <trkpt lat="28.07823" lon="-16.682569">
        <ele>341.6</ele>
      </trkpt>
      <trkpt lat="28.07824" lon="-16.682559">
        <ele>341.9</ele>
      </trkpt>
      <trkpt lat="28.078282" lon="-16.682531">
        <ele>342.8</ele>
      </trkpt>
      <trkpt lat="28.07833" lon="-16.6825">
        <ele>343.9</ele>
      </trkpt>
      <trkpt lat="28.07849" lon="-16.68239">
        <ele>344.9</ele>
      </trkpt>
      <trkpt lat="28.07849" lon="-16.68239">
        <ele>344.9</ele>
      </trkpt>
      <trkpt lat="28.07843" lon="-16.682269">
        <ele>345.2</ele>
      </trkpt>
      <trkpt lat="28.07832" lon="-16.68211">
        <ele>345.2</ele>
      </trkpt>
      <trkpt lat="28.07828" lon="-16.68204">
        <ele>345.0</ele>
      </trkpt>
      <trkpt lat="28.07823" lon="-16.68197">
        <ele>344.7</ele>
      </trkpt>
      <trkpt lat="28.07821" lon="-16.681909">
        <ele>344.7</ele>
      </trkpt>
      <trkpt lat="28.07818" lon="-16.68184">
        <ele>344.8</ele>
      </trkpt>
      <trkpt lat="28.07816" lon="-16.68176">
        <ele>345.0</ele>
      </trkpt>
      <trkpt lat="28.07816" lon="-16.68174">
        <ele>345.1</ele>
      </trkpt>
      <trkpt lat="28.07815" lon="-16.68168">
        <ele>345.4</ele>
      </trkpt>
      <trkpt lat="28.07815" lon="-16.68159">
        <ele>345.5</ele>
      </trkpt>
      <trkpt lat="28.07815" lon="-16.681519">
        <ele>345.5</ele>
      </trkpt>
      <trkpt lat="28.078153" lon="-16.681504">
        <ele>345.5</ele>
      </trkpt>
      <trkpt lat="28.07817" lon="-16.6814">
        <ele>345.7</ele>
      </trkpt>
      <trkpt lat="28.07816" lon="-16.6814">
        <ele>345.6</ele>
      </trkpt>
      <trkpt lat="28.07816" lon="-16.68139">
        <ele>345.6</ele>
      </trkpt>
      <trkpt lat="28.07815" lon="-16.68139">
        <ele>345.5</ele>
      </trkpt>
      <trkpt lat="28.07815" lon="-16.68138">
        <ele>345.5</ele>
      </trkpt>
      <trkpt lat="28.07814" lon="-16.68137">
        <ele>345.5</ele>
      </trkpt>
      <trkpt lat="28.07813" lon="-16.68136">
        <ele>345.4</ele>
      </trkpt>
      <trkpt lat="28.07813" lon="-16.681349">
        <ele>345.4</ele>
      </trkpt>
      <trkpt lat="28.07813" lon="-16.681339">
        <ele>345.4</ele>
      </trkpt>
      <trkpt lat="28.07812" lon="-16.68133">
        <ele>345.3</ele>
      </trkpt>
      <trkpt lat="28.07812" lon="-16.68132">
        <ele>345.3</ele>
      </trkpt>
      <trkpt lat="28.07812" lon="-16.68131">
        <ele>345.3</ele>
      </trkpt>
      <trkpt lat="28.07812" lon="-16.6813">
        <ele>345.3</ele>
      </trkpt>
      <trkpt lat="28.07812" lon="-16.68129">
        <ele>345.3</ele>
      </trkpt>
      <trkpt lat="28.07812" lon="-16.68128">
        <ele>345.3</ele>
      </trkpt>
      <trkpt lat="28.07812" lon="-16.68127">
        <ele>345.3</ele>
      </trkpt>
      <trkpt lat="28.07812" lon="-16.68126">
        <ele>345.3</ele>
      </trkpt>
      <trkpt lat="28.07813" lon="-16.681249">
        <ele>345.4</ele>
      </trkpt>
      <trkpt lat="28.07813" lon="-16.681239">
        <ele>345.4</ele>
      </trkpt>
      <trkpt lat="28.07813" lon="-16.68123">
        <ele>345.4</ele>
      </trkpt>
      <trkpt lat="28.07814" lon="-16.68122">
        <ele>345.5</ele>
      </trkpt>
      <trkpt lat="28.07814" lon="-16.68121">
        <ele>345.5</ele>
      </trkpt>
      <trkpt lat="28.07815" lon="-16.68121">
        <ele>345.6</ele>
      </trkpt>
      <trkpt lat="28.07815" lon="-16.6812">
        <ele>345.6</ele>
      </trkpt>
      <trkpt lat="28.07816" lon="-16.68119">
        <ele>345.7</ele>
      </trkpt>
      <trkpt lat="28.07817" lon="-16.68118">
        <ele>345.7</ele>
      </trkpt>
      <trkpt lat="28.07818" lon="-16.68117">
        <ele>345.8</ele>
      </trkpt>
      <trkpt lat="28.07819" lon="-16.68117">
        <ele>345.9</ele>
      </trkpt>
      <trkpt lat="28.0782" lon="-16.68117">
        <ele>346.0</ele>
      </trkpt>
      <trkpt lat="28.0782" lon="-16.681159">
        <ele>346.0</ele>
      </trkpt>
      <trkpt lat="28.07821" lon="-16.681159">
        <ele>346.1</ele>
      </trkpt>
      <trkpt lat="28.07822" lon="-16.681159">
        <ele>346.1</ele>
      </trkpt>
      <trkpt lat="28.07823" lon="-16.681159">
        <ele>346.2</ele>
      </trkpt>
      <trkpt lat="28.07824" lon="-16.681159">
        <ele>346.3</ele>
      </trkpt>
      <trkpt lat="28.07826" lon="-16.681159">
        <ele>346.4</ele>
      </trkpt>
      <trkpt lat="28.07827" lon="-16.681159">
        <ele>346.5</ele>
      </trkpt>
      <trkpt lat="28.07828" lon="-16.68117">
        <ele>346.6</ele>
      </trkpt>
      <trkpt lat="28.07829" lon="-16.68117">
        <ele>346.7</ele>
      </trkpt>
      <trkpt lat="28.0783" lon="-16.68117">
        <ele>346.7</ele>
      </trkpt>
      <trkpt lat="28.07837" lon="-16.68108">
        <ele>347.3</ele>
      </trkpt>
      <trkpt lat="28.07843" lon="-16.681">
        <ele>347.8</ele>
      </trkpt>
      <trkpt lat="28.07849" lon="-16.68092">
        <ele>348.3</ele>
      </trkpt>
      <trkpt lat="28.07866" lon="-16.68066">
        <ele>349.1</ele>
      </trkpt>
      <trkpt lat="28.0788" lon="-16.68047">
        <ele>349.7</ele>
      </trkpt>
      <trkpt lat="28.07901" lon="-16.68017">
        <ele>350.8</ele>
      </trkpt>
      <trkpt lat="28.07908" lon="-16.68008">
        <ele>351.3</ele>
      </trkpt>
      <trkpt lat="28.07918" lon="-16.67991">
        <ele>350.5</ele>
      </trkpt>
      <trkpt lat="28.079192" lon="-16.679889">
        <ele>350.2</ele>
      </trkpt>
      <trkpt lat="28.07923" lon="-16.67982">
        <ele>349.5</ele>
      </trkpt>
      <trkpt lat="28.07922" lon="-16.67981">
        <ele>349.2</ele>
      </trkpt>
      <trkpt lat="28.07922" lon="-16.67979">
        <ele>348.8</ele>
      </trkpt>
      <trkpt lat="28.07921" lon="-16.67977">
        <ele>348.3</ele>
      </trkpt>
      <trkpt lat="28.07921" lon="-16.679749">
        <ele>348.0</ele>
      </trkpt>
      <trkpt lat="28.07922" lon="-16.67973">
        <ele>347.8</ele>
      </trkpt>
      <trkpt lat="28.07922" lon="-16.67971">
        <ele>347.4</ele>
      </trkpt>
      <trkpt lat="28.07923" lon="-16.67969">
        <ele>347.2</ele>
      </trkpt>
      <trkpt lat="28.07925" lon="-16.67967">
        <ele>347.3</ele>
      </trkpt>
      <trkpt lat="28.07926" lon="-16.679659">
        <ele>347.3</ele>
      </trkpt>
      <trkpt lat="28.07928" lon="-16.679649">
        <ele>347.5</ele>
      </trkpt>
      <trkpt lat="28.0793" lon="-16.67964">
        <ele>347.7</ele>
      </trkpt>
      <trkpt lat="28.07932" lon="-16.67964">
        <ele>348.1</ele>
      </trkpt>
      <trkpt lat="28.07933" lon="-16.67964">
        <ele>348.3</ele>
      </trkpt>
      <trkpt lat="28.07935" lon="-16.679649">
        <ele>348.9</ele>
      </trkpt>
      <trkpt lat="28.0794" lon="-16.67961">
        <ele>349.3</ele>
      </trkpt>
      <trkpt lat="28.07945" lon="-16.679559">
        <ele>349.6</ele>
      </trkpt>
      <trkpt lat="28.0795" lon="-16.67951">
        <ele>350.1</ele>
      </trkpt>
      <trkpt lat="28.07964" lon="-16.67931">
        <ele>351.5</ele>
      </trkpt>
      <trkpt lat="28.07981" lon="-16.67906">
        <ele>352.9</ele>
      </trkpt>
      <trkpt lat="28.07993" lon="-16.678899">
        <ele>352.7</ele>
      </trkpt>
      <trkpt lat="28.07996" lon="-16.67886">
        <ele>352.6</ele>
      </trkpt>
      <trkpt lat="28.08" lon="-16.67879">
        <ele>352.0</ele>
      </trkpt>
      <trkpt lat="28.08005" lon="-16.67873">
        <ele>351.3</ele>
      </trkpt>
      <trkpt lat="28.08008" lon="-16.67869">
        <ele>350.9</ele>
      </trkpt>
      <trkpt lat="28.08032" lon="-16.67837">
        <ele>347.9</ele>
      </trkpt>
      <trkpt lat="28.08039" lon="-16.67832">
        <ele>348.2</ele>
      </trkpt>
      <trkpt lat="28.08047" lon="-16.67827">
        <ele>348.7</ele>
      </trkpt>
      <trkpt lat="28.08057" lon="-16.678239">
        <ele>349.8</ele>
      </trkpt>
      <trkpt lat="28.08062" lon="-16.67823">
        <ele>350.5</ele>
      </trkpt>
      <trkpt lat="28.08065" lon="-16.67822">
        <ele>350.8</ele>
      </trkpt>
      <trkpt lat="28.08067" lon="-16.67822">
        <ele>351.2</ele>
      </trkpt>
      <trkpt lat="28.08074" lon="-16.67822">
        <ele>352.5</ele>
      </trkpt>
      <trkpt lat="28.0809" lon="-16.67823">
        <ele>355.0</ele>
      </trkpt>
      <trkpt lat="28.08098" lon="-16.678239">
        <ele>355.9</ele>
      </trkpt>
      <trkpt lat="28.08117" lon="-16.678249">
        <ele>357.7</ele>
      </trkpt>
      <trkpt lat="28.08119" lon="-16.678249">
        <ele>357.9</ele>
      </trkpt>
      <trkpt lat="28.08129" lon="-16.67826">
        <ele>359.0</ele>
      </trkpt>
      <trkpt lat="28.08134" lon="-16.67826">
        <ele>359.4</ele>
      </trkpt>
      <trkpt lat="28.08137" lon="-16.678249">
        <ele>359.4</ele>
      </trkpt>
      <trkpt lat="28.08141" lon="-16.678249">
        <ele>359.7</ele>
      </trkpt>
      <trkpt lat="28.08153" lon="-16.67822">
        <ele>360.0</ele>
      </trkpt>
      <trkpt lat="28.08154" lon="-16.67822">
        <ele>360.1</ele>
      </trkpt>
      <trkpt lat="28.0816" lon="-16.6782">
        <ele>360.1</ele>
      </trkpt>
      <trkpt lat="28.08165" lon="-16.67818">
        <ele>360.0</ele>
      </trkpt>
      <trkpt lat="28.0817" lon="-16.678159">
        <ele>360.0</ele>
      </trkpt>
      <trkpt lat="28.08181" lon="-16.67811">
        <ele>359.8</ele>
      </trkpt>
      <trkpt lat="28.0819" lon="-16.678059">
        <ele>359.5</ele>
      </trkpt>
      <trkpt lat="28.08198" lon="-16.67802">
        <ele>359.4</ele>
      </trkpt>
      <trkpt lat="28.08202" lon="-16.67799">
        <ele>359.2</ele>
      </trkpt>
      <trkpt lat="28.08204" lon="-16.677969">
        <ele>359.0</ele>
      </trkpt>
      <trkpt lat="28.08206" lon="-16.67795">
        <ele>358.7</ele>
      </trkpt>
      <trkpt lat="28.08209" lon="-16.67792">
        <ele>358.4</ele>
      </trkpt>
      <trkpt lat="28.08212" lon="-16.677879">
        <ele>357.9</ele>
      </trkpt>
      <trkpt lat="28.08215" lon="-16.67784">
        <ele>357.3</ele>
      </trkpt>
      <trkpt lat="28.08216" lon="-16.67783">
        <ele>357.2</ele>
      </trkpt>
      <trkpt lat="28.08217" lon="-16.67781">
        <ele>356.9</ele>
      </trkpt>
      <trkpt lat="28.08221" lon="-16.67772">
        <ele>355.5</ele>
      </trkpt>
      <trkpt lat="28.08223" lon="-16.67764">
        <ele>354.1</ele>
      </trkpt>
      <trkpt lat="28.08228" lon="-16.67751">
        <ele>352.0</ele>
      </trkpt>
      <trkpt lat="28.08229" lon="-16.677489">
        <ele>351.9</ele>
      </trkpt>
      <trkpt lat="28.08231" lon="-16.67743">
        <ele>352.0</ele>
      </trkpt>
      <trkpt lat="28.08233" lon="-16.677389">
        <ele>352.1</ele>
      </trkpt>
      <trkpt lat="28.08238" lon="-16.67727">
        <ele>352.4</ele>
      </trkpt>
      <trkpt lat="28.0824" lon="-16.6772">
        <ele>352.5</ele>
      </trkpt>
      <trkpt lat="28.08242" lon="-16.67716">
        <ele>352.8</ele>
      </trkpt>
      <trkpt lat="28.08244" lon="-16.677109">
        <ele>353.0</ele>
      </trkpt>
      <trkpt lat="28.08245" lon="-16.67708">
        <ele>353.1</ele>
      </trkpt>
      <trkpt lat="28.08252" lon="-16.67689">
        <ele>353.9</ele>
      </trkpt>
      <trkpt lat="28.08254" lon="-16.676829">
        <ele>354.1</ele>
      </trkpt>
      <trkpt lat="28.08258" lon="-16.676739">
        <ele>354.5</ele>
      </trkpt>
      <trkpt lat="28.08259" lon="-16.67671">
        <ele>354.5</ele>
      </trkpt>
      <trkpt lat="28.0826" lon="-16.67669">
        <ele>354.6</ele>
      </trkpt>
      <trkpt lat="28.08263" lon="-16.676649">
        <ele>354.7</ele>
      </trkpt>
      <trkpt lat="28.08265" lon="-16.67661">
        <ele>354.3</ele>
      </trkpt>
      <trkpt lat="28.08269" lon="-16.676559">
        <ele>354.0</ele>
      </trkpt>
      <trkpt lat="28.0827" lon="-16.67654">
        <ele>353.8</ele>
      </trkpt>
      <trkpt lat="28.08271" lon="-16.67653">
        <ele>353.8</ele>
      </trkpt>
      <trkpt lat="28.08273" lon="-16.67651">
        <ele>353.8</ele>
      </trkpt>
      <trkpt lat="28.08277" lon="-16.67648">
        <ele>353.9</ele>
      </trkpt>
      <trkpt lat="28.08279" lon="-16.676469">
        <ele>354.1</ele>
      </trkpt>
      <trkpt lat="28.08284" lon="-16.67644">
        <ele>354.5</ele>
      </trkpt>
      <trkpt lat="28.08285" lon="-16.67644">
        <ele>354.6</ele>
      </trkpt>
      <trkpt lat="28.08292" lon="-16.67642">
        <ele>355.6</ele>
      </trkpt>
      <trkpt lat="28.08298" lon="-16.67641">
        <ele>356.5</ele>
      </trkpt>
      <trkpt lat="28.08312" lon="-16.67639">
        <ele>358.8</ele>
      </trkpt>
      <trkpt lat="28.08321" lon="-16.67638">
        <ele>360.3</ele>
      </trkpt>
      <trkpt lat="28.08324" lon="-16.67638">
        <ele>360.8</ele>
      </trkpt>
      <trkpt lat="28.08336" lon="-16.67634">
        <ele>363.2</ele>
      </trkpt>
      <trkpt lat="28.08339" lon="-16.67633">
        <ele>364.4</ele>
      </trkpt>
      <trkpt lat="28.08343" lon="-16.67631">
        <ele>365.9</ele>
      </trkpt>
      <trkpt lat="28.08346" lon="-16.67629">
        <ele>367.0</ele>
      </trkpt>
      <trkpt lat="28.08349" lon="-16.676269">
        <ele>368.1</ele>
      </trkpt>
      <trkpt lat="28.08355" lon="-16.676179">
        <ele>369.9</ele>
      </trkpt>
      <trkpt lat="28.08356" lon="-16.67616">
        <ele>370.1</ele>
      </trkpt>
      <trkpt lat="28.08358" lon="-16.67614">
        <ele>370.8</ele>
      </trkpt>
      <trkpt lat="28.08359" lon="-16.676079">
        <ele>370.8</ele>
      </trkpt>
      <trkpt lat="28.0836" lon="-16.675909">
        <ele>369.8</ele>
      </trkpt>
      <trkpt lat="28.0836" lon="-16.67583">
        <ele>369.1</ele>
      </trkpt>
      <trkpt lat="28.08359" lon="-16.67573">
        <ele>368.3</ele>
      </trkpt>
      <trkpt lat="28.0836" lon="-16.67563">
        <ele>368.4</ele>
      </trkpt>
      <trkpt lat="28.08361" lon="-16.67557">
        <ele>368.7</ele>
      </trkpt>
      <trkpt lat="28.08361" lon="-16.675419">
        <ele>368.1</ele>
      </trkpt>
      <trkpt lat="28.08362" lon="-16.675249">
        <ele>368.0</ele>
      </trkpt>
      <trkpt lat="28.08362" lon="-16.67476">
        <ele>366.7</ele>
      </trkpt>
      <trkpt lat="28.08363" lon="-16.67461">
        <ele>367.0</ele>
      </trkpt>
      <trkpt lat="28.08364" lon="-16.67446">
        <ele>367.2</ele>
      </trkpt>
      <trkpt lat="28.08364" lon="-16.67444">
        <ele>367.1</ele>
      </trkpt>
      <trkpt lat="28.08365" lon="-16.67441">
        <ele>367.6</ele>
      </trkpt>
      <trkpt lat="28.08366" lon="-16.674199">
        <ele>367.6</ele>
      </trkpt>
      <trkpt lat="28.08367" lon="-16.674109">
        <ele>367.7</ele>
      </trkpt>
      <trkpt lat="28.08368" lon="-16.674">
        <ele>367.5</ele>
      </trkpt>
      <trkpt lat="28.08381" lon="-16.6732">
        <ele>369.6</ele>
      </trkpt>
      <trkpt lat="28.08384" lon="-16.672999">
        <ele>369.6</ele>
      </trkpt>
      <trkpt lat="28.08387" lon="-16.67275">
        <ele>369.1</ele>
      </trkpt>
      <trkpt lat="28.0839" lon="-16.67263">
        <ele>369.4</ele>
      </trkpt>
      <trkpt lat="28.08397" lon="-16.67246">
        <ele>370.7</ele>
      </trkpt>
      <trkpt lat="28.08397" lon="-16.67244">
        <ele>370.4</ele>
      </trkpt>
      <trkpt lat="28.08399" lon="-16.672419">
        <ele>370.9</ele>
      </trkpt>
      <trkpt lat="28.0842" lon="-16.672049">
        <ele>372.8</ele>
      </trkpt>
      <trkpt lat="28.08445" lon="-16.67154">
        <ele>373.9</ele>
      </trkpt>
      <trkpt lat="28.08477" lon="-16.67089">
        <ele>373.5</ele>
      </trkpt>
      <trkpt lat="28.08496" lon="-16.67052">
        <ele>375.6</ele>
      </trkpt>
      <trkpt lat="28.08505" lon="-16.670359">
        <ele>376.9</ele>
      </trkpt>
      <trkpt lat="28.08534" lon="-16.66978">
        <ele>379.6</ele>
      </trkpt>
      <trkpt lat="28.08539" lon="-16.66969">
        <ele>380.1</ele>
      </trkpt>
      <trkpt lat="28.08547" lon="-16.66954">
        <ele>381.0</ele>
      </trkpt>
      <trkpt lat="28.08547" lon="-16.669519">
        <ele>380.9</ele>
      </trkpt>
      <trkpt lat="28.0855" lon="-16.66947">
        <ele>381.3</ele>
      </trkpt>
      <trkpt lat="28.08551" lon="-16.669419">
        <ele>381.3</ele>
      </trkpt>
      <trkpt lat="28.08554" lon="-16.669319">
        <ele>381.5</ele>
      </trkpt>
      <trkpt lat="28.08558" lon="-16.66917">
        <ele>381.8</ele>
      </trkpt>
      <trkpt lat="28.08561" lon="-16.66906">
        <ele>382.2</ele>
      </trkpt>
      <trkpt lat="28.08564" lon="-16.66894">
        <ele>382.5</ele>
      </trkpt>
      <trkpt lat="28.08564" lon="-16.66892">
        <ele>382.5</ele>
      </trkpt>
      <trkpt lat="28.08569" lon="-16.66869">
        <ele>383.1</ele>
      </trkpt>
      <trkpt lat="28.08573" lon="-16.66854">
        <ele>383.6</ele>
      </trkpt>
      <trkpt lat="28.08578" lon="-16.66833">
        <ele>384.2</ele>
      </trkpt>
      <trkpt lat="28.08582" lon="-16.66814">
        <ele>384.6</ele>
      </trkpt>
      <trkpt lat="28.08601" lon="-16.66734">
        <ele>386.7</ele>
      </trkpt>
      <trkpt lat="28.0861" lon="-16.66696">
        <ele>387.5</ele>
      </trkpt>
      <trkpt lat="28.08614" lon="-16.66676">
        <ele>387.8</ele>
      </trkpt>
      <trkpt lat="28.08619" lon="-16.66656">
        <ele>388.2</ele>
      </trkpt>
      <trkpt lat="28.08631" lon="-16.66603">
        <ele>387.7</ele>
      </trkpt>
      <trkpt lat="28.08631" lon="-16.66601">
        <ele>387.6</ele>
      </trkpt>
      <trkpt lat="28.08636" lon="-16.66581">
        <ele>387.5</ele>
      </trkpt>
      <trkpt lat="28.0864" lon="-16.66561">
        <ele>387.9</ele>
      </trkpt>
      <trkpt lat="28.08656" lon="-16.664929">
        <ele>389.3</ele>
      </trkpt>
      <trkpt lat="28.08658" lon="-16.664819">
        <ele>389.3</ele>
      </trkpt>
      <trkpt lat="28.08669" lon="-16.6644">
        <ele>389.8</ele>
      </trkpt>
      <trkpt lat="28.086745" lon="-16.664242">
        <ele>390.0</ele>
      </trkpt>
      <trkpt lat="28.08675" lon="-16.66423">
        <ele>390.0</ele>
      </trkpt>
      <trkpt lat="28.08676" lon="-16.66422">
        <ele>390.0</ele>
      </trkpt>
      <trkpt lat="28.08677" lon="-16.66413">
        <ele>389.8</ele>
      </trkpt>
      <trkpt lat="28.08687" lon="-16.663889">
        <ele>389.6</ele>
      </trkpt>
      <trkpt lat="28.08686" lon="-16.663879">
        <ele>389.5</ele>
      </trkpt>
      <trkpt lat="28.08685" lon="-16.66387">
        <ele>389.3</ele>
      </trkpt>
      <trkpt lat="28.08685" lon="-16.66386">
        <ele>389.3</ele>
      </trkpt>
      <trkpt lat="28.08685" lon="-16.66385">
        <ele>389.2</ele>
      </trkpt>
      <trkpt lat="28.08684" lon="-16.66384">
        <ele>389.1</ele>
      </trkpt>
      <trkpt lat="28.08684" lon="-16.66383">
        <ele>389.0</ele>
      </trkpt>
      <trkpt lat="28.08684" lon="-16.66382">
        <ele>389.0</ele>
      </trkpt>
      <trkpt lat="28.08684" lon="-16.66381">
        <ele>389.0</ele>
      </trkpt>
      <trkpt lat="28.08684" lon="-16.663799">
        <ele>388.9</ele>
      </trkpt>
      <trkpt lat="28.08684" lon="-16.663789">
        <ele>388.9</ele>
      </trkpt>
      <trkpt lat="28.08684" lon="-16.66378">
        <ele>388.8</ele>
      </trkpt>
      <trkpt lat="28.08684" lon="-16.66377">
        <ele>388.8</ele>
      </trkpt>
      <trkpt lat="28.08685" lon="-16.66376">
        <ele>388.8</ele>
      </trkpt>
      <trkpt lat="28.08685" lon="-16.66375">
        <ele>388.8</ele>
      </trkpt>
      <trkpt lat="28.08685" lon="-16.66374">
        <ele>388.7</ele>
      </trkpt>
      <trkpt lat="28.08686" lon="-16.66373">
        <ele>388.8</ele>
      </trkpt>
      <trkpt lat="28.08686" lon="-16.66372">
        <ele>388.7</ele>
      </trkpt>
      <trkpt lat="28.08686" lon="-16.663709">
        <ele>388.7</ele>
      </trkpt>
      <trkpt lat="28.08687" lon="-16.663699">
        <ele>388.7</ele>
      </trkpt>
      <trkpt lat="28.08688" lon="-16.663689">
        <ele>388.8</ele>
      </trkpt>
      <trkpt lat="28.08689" lon="-16.66368">
        <ele>388.8</ele>
      </trkpt>
      <trkpt lat="28.0869" lon="-16.66367">
        <ele>388.9</ele>
      </trkpt>
      <trkpt lat="28.08691" lon="-16.66366">
        <ele>388.9</ele>
      </trkpt>
      <trkpt lat="28.08692" lon="-16.66366">
        <ele>389.0</ele>
      </trkpt>
      <trkpt lat="28.08693" lon="-16.66365">
        <ele>389.0</ele>
      </trkpt>
      <trkpt lat="28.08694" lon="-16.66365">
        <ele>389.1</ele>
      </trkpt>
      <trkpt lat="28.08695" lon="-16.66365">
        <ele>389.2</ele>
      </trkpt>
      <trkpt lat="28.08696" lon="-16.66365">
        <ele>389.3</ele>
      </trkpt>
      <trkpt lat="28.08697" lon="-16.66365">
        <ele>389.4</ele>
      </trkpt>
      <trkpt lat="28.08698" lon="-16.66364">
        <ele>389.5</ele>
      </trkpt>
      <trkpt lat="28.08699" lon="-16.66364">
        <ele>389.6</ele>
      </trkpt>
      <trkpt lat="28.087" lon="-16.66364">
        <ele>389.7</ele>
      </trkpt>
      <trkpt lat="28.08701" lon="-16.66365">
        <ele>389.8</ele>
      </trkpt>
      <trkpt lat="28.08702" lon="-16.66365">
        <ele>389.9</ele>
      </trkpt>
      <trkpt lat="28.08703" lon="-16.66365">
        <ele>390.0</ele>
      </trkpt>
      <trkpt lat="28.08704" lon="-16.66365">
        <ele>390.1</ele>
      </trkpt>
      <trkpt lat="28.08704" lon="-16.66366">
        <ele>390.2</ele>
      </trkpt>
      <trkpt lat="28.08705" lon="-16.66366">
        <ele>390.2</ele>
      </trkpt>
      <trkpt lat="28.08706" lon="-16.66367">
        <ele>390.4</ele>
      </trkpt>
      <trkpt lat="28.08707" lon="-16.66367">
        <ele>390.5</ele>
      </trkpt>
      <trkpt lat="28.08708" lon="-16.66368">
        <ele>390.6</ele>
      </trkpt>
      <trkpt lat="28.08726" lon="-16.66365">
        <ele>392.2</ele>
      </trkpt>
      <trkpt lat="28.087326" lon="-16.663643">
        <ele>392.8</ele>
      </trkpt>
      <trkpt lat="28.08735" lon="-16.66364">
        <ele>393.0</ele>
      </trkpt>
      <trkpt lat="28.08748" lon="-16.663609">
        <ele>394.1</ele>
      </trkpt>
      <trkpt lat="28.0875" lon="-16.663599">
        <ele>394.3</ele>
      </trkpt>
      <trkpt lat="28.08752" lon="-16.66359">
        <ele>394.3</ele>
      </trkpt>
      <trkpt lat="28.08756" lon="-16.66358">
        <ele>394.5</ele>
      </trkpt>
      <trkpt lat="28.08785" lon="-16.66348">
        <ele>395.5</ele>
      </trkpt>
      <trkpt lat="28.08792" lon="-16.66346">
        <ele>395.7</ele>
      </trkpt>
      <trkpt lat="28.08801" lon="-16.66343">
        <ele>396.0</ele>
      </trkpt>
      <trkpt lat="28.08819" lon="-16.66337">
        <ele>396.5</ele>
      </trkpt>
      <trkpt lat="28.0882" lon="-16.66336">
        <ele>396.5</ele>
      </trkpt>
      <trkpt lat="28.0884" lon="-16.66328">
        <ele>397.3</ele>
      </trkpt>
      <trkpt lat="28.08848" lon="-16.663229">
        <ele>397.7</ele>
      </trkpt>
      <trkpt lat="28.08852" lon="-16.6632">
        <ele>397.9</ele>
      </trkpt>
      <trkpt lat="28.08859" lon="-16.66315">
        <ele>398.3</ele>
      </trkpt>
      <trkpt lat="28.0886" lon="-16.663139">
        <ele>398.4</ele>
      </trkpt>
      <trkpt lat="28.08863" lon="-16.6631">
        <ele>398.5</ele>
      </trkpt>
      <trkpt lat="28.0887" lon="-16.66301">
        <ele>398.7</ele>
      </trkpt>
      <trkpt lat="28.08875" lon="-16.6629">
        <ele>398.7</ele>
      </trkpt>
      <trkpt lat="28.08877" lon="-16.662849">
        <ele>398.6</ele>
      </trkpt>
      <trkpt lat="28.08882" lon="-16.66273">
        <ele>398.6</ele>
      </trkpt>
      <trkpt lat="28.08883" lon="-16.66271">
        <ele>398.6</ele>
      </trkpt>
      <trkpt lat="28.08904" lon="-16.66214">
        <ele>399.8</ele>
      </trkpt>
      <trkpt lat="28.08927" lon="-16.661539">
        <ele>400.6</ele>
      </trkpt>
      <trkpt lat="28.08931" lon="-16.661449">
        <ele>400.2</ele>
      </trkpt>
      <trkpt lat="28.0894" lon="-16.6613">
        <ele>399.7</ele>
      </trkpt>
      <trkpt lat="28.08957" lon="-16.661079">
        <ele>399.4</ele>
      </trkpt>
      <trkpt lat="28.08962" lon="-16.66102">
        <ele>399.4</ele>
      </trkpt>
      <trkpt lat="28.08987" lon="-16.66071">
        <ele>399.6</ele>
      </trkpt>
      <trkpt lat="28.08988" lon="-16.660699">
        <ele>399.7</ele>
      </trkpt>
      <trkpt lat="28.09" lon="-16.66055">
        <ele>400.3</ele>
      </trkpt>
      <trkpt lat="28.09014" lon="-16.66037">
        <ele>400.6</ele>
      </trkpt>
      <trkpt lat="28.09024" lon="-16.66026">
        <ele>400.8</ele>
      </trkpt>
      <trkpt lat="28.09087" lon="-16.65945">
        <ele>400.6</ele>
      </trkpt>
      <trkpt lat="28.09091" lon="-16.6594">
        <ele>400.6</ele>
      </trkpt>
      <trkpt lat="28.09109" lon="-16.65917">
        <ele>400.9</ele>
      </trkpt>
      <trkpt lat="28.09117" lon="-16.65907">
        <ele>401.4</ele>
      </trkpt>
      <trkpt lat="28.09123" lon="-16.65899">
        <ele>401.8</ele>
      </trkpt>
      <trkpt lat="28.09129" lon="-16.6589">
        <ele>402.1</ele>
      </trkpt>
      <trkpt lat="28.09131" lon="-16.65887">
        <ele>402.2</ele>
      </trkpt>
      <trkpt lat="28.09134" lon="-16.65884">
        <ele>402.4</ele>
      </trkpt>
      <trkpt lat="28.09136" lon="-16.658809">
        <ele>402.5</ele>
      </trkpt>
      <trkpt lat="28.09139" lon="-16.65877">
        <ele>402.7</ele>
      </trkpt>
      <trkpt lat="28.09141" lon="-16.6587">
        <ele>402.8</ele>
      </trkpt>
      <trkpt lat="28.09144" lon="-16.65861">
        <ele>402.9</ele>
      </trkpt>
      <trkpt lat="28.09147" lon="-16.65848">
        <ele>403.4</ele>
      </trkpt>
      <trkpt lat="28.09151" lon="-16.65832">
        <ele>404.2</ele>
      </trkpt>
      <trkpt lat="28.09153" lon="-16.65823">
        <ele>404.6</ele>
      </trkpt>
      <trkpt lat="28.09154" lon="-16.65812">
        <ele>405.0</ele>
      </trkpt>
      <trkpt lat="28.09155" lon="-16.658059">
        <ele>405.3</ele>
      </trkpt>
      <trkpt lat="28.09155" lon="-16.65804">
        <ele>405.4</ele>
      </trkpt>
      <trkpt lat="28.09155" lon="-16.657969">
        <ele>405.7</ele>
      </trkpt>
      <trkpt lat="28.09155" lon="-16.65791">
        <ele>406.0</ele>
      </trkpt>
      <trkpt lat="28.09154" lon="-16.65786">
        <ele>406.3</ele>
      </trkpt>
      <trkpt lat="28.09153" lon="-16.65785">
        <ele>406.3</ele>
      </trkpt>
      <trkpt lat="28.09151" lon="-16.65776">
        <ele>406.8</ele>
      </trkpt>
      <trkpt lat="28.09148" lon="-16.657689">
        <ele>407.1</ele>
      </trkpt>
      <trkpt lat="28.09147" lon="-16.65767">
        <ele>407.2</ele>
      </trkpt>
      <trkpt lat="28.09142" lon="-16.65758">
        <ele>407.6</ele>
      </trkpt>
      <trkpt lat="28.09135" lon="-16.65746">
        <ele>408.1</ele>
      </trkpt>
      <trkpt lat="28.09129" lon="-16.65734">
        <ele>408.5</ele>
      </trkpt>
      <trkpt lat="28.09128" lon="-16.65733">
        <ele>408.5</ele>
      </trkpt>
      <trkpt lat="28.09117" lon="-16.657139">
        <ele>409.0</ele>
      </trkpt>
      <trkpt lat="28.09113" lon="-16.65707">
        <ele>409.2</ele>
      </trkpt>
      <trkpt lat="28.09105" lon="-16.6569">
        <ele>409.5</ele>
      </trkpt>
      <trkpt lat="28.09101" lon="-16.65681">
        <ele>409.6</ele>
      </trkpt>
      <trkpt lat="28.09099" lon="-16.656759">
        <ele>409.7</ele>
      </trkpt>
      <trkpt lat="28.09097" lon="-16.656649">
        <ele>410.0</ele>
      </trkpt>
      <trkpt lat="28.09096" lon="-16.65658">
        <ele>410.0</ele>
      </trkpt>
      <trkpt lat="28.09095" lon="-16.6565">
        <ele>410.0</ele>
      </trkpt>
      <trkpt lat="28.09096" lon="-16.65636">
        <ele>410.2</ele>
      </trkpt>
      <trkpt lat="28.09096" lon="-16.65625">
        <ele>410.3</ele>
      </trkpt>
      <trkpt lat="28.09098" lon="-16.65612">
        <ele>410.5</ele>
      </trkpt>
      <trkpt lat="28.09098" lon="-16.65608">
        <ele>410.5</ele>
      </trkpt>
      <trkpt lat="28.09099" lon="-16.655909">
        <ele>410.7</ele>
      </trkpt>
      <trkpt lat="28.09103" lon="-16.65558">
        <ele>410.9</ele>
      </trkpt>
      <trkpt lat="28.09107" lon="-16.6552">
        <ele>411.2</ele>
      </trkpt>
      <trkpt lat="28.09109" lon="-16.65501">
        <ele>411.5</ele>
      </trkpt>
      <trkpt lat="28.09115" lon="-16.65438">
        <ele>413.4</ele>
      </trkpt>
      <trkpt lat="28.09117" lon="-16.65417">
        <ele>414.0</ele>
      </trkpt>
      <trkpt lat="28.09118" lon="-16.65407">
        <ele>414.3</ele>
      </trkpt>
      <trkpt lat="28.09119" lon="-16.65396">
        <ele>414.6</ele>
      </trkpt>
      <trkpt lat="28.09123" lon="-16.653559">
        <ele>415.8</ele>
      </trkpt>
      <trkpt lat="28.09123" lon="-16.65354">
        <ele>415.9</ele>
      </trkpt>
      <trkpt lat="28.09123" lon="-16.653559">
        <ele>415.8</ele>
      </trkpt>
      <trkpt lat="28.09125" lon="-16.65341">
        <ele>416.3</ele>
      </trkpt>
      <trkpt lat="28.0913" lon="-16.65289">
        <ele>418.2</ele>
      </trkpt>
      <trkpt lat="28.09135" lon="-16.65252">
        <ele>419.7</ele>
      </trkpt>
      <trkpt lat="28.09136" lon="-16.65249">
        <ele>419.8</ele>
      </trkpt>
      <trkpt lat="28.09141" lon="-16.65231">
        <ele>419.9</ele>
      </trkpt>
      <trkpt lat="28.09141" lon="-16.65229">
        <ele>419.8</ele>
      </trkpt>
      <trkpt lat="28.09147" lon="-16.652149">
        <ele>420.1</ele>
      </trkpt>
      <trkpt lat="28.09149" lon="-16.65211">
        <ele>420.2</ele>
      </trkpt>
      <trkpt lat="28.09158" lon="-16.65193">
        <ele>420.6</ele>
      </trkpt>
      <trkpt lat="28.09168" lon="-16.65176">
        <ele>421.2</ele>
      </trkpt>
      <trkpt lat="28.09173" lon="-16.65165">
        <ele>421.3</ele>
      </trkpt>
      <trkpt lat="28.09191" lon="-16.6513">
        <ele>421.9</ele>
      </trkpt>
      <trkpt lat="28.092" lon="-16.651119">
        <ele>422.2</ele>
      </trkpt>
      <trkpt lat="28.09208" lon="-16.650939">
        <ele>422.5</ele>
      </trkpt>
      <trkpt lat="28.0921" lon="-16.65091">
        <ele>422.6</ele>
      </trkpt>
      <trkpt lat="28.09214" lon="-16.65079">
        <ele>422.8</ele>
      </trkpt>
      <trkpt lat="28.09217" lon="-16.65068">
        <ele>422.7</ele>
      </trkpt>
      <trkpt lat="28.09218" lon="-16.65058">
        <ele>422.6</ele>
      </trkpt>
      <trkpt lat="28.09219" lon="-16.65048">
        <ele>422.4</ele>
      </trkpt>
      <trkpt lat="28.09217" lon="-16.65031">
        <ele>422.0</ele>
      </trkpt>
      <trkpt lat="28.09215" lon="-16.65016">
        <ele>421.7</ele>
      </trkpt>
      <trkpt lat="28.09213" lon="-16.65006">
        <ele>421.5</ele>
      </trkpt>
      <trkpt lat="28.09209" lon="-16.64996">
        <ele>421.9</ele>
      </trkpt>
      <trkpt lat="28.09206" lon="-16.649909">
        <ele>422.5</ele>
      </trkpt>
      <trkpt lat="28.09203" lon="-16.64985">
        <ele>423.2</ele>
      </trkpt>
      <trkpt lat="28.09201" lon="-16.64983">
        <ele>423.4</ele>
      </trkpt>
      <trkpt lat="28.09197" lon="-16.64979">
        <ele>424.0</ele>
      </trkpt>
      <trkpt lat="28.09188" lon="-16.64973">
        <ele>425.1</ele>
      </trkpt>
      <trkpt lat="28.09179" lon="-16.64969">
        <ele>425.9</ele>
      </trkpt>
      <trkpt lat="28.09172" lon="-16.64968">
        <ele>426.4</ele>
      </trkpt>
      <trkpt lat="28.09161" lon="-16.64968">
        <ele>427.1</ele>
      </trkpt>
      <trkpt lat="28.09145" lon="-16.64969">
        <ele>428.2</ele>
      </trkpt>
      <trkpt lat="28.09137" lon="-16.6497">
        <ele>428.7</ele>
      </trkpt>
      <trkpt lat="28.09062" lon="-16.649719">
        <ele>434.1</ele>
      </trkpt>
      <trkpt lat="28.09048" lon="-16.64973">
        <ele>434.8</ele>
      </trkpt>
      <trkpt lat="28.0903" lon="-16.64973">
        <ele>436.0</ele>
      </trkpt>
      <trkpt lat="28.09009" lon="-16.64974">
        <ele>437.2</ele>
      </trkpt>
      <trkpt lat="28.09002" lon="-16.64973">
        <ele>437.8</ele>
      </trkpt>
      <trkpt lat="28.09" lon="-16.64973">
        <ele>437.9</ele>
      </trkpt>
      <trkpt lat="28.08996" lon="-16.649719">
        <ele>437.6</ele>
      </trkpt>
      <trkpt lat="28.08993" lon="-16.649719">
        <ele>437.3</ele>
      </trkpt>
      <trkpt lat="28.08984" lon="-16.64969">
        <ele>436.9</ele>
      </trkpt>
      <trkpt lat="28.08972" lon="-16.649619">
        <ele>436.8</ele>
      </trkpt>
      <trkpt lat="28.08961" lon="-16.649529">
        <ele>437.1</ele>
      </trkpt>
      <trkpt lat="28.08952" lon="-16.64941">
        <ele>438.1</ele>
      </trkpt>
      <trkpt lat="28.08894" lon="-16.64862">
        <ele>450.3</ele>
      </trkpt>
      <trkpt lat="28.08883" lon="-16.64847">
        <ele>452.6</ele>
      </trkpt>
      <trkpt lat="28.08871" lon="-16.648309">
        <ele>455.0</ele>
      </trkpt>
      <trkpt lat="28.08837" lon="-16.647839">
        <ele>460.9</ele>
      </trkpt>
      <trkpt lat="28.08828" lon="-16.64773">
        <ele>461.6</ele>
      </trkpt>
      <trkpt lat="28.08826" lon="-16.64768">
        <ele>462.3</ele>
      </trkpt>
      <trkpt lat="28.08815" lon="-16.64752">
        <ele>463.0</ele>
      </trkpt>
      <trkpt lat="28.08804" lon="-16.64735">
        <ele>464.0</ele>
      </trkpt>
      <trkpt lat="28.08802" lon="-16.64732">
        <ele>464.2</ele>
      </trkpt>
      <trkpt lat="28.08785" lon="-16.64701">
        <ele>466.1</ele>
      </trkpt>
      <trkpt lat="28.08776" lon="-16.64684">
        <ele>466.9</ele>
      </trkpt>
      <trkpt lat="28.08776" lon="-16.64683">
        <ele>467.1</ele>
      </trkpt>
      <trkpt lat="28.0877" lon="-16.64673">
        <ele>467.2</ele>
      </trkpt>
      <trkpt lat="28.08766" lon="-16.64666">
        <ele>467.4</ele>
      </trkpt>
      <trkpt lat="28.08763" lon="-16.646609">
        <ele>468.1</ele>
      </trkpt>
      <trkpt lat="28.08754" lon="-16.64651">
        <ele>468.5</ele>
      </trkpt>
      <trkpt lat="28.08754" lon="-16.6465">
        <ele>468.9</ele>
      </trkpt>
      <trkpt lat="28.08742" lon="-16.6464">
        <ele>469.5</ele>
      </trkpt>
      <trkpt lat="28.0871" lon="-16.646159">
        <ele>472.2</ele>
      </trkpt>
      <trkpt lat="28.08706" lon="-16.64613">
        <ele>472.6</ele>
      </trkpt>
      <trkpt lat="28.08694" lon="-16.646059">
        <ele>473.1</ele>
      </trkpt>
      <trkpt lat="28.08679" lon="-16.645959">
        <ele>474.3</ele>
      </trkpt>
      <trkpt lat="28.08676" lon="-16.64594">
        <ele>474.5</ele>
      </trkpt>
      <trkpt lat="28.08662" lon="-16.645859">
        <ele>475.8</ele>
      </trkpt>
      <trkpt lat="28.08653" lon="-16.64583">
        <ele>476.7</ele>
      </trkpt>
      <trkpt lat="28.08645" lon="-16.64582">
        <ele>476.9</ele>
      </trkpt>
      <trkpt lat="28.08643" lon="-16.64581">
        <ele>477.3</ele>
      </trkpt>
      <trkpt lat="28.0863" lon="-16.64582">
        <ele>476.3</ele>
      </trkpt>
      <trkpt lat="28.08627" lon="-16.64582">
        <ele>476.2</ele>
      </trkpt>
      <trkpt lat="28.08611" lon="-16.645859">
        <ele>473.9</ele>
      </trkpt>
      <trkpt lat="28.08592" lon="-16.64589">
        <ele>471.8</ele>
      </trkpt>
      <trkpt lat="28.08582" lon="-16.6459">
        <ele>470.7</ele>
      </trkpt>
      <trkpt lat="28.08577" lon="-16.6459">
        <ele>469.2</ele>
      </trkpt>
      <trkpt lat="28.08574" lon="-16.64589">
        <ele>468.8</ele>
      </trkpt>
      <trkpt lat="28.08572" lon="-16.64589">
        <ele>468.2</ele>
      </trkpt>
      <trkpt lat="28.08568" lon="-16.645869">
        <ele>467.9</ele>
      </trkpt>
      <trkpt lat="28.0856" lon="-16.64583">
        <ele>467.1</ele>
      </trkpt>
      <trkpt lat="28.08558" lon="-16.64581">
        <ele>467.2</ele>
      </trkpt>
      <trkpt lat="28.08554" lon="-16.64576">
        <ele>467.7</ele>
      </trkpt>
      <trkpt lat="28.08551" lon="-16.645679">
        <ele>469.3</ele>
      </trkpt>
      <trkpt lat="28.08549" lon="-16.64562">
        <ele>470.6</ele>
      </trkpt>
      <trkpt lat="28.08548" lon="-16.64556">
        <ele>472.1</ele>
      </trkpt>
      <trkpt lat="28.08546" lon="-16.64545">
        <ele>474.8</ele>
      </trkpt>
      <trkpt lat="28.08546" lon="-16.64543">
        <ele>475.4</ele>
      </trkpt>
      <trkpt lat="28.08545" lon="-16.64523">
        <ele>481.2</ele>
      </trkpt>
      <trkpt lat="28.08544" lon="-16.645029">
        <ele>486.9</ele>
      </trkpt>
      <trkpt lat="28.08543" lon="-16.64482">
        <ele>491.4</ele>
      </trkpt>
      <trkpt lat="28.08543" lon="-16.6447">
        <ele>494.2</ele>
      </trkpt>
      <trkpt lat="28.08542" lon="-16.64462">
        <ele>495.6</ele>
      </trkpt>
      <trkpt lat="28.08541" lon="-16.64453">
        <ele>497.2</ele>
      </trkpt>
      <trkpt lat="28.08539" lon="-16.6444">
        <ele>499.1</ele>
      </trkpt>
      <trkpt lat="28.08536" lon="-16.64433">
        <ele>499.2</ele>
      </trkpt>
      <trkpt lat="28.08532" lon="-16.64425">
        <ele>498.9</ele>
      </trkpt>
      <trkpt lat="28.08531" lon="-16.64423">
        <ele>498.9</ele>
      </trkpt>
      <trkpt lat="28.08522" lon="-16.64406">
        <ele>499.7</ele>
      </trkpt>
      <trkpt lat="28.08518" lon="-16.643999">
        <ele>500.0</ele>
      </trkpt>
      <trkpt lat="28.08511" lon="-16.64388">
        <ele>501.4</ele>
      </trkpt>
      <trkpt lat="28.08501" lon="-16.64373">
        <ele>502.8</ele>
      </trkpt>
      <trkpt lat="28.08493" lon="-16.64365">
        <ele>505.0</ele>
      </trkpt>
      <trkpt lat="28.08488" lon="-16.643609">
        <ele>506.2</ele>
      </trkpt>
      <trkpt lat="28.08487" lon="-16.643609">
        <ele>506.1</ele>
      </trkpt>
      <trkpt lat="28.08479" lon="-16.64357">
        <ele>507.2</ele>
      </trkpt>
      <trkpt lat="28.08468" lon="-16.64355">
        <ele>507.2</ele>
      </trkpt>
      <trkpt lat="28.08452" lon="-16.64354">
        <ele>506.3</ele>
      </trkpt>
      <trkpt lat="28.08445" lon="-16.643529">
        <ele>506.2</ele>
      </trkpt>
      <trkpt lat="28.08434" lon="-16.643529">
        <ele>505.3</ele>
      </trkpt>
      <trkpt lat="28.08402" lon="-16.64351">
        <ele>504.2</ele>
      </trkpt>
      <trkpt lat="28.08398" lon="-16.64351">
        <ele>504.0</ele>
      </trkpt>
      <trkpt lat="28.08385" lon="-16.6435">
        <ele>503.7</ele>
      </trkpt>
      <trkpt lat="28.0838" lon="-16.64349">
        <ele>503.9</ele>
      </trkpt>
      <trkpt lat="28.08369" lon="-16.64348">
        <ele>503.7</ele>
      </trkpt>
      <trkpt lat="28.08362" lon="-16.64346">
        <ele>504.1</ele>
      </trkpt>
      <trkpt lat="28.08361" lon="-16.64346">
        <ele>504.0</ele>
      </trkpt>
      <trkpt lat="28.08353" lon="-16.643429">
        <ele>504.8</ele>
      </trkpt>
      <trkpt lat="28.08347" lon="-16.6434">
        <ele>505.6</ele>
      </trkpt>
      <trkpt lat="28.08341" lon="-16.643329">
        <ele>507.8</ele>
      </trkpt>
      <trkpt lat="28.08336" lon="-16.64327">
        <ele>509.1</ele>
      </trkpt>
      <trkpt lat="28.08332" lon="-16.64318">
        <ele>510.7</ele>
      </trkpt>
      <trkpt lat="28.08328" lon="-16.64304">
        <ele>512.8</ele>
      </trkpt>
      <trkpt lat="28.08328" lon="-16.64302">
        <ele>513.4</ele>
      </trkpt>
      <trkpt lat="28.08323" lon="-16.64282">
        <ele>516.8</ele>
      </trkpt>
      <trkpt lat="28.08319" lon="-16.64269">
        <ele>518.6</ele>
      </trkpt>
      <trkpt lat="28.08318" lon="-16.64265">
        <ele>519.3</ele>
      </trkpt>
      <trkpt lat="28.08314" lon="-16.64257">
        <ele>519.7</ele>
      </trkpt>
      <trkpt lat="28.08308" lon="-16.642479">
        <ele>519.8</ele>
      </trkpt>
      <trkpt lat="28.08308" lon="-16.64247">
        <ele>520.2</ele>
      </trkpt>
      <trkpt lat="28.08291" lon="-16.64227">
        <ele>521.1</ele>
      </trkpt>
      <trkpt lat="28.08276" lon="-16.64209">
        <ele>523.1</ele>
      </trkpt>
      <trkpt lat="28.08257" lon="-16.64188">
        <ele>526.0</ele>
      </trkpt>
      <trkpt lat="28.08247" lon="-16.64179">
        <ele>527.5</ele>
      </trkpt>
      <trkpt lat="28.08244" lon="-16.64177">
        <ele>528.0</ele>
      </trkpt>
      <trkpt lat="28.08237" lon="-16.64172">
        <ele>529.1</ele>
      </trkpt>
      <trkpt lat="28.08224" lon="-16.641649">
        <ele>530.0</ele>
      </trkpt>
      <trkpt lat="28.08211" lon="-16.6416">
        <ele>530.0</ele>
      </trkpt>
      <trkpt lat="28.082" lon="-16.64157">
        <ele>529.6</ele>
      </trkpt>
      <trkpt lat="28.08194" lon="-16.641549">
        <ele>529.7</ele>
      </trkpt>
      <trkpt lat="28.08179" lon="-16.6415">
        <ele>530.2</ele>
      </trkpt>
      <trkpt lat="28.08169" lon="-16.64148">
        <ele>530.1</ele>
      </trkpt>
      <trkpt lat="28.08158" lon="-16.64149">
        <ele>529.8</ele>
      </trkpt>
      <trkpt lat="28.08149" lon="-16.6415">
        <ele>529.8</ele>
      </trkpt>
      <trkpt lat="28.08141" lon="-16.64152">
        <ele>529.3</ele>
      </trkpt>
      <trkpt lat="28.08123" lon="-16.64157">
        <ele>527.9</ele>
      </trkpt>
      <trkpt lat="28.08114" lon="-16.64159">
        <ele>527.5</ele>
      </trkpt>
      <trkpt lat="28.08106" lon="-16.64161">
        <ele>527.1</ele>
      </trkpt>
      <trkpt lat="28.08102" lon="-16.64162">
        <ele>526.9</ele>
      </trkpt>
      <trkpt lat="28.08095" lon="-16.64162">
        <ele>527.4</ele>
      </trkpt>
      <trkpt lat="28.08089" lon="-16.64162">
        <ele>527.9</ele>
      </trkpt>
      <trkpt lat="28.08088" lon="-16.64162">
        <ele>528.0</ele>
      </trkpt>
      <trkpt lat="28.08082" lon="-16.6416">
        <ele>529.0</ele>
      </trkpt>
      <trkpt lat="28.08074" lon="-16.64157">
        <ele>528.3</ele>
      </trkpt>
      <trkpt lat="28.08071" lon="-16.641549">
        <ele>528.5</ele>
      </trkpt>
      <trkpt lat="28.08063" lon="-16.64151">
        <ele>528.2</ele>
      </trkpt>
      <trkpt lat="28.08056" lon="-16.64144">
        <ele>529.8</ele>
      </trkpt>
      <trkpt lat="28.08042" lon="-16.64131">
        <ele>532.4</ele>
      </trkpt>
      <trkpt lat="28.08038" lon="-16.641269">
        <ele>533.2</ele>
      </trkpt>
      <trkpt lat="28.08028" lon="-16.641179">
        <ele>534.9</ele>
      </trkpt>
      <trkpt lat="28.08014" lon="-16.64105">
        <ele>537.3</ele>
      </trkpt>
      <trkpt lat="28.08011" lon="-16.64101">
        <ele>538.5</ele>
      </trkpt>
      <trkpt lat="28.07972" lon="-16.64065">
        <ele>540.4</ele>
      </trkpt>
      <trkpt lat="28.07949" lon="-16.64044">
        <ele>540.8</ele>
      </trkpt>
      <trkpt lat="28.07943" lon="-16.64038">
        <ele>541.4</ele>
      </trkpt>
      <trkpt lat="28.07937" lon="-16.6403">
        <ele>542.8</ele>
      </trkpt>
      <trkpt lat="28.07934" lon="-16.640239">
        <ele>544.2</ele>
      </trkpt>
      <trkpt lat="28.07933" lon="-16.640229">
        <ele>544.4</ele>
      </trkpt>
      <trkpt lat="28.0793" lon="-16.640139">
        <ele>546.9</ele>
      </trkpt>
      <trkpt lat="28.07929" lon="-16.64009">
        <ele>548.5</ele>
      </trkpt>
      <trkpt lat="28.07927" lon="-16.64009">
        <ele>548.2</ele>
      </trkpt>
      <trkpt lat="28.07926" lon="-16.64002">
        <ele>550.5</ele>
      </trkpt>
      <trkpt lat="28.07931" lon="-16.639869">
        <ele>549.6</ele>
      </trkpt>
      <trkpt lat="28.07939" lon="-16.639759">
        <ele>548.2</ele>
      </trkpt>
      <trkpt lat="28.07945" lon="-16.63971">
        <ele>547.5</ele>
      </trkpt>
      <trkpt lat="28.07952" lon="-16.639669">
        <ele>546.9</ele>
      </trkpt>
      <trkpt lat="28.07972" lon="-16.63965">
        <ele>547.1</ele>
      </trkpt>
      <trkpt lat="28.08019" lon="-16.6397">
        <ele>552.6</ele>
      </trkpt>
      <trkpt lat="28.08034" lon="-16.6397">
        <ele>554.8</ele>
      </trkpt>
      <trkpt lat="28.08087" lon="-16.6396">
        <ele>557.3</ele>
      </trkpt>
      <trkpt lat="28.08141" lon="-16.6395">
        <ele>554.4</ele>
      </trkpt>
      <trkpt lat="28.08151" lon="-16.639489">
        <ele>554.3</ele>
      </trkpt>
      <trkpt lat="28.08161" lon="-16.63952">
        <ele>555.7</ele>
      </trkpt>
      <trkpt lat="28.0817" lon="-16.639579">
        <ele>557.1</ele>
      </trkpt>
      <trkpt lat="28.08226" lon="-16.64016">
        <ele>557.7</ele>
      </trkpt>
      <trkpt lat="28.08283" lon="-16.64073">
        <ele>556.5</ele>
      </trkpt>
      <trkpt lat="28.08339" lon="-16.64131">
        <ele>555.9</ele>
      </trkpt>
      <trkpt lat="28.08349" lon="-16.641369">
        <ele>555.8</ele>
      </trkpt>
      <trkpt lat="28.08399" lon="-16.64154">
        <ele>558.3</ele>
      </trkpt>
      <trkpt lat="28.08449" lon="-16.64171">
        <ele>565.5</ele>
      </trkpt>
      <trkpt lat="28.08462" lon="-16.64172">
        <ele>566.5</ele>
      </trkpt>
      <trkpt lat="28.08472" lon="-16.64171">
        <ele>567.4</ele>
      </trkpt>
      <trkpt lat="28.08488" lon="-16.64167">
        <ele>569.0</ele>
      </trkpt>
      <trkpt lat="28.08539" lon="-16.641449">
        <ele>572.6</ele>
      </trkpt>
      <trkpt lat="28.0859" lon="-16.64123">
        <ele>576.8</ele>
      </trkpt>
      <trkpt lat="28.08605" lon="-16.64115">
        <ele>577.2</ele>
      </trkpt>
      <trkpt lat="28.08668" lon="-16.64072">
        <ele>576.1</ele>
      </trkpt>
      <trkpt lat="28.08732" lon="-16.64029">
        <ele>578.8</ele>
      </trkpt>
      <trkpt lat="28.08796" lon="-16.639859">
        <ele>572.0</ele>
      </trkpt>
      <trkpt lat="28.08809" lon="-16.6398">
        <ele>571.7</ele>
      </trkpt>
      <trkpt lat="28.08818" lon="-16.63979">
        <ele>572.5</ele>
      </trkpt>
      <trkpt lat="28.08825" lon="-16.63979">
        <ele>573.4</ele>
      </trkpt>
      <trkpt lat="28.08848" lon="-16.63994">
        <ele>577.8</ele>
      </trkpt>
      <trkpt lat="28.08856" lon="-16.64001">
        <ele>579.4</ele>
      </trkpt>
      <trkpt lat="28.08881" lon="-16.64041">
        <ele>599.1</ele>
      </trkpt>
      <trkpt lat="28.08891" lon="-16.640519">
        <ele>604.4</ele>
      </trkpt>
      <trkpt lat="28.08899" lon="-16.64056">
        <ele>606.0</ele>
      </trkpt>
      <trkpt lat="28.08909" lon="-16.64055">
        <ele>604.6</ele>
      </trkpt>
      <trkpt lat="28.08921" lon="-16.640519">
        <ele>602.9</ele>
      </trkpt>
      <trkpt lat="28.08977" lon="-16.64028">
        <ele>598.7</ele>
      </trkpt>
      <trkpt lat="28.09034" lon="-16.640039">
        <ele>592.5</ele>
      </trkpt>
      <trkpt lat="28.09042" lon="-16.64">
        <ele>592.6</ele>
      </trkpt>
      <trkpt lat="28.0905" lon="-16.63989">
        <ele>592.8</ele>
      </trkpt>
      <trkpt lat="28.0906" lon="-16.639679">
        <ele>593.1</ele>
      </trkpt>
      <trkpt lat="28.09062" lon="-16.639579">
        <ele>593.2</ele>
      </trkpt>
      <trkpt lat="28.09059" lon="-16.639399">
        <ele>593.5</ele>
      </trkpt>
      <trkpt lat="28.09028" lon="-16.638559">
        <ele>593.8</ele>
      </trkpt>
      <trkpt lat="28.08997" lon="-16.63772">
        <ele>592.6</ele>
      </trkpt>
      <trkpt lat="28.08995" lon="-16.63763">
        <ele>592.2</ele>
      </trkpt>
      <trkpt lat="28.08995" lon="-16.63754">
        <ele>592.2</ele>
      </trkpt>
      <trkpt lat="28.08996" lon="-16.637419">
        <ele>592.2</ele>
      </trkpt>
      <trkpt lat="28.09019" lon="-16.63644">
        <ele>594.1</ele>
      </trkpt>
      <trkpt lat="28.09042" lon="-16.63547">
        <ele>595.9</ele>
      </trkpt>
      <trkpt lat="28.09065" lon="-16.6345">
        <ele>598.5</ele>
      </trkpt>
      <trkpt lat="28.09087" lon="-16.63353">
        <ele>595.3</ele>
      </trkpt>
      <trkpt lat="28.09094" lon="-16.63333">
        <ele>593.6</ele>
      </trkpt>
      <trkpt lat="28.09103" lon="-16.63323">
        <ele>593.6</ele>
      </trkpt>
      <trkpt lat="28.0911" lon="-16.633189">
        <ele>593.8</ele>
      </trkpt>
      <trkpt lat="28.09174" lon="-16.6329">
        <ele>597.6</ele>
      </trkpt>
      <trkpt lat="28.09239" lon="-16.63262">
        <ele>601.7</ele>
      </trkpt>
      <trkpt lat="28.09304" lon="-16.63233">
        <ele>605.8</ele>
      </trkpt>
      <trkpt lat="28.09368" lon="-16.63205">
        <ele>602.8</ele>
      </trkpt>
      <trkpt lat="28.09375" lon="-16.632">
        <ele>602.2</ele>
      </trkpt>
      <trkpt lat="28.09385" lon="-16.63187">
        <ele>601.3</ele>
      </trkpt>
      <trkpt lat="28.09397" lon="-16.631509">
        <ele>599.3</ele>
      </trkpt>
      <trkpt lat="28.09415" lon="-16.63092">
        <ele>596.0</ele>
      </trkpt>
      <trkpt lat="28.09417" lon="-16.630749">
        <ele>596.6</ele>
      </trkpt>
      <trkpt lat="28.09416" lon="-16.63063">
        <ele>597.4</ele>
      </trkpt>
      <trkpt lat="28.09413" lon="-16.63054">
        <ele>597.7</ele>
      </trkpt>
      <trkpt lat="28.09407" lon="-16.63044">
        <ele>597.6</ele>
      </trkpt>
      <trkpt lat="28.09382" lon="-16.630199">
        <ele>595.4</ele>
      </trkpt>
      <trkpt lat="28.09329" lon="-16.629719">
        <ele>589.2</ele>
      </trkpt>
      <trkpt lat="28.09322" lon="-16.629629">
        <ele>588.5</ele>
      </trkpt>
      <trkpt lat="28.0932" lon="-16.629529">
        <ele>588.8</ele>
      </trkpt>
      <trkpt lat="28.09319" lon="-16.629439">
        <ele>589.1</ele>
      </trkpt>
      <trkpt lat="28.09322" lon="-16.62933">
        <ele>590.4</ele>
      </trkpt>
      <trkpt lat="28.09328" lon="-16.62922">
        <ele>592.4</ele>
      </trkpt>
      <trkpt lat="28.09346" lon="-16.628979">
        <ele>593.0</ele>
      </trkpt>
      <trkpt lat="28.09353" lon="-16.62893">
        <ele>593.1</ele>
      </trkpt>
      <trkpt lat="28.0936" lon="-16.628889">
        <ele>593.3</ele>
      </trkpt>
      <trkpt lat="28.09369" lon="-16.62887">
        <ele>593.8</ele>
      </trkpt>
      <trkpt lat="28.0938" lon="-16.628879">
        <ele>594.8</ele>
      </trkpt>
      <trkpt lat="28.09405" lon="-16.62895">
        <ele>597.7</ele>
      </trkpt>
      <trkpt lat="28.09415" lon="-16.62895">
        <ele>598.5</ele>
      </trkpt>
      <trkpt lat="28.09422" lon="-16.62892">
        <ele>599.0</ele>
      </trkpt>
      <trkpt lat="28.0944" lon="-16.628789">
        <ele>600.1</ele>
      </trkpt>
      <trkpt lat="28.09484" lon="-16.628319">
        <ele>603.2</ele>
      </trkpt>
      <trkpt lat="28.09529" lon="-16.627849">
        <ele>604.5</ele>
      </trkpt>
      <trkpt lat="28.09538" lon="-16.62771">
        <ele>604.3</ele>
      </trkpt>
      <trkpt lat="28.09563" lon="-16.62697">
        <ele>604.5</ele>
      </trkpt>
      <trkpt lat="28.09588" lon="-16.62623">
        <ele>603.9</ele>
      </trkpt>
      <trkpt lat="28.09595" lon="-16.62608">
        <ele>603.5</ele>
      </trkpt>
      <trkpt lat="28.09602" lon="-16.62599">
        <ele>603.5</ele>
      </trkpt>
      <trkpt lat="28.09613" lon="-16.6259">
        <ele>603.9</ele>
      </trkpt>
      <trkpt lat="28.09683" lon="-16.62549">
        <ele>608.3</ele>
      </trkpt>
      <trkpt lat="28.09752" lon="-16.62508">
        <ele>609.1</ele>
      </trkpt>
      <trkpt lat="28.09757" lon="-16.625029">
        <ele>608.7</ele>
      </trkpt>
      <trkpt lat="28.09757" lon="-16.625029">
        <ele>608.7</ele>
      </trkpt>
      <trkpt lat="28.09762" lon="-16.62498">
        <ele>608.4</ele>
      </trkpt>
      <trkpt lat="28.09763" lon="-16.62496">
        <ele>608.4</ele>
      </trkpt>
      <trkpt lat="28.09765" lon="-16.624939">
        <ele>608.4</ele>
      </trkpt>
      <trkpt lat="28.09768" lon="-16.62489">
        <ele>608.2</ele>
      </trkpt>
      <trkpt lat="28.0977" lon="-16.62483">
        <ele>608.0</ele>
      </trkpt>
      <trkpt lat="28.09771" lon="-16.62477">
        <ele>607.8</ele>
      </trkpt>
      <trkpt lat="28.09771" lon="-16.62459">
        <ele>607.4</ele>
      </trkpt>
      <trkpt lat="28.09771" lon="-16.62458">
        <ele>607.3</ele>
      </trkpt>
      <trkpt lat="28.0977" lon="-16.62432">
        <ele>606.7</ele>
      </trkpt>
      <trkpt lat="28.0977" lon="-16.62414">
        <ele>606.2</ele>
      </trkpt>
      <trkpt lat="28.09768" lon="-16.623819">
        <ele>605.5</ele>
      </trkpt>
      <trkpt lat="28.09768" lon="-16.623719">
        <ele>605.9</ele>
      </trkpt>
      <trkpt lat="28.09766" lon="-16.62338">
        <ele>607.1</ele>
      </trkpt>
      <trkpt lat="28.09764" lon="-16.622969">
        <ele>609.1</ele>
      </trkpt>
      <trkpt lat="28.09763" lon="-16.62292">
        <ele>609.3</ele>
      </trkpt>
      <trkpt lat="28.09763" lon="-16.622869">
        <ele>609.6</ele>
      </trkpt>
      <trkpt lat="28.09761" lon="-16.62283">
        <ele>609.5</ele>
      </trkpt>
      <trkpt lat="28.0976" lon="-16.6228">
        <ele>609.6</ele>
      </trkpt>
      <trkpt lat="28.09759" lon="-16.622779">
        <ele>609.5</ele>
      </trkpt>
      <trkpt lat="28.09756" lon="-16.62273">
        <ele>609.4</ele>
      </trkpt>
      <trkpt lat="28.09752" lon="-16.62267">
        <ele>609.3</ele>
      </trkpt>
      <trkpt lat="28.09749" lon="-16.62265">
        <ele>609.0</ele>
      </trkpt>
      <trkpt lat="28.09734" lon="-16.62253">
        <ele>607.4</ele>
      </trkpt>
      <trkpt lat="28.0972" lon="-16.622409">
        <ele>605.7</ele>
      </trkpt>
      <trkpt lat="28.09699" lon="-16.622219">
        <ele>603.0</ele>
      </trkpt>
      <trkpt lat="28.09694" lon="-16.62216">
        <ele>602.4</ele>
      </trkpt>
      <trkpt lat="28.0968" lon="-16.62192">
        <ele>600.7</ele>
      </trkpt>
      <trkpt lat="28.09679" lon="-16.62187">
        <ele>600.7</ele>
      </trkpt>
      <trkpt lat="28.09679" lon="-16.621849">
        <ele>600.7</ele>
      </trkpt>
      <trkpt lat="28.09681" lon="-16.621759">
        <ele>601.3</ele>
      </trkpt>
      <trkpt lat="28.09684" lon="-16.62169">
        <ele>602.1</ele>
      </trkpt>
      <trkpt lat="28.0969" lon="-16.62162">
        <ele>602.7</ele>
      </trkpt>
      <trkpt lat="28.09707" lon="-16.62143">
        <ele>603.7</ele>
      </trkpt>
      <trkpt lat="28.09741" lon="-16.62117">
        <ele>606.1</ele>
      </trkpt>
      <trkpt lat="28.09762" lon="-16.62097">
        <ele>605.8</ele>
      </trkpt>
      <trkpt lat="28.09771" lon="-16.62085">
        <ele>605.0</ele>
      </trkpt>
      <trkpt lat="28.09785" lon="-16.62049">
        <ele>605.4</ele>
      </trkpt>
      <trkpt lat="28.09804" lon="-16.61998">
        <ele>605.9</ele>
      </trkpt>
      <trkpt lat="28.09808" lon="-16.61989">
        <ele>606.3</ele>
      </trkpt>
      <trkpt lat="28.0983" lon="-16.61954">
        <ele>608.8</ele>
      </trkpt>
      <trkpt lat="28.09873" lon="-16.61888">
        <ele>612.3</ele>
      </trkpt>
      <trkpt lat="28.09884" lon="-16.61872">
        <ele>613.1</ele>
      </trkpt>
      <trkpt lat="28.09906" lon="-16.6184">
        <ele>615.6</ele>
      </trkpt>
      <trkpt lat="28.09915" lon="-16.61824">
        <ele>616.7</ele>
      </trkpt>
      <trkpt lat="28.09925" lon="-16.61805">
        <ele>617.6</ele>
      </trkpt>
      <trkpt lat="28.09925" lon="-16.61804">
        <ele>617.6</ele>
      </trkpt>
      <trkpt lat="28.0993" lon="-16.617819">
        <ele>617.9</ele>
      </trkpt>
      <trkpt lat="28.09937" lon="-16.61751">
        <ele>618.5</ele>
      </trkpt>
      <trkpt lat="28.09939" lon="-16.617429">
        <ele>618.6</ele>
      </trkpt>
      <trkpt lat="28.09953" lon="-16.61666">
        <ele>620.3</ele>
      </trkpt>
      <trkpt lat="28.09975" lon="-16.61561">
        <ele>622.2</ele>
      </trkpt>
      <trkpt lat="28.09986" lon="-16.61544">
        <ele>621.3</ele>
      </trkpt>
      <trkpt lat="28.09987" lon="-16.61542">
        <ele>621.1</ele>
      </trkpt>
      <trkpt lat="28.09989" lon="-16.6154">
        <ele>621.0</ele>
      </trkpt>
      <trkpt lat="28.09991" lon="-16.61539">
        <ele>621.0</ele>
      </trkpt>
      <trkpt lat="28.09995" lon="-16.615369">
        <ele>621.1</ele>
      </trkpt>
      <trkpt lat="28.09999" lon="-16.615359">
        <ele>621.3</ele>
      </trkpt>
      <trkpt lat="28.10001" lon="-16.615359">
        <ele>621.4</ele>
      </trkpt>
      <trkpt lat="28.10004" lon="-16.615369">
        <ele>621.8</ele>
      </trkpt>
      <trkpt lat="28.10007" lon="-16.615369">
        <ele>622.0</ele>
      </trkpt>
      <trkpt lat="28.10035" lon="-16.6155">
        <ele>625.6</ele>
      </trkpt>
      <trkpt lat="28.10038" lon="-16.61551">
        <ele>625.9</ele>
      </trkpt>
      <trkpt lat="28.10057" lon="-16.61558">
        <ele>628.0</ele>
      </trkpt>
      <trkpt lat="28.1006" lon="-16.61559">
        <ele>628.3</ele>
      </trkpt>
      <trkpt lat="28.10066" lon="-16.6156">
        <ele>628.8</ele>
      </trkpt>
      <trkpt lat="28.10067" lon="-16.6156">
        <ele>628.9</ele>
      </trkpt>
      <trkpt lat="28.10069" lon="-16.6156">
        <ele>629.0</ele>
      </trkpt>
      <trkpt lat="28.10073" lon="-16.61559">
        <ele>629.2</ele>
      </trkpt>
      <trkpt lat="28.10078" lon="-16.61557">
        <ele>629.4</ele>
      </trkpt>
      <trkpt lat="28.10082" lon="-16.615549">
        <ele>629.5</ele>
      </trkpt>
      <trkpt lat="28.10125" lon="-16.61523">
        <ele>631.7</ele>
      </trkpt>
      <trkpt lat="28.10129" lon="-16.615189">
        <ele>631.8</ele>
      </trkpt>
      <trkpt lat="28.10139" lon="-16.61511">
        <ele>632.4</ele>
      </trkpt>
      <trkpt lat="28.10144" lon="-16.615079">
        <ele>632.8</ele>
      </trkpt>
      <trkpt lat="28.10146" lon="-16.61505">
        <ele>632.9</ele>
      </trkpt>
      <trkpt lat="28.1015" lon="-16.614999">
        <ele>633.0</ele>
      </trkpt>
      <trkpt lat="28.10153" lon="-16.61496">
        <ele>633.2</ele>
      </trkpt>
      <trkpt lat="28.10201" lon="-16.614139">
        <ele>635.2</ele>
      </trkpt>
      <trkpt lat="28.10212" lon="-16.613959">
        <ele>634.4</ele>
      </trkpt>
      <trkpt lat="28.10218" lon="-16.61385">
        <ele>633.8</ele>
      </trkpt>
      <trkpt lat="28.10247" lon="-16.61334">
        <ele>630.9</ele>
      </trkpt>
      <trkpt lat="28.10255" lon="-16.613219">
        <ele>631.9</ele>
      </trkpt>
      <trkpt lat="28.10274" lon="-16.6129">
        <ele>634.5</ele>
      </trkpt>
      <trkpt lat="28.1028" lon="-16.6128">
        <ele>635.0</ele>
      </trkpt>
      <trkpt lat="28.10289" lon="-16.612649">
        <ele>635.5</ele>
      </trkpt>
      <trkpt lat="28.10339" lon="-16.61179">
        <ele>638.5</ele>
      </trkpt>
      <trkpt lat="28.10349" lon="-16.61163">
        <ele>639.7</ele>
      </trkpt>
      <trkpt lat="28.10349" lon="-16.611619">
        <ele>639.6</ele>
      </trkpt>
      <trkpt lat="28.1035" lon="-16.611609">
        <ele>639.8</ele>
      </trkpt>
      <trkpt lat="28.10354" lon="-16.611529">
        <ele>640.1</ele>
      </trkpt>
      <trkpt lat="28.10359" lon="-16.61146">
        <ele>640.7</ele>
      </trkpt>
      <trkpt lat="28.10361" lon="-16.611429">
        <ele>640.8</ele>
      </trkpt>
      <trkpt lat="28.10365" lon="-16.61136">
        <ele>641.1</ele>
      </trkpt>
      <trkpt lat="28.1039" lon="-16.610949">
        <ele>642.0</ele>
      </trkpt>
      <trkpt lat="28.10398" lon="-16.61084">
        <ele>642.0</ele>
      </trkpt>
      <trkpt lat="28.10405" lon="-16.61079">
        <ele>642.6</ele>
      </trkpt>
      <trkpt lat="28.10414" lon="-16.61075">
        <ele>643.4</ele>
      </trkpt>
      <trkpt lat="28.10454" lon="-16.61063">
        <ele>647.1</ele>
      </trkpt>
      <trkpt lat="28.10509" lon="-16.61047">
        <ele>650.5</ele>
      </trkpt>
      <trkpt lat="28.10518" lon="-16.61043">
        <ele>650.4</ele>
      </trkpt>
      <trkpt lat="28.10544" lon="-16.61035">
        <ele>650.3</ele>
      </trkpt>
      <trkpt lat="28.10553" lon="-16.61032">
        <ele>650.2</ele>
      </trkpt>
      <trkpt lat="28.1056" lon="-16.610299">
        <ele>650.1</ele>
      </trkpt>
      <trkpt lat="28.1057" lon="-16.61023">
        <ele>649.1</ele>
      </trkpt>
      <trkpt lat="28.10578" lon="-16.61017">
        <ele>648.2</ele>
      </trkpt>
      <trkpt lat="28.10586" lon="-16.61009">
        <ele>647.3</ele>
      </trkpt>
      <trkpt lat="28.10589" lon="-16.61004">
        <ele>646.9</ele>
      </trkpt>
      <trkpt lat="28.10594" lon="-16.60997">
        <ele>647.0</ele>
      </trkpt>
      <trkpt lat="28.10596" lon="-16.609929">
        <ele>647.0</ele>
      </trkpt>
      <trkpt lat="28.10597" lon="-16.6099">
        <ele>646.9</ele>
      </trkpt>
      <trkpt lat="28.10598" lon="-16.60982">
        <ele>646.3</ele>
      </trkpt>
      <trkpt lat="28.10598" lon="-16.60968">
        <ele>644.9</ele>
      </trkpt>
      <trkpt lat="28.10598" lon="-16.60957">
        <ele>643.7</ele>
      </trkpt>
      <trkpt lat="28.10599" lon="-16.6095">
        <ele>643.2</ele>
      </trkpt>
      <trkpt lat="28.106" lon="-16.60947">
        <ele>643.0</ele>
      </trkpt>
      <trkpt lat="28.10601" lon="-16.609449">
        <ele>642.9</ele>
      </trkpt>
      <trkpt lat="28.10602" lon="-16.60943">
        <ele>642.9</ele>
      </trkpt>
      <trkpt lat="28.10603" lon="-16.60942">
        <ele>642.9</ele>
      </trkpt>
      <trkpt lat="28.10604" lon="-16.60941">
        <ele>642.9</ele>
      </trkpt>
      <trkpt lat="28.10607" lon="-16.6094">
        <ele>643.2</ele>
      </trkpt>
      <trkpt lat="28.10631" lon="-16.60931">
        <ele>645.2</ele>
      </trkpt>
      <trkpt lat="28.10665" lon="-16.60922">
        <ele>647.8</ele>
      </trkpt>
      <trkpt lat="28.10703" lon="-16.6091">
        <ele>653.6</ele>
      </trkpt>
      <trkpt lat="28.10709" lon="-16.609089">
        <ele>654.7</ele>
      </trkpt>
      <trkpt lat="28.10713" lon="-16.60907">
        <ele>655.3</ele>
      </trkpt>
      <trkpt lat="28.10719" lon="-16.60904">
        <ele>656.3</ele>
      </trkpt>
      <trkpt lat="28.10722" lon="-16.60901">
        <ele>656.6</ele>
      </trkpt>
      <trkpt lat="28.10724" lon="-16.608989">
        <ele>656.8</ele>
      </trkpt>
      <trkpt lat="28.10727" lon="-16.60896">
        <ele>657.2</ele>
      </trkpt>
      <trkpt lat="28.10729" lon="-16.60894">
        <ele>657.4</ele>
      </trkpt>
      <trkpt lat="28.1073" lon="-16.608899">
        <ele>657.2</ele>
      </trkpt>
      <trkpt lat="28.10731" lon="-16.608889">
        <ele>657.3</ele>
      </trkpt>
      <trkpt lat="28.10731" lon="-16.60887">
        <ele>657.1</ele>
      </trkpt>
      <trkpt lat="28.10733" lon="-16.60883">
        <ele>657.2</ele>
      </trkpt>
      <trkpt lat="28.10733" lon="-16.60878">
        <ele>656.7</ele>
      </trkpt>
      <trkpt lat="28.10733" lon="-16.60874">
        <ele>656.3</ele>
      </trkpt>
      <trkpt lat="28.1073" lon="-16.60865">
        <ele>654.7</ele>
      </trkpt>
      <trkpt lat="28.10704" lon="-16.608039">
        <ele>640.8</ele>
      </trkpt>
      <trkpt lat="28.10701" lon="-16.607949">
        <ele>639.0</ele>
      </trkpt>
      <trkpt lat="28.10699" lon="-16.60791">
        <ele>638.0</ele>
      </trkpt>
      <trkpt lat="28.10699" lon="-16.607869">
        <ele>637.5</ele>
      </trkpt>
      <trkpt lat="28.10699" lon="-16.60784">
        <ele>637.1</ele>
      </trkpt>
      <trkpt lat="28.10699" lon="-16.60781">
        <ele>636.8</ele>
      </trkpt>
      <trkpt lat="28.10699" lon="-16.60778">
        <ele>636.4</ele>
      </trkpt>
      <trkpt lat="28.107" lon="-16.607759">
        <ele>636.5</ele>
      </trkpt>
      <trkpt lat="28.107" lon="-16.60775">
        <ele>636.3</ele>
      </trkpt>
      <trkpt lat="28.10702" lon="-16.60771">
        <ele>636.4</ele>
      </trkpt>
      <trkpt lat="28.10704" lon="-16.607679">
        <ele>636.5</ele>
      </trkpt>
      <trkpt lat="28.10707" lon="-16.60764">
        <ele>636.8</ele>
      </trkpt>
      <trkpt lat="28.1071" lon="-16.60761">
        <ele>637.2</ele>
      </trkpt>
      <trkpt lat="28.10716" lon="-16.60756">
        <ele>638.2</ele>
      </trkpt>
      <trkpt lat="28.10719" lon="-16.60752">
        <ele>638.4</ele>
      </trkpt>
      <trkpt lat="28.10723" lon="-16.6075">
        <ele>639.2</ele>
      </trkpt>
      <trkpt lat="28.10725" lon="-16.607479">
        <ele>639.2</ele>
      </trkpt>
      <trkpt lat="28.10729" lon="-16.60747">
        <ele>639.9</ele>
      </trkpt>
      <trkpt lat="28.10732" lon="-16.60746">
        <ele>640.4</ele>
      </trkpt>
      <trkpt lat="28.10737" lon="-16.60746">
        <ele>641.6</ele>
      </trkpt>
      <trkpt lat="28.10757" lon="-16.607479">
        <ele>645.3</ele>
      </trkpt>
      <trkpt lat="28.10773" lon="-16.60752">
        <ele>646.1</ele>
      </trkpt>
      <trkpt lat="28.1079" lon="-16.60756">
        <ele>647.1</ele>
      </trkpt>
      <trkpt lat="28.10791" lon="-16.60756">
        <ele>647.1</ele>
      </trkpt>
      <trkpt lat="28.10807" lon="-16.607589">
        <ele>648.2</ele>
      </trkpt>
      <trkpt lat="28.10808" lon="-16.607589">
        <ele>648.2</ele>
      </trkpt>
      <trkpt lat="28.10814" lon="-16.607589">
        <ele>648.3</ele>
      </trkpt>
      <trkpt lat="28.10818" lon="-16.607579">
        <ele>648.0</ele>
      </trkpt>
      <trkpt lat="28.10822" lon="-16.60756">
        <ele>647.4</ele>
      </trkpt>
      <trkpt lat="28.10824" lon="-16.60754">
        <ele>646.6</ele>
      </trkpt>
      <trkpt lat="28.10825" lon="-16.60753">
        <ele>646.2</ele>
      </trkpt>
      <trkpt lat="28.10826" lon="-16.60751">
        <ele>645.5</ele>
      </trkpt>
      <trkpt lat="28.10838" lon="-16.607299">
        <ele>645.6</ele>
      </trkpt>
      <trkpt lat="28.1084" lon="-16.60727">
        <ele>645.7</ele>
      </trkpt>
      <trkpt lat="28.10846" lon="-16.60716">
        <ele>645.7</ele>
      </trkpt>
      <trkpt lat="28.10852" lon="-16.60703">
        <ele>645.9</ele>
      </trkpt>
      <trkpt lat="28.10854" lon="-16.60699">
        <ele>645.9</ele>
      </trkpt>
      <trkpt lat="28.10855" lon="-16.60696">
        <ele>645.9</ele>
      </trkpt>
      <trkpt lat="28.10856" lon="-16.60694">
        <ele>645.9</ele>
      </trkpt>
      <trkpt lat="28.10856" lon="-16.6069">
        <ele>646.0</ele>
      </trkpt>
      <trkpt lat="28.10855" lon="-16.60688">
        <ele>646.0</ele>
      </trkpt>
      <trkpt lat="28.10853" lon="-16.606819">
        <ele>646.0</ele>
      </trkpt>
      <trkpt lat="28.1085" lon="-16.60678">
        <ele>646.1</ele>
      </trkpt>
      <trkpt lat="28.10849" lon="-16.60677">
        <ele>645.7</ele>
      </trkpt>
      <trkpt lat="28.10848" lon="-16.60675">
        <ele>645.2</ele>
      </trkpt>
      <trkpt lat="28.10837" lon="-16.60663">
        <ele>640.0</ele>
      </trkpt>
      <trkpt lat="28.10837" lon="-16.60662">
        <ele>640.0</ele>
      </trkpt>
      <trkpt lat="28.10831" lon="-16.60656">
        <ele>638.2</ele>
      </trkpt>
      <trkpt lat="28.10824" lon="-16.60648">
        <ele>637.0</ele>
      </trkpt>
      <trkpt lat="28.10823" lon="-16.606459">
        <ele>636.9</ele>
      </trkpt>
      <trkpt lat="28.1082" lon="-16.60643">
        <ele>636.3</ele>
      </trkpt>
      <trkpt lat="28.10805" lon="-16.606269">
        <ele>632.5</ele>
      </trkpt>
      <trkpt lat="28.10796" lon="-16.60616">
        <ele>629.7</ele>
      </trkpt>
      <trkpt lat="28.10792" lon="-16.606079">
        <ele>628.2</ele>
      </trkpt>
      <trkpt lat="28.10791" lon="-16.60604">
        <ele>627.8</ele>
      </trkpt>
      <trkpt lat="28.10789" lon="-16.60596">
        <ele>626.8</ele>
      </trkpt>
      <trkpt lat="28.1079" lon="-16.605889">
        <ele>627.0</ele>
      </trkpt>
      <trkpt lat="28.1079" lon="-16.60585">
        <ele>626.9</ele>
      </trkpt>
      <trkpt lat="28.10791" lon="-16.60581">
        <ele>627.2</ele>
      </trkpt>
      <trkpt lat="28.10792" lon="-16.60577">
        <ele>627.4</ele>
      </trkpt>
      <trkpt lat="28.10803" lon="-16.60538">
        <ele>630.1</ele>
      </trkpt>
      <trkpt lat="28.10808" lon="-16.605229">
        <ele>631.2</ele>
      </trkpt>
      <trkpt lat="28.10809" lon="-16.60521">
        <ele>631.4</ele>
      </trkpt>
      <trkpt lat="28.10811" lon="-16.605139">
        <ele>631.7</ele>
      </trkpt>
      <trkpt lat="28.10813" lon="-16.60503">
        <ele>631.8</ele>
      </trkpt>
      <trkpt lat="28.10814" lon="-16.60501">
        <ele>632.0</ele>
      </trkpt>
      <trkpt lat="28.10814" lon="-16.60499">
        <ele>631.9</ele>
      </trkpt>
      <trkpt lat="28.10814" lon="-16.604869">
        <ele>631.4</ele>
      </trkpt>
      <trkpt lat="28.10814" lon="-16.60483">
        <ele>631.2</ele>
      </trkpt>
      <trkpt lat="28.10813" lon="-16.604669">
        <ele>630.3</ele>
      </trkpt>
      <trkpt lat="28.10813" lon="-16.6045">
        <ele>629.5</ele>
      </trkpt>
      <trkpt lat="28.10812" lon="-16.60442">
        <ele>628.9</ele>
      </trkpt>
      <trkpt lat="28.10812" lon="-16.604399">
        <ele>628.9</ele>
      </trkpt>
      <trkpt lat="28.10812" lon="-16.60422">
        <ele>628.1</ele>
      </trkpt>
      <trkpt lat="28.10811" lon="-16.604109">
        <ele>627.3</ele>
      </trkpt>
      <trkpt lat="28.10811" lon="-16.604">
        <ele>626.7</ele>
      </trkpt>
      <trkpt lat="28.10809" lon="-16.60376">
        <ele>625.0</ele>
      </trkpt>
      <trkpt lat="28.10809" lon="-16.60366">
        <ele>624.5</ele>
      </trkpt>
      <trkpt lat="28.10811" lon="-16.60358">
        <ele>624.5</ele>
      </trkpt>
      <trkpt lat="28.10813" lon="-16.60348">
        <ele>624.4</ele>
      </trkpt>
      <trkpt lat="28.10816" lon="-16.60342">
        <ele>624.7</ele>
      </trkpt>
      <trkpt lat="28.10822" lon="-16.603259">
        <ele>624.6</ele>
      </trkpt>
      <trkpt lat="28.10823" lon="-16.60323">
        <ele>624.5</ele>
      </trkpt>
      <trkpt lat="28.10824" lon="-16.60321">
        <ele>624.4</ele>
      </trkpt>
      <trkpt lat="28.10831" lon="-16.60305">
        <ele>624.1</ele>
      </trkpt>
      <trkpt lat="28.10832" lon="-16.60304">
        <ele>624.2</ele>
      </trkpt>
      <trkpt lat="28.10832" lon="-16.60303">
        <ele>624.0</ele>
      </trkpt>
      <trkpt lat="28.10834" lon="-16.602979">
        <ele>623.9</ele>
      </trkpt>
      <trkpt lat="28.10845" lon="-16.60272">
        <ele>623.3</ele>
      </trkpt>
      <trkpt lat="28.10851" lon="-16.60258">
        <ele>622.8</ele>
      </trkpt>
      <trkpt lat="28.10855" lon="-16.60249">
        <ele>622.5</ele>
      </trkpt>
      <trkpt lat="28.1086" lon="-16.602409">
        <ele>621.8</ele>
      </trkpt>
      <trkpt lat="28.10866" lon="-16.60235">
        <ele>621.7</ele>
      </trkpt>
      <trkpt lat="28.10874" lon="-16.60231">
        <ele>622.5</ele>
      </trkpt>
      <trkpt lat="28.10889" lon="-16.602229">
        <ele>623.6</ele>
      </trkpt>
      <trkpt lat="28.10902" lon="-16.60218">
        <ele>625.0</ele>
      </trkpt>
      <trkpt lat="28.10914" lon="-16.60212">
        <ele>625.9</ele>
      </trkpt>
      <trkpt lat="28.10929" lon="-16.602049">
        <ele>626.6</ele>
      </trkpt>
      <trkpt lat="28.10951" lon="-16.601949">
        <ele>627.4</ele>
      </trkpt>
      <trkpt lat="28.10967" lon="-16.60187">
        <ele>627.7</ele>
      </trkpt>
      <trkpt lat="28.10978" lon="-16.60181">
        <ele>627.7</ele>
      </trkpt>
      <trkpt lat="28.10982" lon="-16.60178">
        <ele>627.5</ele>
      </trkpt>
      <trkpt lat="28.10983" lon="-16.601769">
        <ele>627.4</ele>
      </trkpt>
      <trkpt lat="28.10984" lon="-16.601769">
        <ele>627.5</ele>
      </trkpt>
      <trkpt lat="28.10987" lon="-16.60172">
        <ele>626.6</ele>
      </trkpt>
      <trkpt lat="28.10989" lon="-16.60168">
        <ele>625.8</ele>
      </trkpt>
      <trkpt lat="28.1099" lon="-16.60162">
        <ele>625.6</ele>
      </trkpt>
      <trkpt lat="28.1099" lon="-16.6016">
        <ele>625.7</ele>
      </trkpt>
      <trkpt lat="28.1099" lon="-16.601579">
        <ele>625.7</ele>
      </trkpt>
      <trkpt lat="28.1099" lon="-16.60155">
        <ele>625.7</ele>
      </trkpt>
      <trkpt lat="28.10989" lon="-16.6015">
        <ele>625.7</ele>
      </trkpt>
      <trkpt lat="28.10986" lon="-16.60144">
        <ele>625.3</ele>
      </trkpt>
      <trkpt lat="28.1098" lon="-16.60137">
        <ele>624.3</ele>
      </trkpt>
      <trkpt lat="28.10974" lon="-16.60131">
        <ele>623.3</ele>
      </trkpt>
      <trkpt lat="28.10961" lon="-16.601209">
        <ele>620.9</ele>
      </trkpt>
      <trkpt lat="28.10956" lon="-16.60116">
        <ele>620.0</ele>
      </trkpt>
      <trkpt lat="28.10955" lon="-16.60115">
        <ele>619.8</ele>
      </trkpt>
      <trkpt lat="28.10955" lon="-16.60114">
        <ele>619.7</ele>
      </trkpt>
      <trkpt lat="28.10953" lon="-16.601109">
        <ele>619.3</ele>
      </trkpt>
      <trkpt lat="28.10952" lon="-16.60107">
        <ele>619.0</ele>
      </trkpt>
      <trkpt lat="28.10951" lon="-16.601019">
        <ele>618.8</ele>
      </trkpt>
      <trkpt lat="28.10951" lon="-16.60098">
        <ele>618.7</ele>
      </trkpt>
      <trkpt lat="28.10951" lon="-16.60096">
        <ele>618.7</ele>
      </trkpt>
      <trkpt lat="28.10952" lon="-16.600909">
        <ele>618.8</ele>
      </trkpt>
      <trkpt lat="28.10954" lon="-16.60087">
        <ele>619.1</ele>
      </trkpt>
      <trkpt lat="28.10956" lon="-16.60084">
        <ele>619.5</ele>
      </trkpt>
      <trkpt lat="28.1096" lon="-16.60081">
        <ele>620.5</ele>
      </trkpt>
      <trkpt lat="28.10968" lon="-16.60076">
        <ele>622.3</ele>
      </trkpt>
      <trkpt lat="28.10978" lon="-16.60069">
        <ele>624.5</ele>
      </trkpt>
      <trkpt lat="28.10985" lon="-16.60065">
        <ele>625.9</ele>
      </trkpt>
      <trkpt lat="28.10988" lon="-16.6006">
        <ele>626.5</ele>
      </trkpt>
      <trkpt lat="28.1099" lon="-16.60058">
        <ele>626.9</ele>
      </trkpt>
      <trkpt lat="28.10992" lon="-16.600549">
        <ele>627.3</ele>
      </trkpt>
      <trkpt lat="28.10994" lon="-16.60051">
        <ele>627.6</ele>
      </trkpt>
      <trkpt lat="28.10994" lon="-16.60046">
        <ele>627.6</ele>
      </trkpt>
      <trkpt lat="28.10994" lon="-16.60039">
        <ele>627.6</ele>
      </trkpt>
      <trkpt lat="28.10994" lon="-16.60038">
        <ele>627.6</ele>
      </trkpt>
      <trkpt lat="28.10993" lon="-16.60037">
        <ele>627.4</ele>
      </trkpt>
      <trkpt lat="28.10992" lon="-16.60033">
        <ele>627.2</ele>
      </trkpt>
      <trkpt lat="28.10988" lon="-16.600269">
        <ele>626.7</ele>
      </trkpt>
      <trkpt lat="28.10985" lon="-16.60023">
        <ele>626.3</ele>
      </trkpt>
      <trkpt lat="28.10984" lon="-16.60022">
        <ele>626.2</ele>
      </trkpt>
      <trkpt lat="28.10983" lon="-16.60021">
        <ele>626.1</ele>
      </trkpt>
      <trkpt lat="28.1098" lon="-16.60018">
        <ele>625.8</ele>
      </trkpt>
      <trkpt lat="28.10974" lon="-16.600169">
        <ele>625.1</ele>
      </trkpt>
      <trkpt lat="28.10968" lon="-16.600159">
        <ele>624.4</ele>
      </trkpt>
      <trkpt lat="28.10967" lon="-16.600159">
        <ele>624.3</ele>
      </trkpt>
      <trkpt lat="28.10966" lon="-16.600159">
        <ele>624.1</ele>
      </trkpt>
      <trkpt lat="28.10951" lon="-16.600159">
        <ele>622.4</ele>
      </trkpt>
      <trkpt lat="28.10948" lon="-16.600159">
        <ele>622.0</ele>
      </trkpt>
      <trkpt lat="28.10935" lon="-16.600159">
        <ele>620.5</ele>
      </trkpt>
      <trkpt lat="28.10932" lon="-16.600159">
        <ele>620.1</ele>
      </trkpt>
      <trkpt lat="28.1093" lon="-16.600159">
        <ele>619.9</ele>
      </trkpt>
      <trkpt lat="28.10924" lon="-16.60015">
        <ele>619.2</ele>
      </trkpt>
      <trkpt lat="28.1092" lon="-16.60014">
        <ele>618.9</ele>
      </trkpt>
      <trkpt lat="28.10917" lon="-16.60012">
        <ele>618.7</ele>
      </trkpt>
      <trkpt lat="28.10911" lon="-16.600069">
        <ele>618.4</ele>
      </trkpt>
      <trkpt lat="28.10903" lon="-16.599969">
        <ele>618.2</ele>
      </trkpt>
      <trkpt lat="28.10902" lon="-16.59996">
        <ele>618.1</ele>
      </trkpt>
      <trkpt lat="28.10894" lon="-16.59984">
        <ele>618.0</ele>
      </trkpt>
      <trkpt lat="28.10891" lon="-16.599799">
        <ele>617.9</ele>
      </trkpt>
      <trkpt lat="28.1089" lon="-16.59978">
        <ele>618.0</ele>
      </trkpt>
      <trkpt lat="28.10887" lon="-16.59974">
        <ele>617.9</ele>
      </trkpt>
      <trkpt lat="28.10882" lon="-16.59965">
        <ele>618.0</ele>
      </trkpt>
      <trkpt lat="28.1088" lon="-16.59959">
        <ele>618.2</ele>
      </trkpt>
      <trkpt lat="28.1088" lon="-16.59953">
        <ele>618.8</ele>
      </trkpt>
      <trkpt lat="28.10881" lon="-16.59945">
        <ele>619.7</ele>
      </trkpt>
      <trkpt lat="28.10885" lon="-16.59934">
        <ele>621.4</ele>
      </trkpt>
      <trkpt lat="28.10889" lon="-16.59926">
        <ele>622.8</ele>
      </trkpt>
      <trkpt lat="28.10895" lon="-16.59915">
        <ele>624.6</ele>
      </trkpt>
      <trkpt lat="28.10901" lon="-16.59909">
        <ele>625.5</ele>
      </trkpt>
      <trkpt lat="28.10905" lon="-16.599029">
        <ele>626.0</ele>
      </trkpt>
      <trkpt lat="28.10915" lon="-16.59896">
        <ele>627.5</ele>
      </trkpt>
      <trkpt lat="28.1093" lon="-16.598859">
        <ele>629.9</ele>
      </trkpt>
      <trkpt lat="28.10943" lon="-16.598769">
        <ele>632.2</ele>
      </trkpt>
      <trkpt lat="28.10951" lon="-16.59871">
        <ele>633.7</ele>
      </trkpt>
      <trkpt lat="28.10957" lon="-16.59863">
        <ele>634.9</ele>
      </trkpt>
      <trkpt lat="28.1096" lon="-16.59856">
        <ele>635.5</ele>
      </trkpt>
      <trkpt lat="28.10962" lon="-16.598479">
        <ele>636.0</ele>
      </trkpt>
      <trkpt lat="28.10962" lon="-16.5984">
        <ele>636.2</ele>
      </trkpt>
      <trkpt lat="28.10961" lon="-16.598189">
        <ele>637.3</ele>
      </trkpt>
      <trkpt lat="28.10961" lon="-16.59815">
        <ele>637.7</ele>
      </trkpt>
      <trkpt lat="28.1096" lon="-16.59802">
        <ele>638.7</ele>
      </trkpt>
      <trkpt lat="28.10958" lon="-16.59779">
        <ele>640.3</ele>
      </trkpt>
      <trkpt lat="28.10958" lon="-16.59768">
        <ele>641.3</ele>
      </trkpt>
      <trkpt lat="28.10957" lon="-16.5974">
        <ele>643.4</ele>
      </trkpt>
      <trkpt lat="28.10956" lon="-16.59737">
        <ele>643.5</ele>
      </trkpt>
      <trkpt lat="28.10954" lon="-16.59714">
        <ele>644.8</ele>
      </trkpt>
      <trkpt lat="28.10954" lon="-16.596979">
        <ele>646.0</ele>
      </trkpt>
      <trkpt lat="28.10955" lon="-16.59691">
        <ele>646.6</ele>
      </trkpt>
      <trkpt lat="28.10956" lon="-16.59686">
        <ele>647.0</ele>
      </trkpt>
      <trkpt lat="28.10958" lon="-16.596789">
        <ele>647.7</ele>
      </trkpt>
      <trkpt lat="28.10974" lon="-16.59658">
        <ele>648.5</ele>
      </trkpt>
      <trkpt lat="28.10985" lon="-16.596409">
        <ele>647.0</ele>
      </trkpt>
      <trkpt lat="28.10994" lon="-16.59629">
        <ele>645.5</ele>
      </trkpt>
      <trkpt lat="28.10999" lon="-16.596219">
        <ele>644.6</ele>
      </trkpt>
      <trkpt lat="28.11016" lon="-16.59597">
        <ele>641.3</ele>
      </trkpt>
      <trkpt lat="28.11026" lon="-16.5958">
        <ele>638.8</ele>
      </trkpt>
      <trkpt lat="28.11048" lon="-16.595479">
        <ele>637.6</ele>
      </trkpt>
      <trkpt lat="28.11053" lon="-16.59541">
        <ele>637.3</ele>
      </trkpt>
      <trkpt lat="28.11059" lon="-16.59532">
        <ele>637.0</ele>
      </trkpt>
      <trkpt lat="28.11076" lon="-16.59507">
        <ele>636.1</ele>
      </trkpt>
      <trkpt lat="28.11081" lon="-16.59499">
        <ele>635.8</ele>
      </trkpt>
      <trkpt lat="28.11088" lon="-16.59488">
        <ele>635.4</ele>
      </trkpt>
      <trkpt lat="28.11099" lon="-16.59474">
        <ele>634.9</ele>
      </trkpt>
      <trkpt lat="28.11119" lon="-16.594439">
        <ele>636.0</ele>
      </trkpt>
      <trkpt lat="28.11131" lon="-16.594249">
        <ele>636.5</ele>
      </trkpt>
      <trkpt lat="28.11138" lon="-16.59409">
        <ele>636.9</ele>
      </trkpt>
      <trkpt lat="28.11139" lon="-16.59405">
        <ele>637.1</ele>
      </trkpt>
      <trkpt lat="28.11142" lon="-16.59393">
        <ele>637.4</ele>
      </trkpt>
      <trkpt lat="28.11147" lon="-16.59375">
        <ele>638.0</ele>
      </trkpt>
      <trkpt lat="28.11153" lon="-16.59348">
        <ele>638.7</ele>
      </trkpt>
      <trkpt lat="28.11154" lon="-16.59346">
        <ele>638.8</ele>
      </trkpt>
      <trkpt lat="28.11157" lon="-16.59335">
        <ele>639.1</ele>
      </trkpt>
      <trkpt lat="28.1116" lon="-16.593129">
        <ele>639.3</ele>
      </trkpt>
      <trkpt lat="28.11158" lon="-16.59296">
        <ele>639.1</ele>
      </trkpt>
      <trkpt lat="28.11156" lon="-16.59279">
        <ele>638.8</ele>
      </trkpt>
      <trkpt lat="28.11151" lon="-16.592369">
        <ele>638.1</ele>
      </trkpt>
      <trkpt lat="28.11152" lon="-16.59208">
        <ele>638.1</ele>
      </trkpt>
      <trkpt lat="28.11171" lon="-16.59141">
        <ele>639.1</ele>
      </trkpt>
      <trkpt lat="28.11171" lon="-16.59139">
        <ele>639.0</ele>
      </trkpt>
      <trkpt lat="28.11176" lon="-16.5912">
        <ele>639.3</ele>
      </trkpt>
      <trkpt lat="28.11181" lon="-16.59103">
        <ele>639.7</ele>
      </trkpt>
      <trkpt lat="28.11182" lon="-16.591">
        <ele>639.7</ele>
      </trkpt>
      <trkpt lat="28.11184" lon="-16.59093">
        <ele>639.8</ele>
      </trkpt>
      <trkpt lat="28.11186" lon="-16.59083">
        <ele>640.0</ele>
      </trkpt>
      <trkpt lat="28.11187" lon="-16.59081">
        <ele>640.1</ele>
      </trkpt>
      <trkpt lat="28.11188" lon="-16.59074">
        <ele>640.2</ele>
      </trkpt>
      <trkpt lat="28.1119" lon="-16.59064">
        <ele>640.4</ele>
      </trkpt>
      <trkpt lat="28.1119" lon="-16.59063">
        <ele>640.4</ele>
      </trkpt>
      <trkpt lat="28.1119" lon="-16.59056">
        <ele>640.6</ele>
      </trkpt>
      <trkpt lat="28.11188" lon="-16.59042">
        <ele>640.8</ele>
      </trkpt>
      <trkpt lat="28.11188" lon="-16.590399">
        <ele>640.9</ele>
      </trkpt>
      <trkpt lat="28.11187" lon="-16.59039">
        <ele>640.8</ele>
      </trkpt>
      <trkpt lat="28.11186" lon="-16.590209">
        <ele>641.5</ele>
      </trkpt>
      <trkpt lat="28.11186" lon="-16.5902">
        <ele>641.5</ele>
      </trkpt>
      <trkpt lat="28.11185" lon="-16.590029">
        <ele>642.2</ele>
      </trkpt>
      <trkpt lat="28.11185" lon="-16.59">
        <ele>642.3</ele>
      </trkpt>
      <trkpt lat="28.11183" lon="-16.58964">
        <ele>642.3</ele>
      </trkpt>
      <trkpt lat="28.11183" lon="-16.58959">
        <ele>642.3</ele>
      </trkpt>
      <trkpt lat="28.11183" lon="-16.5895">
        <ele>642.4</ele>
      </trkpt>
      <trkpt lat="28.11182" lon="-16.58945">
        <ele>642.4</ele>
      </trkpt>
      <trkpt lat="28.11183" lon="-16.58939">
        <ele>642.5</ele>
      </trkpt>
      <trkpt lat="28.11184" lon="-16.58934">
        <ele>642.7</ele>
      </trkpt>
      <trkpt lat="28.11188" lon="-16.58926">
        <ele>643.3</ele>
      </trkpt>
      <trkpt lat="28.11198" lon="-16.58915">
        <ele>644.3</ele>
      </trkpt>
      <trkpt lat="28.11209" lon="-16.58902">
        <ele>645.1</ele>
      </trkpt>
      <trkpt lat="28.11227" lon="-16.5888">
        <ele>646.6</ele>
      </trkpt>
      <trkpt lat="28.11229" lon="-16.58876">
        <ele>646.8</ele>
      </trkpt>
      <trkpt lat="28.1123" lon="-16.58875">
        <ele>646.9</ele>
      </trkpt>
      <trkpt lat="28.11231" lon="-16.58869">
        <ele>646.9</ele>
      </trkpt>
      <trkpt lat="28.11231" lon="-16.58864">
        <ele>646.7</ele>
      </trkpt>
      <trkpt lat="28.11231" lon="-16.58857">
        <ele>646.6</ele>
      </trkpt>
      <trkpt lat="28.11229" lon="-16.58849">
        <ele>646.1</ele>
      </trkpt>
      <trkpt lat="28.11228" lon="-16.58841">
        <ele>645.8</ele>
      </trkpt>
      <trkpt lat="28.11223" lon="-16.58828">
        <ele>644.6</ele>
      </trkpt>
      <trkpt lat="28.11222" lon="-16.58823">
        <ele>644.2</ele>
      </trkpt>
      <trkpt lat="28.1122" lon="-16.58817">
        <ele>643.7</ele>
      </trkpt>
      <trkpt lat="28.1122" lon="-16.58813">
        <ele>643.5</ele>
      </trkpt>
      <trkpt lat="28.11218" lon="-16.58803">
        <ele>642.8</ele>
      </trkpt>
      <trkpt lat="28.11213" lon="-16.58785">
        <ele>641.4</ele>
      </trkpt>
      <trkpt lat="28.11213" lon="-16.58784">
        <ele>641.4</ele>
      </trkpt>
      <trkpt lat="28.11213" lon="-16.58783">
        <ele>641.3</ele>
      </trkpt>
      <trkpt lat="28.11211" lon="-16.58771">
        <ele>640.6</ele>
      </trkpt>
      <trkpt lat="28.11211" lon="-16.58764">
        <ele>640.4</ele>
      </trkpt>
      <trkpt lat="28.11211" lon="-16.58762">
        <ele>640.3</ele>
      </trkpt>
      <trkpt lat="28.11215" lon="-16.58742">
        <ele>640.2</ele>
      </trkpt>
      <trkpt lat="28.11221" lon="-16.58724">
        <ele>640.5</ele>
      </trkpt>
      <trkpt lat="28.11233" lon="-16.58686">
        <ele>641.2</ele>
      </trkpt>
      <trkpt lat="28.11233" lon="-16.58678">
        <ele>641.0</ele>
      </trkpt>
      <trkpt lat="28.11245" lon="-16.58651">
        <ele>641.8</ele>
      </trkpt>
      <trkpt lat="28.11251" lon="-16.58635">
        <ele>642.0</ele>
      </trkpt>
      <trkpt lat="28.11258" lon="-16.58615">
        <ele>642.3</ele>
      </trkpt>
      <trkpt lat="28.11273" lon="-16.585719">
        <ele>643.0</ele>
      </trkpt>
      <trkpt lat="28.11279" lon="-16.585529">
        <ele>643.3</ele>
      </trkpt>
      <trkpt lat="28.11284" lon="-16.58539">
        <ele>643.5</ele>
      </trkpt>
      <trkpt lat="28.11285" lon="-16.585339">
        <ele>643.5</ele>
      </trkpt>
      <trkpt lat="28.11291" lon="-16.58514">
        <ele>643.4</ele>
      </trkpt>
      <trkpt lat="28.11297" lon="-16.58495">
        <ele>643.4</ele>
      </trkpt>
      <trkpt lat="28.11303" lon="-16.584779">
        <ele>643.5</ele>
      </trkpt>
      <trkpt lat="28.11304" lon="-16.58476">
        <ele>643.6</ele>
      </trkpt>
      <trkpt lat="28.11309" lon="-16.58457">
        <ele>643.7</ele>
      </trkpt>
      <trkpt lat="28.11314" lon="-16.58439">
        <ele>643.9</ele>
      </trkpt>
      <trkpt lat="28.11315" lon="-16.58437">
        <ele>644.0</ele>
      </trkpt>
      <trkpt lat="28.11316" lon="-16.584299">
        <ele>644.0</ele>
      </trkpt>
      <trkpt lat="28.11319" lon="-16.58415">
        <ele>644.0</ele>
      </trkpt>
      <trkpt lat="28.11322" lon="-16.58404">
        <ele>643.9</ele>
      </trkpt>
      <trkpt lat="28.11323" lon="-16.58398">
        <ele>643.8</ele>
      </trkpt>
      <trkpt lat="28.11327" lon="-16.58385">
        <ele>643.7</ele>
      </trkpt>
      <trkpt lat="28.11334" lon="-16.58372">
        <ele>644.0</ele>
      </trkpt>
      <trkpt lat="28.1134" lon="-16.5835">
        <ele>644.0</ele>
      </trkpt>
      <trkpt lat="28.11347" lon="-16.58331">
        <ele>644.2</ele>
      </trkpt>
      <trkpt lat="28.11349" lon="-16.583269">
        <ele>644.2</ele>
      </trkpt>
      <trkpt lat="28.11351" lon="-16.58324">
        <ele>644.3</ele>
      </trkpt>
      <trkpt lat="28.11354" lon="-16.58321">
        <ele>644.5</ele>
      </trkpt>
      <trkpt lat="28.11359" lon="-16.58316">
        <ele>644.9</ele>
      </trkpt>
      <trkpt lat="28.11366" lon="-16.58314">
        <ele>645.9</ele>
      </trkpt>
      <trkpt lat="28.11373" lon="-16.58312">
        <ele>647.0</ele>
      </trkpt>
      <trkpt lat="28.11384" lon="-16.583089">
        <ele>648.6</ele>
      </trkpt>
      <trkpt lat="28.11391" lon="-16.58305">
        <ele>649.4</ele>
      </trkpt>
      <trkpt lat="28.11397" lon="-16.58302">
        <ele>650.2</ele>
      </trkpt>
      <trkpt lat="28.11401" lon="-16.58297">
        <ele>650.3</ele>
      </trkpt>
      <trkpt lat="28.11404" lon="-16.58292">
        <ele>650.3</ele>
      </trkpt>
      <trkpt lat="28.11406" lon="-16.58282">
        <ele>649.6</ele>
      </trkpt>
      <trkpt lat="28.11414" lon="-16.582329">
        <ele>646.7</ele>
      </trkpt>
      <trkpt lat="28.11417" lon="-16.58213">
        <ele>646.3</ele>
      </trkpt>
      <trkpt lat="28.11419" lon="-16.582">
        <ele>646.2</ele>
      </trkpt>
      <trkpt lat="28.1142" lon="-16.58198">
        <ele>646.3</ele>
      </trkpt>
      <trkpt lat="28.11421" lon="-16.58192">
        <ele>646.3</ele>
      </trkpt>
      <trkpt lat="28.11429" lon="-16.58171">
        <ele>647.4</ele>
      </trkpt>
      <trkpt lat="28.11429" lon="-16.58171">
        <ele>647.4</ele>
      </trkpt>
      <trkpt lat="28.11445" lon="-16.58143">
        <ele>648.1</ele>
      </trkpt>
      <trkpt lat="28.11455" lon="-16.58129">
        <ele>648.5</ele>
      </trkpt>
      <trkpt lat="28.11457" lon="-16.58126">
        <ele>648.6</ele>
      </trkpt>
      <trkpt lat="28.11459" lon="-16.58123">
        <ele>648.6</ele>
      </trkpt>
      <trkpt lat="28.11461" lon="-16.581209">
        <ele>648.8</ele>
      </trkpt>
      <trkpt lat="28.11464" lon="-16.58119">
        <ele>649.2</ele>
      </trkpt>
      <trkpt lat="28.11471" lon="-16.58115">
        <ele>650.3</ele>
      </trkpt>
      <trkpt lat="28.11475" lon="-16.58114">
        <ele>651.1</ele>
      </trkpt>
      <trkpt lat="28.11485" lon="-16.5811">
        <ele>652.9</ele>
      </trkpt>
      <trkpt lat="28.11497" lon="-16.58106">
        <ele>655.1</ele>
      </trkpt>
      <trkpt lat="28.11508" lon="-16.58101">
        <ele>656.7</ele>
      </trkpt>
      <trkpt lat="28.1151" lon="-16.58099">
        <ele>656.8</ele>
      </trkpt>
      <trkpt lat="28.11512" lon="-16.58098">
        <ele>657.1</ele>
      </trkpt>
      <trkpt lat="28.11513" lon="-16.58096">
        <ele>657.0</ele>
      </trkpt>
      <trkpt lat="28.11515" lon="-16.580929">
        <ele>656.9</ele>
      </trkpt>
      <trkpt lat="28.11516" lon="-16.58091">
        <ele>656.8</ele>
      </trkpt>
      <trkpt lat="28.11516" lon="-16.58089">
        <ele>656.5</ele>
      </trkpt>
      <trkpt lat="28.11517" lon="-16.58087">
        <ele>656.4</ele>
      </trkpt>
      <trkpt lat="28.11517" lon="-16.580839">
        <ele>656.0</ele>
      </trkpt>
      <trkpt lat="28.11517" lon="-16.58079">
        <ele>655.7</ele>
      </trkpt>
      <trkpt lat="28.11517" lon="-16.58077">
        <ele>655.7</ele>
      </trkpt>
      <trkpt lat="28.11516" lon="-16.580739">
        <ele>655.3</ele>
      </trkpt>
      <trkpt lat="28.11515" lon="-16.58071">
        <ele>655.0</ele>
      </trkpt>
      <trkpt lat="28.11513" lon="-16.58069">
        <ele>654.5</ele>
      </trkpt>
      <trkpt lat="28.1151" lon="-16.58067">
        <ele>653.7</ele>
      </trkpt>
      <trkpt lat="28.11505" lon="-16.58062">
        <ele>652.4</ele>
      </trkpt>
      <trkpt lat="28.11503" lon="-16.58061">
        <ele>651.9</ele>
      </trkpt>
      <trkpt lat="28.11497" lon="-16.58057">
        <ele>650.3</ele>
      </trkpt>
      <trkpt lat="28.11492" lon="-16.58052">
        <ele>648.9</ele>
      </trkpt>
      <trkpt lat="28.11491" lon="-16.58051">
        <ele>648.6</ele>
      </trkpt>
      <trkpt lat="28.11489" lon="-16.58048">
        <ele>648.0</ele>
      </trkpt>
      <trkpt lat="28.11485" lon="-16.58044">
        <ele>646.8</ele>
      </trkpt>
      <trkpt lat="28.11481" lon="-16.58038">
        <ele>645.5</ele>
      </trkpt>
      <trkpt lat="28.1148" lon="-16.58032">
        <ele>645.0</ele>
      </trkpt>
      <trkpt lat="28.1148" lon="-16.58021">
        <ele>644.5</ele>
      </trkpt>
      <trkpt lat="28.11483" lon="-16.58011">
        <ele>644.8</ele>
      </trkpt>
      <trkpt lat="28.11485" lon="-16.58005">
        <ele>645.1</ele>
      </trkpt>
      <trkpt lat="28.1149" lon="-16.57997">
        <ele>645.6</ele>
      </trkpt>
      <trkpt lat="28.115" lon="-16.57987">
        <ele>645.9</ele>
      </trkpt>
      <trkpt lat="28.11508" lon="-16.57982">
        <ele>646.4</ele>
      </trkpt>
      <trkpt lat="28.11515" lon="-16.57977">
        <ele>646.8</ele>
      </trkpt>
      <trkpt lat="28.11519" lon="-16.57975">
        <ele>647.1</ele>
      </trkpt>
      <trkpt lat="28.11531" lon="-16.57968">
        <ele>648.0</ele>
      </trkpt>
      <trkpt lat="28.11551" lon="-16.57959">
        <ele>649.9</ele>
      </trkpt>
      <trkpt lat="28.11598" lon="-16.57944">
        <ele>654.3</ele>
      </trkpt>
      <trkpt lat="28.116" lon="-16.579429">
        <ele>654.3</ele>
      </trkpt>
      <trkpt lat="28.11614" lon="-16.57939">
        <ele>655.0</ele>
      </trkpt>
      <trkpt lat="28.11617" lon="-16.57937">
        <ele>654.9</ele>
      </trkpt>
      <trkpt lat="28.11621" lon="-16.57935">
        <ele>654.9</ele>
      </trkpt>
      <trkpt lat="28.11625" lon="-16.57932">
        <ele>654.7</ele>
      </trkpt>
      <trkpt lat="28.11628" lon="-16.5793">
        <ele>654.6</ele>
      </trkpt>
      <trkpt lat="28.11631" lon="-16.57927">
        <ele>654.3</ele>
      </trkpt>
      <trkpt lat="28.11633" lon="-16.579239">
        <ele>653.9</ele>
      </trkpt>
      <trkpt lat="28.11644" lon="-16.57908">
        <ele>651.8</ele>
      </trkpt>
      <trkpt lat="28.11649" lon="-16.57903">
        <ele>651.3</ele>
      </trkpt>
      <trkpt lat="28.11655" lon="-16.578949">
        <ele>650.4</ele>
      </trkpt>
      <trkpt lat="28.11657" lon="-16.57893">
        <ele>650.2</ele>
      </trkpt>
      <trkpt lat="28.11659" lon="-16.57891">
        <ele>650.0</ele>
      </trkpt>
      <trkpt lat="28.11661" lon="-16.57889">
        <ele>649.9</ele>
      </trkpt>
      <trkpt lat="28.11663" lon="-16.578869">
        <ele>649.7</ele>
      </trkpt>
      <trkpt lat="28.11666" lon="-16.578859">
        <ele>649.9</ele>
      </trkpt>
      <trkpt lat="28.11669" lon="-16.57884">
        <ele>649.8</ele>
      </trkpt>
      <trkpt lat="28.11676" lon="-16.57881">
        <ele>650.0</ele>
      </trkpt>
      <trkpt lat="28.11685" lon="-16.578769">
        <ele>650.1</ele>
      </trkpt>
      <trkpt lat="28.11686" lon="-16.578769">
        <ele>650.3</ele>
      </trkpt>
      <trkpt lat="28.1169" lon="-16.57875">
        <ele>650.3</ele>
      </trkpt>
      <trkpt lat="28.11696" lon="-16.57872">
        <ele>650.4</ele>
      </trkpt>
      <trkpt lat="28.11708" lon="-16.578669">
        <ele>650.8</ele>
      </trkpt>
      <trkpt lat="28.11746" lon="-16.57852">
        <ele>652.8</ele>
      </trkpt>
      <trkpt lat="28.11777" lon="-16.57838">
        <ele>653.7</ele>
      </trkpt>
      <trkpt lat="28.11778" lon="-16.57838">
        <ele>653.8</ele>
      </trkpt>
      <trkpt lat="28.1179" lon="-16.57833">
        <ele>654.3</ele>
      </trkpt>
      <trkpt lat="28.11852" lon="-16.57806">
        <ele>654.7</ele>
      </trkpt>
      <trkpt lat="28.11853" lon="-16.57806">
        <ele>654.7</ele>
      </trkpt>
      <trkpt lat="28.11915" lon="-16.57779">
        <ele>652.4</ele>
      </trkpt>
      <trkpt lat="28.11921" lon="-16.57776">
        <ele>652.4</ele>
      </trkpt>
      <trkpt lat="28.1194" lon="-16.577639">
        <ele>652.3</ele>
      </trkpt>
      <trkpt lat="28.1194" lon="-16.577639">
        <ele>652.3</ele>
      </trkpt>
      <trkpt lat="28.11941" lon="-16.5777">
        <ele>652.8</ele>
      </trkpt>
      <trkpt lat="28.11941" lon="-16.577729">
        <ele>653.1</ele>
      </trkpt>
      <trkpt lat="28.1194" lon="-16.57776">
        <ele>653.3</ele>
      </trkpt>
      <trkpt lat="28.1194" lon="-16.57779">
        <ele>653.6</ele>
      </trkpt>
      <trkpt lat="28.11939" lon="-16.577829">
        <ele>653.8</ele>
      </trkpt>
      <trkpt lat="28.11939" lon="-16.577839">
        <ele>653.9</ele>
      </trkpt>
      <trkpt lat="28.11938" lon="-16.57788">
        <ele>654.2</ele>
      </trkpt>
      <trkpt lat="28.11936" lon="-16.577929">
        <ele>654.5</ele>
      </trkpt>
      <trkpt lat="28.11929" lon="-16.57813">
        <ele>655.9</ele>
      </trkpt>
      <trkpt lat="28.11923" lon="-16.57818">
        <ele>656.0</ele>
      </trkpt>
      <trkpt lat="28.11922" lon="-16.57823">
        <ele>656.4</ele>
      </trkpt>
      <trkpt lat="28.11922" lon="-16.57825">
        <ele>656.6</ele>
      </trkpt>
      <trkpt lat="28.11922" lon="-16.57826">
        <ele>656.6</ele>
      </trkpt>
      <trkpt lat="28.11921" lon="-16.57827">
        <ele>656.7</ele>
      </trkpt>
      <trkpt lat="28.11921" lon="-16.57828">
        <ele>656.8</ele>
      </trkpt>
      <trkpt lat="28.1192" lon="-16.578299">
        <ele>656.9</ele>
      </trkpt>
      <trkpt lat="28.11919" lon="-16.57832">
        <ele>657.0</ele>
      </trkpt>
      <trkpt lat="28.11918" lon="-16.57833">
        <ele>657.0</ele>
      </trkpt>
      <trkpt lat="28.11915" lon="-16.57836">
        <ele>657.5</ele>
      </trkpt>
      <trkpt lat="28.11913" lon="-16.57838">
        <ele>658.0</ele>
      </trkpt>
      <trkpt lat="28.11892" lon="-16.578489">
        <ele>660.4</ele>
      </trkpt>
      <trkpt lat="28.118818" lon="-16.578547">
        <ele>661.5</ele>
      </trkpt>
      <trkpt lat="28.11876" lon="-16.578579">
        <ele>662.1</ele>
      </trkpt>
      <trkpt lat="28.11851" lon="-16.57871">
        <ele>664.4</ele>
      </trkpt>
      <trkpt lat="28.11843" lon="-16.578759">
        <ele>665.1</ele>
      </trkpt>
      <trkpt lat="28.11827" lon="-16.57885">
        <ele>665.9</ele>
      </trkpt>
      <trkpt lat="28.1182" lon="-16.5789">
        <ele>666.0</ele>
      </trkpt>
      <trkpt lat="28.11811" lon="-16.57897">
        <ele>666.4</ele>
      </trkpt>
      <trkpt lat="28.11798" lon="-16.57908">
        <ele>667.1</ele>
      </trkpt>
      <trkpt lat="28.11797" lon="-16.57908">
        <ele>667.0</ele>
      </trkpt>
      <trkpt lat="28.11786" lon="-16.5792">
        <ele>668.1</ele>
      </trkpt>
      <trkpt lat="28.11774" lon="-16.57932">
        <ele>669.2</ele>
      </trkpt>
      <trkpt lat="28.11769" lon="-16.57938">
        <ele>669.8</ele>
      </trkpt>
      <trkpt lat="28.11764" lon="-16.57945">
        <ele>670.5</ele>
      </trkpt>
      <trkpt lat="28.1175" lon="-16.57963">
        <ele>672.2</ele>
      </trkpt>
      <trkpt lat="28.11743" lon="-16.57973">
        <ele>673.3</ele>
      </trkpt>
      <trkpt lat="28.1174" lon="-16.57977">
        <ele>673.8</ele>
      </trkpt>
      <trkpt lat="28.11739" lon="-16.57979">
        <ele>674.1</ele>
      </trkpt>
      <trkpt lat="28.11738" lon="-16.579799">
        <ele>674.2</ele>
      </trkpt>
      <trkpt lat="28.11738" lon="-16.579809">
        <ele>674.3</ele>
      </trkpt>
      <trkpt lat="28.11738" lon="-16.57984">
        <ele>674.8</ele>
      </trkpt>
      <trkpt lat="28.11703" lon="-16.57995">
        <ele>674.8</ele>
      </trkpt>
      <trkpt lat="28.11686" lon="-16.58001">
        <ele>675.1</ele>
      </trkpt>
      <trkpt lat="28.1167" lon="-16.58006">
        <ele>674.8</ele>
      </trkpt>
      <trkpt lat="28.11668" lon="-16.58007">
        <ele>674.7</ele>
      </trkpt>
      <trkpt lat="28.11661" lon="-16.580089">
        <ele>674.4</ele>
      </trkpt>
      <trkpt lat="28.11655" lon="-16.58011">
        <ele>674.1</ele>
      </trkpt>
      <trkpt lat="28.11653" lon="-16.58012">
        <ele>674.0</ele>
      </trkpt>
      <trkpt lat="28.1165" lon="-16.58013">
        <ele>673.9</ele>
      </trkpt>
      <trkpt lat="28.11648" lon="-16.58014">
        <ele>673.8</ele>
      </trkpt>
      <trkpt lat="28.11646" lon="-16.58015">
        <ele>673.7</ele>
      </trkpt>
      <trkpt lat="28.11644" lon="-16.580169">
        <ele>673.7</ele>
      </trkpt>
      <trkpt lat="28.11643" lon="-16.580179">
        <ele>673.7</ele>
      </trkpt>
      <trkpt lat="28.11642" lon="-16.58019">
        <ele>673.7</ele>
      </trkpt>
      <trkpt lat="28.1164" lon="-16.5802">
        <ele>673.6</ele>
      </trkpt>
      <trkpt lat="28.11639" lon="-16.58022">
        <ele>673.7</ele>
      </trkpt>
      <trkpt lat="28.11638" lon="-16.58025">
        <ele>673.8</ele>
      </trkpt>
      <trkpt lat="28.11638" lon="-16.580279">
        <ele>674.0</ele>
      </trkpt>
      <trkpt lat="28.11638" lon="-16.5803">
        <ele>674.2</ele>
      </trkpt>
      <trkpt lat="28.11638" lon="-16.58034">
        <ele>674.5</ele>
      </trkpt>
      <trkpt lat="28.11638" lon="-16.58038">
        <ele>674.8</ele>
      </trkpt>
      <trkpt lat="28.11639" lon="-16.58041">
        <ele>675.1</ele>
      </trkpt>
      <trkpt lat="28.1164" lon="-16.58043">
        <ele>675.4</ele>
      </trkpt>
      <trkpt lat="28.11641" lon="-16.58044">
        <ele>675.6</ele>
      </trkpt>
      <trkpt lat="28.11642" lon="-16.580449">
        <ele>675.7</ele>
      </trkpt>
      <trkpt lat="28.11643" lon="-16.580459">
        <ele>675.9</ele>
      </trkpt>
      <trkpt lat="28.11652" lon="-16.58054">
        <ele>677.6</ele>
      </trkpt>
      <trkpt lat="28.11671" lon="-16.5807">
        <ele>681.4</ele>
      </trkpt>
      <trkpt lat="28.11686" lon="-16.5808">
        <ele>684.8</ele>
      </trkpt>
      <trkpt lat="28.1169" lon="-16.58082">
        <ele>685.7</ele>
      </trkpt>
      <trkpt lat="28.11694" lon="-16.58085">
        <ele>686.8</ele>
      </trkpt>
      <trkpt lat="28.11698" lon="-16.58086">
        <ele>687.5</ele>
      </trkpt>
      <trkpt lat="28.11714" lon="-16.580939">
        <ele>691.0</ele>
      </trkpt>
      <trkpt lat="28.11719" lon="-16.58097">
        <ele>692.1</ele>
      </trkpt>
      <trkpt lat="28.11721" lon="-16.58098">
        <ele>692.5</ele>
      </trkpt>
      <trkpt lat="28.11723" lon="-16.58099">
        <ele>692.9</ele>
      </trkpt>
      <trkpt lat="28.11724" lon="-16.581">
        <ele>693.2</ele>
      </trkpt>
      <trkpt lat="28.11724" lon="-16.58101">
        <ele>693.2</ele>
      </trkpt>
      <trkpt lat="28.11725" lon="-16.58101">
        <ele>693.4</ele>
      </trkpt>
      <trkpt lat="28.11725" lon="-16.581019">
        <ele>693.5</ele>
      </trkpt>
      <trkpt lat="28.11725" lon="-16.58105">
        <ele>693.8</ele>
      </trkpt>
      <trkpt lat="28.11725" lon="-16.58105">
        <ele>693.8</ele>
      </trkpt>
      <trkpt lat="28.11726" lon="-16.58106">
        <ele>694.0</ele>
      </trkpt>
      <trkpt lat="28.11726" lon="-16.58108">
        <ele>694.2</ele>
      </trkpt>
      <trkpt lat="28.11726" lon="-16.5811">
        <ele>694.4</ele>
      </trkpt>
      <trkpt lat="28.11725" lon="-16.58113">
        <ele>694.5</ele>
      </trkpt>
      <trkpt lat="28.11725" lon="-16.58115">
        <ele>694.7</ele>
      </trkpt>
      <trkpt lat="28.11724" lon="-16.58117">
        <ele>694.7</ele>
      </trkpt>
      <trkpt lat="28.11723" lon="-16.58119">
        <ele>694.7</ele>
      </trkpt>
      <trkpt lat="28.11722" lon="-16.581209">
        <ele>694.8</ele>
      </trkpt>
      <trkpt lat="28.1172" lon="-16.58123">
        <ele>694.6</ele>
      </trkpt>
      <trkpt lat="28.11708" lon="-16.58133">
        <ele>693.7</ele>
      </trkpt>
      <trkpt lat="28.11704" lon="-16.58136">
        <ele>693.4</ele>
      </trkpt>
      <trkpt lat="28.11691" lon="-16.58147">
        <ele>692.5</ele>
      </trkpt>
      <trkpt lat="28.11689" lon="-16.58148">
        <ele>692.3</ele>
      </trkpt>
      <trkpt lat="28.11687" lon="-16.581499">
        <ele>692.2</ele>
      </trkpt>
      <trkpt lat="28.11686" lon="-16.58152">
        <ele>692.3</ele>
      </trkpt>
      <trkpt lat="28.11684" lon="-16.58154">
        <ele>692.2</ele>
      </trkpt>
      <trkpt lat="28.11684" lon="-16.58155">
        <ele>692.3</ele>
      </trkpt>
      <trkpt lat="28.11683" lon="-16.58155">
        <ele>692.1</ele>
      </trkpt>
      <trkpt lat="28.11683" lon="-16.58156">
        <ele>692.3</ele>
      </trkpt>
      <trkpt lat="28.11682" lon="-16.581589">
        <ele>692.4</ele>
      </trkpt>
      <trkpt lat="28.11681" lon="-16.58161">
        <ele>692.5</ele>
      </trkpt>
      <trkpt lat="28.11681" lon="-16.58162">
        <ele>692.6</ele>
      </trkpt>
      <trkpt lat="28.1168" lon="-16.58165">
        <ele>692.7</ele>
      </trkpt>
      <trkpt lat="28.1168" lon="-16.581689">
        <ele>692.9</ele>
      </trkpt>
      <trkpt lat="28.11682" lon="-16.58175">
        <ele>693.2</ele>
      </trkpt>
      <trkpt lat="28.11684" lon="-16.5818">
        <ele>693.5</ele>
      </trkpt>
      <trkpt lat="28.11687" lon="-16.581859">
        <ele>694.0</ele>
      </trkpt>
      <trkpt lat="28.1169" lon="-16.58191">
        <ele>694.4</ele>
      </trkpt>
      <trkpt lat="28.11692" lon="-16.58195">
        <ele>694.8</ele>
      </trkpt>
      <trkpt lat="28.11697" lon="-16.58202">
        <ele>695.5</ele>
      </trkpt>
      <trkpt lat="28.11703" lon="-16.58211">
        <ele>696.5</ele>
      </trkpt>
      <trkpt lat="28.11714" lon="-16.58221">
        <ele>698.2</ele>
      </trkpt>
      <trkpt lat="28.11727" lon="-16.58232">
        <ele>700.3</ele>
      </trkpt>
      <trkpt lat="28.11735" lon="-16.58238">
        <ele>701.5</ele>
      </trkpt>
      <trkpt lat="28.11745" lon="-16.582429">
        <ele>703.1</ele>
      </trkpt>
      <trkpt lat="28.11788" lon="-16.5826">
        <ele>707.3</ele>
      </trkpt>
      <trkpt lat="28.11794" lon="-16.58263">
        <ele>708.0</ele>
      </trkpt>
      <trkpt lat="28.11805" lon="-16.58267">
        <ele>709.1</ele>
      </trkpt>
      <trkpt lat="28.11814" lon="-16.5827">
        <ele>710.1</ele>
      </trkpt>
      <trkpt lat="28.11819" lon="-16.582719">
        <ele>710.6</ele>
      </trkpt>
      <trkpt lat="28.11822" lon="-16.58274">
        <ele>711.0</ele>
      </trkpt>
      <trkpt lat="28.11823" lon="-16.58275">
        <ele>711.1</ele>
      </trkpt>
      <trkpt lat="28.11826" lon="-16.58277">
        <ele>711.5</ele>
      </trkpt>
      <trkpt lat="28.11828" lon="-16.58279">
        <ele>711.8</ele>
      </trkpt>
      <trkpt lat="28.1183" lon="-16.582809">
        <ele>712.1</ele>
      </trkpt>
      <trkpt lat="28.11833" lon="-16.58285">
        <ele>712.6</ele>
      </trkpt>
      <trkpt lat="28.11835" lon="-16.58288">
        <ele>713.0</ele>
      </trkpt>
      <trkpt lat="28.11836" lon="-16.582909">
        <ele>713.2</ele>
      </trkpt>
      <trkpt lat="28.11838" lon="-16.58295">
        <ele>713.6</ele>
      </trkpt>
      <trkpt lat="28.11839" lon="-16.582989">
        <ele>713.9</ele>
      </trkpt>
      <trkpt lat="28.11839" lon="-16.58304">
        <ele>714.1</ele>
      </trkpt>
      <trkpt lat="28.1184" lon="-16.583089">
        <ele>714.5</ele>
      </trkpt>
      <trkpt lat="28.1184" lon="-16.58313">
        <ele>714.7</ele>
      </trkpt>
      <trkpt lat="28.1184" lon="-16.58316">
        <ele>714.8</ele>
      </trkpt>
      <trkpt lat="28.1184" lon="-16.583189">
        <ele>715.0</ele>
      </trkpt>
      <trkpt lat="28.11839" lon="-16.583269">
        <ele>715.2</ele>
      </trkpt>
      <trkpt lat="28.11839" lon="-16.58331">
        <ele>715.4</ele>
      </trkpt>
      <trkpt lat="28.11838" lon="-16.58335">
        <ele>715.6</ele>
      </trkpt>
      <trkpt lat="28.11838" lon="-16.583359">
        <ele>715.6</ele>
      </trkpt>
      <trkpt lat="28.11837" lon="-16.58341">
        <ele>715.9</ele>
      </trkpt>
      <trkpt lat="28.11836" lon="-16.583459">
        <ele>716.2</ele>
      </trkpt>
      <trkpt lat="28.11834" lon="-16.58354">
        <ele>716.6</ele>
      </trkpt>
      <trkpt lat="28.1183" lon="-16.58367">
        <ele>717.0</ele>
      </trkpt>
      <trkpt lat="28.11828" lon="-16.583749">
        <ele>717.3</ele>
      </trkpt>
      <trkpt lat="28.11822" lon="-16.583929">
        <ele>717.8</ele>
      </trkpt>
      <trkpt lat="28.11822" lon="-16.583939">
        <ele>717.8</ele>
      </trkpt>
      <trkpt lat="28.11812" lon="-16.584209">
        <ele>718.8</ele>
      </trkpt>
      <trkpt lat="28.11804" lon="-16.58446">
        <ele>721.4</ele>
      </trkpt>
      <trkpt lat="28.11799" lon="-16.58462">
        <ele>723.0</ele>
      </trkpt>
      <trkpt lat="28.11791" lon="-16.584869">
        <ele>725.1</ele>
      </trkpt>
      <trkpt lat="28.1179" lon="-16.58489">
        <ele>725.2</ele>
      </trkpt>
      <trkpt lat="28.11782" lon="-16.58513">
        <ele>726.8</ele>
      </trkpt>
      <trkpt lat="28.11774" lon="-16.5854">
        <ele>728.5</ele>
      </trkpt>
      <trkpt lat="28.11765" lon="-16.58565">
        <ele>729.5</ele>
      </trkpt>
      <trkpt lat="28.11761" lon="-16.58575">
        <ele>729.7</ele>
      </trkpt>
      <trkpt lat="28.11759" lon="-16.585809">
        <ele>729.9</ele>
      </trkpt>
      <trkpt lat="28.11758" lon="-16.58586">
        <ele>730.2</ele>
      </trkpt>
      <trkpt lat="28.11757" lon="-16.585909">
        <ele>730.5</ele>
      </trkpt>
      <trkpt lat="28.11756" lon="-16.58595">
        <ele>730.7</ele>
      </trkpt>
      <trkpt lat="28.11756" lon="-16.585989">
        <ele>731.1</ele>
      </trkpt>
      <trkpt lat="28.11755" lon="-16.58604">
        <ele>731.4</ele>
      </trkpt>
      <trkpt lat="28.11754" lon="-16.586089">
        <ele>731.7</ele>
      </trkpt>
      <trkpt lat="28.11754" lon="-16.58615">
        <ele>732.4</ele>
      </trkpt>
      <trkpt lat="28.11754" lon="-16.58623">
        <ele>733.2</ele>
      </trkpt>
      <trkpt lat="28.11754" lon="-16.586369">
        <ele>734.8</ele>
      </trkpt>
      <trkpt lat="28.11753" lon="-16.58662">
        <ele>737.2</ele>
      </trkpt>
      <trkpt lat="28.11753" lon="-16.58682">
        <ele>738.6</ele>
      </trkpt>
      <trkpt lat="28.11753" lon="-16.58701">
        <ele>739.8</ele>
      </trkpt>
      <trkpt lat="28.11752" lon="-16.587219">
        <ele>740.8</ele>
      </trkpt>
      <trkpt lat="28.11752" lon="-16.58725">
        <ele>740.9</ele>
      </trkpt>
      <trkpt lat="28.11752" lon="-16.58742">
        <ele>742.0</ele>
      </trkpt>
      <trkpt lat="28.11752" lon="-16.58748">
        <ele>742.3</ele>
      </trkpt>
      <trkpt lat="28.11752" lon="-16.58754">
        <ele>742.4</ele>
      </trkpt>
      <trkpt lat="28.11752" lon="-16.58762">
        <ele>742.3</ele>
      </trkpt>
      <trkpt lat="28.11752" lon="-16.5877">
        <ele>742.2</ele>
      </trkpt>
      <trkpt lat="28.11752" lon="-16.587769">
        <ele>742.1</ele>
      </trkpt>
      <trkpt lat="28.11753" lon="-16.58786">
        <ele>742.3</ele>
      </trkpt>
      <trkpt lat="28.11755" lon="-16.587959">
        <ele>742.7</ele>
      </trkpt>
      <trkpt lat="28.11761" lon="-16.58823">
        <ele>744.1</ele>
      </trkpt>
      <trkpt lat="28.11764" lon="-16.58836">
        <ele>744.7</ele>
      </trkpt>
      <trkpt lat="28.11768" lon="-16.588519">
        <ele>744.4</ele>
      </trkpt>
      <trkpt lat="28.1177" lon="-16.58859">
        <ele>744.4</ele>
      </trkpt>
      <trkpt lat="28.11773" lon="-16.58868">
        <ele>744.4</ele>
      </trkpt>
      <trkpt lat="28.11776" lon="-16.58874">
        <ele>744.6</ele>
      </trkpt>
      <trkpt lat="28.11777" lon="-16.58878">
        <ele>744.5</ele>
      </trkpt>
      <trkpt lat="28.11779" lon="-16.5888">
        <ele>744.9</ele>
      </trkpt>
      <trkpt lat="28.1178" lon="-16.588809">
        <ele>745.0</ele>
      </trkpt>
      <trkpt lat="28.11782" lon="-16.58885">
        <ele>745.2</ele>
      </trkpt>
      <trkpt lat="28.11784" lon="-16.58888">
        <ele>745.4</ele>
      </trkpt>
      <trkpt lat="28.11786" lon="-16.588909">
        <ele>745.6</ele>
      </trkpt>
      <trkpt lat="28.11788" lon="-16.58893">
        <ele>745.9</ele>
      </trkpt>
      <trkpt lat="28.1179" lon="-16.58895">
        <ele>746.2</ele>
      </trkpt>
      <trkpt lat="28.11804" lon="-16.58908">
        <ele>748.2</ele>
      </trkpt>
      <trkpt lat="28.11808" lon="-16.589099">
        <ele>748.9</ele>
      </trkpt>
      <trkpt lat="28.11808" lon="-16.589099">
        <ele>748.9</ele>
      </trkpt>
      <trkpt lat="28.118" lon="-16.58904">
        <ele>747.7</ele>
      </trkpt>
      <trkpt lat="28.11833" lon="-16.589289">
        <ele>752.0</ele>
      </trkpt>
      <trkpt lat="28.1184" lon="-16.58934">
        <ele>751.8</ele>
      </trkpt>
      <trkpt lat="28.11851" lon="-16.58936">
        <ele>752.3</ele>
      </trkpt>
      <trkpt lat="28.11885" lon="-16.58936">
        <ele>754.8</ele>
      </trkpt>
      <trkpt lat="28.11958" lon="-16.58932">
        <ele>761.5</ele>
      </trkpt>
      <trkpt lat="28.12046" lon="-16.589289">
        <ele>771.4</ele>
      </trkpt>
      <trkpt lat="28.12058" lon="-16.58933">
        <ele>771.9</ele>
      </trkpt>
      <trkpt lat="28.12115" lon="-16.5896">
        <ele>773.5</ele>
      </trkpt>
      <trkpt lat="28.12155" lon="-16.58973">
        <ele>775.3</ele>
      </trkpt>
      <trkpt lat="28.12172" lon="-16.58978">
        <ele>775.5</ele>
      </trkpt>
      <trkpt lat="28.12212" lon="-16.58982">
        <ele>778.1</ele>
      </trkpt>
      <trkpt lat="28.12233" lon="-16.5898">
        <ele>781.1</ele>
      </trkpt>
      <trkpt lat="28.12286" lon="-16.58968">
        <ele>786.7</ele>
      </trkpt>
      <trkpt lat="28.12361" lon="-16.58943">
        <ele>794.3</ele>
      </trkpt>
      <trkpt lat="28.12369" lon="-16.58939">
        <ele>795.9</ele>
      </trkpt>
      <trkpt lat="28.12384" lon="-16.58925">
        <ele>799.8</ele>
      </trkpt>
      <trkpt lat="28.12402" lon="-16.58922">
        <ele>801.4</ele>
      </trkpt>
      <trkpt lat="28.12408" lon="-16.5893">
        <ele>800.4</ele>
      </trkpt>
      <trkpt lat="28.12428" lon="-16.58997">
        <ele>792.6</ele>
      </trkpt>
      <trkpt lat="28.12432" lon="-16.59005">
        <ele>792.4</ele>
      </trkpt>
      <trkpt lat="28.12479" lon="-16.59061">
        <ele>796.8</ele>
      </trkpt>
      <trkpt lat="28.12486" lon="-16.5908">
        <ele>796.7</ele>
      </trkpt>
      <trkpt lat="28.12485" lon="-16.590879">
        <ele>796.5</ele>
      </trkpt>
      <trkpt lat="28.12483" lon="-16.590959">
        <ele>796.5</ele>
      </trkpt>
      <trkpt lat="28.12477" lon="-16.59103">
        <ele>795.7</ele>
      </trkpt>
      <trkpt lat="28.12473" lon="-16.5911">
        <ele>795.1</ele>
      </trkpt>
      <trkpt lat="28.12463" lon="-16.59146">
        <ele>794.1</ele>
      </trkpt>
      <trkpt lat="28.12462" lon="-16.59159">
        <ele>794.2</ele>
      </trkpt>
      <trkpt lat="28.12465" lon="-16.59167">
        <ele>795.2</ele>
      </trkpt>
      <trkpt lat="28.12471" lon="-16.591729">
        <ele>796.6</ele>
      </trkpt>
      <trkpt lat="28.12509" lon="-16.591819">
        <ele>805.0</ele>
      </trkpt>
      <trkpt lat="28.12517" lon="-16.59188">
        <ele>806.1</ele>
      </trkpt>
      <trkpt lat="28.1252" lon="-16.591919">
        <ele>806.4</ele>
      </trkpt>
      <trkpt lat="28.12526" lon="-16.592199">
        <ele>806.4</ele>
      </trkpt>
      <trkpt lat="28.12529" lon="-16.59233">
        <ele>806.4</ele>
      </trkpt>
      <trkpt lat="28.12535" lon="-16.59269">
        <ele>806.4</ele>
      </trkpt>
      <trkpt lat="28.1254" lon="-16.59279">
        <ele>806.9</ele>
      </trkpt>
      <trkpt lat="28.12585" lon="-16.593399">
        <ele>814.0</ele>
      </trkpt>
      <trkpt lat="28.12596" lon="-16.593499">
        <ele>815.6</ele>
      </trkpt>
      <trkpt lat="28.12647" lon="-16.59391">
        <ele>824.8</ele>
      </trkpt>
      <trkpt lat="28.1265" lon="-16.593979">
        <ele>825.4</ele>
      </trkpt>
      <trkpt lat="28.12651" lon="-16.594059">
        <ele>825.5</ele>
      </trkpt>
      <trkpt lat="28.12649" lon="-16.59436">
        <ele>823.6</ele>
      </trkpt>
      <trkpt lat="28.12653" lon="-16.59451">
        <ele>823.4</ele>
      </trkpt>
      <trkpt lat="28.12658" lon="-16.59456">
        <ele>824.2</ele>
      </trkpt>
      <trkpt lat="28.12664" lon="-16.59458">
        <ele>825.4</ele>
      </trkpt>
      <trkpt lat="28.12701" lon="-16.594539">
        <ele>832.2</ele>
      </trkpt>
      <trkpt lat="28.12707" lon="-16.59456">
        <ele>833.1</ele>
      </trkpt>
      <trkpt lat="28.12711" lon="-16.5946">
        <ele>833.6</ele>
      </trkpt>
      <trkpt lat="28.12713" lon="-16.59467">
        <ele>833.7</ele>
      </trkpt>
      <trkpt lat="28.12712" lon="-16.59474">
        <ele>833.3</ele>
      </trkpt>
      <trkpt lat="28.127" lon="-16.59499">
        <ele>829.9</ele>
      </trkpt>
      <trkpt lat="28.12697" lon="-16.595099">
        <ele>828.4</ele>
      </trkpt>
      <trkpt lat="28.12701" lon="-16.59525">
        <ele>828.1</ele>
      </trkpt>
      <trkpt lat="28.12706" lon="-16.59534">
        <ele>828.2</ele>
      </trkpt>
      <trkpt lat="28.12713" lon="-16.59542">
        <ele>828.8</ele>
      </trkpt>
      <trkpt lat="28.12718" lon="-16.59543">
        <ele>829.5</ele>
      </trkpt>
      <trkpt lat="28.12779" lon="-16.595469">
        <ele>838.6</ele>
      </trkpt>
      <trkpt lat="28.12788" lon="-16.59549">
        <ele>839.7</ele>
      </trkpt>
      <trkpt lat="28.12798" lon="-16.59552">
        <ele>841.0</ele>
      </trkpt>
      <trkpt lat="28.12802" lon="-16.59558">
        <ele>841.3</ele>
      </trkpt>
      <trkpt lat="28.12804" lon="-16.59565">
        <ele>841.3</ele>
      </trkpt>
      <trkpt lat="28.12801" lon="-16.59592">
        <ele>838.9</ele>
      </trkpt>
      <trkpt lat="28.12806" lon="-16.59618">
        <ele>837.1</ele>
      </trkpt>
      <trkpt lat="28.12817" lon="-16.59639">
        <ele>837.0</ele>
      </trkpt>
      <trkpt lat="28.12831" lon="-16.596599">
        <ele>837.3</ele>
      </trkpt>
      <trkpt lat="28.1284" lon="-16.59667">
        <ele>838.1</ele>
      </trkpt>
      <trkpt lat="28.1285" lon="-16.596689">
        <ele>839.6</ele>
      </trkpt>
      <trkpt lat="28.12866" lon="-16.596689">
        <ele>842.3</ele>
      </trkpt>
      <trkpt lat="28.12905" lon="-16.59656">
        <ele>850.2</ele>
      </trkpt>
      <trkpt lat="28.12913" lon="-16.59658">
        <ele>851.3</ele>
      </trkpt>
      <trkpt lat="28.12918" lon="-16.59663">
        <ele>851.6</ele>
      </trkpt>
      <trkpt lat="28.1292" lon="-16.59667">
        <ele>851.4</ele>
      </trkpt>
      <trkpt lat="28.1292" lon="-16.59675">
        <ele>850.8</ele>
      </trkpt>
      <trkpt lat="28.12918" lon="-16.59683">
        <ele>849.8</ele>
      </trkpt>
      <trkpt lat="28.12913" lon="-16.59693">
        <ele>848.2</ele>
      </trkpt>
      <trkpt lat="28.12911" lon="-16.597059">
        <ele>846.7</ele>
      </trkpt>
      <trkpt lat="28.12919" lon="-16.597449">
        <ele>844.9</ele>
      </trkpt>
      <trkpt lat="28.12927" lon="-16.59762">
        <ele>846.0</ele>
      </trkpt>
      <trkpt lat="28.12937" lon="-16.59774">
        <ele>847.8</ele>
      </trkpt>
      <trkpt lat="28.12986" lon="-16.597919">
        <ele>856.4</ele>
      </trkpt>
      <trkpt lat="28.12999" lon="-16.59798">
        <ele>858.4</ele>
      </trkpt>
      <trkpt lat="28.13003" lon="-16.59803">
        <ele>858.7</ele>
      </trkpt>
      <trkpt lat="28.13026" lon="-16.598659">
        <ele>859.5</ele>
      </trkpt>
      <trkpt lat="28.1305" lon="-16.59929">
        <ele>862.0</ele>
      </trkpt>
      <trkpt lat="28.13073" lon="-16.59992">
        <ele>865.6</ele>
      </trkpt>
      <trkpt lat="28.13076" lon="-16.60002">
        <ele>865.9</ele>
      </trkpt>
      <trkpt lat="28.13076" lon="-16.60011">
        <ele>865.9</ele>
      </trkpt>
      <trkpt lat="28.13075" lon="-16.60018">
        <ele>865.7</ele>
      </trkpt>
      <trkpt lat="28.13063" lon="-16.6004">
        <ele>863.7</ele>
      </trkpt>
      <trkpt lat="28.13062" lon="-16.60048">
        <ele>863.5</ele>
      </trkpt>
      <trkpt lat="28.13062" lon="-16.60057">
        <ele>863.4</ele>
      </trkpt>
      <trkpt lat="28.13067" lon="-16.60068">
        <ele>864.2</ele>
      </trkpt>
      <trkpt lat="28.13072" lon="-16.600719">
        <ele>865.0</ele>
      </trkpt>
      <trkpt lat="28.13123" lon="-16.60079">
        <ele>871.4</ele>
      </trkpt>
      <trkpt lat="28.13175" lon="-16.60087">
        <ele>876.9</ele>
      </trkpt>
      <trkpt lat="28.13188" lon="-16.60086">
        <ele>877.8</ele>
      </trkpt>
      <trkpt lat="28.132" lon="-16.60081">
        <ele>878.6</ele>
      </trkpt>
      <trkpt lat="28.1326" lon="-16.60024">
        <ele>890.2</ele>
      </trkpt>
      <trkpt lat="28.13272" lon="-16.60021">
        <ele>891.9</ele>
      </trkpt>
      <trkpt lat="28.1328" lon="-16.60022">
        <ele>892.6</ele>
      </trkpt>
      <trkpt lat="28.13315" lon="-16.60043">
        <ele>895.5</ele>
      </trkpt>
      <trkpt lat="28.13322" lon="-16.6006">
        <ele>895.8</ele>
      </trkpt>
      <trkpt lat="28.13323" lon="-16.60065">
        <ele>895.8</ele>
      </trkpt>
      <trkpt lat="28.13322" lon="-16.6006">
        <ele>895.8</ele>
      </trkpt>
      <trkpt lat="28.13315" lon="-16.60043">
        <ele>895.5</ele>
      </trkpt>
      <trkpt lat="28.1328" lon="-16.60022">
        <ele>892.6</ele>
      </trkpt>
      <trkpt lat="28.13272" lon="-16.60021">
        <ele>891.9</ele>
      </trkpt>
      <trkpt lat="28.1326" lon="-16.60024">
        <ele>890.2</ele>
      </trkpt>
      <trkpt lat="28.13272" lon="-16.60021">
        <ele>891.9</ele>
      </trkpt>
      <trkpt lat="28.1328" lon="-16.60022">
        <ele>892.6</ele>
      </trkpt>
      <trkpt lat="28.13315" lon="-16.60043">
        <ele>895.5</ele>
      </trkpt>
      <trkpt lat="28.13322" lon="-16.6006">
        <ele>895.8</ele>
      </trkpt>
      <trkpt lat="28.1333" lon="-16.601299">
        <ele>904.3</ele>
      </trkpt>
      <trkpt lat="28.13328" lon="-16.6014">
        <ele>905.6</ele>
      </trkpt>
      <trkpt lat="28.13323" lon="-16.60145">
        <ele>905.7</ele>
      </trkpt>
      <trkpt lat="28.13311" lon="-16.6015">
        <ele>904.6</ele>
      </trkpt>
      <trkpt lat="28.13288" lon="-16.60152">
        <ele>901.3</ele>
      </trkpt>
      <trkpt lat="28.13278" lon="-16.60155">
        <ele>900.2</ele>
      </trkpt>
      <trkpt lat="28.13236" lon="-16.60182">
        <ele>900.5</ele>
      </trkpt>
      <trkpt lat="28.13224" lon="-16.60193">
        <ele>901.0</ele>
      </trkpt>
      <trkpt lat="28.13203" lon="-16.60218">
        <ele>901.8</ele>
      </trkpt>
      <trkpt lat="28.13193" lon="-16.602329">
        <ele>901.9</ele>
      </trkpt>
      <trkpt lat="28.13184" lon="-16.60254">
        <ele>902.7</ele>
      </trkpt>
      <trkpt lat="28.13174" lon="-16.60281">
        <ele>902.4</ele>
      </trkpt>
      <trkpt lat="28.13171" lon="-16.6029">
        <ele>902.3</ele>
      </trkpt>
      <trkpt lat="28.13169" lon="-16.60331">
        <ele>906.9</ele>
      </trkpt>
      <trkpt lat="28.1317" lon="-16.60343">
        <ele>906.5</ele>
      </trkpt>
      <trkpt lat="28.13173" lon="-16.60358">
        <ele>906.0</ele>
      </trkpt>
      <trkpt lat="28.13193" lon="-16.603909">
        <ele>911.0</ele>
      </trkpt>
      <trkpt lat="28.13236" lon="-16.60442">
        <ele>921.3</ele>
      </trkpt>
      <trkpt lat="28.13249" lon="-16.60453">
        <ele>923.9</ele>
      </trkpt>
      <trkpt lat="28.13281" lon="-16.60474">
        <ele>933.1</ele>
      </trkpt>
      <trkpt lat="28.13293" lon="-16.604869">
        <ele>935.3</ele>
      </trkpt>
      <trkpt lat="28.13311" lon="-16.6051">
        <ele>941.1</ele>
      </trkpt>
      <trkpt lat="28.13312" lon="-16.60519">
        <ele>942.4</ele>
      </trkpt>
      <trkpt lat="28.1331" lon="-16.605239">
        <ele>942.1</ele>
      </trkpt>
      <trkpt lat="28.13305" lon="-16.605329">
        <ele>941.3</ele>
      </trkpt>
      <trkpt lat="28.133" lon="-16.60537">
        <ele>940.1</ele>
      </trkpt>
      <trkpt lat="28.13293" lon="-16.60538">
        <ele>937.9</ele>
      </trkpt>
      <trkpt lat="28.13271" lon="-16.605319">
        <ele>929.2</ele>
      </trkpt>
      <trkpt lat="28.13239" lon="-16.60536">
        <ele>919.8</ele>
      </trkpt>
      <trkpt lat="28.13232" lon="-16.60539">
        <ele>918.6</ele>
      </trkpt>
      <trkpt lat="28.13226" lon="-16.60545">
        <ele>918.5</ele>
      </trkpt>
      <trkpt lat="28.13212" lon="-16.60566">
        <ele>920.0</ele>
      </trkpt>
      <trkpt lat="28.13188" lon="-16.60597">
        <ele>919.2</ele>
      </trkpt>
      <trkpt lat="28.13182" lon="-16.606089">
        <ele>919.1</ele>
      </trkpt>
      <trkpt lat="28.13183" lon="-16.606169">
        <ele>920.4</ele>
      </trkpt>
      <trkpt lat="28.13198" lon="-16.60643">
        <ele>927.9</ele>
      </trkpt>
      <trkpt lat="28.132" lon="-16.60648">
        <ele>929.1</ele>
      </trkpt>
      <trkpt lat="28.13199" lon="-16.60661">
        <ele>930.4</ele>
      </trkpt>
      <trkpt lat="28.13187" lon="-16.60677">
        <ele>926.4</ele>
      </trkpt>
      <trkpt lat="28.13187" lon="-16.606829">
        <ele>925.4</ele>
      </trkpt>
      <trkpt lat="28.1319" lon="-16.6069">
        <ele>925.1</ele>
      </trkpt>
      <trkpt lat="28.13193" lon="-16.60694">
        <ele>925.3</ele>
      </trkpt>
      <trkpt lat="28.13222" lon="-16.60715">
        <ele>931.1</ele>
      </trkpt>
      <trkpt lat="28.13227" lon="-16.607209">
        <ele>932.0</ele>
      </trkpt>
      <trkpt lat="28.1323" lon="-16.60728">
        <ele>932.2</ele>
      </trkpt>
      <trkpt lat="28.13234" lon="-16.60753">
        <ele>930.7</ele>
      </trkpt>
      <trkpt lat="28.13242" lon="-16.60765">
        <ele>931.1</ele>
      </trkpt>
      <trkpt lat="28.13247" lon="-16.6077">
        <ele>931.7</ele>
      </trkpt>
      <trkpt lat="28.13259" lon="-16.60773">
        <ele>934.9</ele>
      </trkpt>
      <trkpt lat="28.13324" lon="-16.6077">
        <ele>955.7</ele>
      </trkpt>
      <trkpt lat="28.13332" lon="-16.60773">
        <ele>957.7</ele>
      </trkpt>
      <trkpt lat="28.13349" lon="-16.6079">
        <ele>963.2</ele>
      </trkpt>
      <trkpt lat="28.1335" lon="-16.60794">
        <ele>963.2</ele>
      </trkpt>
      <trkpt lat="28.13351" lon="-16.60812">
        <ele>961.1</ele>
      </trkpt>
      <trkpt lat="28.13348" lon="-16.608609">
        <ele>958.8</ele>
      </trkpt>
      <trkpt lat="28.13347" lon="-16.60869">
        <ele>959.0</ele>
      </trkpt>
      <trkpt lat="28.13344" lon="-16.60875">
        <ele>958.1</ele>
      </trkpt>
      <trkpt lat="28.1332" lon="-16.60904">
        <ele>951.2</ele>
      </trkpt>
      <trkpt lat="28.13312" lon="-16.609179">
        <ele>949.3</ele>
      </trkpt>
      <trkpt lat="28.13311" lon="-16.60924">
        <ele>949.1</ele>
      </trkpt>
      <trkpt lat="28.13308" lon="-16.609929">
        <ele>950.6</ele>
      </trkpt>
      <trkpt lat="28.13311" lon="-16.610029">
        <ele>951.8</ele>
      </trkpt>
      <trkpt lat="28.13314" lon="-16.61007">
        <ele>952.8</ele>
      </trkpt>
      <trkpt lat="28.13339" lon="-16.61024">
        <ele>960.1</ele>
      </trkpt>
      <trkpt lat="28.13346" lon="-16.61033">
        <ele>963.2</ele>
      </trkpt>
      <trkpt lat="28.13363" lon="-16.61074">
        <ele>970.2</ele>
      </trkpt>
      <trkpt lat="28.13365" lon="-16.610869">
        <ele>971.6</ele>
      </trkpt>
      <trkpt lat="28.13364" lon="-16.61092">
        <ele>972.2</ele>
      </trkpt>
      <trkpt lat="28.13361" lon="-16.610949">
        <ele>972.0</ele>
      </trkpt>
      <trkpt lat="28.13355" lon="-16.61098">
        <ele>971.2</ele>
      </trkpt>
      <trkpt lat="28.13348" lon="-16.610969">
        <ele>969.4</ele>
      </trkpt>
      <trkpt lat="28.13328" lon="-16.61088">
        <ele>963.5</ele>
      </trkpt>
      <trkpt lat="28.13321" lon="-16.610869">
        <ele>962.5</ele>
      </trkpt>
      <trkpt lat="28.13316" lon="-16.61088">
        <ele>962.1</ele>
      </trkpt>
      <trkpt lat="28.13307" lon="-16.610949">
        <ele>962.6</ele>
      </trkpt>
      <trkpt lat="28.13277" lon="-16.611229">
        <ele>964.7</ele>
      </trkpt>
      <trkpt lat="28.13272" lon="-16.61132">
        <ele>965.8</ele>
      </trkpt>
      <trkpt lat="28.13273" lon="-16.6114">
        <ele>967.4</ele>
      </trkpt>
      <trkpt lat="28.13277" lon="-16.6116">
        <ele>971.9</ele>
      </trkpt>
      <trkpt lat="28.13277" lon="-16.61168">
        <ele>973.4</ele>
      </trkpt>
      <trkpt lat="28.13274" lon="-16.61176">
        <ele>974.3</ele>
      </trkpt>
      <trkpt lat="28.13256" lon="-16.61196">
        <ele>975.4</ele>
      </trkpt>
      <trkpt lat="28.1325" lon="-16.61201">
        <ele>975.6</ele>
      </trkpt>
      <trkpt lat="28.13224" lon="-16.612079">
        <ele>972.3</ele>
      </trkpt>
      <trkpt lat="28.13212" lon="-16.612169">
        <ele>971.8</ele>
      </trkpt>
      <trkpt lat="28.13206" lon="-16.61225">
        <ele>972.3</ele>
      </trkpt>
      <trkpt lat="28.13188" lon="-16.61258">
        <ele>974.9</ele>
      </trkpt>
      <trkpt lat="28.13186" lon="-16.61266">
        <ele>975.5</ele>
      </trkpt>
      <trkpt lat="28.13187" lon="-16.61272">
        <ele>976.5</ele>
      </trkpt>
      <trkpt lat="28.13201" lon="-16.613109">
        <ele>983.9</ele>
      </trkpt>
      <trkpt lat="28.13202" lon="-16.61324">
        <ele>985.8</ele>
      </trkpt>
      <trkpt lat="28.13198" lon="-16.61336">
        <ele>986.5</ele>
      </trkpt>
      <trkpt lat="28.13193" lon="-16.61342">
        <ele>986.2</ele>
      </trkpt>
      <trkpt lat="28.13156" lon="-16.61379">
        <ele>983.1</ele>
      </trkpt>
      <trkpt lat="28.13152" lon="-16.613869">
        <ele>982.9</ele>
      </trkpt>
      <trkpt lat="28.13151" lon="-16.614059">
        <ele>984.3</ele>
      </trkpt>
      <trkpt lat="28.13153" lon="-16.61421">
        <ele>986.1</ele>
      </trkpt>
      <trkpt lat="28.13155" lon="-16.6143">
        <ele>987.3</ele>
      </trkpt>
      <trkpt lat="28.13159" lon="-16.61436">
        <ele>988.8</ele>
      </trkpt>
      <trkpt lat="28.13166" lon="-16.6144">
        <ele>990.8</ele>
      </trkpt>
      <trkpt lat="28.1319" lon="-16.61446">
        <ele>994.6</ele>
      </trkpt>
      <trkpt lat="28.13197" lon="-16.61449">
        <ele>995.9</ele>
      </trkpt>
      <trkpt lat="28.132" lon="-16.614529">
        <ele>996.6</ele>
      </trkpt>
      <trkpt lat="28.13201" lon="-16.61458">
        <ele>997.2</ele>
      </trkpt>
      <trkpt lat="28.13199" lon="-16.61467">
        <ele>997.7</ele>
      </trkpt>
      <trkpt lat="28.13179" lon="-16.61485">
        <ele>996.5</ele>
      </trkpt>
      <trkpt lat="28.13176" lon="-16.614909">
        <ele>996.6</ele>
      </trkpt>
      <trkpt lat="28.13175" lon="-16.61502">
        <ele>997.3</ele>
      </trkpt>
      <trkpt lat="28.13177" lon="-16.61535">
        <ele>999.5</ele>
      </trkpt>
      <trkpt lat="28.13175" lon="-16.61543">
        <ele>999.6</ele>
      </trkpt>
      <trkpt lat="28.13173" lon="-16.61549">
        <ele>999.6</ele>
      </trkpt>
      <trkpt lat="28.13157" lon="-16.61564">
        <ele>996.0</ele>
      </trkpt>
      <trkpt lat="28.13153" lon="-16.61576">
        <ele>995.0</ele>
      </trkpt>
      <trkpt lat="28.13155" lon="-16.61615">
        <ele>993.3</ele>
      </trkpt>
      <trkpt lat="28.13161" lon="-16.61626">
        <ele>994.7</ele>
      </trkpt>
      <trkpt lat="28.1317" lon="-16.61629">
        <ele>997.6</ele>
      </trkpt>
      <trkpt lat="28.13176" lon="-16.61628">
        <ele>999.3</ele>
      </trkpt>
      <trkpt lat="28.13181" lon="-16.61625">
        <ele>1000.8</ele>
      </trkpt>
      <trkpt lat="28.13185" lon="-16.616209">
        <ele>1002.1</ele>
      </trkpt>
      <trkpt lat="28.13191" lon="-16.61598">
        <ele>1004.8</ele>
      </trkpt>
      <trkpt lat="28.13199" lon="-16.61581">
        <ele>1007.2</ele>
      </trkpt>
      <trkpt lat="28.13225" lon="-16.61548">
        <ele>1009.5</ele>
      </trkpt>
      <trkpt lat="28.13237" lon="-16.61541">
        <ele>1011.0</ele>
      </trkpt>
      <trkpt lat="28.13244" lon="-16.6154">
        <ele>1012.2</ele>
      </trkpt>
      <trkpt lat="28.13305" lon="-16.61541">
        <ele>1022.7</ele>
      </trkpt>
      <trkpt lat="28.13318" lon="-16.615369">
        <ele>1024.6</ele>
      </trkpt>
      <trkpt lat="28.13323" lon="-16.61533">
        <ele>1025.2</ele>
      </trkpt>
      <trkpt lat="28.13327" lon="-16.615269">
        <ele>1025.5</ele>
      </trkpt>
      <trkpt lat="28.13345" lon="-16.61473">
        <ele>1025.3</ele>
      </trkpt>
      <trkpt lat="28.13363" lon="-16.61419">
        <ele>1024.5</ele>
      </trkpt>
      <trkpt lat="28.13367" lon="-16.61411">
        <ele>1024.3</ele>
      </trkpt>
      <trkpt lat="28.13379" lon="-16.61398">
        <ele>1024.5</ele>
      </trkpt>
      <trkpt lat="28.13394" lon="-16.61388">
        <ele>1025.5</ele>
      </trkpt>
      <trkpt lat="28.13401" lon="-16.613859">
        <ele>1026.3</ele>
      </trkpt>
      <trkpt lat="28.13408" lon="-16.613859">
        <ele>1027.4</ele>
      </trkpt>
      <trkpt lat="28.13458" lon="-16.614049">
        <ele>1033.5</ele>
      </trkpt>
      <trkpt lat="28.13472" lon="-16.61413">
        <ele>1035.4</ele>
      </trkpt>
      <trkpt lat="28.13482" lon="-16.6142">
        <ele>1036.9</ele>
      </trkpt>
      <trkpt lat="28.13543" lon="-16.61475">
        <ele>1047.3</ele>
      </trkpt>
      <trkpt lat="28.1355" lon="-16.614809">
        <ele>1048.4</ele>
      </trkpt>
      <trkpt lat="28.13564" lon="-16.61486">
        <ele>1049.4</ele>
      </trkpt>
      <trkpt lat="28.13577" lon="-16.61484">
        <ele>1049.2</ele>
      </trkpt>
      <trkpt lat="28.13637" lon="-16.614519">
        <ele>1046.4</ele>
      </trkpt>
      <trkpt lat="28.13646" lon="-16.6145">
        <ele>1046.6</ele>
      </trkpt>
      <trkpt lat="28.13661" lon="-16.614529">
        <ele>1047.7</ele>
      </trkpt>
      <trkpt lat="28.13671" lon="-16.614619">
        <ele>1049.4</ele>
      </trkpt>
      <trkpt lat="28.13675" lon="-16.61468">
        <ele>1050.5</ele>
      </trkpt>
      <trkpt lat="28.13686" lon="-16.61517">
        <ele>1059.4</ele>
      </trkpt>
      <trkpt lat="28.13692" lon="-16.61525">
        <ele>1062.3</ele>
      </trkpt>
      <trkpt lat="28.13698" lon="-16.615279">
        <ele>1063.8</ele>
      </trkpt>
      <trkpt lat="28.13708" lon="-16.615279">
        <ele>1065.0</ele>
      </trkpt>
      <trkpt lat="28.13717" lon="-16.61521">
        <ele>1064.0</ele>
      </trkpt>
      <trkpt lat="28.1372" lon="-16.61515">
        <ele>1062.6</ele>
      </trkpt>
      <trkpt lat="28.13726" lon="-16.614889">
        <ele>1057.9</ele>
      </trkpt>
      <trkpt lat="28.13729" lon="-16.61482">
        <ele>1057.7</ele>
      </trkpt>
      <trkpt lat="28.13733" lon="-16.61477">
        <ele>1057.8</ele>
      </trkpt>
      <trkpt lat="28.13744" lon="-16.61474">
        <ele>1058.8</ele>
      </trkpt>
      <trkpt lat="28.1375" lon="-16.61475">
        <ele>1059.5</ele>
      </trkpt>
      <trkpt lat="28.13758" lon="-16.614809">
        <ele>1063.2</ele>
      </trkpt>
      <trkpt lat="28.13761" lon="-16.61488">
        <ele>1064.8</ele>
      </trkpt>
      <trkpt lat="28.13762" lon="-16.61494">
        <ele>1065.6</ele>
      </trkpt>
      <trkpt lat="28.13761" lon="-16.61502">
        <ele>1066.1</ele>
      </trkpt>
      <trkpt lat="28.13739" lon="-16.6155">
        <ele>1075.7</ele>
      </trkpt>
      <trkpt lat="28.13734" lon="-16.61559">
        <ele>1077.8</ele>
      </trkpt>
      <trkpt lat="28.13723" lon="-16.6157">
        <ele>1079.5</ele>
      </trkpt>
      <trkpt lat="28.13679" lon="-16.61595">
        <ele>1078.7</ele>
      </trkpt>
      <trkpt lat="28.13666" lon="-16.61597">
        <ele>1077.1</ele>
      </trkpt>
      <trkpt lat="28.13659" lon="-16.61596">
        <ele>1076.8</ele>
      </trkpt>
      <trkpt lat="28.13651" lon="-16.615929">
        <ele>1076.1</ele>
      </trkpt>
      <trkpt lat="28.13634" lon="-16.61577">
        <ele>1072.4</ele>
      </trkpt>
      <trkpt lat="28.13626" lon="-16.61573">
        <ele>1071.3</ele>
      </trkpt>
      <trkpt lat="28.1361" lon="-16.615739">
        <ele>1071.6</ele>
      </trkpt>
      <trkpt lat="28.13597" lon="-16.61579">
        <ele>1072.9</ele>
      </trkpt>
      <trkpt lat="28.13591" lon="-16.615829">
        <ele>1073.9</ele>
      </trkpt>
      <trkpt lat="28.13557" lon="-16.61615">
        <ele>1075.2</ele>
      </trkpt>
      <trkpt lat="28.13551" lon="-16.61625">
        <ele>1075.7</ele>
      </trkpt>
      <trkpt lat="28.1355" lon="-16.61635">
        <ele>1077.0</ele>
      </trkpt>
      <trkpt lat="28.13549" lon="-16.61676">
        <ele>1081.5</ele>
      </trkpt>
      <trkpt lat="28.13564" lon="-16.617249">
        <ele>1085.3</ele>
      </trkpt>
      <trkpt lat="28.13579" lon="-16.61773">
        <ele>1087.1</ele>
      </trkpt>
      <trkpt lat="28.13588" lon="-16.61789">
        <ele>1087.2</ele>
      </trkpt>
      <trkpt lat="28.13596" lon="-16.61797">
        <ele>1087.9</ele>
      </trkpt>
      <trkpt lat="28.13639" lon="-16.618289">
        <ele>1094.0</ele>
      </trkpt>
      <trkpt lat="28.13654" lon="-16.618289">
        <ele>1097.4</ele>
      </trkpt>
      <trkpt lat="28.13666" lon="-16.61826">
        <ele>1100.2</ele>
      </trkpt>
      <trkpt lat="28.13672" lon="-16.618269">
        <ele>1101.3</ele>
      </trkpt>
      <trkpt lat="28.13679" lon="-16.61833">
        <ele>1102.4</ele>
      </trkpt>
      <trkpt lat="28.13683" lon="-16.61841">
        <ele>1102.2</ele>
      </trkpt>
      <trkpt lat="28.13695" lon="-16.61886">
        <ele>1098.5</ele>
      </trkpt>
      <trkpt lat="28.13699" lon="-16.618939">
        <ele>1098.1</ele>
      </trkpt>
      <trkpt lat="28.13712" lon="-16.61901">
        <ele>1099.3</ele>
      </trkpt>
      <trkpt lat="28.13724" lon="-16.61899">
        <ele>1101.5</ele>
      </trkpt>
      <trkpt lat="28.13736" lon="-16.61891">
        <ele>1104.7</ele>
      </trkpt>
      <trkpt lat="28.13739" lon="-16.61882">
        <ele>1106.5</ele>
      </trkpt>
      <trkpt lat="28.13741" lon="-16.618739">
        <ele>1108.1</ele>
      </trkpt>
      <trkpt lat="28.1374" lon="-16.618659">
        <ele>1109.1</ele>
      </trkpt>
      <trkpt lat="28.13727" lon="-16.61831">
        <ele>1111.6</ele>
      </trkpt>
      <trkpt lat="28.13722" lon="-16.6177">
        <ele>1111.1</ele>
      </trkpt>
      <trkpt lat="28.13722" lon="-16.6175">
        <ele>1111.3</ele>
      </trkpt>
      <trkpt lat="28.13728" lon="-16.61737">
        <ele>1110.4</ele>
      </trkpt>
      <trkpt lat="28.13739" lon="-16.617249">
        <ele>1110.2</ele>
      </trkpt>
      <trkpt lat="28.13746" lon="-16.61721">
        <ele>1110.6</ele>
      </trkpt>
      <trkpt lat="28.1376" lon="-16.6172">
        <ele>1113.2</ele>
      </trkpt>
      <trkpt lat="28.13773" lon="-16.61726">
        <ele>1116.5</ele>
      </trkpt>
      <trkpt lat="28.13776" lon="-16.61729">
        <ele>1117.4</ele>
      </trkpt>
      <trkpt lat="28.1378" lon="-16.61738">
        <ele>1119.0</ele>
      </trkpt>
      <trkpt lat="28.13783" lon="-16.61764">
        <ele>1121.0</ele>
      </trkpt>
      <trkpt lat="28.13786" lon="-16.6183">
        <ele>1124.1</ele>
      </trkpt>
      <trkpt lat="28.13791" lon="-16.618469">
        <ele>1123.6</ele>
      </trkpt>
      <trkpt lat="28.1383" lon="-16.61898">
        <ele>1127.9</ele>
      </trkpt>
      <trkpt lat="28.1385" lon="-16.61917">
        <ele>1131.6</ele>
      </trkpt>
      <trkpt lat="28.13874" lon="-16.61934">
        <ele>1136.4</ele>
      </trkpt>
      <trkpt lat="28.13886" lon="-16.619409">
        <ele>1138.8</ele>
      </trkpt>
      <trkpt lat="28.13938" lon="-16.61963">
        <ele>1150.2</ele>
      </trkpt>
      <trkpt lat="28.13943" lon="-16.61967">
        <ele>1151.0</ele>
      </trkpt>
      <trkpt lat="28.13946" lon="-16.61973">
        <ele>1151.1</ele>
      </trkpt>
      <trkpt lat="28.13948" lon="-16.6198">
        <ele>1150.8</ele>
      </trkpt>
      <trkpt lat="28.13946" lon="-16.619869">
        <ele>1149.4</ele>
      </trkpt>
      <trkpt lat="28.13934" lon="-16.62014">
        <ele>1145.1</ele>
      </trkpt>
      <trkpt lat="28.13937" lon="-16.62036">
        <ele>1146.7</ele>
      </trkpt>
      <trkpt lat="28.13935" lon="-16.620439">
        <ele>1146.5</ele>
      </trkpt>
      <trkpt lat="28.13923" lon="-16.62074">
        <ele>1145.0</ele>
      </trkpt>
      <trkpt lat="28.13922" lon="-16.620819">
        <ele>1145.1</ele>
      </trkpt>
      <trkpt lat="28.13924" lon="-16.62089">
        <ele>1144.9</ele>
      </trkpt>
      <trkpt lat="28.13929" lon="-16.62095">
        <ele>1145.2</ele>
      </trkpt>
      <trkpt lat="28.13986" lon="-16.621289">
        <ele>1153.9</ele>
      </trkpt>
      <trkpt lat="28.13994" lon="-16.62133">
        <ele>1155.3</ele>
      </trkpt>
      <trkpt lat="28.1401" lon="-16.62136">
        <ele>1157.9</ele>
      </trkpt>
      <trkpt lat="28.14044" lon="-16.62132">
        <ele>1163.7</ele>
      </trkpt>
      <trkpt lat="28.14053" lon="-16.62134">
        <ele>1164.9</ele>
      </trkpt>
      <trkpt lat="28.14074" lon="-16.62149">
        <ele>1166.1</ele>
      </trkpt>
      <trkpt lat="28.14097" lon="-16.621559">
        <ele>1169.8</ele>
      </trkpt>
      <trkpt lat="28.14102" lon="-16.62164">
        <ele>1169.9</ele>
      </trkpt>
      <trkpt lat="28.14102" lon="-16.62169">
        <ele>1169.4</ele>
      </trkpt>
      <trkpt lat="28.14101" lon="-16.621749">
        <ele>1168.9</ele>
      </trkpt>
      <trkpt lat="28.14097" lon="-16.62183">
        <ele>1167.7</ele>
      </trkpt>
      <trkpt lat="28.14094" lon="-16.62187">
        <ele>1166.8</ele>
      </trkpt>
      <trkpt lat="28.14086" lon="-16.6219">
        <ele>1164.8</ele>
      </trkpt>
      <trkpt lat="28.14071" lon="-16.621949">
        <ele>1162.4</ele>
      </trkpt>
      <trkpt lat="28.14064" lon="-16.622029">
        <ele>1161.2</ele>
      </trkpt>
      <trkpt lat="28.14062" lon="-16.62207">
        <ele>1160.8</ele>
      </trkpt>
      <trkpt lat="28.14062" lon="-16.622129">
        <ele>1160.7</ele>
      </trkpt>
      <trkpt lat="28.14067" lon="-16.622219">
        <ele>1161.0</ele>
      </trkpt>
      <trkpt lat="28.14071" lon="-16.62224">
        <ele>1161.5</ele>
      </trkpt>
      <trkpt lat="28.14081" lon="-16.62226">
        <ele>1162.6</ele>
      </trkpt>
      <trkpt lat="28.14088" lon="-16.62225">
        <ele>1164.0</ele>
      </trkpt>
      <trkpt lat="28.141" lon="-16.62219">
        <ele>1167.1</ele>
      </trkpt>
      <trkpt lat="28.14112" lon="-16.62205">
        <ele>1170.5</ele>
      </trkpt>
      <trkpt lat="28.1413" lon="-16.62177">
        <ele>1175.8</ele>
      </trkpt>
      <trkpt lat="28.14134" lon="-16.62168">
        <ele>1177.1</ele>
      </trkpt>
      <trkpt lat="28.14134" lon="-16.62159">
        <ele>1178.3</ele>
      </trkpt>
      <trkpt lat="28.14133" lon="-16.62151">
        <ele>1179.2</ele>
      </trkpt>
      <trkpt lat="28.14127" lon="-16.62141">
        <ele>1179.2</ele>
      </trkpt>
      <trkpt lat="28.1412" lon="-16.62135">
        <ele>1178.4</ele>
      </trkpt>
      <trkpt lat="28.14102" lon="-16.621289">
        <ele>1174.9</ele>
      </trkpt>
      <trkpt lat="28.14097" lon="-16.62123">
        <ele>1174.6</ele>
      </trkpt>
      <trkpt lat="28.14092" lon="-16.62102">
        <ele>1176.4</ele>
      </trkpt>
      <trkpt lat="28.14088" lon="-16.62094">
        <ele>1176.6</ele>
      </trkpt>
      <trkpt lat="28.14077" lon="-16.62086">
        <ele>1175.5</ele>
      </trkpt>
      <trkpt lat="28.14055" lon="-16.620809">
        <ele>1172.0</ele>
      </trkpt>
      <trkpt lat="28.1405" lon="-16.62078">
        <ele>1171.2</ele>
      </trkpt>
      <trkpt lat="28.14044" lon="-16.62067">
        <ele>1170.3</ele>
      </trkpt>
      <trkpt lat="28.14043" lon="-16.62059">
        <ele>1170.3</ele>
      </trkpt>
      <trkpt lat="28.14046" lon="-16.62047">
        <ele>1171.2</ele>
      </trkpt>
      <trkpt lat="28.14051" lon="-16.62041">
        <ele>1172.4</ele>
      </trkpt>
      <trkpt lat="28.14063" lon="-16.62031">
        <ele>1175.2</ele>
      </trkpt>
      <trkpt lat="28.14072" lon="-16.620259">
        <ele>1177.3</ele>
      </trkpt>
      <trkpt lat="28.14116" lon="-16.62012">
        <ele>1189.9</ele>
      </trkpt>
      <trkpt lat="28.14122" lon="-16.62008">
        <ele>1192.0</ele>
      </trkpt>
      <trkpt lat="28.14126" lon="-16.62004">
        <ele>1193.5</ele>
      </trkpt>
      <trkpt lat="28.14128" lon="-16.61998">
        <ele>1194.8</ele>
      </trkpt>
      <trkpt lat="28.14129" lon="-16.6199">
        <ele>1196.6</ele>
      </trkpt>
      <trkpt lat="28.14127" lon="-16.61984">
        <ele>1197.1</ele>
      </trkpt>
      <trkpt lat="28.14118" lon="-16.61972">
        <ele>1196.5</ele>
      </trkpt>
      <trkpt lat="28.14074" lon="-16.61928">
        <ele>1190.7</ele>
      </trkpt>
      <trkpt lat="28.14039" lon="-16.61899">
        <ele>1184.2</ele>
      </trkpt>
      <trkpt lat="28.14036" lon="-16.618939">
        <ele>1183.7</ele>
      </trkpt>
      <trkpt lat="28.14034" lon="-16.61888">
        <ele>1183.4</ele>
      </trkpt>
      <trkpt lat="28.14036" lon="-16.618749">
        <ele>1184.7</ele>
      </trkpt>
      <trkpt lat="28.14043" lon="-16.618649">
        <ele>1187.2</ele>
      </trkpt>
      <trkpt lat="28.1407" lon="-16.618559">
        <ele>1195.5</ele>
      </trkpt>
      <trkpt lat="28.14079" lon="-16.61848">
        <ele>1198.7</ele>
      </trkpt>
      <trkpt lat="28.1408" lon="-16.61836">
        <ele>1199.8</ele>
      </trkpt>
      <trkpt lat="28.14076" lon="-16.618279">
        <ele>1198.5</ele>
      </trkpt>
      <trkpt lat="28.14075" lon="-16.61816">
        <ele>1197.4</ele>
      </trkpt>
      <trkpt lat="28.14078" lon="-16.61812">
        <ele>1198.1</ele>
      </trkpt>
      <trkpt lat="28.14082" lon="-16.618099">
        <ele>1199.2</ele>
      </trkpt>
      <trkpt lat="28.14087" lon="-16.61808">
        <ele>1201.0</ele>
      </trkpt>
      <trkpt lat="28.14091" lon="-16.618089">
        <ele>1202.6</ele>
      </trkpt>
      <trkpt lat="28.14095" lon="-16.61812">
        <ele>1204.4</ele>
      </trkpt>
      <trkpt lat="28.141" lon="-16.61825">
        <ele>1206.9</ele>
      </trkpt>
      <trkpt lat="28.14101" lon="-16.61833">
        <ele>1207.6</ele>
      </trkpt>
      <trkpt lat="28.14099" lon="-16.61842">
        <ele>1206.2</ele>
      </trkpt>
      <trkpt lat="28.14096" lon="-16.61851">
        <ele>1204.3</ele>
      </trkpt>
      <trkpt lat="28.1409" lon="-16.61859">
        <ele>1201.6</ele>
      </trkpt>
      <trkpt lat="28.14078" lon="-16.61868">
        <ele>1197.0</ele>
      </trkpt>
      <trkpt lat="28.14072" lon="-16.6188">
        <ele>1194.5</ele>
      </trkpt>
      <trkpt lat="28.14074" lon="-16.61891">
        <ele>1194.3</ele>
      </trkpt>
      <trkpt lat="28.14078" lon="-16.61897">
        <ele>1195.0</ele>
      </trkpt>
      <trkpt lat="28.14134" lon="-16.61939">
        <ele>1207.8</ele>
      </trkpt>
      <trkpt lat="28.14191" lon="-16.61982">
        <ele>1217.9</ele>
      </trkpt>
      <trkpt lat="28.14195" lon="-16.619879">
        <ele>1218.0</ele>
      </trkpt>
      <trkpt lat="28.14197" lon="-16.62001">
        <ele>1216.1</ele>
      </trkpt>
      <trkpt lat="28.14194" lon="-16.62021">
        <ele>1212.8</ele>
      </trkpt>
      <trkpt lat="28.14195" lon="-16.62028">
        <ele>1212.4</ele>
      </trkpt>
      <trkpt lat="28.14201" lon="-16.62037">
        <ele>1213.4</ele>
      </trkpt>
      <trkpt lat="28.14205" lon="-16.6204">
        <ele>1214.3</ele>
      </trkpt>
      <trkpt lat="28.14216" lon="-16.620439">
        <ele>1217.5</ele>
      </trkpt>
      <trkpt lat="28.14226" lon="-16.620529">
        <ele>1219.8</ele>
      </trkpt>
      <trkpt lat="28.14228" lon="-16.620629">
        <ele>1219.3</ele>
      </trkpt>
      <trkpt lat="28.14228" lon="-16.62079">
        <ele>1217.4</ele>
      </trkpt>
      <trkpt lat="28.14235" lon="-16.62097">
        <ele>1216.2</ele>
      </trkpt>
      <trkpt lat="28.14246" lon="-16.62106">
        <ele>1217.6</ele>
      </trkpt>
      <trkpt lat="28.14273" lon="-16.62116">
        <ele>1223.0</ele>
      </trkpt>
      <trkpt lat="28.14292" lon="-16.62136">
        <ele>1223.3</ele>
      </trkpt>
      <trkpt lat="28.14303" lon="-16.62143">
        <ele>1224.5</ele>
      </trkpt>
      <trkpt lat="28.14325" lon="-16.62151">
        <ele>1228.2</ele>
      </trkpt>
      <trkpt lat="28.14334" lon="-16.62153">
        <ele>1229.9</ele>
      </trkpt>
      <trkpt lat="28.14361" lon="-16.62153">
        <ele>1236.4</ele>
      </trkpt>
      <trkpt lat="28.1437" lon="-16.62155">
        <ele>1238.1</ele>
      </trkpt>
      <trkpt lat="28.14376" lon="-16.62162">
        <ele>1237.9</ele>
      </trkpt>
      <trkpt lat="28.14379" lon="-16.62214">
        <ele>1231.7</ele>
      </trkpt>
      <trkpt lat="28.14384" lon="-16.62226">
        <ele>1231.3</ele>
      </trkpt>
      <trkpt lat="28.14392" lon="-16.62233">
        <ele>1232.2</ele>
      </trkpt>
      <trkpt lat="28.14397" lon="-16.62237">
        <ele>1232.7</ele>
      </trkpt>
      <trkpt lat="28.14402" lon="-16.62238">
        <ele>1233.6</ele>
      </trkpt>
      <trkpt lat="28.14425" lon="-16.622399">
        <ele>1238.2</ele>
      </trkpt>
      <trkpt lat="28.14429" lon="-16.62242">
        <ele>1238.7</ele>
      </trkpt>
      <trkpt lat="28.14431" lon="-16.62247">
        <ele>1238.4</ele>
      </trkpt>
      <trkpt lat="28.14433" lon="-16.62258">
        <ele>1238.9</ele>
      </trkpt>
      <trkpt lat="28.1443" lon="-16.62264">
        <ele>1238.8</ele>
      </trkpt>
      <trkpt lat="28.14427" lon="-16.622689">
        <ele>1238.5</ele>
      </trkpt>
      <trkpt lat="28.14408" lon="-16.6228">
        <ele>1235.4</ele>
      </trkpt>
      <trkpt lat="28.144" lon="-16.62293">
        <ele>1234.8</ele>
      </trkpt>
      <trkpt lat="28.14392" lon="-16.62332">
        <ele>1236.2</ele>
      </trkpt>
      <trkpt lat="28.14393" lon="-16.623439">
        <ele>1235.7</ele>
      </trkpt>
      <trkpt lat="28.14402" lon="-16.623539">
        <ele>1236.7</ele>
      </trkpt>
      <trkpt lat="28.14439" lon="-16.62379">
        <ele>1243.1</ele>
      </trkpt>
      <trkpt lat="28.14449" lon="-16.62389">
        <ele>1244.9</ele>
      </trkpt>
      <trkpt lat="28.14476" lon="-16.62452">
        <ele>1246.9</ele>
      </trkpt>
      <trkpt lat="28.14486" lon="-16.62462">
        <ele>1248.1</ele>
      </trkpt>
      <trkpt lat="28.14498" lon="-16.624649">
        <ele>1250.4</ele>
      </trkpt>
      <trkpt lat="28.14555" lon="-16.624659">
        <ele>1262.1</ele>
      </trkpt>
      <trkpt lat="28.14561" lon="-16.62469">
        <ele>1263.2</ele>
      </trkpt>
      <trkpt lat="28.14565" lon="-16.62472">
        <ele>1263.8</ele>
      </trkpt>
      <trkpt lat="28.14567" lon="-16.62478">
        <ele>1263.8</ele>
      </trkpt>
      <trkpt lat="28.14567" lon="-16.624839">
        <ele>1263.4</ele>
      </trkpt>
      <trkpt lat="28.14565" lon="-16.62491">
        <ele>1262.5</ele>
      </trkpt>
      <trkpt lat="28.14533" lon="-16.62505">
        <ele>1254.1</ele>
      </trkpt>
      <trkpt lat="28.14526" lon="-16.6251">
        <ele>1252.2</ele>
      </trkpt>
      <trkpt lat="28.1452" lon="-16.625219">
        <ele>1250.2</ele>
      </trkpt>
      <trkpt lat="28.14517" lon="-16.62544">
        <ele>1248.4</ele>
      </trkpt>
      <trkpt lat="28.14518" lon="-16.62552">
        <ele>1248.1</ele>
      </trkpt>
      <trkpt lat="28.14526" lon="-16.62563">
        <ele>1248.4</ele>
      </trkpt>
      <trkpt lat="28.14537" lon="-16.62567">
        <ele>1249.2</ele>
      </trkpt>
      <trkpt lat="28.14578" lon="-16.62562">
        <ele>1254.2</ele>
      </trkpt>
      <trkpt lat="28.14594" lon="-16.62562">
        <ele>1255.8</ele>
      </trkpt>
      <trkpt lat="28.14679" lon="-16.62572">
        <ele>1261.9</ele>
      </trkpt>
      <trkpt lat="28.14692" lon="-16.62577">
        <ele>1262.4</ele>
      </trkpt>
      <trkpt lat="28.14722" lon="-16.62592">
        <ele>1263.1</ele>
      </trkpt>
      <trkpt lat="28.14771" lon="-16.625979">
        <ele>1267.6</ele>
      </trkpt>
      <trkpt lat="28.14787" lon="-16.626069">
        <ele>1268.6</ele>
      </trkpt>
      <trkpt lat="28.1483" lon="-16.62642">
        <ele>1270.4</ele>
      </trkpt>
      <trkpt lat="28.14863" lon="-16.62655">
        <ele>1272.8</ele>
      </trkpt>
      <trkpt lat="28.1488" lon="-16.62657">
        <ele>1274.5</ele>
      </trkpt>
      <trkpt lat="28.14903" lon="-16.626529">
        <ele>1277.7</ele>
      </trkpt>
      <trkpt lat="28.14914" lon="-16.62658">
        <ele>1278.2</ele>
      </trkpt>
      <trkpt lat="28.14932" lon="-16.6268">
        <ele>1279.8</ele>
      </trkpt>
      <trkpt lat="28.14937" lon="-16.62689">
        <ele>1281.3</ele>
      </trkpt>
      <trkpt lat="28.14939" lon="-16.62698">
        <ele>1282.4</ele>
      </trkpt>
      <trkpt lat="28.14937" lon="-16.62708">
        <ele>1283.0</ele>
      </trkpt>
      <trkpt lat="28.14934" lon="-16.62714">
        <ele>1283.1</ele>
      </trkpt>
      <trkpt lat="28.1493" lon="-16.627189">
        <ele>1282.9</ele>
      </trkpt>
      <trkpt lat="28.14909" lon="-16.62736">
        <ele>1281.1</ele>
      </trkpt>
      <trkpt lat="28.14896" lon="-16.62751">
        <ele>1280.6</ele>
      </trkpt>
      <trkpt lat="28.14893" lon="-16.627579">
        <ele>1280.7</ele>
      </trkpt>
      <trkpt lat="28.14893" lon="-16.627749">
        <ele>1281.8</ele>
      </trkpt>
      <trkpt lat="28.14897" lon="-16.627849">
        <ele>1282.8</ele>
      </trkpt>
      <trkpt lat="28.14909" lon="-16.628">
        <ele>1284.4</ele>
      </trkpt>
      <trkpt lat="28.14912" lon="-16.62806">
        <ele>1284.8</ele>
      </trkpt>
      <trkpt lat="28.14913" lon="-16.62818">
        <ele>1285.3</ele>
      </trkpt>
      <trkpt lat="28.14907" lon="-16.628309">
        <ele>1285.8</ele>
      </trkpt>
      <trkpt lat="28.14901" lon="-16.62835">
        <ele>1286.0</ele>
      </trkpt>
      <trkpt lat="28.14888" lon="-16.62836">
        <ele>1285.9</ele>
      </trkpt>
      <trkpt lat="28.14817" lon="-16.62801">
        <ele>1279.9</ele>
      </trkpt>
      <trkpt lat="28.14806" lon="-16.62799">
        <ele>1279.3</ele>
      </trkpt>
      <trkpt lat="28.14801" lon="-16.628">
        <ele>1279.3</ele>
      </trkpt>
      <trkpt lat="28.14793" lon="-16.62807">
        <ele>1280.1</ele>
      </trkpt>
      <trkpt lat="28.1479" lon="-16.62816">
        <ele>1281.2</ele>
      </trkpt>
      <trkpt lat="28.14789" lon="-16.628219">
        <ele>1281.9</ele>
      </trkpt>
      <trkpt lat="28.14799" lon="-16.62886">
        <ele>1286.6</ele>
      </trkpt>
      <trkpt lat="28.14798" lon="-16.629069">
        <ele>1287.7</ele>
      </trkpt>
      <trkpt lat="28.1479" lon="-16.62941">
        <ele>1287.9</ele>
      </trkpt>
      <trkpt lat="28.1479" lon="-16.62957">
        <ele>1288.3</ele>
      </trkpt>
      <trkpt lat="28.14796" lon="-16.62984">
        <ele>1289.5</ele>
      </trkpt>
      <trkpt lat="28.14803" lon="-16.62999">
        <ele>1290.4</ele>
      </trkpt>
      <trkpt lat="28.14837" lon="-16.63037">
        <ele>1294.7</ele>
      </trkpt>
      <trkpt lat="28.14851" lon="-16.630569">
        <ele>1296.5</ele>
      </trkpt>
      <trkpt lat="28.1487" lon="-16.6309">
        <ele>1298.9</ele>
      </trkpt>
      <trkpt lat="28.14886" lon="-16.63127">
        <ele>1301.4</ele>
      </trkpt>
      <trkpt lat="28.14898" lon="-16.63166">
        <ele>1303.6</ele>
      </trkpt>
      <trkpt lat="28.14901" lon="-16.63186">
        <ele>1304.1</ele>
      </trkpt>
      <trkpt lat="28.14903" lon="-16.63204">
        <ele>1304.5</ele>
      </trkpt>
      <trkpt lat="28.14909" lon="-16.6328">
        <ele>1303.9</ele>
      </trkpt>
      <trkpt lat="28.14912" lon="-16.6329">
        <ele>1303.6</ele>
      </trkpt>
      <trkpt lat="28.14916" lon="-16.63298">
        <ele>1303.5</ele>
      </trkpt>
      <trkpt lat="28.14923" lon="-16.63304">
        <ele>1303.8</ele>
      </trkpt>
      <trkpt lat="28.14936" lon="-16.633109">
        <ele>1304.5</ele>
      </trkpt>
      <trkpt lat="28.14951" lon="-16.633099">
        <ele>1306.1</ele>
      </trkpt>
      <trkpt lat="28.1497" lon="-16.63303">
        <ele>1308.8</ele>
      </trkpt>
      <trkpt lat="28.14981" lon="-16.633009">
        <ele>1310.2</ele>
      </trkpt>
      <trkpt lat="28.14996" lon="-16.63303">
        <ele>1311.6</ele>
      </trkpt>
      <trkpt lat="28.15056" lon="-16.63304">
        <ele>1315.9</ele>
      </trkpt>
      <trkpt lat="28.15124" lon="-16.63289">
        <ele>1322.0</ele>
      </trkpt>
      <trkpt lat="28.1514" lon="-16.632919">
        <ele>1322.5</ele>
      </trkpt>
      <trkpt lat="28.15171" lon="-16.63307">
        <ele>1323.3</ele>
      </trkpt>
      <trkpt lat="28.15177" lon="-16.63313">
        <ele>1323.6</ele>
      </trkpt>
      <trkpt lat="28.15196" lon="-16.63341">
        <ele>1325.1</ele>
      </trkpt>
      <trkpt lat="28.15204" lon="-16.633489">
        <ele>1327.0</ele>
      </trkpt>
      <trkpt lat="28.15227" lon="-16.633579">
        <ele>1330.7</ele>
      </trkpt>
      <trkpt lat="28.15257" lon="-16.63363">
        <ele>1334.6</ele>
      </trkpt>
      <trkpt lat="28.15264" lon="-16.63371">
        <ele>1336.3</ele>
      </trkpt>
      <trkpt lat="28.15266" lon="-16.633769">
        <ele>1337.3</ele>
      </trkpt>
      <trkpt lat="28.15265" lon="-16.63388">
        <ele>1338.7</ele>
      </trkpt>
      <trkpt lat="28.15259" lon="-16.633959">
        <ele>1339.2</ele>
      </trkpt>
      <trkpt lat="28.15214" lon="-16.63412">
        <ele>1336.1</ele>
      </trkpt>
      <trkpt lat="28.15169" lon="-16.63429">
        <ele>1332.2</ele>
      </trkpt>
      <trkpt lat="28.15161" lon="-16.63434">
        <ele>1331.6</ele>
      </trkpt>
      <trkpt lat="28.15155" lon="-16.6344">
        <ele>1331.3</ele>
      </trkpt>
      <trkpt lat="28.1515" lon="-16.63449">
        <ele>1331.2</ele>
      </trkpt>
      <trkpt lat="28.15148" lon="-16.63459">
        <ele>1331.5</ele>
      </trkpt>
      <trkpt lat="28.15148" lon="-16.63473">
        <ele>1332.2</ele>
      </trkpt>
      <trkpt lat="28.15153" lon="-16.63487">
        <ele>1333.8</ele>
      </trkpt>
      <trkpt lat="28.15163" lon="-16.63501">
        <ele>1336.3</ele>
      </trkpt>
      <trkpt lat="28.15198" lon="-16.635349">
        <ele>1342.3</ele>
      </trkpt>
      <trkpt lat="28.15211" lon="-16.63544">
        <ele>1344.4</ele>
      </trkpt>
      <trkpt lat="28.15241" lon="-16.6356">
        <ele>1349.1</ele>
      </trkpt>
      <trkpt lat="28.15302" lon="-16.63577">
        <ele>1357.5</ele>
      </trkpt>
      <trkpt lat="28.1531" lon="-16.63587">
        <ele>1358.8</ele>
      </trkpt>
      <trkpt lat="28.15311" lon="-16.63599">
        <ele>1359.6</ele>
      </trkpt>
      <trkpt lat="28.15307" lon="-16.63642">
        <ele>1361.2</ele>
      </trkpt>
      <trkpt lat="28.15307" lon="-16.63652">
        <ele>1361.7</ele>
      </trkpt>
      <trkpt lat="28.15317" lon="-16.63681">
        <ele>1364.0</ele>
      </trkpt>
      <trkpt lat="28.15316" lon="-16.6369">
        <ele>1364.2</ele>
      </trkpt>
      <trkpt lat="28.15306" lon="-16.63703">
        <ele>1363.4</ele>
      </trkpt>
      <trkpt lat="28.15302" lon="-16.63712">
        <ele>1363.1</ele>
      </trkpt>
      <trkpt lat="28.153" lon="-16.637229">
        <ele>1363.2</ele>
      </trkpt>
      <trkpt lat="28.15301" lon="-16.637329">
        <ele>1363.5</ele>
      </trkpt>
      <trkpt lat="28.15302" lon="-16.63738">
        <ele>1363.8</ele>
      </trkpt>
      <trkpt lat="28.15307" lon="-16.63747">
        <ele>1364.8</ele>
      </trkpt>
      <trkpt lat="28.15328" lon="-16.63777">
        <ele>1369.7</ele>
      </trkpt>
      <trkpt lat="28.15331" lon="-16.637889">
        <ele>1371.0</ele>
      </trkpt>
      <trkpt lat="28.15327" lon="-16.63804">
        <ele>1371.2</ele>
      </trkpt>
      <trkpt lat="28.15318" lon="-16.63825">
        <ele>1370.8</ele>
      </trkpt>
      <trkpt lat="28.15316" lon="-16.63841">
        <ele>1371.0</ele>
      </trkpt>
      <trkpt lat="28.15335" lon="-16.63936">
        <ele>1375.7</ele>
      </trkpt>
      <trkpt lat="28.15335" lon="-16.639479">
        <ele>1376.0</ele>
      </trkpt>
      <trkpt lat="28.15331" lon="-16.639579">
        <ele>1375.7</ele>
      </trkpt>
      <trkpt lat="28.15331" lon="-16.639579">
        <ele>1375.7</ele>
      </trkpt>
      <trkpt lat="28.15316" lon="-16.6398">
        <ele>1374.3</ele>
      </trkpt>
      <trkpt lat="28.15314" lon="-16.639859">
        <ele>1374.3</ele>
      </trkpt>
      <trkpt lat="28.15314" lon="-16.639949">
        <ele>1374.5</ele>
      </trkpt>
      <trkpt lat="28.15298" lon="-16.63994">
        <ele>1372.6</ele>
      </trkpt>
      <trkpt lat="28.152682" lon="-16.63998">
        <ele>1369.1</ele>
      </trkpt>
      <trkpt lat="28.1524" lon="-16.64002">
        <ele>1366.1</ele>
      </trkpt>
      <trkpt lat="28.1523" lon="-16.640049">
        <ele>1365.4</ele>
      </trkpt>
      <trkpt lat="28.15209" lon="-16.64021">
        <ele>1364.6</ele>
      </trkpt>
      <trkpt lat="28.1517" lon="-16.64057">
        <ele>1363.2</ele>
      </trkpt>
      <trkpt lat="28.15152" lon="-16.640699">
        <ele>1362.9</ele>
      </trkpt>
      <trkpt lat="28.15105" lon="-16.64092">
        <ele>1362.4</ele>
      </trkpt>
      <trkpt lat="28.15056" lon="-16.641089">
        <ele>1361.0</ele>
      </trkpt>
      <trkpt lat="28.15007" lon="-16.641259">
        <ele>1359.2</ele>
      </trkpt>
      <trkpt lat="28.14987" lon="-16.641359">
        <ele>1358.3</ele>
      </trkpt>
      <trkpt lat="28.14966" lon="-16.64148">
        <ele>1357.3</ele>
      </trkpt>
      <trkpt lat="28.14932" lon="-16.641749">
        <ele>1356.8</ele>
      </trkpt>
      <trkpt lat="28.14885" lon="-16.64217">
        <ele>1354.2</ele>
      </trkpt>
      <trkpt lat="28.14838" lon="-16.642589">
        <ele>1349.6</ele>
      </trkpt>
      <trkpt lat="28.148" lon="-16.6429">
        <ele>1346.4</ele>
      </trkpt>
      <trkpt lat="28.1478" lon="-16.64302">
        <ele>1344.3</ele>
      </trkpt>
      <trkpt lat="28.14703" lon="-16.643439">
        <ele>1337.4</ele>
      </trkpt>
      <trkpt lat="28.14626" lon="-16.64386">
        <ele>1331.2</ele>
      </trkpt>
      <trkpt lat="28.14548" lon="-16.644279">
        <ele>1325.8</ele>
      </trkpt>
      <trkpt lat="28.14504" lon="-16.6445">
        <ele>1322.7</ele>
      </trkpt>
      <trkpt lat="28.14425" lon="-16.6448">
        <ele>1314.3</ele>
      </trkpt>
      <trkpt lat="28.14347" lon="-16.645109">
        <ele>1311.3</ele>
      </trkpt>
      <trkpt lat="28.1432" lon="-16.64524">
        <ele>1309.8</ele>
      </trkpt>
      <trkpt lat="28.1428" lon="-16.645499">
        <ele>1307.7</ele>
      </trkpt>
      <trkpt lat="28.14258" lon="-16.645689">
        <ele>1306.9</ele>
      </trkpt>
      <trkpt lat="28.14245" lon="-16.64582">
        <ele>1306.5</ele>
      </trkpt>
      <trkpt lat="28.14226" lon="-16.64612">
        <ele>1303.9</ele>
      </trkpt>
      <trkpt lat="28.14213" lon="-16.6465">
        <ele>1301.8</ele>
      </trkpt>
      <trkpt lat="28.14209" lon="-16.64667">
        <ele>1301.0</ele>
      </trkpt>
      <trkpt lat="28.14207" lon="-16.64689">
        <ele>1298.9</ele>
      </trkpt>
      <trkpt lat="28.14212" lon="-16.64751">
        <ele>1293.8</ele>
      </trkpt>
      <trkpt lat="28.14222" lon="-16.64826">
        <ele>1291.3</ele>
      </trkpt>
      <trkpt lat="28.14233" lon="-16.64901">
        <ele>1288.2</ele>
      </trkpt>
      <trkpt lat="28.14243" lon="-16.64955">
        <ele>1285.6</ele>
      </trkpt>
      <trkpt lat="28.14252" lon="-16.649909">
        <ele>1283.8</ele>
      </trkpt>
      <trkpt lat="28.14277" lon="-16.650749">
        <ele>1277.8</ele>
      </trkpt>
      <trkpt lat="28.14303" lon="-16.65158">
        <ele>1271.4</ele>
      </trkpt>
      <trkpt lat="28.14308" lon="-16.65185">
        <ele>1269.5</ele>
      </trkpt>
      <trkpt lat="28.14304" lon="-16.652239">
        <ele>1266.7</ele>
      </trkpt>
      <trkpt lat="28.14296" lon="-16.65247">
        <ele>1264.5</ele>
      </trkpt>
      <trkpt lat="28.14257" lon="-16.65334">
        <ele>1257.5</ele>
      </trkpt>
      <trkpt lat="28.1425" lon="-16.653459">
        <ele>1257.8</ele>
      </trkpt>
      <trkpt lat="28.1424" lon="-16.65355">
        <ele>1257.9</ele>
      </trkpt>
      <trkpt lat="28.14231" lon="-16.65362">
        <ele>1257.9</ele>
      </trkpt>
      <trkpt lat="28.14218" lon="-16.65368">
        <ele>1257.7</ele>
      </trkpt>
      <trkpt lat="28.14202" lon="-16.6537">
        <ele>1257.1</ele>
      </trkpt>
      <trkpt lat="28.1417" lon="-16.65367">
        <ele>1255.6</ele>
      </trkpt>
      <trkpt lat="28.1409" lon="-16.653569">
        <ele>1251.4</ele>
      </trkpt>
      <trkpt lat="28.14011" lon="-16.653479">
        <ele>1247.9</ele>
      </trkpt>
      <trkpt lat="28.13984" lon="-16.65344">
        <ele>1246.4</ele>
      </trkpt>
      <trkpt lat="28.1396" lon="-16.653369">
        <ele>1244.7</ele>
      </trkpt>
      <trkpt lat="28.13935" lon="-16.65325">
        <ele>1243.3</ele>
      </trkpt>
      <trkpt lat="28.13857" lon="-16.65279">
        <ele>1240.9</ele>
      </trkpt>
      <trkpt lat="28.13779" lon="-16.65233">
        <ele>1240.4</ele>
      </trkpt>
      <trkpt lat="28.13701" lon="-16.65186">
        <ele>1233.4</ele>
      </trkpt>
      <trkpt lat="28.13623" lon="-16.651399">
        <ele>1228.0</ele>
      </trkpt>
      <trkpt lat="28.13589" lon="-16.65125">
        <ele>1226.2</ele>
      </trkpt>
      <trkpt lat="28.13548" lon="-16.65114">
        <ele>1223.9</ele>
      </trkpt>
      <trkpt lat="28.13478" lon="-16.651">
        <ele>1220.9</ele>
      </trkpt>
      <trkpt lat="28.13452" lon="-16.65099">
        <ele>1220.9</ele>
      </trkpt>
      <trkpt lat="28.13432" lon="-16.651019">
        <ele>1220.8</ele>
      </trkpt>
      <trkpt lat="28.13415" lon="-16.65106">
        <ele>1220.7</ele>
      </trkpt>
      <trkpt lat="28.13391" lon="-16.65117">
        <ele>1219.7</ele>
      </trkpt>
      <trkpt lat="28.1334" lon="-16.65143">
        <ele>1218.6</ele>
      </trkpt>
      <trkpt lat="28.1329" lon="-16.6517">
        <ele>1218.4</ele>
      </trkpt>
      <trkpt lat="28.13267" lon="-16.65184">
        <ele>1217.9</ele>
      </trkpt>
      <trkpt lat="28.1321" lon="-16.652249">
        <ele>1214.7</ele>
      </trkpt>
      <trkpt lat="28.13153" lon="-16.65267">
        <ele>1212.3</ele>
      </trkpt>
      <trkpt lat="28.13096" lon="-16.65308">
        <ele>1209.2</ele>
      </trkpt>
      <trkpt lat="28.13039" lon="-16.65349">
        <ele>1206.9</ele>
      </trkpt>
      <trkpt lat="28.12993" lon="-16.653839">
        <ele>1204.5</ele>
      </trkpt>
      <trkpt lat="28.12965" lon="-16.654119">
        <ele>1203.2</ele>
      </trkpt>
      <trkpt lat="28.1293" lon="-16.65456">
        <ele>1199.6</ele>
      </trkpt>
      <trkpt lat="28.12902" lon="-16.65504">
        <ele>1195.5</ele>
      </trkpt>
      <trkpt lat="28.12878" lon="-16.65552">
        <ele>1192.6</ele>
      </trkpt>
      <trkpt lat="28.12855" lon="-16.656009">
        <ele>1190.1</ele>
      </trkpt>
      <trkpt lat="28.12845" lon="-16.65617">
        <ele>1189.6</ele>
      </trkpt>
      <trkpt lat="28.12835" lon="-16.65627">
        <ele>1189.1</ele>
      </trkpt>
      <trkpt lat="28.12813" lon="-16.65642">
        <ele>1188.0</ele>
      </trkpt>
      <trkpt lat="28.12743" lon="-16.65674">
        <ele>1184.6</ele>
      </trkpt>
      <trkpt lat="28.12673" lon="-16.65707">
        <ele>1180.4</ele>
      </trkpt>
      <trkpt lat="28.12604" lon="-16.6574">
        <ele>1175.8</ele>
      </trkpt>
      <trkpt lat="28.12534" lon="-16.65773">
        <ele>1169.6</ele>
      </trkpt>
      <trkpt lat="28.12523" lon="-16.65781">
        <ele>1168.4</ele>
      </trkpt>
      <trkpt lat="28.12512" lon="-16.65794">
        <ele>1167.2</ele>
      </trkpt>
      <trkpt lat="28.12505" lon="-16.658069">
        <ele>1166.5</ele>
      </trkpt>
      <trkpt lat="28.12503" lon="-16.65815">
        <ele>1166.3</ele>
      </trkpt>
      <trkpt lat="28.12502" lon="-16.65831">
        <ele>1166.2</ele>
      </trkpt>
      <trkpt lat="28.12509" lon="-16.65913">
        <ele>1155.6</ele>
      </trkpt>
      <trkpt lat="28.12512" lon="-16.6593">
        <ele>1153.3</ele>
      </trkpt>
      <trkpt lat="28.1252" lon="-16.65943">
        <ele>1152.3</ele>
      </trkpt>
      <trkpt lat="28.12528" lon="-16.65952">
        <ele>1152.0</ele>
      </trkpt>
      <trkpt lat="28.12557" lon="-16.65962">
        <ele>1154.7</ele>
      </trkpt>
      <trkpt lat="28.12564" lon="-16.659659">
        <ele>1155.2</ele>
      </trkpt>
      <trkpt lat="28.1257" lon="-16.659749">
        <ele>1155.0</ele>
      </trkpt>
      <trkpt lat="28.12572" lon="-16.65987">
        <ele>1153.7</ele>
      </trkpt>
      <trkpt lat="28.1257" lon="-16.65999">
        <ele>1151.9</ele>
      </trkpt>
      <trkpt lat="28.12539" lon="-16.66087">
        <ele>1139.3</ele>
      </trkpt>
      <trkpt lat="28.12508" lon="-16.66174">
        <ele>1129.9</ele>
      </trkpt>
      <trkpt lat="28.12495" lon="-16.66225">
        <ele>1123.9</ele>
      </trkpt>
      <trkpt lat="28.12479" lon="-16.66309">
        <ele>1115.4</ele>
      </trkpt>
      <trkpt lat="28.12463" lon="-16.66394">
        <ele>1107.6</ele>
      </trkpt>
      <trkpt lat="28.12462" lon="-16.664259">
        <ele>1105.4</ele>
      </trkpt>
      <trkpt lat="28.12465" lon="-16.6644">
        <ele>1104.7</ele>
      </trkpt>
      <trkpt lat="28.12472" lon="-16.664549">
        <ele>1104.4</ele>
      </trkpt>
      <trkpt lat="28.1248" lon="-16.66468">
        <ele>1104.5</ele>
      </trkpt>
      <trkpt lat="28.12517" lon="-16.66512">
        <ele>1104.9</ele>
      </trkpt>
      <trkpt lat="28.12528" lon="-16.665289">
        <ele>1104.3</ele>
      </trkpt>
      <trkpt lat="28.12538" lon="-16.66554">
        <ele>1102.6</ele>
      </trkpt>
      <trkpt lat="28.12542" lon="-16.6658">
        <ele>1099.9</ele>
      </trkpt>
      <trkpt lat="28.12553" lon="-16.66638">
        <ele>1096.3</ele>
      </trkpt>
      <trkpt lat="28.12553" lon="-16.66656">
        <ele>1094.9</ele>
      </trkpt>
      <trkpt lat="28.12551" lon="-16.66672">
        <ele>1093.7</ele>
      </trkpt>
      <trkpt lat="28.12547" lon="-16.66683">
        <ele>1092.9</ele>
      </trkpt>
      <trkpt lat="28.12514" lon="-16.667459">
        <ele>1086.5</ele>
      </trkpt>
      <trkpt lat="28.12509" lon="-16.66757">
        <ele>1085.2</ele>
      </trkpt>
      <trkpt lat="28.12506" lon="-16.66775">
        <ele>1084.0</ele>
      </trkpt>
      <trkpt lat="28.12507" lon="-16.6679">
        <ele>1083.6</ele>
      </trkpt>
      <trkpt lat="28.12511" lon="-16.66804">
        <ele>1083.6</ele>
      </trkpt>
      <trkpt lat="28.12518" lon="-16.66816">
        <ele>1084.1</ele>
      </trkpt>
      <trkpt lat="28.12552" lon="-16.66847">
        <ele>1086.4</ele>
      </trkpt>
      <trkpt lat="28.12556" lon="-16.66855">
        <ele>1086.0</ele>
      </trkpt>
      <trkpt lat="28.12557" lon="-16.66865">
        <ele>1085.0</ele>
      </trkpt>
      <trkpt lat="28.12556" lon="-16.66873">
        <ele>1083.9</ele>
      </trkpt>
      <trkpt lat="28.12551" lon="-16.6688">
        <ele>1082.6</ele>
      </trkpt>
      <trkpt lat="28.12542" lon="-16.668859">
        <ele>1080.9</ele>
      </trkpt>
      <trkpt lat="28.1253" lon="-16.668869">
        <ele>1079.3</ele>
      </trkpt>
      <trkpt lat="28.12521" lon="-16.66882">
        <ele>1078.8</ele>
      </trkpt>
      <trkpt lat="28.12529" lon="-16.668859">
        <ele>1079.3</ele>
      </trkpt>
      <trkpt lat="28.12529" lon="-16.668859">
        <ele>1079.3</ele>
      </trkpt>
      <trkpt lat="28.12521" lon="-16.66882">
        <ele>1078.8</ele>
      </trkpt>
      <trkpt lat="28.12465" lon="-16.668019">
        <ele>1076.6</ele>
      </trkpt>
      <trkpt lat="28.12445" lon="-16.66776">
        <ele>1074.7</ele>
      </trkpt>
      <trkpt lat="28.12386" lon="-16.6671">
        <ele>1070.7</ele>
      </trkpt>
      <trkpt lat="28.12328" lon="-16.666429">
        <ele>1069.5</ele>
      </trkpt>
      <trkpt lat="28.12317" lon="-16.66635">
        <ele>1068.8</ele>
      </trkpt>
      <trkpt lat="28.12306" lon="-16.6663">
        <ele>1067.7</ele>
      </trkpt>
      <trkpt lat="28.12295" lon="-16.66628">
        <ele>1066.4</ele>
      </trkpt>
      <trkpt lat="28.12282" lon="-16.66627">
        <ele>1064.7</ele>
      </trkpt>
      <trkpt lat="28.12268" lon="-16.66629">
        <ele>1062.6</ele>
      </trkpt>
      <trkpt lat="28.12214" lon="-16.666599">
        <ele>1056.2</ele>
      </trkpt>
      <trkpt lat="28.12159" lon="-16.666899">
        <ele>1052.1</ele>
      </trkpt>
      <trkpt lat="28.12142" lon="-16.66686">
        <ele>1051.5</ele>
      </trkpt>
      <trkpt lat="28.12078" lon="-16.66644">
        <ele>1049.7</ele>
      </trkpt>
      <trkpt lat="28.12014" lon="-16.66601">
        <ele>1046.5</ele>
      </trkpt>
      <trkpt lat="28.11958" lon="-16.66565">
        <ele>1042.1</ele>
      </trkpt>
      <trkpt lat="28.11901" lon="-16.665299">
        <ele>1038.8</ele>
      </trkpt>
      <trkpt lat="28.11891" lon="-16.66526">
        <ele>1038.2</ele>
      </trkpt>
      <trkpt lat="28.11877" lon="-16.66527">
        <ele>1036.9</ele>
      </trkpt>
      <trkpt lat="28.11872" lon="-16.665299">
        <ele>1036.2</ele>
      </trkpt>
      <trkpt lat="28.11872" lon="-16.665299">
        <ele>1036.2</ele>
      </trkpt>
      <trkpt lat="28.1186" lon="-16.665389">
        <ele>1034.3</ele>
      </trkpt>
      <trkpt lat="28.11855" lon="-16.66552">
        <ele>1032.6</ele>
      </trkpt>
      <trkpt lat="28.11853" lon="-16.6657">
        <ele>1030.7</ele>
      </trkpt>
      <trkpt lat="28.11849" lon="-16.66646">
        <ele>1023.9</ele>
      </trkpt>
      <trkpt lat="28.11845" lon="-16.66722">
        <ele>1021.3</ele>
      </trkpt>
      <trkpt lat="28.11842" lon="-16.66798">
        <ele>1017.9</ele>
      </trkpt>
      <trkpt lat="28.11842" lon="-16.66822">
        <ele>1016.4</ele>
      </trkpt>
      <trkpt lat="28.11845" lon="-16.66841">
        <ele>1015.3</ele>
      </trkpt>
      <trkpt lat="28.11873" lon="-16.66883">
        <ele>1013.9</ele>
      </trkpt>
      <trkpt lat="28.119" lon="-16.66926">
        <ele>1012.9</ele>
      </trkpt>
      <trkpt lat="28.1191" lon="-16.669429">
        <ele>1013.0</ele>
      </trkpt>
      <trkpt lat="28.11917" lon="-16.6696">
        <ele>1012.9</ele>
      </trkpt>
      <trkpt lat="28.11921" lon="-16.66977">
        <ele>1012.4</ele>
      </trkpt>
      <trkpt lat="28.11937" lon="-16.67044">
        <ele>1009.7</ele>
      </trkpt>
      <trkpt lat="28.11952" lon="-16.671109">
        <ele>1006.8</ele>
      </trkpt>
      <trkpt lat="28.11968" lon="-16.671779">
        <ele>1001.4</ele>
      </trkpt>
      <trkpt lat="28.11971" lon="-16.67203">
        <ele>998.2</ele>
      </trkpt>
      <trkpt lat="28.1197" lon="-16.67239">
        <ele>993.2</ele>
      </trkpt>
      <trkpt lat="28.11966" lon="-16.67258">
        <ele>991.1</ele>
      </trkpt>
      <trkpt lat="28.11961" lon="-16.67266">
        <ele>990.6</ele>
      </trkpt>
      <trkpt lat="28.11961" lon="-16.67266">
        <ele>990.6</ele>
      </trkpt>
      <trkpt lat="28.11956" lon="-16.67274">
        <ele>990.1</ele>
      </trkpt>
      <trkpt lat="28.11947" lon="-16.672809">
        <ele>990.0</ele>
      </trkpt>
      <trkpt lat="28.11935" lon="-16.67287">
        <ele>990.2</ele>
      </trkpt>
      <trkpt lat="28.11924" lon="-16.672889">
        <ele>990.7</ele>
      </trkpt>
      <trkpt lat="28.11909" lon="-16.672889">
        <ele>990.8</ele>
      </trkpt>
      <trkpt lat="28.11823" lon="-16.672699">
        <ele>987.2</ele>
      </trkpt>
      <trkpt lat="28.11799" lon="-16.672709">
        <ele>986.0</ele>
      </trkpt>
      <trkpt lat="28.11748" lon="-16.67288">
        <ele>984.5</ele>
      </trkpt>
      <trkpt lat="28.11697" lon="-16.67306">
        <ele>980.3</ele>
      </trkpt>
      <trkpt lat="28.11682" lon="-16.67316">
        <ele>979.1</ele>
      </trkpt>
      <trkpt lat="28.11678" lon="-16.67321">
        <ele>978.9</ele>
      </trkpt>
      <trkpt lat="28.11675" lon="-16.67329">
        <ele>978.8</ele>
      </trkpt>
      <trkpt lat="28.11675" lon="-16.6734">
        <ele>978.2</ele>
      </trkpt>
      <trkpt lat="28.11679" lon="-16.67352">
        <ele>977.3</ele>
      </trkpt>
      <trkpt lat="28.11686" lon="-16.67363">
        <ele>976.9</ele>
      </trkpt>
      <trkpt lat="28.11704" lon="-16.67385">
        <ele>976.8</ele>
      </trkpt>
      <trkpt lat="28.1171" lon="-16.67395">
        <ele>976.6</ele>
      </trkpt>
      <trkpt lat="28.11711" lon="-16.67409">
        <ele>975.2</ele>
      </trkpt>
      <trkpt lat="28.11709" lon="-16.67417">
        <ele>974.1</ele>
      </trkpt>
      <trkpt lat="28.117" lon="-16.67432">
        <ele>971.5</ele>
      </trkpt>
      <trkpt lat="28.11667" lon="-16.67465">
        <ele>966.9</ele>
      </trkpt>
      <trkpt lat="28.1166" lon="-16.67475">
        <ele>964.6</ele>
      </trkpt>
      <trkpt lat="28.11653" lon="-16.6749">
        <ele>961.9</ele>
      </trkpt>
      <trkpt lat="28.11637" lon="-16.675339">
        <ele>951.2</ele>
      </trkpt>
      <trkpt lat="28.11635" lon="-16.675529">
        <ele>947.8</ele>
      </trkpt>
      <trkpt lat="28.11638" lon="-16.67563">
        <ele>947.0</ele>
      </trkpt>
      <trkpt lat="28.11644" lon="-16.6757">
        <ele>947.1</ele>
      </trkpt>
      <trkpt lat="28.11651" lon="-16.67575">
        <ele>947.7</ele>
      </trkpt>
      <trkpt lat="28.11659" lon="-16.67576">
        <ele>949.0</ele>
      </trkpt>
      <trkpt lat="28.11669" lon="-16.67575">
        <ele>950.7</ele>
      </trkpt>
      <trkpt lat="28.11723" lon="-16.67558">
        <ele>953.5</ele>
      </trkpt>
      <trkpt lat="28.11778" lon="-16.67541">
        <ele>953.8</ele>
      </trkpt>
      <trkpt lat="28.11793" lon="-16.67538">
        <ele>952.6</ele>
      </trkpt>
      <trkpt lat="28.11804" lon="-16.6754">
        <ele>951.2</ele>
      </trkpt>
      <trkpt lat="28.11814" lon="-16.675439">
        <ele>949.7</ele>
      </trkpt>
      <trkpt lat="28.11821" lon="-16.6755">
        <ele>948.5</ele>
      </trkpt>
      <trkpt lat="28.11829" lon="-16.675609">
        <ele>946.9</ele>
      </trkpt>
      <trkpt lat="28.11834" lon="-16.675709">
        <ele>945.9</ele>
      </trkpt>
      <trkpt lat="28.11835" lon="-16.67586">
        <ele>944.7</ele>
      </trkpt>
      <trkpt lat="28.11832" lon="-16.676079">
        <ele>942.1</ele>
      </trkpt>
      <trkpt lat="28.11806" lon="-16.67704">
        <ele>929.1</ele>
      </trkpt>
      <trkpt lat="28.118" lon="-16.677129">
        <ele>927.8</ele>
      </trkpt>
      <trkpt lat="28.11793" lon="-16.67718">
        <ele>927.3</ele>
      </trkpt>
      <trkpt lat="28.11787" lon="-16.677209">
        <ele>927.1</ele>
      </trkpt>
      <trkpt lat="28.11775" lon="-16.677219">
        <ele>927.6</ele>
      </trkpt>
      <trkpt lat="28.11766" lon="-16.677209">
        <ele>928.3</ele>
      </trkpt>
      <trkpt lat="28.11757" lon="-16.67715">
        <ele>929.7</ele>
      </trkpt>
      <trkpt lat="28.11745" lon="-16.677029">
        <ele>931.1</ele>
      </trkpt>
      <trkpt lat="28.11737" lon="-16.676929">
        <ele>931.4</ele>
      </trkpt>
      <trkpt lat="28.11723" lon="-16.67662">
        <ele>934.3</ele>
      </trkpt>
      <trkpt lat="28.11719" lon="-16.676549">
        <ele>935.1</ele>
      </trkpt>
      <trkpt lat="28.11712" lon="-16.67651">
        <ele>935.1</ele>
      </trkpt>
      <trkpt lat="28.11706" lon="-16.6765">
        <ele>934.7</ele>
      </trkpt>
      <trkpt lat="28.117" lon="-16.6765">
        <ele>934.0</ele>
      </trkpt>
      <trkpt lat="28.11694" lon="-16.67654">
        <ele>932.5</ele>
      </trkpt>
      <trkpt lat="28.1169" lon="-16.67659">
        <ele>930.9</ele>
      </trkpt>
      <trkpt lat="28.1169" lon="-16.67672">
        <ele>928.3</ele>
      </trkpt>
      <trkpt lat="28.11708" lon="-16.67747">
        <ele>919.4</ele>
      </trkpt>
      <trkpt lat="28.11713" lon="-16.67761">
        <ele>917.4</ele>
      </trkpt>
      <trkpt lat="28.11719" lon="-16.677689">
        <ele>916.5</ele>
      </trkpt>
      <trkpt lat="28.11725" lon="-16.67773">
        <ele>916.4</ele>
      </trkpt>
      <trkpt lat="28.11756" lon="-16.6778">
        <ele>917.7</ele>
      </trkpt>
      <trkpt lat="28.11761" lon="-16.67783">
        <ele>917.0</ele>
      </trkpt>
      <trkpt lat="28.11766" lon="-16.6779">
        <ele>915.5</ele>
      </trkpt>
      <trkpt lat="28.11768" lon="-16.67798">
        <ele>913.9</ele>
      </trkpt>
      <trkpt lat="28.11767" lon="-16.67807">
        <ele>912.1</ele>
      </trkpt>
      <trkpt lat="28.11763" lon="-16.67813">
        <ele>910.6</ele>
      </trkpt>
      <trkpt lat="28.11758" lon="-16.67817">
        <ele>909.4</ele>
      </trkpt>
      <trkpt lat="28.11753" lon="-16.67818">
        <ele>908.9</ele>
      </trkpt>
      <trkpt lat="28.11721" lon="-16.678149">
        <ele>906.9</ele>
      </trkpt>
      <trkpt lat="28.11678" lon="-16.678159">
        <ele>902.9</ele>
      </trkpt>
      <trkpt lat="28.11668" lon="-16.67814">
        <ele>902.4</ele>
      </trkpt>
      <trkpt lat="28.11658" lon="-16.67811">
        <ele>900.9</ele>
      </trkpt>
      <trkpt lat="28.11646" lon="-16.67798">
        <ele>900.5</ele>
      </trkpt>
      <trkpt lat="28.11637" lon="-16.67782">
        <ele>901.1</ele>
      </trkpt>
      <trkpt lat="28.11624" lon="-16.67751">
        <ele>903.1</ele>
      </trkpt>
      <trkpt lat="28.11619" lon="-16.67746">
        <ele>903.0</ele>
      </trkpt>
      <trkpt lat="28.11613" lon="-16.67743">
        <ele>902.4</ele>
      </trkpt>
      <trkpt lat="28.11608" lon="-16.67744">
        <ele>901.1</ele>
      </trkpt>
      <trkpt lat="28.11598" lon="-16.67748">
        <ele>897.9</ele>
      </trkpt>
      <trkpt lat="28.11595" lon="-16.67754">
        <ele>896.1</ele>
      </trkpt>
      <trkpt lat="28.11595" lon="-16.67767">
        <ele>894.2</ele>
      </trkpt>
      <trkpt lat="28.1161" lon="-16.678239">
        <ele>888.9</ele>
      </trkpt>
      <trkpt lat="28.11615" lon="-16.67836">
        <ele>887.6</ele>
      </trkpt>
      <trkpt lat="28.11621" lon="-16.67845">
        <ele>885.9</ele>
      </trkpt>
      <trkpt lat="28.11629" lon="-16.678519">
        <ele>885.1</ele>
      </trkpt>
      <trkpt lat="28.11683" lon="-16.67875">
        <ele>886.3</ele>
      </trkpt>
      <trkpt lat="28.11687" lon="-16.678799">
        <ele>885.2</ele>
      </trkpt>
      <trkpt lat="28.11689" lon="-16.67888">
        <ele>882.9</ele>
      </trkpt>
      <trkpt lat="28.11689" lon="-16.67895">
        <ele>880.6</ele>
      </trkpt>
      <trkpt lat="28.11686" lon="-16.678989">
        <ele>878.8</ele>
      </trkpt>
      <trkpt lat="28.11677" lon="-16.67902">
        <ele>876.2</ele>
      </trkpt>
      <trkpt lat="28.11668" lon="-16.67901">
        <ele>874.9</ele>
      </trkpt>
      <trkpt lat="28.11617" lon="-16.67878">
        <ele>874.4</ele>
      </trkpt>
      <trkpt lat="28.11566" lon="-16.67856">
        <ele>871.5</ele>
      </trkpt>
      <trkpt lat="28.1156" lon="-16.678519">
        <ele>871.2</ele>
      </trkpt>
      <trkpt lat="28.11549" lon="-16.67838">
        <ele>872.2</ele>
      </trkpt>
      <trkpt lat="28.11535" lon="-16.67811">
        <ele>872.3</ele>
      </trkpt>
      <trkpt lat="28.11521" lon="-16.67779">
        <ele>871.7</ele>
      </trkpt>
      <trkpt lat="28.11517" lon="-16.67776">
        <ele>870.8</ele>
      </trkpt>
      <trkpt lat="28.11511" lon="-16.67774">
        <ele>869.2</ele>
      </trkpt>
      <trkpt lat="28.11505" lon="-16.67775">
        <ele>867.4</ele>
      </trkpt>
      <trkpt lat="28.11501" lon="-16.6778">
        <ele>865.8</ele>
      </trkpt>
      <trkpt lat="28.11498" lon="-16.677859">
        <ele>864.5</ele>
      </trkpt>
      <trkpt lat="28.11498" lon="-16.678059">
        <ele>862.8</ele>
      </trkpt>
      <trkpt lat="28.11513" lon="-16.67847">
        <ele>861.7</ele>
      </trkpt>
      <trkpt lat="28.11524" lon="-16.678619">
        <ele>861.1</ele>
      </trkpt>
      <trkpt lat="28.11576" lon="-16.67907">
        <ele>858.9</ele>
      </trkpt>
      <trkpt lat="28.1158" lon="-16.67913">
        <ele>857.7</ele>
      </trkpt>
      <trkpt lat="28.11581" lon="-16.67921">
        <ele>856.0</ele>
      </trkpt>
      <trkpt lat="28.1158" lon="-16.67929">
        <ele>854.7</ele>
      </trkpt>
      <trkpt lat="28.11576" lon="-16.67935">
        <ele>853.2</ele>
      </trkpt>
      <trkpt lat="28.1157" lon="-16.67939">
        <ele>851.7</ele>
      </trkpt>
      <trkpt lat="28.11564" lon="-16.67941">
        <ele>850.5</ele>
      </trkpt>
      <trkpt lat="28.11556" lon="-16.679379">
        <ele>850.0</ele>
      </trkpt>
      <trkpt lat="28.11482" lon="-16.67893">
        <ele>847.9</ele>
      </trkpt>
      <trkpt lat="28.1147" lon="-16.67884">
        <ele>847.0</ele>
      </trkpt>
      <trkpt lat="28.11463" lon="-16.67876">
        <ele>846.8</ele>
      </trkpt>
      <trkpt lat="28.11454" lon="-16.678629">
        <ele>846.6</ele>
      </trkpt>
      <trkpt lat="28.1142" lon="-16.677959">
        <ele>844.9</ele>
      </trkpt>
      <trkpt lat="28.11411" lon="-16.677879">
        <ele>843.7</ele>
      </trkpt>
      <trkpt lat="28.11398" lon="-16.677879">
        <ele>841.2</ele>
      </trkpt>
      <trkpt lat="28.11392" lon="-16.67792">
        <ele>839.7</ele>
      </trkpt>
      <trkpt lat="28.11389" lon="-16.67798">
        <ele>838.7</ele>
      </trkpt>
      <trkpt lat="28.11388" lon="-16.678059">
        <ele>837.8</ele>
      </trkpt>
      <trkpt lat="28.11393" lon="-16.678719">
        <ele>833.9</ele>
      </trkpt>
      <trkpt lat="28.11397" lon="-16.679379">
        <ele>828.6</ele>
      </trkpt>
      <trkpt lat="28.114" lon="-16.67954">
        <ele>826.7</ele>
      </trkpt>
      <trkpt lat="28.11422" lon="-16.680129">
        <ele>820.2</ele>
      </trkpt>
      <trkpt lat="28.11445" lon="-16.68073">
        <ele>814.8</ele>
      </trkpt>
      <trkpt lat="28.11453" lon="-16.68102">
        <ele>815.7</ele>
      </trkpt>
      <trkpt lat="28.11454" lon="-16.68129">
        <ele>816.4</ele>
      </trkpt>
      <trkpt lat="28.11453" lon="-16.681429">
        <ele>816.5</ele>
      </trkpt>
      <trkpt lat="28.11449" lon="-16.68158">
        <ele>816.0</ele>
      </trkpt>
      <trkpt lat="28.11428" lon="-16.6822">
        <ele>813.5</ele>
      </trkpt>
      <trkpt lat="28.11406" lon="-16.68282">
        <ele>808.5</ele>
      </trkpt>
      <trkpt lat="28.11401" lon="-16.682929">
        <ele>807.0</ele>
      </trkpt>
      <trkpt lat="28.11393" lon="-16.683">
        <ele>805.2</ele>
      </trkpt>
      <trkpt lat="28.11384" lon="-16.683039">
        <ele>803.4</ele>
      </trkpt>
      <trkpt lat="28.11377" lon="-16.683039">
        <ele>802.1</ele>
      </trkpt>
      <trkpt lat="28.11366" lon="-16.68302">
        <ele>800.2</ele>
      </trkpt>
      <trkpt lat="28.11354" lon="-16.68291">
        <ele>798.4</ele>
      </trkpt>
      <trkpt lat="28.11351" lon="-16.68283">
        <ele>798.1</ele>
      </trkpt>
      <trkpt lat="28.11341" lon="-16.682289">
        <ele>796.7</ele>
      </trkpt>
      <trkpt lat="28.11337" lon="-16.682189">
        <ele>795.6</ele>
      </trkpt>
      <trkpt lat="28.1133" lon="-16.68211">
        <ele>794.1</ele>
      </trkpt>
      <trkpt lat="28.11322" lon="-16.68206">
        <ele>792.6</ele>
      </trkpt>
      <trkpt lat="28.11315" lon="-16.68203">
        <ele>791.4</ele>
      </trkpt>
      <trkpt lat="28.11296" lon="-16.68204">
        <ele>788.4</ele>
      </trkpt>
      <trkpt lat="28.11287" lon="-16.68211">
        <ele>787.0</ele>
      </trkpt>
      <trkpt lat="28.11281" lon="-16.68217">
        <ele>786.0</ele>
      </trkpt>
      <trkpt lat="28.11276" lon="-16.68225">
        <ele>785.1</ele>
      </trkpt>
      <trkpt lat="28.11273" lon="-16.68235">
        <ele>784.5</ele>
      </trkpt>
      <trkpt lat="28.11266" lon="-16.683219">
        <ele>781.2</ele>
      </trkpt>
      <trkpt lat="28.11258" lon="-16.68408">
        <ele>776.8</ele>
      </trkpt>
      <trkpt lat="28.11251" lon="-16.68495">
        <ele>768.5</ele>
      </trkpt>
      <trkpt lat="28.11244" lon="-16.685089">
        <ele>767.1</ele>
      </trkpt>
      <trkpt lat="28.11229" lon="-16.68521">
        <ele>764.8</ele>
      </trkpt>
      <trkpt lat="28.11229" lon="-16.685199">
        <ele>764.8</ele>
      </trkpt>
      <trkpt lat="28.11228" lon="-16.68521">
        <ele>764.7</ele>
      </trkpt>
      <trkpt lat="28.11224" lon="-16.68522">
        <ele>764.1</ele>
      </trkpt>
      <trkpt lat="28.11221" lon="-16.68523">
        <ele>763.6</ele>
      </trkpt>
      <trkpt lat="28.11218" lon="-16.68523">
        <ele>763.3</ele>
      </trkpt>
      <trkpt lat="28.11214" lon="-16.68524">
        <ele>762.7</ele>
      </trkpt>
      <trkpt lat="28.11211" lon="-16.68523">
        <ele>762.3</ele>
      </trkpt>
      <trkpt lat="28.11206" lon="-16.68523">
        <ele>761.7</ele>
      </trkpt>
      <trkpt lat="28.112" lon="-16.68521">
        <ele>761.0</ele>
      </trkpt>
      <trkpt lat="28.11199" lon="-16.685199">
        <ele>761.0</ele>
      </trkpt>
      <trkpt lat="28.11195" lon="-16.685179">
        <ele>760.6</ele>
      </trkpt>
      <trkpt lat="28.1119" lon="-16.68514">
        <ele>760.3</ele>
      </trkpt>
      <trkpt lat="28.11186" lon="-16.685089">
        <ele>760.3</ele>
      </trkpt>
      <trkpt lat="28.11185" lon="-16.68508">
        <ele>760.3</ele>
      </trkpt>
      <trkpt lat="28.11184" lon="-16.68505">
        <ele>760.4</ele>
      </trkpt>
      <trkpt lat="28.11181" lon="-16.684999">
        <ele>760.5</ele>
      </trkpt>
      <trkpt lat="28.1118" lon="-16.68494">
        <ele>760.6</ele>
      </trkpt>
      <trkpt lat="28.11178" lon="-16.684819">
        <ele>760.6</ele>
      </trkpt>
      <trkpt lat="28.11178" lon="-16.684619">
        <ele>761.1</ele>
      </trkpt>
      <trkpt lat="28.11178" lon="-16.684429">
        <ele>761.5</ele>
      </trkpt>
      <trkpt lat="28.11177" lon="-16.684149">
        <ele>761.9</ele>
      </trkpt>
      <trkpt lat="28.11177" lon="-16.684059">
        <ele>762.4</ele>
      </trkpt>
      <trkpt lat="28.11176" lon="-16.68401">
        <ele>762.4</ele>
      </trkpt>
      <trkpt lat="28.11176" lon="-16.683969">
        <ele>762.6</ele>
      </trkpt>
      <trkpt lat="28.11174" lon="-16.68394">
        <ele>762.4</ele>
      </trkpt>
      <trkpt lat="28.11172" lon="-16.68389">
        <ele>762.3</ele>
      </trkpt>
      <trkpt lat="28.1117" lon="-16.68385">
        <ele>762.1</ele>
      </trkpt>
      <trkpt lat="28.11166" lon="-16.68382">
        <ele>761.6</ele>
      </trkpt>
      <trkpt lat="28.11162" lon="-16.683789">
        <ele>761.1</ele>
      </trkpt>
      <trkpt lat="28.11157" lon="-16.68377">
        <ele>760.3</ele>
      </trkpt>
      <trkpt lat="28.11152" lon="-16.68376">
        <ele>759.6</ele>
      </trkpt>
      <trkpt lat="28.11147" lon="-16.68376">
        <ele>758.8</ele>
      </trkpt>
      <trkpt lat="28.11143" lon="-16.68377">
        <ele>758.1</ele>
      </trkpt>
      <trkpt lat="28.1114" lon="-16.683779">
        <ele>757.5</ele>
      </trkpt>
      <trkpt lat="28.11136" lon="-16.6838">
        <ele>756.8</ele>
      </trkpt>
      <trkpt lat="28.11134" lon="-16.68382">
        <ele>756.3</ele>
      </trkpt>
      <trkpt lat="28.11132" lon="-16.68382">
        <ele>756.0</ele>
      </trkpt>
      <trkpt lat="28.1113" lon="-16.68385">
        <ele>755.5</ele>
      </trkpt>
      <trkpt lat="28.11128" lon="-16.683869">
        <ele>755.1</ele>
      </trkpt>
      <trkpt lat="28.11126" lon="-16.6839">
        <ele>754.6</ele>
      </trkpt>
      <trkpt lat="28.11124" lon="-16.68393">
        <ele>754.1</ele>
      </trkpt>
      <trkpt lat="28.11122" lon="-16.683979">
        <ele>753.5</ele>
      </trkpt>
      <trkpt lat="28.11121" lon="-16.68401">
        <ele>753.2</ele>
      </trkpt>
      <trkpt lat="28.11115" lon="-16.68419">
        <ele>751.3</ele>
      </trkpt>
      <trkpt lat="28.11111" lon="-16.68431">
        <ele>750.8</ele>
      </trkpt>
      <trkpt lat="28.11108" lon="-16.68441">
        <ele>750.5</ele>
      </trkpt>
      <trkpt lat="28.11105" lon="-16.68448">
        <ele>750.1</ele>
      </trkpt>
      <trkpt lat="28.111" lon="-16.68458">
        <ele>749.5</ele>
      </trkpt>
      <trkpt lat="28.11096" lon="-16.68465">
        <ele>749.0</ele>
      </trkpt>
      <trkpt lat="28.11093" lon="-16.68469">
        <ele>748.7</ele>
      </trkpt>
      <trkpt lat="28.11089" lon="-16.68474">
        <ele>748.2</ele>
      </trkpt>
      <trkpt lat="28.11082" lon="-16.684819">
        <ele>747.3</ele>
      </trkpt>
      <trkpt lat="28.11073" lon="-16.68489">
        <ele>746.1</ele>
      </trkpt>
      <trkpt lat="28.11069" lon="-16.68493">
        <ele>745.5</ele>
      </trkpt>
      <trkpt lat="28.11065" lon="-16.68497">
        <ele>745.0</ele>
      </trkpt>
      <trkpt lat="28.11061" lon="-16.68502">
        <ele>744.3</ele>
      </trkpt>
      <trkpt lat="28.11059" lon="-16.68506">
        <ele>743.6</ele>
      </trkpt>
      <trkpt lat="28.11057" lon="-16.685099">
        <ele>742.9</ele>
      </trkpt>
      <trkpt lat="28.11056" lon="-16.68513">
        <ele>742.5</ele>
      </trkpt>
      <trkpt lat="28.11054" lon="-16.685179">
        <ele>741.7</ele>
      </trkpt>
      <trkpt lat="28.11054" lon="-16.685189">
        <ele>741.6</ele>
      </trkpt>
      <trkpt lat="28.11052" lon="-16.68524">
        <ele>740.8</ele>
      </trkpt>
      <trkpt lat="28.1105" lon="-16.68532">
        <ele>739.8</ele>
      </trkpt>
      <trkpt lat="28.11048" lon="-16.68539">
        <ele>738.9</ele>
      </trkpt>
      <trkpt lat="28.11045" lon="-16.68544">
        <ele>738.0</ele>
      </trkpt>
      <trkpt lat="28.11042" lon="-16.68549">
        <ele>737.1</ele>
      </trkpt>
      <trkpt lat="28.1104" lon="-16.68552">
        <ele>736.6</ele>
      </trkpt>
      <trkpt lat="28.11037" lon="-16.68555">
        <ele>735.9</ele>
      </trkpt>
      <trkpt lat="28.11034" lon="-16.68558">
        <ele>735.3</ele>
      </trkpt>
      <trkpt lat="28.11029" lon="-16.68561">
        <ele>734.4</ele>
      </trkpt>
      <trkpt lat="28.11023" lon="-16.68563">
        <ele>733.4</ele>
      </trkpt>
      <trkpt lat="28.11022" lon="-16.68563">
        <ele>733.3</ele>
      </trkpt>
      <trkpt lat="28.11019" lon="-16.68564">
        <ele>732.8</ele>
      </trkpt>
      <trkpt lat="28.11013" lon="-16.685649">
        <ele>732.0</ele>
      </trkpt>
      <trkpt lat="28.11005" lon="-16.68564">
        <ele>731.0</ele>
      </trkpt>
      <trkpt lat="28.10997" lon="-16.68561">
        <ele>730.3</ele>
      </trkpt>
      <trkpt lat="28.10992" lon="-16.68558">
        <ele>730.0</ele>
      </trkpt>
      <trkpt lat="28.10987" lon="-16.68555">
        <ele>729.7</ele>
      </trkpt>
      <trkpt lat="28.10974" lon="-16.68543">
        <ele>729.2</ele>
      </trkpt>
      <trkpt lat="28.10914" lon="-16.684909">
        <ele>726.0</ele>
      </trkpt>
      <trkpt lat="28.10907" lon="-16.68485">
        <ele>725.0</ele>
      </trkpt>
      <trkpt lat="28.10893" lon="-16.684729">
        <ele>723.0</ele>
      </trkpt>
      <trkpt lat="28.10892" lon="-16.684719">
        <ele>722.8</ele>
      </trkpt>
      <trkpt lat="28.10885" lon="-16.68466">
        <ele>721.8</ele>
      </trkpt>
      <trkpt lat="28.10881" lon="-16.68464">
        <ele>721.4</ele>
      </trkpt>
      <trkpt lat="28.10878" lon="-16.684619">
        <ele>721.0</ele>
      </trkpt>
      <trkpt lat="28.10877" lon="-16.684619">
        <ele>721.0</ele>
      </trkpt>
      <trkpt lat="28.10872" lon="-16.6846">
        <ele>720.5</ele>
      </trkpt>
      <trkpt lat="28.10868" lon="-16.6846">
        <ele>720.2</ele>
      </trkpt>
      <trkpt lat="28.10863" lon="-16.6846">
        <ele>719.9</ele>
      </trkpt>
      <trkpt lat="28.10858" lon="-16.6846">
        <ele>719.6</ele>
      </trkpt>
      <trkpt lat="28.10855" lon="-16.68461">
        <ele>719.6</ele>
      </trkpt>
      <trkpt lat="28.10851" lon="-16.684629">
        <ele>719.5</ele>
      </trkpt>
      <trkpt lat="28.10847" lon="-16.68466">
        <ele>719.6</ele>
      </trkpt>
      <trkpt lat="28.10844" lon="-16.68468">
        <ele>719.6</ele>
      </trkpt>
      <trkpt lat="28.10844" lon="-16.68469">
        <ele>719.7</ele>
      </trkpt>
      <trkpt lat="28.10842" lon="-16.684709">
        <ele>719.7</ele>
      </trkpt>
      <trkpt lat="28.10839" lon="-16.68475">
        <ele>719.9</ele>
      </trkpt>
      <trkpt lat="28.10837" lon="-16.68479">
        <ele>720.2</ele>
      </trkpt>
      <trkpt lat="28.10836" lon="-16.684819">
        <ele>720.4</ele>
      </trkpt>
      <trkpt lat="28.10835" lon="-16.68485">
        <ele>720.7</ele>
      </trkpt>
      <trkpt lat="28.10834" lon="-16.684909">
        <ele>721.2</ele>
      </trkpt>
      <trkpt lat="28.10833" lon="-16.68495">
        <ele>721.5</ele>
      </trkpt>
      <trkpt lat="28.10834" lon="-16.68512">
        <ele>721.2</ele>
      </trkpt>
      <trkpt lat="28.10835" lon="-16.68535">
        <ele>719.6</ele>
      </trkpt>
      <trkpt lat="28.10836" lon="-16.68541">
        <ele>719.2</ele>
      </trkpt>
      <trkpt lat="28.10837" lon="-16.68546">
        <ele>718.9</ele>
      </trkpt>
      <trkpt lat="28.10838" lon="-16.68554">
        <ele>718.4</ele>
      </trkpt>
      <trkpt lat="28.1084" lon="-16.6856">
        <ele>718.0</ele>
      </trkpt>
      <trkpt lat="28.10843" lon="-16.68569">
        <ele>717.5</ele>
      </trkpt>
      <trkpt lat="28.10849" lon="-16.68582">
        <ele>716.9</ele>
      </trkpt>
      <trkpt lat="28.10854" lon="-16.685939">
        <ele>715.6</ele>
      </trkpt>
      <trkpt lat="28.10857" lon="-16.68602">
        <ele>714.7</ele>
      </trkpt>
      <trkpt lat="28.10858" lon="-16.68606">
        <ele>714.3</ele>
      </trkpt>
      <trkpt lat="28.10859" lon="-16.68611">
        <ele>713.7</ele>
      </trkpt>
      <trkpt lat="28.10859" lon="-16.686129">
        <ele>713.5</ele>
      </trkpt>
      <trkpt lat="28.10858" lon="-16.68617">
        <ele>712.9</ele>
      </trkpt>
      <trkpt lat="28.10857" lon="-16.68621">
        <ele>712.3</ele>
      </trkpt>
      <trkpt lat="28.10855" lon="-16.68626">
        <ele>711.5</ele>
      </trkpt>
      <trkpt lat="28.10852" lon="-16.686309">
        <ele>710.5</ele>
      </trkpt>
      <trkpt lat="28.10848" lon="-16.68636">
        <ele>709.4</ele>
      </trkpt>
      <trkpt lat="28.10844" lon="-16.68638">
        <ele>708.7</ele>
      </trkpt>
      <trkpt lat="28.10839" lon="-16.686399">
        <ele>707.8</ele>
      </trkpt>
      <trkpt lat="28.10835" lon="-16.686419">
        <ele>707.0</ele>
      </trkpt>
      <trkpt lat="28.1083" lon="-16.686419">
        <ele>706.6</ele>
      </trkpt>
      <trkpt lat="28.10828" lon="-16.686419">
        <ele>706.4</ele>
      </trkpt>
      <trkpt lat="28.10826" lon="-16.686409">
        <ele>706.4</ele>
      </trkpt>
      <trkpt lat="28.10821" lon="-16.68639">
        <ele>706.2</ele>
      </trkpt>
      <trkpt lat="28.10817" lon="-16.68637">
        <ele>706.2</ele>
      </trkpt>
      <trkpt lat="28.10812" lon="-16.68633">
        <ele>706.4</ele>
      </trkpt>
      <trkpt lat="28.10767" lon="-16.68598">
        <ele>708.7</ele>
      </trkpt>
      <trkpt lat="28.107" lon="-16.68546">
        <ele>703.9</ele>
      </trkpt>
      <trkpt lat="28.10664" lon="-16.68517">
        <ele>700.2</ele>
      </trkpt>
      <trkpt lat="28.10653" lon="-16.685089">
        <ele>698.5</ele>
      </trkpt>
      <trkpt lat="28.10638" lon="-16.68497">
        <ele>696.5</ele>
      </trkpt>
      <trkpt lat="28.10608" lon="-16.68474">
        <ele>696.3</ele>
      </trkpt>
      <trkpt lat="28.10593" lon="-16.684629">
        <ele>696.2</ele>
      </trkpt>
      <trkpt lat="28.1058" lon="-16.684529">
        <ele>696.1</ele>
      </trkpt>
      <trkpt lat="28.10575" lon="-16.6845">
        <ele>696.1</ele>
      </trkpt>
      <trkpt lat="28.1057" lon="-16.68448">
        <ele>696.1</ele>
      </trkpt>
      <trkpt lat="28.10569" lon="-16.68448">
        <ele>696.1</ele>
      </trkpt>
      <trkpt lat="28.10566" lon="-16.68447">
        <ele>696.1</ele>
      </trkpt>
      <trkpt lat="28.10563" lon="-16.68446">
        <ele>696.1</ele>
      </trkpt>
      <trkpt lat="28.10557" lon="-16.684449">
        <ele>695.9</ele>
      </trkpt>
      <trkpt lat="28.10554" lon="-16.684449">
        <ele>695.7</ele>
      </trkpt>
      <trkpt lat="28.10552" lon="-16.684449">
        <ele>695.6</ele>
      </trkpt>
      <trkpt lat="28.10547" lon="-16.684449">
        <ele>695.3</ele>
      </trkpt>
      <trkpt lat="28.10545" lon="-16.684449">
        <ele>695.1</ele>
      </trkpt>
      <trkpt lat="28.10537" lon="-16.68446">
        <ele>694.5</ele>
      </trkpt>
      <trkpt lat="28.10527" lon="-16.68448">
        <ele>693.5</ele>
      </trkpt>
      <trkpt lat="28.10519" lon="-16.6845">
        <ele>692.7</ele>
      </trkpt>
      <trkpt lat="28.10509" lon="-16.68451">
        <ele>692.0</ele>
      </trkpt>
      <trkpt lat="28.10506" lon="-16.68451">
        <ele>691.8</ele>
      </trkpt>
      <trkpt lat="28.10503" lon="-16.68451">
        <ele>691.6</ele>
      </trkpt>
      <trkpt lat="28.105" lon="-16.68451">
        <ele>691.5</ele>
      </trkpt>
      <trkpt lat="28.10492" lon="-16.68449">
        <ele>691.2</ele>
      </trkpt>
      <trkpt lat="28.10483" lon="-16.68447">
        <ele>690.9</ele>
      </trkpt>
      <trkpt lat="28.1048" lon="-16.68446">
        <ele>690.8</ele>
      </trkpt>
      <trkpt lat="28.10463" lon="-16.68441">
        <ele>690.2</ele>
      </trkpt>
      <trkpt lat="28.1046" lon="-16.6844">
        <ele>690.1</ele>
      </trkpt>
      <trkpt lat="28.10429" lon="-16.6843">
        <ele>688.8</ele>
      </trkpt>
      <trkpt lat="28.10425" lon="-16.68428">
        <ele>688.7</ele>
      </trkpt>
      <trkpt lat="28.10412" lon="-16.68423">
        <ele>687.6</ele>
      </trkpt>
      <trkpt lat="28.10408" lon="-16.68421">
        <ele>687.1</ele>
      </trkpt>
      <trkpt lat="28.10404" lon="-16.68419">
        <ele>686.5</ele>
      </trkpt>
      <trkpt lat="28.10399" lon="-16.684159">
        <ele>685.8</ele>
      </trkpt>
      <trkpt lat="28.10395" lon="-16.68413">
        <ele>685.2</ele>
      </trkpt>
      <trkpt lat="28.1039" lon="-16.68408">
        <ele>684.5</ele>
      </trkpt>
      <trkpt lat="28.10384" lon="-16.68403">
        <ele>683.6</ele>
      </trkpt>
      <trkpt lat="28.10376" lon="-16.683959">
        <ele>682.3</ele>
      </trkpt>
      <trkpt lat="28.10369" lon="-16.683879">
        <ele>681.3</ele>
      </trkpt>
      <trkpt lat="28.10368" lon="-16.683869">
        <ele>681.1</ele>
      </trkpt>
      <trkpt lat="28.10363" lon="-16.68381">
        <ele>680.4</ele>
      </trkpt>
      <trkpt lat="28.10347" lon="-16.68364">
        <ele>677.8</ele>
      </trkpt>
      <trkpt lat="28.10341" lon="-16.68358">
        <ele>676.9</ele>
      </trkpt>
      <trkpt lat="28.10339" lon="-16.68357">
        <ele>676.5</ele>
      </trkpt>
      <trkpt lat="28.10319" lon="-16.68335">
        <ele>672.9</ele>
      </trkpt>
      <trkpt lat="28.10314" lon="-16.68329">
        <ele>672.2</ele>
      </trkpt>
      <trkpt lat="28.103" lon="-16.68315">
        <ele>670.2</ele>
      </trkpt>
      <trkpt lat="28.10294" lon="-16.68308">
        <ele>669.3</ele>
      </trkpt>
      <trkpt lat="28.10267" lon="-16.68279">
        <ele>665.2</ele>
      </trkpt>
      <trkpt lat="28.10255" lon="-16.682649">
        <ele>663.3</ele>
      </trkpt>
      <trkpt lat="28.10235" lon="-16.68242">
        <ele>660.6</ele>
      </trkpt>
      <trkpt lat="28.10222" lon="-16.682279">
        <ele>658.8</ele>
      </trkpt>
      <trkpt lat="28.10222" lon="-16.682269">
        <ele>658.8</ele>
      </trkpt>
      <trkpt lat="28.10205" lon="-16.68207">
        <ele>656.1</ele>
      </trkpt>
      <trkpt lat="28.10198" lon="-16.68198">
        <ele>655.0</ele>
      </trkpt>
      <trkpt lat="28.10189" lon="-16.68186">
        <ele>653.4</ele>
      </trkpt>
      <trkpt lat="28.10176" lon="-16.68167">
        <ele>651.0</ele>
      </trkpt>
      <trkpt lat="28.10175" lon="-16.68166">
        <ele>650.8</ele>
      </trkpt>
      <trkpt lat="28.10165" lon="-16.6815">
        <ele>649.2</ele>
      </trkpt>
      <trkpt lat="28.10163" lon="-16.68147">
        <ele>649.0</ele>
      </trkpt>
      <trkpt lat="28.10159" lon="-16.68141">
        <ele>648.5</ele>
      </trkpt>
      <trkpt lat="28.10156" lon="-16.68139">
        <ele>648.2</ele>
      </trkpt>
      <trkpt lat="28.10153" lon="-16.68137">
        <ele>647.8</ele>
      </trkpt>
      <trkpt lat="28.10149" lon="-16.681349">
        <ele>647.3</ele>
      </trkpt>
      <trkpt lat="28.10146" lon="-16.681339">
        <ele>646.9</ele>
      </trkpt>
      <trkpt lat="28.10141" lon="-16.68133">
        <ele>646.2</ele>
      </trkpt>
      <trkpt lat="28.10138" lon="-16.68133">
        <ele>645.7</ele>
      </trkpt>
      <trkpt lat="28.10136" lon="-16.68133">
        <ele>645.5</ele>
      </trkpt>
      <trkpt lat="28.10133" lon="-16.681339">
        <ele>645.0</ele>
      </trkpt>
      <trkpt lat="28.10131" lon="-16.681349">
        <ele>644.7</ele>
      </trkpt>
      <trkpt lat="28.10129" lon="-16.68136">
        <ele>644.4</ele>
      </trkpt>
      <trkpt lat="28.10126" lon="-16.68137">
        <ele>644.0</ele>
      </trkpt>
      <trkpt lat="28.10123" lon="-16.68138">
        <ele>643.6</ele>
      </trkpt>
      <trkpt lat="28.10122" lon="-16.6814">
        <ele>643.4</ele>
      </trkpt>
      <trkpt lat="28.1012" lon="-16.68141">
        <ele>643.1</ele>
      </trkpt>
      <trkpt lat="28.10118" lon="-16.681439">
        <ele>642.8</ele>
      </trkpt>
      <trkpt lat="28.10115" lon="-16.68149">
        <ele>642.3</ele>
      </trkpt>
      <trkpt lat="28.10114" lon="-16.681529">
        <ele>642.2</ele>
      </trkpt>
      <trkpt lat="28.10112" lon="-16.68158">
        <ele>641.9</ele>
      </trkpt>
      <trkpt lat="28.10112" lon="-16.681619">
        <ele>641.8</ele>
      </trkpt>
      <trkpt lat="28.10111" lon="-16.68166">
        <ele>641.7</ele>
      </trkpt>
      <trkpt lat="28.10109" lon="-16.68198">
        <ele>641.8</ele>
      </trkpt>
      <trkpt lat="28.10107" lon="-16.68217">
        <ele>641.8</ele>
      </trkpt>
      <trkpt lat="28.10105" lon="-16.68223">
        <ele>641.7</ele>
      </trkpt>
      <trkpt lat="28.10104" lon="-16.682279">
        <ele>641.7</ele>
      </trkpt>
      <trkpt lat="28.10102" lon="-16.68234">
        <ele>641.5</ele>
      </trkpt>
      <trkpt lat="28.101" lon="-16.682369">
        <ele>641.4</ele>
      </trkpt>
      <trkpt lat="28.10095" lon="-16.68245">
        <ele>641.0</ele>
      </trkpt>
      <trkpt lat="28.10088" lon="-16.68254">
        <ele>640.6</ele>
      </trkpt>
      <trkpt lat="28.10081" lon="-16.68261">
        <ele>640.2</ele>
      </trkpt>
      <trkpt lat="28.10076" lon="-16.682649">
        <ele>639.8</ele>
      </trkpt>
      <trkpt lat="28.10073" lon="-16.68267">
        <ele>639.5</ele>
      </trkpt>
      <trkpt lat="28.10065" lon="-16.68271">
        <ele>638.9</ele>
      </trkpt>
      <trkpt lat="28.10055" lon="-16.682739">
        <ele>638.0</ele>
      </trkpt>
      <trkpt lat="28.10046" lon="-16.682759">
        <ele>637.2</ele>
      </trkpt>
      <trkpt lat="28.10044" lon="-16.682759">
        <ele>637.0</ele>
      </trkpt>
      <trkpt lat="28.10038" lon="-16.682749">
        <ele>636.3</ele>
      </trkpt>
      <trkpt lat="28.1003" lon="-16.682739">
        <ele>635.5</ele>
      </trkpt>
      <trkpt lat="28.10021" lon="-16.68271">
        <ele>634.4</ele>
      </trkpt>
      <trkpt lat="28.10013" lon="-16.68267">
        <ele>633.4</ele>
      </trkpt>
      <trkpt lat="28.09997" lon="-16.68258">
        <ele>631.1</ele>
      </trkpt>
      <trkpt lat="28.0998" lon="-16.68249">
        <ele>628.6</ele>
      </trkpt>
      <trkpt lat="28.09964" lon="-16.6824">
        <ele>626.7</ele>
      </trkpt>
      <trkpt lat="28.09956" lon="-16.68236">
        <ele>625.8</ele>
      </trkpt>
      <trkpt lat="28.09939" lon="-16.682279">
        <ele>623.9</ele>
      </trkpt>
      <trkpt lat="28.09938" lon="-16.682269">
        <ele>623.8</ele>
      </trkpt>
      <trkpt lat="28.09933" lon="-16.68224">
        <ele>623.2</ele>
      </trkpt>
      <trkpt lat="28.09925" lon="-16.68221">
        <ele>622.3</ele>
      </trkpt>
      <trkpt lat="28.09912" lon="-16.68216">
        <ele>621.1</ele>
      </trkpt>
      <trkpt lat="28.09904" lon="-16.68213">
        <ele>620.7</ele>
      </trkpt>
      <trkpt lat="28.09887" lon="-16.68207">
        <ele>619.7</ele>
      </trkpt>
      <trkpt lat="28.09884" lon="-16.68206">
        <ele>619.6</ele>
      </trkpt>
      <trkpt lat="28.09866" lon="-16.682009">
        <ele>618.5</ele>
      </trkpt>
      <trkpt lat="28.09831" lon="-16.681909">
        <ele>616.4</ele>
      </trkpt>
      <trkpt lat="28.09813" lon="-16.68186">
        <ele>613.7</ele>
      </trkpt>
      <trkpt lat="28.09811" lon="-16.68186">
        <ele>613.4</ele>
      </trkpt>
      <trkpt lat="28.09797" lon="-16.681809">
        <ele>611.0</ele>
      </trkpt>
      <trkpt lat="28.09783" lon="-16.68176">
        <ele>608.5</ele>
      </trkpt>
      <trkpt lat="28.09768" lon="-16.681709">
        <ele>605.6</ele>
      </trkpt>
      <trkpt lat="28.09768" lon="-16.681709">
        <ele>605.6</ele>
      </trkpt>
      <trkpt lat="28.09748" lon="-16.68202">
        <ele>605.4</ele>
      </trkpt>
      <trkpt lat="28.09747" lon="-16.68204">
        <ele>605.4</ele>
      </trkpt>
      <trkpt lat="28.09736" lon="-16.682189">
        <ele>604.8</ele>
      </trkpt>
      <trkpt lat="28.09727" lon="-16.682269">
        <ele>603.7</ele>
      </trkpt>
      <trkpt lat="28.09718" lon="-16.68234">
        <ele>602.5</ele>
      </trkpt>
      <trkpt lat="28.09709" lon="-16.68241">
        <ele>601.3</ele>
      </trkpt>
      <trkpt lat="28.09701" lon="-16.682459">
        <ele>600.0</ele>
      </trkpt>
      <trkpt lat="28.09673" lon="-16.68262">
        <ele>595.0</ele>
      </trkpt>
      <trkpt lat="28.0967" lon="-16.68264">
        <ele>594.5</ele>
      </trkpt>
      <trkpt lat="28.09646" lon="-16.6828">
        <ele>591.3</ele>
      </trkpt>
      <trkpt lat="28.09612" lon="-16.68306">
        <ele>587.2</ele>
      </trkpt>
      <trkpt lat="28.09592" lon="-16.683209">
        <ele>584.7</ele>
      </trkpt>
      <trkpt lat="28.09583" lon="-16.68329">
        <ele>583.7</ele>
      </trkpt>
      <trkpt lat="28.09573" lon="-16.68338">
        <ele>581.6</ele>
      </trkpt>
      <trkpt lat="28.09573" lon="-16.68339">
        <ele>581.6</ele>
      </trkpt>
      <trkpt lat="28.09569" lon="-16.68343">
        <ele>580.7</ele>
      </trkpt>
      <trkpt lat="28.09562" lon="-16.683509">
        <ele>579.3</ele>
      </trkpt>
      <trkpt lat="28.09559" lon="-16.68356">
        <ele>578.7</ele>
      </trkpt>
      <trkpt lat="28.09557" lon="-16.683599">
        <ele>578.3</ele>
      </trkpt>
      <trkpt lat="28.09551" lon="-16.68371">
        <ele>577.2</ele>
      </trkpt>
      <trkpt lat="28.09547" lon="-16.68382">
        <ele>576.6</ele>
      </trkpt>
      <trkpt lat="28.09544" lon="-16.68393">
        <ele>576.3</ele>
      </trkpt>
      <trkpt lat="28.09537" lon="-16.6842">
        <ele>575.6</ele>
      </trkpt>
      <trkpt lat="28.09537" lon="-16.68423">
        <ele>575.6</ele>
      </trkpt>
      <trkpt lat="28.09534" lon="-16.68432">
        <ele>575.2</ele>
      </trkpt>
      <trkpt lat="28.09532" lon="-16.68436">
        <ele>574.9</ele>
      </trkpt>
      <trkpt lat="28.09531" lon="-16.6844">
        <ele>574.7</ele>
      </trkpt>
      <trkpt lat="28.09528" lon="-16.684439">
        <ele>574.3</ele>
      </trkpt>
      <trkpt lat="28.09527" lon="-16.68447">
        <ele>574.1</ele>
      </trkpt>
      <trkpt lat="28.09525" lon="-16.6845">
        <ele>573.8</ele>
      </trkpt>
      <trkpt lat="28.09516" lon="-16.684629">
        <ele>572.5</ele>
      </trkpt>
      <trkpt lat="28.09506" lon="-16.68469">
        <ele>570.9</ele>
      </trkpt>
      <trkpt lat="28.09489" lon="-16.68477">
        <ele>568.8</ele>
      </trkpt>
      <trkpt lat="28.09481" lon="-16.6848">
        <ele>567.9</ele>
      </trkpt>
      <trkpt lat="28.09472" lon="-16.68484">
        <ele>567.0</ele>
      </trkpt>
      <trkpt lat="28.09409" lon="-16.685099">
        <ele>560.7</ele>
      </trkpt>
      <trkpt lat="28.09405" lon="-16.68512">
        <ele>559.9</ele>
      </trkpt>
      <trkpt lat="28.09389" lon="-16.685189">
        <ele>556.9</ele>
      </trkpt>
      <trkpt lat="28.09379" lon="-16.68525">
        <ele>555.3</ele>
      </trkpt>
      <trkpt lat="28.09372" lon="-16.6853">
        <ele>554.2</ele>
      </trkpt>
      <trkpt lat="28.09368" lon="-16.68533">
        <ele>553.7</ele>
      </trkpt>
      <trkpt lat="28.09358" lon="-16.68541">
        <ele>552.4</ele>
      </trkpt>
      <trkpt lat="28.0935" lon="-16.68549">
        <ele>551.6</ele>
      </trkpt>
      <trkpt lat="28.09343" lon="-16.68558">
        <ele>551.2</ele>
      </trkpt>
      <trkpt lat="28.09339" lon="-16.68563">
        <ele>551.0</ele>
      </trkpt>
      <trkpt lat="28.09334" lon="-16.68572">
        <ele>551.0</ele>
      </trkpt>
      <trkpt lat="28.09325" lon="-16.685949">
        <ele>550.4</ele>
      </trkpt>
      <trkpt lat="28.09319" lon="-16.686129">
        <ele>548.7</ele>
      </trkpt>
      <trkpt lat="28.09317" lon="-16.686219">
        <ele>548.1</ele>
      </trkpt>
      <trkpt lat="28.09315" lon="-16.68629">
        <ele>547.6</ele>
      </trkpt>
      <trkpt lat="28.09313" lon="-16.68639">
        <ele>546.9</ele>
      </trkpt>
      <trkpt lat="28.09309" lon="-16.68656">
        <ele>545.9</ele>
      </trkpt>
      <trkpt lat="28.09304" lon="-16.686689">
        <ele>545.2</ele>
      </trkpt>
      <trkpt lat="28.09297" lon="-16.68685">
        <ele>544.7</ele>
      </trkpt>
      <trkpt lat="28.09292" lon="-16.68694">
        <ele>544.4</ele>
      </trkpt>
      <trkpt lat="28.09288" lon="-16.68702">
        <ele>544.0</ele>
      </trkpt>
      <trkpt lat="28.09286" lon="-16.68705">
        <ele>543.9</ele>
      </trkpt>
      <trkpt lat="28.09278" lon="-16.687169">
        <ele>543.3</ele>
      </trkpt>
      <trkpt lat="28.09271" lon="-16.68727">
        <ele>542.7</ele>
      </trkpt>
      <trkpt lat="28.09255" lon="-16.68748">
        <ele>541.3</ele>
      </trkpt>
      <trkpt lat="28.09251" lon="-16.687539">
        <ele>540.9</ele>
      </trkpt>
      <trkpt lat="28.09242" lon="-16.68766">
        <ele>539.8</ele>
      </trkpt>
      <trkpt lat="28.09241" lon="-16.68768">
        <ele>539.7</ele>
      </trkpt>
      <trkpt lat="28.09234" lon="-16.6878">
        <ele>538.7</ele>
      </trkpt>
      <trkpt lat="28.09234" lon="-16.687809">
        <ele>538.6</ele>
      </trkpt>
      <trkpt lat="28.09229" lon="-16.687899">
        <ele>537.8</ele>
      </trkpt>
      <trkpt lat="28.09222" lon="-16.68807">
        <ele>536.5</ele>
      </trkpt>
      <trkpt lat="28.09221" lon="-16.68811">
        <ele>536.2</ele>
      </trkpt>
      <trkpt lat="28.0922" lon="-16.68817">
        <ele>535.8</ele>
      </trkpt>
      <trkpt lat="28.09219" lon="-16.68824">
        <ele>535.3</ele>
      </trkpt>
      <trkpt lat="28.09218" lon="-16.68845">
        <ele>533.5</ele>
      </trkpt>
      <trkpt lat="28.09218" lon="-16.68854">
        <ele>532.7</ele>
      </trkpt>
      <trkpt lat="28.09218" lon="-16.688569">
        <ele>532.4</ele>
      </trkpt>
      <trkpt lat="28.09218" lon="-16.68859">
        <ele>532.2</ele>
      </trkpt>
      <trkpt lat="28.09218" lon="-16.68868">
        <ele>531.3</ele>
      </trkpt>
      <trkpt lat="28.09219" lon="-16.68879">
        <ele>530.2</ele>
      </trkpt>
      <trkpt lat="28.0922" lon="-16.688849">
        <ele>529.7</ele>
      </trkpt>
      <trkpt lat="28.09223" lon="-16.68898">
        <ele>528.6</ele>
      </trkpt>
      <trkpt lat="28.09225" lon="-16.68905">
        <ele>528.0</ele>
      </trkpt>
      <trkpt lat="28.09227" lon="-16.689139">
        <ele>527.2</ele>
      </trkpt>
      <trkpt lat="28.09227" lon="-16.68915">
        <ele>527.1</ele>
      </trkpt>
      <trkpt lat="28.09228" lon="-16.68919">
        <ele>526.5</ele>
      </trkpt>
      <trkpt lat="28.09228" lon="-16.68921">
        <ele>526.1</ele>
      </trkpt>
      <trkpt lat="28.09229" lon="-16.68929">
        <ele>524.5</ele>
      </trkpt>
      <trkpt lat="28.09229" lon="-16.68936">
        <ele>523.1</ele>
      </trkpt>
      <trkpt lat="28.09228" lon="-16.6894">
        <ele>522.2</ele>
      </trkpt>
      <trkpt lat="28.09227" lon="-16.68944">
        <ele>521.4</ele>
      </trkpt>
      <trkpt lat="28.09226" lon="-16.68949">
        <ele>520.4</ele>
      </trkpt>
      <trkpt lat="28.09225" lon="-16.68954">
        <ele>519.4</ele>
      </trkpt>
      <trkpt lat="28.09222" lon="-16.689609">
        <ele>518.0</ele>
      </trkpt>
      <trkpt lat="28.0922" lon="-16.68965">
        <ele>517.2</ele>
      </trkpt>
      <trkpt lat="28.09219" lon="-16.68968">
        <ele>516.6</ele>
      </trkpt>
      <trkpt lat="28.09217" lon="-16.68971">
        <ele>516.1</ele>
      </trkpt>
      <trkpt lat="28.09215" lon="-16.68974">
        <ele>515.6</ele>
      </trkpt>
      <trkpt lat="28.09213" lon="-16.68975">
        <ele>515.4</ele>
      </trkpt>
      <trkpt lat="28.09211" lon="-16.68977">
        <ele>515.1</ele>
      </trkpt>
      <trkpt lat="28.09206" lon="-16.68981">
        <ele>514.5</ele>
      </trkpt>
      <trkpt lat="28.09204" lon="-16.68983">
        <ele>514.2</ele>
      </trkpt>
      <trkpt lat="28.09204" lon="-16.68982">
        <ele>514.4</ele>
      </trkpt>
      <trkpt lat="28.09204" lon="-16.68982">
        <ele>514.4</ele>
      </trkpt>
      <trkpt lat="28.09197" lon="-16.689879">
        <ele>513.5</ele>
      </trkpt>
      <trkpt lat="28.09183" lon="-16.68992">
        <ele>513.4</ele>
      </trkpt>
      <trkpt lat="28.09166" lon="-16.68992">
        <ele>514.0</ele>
      </trkpt>
      <trkpt lat="28.09148" lon="-16.689879">
        <ele>513.0</ele>
      </trkpt>
      <trkpt lat="28.09102" lon="-16.68965">
        <ele>511.5</ele>
      </trkpt>
      <trkpt lat="28.09072" lon="-16.68955">
        <ele>509.2</ele>
      </trkpt>
      <trkpt lat="28.09044" lon="-16.68949">
        <ele>505.9</ele>
      </trkpt>
      <trkpt lat="28.09008" lon="-16.68945">
        <ele>501.4</ele>
      </trkpt>
      <trkpt lat="28.08986" lon="-16.68939">
        <ele>499.5</ele>
      </trkpt>
      <trkpt lat="28.08963" lon="-16.68928">
        <ele>498.4</ele>
      </trkpt>
      <trkpt lat="28.08948" lon="-16.68917">
        <ele>498.1</ele>
      </trkpt>
      <trkpt lat="28.08939" lon="-16.68907">
        <ele>497.2</ele>
      </trkpt>
      <trkpt lat="28.08931" lon="-16.688939">
        <ele>496.4</ele>
      </trkpt>
      <trkpt lat="28.08911" lon="-16.68849">
        <ele>493.6</ele>
      </trkpt>
      <trkpt lat="28.08898" lon="-16.68833">
        <ele>491.0</ele>
      </trkpt>
      <trkpt lat="28.08889" lon="-16.688289">
        <ele>489.0</ele>
      </trkpt>
      <trkpt lat="28.0888" lon="-16.68826">
        <ele>487.1</ele>
      </trkpt>
      <trkpt lat="28.0887" lon="-16.688279">
        <ele>484.9</ele>
      </trkpt>
      <trkpt lat="28.08859" lon="-16.68834">
        <ele>482.5</ele>
      </trkpt>
      <trkpt lat="28.08852" lon="-16.68846">
        <ele>481.0</ele>
      </trkpt>
      <trkpt lat="28.08844" lon="-16.688659">
        <ele>479.3</ele>
      </trkpt>
      <trkpt lat="28.08839" lon="-16.688849">
        <ele>478.2</ele>
      </trkpt>
      <trkpt lat="28.08839" lon="-16.68901">
        <ele>478.2</ele>
      </trkpt>
      <trkpt lat="28.08843" lon="-16.6892">
        <ele>478.7</ele>
      </trkpt>
      <trkpt lat="28.08849" lon="-16.689409">
        <ele>478.4</ele>
      </trkpt>
      <trkpt lat="28.08875" lon="-16.69005">
        <ele>476.9</ele>
      </trkpt>
      <trkpt lat="28.08901" lon="-16.6907">
        <ele>472.2</ele>
      </trkpt>
      <trkpt lat="28.08907" lon="-16.69093">
        <ele>470.2</ele>
      </trkpt>
      <trkpt lat="28.08908" lon="-16.69113">
        <ele>468.6</ele>
      </trkpt>
      <trkpt lat="28.08907" lon="-16.691279">
        <ele>467.2</ele>
      </trkpt>
      <trkpt lat="28.089" lon="-16.691469">
        <ele>465.4</ele>
      </trkpt>
      <trkpt lat="28.08892" lon="-16.69162">
        <ele>464.0</ele>
      </trkpt>
      <trkpt lat="28.08878" lon="-16.69179">
        <ele>462.1</ele>
      </trkpt>
      <trkpt lat="28.08871" lon="-16.69184">
        <ele>461.3</ele>
      </trkpt>
      <trkpt lat="28.08866" lon="-16.691859">
        <ele>460.9</ele>
      </trkpt>
      <trkpt lat="28.08866" lon="-16.691859">
        <ele>460.9</ele>
      </trkpt>
      <trkpt lat="28.08857" lon="-16.6919">
        <ele>460.0</ele>
      </trkpt>
      <trkpt lat="28.08842" lon="-16.69189">
        <ele>459.6</ele>
      </trkpt>
      <trkpt lat="28.08836" lon="-16.69187">
        <ele>459.7</ele>
      </trkpt>
      <trkpt lat="28.08826" lon="-16.6918">
        <ele>460.1</ele>
      </trkpt>
      <trkpt lat="28.08814" lon="-16.691669">
        <ele>460.9</ele>
      </trkpt>
      <trkpt lat="28.08807" lon="-16.691569">
        <ele>460.0</ele>
      </trkpt>
      <trkpt lat="28.08771" lon="-16.69066">
        <ele>453.5</ele>
      </trkpt>
      <trkpt lat="28.08757" lon="-16.690439">
        <ele>452.7</ele>
      </trkpt>
      <trkpt lat="28.08742" lon="-16.6903">
        <ele>451.4</ele>
      </trkpt>
      <trkpt lat="28.08726" lon="-16.6902">
        <ele>450.0</ele>
      </trkpt>
      <trkpt lat="28.08707" lon="-16.69015">
        <ele>447.7</ele>
      </trkpt>
      <trkpt lat="28.08698" lon="-16.69015">
        <ele>446.5</ele>
      </trkpt>
      <trkpt lat="28.08685" lon="-16.690159">
        <ele>444.6</ele>
      </trkpt>
      <trkpt lat="28.08673" lon="-16.69019">
        <ele>442.7</ele>
      </trkpt>
      <trkpt lat="28.08664" lon="-16.69024">
        <ele>441.4</ele>
      </trkpt>
      <trkpt lat="28.08652" lon="-16.69032">
        <ele>440.0</ele>
      </trkpt>
      <trkpt lat="28.08594" lon="-16.69079">
        <ele>432.2</ele>
      </trkpt>
      <trkpt lat="28.08581" lon="-16.69087">
        <ele>430.7</ele>
      </trkpt>
      <trkpt lat="28.08561" lon="-16.69098">
        <ele>428.8</ele>
      </trkpt>
      <trkpt lat="28.0854" lon="-16.69104">
        <ele>426.9</ele>
      </trkpt>
      <trkpt lat="28.08528" lon="-16.69103">
        <ele>426.0</ele>
      </trkpt>
      <trkpt lat="28.08514" lon="-16.69097">
        <ele>425.2</ele>
      </trkpt>
      <trkpt lat="28.085" lon="-16.6908">
        <ele>425.0</ele>
      </trkpt>
      <trkpt lat="28.08458" lon="-16.69014">
        <ele>418.7</ele>
      </trkpt>
      <trkpt lat="28.08416" lon="-16.68947">
        <ele>414.4</ele>
      </trkpt>
      <trkpt lat="28.08408" lon="-16.68929">
        <ele>413.8</ele>
      </trkpt>
      <trkpt lat="28.0839" lon="-16.68878">
        <ele>410.9</ele>
      </trkpt>
      <trkpt lat="28.08372" lon="-16.68827">
        <ele>408.1</ele>
      </trkpt>
      <trkpt lat="28.08365" lon="-16.68812">
        <ele>407.3</ele>
      </trkpt>
      <trkpt lat="28.08355" lon="-16.68798">
        <ele>406.0</ele>
      </trkpt>
      <trkpt lat="28.08292" lon="-16.68733">
        <ele>399.1</ele>
      </trkpt>
      <trkpt lat="28.0828" lon="-16.687159">
        <ele>397.7</ele>
      </trkpt>
      <trkpt lat="28.08257" lon="-16.68664">
        <ele>394.8</ele>
      </trkpt>
      <trkpt lat="28.08252" lon="-16.68648">
        <ele>393.6</ele>
      </trkpt>
      <trkpt lat="28.0825" lon="-16.6863">
        <ele>392.7</ele>
      </trkpt>
      <trkpt lat="28.08248" lon="-16.68577">
        <ele>390.3</ele>
      </trkpt>
      <trkpt lat="28.0825" lon="-16.68551">
        <ele>388.7</ele>
      </trkpt>
      <trkpt lat="28.0826" lon="-16.68506">
        <ele>386.9</ele>
      </trkpt>
      <trkpt lat="28.08268" lon="-16.684619">
        <ele>382.6</ele>
      </trkpt>
      <trkpt lat="28.08267" lon="-16.68432">
        <ele>378.5</ele>
      </trkpt>
      <trkpt lat="28.0826" lon="-16.6841">
        <ele>375.8</ele>
      </trkpt>
      <trkpt lat="28.08246" lon="-16.68391">
        <ele>374.8</ele>
      </trkpt>
      <trkpt lat="28.0823" lon="-16.68381">
        <ele>373.6</ele>
      </trkpt>
      <trkpt lat="28.0821" lon="-16.68374">
        <ele>372.0</ele>
      </trkpt>
      <trkpt lat="28.08158" lon="-16.683689">
        <ele>367.2</ele>
      </trkpt>
      <trkpt lat="28.08107" lon="-16.68363">
        <ele>362.6</ele>
      </trkpt>
      <trkpt lat="28.08075" lon="-16.68354">
        <ele>359.6</ele>
      </trkpt>
      <trkpt lat="28.0806" lon="-16.68346">
        <ele>357.9</ele>
      </trkpt>
      <trkpt lat="28.08055" lon="-16.68342">
        <ele>357.3</ele>
      </trkpt>
      <trkpt lat="28.08045" lon="-16.68329">
        <ele>356.2</ele>
      </trkpt>
      <trkpt lat="28.08028" lon="-16.68301">
        <ele>354.9</ele>
      </trkpt>
      <trkpt lat="28.08004" lon="-16.68252">
        <ele>353.5</ele>
      </trkpt>
      <trkpt lat="28.07997" lon="-16.68241">
        <ele>353.4</ele>
      </trkpt>
      <trkpt lat="28.07992" lon="-16.682369">
        <ele>353.3</ele>
      </trkpt>
      <trkpt lat="28.0798" lon="-16.682289">
        <ele>352.9</ele>
      </trkpt>
      <trkpt lat="28.0797" lon="-16.68225">
        <ele>352.4</ele>
      </trkpt>
      <trkpt lat="28.07957" lon="-16.68223">
        <ele>351.5</ele>
      </trkpt>
      <trkpt lat="28.0794" lon="-16.68222">
        <ele>350.2</ele>
      </trkpt>
      <trkpt lat="28.07923" lon="-16.68225">
        <ele>348.6</ele>
      </trkpt>
      <trkpt lat="28.079" lon="-16.68236">
        <ele>346.6</ele>
      </trkpt>
      <trkpt lat="28.07887" lon="-16.682459">
        <ele>345.6</ele>
      </trkpt>
      <trkpt lat="28.0789" lon="-16.6825">
        <ele>345.4</ele>
      </trkpt>
      <trkpt lat="28.07882" lon="-16.682569">
        <ele>344.7</ele>
      </trkpt>
      <trkpt lat="28.07882" lon="-16.682569">
        <ele>344.7</ele>
      </trkpt>
      <trkpt lat="28.07882" lon="-16.68258">
        <ele>344.6</ele>
      </trkpt>
      <trkpt lat="28.07882" lon="-16.68259">
        <ele>344.5</ele>
      </trkpt>
      <trkpt lat="28.07881" lon="-16.6826">
        <ele>344.4</ele>
      </trkpt>
      <trkpt lat="28.07881" lon="-16.68261">
        <ele>344.4</ele>
      </trkpt>
      <trkpt lat="28.07881" lon="-16.68262">
        <ele>344.3</ele>
      </trkpt>
      <trkpt lat="28.07881" lon="-16.68263">
        <ele>344.2</ele>
      </trkpt>
      <trkpt lat="28.07881" lon="-16.68264">
        <ele>344.2</ele>
      </trkpt>
      <trkpt lat="28.0788" lon="-16.682649">
        <ele>344.1</ele>
      </trkpt>
      <trkpt lat="28.0788" lon="-16.682659">
        <ele>344.0</ele>
      </trkpt>
      <trkpt lat="28.07879" lon="-16.68267">
        <ele>343.9</ele>
      </trkpt>
      <trkpt lat="28.07878" lon="-16.68268">
        <ele>343.8</ele>
      </trkpt>
      <trkpt lat="28.07884" lon="-16.68289">
        <ele>342.5</ele>
      </trkpt>
      <trkpt lat="28.07887" lon="-16.68299">
        <ele>341.9</ele>
      </trkpt>
      <trkpt lat="28.07892" lon="-16.68314">
        <ele>341.1</ele>
      </trkpt>
      <trkpt lat="28.07895" lon="-16.68333">
        <ele>340.0</ele>
      </trkpt>
      <trkpt lat="28.07896" lon="-16.68334">
        <ele>340.0</ele>
      </trkpt>
      <trkpt lat="28.07896" lon="-16.68343">
        <ele>339.2</ele>
      </trkpt>
      <trkpt lat="28.07896" lon="-16.68345">
        <ele>339.0</ele>
      </trkpt>
      <trkpt lat="28.07897" lon="-16.68355">
        <ele>338.3</ele>
      </trkpt>
      <trkpt lat="28.07897" lon="-16.68356">
        <ele>338.2</ele>
      </trkpt>
      <trkpt lat="28.07896" lon="-16.68364">
        <ele>337.4</ele>
      </trkpt>
      <trkpt lat="28.07895" lon="-16.68375">
        <ele>336.4</ele>
      </trkpt>
      <trkpt lat="28.0789" lon="-16.68395">
        <ele>333.9</ele>
      </trkpt>
      <trkpt lat="28.07885" lon="-16.684069">
        <ele>331.9</ele>
      </trkpt>
      <trkpt lat="28.07883" lon="-16.68413">
        <ele>330.9</ele>
      </trkpt>
      <trkpt lat="28.0788" lon="-16.68419">
        <ele>330.0</ele>
      </trkpt>
      <trkpt lat="28.07872" lon="-16.68433">
        <ele>328.9</ele>
      </trkpt>
      <trkpt lat="28.07868" lon="-16.68439">
        <ele>328.4</ele>
      </trkpt>
      <trkpt lat="28.0785" lon="-16.684629">
        <ele>326.1</ele>
      </trkpt>
      <trkpt lat="28.0784" lon="-16.68477">
        <ele>325.0</ele>
      </trkpt>
      <trkpt lat="28.07833" lon="-16.68488">
        <ele>324.4</ele>
      </trkpt>
      <trkpt lat="28.07808" lon="-16.685199">
        <ele>321.3</ele>
      </trkpt>
      <trkpt lat="28.07789" lon="-16.68544">
        <ele>319.1</ele>
      </trkpt>
      <trkpt lat="28.07737" lon="-16.6861">
        <ele>314.4</ele>
      </trkpt>
      <trkpt lat="28.07708" lon="-16.68645">
        <ele>313.4</ele>
      </trkpt>
      <trkpt lat="28.07706" lon="-16.68647">
        <ele>313.3</ele>
      </trkpt>
      <trkpt lat="28.07692" lon="-16.68666">
        <ele>313.0</ele>
      </trkpt>
      <trkpt lat="28.07673" lon="-16.6869">
        <ele>309.9</ele>
      </trkpt>
      <trkpt lat="28.07655" lon="-16.68713">
        <ele>306.8</ele>
      </trkpt>
      <trkpt lat="28.0765" lon="-16.68721">
        <ele>306.0</ele>
      </trkpt>
      <trkpt lat="28.07646" lon="-16.687259">
        <ele>305.3</ele>
      </trkpt>
      <trkpt lat="28.0763" lon="-16.68749">
        <ele>303.1</ele>
      </trkpt>
      <trkpt lat="28.07623" lon="-16.68759">
        <ele>302.4</ele>
      </trkpt>
      <trkpt lat="28.0762" lon="-16.687619">
        <ele>302.1</ele>
      </trkpt>
      <trkpt lat="28.07606" lon="-16.687809">
        <ele>301.1</ele>
      </trkpt>
      <trkpt lat="28.07599" lon="-16.68788">
        <ele>300.6</ele>
      </trkpt>
      <trkpt lat="28.07598" lon="-16.687899">
        <ele>300.6</ele>
      </trkpt>
      <trkpt lat="28.07588" lon="-16.688009">
        <ele>300.2</ele>
      </trkpt>
      <trkpt lat="28.07585" lon="-16.68803">
        <ele>300.0</ele>
      </trkpt>
      <trkpt lat="28.07579" lon="-16.688089">
        <ele>299.7</ele>
      </trkpt>
      <trkpt lat="28.07572" lon="-16.68816">
        <ele>299.2</ele>
      </trkpt>
      <trkpt lat="28.07565" lon="-16.68821">
        <ele>298.6</ele>
      </trkpt>
      <trkpt lat="28.07556" lon="-16.68827">
        <ele>297.9</ele>
      </trkpt>
      <trkpt lat="28.07545" lon="-16.68833">
        <ele>296.9</ele>
      </trkpt>
      <trkpt lat="28.07528" lon="-16.68842">
        <ele>295.2</ele>
      </trkpt>
      <trkpt lat="28.07523" lon="-16.68844">
        <ele>294.7</ele>
      </trkpt>
      <trkpt lat="28.07479" lon="-16.68861">
        <ele>290.1</ele>
      </trkpt>
      <trkpt lat="28.07458" lon="-16.68873">
        <ele>287.7</ele>
      </trkpt>
      <trkpt lat="28.07443" lon="-16.688849">
        <ele>286.0</ele>
      </trkpt>
      <trkpt lat="28.07442" lon="-16.688859">
        <ele>285.9</ele>
      </trkpt>
      <trkpt lat="28.07433" lon="-16.688939">
        <ele>284.8</ele>
      </trkpt>
      <trkpt lat="28.07418" lon="-16.68911">
        <ele>283.1</ele>
      </trkpt>
      <trkpt lat="28.07416" lon="-16.689139">
        <ele>282.9</ele>
      </trkpt>
      <trkpt lat="28.07411" lon="-16.689229">
        <ele>281.9</ele>
      </trkpt>
      <trkpt lat="28.07406" lon="-16.68935">
        <ele>280.5</ele>
      </trkpt>
      <trkpt lat="28.07401" lon="-16.68953">
        <ele>278.8</ele>
      </trkpt>
      <trkpt lat="28.07399" lon="-16.68968">
        <ele>277.7</ele>
      </trkpt>
      <trkpt lat="28.07399" lon="-16.68971">
        <ele>277.5</ele>
      </trkpt>
      <trkpt lat="28.07392" lon="-16.69024">
        <ele>274.7</ele>
      </trkpt>
      <trkpt lat="28.07393" lon="-16.69028">
        <ele>274.7</ele>
      </trkpt>
      <trkpt lat="28.07393" lon="-16.69032">
        <ele>274.6</ele>
      </trkpt>
      <trkpt lat="28.07393" lon="-16.69041">
        <ele>274.4</ele>
      </trkpt>
      <trkpt lat="28.07394" lon="-16.69048">
        <ele>274.3</ele>
      </trkpt>
      <trkpt lat="28.07396" lon="-16.690539">
        <ele>274.4</ele>
      </trkpt>
      <trkpt lat="28.07397" lon="-16.69055">
        <ele>274.5</ele>
      </trkpt>
      <trkpt lat="28.07398" lon="-16.69056">
        <ele>274.5</ele>
      </trkpt>
      <trkpt lat="28.07399" lon="-16.69057">
        <ele>274.6</ele>
      </trkpt>
      <trkpt lat="28.074" lon="-16.69058">
        <ele>274.7</ele>
      </trkpt>
      <trkpt lat="28.074" lon="-16.69059">
        <ele>274.7</ele>
      </trkpt>
      <trkpt lat="28.07401" lon="-16.6906">
        <ele>274.7</ele>
      </trkpt>
      <trkpt lat="28.07401" lon="-16.69061">
        <ele>274.7</ele>
      </trkpt>
      <trkpt lat="28.07402" lon="-16.69062">
        <ele>274.8</ele>
      </trkpt>
      <trkpt lat="28.07402" lon="-16.690629">
        <ele>274.8</ele>
      </trkpt>
      <trkpt lat="28.07402" lon="-16.690639">
        <ele>274.8</ele>
      </trkpt>
      <trkpt lat="28.07403" lon="-16.69065">
        <ele>274.9</ele>
      </trkpt>
      <trkpt lat="28.07403" lon="-16.69067">
        <ele>274.8</ele>
      </trkpt>
      <trkpt lat="28.07403" lon="-16.69068">
        <ele>274.8</ele>
      </trkpt>
      <trkpt lat="28.07403" lon="-16.69069">
        <ele>274.8</ele>
      </trkpt>
      <trkpt lat="28.07403" lon="-16.6907">
        <ele>274.8</ele>
      </trkpt>
      <trkpt lat="28.07403" lon="-16.69071">
        <ele>274.7</ele>
      </trkpt>
      <trkpt lat="28.07402" lon="-16.690729">
        <ele>274.6</ele>
      </trkpt>
      <trkpt lat="28.07402" lon="-16.69074">
        <ele>274.6</ele>
      </trkpt>
      <trkpt lat="28.07402" lon="-16.69075">
        <ele>274.6</ele>
      </trkpt>
      <trkpt lat="28.07401" lon="-16.69076">
        <ele>274.4</ele>
      </trkpt>
      <trkpt lat="28.07401" lon="-16.69077">
        <ele>274.4</ele>
      </trkpt>
      <trkpt lat="28.074" lon="-16.69078">
        <ele>274.3</ele>
      </trkpt>
      <trkpt lat="28.074" lon="-16.69079">
        <ele>274.3</ele>
      </trkpt>
      <trkpt lat="28.07399" lon="-16.6908">
        <ele>274.2</ele>
      </trkpt>
      <trkpt lat="28.07398" lon="-16.690809">
        <ele>274.0</ele>
      </trkpt>
      <trkpt lat="28.07397" lon="-16.690809">
        <ele>273.9</ele>
      </trkpt>
      <trkpt lat="28.07396" lon="-16.690819">
        <ele>273.8</ele>
      </trkpt>
      <trkpt lat="28.07396" lon="-16.690829">
        <ele>273.8</ele>
      </trkpt>
      <trkpt lat="28.07395" lon="-16.690829">
        <ele>273.7</ele>
      </trkpt>
      <trkpt lat="28.07394" lon="-16.69084">
        <ele>273.6</ele>
      </trkpt>
      <trkpt lat="28.07393" lon="-16.69084">
        <ele>273.5</ele>
      </trkpt>
      <trkpt lat="28.07392" lon="-16.69085">
        <ele>273.4</ele>
      </trkpt>
      <trkpt lat="28.0739" lon="-16.69085">
        <ele>273.1</ele>
      </trkpt>
      <trkpt lat="28.07389" lon="-16.69085">
        <ele>273.0</ele>
      </trkpt>
      <trkpt lat="28.07388" lon="-16.69085">
        <ele>272.9</ele>
      </trkpt>
      <trkpt lat="28.07386" lon="-16.69089">
        <ele>272.8</ele>
      </trkpt>
      <trkpt lat="28.07384" lon="-16.69093">
        <ele>272.6</ele>
      </trkpt>
      <trkpt lat="28.07382" lon="-16.69099">
        <ele>272.4</ele>
      </trkpt>
      <trkpt lat="28.0738" lon="-16.69104">
        <ele>272.3</ele>
      </trkpt>
      <trkpt lat="28.07378" lon="-16.69108">
        <ele>272.1</ele>
      </trkpt>
      <trkpt lat="28.07377" lon="-16.69113">
        <ele>272.1</ele>
      </trkpt>
      <trkpt lat="28.07374" lon="-16.691189">
        <ele>271.8</ele>
      </trkpt>
      <trkpt lat="28.07369" lon="-16.69126">
        <ele>271.4</ele>
      </trkpt>
      <trkpt lat="28.07363" lon="-16.69133">
        <ele>270.8</ele>
      </trkpt>
      <trkpt lat="28.07355" lon="-16.69141">
        <ele>270.0</ele>
      </trkpt>
      <trkpt lat="28.07344" lon="-16.69151">
        <ele>269.0</ele>
      </trkpt>
      <trkpt lat="28.07327" lon="-16.69161">
        <ele>267.2</ele>
      </trkpt>
      <trkpt lat="28.07313" lon="-16.6917">
        <ele>266.0</ele>
      </trkpt>
      <trkpt lat="28.07293" lon="-16.69182">
        <ele>264.6</ele>
      </trkpt>
      <trkpt lat="28.07256" lon="-16.69206">
        <ele>262.9</ele>
      </trkpt>
      <trkpt lat="28.07256" lon="-16.69207">
        <ele>262.9</ele>
      </trkpt>
      <trkpt lat="28.07247" lon="-16.692139">
        <ele>262.4</ele>
      </trkpt>
      <trkpt lat="28.07242" lon="-16.69219">
        <ele>261.8</ele>
      </trkpt>
      <trkpt lat="28.07236" lon="-16.69224">
        <ele>261.0</ele>
      </trkpt>
      <trkpt lat="28.07235" lon="-16.69225">
        <ele>260.8</ele>
      </trkpt>
      <trkpt lat="28.07226" lon="-16.69237">
        <ele>259.9</ele>
      </trkpt>
      <trkpt lat="28.07216" lon="-16.69249">
        <ele>258.6</ele>
      </trkpt>
      <trkpt lat="28.0721" lon="-16.69259">
        <ele>257.0</ele>
      </trkpt>
      <trkpt lat="28.07205" lon="-16.692689">
        <ele>255.6</ele>
      </trkpt>
      <trkpt lat="28.07201" lon="-16.692799">
        <ele>254.3</ele>
      </trkpt>
      <trkpt lat="28.072" lon="-16.69285">
        <ele>253.9</ele>
      </trkpt>
      <trkpt lat="28.07196" lon="-16.69302">
        <ele>252.3</ele>
      </trkpt>
      <trkpt lat="28.07195" lon="-16.69305">
        <ele>251.9</ele>
      </trkpt>
      <trkpt lat="28.07193" lon="-16.693259">
        <ele>250.6</ele>
      </trkpt>
      <trkpt lat="28.07195" lon="-16.69352">
        <ele>250.3</ele>
      </trkpt>
      <trkpt lat="28.07202" lon="-16.69394">
        <ele>250.4</ele>
      </trkpt>
      <trkpt lat="28.07203" lon="-16.694019">
        <ele>250.3</ele>
      </trkpt>
      <trkpt lat="28.07227" lon="-16.695219">
        <ele>240.7</ele>
      </trkpt>
      <trkpt lat="28.07237" lon="-16.69582">
        <ele>235.4</ele>
      </trkpt>
      <trkpt lat="28.07239" lon="-16.69605">
        <ele>235.7</ele>
      </trkpt>
      <trkpt lat="28.07238" lon="-16.696269">
        <ele>235.7</ele>
      </trkpt>
      <trkpt lat="28.07235" lon="-16.69649">
        <ele>235.4</ele>
      </trkpt>
      <trkpt lat="28.07231" lon="-16.69668">
        <ele>234.9</ele>
      </trkpt>
      <trkpt lat="28.0722" lon="-16.69689">
        <ele>233.7</ele>
      </trkpt>
      <trkpt lat="28.07199" lon="-16.69726">
        <ele>231.1</ele>
      </trkpt>
      <trkpt lat="28.07161" lon="-16.697949">
        <ele>224.1</ele>
      </trkpt>
      <trkpt lat="28.07117" lon="-16.698709">
        <ele>217.3</ele>
      </trkpt>
      <trkpt lat="28.07099" lon="-16.69904">
        <ele>215.8</ele>
      </trkpt>
      <trkpt lat="28.07098" lon="-16.69905">
        <ele>215.7</ele>
      </trkpt>
      <trkpt lat="28.07092" lon="-16.69915">
        <ele>215.5</ele>
      </trkpt>
      <trkpt lat="28.07076" lon="-16.69949">
        <ele>211.4</ele>
      </trkpt>
      <trkpt lat="28.07069" lon="-16.69963">
        <ele>209.6</ele>
      </trkpt>
      <trkpt lat="28.07056" lon="-16.6999">
        <ele>206.3</ele>
      </trkpt>
      <trkpt lat="28.07052" lon="-16.700019">
        <ele>205.1</ele>
      </trkpt>
      <trkpt lat="28.07051" lon="-16.70006">
        <ele>204.9</ele>
      </trkpt>
      <trkpt lat="28.07049" lon="-16.70009">
        <ele>204.7</ele>
      </trkpt>
      <trkpt lat="28.07045" lon="-16.70019">
        <ele>204.2</ele>
      </trkpt>
      <trkpt lat="28.07041" lon="-16.70031">
        <ele>203.5</ele>
      </trkpt>
      <trkpt lat="28.0704" lon="-16.70037">
        <ele>203.3</ele>
      </trkpt>
      <trkpt lat="28.07039" lon="-16.70045">
        <ele>202.9</ele>
      </trkpt>
      <trkpt lat="28.07038" lon="-16.70046">
        <ele>202.8</ele>
      </trkpt>
      <trkpt lat="28.07035" lon="-16.70065">
        <ele>202.0</ele>
      </trkpt>
      <trkpt lat="28.07034" lon="-16.70069">
        <ele>201.7</ele>
      </trkpt>
      <trkpt lat="28.07031" lon="-16.70088">
        <ele>200.8</ele>
      </trkpt>
      <trkpt lat="28.07031" lon="-16.70092">
        <ele>200.6</ele>
      </trkpt>
      <trkpt lat="28.07028" lon="-16.701039">
        <ele>199.8</ele>
      </trkpt>
      <trkpt lat="28.07026" lon="-16.70125">
        <ele>198.7</ele>
      </trkpt>
      <trkpt lat="28.07026" lon="-16.70136">
        <ele>198.2</ele>
      </trkpt>
      <trkpt lat="28.07024" lon="-16.70155">
        <ele>197.2</ele>
      </trkpt>
      <trkpt lat="28.07025" lon="-16.70183">
        <ele>196.0</ele>
      </trkpt>
      <trkpt lat="28.07026" lon="-16.701889">
        <ele>195.7</ele>
      </trkpt>
      <trkpt lat="28.07027" lon="-16.70213">
        <ele>194.5</ele>
      </trkpt>
      <trkpt lat="28.07035" lon="-16.70267">
        <ele>191.5</ele>
      </trkpt>
      <trkpt lat="28.07049" lon="-16.70336">
        <ele>184.7</ele>
      </trkpt>
      <trkpt lat="28.07054" lon="-16.703589">
        <ele>183.7</ele>
      </trkpt>
      <trkpt lat="28.07061" lon="-16.70394">
        <ele>181.7</ele>
      </trkpt>
      <trkpt lat="28.07065" lon="-16.704149">
        <ele>180.3</ele>
      </trkpt>
      <trkpt lat="28.07068" lon="-16.70428">
        <ele>179.5</ele>
      </trkpt>
      <trkpt lat="28.07073" lon="-16.70458">
        <ele>178.0</ele>
      </trkpt>
      <trkpt lat="28.07077" lon="-16.70486">
        <ele>176.8</ele>
      </trkpt>
      <trkpt lat="28.07077" lon="-16.70497">
        <ele>176.5</ele>
      </trkpt>
      <trkpt lat="28.07078" lon="-16.705169">
        <ele>175.4</ele>
      </trkpt>
      <trkpt lat="28.07077" lon="-16.705369">
        <ele>174.3</ele>
      </trkpt>
      <trkpt lat="28.07076" lon="-16.705559">
        <ele>173.3</ele>
      </trkpt>
      <trkpt lat="28.07071" lon="-16.70582">
        <ele>172.3</ele>
      </trkpt>
      <trkpt lat="28.07064" lon="-16.70608">
        <ele>171.1</ele>
      </trkpt>
      <trkpt lat="28.07055" lon="-16.706389">
        <ele>169.7</ele>
      </trkpt>
      <trkpt lat="28.07037" lon="-16.70689">
        <ele>166.5</ele>
      </trkpt>
      <trkpt lat="28.07028" lon="-16.7072">
        <ele>163.5</ele>
      </trkpt>
      <trkpt lat="28.07023" lon="-16.7074">
        <ele>161.5</ele>
      </trkpt>
      <trkpt lat="28.0702" lon="-16.70757">
        <ele>160.2</ele>
      </trkpt>
      <trkpt lat="28.07018" lon="-16.70782">
        <ele>158.8</ele>
      </trkpt>
      <trkpt lat="28.07016" lon="-16.70817">
        <ele>156.9</ele>
      </trkpt>
      <trkpt lat="28.07016" lon="-16.70851">
        <ele>154.8</ele>
      </trkpt>
      <trkpt lat="28.07016" lon="-16.709129">
        <ele>151.1</ele>
      </trkpt>
      <trkpt lat="28.07016" lon="-16.70943">
        <ele>149.4</ele>
      </trkpt>
      <trkpt lat="28.07015" lon="-16.71008">
        <ele>145.7</ele>
      </trkpt>
      <trkpt lat="28.07015" lon="-16.71026">
        <ele>144.5</ele>
      </trkpt>
      <trkpt lat="28.07014" lon="-16.71037">
        <ele>143.9</ele>
      </trkpt>
      <trkpt lat="28.07014" lon="-16.71045">
        <ele>143.4</ele>
      </trkpt>
      <trkpt lat="28.07013" lon="-16.71054">
        <ele>142.9</ele>
      </trkpt>
      <trkpt lat="28.07012" lon="-16.71061">
        <ele>142.5</ele>
      </trkpt>
      <trkpt lat="28.0701" lon="-16.71075">
        <ele>141.7</ele>
      </trkpt>
      <trkpt lat="28.07007" lon="-16.71093">
        <ele>140.4</ele>
      </trkpt>
      <trkpt lat="28.07003" lon="-16.711089">
        <ele>139.0</ele>
      </trkpt>
      <trkpt lat="28.06993" lon="-16.711379">
        <ele>136.2</ele>
      </trkpt>
      <trkpt lat="28.06981" lon="-16.711659">
        <ele>133.3</ele>
      </trkpt>
      <trkpt lat="28.06967" lon="-16.71189">
        <ele>130.5</ele>
      </trkpt>
      <trkpt lat="28.06954" lon="-16.71209">
        <ele>128.3</ele>
      </trkpt>
      <trkpt lat="28.0694" lon="-16.71226">
        <ele>126.7</ele>
      </trkpt>
      <trkpt lat="28.06927" lon="-16.71239">
        <ele>125.7</ele>
      </trkpt>
      <trkpt lat="28.06917" lon="-16.712489">
        <ele>125.1</ele>
      </trkpt>
      <trkpt lat="28.06907" lon="-16.71257">
        <ele>123.9</ele>
      </trkpt>
      <trkpt lat="28.0689" lon="-16.712689">
        <ele>122.4</ele>
      </trkpt>
      <trkpt lat="28.06873" lon="-16.712789">
        <ele>121.2</ele>
      </trkpt>
      <trkpt lat="28.06849" lon="-16.71291">
        <ele>120.1</ele>
      </trkpt>
      <trkpt lat="28.06823" lon="-16.713">
        <ele>118.6</ele>
      </trkpt>
      <trkpt lat="28.06804" lon="-16.71304">
        <ele>116.6</ele>
      </trkpt>
      <trkpt lat="28.06782" lon="-16.713069">
        <ele>114.3</ele>
      </trkpt>
      <trkpt lat="28.06779" lon="-16.71308">
        <ele>113.9</ele>
      </trkpt>
      <trkpt lat="28.06769" lon="-16.71308">
        <ele>113.0</ele>
      </trkpt>
      <trkpt lat="28.06761" lon="-16.71308">
        <ele>112.2</ele>
      </trkpt>
      <trkpt lat="28.06749" lon="-16.71308">
        <ele>111.1</ele>
      </trkpt>
      <trkpt lat="28.0674" lon="-16.713069">
        <ele>110.5</ele>
      </trkpt>
      <trkpt lat="28.06724" lon="-16.71305">
        <ele>109.4</ele>
      </trkpt>
      <trkpt lat="28.06703" lon="-16.713">
        <ele>108.2</ele>
      </trkpt>
      <trkpt lat="28.06694" lon="-16.71298">
        <ele>107.7</ele>
      </trkpt>
      <trkpt lat="28.06679" lon="-16.71292">
        <ele>106.9</ele>
      </trkpt>
      <trkpt lat="28.06668" lon="-16.712879">
        <ele>106.4</ele>
      </trkpt>
      <trkpt lat="28.06651" lon="-16.712789">
        <ele>105.3</ele>
      </trkpt>
      <trkpt lat="28.06631" lon="-16.71267">
        <ele>104.3</ele>
      </trkpt>
      <trkpt lat="28.066289" lon="-16.712654">
        <ele>104.2</ele>
      </trkpt>
      <trkpt lat="28.06619" lon="-16.71258">
        <ele>103.8</ele>
      </trkpt>
      <trkpt lat="28.06613" lon="-16.71253">
        <ele>103.6</ele>
      </trkpt>
      <trkpt lat="28.06606" lon="-16.71251">
        <ele>103.1</ele>
      </trkpt>
      <trkpt lat="28.06604" lon="-16.712499">
        <ele>103.0</ele>
      </trkpt>
      <trkpt lat="28.06589" lon="-16.71238">
        <ele>102.2</ele>
      </trkpt>
      <trkpt lat="28.06587" lon="-16.71236">
        <ele>102.0</ele>
      </trkpt>
      <trkpt lat="28.06574" lon="-16.71223">
        <ele>101.1</ele>
      </trkpt>
      <trkpt lat="28.06573" lon="-16.712219">
        <ele>101.1</ele>
      </trkpt>
      <trkpt lat="28.0656" lon="-16.71207">
        <ele>100.1</ele>
      </trkpt>
      <trkpt lat="28.06557" lon="-16.712029">
        <ele>99.9</ele>
      </trkpt>
      <trkpt lat="28.06548" lon="-16.71191">
        <ele>99.3</ele>
      </trkpt>
      <trkpt lat="28.06539" lon="-16.71177">
        <ele>98.7</ele>
      </trkpt>
      <trkpt lat="28.06537" lon="-16.711749">
        <ele>98.5</ele>
      </trkpt>
      <trkpt lat="28.065298" lon="-16.711637">
        <ele>98.1</ele>
      </trkpt>
      <trkpt lat="28.06528" lon="-16.71161">
        <ele>98.0</ele>
      </trkpt>
      <trkpt lat="28.06523" lon="-16.71154">
        <ele>97.7</ele>
      </trkpt>
      <trkpt lat="28.06519" lon="-16.711469">
        <ele>97.5</ele>
      </trkpt>
      <trkpt lat="28.06515" lon="-16.7114">
        <ele>97.3</ele>
      </trkpt>
      <trkpt lat="28.06505" lon="-16.711279">
        <ele>96.2</ele>
      </trkpt>
      <trkpt lat="28.06499" lon="-16.711189">
        <ele>95.6</ele>
      </trkpt>
      <trkpt lat="28.06494" lon="-16.71114">
        <ele>95.2</ele>
      </trkpt>
      <trkpt lat="28.0649" lon="-16.711089">
        <ele>95.0</ele>
      </trkpt>
      <trkpt lat="28.06486" lon="-16.71106">
        <ele>94.7</ele>
      </trkpt>
      <trkpt lat="28.06483" lon="-16.71104">
        <ele>94.4</ele>
      </trkpt>
      <trkpt lat="28.06482" lon="-16.71103">
        <ele>94.3</ele>
      </trkpt>
      <trkpt lat="28.06479" lon="-16.71101">
        <ele>94.1</ele>
      </trkpt>
      <trkpt lat="28.06478" lon="-16.710999">
        <ele>94.0</ele>
      </trkpt>
      <trkpt lat="28.06473" lon="-16.71097">
        <ele>93.6</ele>
      </trkpt>
      <trkpt lat="28.06466" lon="-16.71093">
        <ele>93.0</ele>
      </trkpt>
      <trkpt lat="28.06462" lon="-16.710909">
        <ele>92.5</ele>
      </trkpt>
      <trkpt lat="28.06458" lon="-16.71089">
        <ele>92.1</ele>
      </trkpt>
      <trkpt lat="28.06455" lon="-16.71088">
        <ele>91.8</ele>
      </trkpt>
      <trkpt lat="28.06452" lon="-16.71087">
        <ele>91.5</ele>
      </trkpt>
      <trkpt lat="28.06449" lon="-16.71086">
        <ele>91.2</ele>
      </trkpt>
      <trkpt lat="28.06446" lon="-16.71086">
        <ele>90.9</ele>
      </trkpt>
      <trkpt lat="28.0644" lon="-16.71085">
        <ele>90.3</ele>
      </trkpt>
      <trkpt lat="28.06433" lon="-16.71084">
        <ele>89.6</ele>
      </trkpt>
      <trkpt lat="28.06431" lon="-16.71084">
        <ele>89.4</ele>
      </trkpt>
      <trkpt lat="28.06427" lon="-16.71083">
        <ele>89.0</ele>
      </trkpt>
      <trkpt lat="28.06421" lon="-16.71084">
        <ele>88.4</ele>
      </trkpt>
      <trkpt lat="28.06414" lon="-16.71084">
        <ele>87.6</ele>
      </trkpt>
      <trkpt lat="28.06413" lon="-16.71084">
        <ele>87.4</ele>
      </trkpt>
      <trkpt lat="28.06411" lon="-16.71084">
        <ele>87.2</ele>
      </trkpt>
      <trkpt lat="28.06409" lon="-16.71084">
        <ele>86.9</ele>
      </trkpt>
      <trkpt lat="28.06404" lon="-16.71085">
        <ele>86.1</ele>
      </trkpt>
      <trkpt lat="28.06401" lon="-16.71086">
        <ele>85.6</ele>
      </trkpt>
      <trkpt lat="28.06399" lon="-16.71086">
        <ele>85.4</ele>
      </trkpt>
      <trkpt lat="28.06395" lon="-16.71087">
        <ele>84.7</ele>
      </trkpt>
      <trkpt lat="28.06394" lon="-16.71088">
        <ele>84.6</ele>
      </trkpt>
      <trkpt lat="28.0639" lon="-16.710899">
        <ele>83.9</ele>
      </trkpt>
      <trkpt lat="28.06386" lon="-16.71093">
        <ele>83.2</ele>
      </trkpt>
      <trkpt lat="28.06385" lon="-16.71094">
        <ele>83.0</ele>
      </trkpt>
      <trkpt lat="28.06382" lon="-16.71097">
        <ele>82.5</ele>
      </trkpt>
      <trkpt lat="28.06378" lon="-16.71101">
        <ele>81.7</ele>
      </trkpt>
      <trkpt lat="28.06373" lon="-16.711099">
        <ele>80.6</ele>
      </trkpt>
      <trkpt lat="28.06373" lon="-16.711099">
        <ele>80.6</ele>
      </trkpt>
      <trkpt lat="28.06373" lon="-16.71112">
        <ele>80.5</ele>
      </trkpt>
      <trkpt lat="28.06372" lon="-16.71114">
        <ele>80.3</ele>
      </trkpt>
      <trkpt lat="28.06371" lon="-16.71117">
        <ele>80.0</ele>
      </trkpt>
      <trkpt lat="28.06369" lon="-16.7112">
        <ele>79.6</ele>
      </trkpt>
      <trkpt lat="28.06368" lon="-16.71122">
        <ele>79.3</ele>
      </trkpt>
      <trkpt lat="28.06366" lon="-16.71124">
        <ele>78.9</ele>
      </trkpt>
      <trkpt lat="28.06363" lon="-16.71126">
        <ele>78.4</ele>
      </trkpt>
      <trkpt lat="28.0636" lon="-16.711269">
        <ele>77.9</ele>
      </trkpt>
      <trkpt lat="28.06356" lon="-16.711279">
        <ele>77.3</ele>
      </trkpt>
      <trkpt lat="28.0635" lon="-16.711279">
        <ele>76.4</ele>
      </trkpt>
      <trkpt lat="28.0633" lon="-16.71126">
        <ele>73.7</ele>
      </trkpt>
      <trkpt lat="28.06321" lon="-16.71125">
        <ele>73.1</ele>
      </trkpt>
      <trkpt lat="28.06317" lon="-16.71125">
        <ele>72.8</ele>
      </trkpt>
      <trkpt lat="28.06299" lon="-16.71123">
        <ele>71.7</ele>
      </trkpt>
      <trkpt lat="28.06298" lon="-16.71123">
        <ele>71.6</ele>
      </trkpt>
      <trkpt lat="28.06294" lon="-16.71123">
        <ele>71.3</ele>
      </trkpt>
      <trkpt lat="28.0629" lon="-16.71123">
        <ele>71.1</ele>
      </trkpt>
      <trkpt lat="28.06287" lon="-16.71122">
        <ele>70.9</ele>
      </trkpt>
      <trkpt lat="28.06285" lon="-16.71121">
        <ele>70.9</ele>
      </trkpt>
      <trkpt lat="28.06284" lon="-16.7112">
        <ele>70.9</ele>
      </trkpt>
      <trkpt lat="28.06281" lon="-16.711189">
        <ele>70.8</ele>
      </trkpt>
      <trkpt lat="28.06279" lon="-16.71116">
        <ele>70.9</ele>
      </trkpt>
      <trkpt lat="28.06277" lon="-16.71114">
        <ele>71.0</ele>
      </trkpt>
      <trkpt lat="28.06277" lon="-16.71113">
        <ele>71.1</ele>
      </trkpt>
      <trkpt lat="28.06266" lon="-16.711099">
        <ele>70.7</ele>
      </trkpt>
      <trkpt lat="28.06261" lon="-16.711099">
        <ele>70.5</ele>
      </trkpt>
      <trkpt lat="28.06256" lon="-16.711099">
        <ele>70.2</ele>
      </trkpt>
      <trkpt lat="28.06244" lon="-16.71111">
        <ele>69.2</ele>
      </trkpt>
      <trkpt lat="28.06238" lon="-16.71112">
        <ele>68.5</ele>
      </trkpt>
      <trkpt lat="28.06222" lon="-16.71113">
        <ele>67.0</ele>
      </trkpt>
      <trkpt lat="28.06201" lon="-16.71116">
        <ele>64.8</ele>
      </trkpt>
      <trkpt lat="28.06176" lon="-16.711179">
        <ele>62.5</ele>
      </trkpt>
      <trkpt lat="28.06173" lon="-16.711179">
        <ele>62.2</ele>
      </trkpt>
      <trkpt lat="28.06155" lon="-16.711189">
        <ele>60.9</ele>
      </trkpt>
      <trkpt lat="28.06143" lon="-16.7112">
        <ele>60.1</ele>
      </trkpt>
      <trkpt lat="28.06118" lon="-16.71122">
        <ele>58.4</ele>
      </trkpt>
      <trkpt lat="28.06096" lon="-16.71121">
        <ele>57.1</ele>
      </trkpt>
      <trkpt lat="28.0607" lon="-16.71115">
        <ele>55.5</ele>
      </trkpt>
      <trkpt lat="28.0605" lon="-16.71112">
        <ele>53.5</ele>
      </trkpt>
      <trkpt lat="28.0603" lon="-16.71107">
        <ele>51.7</ele>
      </trkpt>
      <trkpt lat="28.06017" lon="-16.71104">
        <ele>50.5</ele>
      </trkpt>
      <trkpt lat="28.06013" lon="-16.71103">
        <ele>50.1</ele>
      </trkpt>
      <trkpt lat="28.05995" lon="-16.710999">
        <ele>48.5</ele>
      </trkpt>
      <trkpt lat="28.05989" lon="-16.710989">
        <ele>48.1</ele>
      </trkpt>
      <trkpt lat="28.05962" lon="-16.71098">
        <ele>46.3</ele>
      </trkpt>
      <trkpt lat="28.05949" lon="-16.710989">
        <ele>45.3</ele>
      </trkpt>
      <trkpt lat="28.05944" lon="-16.710989">
        <ele>45.0</ele>
      </trkpt>
      <trkpt lat="28.05928" lon="-16.71102">
        <ele>43.7</ele>
      </trkpt>
      <trkpt lat="28.0591" lon="-16.71107">
        <ele>42.3</ele>
      </trkpt>
      <trkpt lat="28.05888" lon="-16.71112">
        <ele>41.0</ele>
      </trkpt>
      <trkpt lat="28.05871" lon="-16.71116">
        <ele>40.0</ele>
      </trkpt>
      <trkpt lat="28.05845" lon="-16.71122">
        <ele>38.3</ele>
      </trkpt>
      <trkpt lat="28.05836" lon="-16.71125">
        <ele>37.6</ele>
      </trkpt>
      <trkpt lat="28.05801" lon="-16.71135">
        <ele>36.1</ele>
      </trkpt>
      <trkpt lat="28.05763" lon="-16.711459">
        <ele>34.7</ele>
      </trkpt>
      <trkpt lat="28.05736" lon="-16.711549">
        <ele>33.7</ele>
      </trkpt>
      <trkpt lat="28.05734" lon="-16.711559">
        <ele>33.6</ele>
      </trkpt>
      <trkpt lat="28.05718" lon="-16.71161">
        <ele>33.0</ele>
      </trkpt>
      <trkpt lat="28.05717" lon="-16.71161">
        <ele>33.0</ele>
      </trkpt>
      <trkpt lat="28.05702" lon="-16.711659">
        <ele>32.5</ele>
      </trkpt>
      <trkpt lat="28.05685" lon="-16.71171">
        <ele>32.1</ele>
      </trkpt>
      <trkpt lat="28.05676" lon="-16.711739">
        <ele>31.8</ele>
      </trkpt>
      <trkpt lat="28.05633" lon="-16.711849">
        <ele>30.1</ele>
      </trkpt>
      <trkpt lat="28.05633" lon="-16.711849">
        <ele>30.1</ele>
      </trkpt>
      <trkpt lat="28.05621" lon="-16.71188">
        <ele>29.6</ele>
      </trkpt>
      <trkpt lat="28.056" lon="-16.711939">
        <ele>28.6</ele>
      </trkpt>
      <trkpt lat="28.05588" lon="-16.71201">
        <ele>27.9</ele>
      </trkpt>
      <trkpt lat="28.05588" lon="-16.71201">
        <ele>27.9</ele>
      </trkpt>
      <trkpt lat="28.05588" lon="-16.712029">
        <ele>27.9</ele>
      </trkpt>
      <trkpt lat="28.05587" lon="-16.71208">
        <ele>27.6</ele>
      </trkpt>
      <trkpt lat="28.05586" lon="-16.712129">
        <ele>27.4</ele>
      </trkpt>
      <trkpt lat="28.05584" lon="-16.71218">
        <ele>27.2</ele>
      </trkpt>
      <trkpt lat="28.05581" lon="-16.712219">
        <ele>27.0</ele>
      </trkpt>
      <trkpt lat="28.05578" lon="-16.71226">
        <ele>26.8</ele>
      </trkpt>
      <trkpt lat="28.05575" lon="-16.71229">
        <ele>26.7</ele>
      </trkpt>
      <trkpt lat="28.0557" lon="-16.712319">
        <ele>26.5</ele>
      </trkpt>
      <trkpt lat="28.05565" lon="-16.71234">
        <ele>26.4</ele>
      </trkpt>
      <trkpt lat="28.05565" lon="-16.71235">
        <ele>26.4</ele>
      </trkpt>
      <trkpt lat="28.05561" lon="-16.71236">
        <ele>26.3</ele>
      </trkpt>
      <trkpt lat="28.05556" lon="-16.71236">
        <ele>26.2</ele>
      </trkpt>
      <trkpt lat="28.05552" lon="-16.71236">
        <ele>26.2</ele>
      </trkpt>
      <trkpt lat="28.05547" lon="-16.71235">
        <ele>26.2</ele>
      </trkpt>
      <trkpt lat="28.05543" lon="-16.71233">
        <ele>26.2</ele>
      </trkpt>
      <trkpt lat="28.05539" lon="-16.712309">
        <ele>26.3</ele>
      </trkpt>
      <trkpt lat="28.05535" lon="-16.71228">
        <ele>26.4</ele>
      </trkpt>
      <trkpt lat="28.05532" lon="-16.71224">
        <ele>26.5</ele>
      </trkpt>
      <trkpt lat="28.05531" lon="-16.71223">
        <ele>26.5</ele>
      </trkpt>
      <trkpt lat="28.05529" lon="-16.7122">
        <ele>26.7</ele>
      </trkpt>
      <trkpt lat="28.05527" lon="-16.71216">
        <ele>26.8</ele>
      </trkpt>
      <trkpt lat="28.05525" lon="-16.7121">
        <ele>27.1</ele>
      </trkpt>
      <trkpt lat="28.05524" lon="-16.71206">
        <ele>27.2</ele>
      </trkpt>
      <trkpt lat="28.05524" lon="-16.71201">
        <ele>27.5</ele>
      </trkpt>
      <trkpt lat="28.05524" lon="-16.71196">
        <ele>27.7</ele>
      </trkpt>
      <trkpt lat="28.05525" lon="-16.7119">
        <ele>28.0</ele>
      </trkpt>
      <trkpt lat="28.05526" lon="-16.71186">
        <ele>28.1</ele>
      </trkpt>
      <trkpt lat="28.05529" lon="-16.71181">
        <ele>28.4</ele>
      </trkpt>
      <trkpt lat="28.05531" lon="-16.71177">
        <ele>28.6</ele>
      </trkpt>
      <trkpt lat="28.05534" lon="-16.71173">
        <ele>28.7</ele>
      </trkpt>
      <trkpt lat="28.05538" lon="-16.7117">
        <ele>28.9</ele>
      </trkpt>
      <trkpt lat="28.05542" lon="-16.71167">
        <ele>29.0</ele>
      </trkpt>
      <trkpt lat="28.05546" lon="-16.711649">
        <ele>29.1</ele>
      </trkpt>
      <trkpt lat="28.05547" lon="-16.711649">
        <ele>29.1</ele>
      </trkpt>
      <trkpt lat="28.05546" lon="-16.71153">
        <ele>29.8</ele>
      </trkpt>
      <trkpt lat="28.05545" lon="-16.711469">
        <ele>30.1</ele>
      </trkpt>
      <trkpt lat="28.05544" lon="-16.71142">
        <ele>30.4</ele>
      </trkpt>
      <trkpt lat="28.05542" lon="-16.71134">
        <ele>30.8</ele>
      </trkpt>
      <trkpt lat="28.0554" lon="-16.71125">
        <ele>31.2</ele>
      </trkpt>
      <trkpt lat="28.05538" lon="-16.71116">
        <ele>31.7</ele>
      </trkpt>
      <trkpt lat="28.05519" lon="-16.71042">
        <ele>32.9</ele>
      </trkpt>
      <trkpt lat="28.05514" lon="-16.71022">
        <ele>32.8</ele>
      </trkpt>
      <trkpt lat="28.05499" lon="-16.70964">
        <ele>33.7</ele>
      </trkpt>
      <trkpt lat="28.0549" lon="-16.709299">
        <ele>35.5</ele>
      </trkpt>
      <trkpt lat="28.05487" lon="-16.70917">
        <ele>36.1</ele>
      </trkpt>
      <trkpt lat="28.05478" lon="-16.70878">
        <ele>39.7</ele>
      </trkpt>
      <trkpt lat="28.05467" lon="-16.708379">
        <ele>42.7</ele>
      </trkpt>
      <trkpt lat="28.05467" lon="-16.708379">
        <ele>42.7</ele>
      </trkpt>
      <trkpt lat="28.05466" lon="-16.708379">
        <ele>42.6</ele>
      </trkpt>
      <trkpt lat="28.05465" lon="-16.708379">
        <ele>42.5</ele>
      </trkpt>
      <trkpt lat="28.05464" lon="-16.708379">
        <ele>42.5</ele>
      </trkpt>
      <trkpt lat="28.05464" lon="-16.708369">
        <ele>42.6</ele>
      </trkpt>
      <trkpt lat="28.05463" lon="-16.708369">
        <ele>42.5</ele>
      </trkpt>
      <trkpt lat="28.05463" lon="-16.708359">
        <ele>42.6</ele>
      </trkpt>
      <trkpt lat="28.05462" lon="-16.708359">
        <ele>42.5</ele>
      </trkpt>
      <trkpt lat="28.05462" lon="-16.70835">
        <ele>42.6</ele>
      </trkpt>
      <trkpt lat="28.05461" lon="-16.70835">
        <ele>42.5</ele>
      </trkpt>
      <trkpt lat="28.05461" lon="-16.70834">
        <ele>42.6</ele>
      </trkpt>
      <trkpt lat="28.05461" lon="-16.70833">
        <ele>42.7</ele>
      </trkpt>
      <trkpt lat="28.0546" lon="-16.70833">
        <ele>42.6</ele>
      </trkpt>
      <trkpt lat="28.0546" lon="-16.70832">
        <ele>42.6</ele>
      </trkpt>
      <trkpt lat="28.0546" lon="-16.70831">
        <ele>42.6</ele>
      </trkpt>
      <trkpt lat="28.0546" lon="-16.7083">
        <ele>42.5</ele>
      </trkpt>
      <trkpt lat="28.0546" lon="-16.70829">
        <ele>42.5</ele>
      </trkpt>
      <trkpt lat="28.05459" lon="-16.70829">
        <ele>42.5</ele>
      </trkpt>
      <trkpt lat="28.05459" lon="-16.708279">
        <ele>42.4</ele>
      </trkpt>
      <trkpt lat="28.0546" lon="-16.708269">
        <ele>42.5</ele>
      </trkpt>
      <trkpt lat="28.0546" lon="-16.70826">
        <ele>42.5</ele>
      </trkpt>
      <trkpt lat="28.0546" lon="-16.70825">
        <ele>42.4</ele>
      </trkpt>
      <trkpt lat="28.0546" lon="-16.70824">
        <ele>42.4</ele>
      </trkpt>
      <trkpt lat="28.05461" lon="-16.70824">
        <ele>42.5</ele>
      </trkpt>
      <trkpt lat="28.05461" lon="-16.70823">
        <ele>42.5</ele>
      </trkpt>
      <trkpt lat="28.05461" lon="-16.70822">
        <ele>42.5</ele>
      </trkpt>
      <trkpt lat="28.05462" lon="-16.70822">
        <ele>42.5</ele>
      </trkpt>
      <trkpt lat="28.05462" lon="-16.70821">
        <ele>42.5</ele>
      </trkpt>
      <trkpt lat="28.05463" lon="-16.70821">
        <ele>42.6</ele>
      </trkpt>
      <trkpt lat="28.05463" lon="-16.7082">
        <ele>42.5</ele>
      </trkpt>
      <trkpt lat="28.05464" lon="-16.7082">
        <ele>42.6</ele>
      </trkpt>
      <trkpt lat="28.05464" lon="-16.708189">
        <ele>42.6</ele>
      </trkpt>
      <trkpt lat="28.05465" lon="-16.708189">
        <ele>42.6</ele>
      </trkpt>
      <trkpt lat="28.05466" lon="-16.708189">
        <ele>42.7</ele>
      </trkpt>
      <trkpt lat="28.05467" lon="-16.708189">
        <ele>42.7</ele>
      </trkpt>
      <trkpt lat="28.05468" lon="-16.708189">
        <ele>42.8</ele>
      </trkpt>
      <trkpt lat="28.05468" lon="-16.708179">
        <ele>42.8</ele>
      </trkpt>
      <trkpt lat="28.05469" lon="-16.708179">
        <ele>42.8</ele>
      </trkpt>
      <trkpt lat="28.05469" lon="-16.708189">
        <ele>42.9</ele>
      </trkpt>
      <trkpt lat="28.0547" lon="-16.708189">
        <ele>42.9</ele>
      </trkpt>
      <trkpt lat="28.05471" lon="-16.708189">
        <ele>43.0</ele>
      </trkpt>
      <trkpt lat="28.05472" lon="-16.708189">
        <ele>43.0</ele>
      </trkpt>
      <trkpt lat="28.05472" lon="-16.7082">
        <ele>43.1</ele>
      </trkpt>
      <trkpt lat="28.05473" lon="-16.7082">
        <ele>43.1</ele>
      </trkpt>
      <trkpt lat="28.05474" lon="-16.70821">
        <ele>43.2</ele>
      </trkpt>
      <trkpt lat="28.05484" lon="-16.708189">
        <ele>43.7</ele>
      </trkpt>
      <trkpt lat="28.05488" lon="-16.7082">
        <ele>44.0</ele>
      </trkpt>
      <trkpt lat="28.05562" lon="-16.70792">
        <ele>48.1</ele>
      </trkpt>
      <trkpt lat="28.0557" lon="-16.707889">
        <ele>48.6</ele>
      </trkpt>
      <trkpt lat="28.05574" lon="-16.70788">
        <ele>48.8</ele>
      </trkpt>
      <trkpt lat="28.05576" lon="-16.70787">
        <ele>49.0</ele>
      </trkpt>
    </trkseg>
  </trk>
</gpx>
